create table SURVEY (ID integer, PARENT_ID integer, NAME varchar(26), FULL_NAME varchar(38), TITLE varchar(23));
create table CENTRELINE (ID integer, SURVEY_ID integer, TITLE varchar(4), TOPO_DATE date, EXPLO_DATE date, LENGTH real, SURFACE_LENGTH real, DUPLICATE_LENGTH real);
create table PERSON (ID integer, NAME varchar(1), SURNAME varchar(1));
create table EXPLO (PERSON_ID integer, CENTRELINE_ID integer);
create table TOPO (PERSON_ID integer, CENTRELINE_ID integer);
create table STATION (ID integer, NAME varchar(7), SURVEY_ID integer, X real, Y real, Z real);
create table STATION_FLAG (STATION_ID integer, FLAG char(3));
create table SHOT (ID integer, FROM_ID integer, TO_ID integer, CENTRELINE_ID integer, LENGTH real, BEARING real, GRADIENT real, ADJ_LENGTH real, ADJ_BEARING real, ADJ_GRADIENT real, ERR_LENGTH real, ERR_BEARING real, ERR_GRADIENT real);
create table SHOT_FLAG (SHOT_ID integer, FLAG char(3));
create table MAPS (ID integer, SURVEY_ID integer, NAME varchar(26), TITLE varchar(23), PROJID integer, LENGTH real, DEPTH real);
create table SCRAPS (ID integer, SURVEY_ID integer, NAME varchar(26), PROJID integer, MAX_DISTORTION real, AVG_DISTORTION real);
create table MAPITEMS (ID integer, TYPE integer, ITEMID integer);
insert into SURVEY values (1, 0, '', '', NULL);
 insert into CENTRELINE values (2, 1, NULL, NULL, NULL, 0.00, 0.00, 0.00);
 insert into SURVEY values (19, 1, 'Tsanfleuron', 'Tsanfleuron', 'Lapiaz de Tsanfleuron');
 insert into CENTRELINE values (20, 19, NULL, NULL, NULL, 0.00, 0.00, 0.00);
 insert into SURVEY values (21, 19, 'D37_GouffreDuBeutche', 'D37_GouffreDuBeutche.Tsanfleuron', NULL);
 insert into CENTRELINE values (22, 21, NULL, NULL, NULL, 0.00, 0.00, 0.00);
 insert into CENTRELINE values (23, 21, NULL, NULL, NULL, 0.00, 0.00, 0.00);
 insert into CENTRELINE values (24, 21, NULL, '2020-08-11', '2020-08-11', 143.81, 0.00, 0.00);
 insert into SHOT values (1, 2, 3, 24, 3.320, 230.93, 45.10, 3.320, 230.88, 45.05, 0.004, 188.68, -28.41);
insert into SHOT values (2, 3, 4, 24, 3.280, 143.23, 67.40, 3.283, 143.04, 67.36, 0.006, 92.52, 18.67);
insert into SHOT values (3, 5, 6, 24, 14.140, 134.83, 63.30, 14.136, 134.87, 63.31, 0.006, 264.36, -22.23);
insert into SHOT values (4, 4, 7, 24, 4.040, 81.13, -1.40, 4.039, 81.17, -1.42, 0.003, 192.06, -26.89);
insert into SHOT values (5, 7, 8, 24, 1.050, 53.33, 0.60, 1.050, 53.13, 0.55, 0.004, 324.12, -14.94);
insert into SHOT values (6, 8, 9, 24, 5.180, 150.73, 50.20, 5.179, 150.73, 50.22, 0.003, 338.90, 6.12);
insert into SHOT values (7, 9, 10, 24, 6.090, 133.23, 74.60, 6.089, 133.25, 74.57, 0.003, 142.11, -25.37);
insert into SHOT values (8, 10, 11, 24, 2.820, 101.43, 11.40, 2.821, 101.47, 11.45, 0.003, 166.16, 51.56);
insert into SHOT values (9, 11, 12, 24, 0.700, 74.03, 12.90, 0.705, 73.94, 13.11, 0.006, 59.93, 38.94);
insert into SHOT values (10, 12, 13, 24, 6.530, 127.33, -1.70, 6.531, 127.34, -1.75, 0.006, 173.79, -75.77);
insert into SHOT values (11, 13, 14, 24, 6.690, 142.53, 45.00, 6.691, 142.57, 45.11, 0.013, 301.78, 46.74);
insert into SHOT values (12, 14, 15, 24, 3.140, 73.03, 69.00, 3.140, 73.01, 68.92, 0.004, 66.17, -19.63);
insert into SHOT values (13, 15, 16, 24, 3.010, 288.83, 75.00, 3.003, 288.67, 74.93, 0.008, 240.74, -67.67);
insert into SHOT values (14, 16, 17, 24, 4.470, 241.13, 77.50, 4.477, 241.06, 77.47, 0.007, 222.94, 56.11);
insert into SHOT values (15, 17, 18, 24, 15.220, 74.73, 84.20, 15.219, 74.61, 84.17, 0.008, 51.02, -14.65);
insert into SHOT values (16, 18, 19, 24, 1.920, 4.43, 38.80, 1.916, 4.22, 38.77, 0.007, 251.93, -27.29);
insert into SHOT values (17, 20, 21, 24, 19.130, 32.53, 80.60, 19.136, 32.57, 80.61, 0.008, 184.19, 58.96);
insert into SHOT values (18, 19, 22, 24, 4.570, 266.53, 55.00, 4.572, 266.49, 55.11, 0.009, 103.23, 44.35);
insert into SHOT values (19, 23, 24, 24, 6.330, 319.13, -88.10, 6.334, 318.81, -88.08, 0.005, 295.63, -49.48);
insert into SHOT values (20, 22, 25, 24, 1.280, 93.73, 33.40, 1.272, 93.78, 33.38, 0.008, 266.27, -36.01);
insert into SHOT values (21, 25, 26, 24, 8.800, 199.93, 86.40, 8.797, 199.09, 86.41, 0.009, 93.74, -17.41);
insert into SHOT values (22, 26, 27, 24, 12.890, 276.53, 88.40, 12.895, 276.34, 88.39, 0.006, 248.56, 62.57);
insert into SHOT values (23, 27, 28, 24, 4.800, 48.23, 69.70, 4.798, 48.17, 69.70, 0.003, 290.00, -40.04);
insert into SHOT values (24, 28, 1, 24, 4.410, 310.63, 88.80, 4.411, 310.60, 88.80, 0.001, 148.62, 80.09);
insert into CENTRELINE values (25, 21, NULL, '2020-08-24', '2020-08-24', 90.95, 0.00, 0.00);
 insert into SHOT values (25, 29, 30, 25, 2.590, 291.54, -16.10, 2.585, 291.50, -16.17, 0.006, 126.33, -16.75);
insert into SHOT values (26, 30, 31, 25, 1.200, 352.14, -32.40, 1.204, 352.11, -32.11, 0.007, 347.80, 24.78);
insert into SHOT values (27, 31, 32, 25, 5.380, 275.64, -69.30, 5.376, 275.44, -69.32, 0.008, 159.68, 20.47);
insert into SHOT values (28, 32, 33, 25, 3.380, 282.74, -62.80, 3.385, 282.69, -62.79, 0.005, 258.72, -50.77);
insert into SHOT values (29, 33, 34, 25, 5.150, 289.74, -24.50, 5.149, 289.83, -24.44, 0.009, 7.77, 36.79);
insert into SHOT values (30, 34, 35, 25, 2.240, 229.74, -64.60, 2.247, 229.21, -64.59, 0.012, 160.62, -34.35);
insert into SHOT values (31, 35, 36, 25, 8.700, 323.74, -79.70, 8.701, 323.86, -79.67, 0.006, 1.40, -2.00);
insert into SHOT values (32, 36, 37, 25, 3.130, 165.64, -17.50, 3.128, 165.64, -17.49, 0.002, 342.68, 32.47);
insert into SHOT values (33, 38, 39, 25, 5.330, 231.04, -18.10, 5.334, 231.00, -18.13, 0.006, 190.78, -43.99);
insert into SHOT values (34, 39, 40, 25, 1.140, 323.14, -21.10, 1.140, 323.02, -21.07, 0.002, 244.75, 10.45);
insert into SHOT values (35, 40, 41, 25, 14.030, 293.64, -71.80, 14.031, 293.70, -71.81, 0.006, 54.86, -19.14);
insert into SHOT values (36, 41, 42, 25, 3.580, 80.54, -68.80, 3.579, 80.61, -68.92, 0.008, 247.65, -16.78);
insert into SHOT values (37, 42, 43, 25, 7.960, 157.34, -44.90, 7.961, 157.26, -44.91, 0.008, 67.94, -9.03);
insert into SHOT values (38, 43, 44, 25, 7.010, 96.64, -13.70, 7.006, 96.67, -13.71, 0.006, 238.82, 2.34);
insert into SHOT values (39, 44, 45, 25, 3.060, 103.24, -29.70, 3.059, 103.25, -29.57, 0.007, 118.75, 64.13);
insert into SHOT values (40, 46, 47, 25, 7.070, 131.74, 67.90, 7.068, 131.79, 67.93, 0.005, 278.05, -6.45);
insert into SHOT values (41, 48, 49, 25, 10.000, 59.94, 0.00, 9.996, 59.92, 0.00, 0.005, 273.70, 0.00);
insert into CENTRELINE values (26, 21, NULL, '2020-09-30', '2020-09-30', 176.98, 0.00, 0.00);
 insert into SHOT values (42, 50, 51, 26, 3.700, 71.05, -9.80, 3.703, 70.97, -9.79, 0.006, 16.36, -2.16);
insert into SHOT values (43, 51, 52, 26, 2.360, 14.45, -1.30, 2.356, 14.51, -1.22, 0.006, 163.56, 35.30);
insert into SHOT values (44, 52, 53, 26, 5.620, 55.75, -0.30, 5.614, 55.74, -0.31, 0.006, 237.61, -5.39);
insert into SHOT values (45, 53, 54, 26, 6.490, 81.85, -22.90, 6.494, 81.83, -22.93, 0.005, 43.92, -58.49);
insert into SHOT values (46, 54, 55, 26, 8.090, 122.65, -20.90, 8.085, 122.62, -20.94, 0.009, 331.66, -26.76);
insert into SHOT values (47, 55, 56, 26, 2.550, 56.55, -4.10, 2.555, 56.68, -4.04, 0.009, 105.14, 15.79);
insert into SHOT values (48, 56, 57, 26, 4.140, 28.65, -1.00, 4.135, 28.61, -0.97, 0.006, 238.29, 23.60);
insert into SHOT values (49, 57, 58, 26, 6.030, 68.15, -5.90, 6.032, 68.18, -5.90, 0.004, 132.56, -2.27);
insert into SHOT values (50, 58, 59, 26, 14.090, 41.95, 4.40, 14.090, 41.94, 4.40, 0.001, 340.12, -40.66);
insert into SHOT values (51, 59, 60, 26, 5.070, 74.45, 12.70, 5.068, 74.39, 12.77, 0.008, 307.79, 41.38);
insert into SHOT values (52, 60, 61, 26, 3.590, 100.15, -0.40, 3.596, 100.09, -0.48, 0.008, 69.10, -36.54);
insert into SHOT values (53, 61, 62, 26, 2.750, 77.45, -6.80, 2.745, 77.49, -6.91, 0.008, 236.57, -34.31);
insert into SHOT values (54, 62, 63, 26, 3.540, 126.45, -18.30, 3.539, 126.53, -18.28, 0.005, 227.03, 17.20);
insert into SHOT values (55, 63, 64, 26, 4.730, 83.95, 0.80, 4.737, 83.94, 0.85, 0.008, 80.21, 29.70);
insert into SHOT values (56, 64, 65, 26, 5.220, 64.55, 27.60, 5.216, 64.49, 27.64, 0.007, 284.56, 12.55);
insert into SHOT values (57, 65, 66, 26, 2.710, 351.95, 11.80, 2.712, 351.99, 11.70, 0.006, 25.97, -47.59);
insert into SHOT values (58, 66, 67, 26, 6.560, 110.45, -16.70, 6.563, 110.48, -16.65, 0.008, 153.78, 41.79);
insert into SHOT values (59, 67, 68, 26, 3.500, 116.75, 4.40, 3.503, 116.71, 4.42, 0.004, 82.65, 21.84);
insert into SHOT values (60, 68, 69, 26, 4.920, 73.15, 0.80, 4.923, 73.11, 0.70, 0.010, 26.19, -64.94);
insert into SHOT values (61, 69, 70, 26, 4.680, 137.65, -10.90, 4.678, 137.73, -10.84, 0.009, 237.34, 34.48);
insert into SHOT values (62, 70, 71, 26, 9.010, 70.55, -10.40, 9.014, 70.56, -10.42, 0.006, 110.83, -39.68);
insert into SHOT values (63, 71, 72, 26, 4.350, 79.05, -5.40, 4.350, 78.95, -5.41, 0.007, 345.80, -4.93);
insert into SHOT values (64, 72, 73, 26, 4.130, 170.45, -25.60, 4.135, 170.44, -25.50, 0.009, 165.81, 31.67);
insert into SHOT values (65, 73, 74, 26, 2.820, 182.75, -11.10, 2.816, 182.90, -11.06, 0.009, 298.69, 18.96);
insert into SHOT values (66, 74, 75, 26, 5.060, 74.65, -6.60, 5.064, 74.66, -6.69, 0.009, 107.62, -69.87);
insert into SHOT values (67, 75, 76, 26, 3.080, 34.95, -16.50, 3.077, 34.93, -16.42, 0.005, 246.30, 70.14);
insert into SHOT values (68, 76, 77, 26, 7.330, 31.85, 7.80, 7.334, 31.90, 7.76, 0.010, 83.16, -30.08);
insert into SHOT values (69, 77, 78, 26, 5.070, 56.95, -7.20, 5.062, 56.94, -7.15, 0.009, 239.23, 38.21);
insert into SHOT values (70, 78, 79, 26, 2.600, 64.15, -5.10, 2.600, 64.13, -5.08, 0.001, 323.74, 53.38);
insert into SHOT values (71, 79, 80, 26, 3.530, 57.25, -1.20, 3.532, 57.26, -1.30, 0.006, 73.72, -71.74);
insert into SHOT values (72, 80, 81, 26, 4.400, 92.85, -23.60, 4.402, 92.84, -23.57, 0.003, 86.51, 27.25);
insert into SHOT values (73, 81, 82, 26, 2.910, 32.95, 4.20, 2.915, 32.92, 4.33, 0.008, 20.13, 54.95);
insert into SHOT values (74, 82, 83, 26, 5.040, 70.95, 4.00, 5.037, 70.95, 3.98, 0.003, 238.87, -30.84);
insert into SHOT values (75, 83, 84, 26, 3.980, 38.75, 18.40, 3.972, 38.75, 18.34, 0.009, 213.56, -43.97);
insert into SHOT values (76, 84, 85, 26, 7.350, 323.85, 16.60, 7.349, 323.89, 16.60, 0.006, 63.69, 1.78);
insert into SHOT values (77, 85, 86, 26, 5.980, 50.55, -7.90, 5.975, 50.55, -7.89, 0.006, 221.51, 19.79);
insert into SURVEY values (28, 19, 'D18_GouffreAuFilet', 'D18_GouffreAuFilet.Tsanfleuron', NULL);
 insert into CENTRELINE values (29, 28, NULL, NULL, NULL, 0.00, 0.00, 0.00);
 insert into CENTRELINE values (30, 28, NULL, NULL, NULL, 0.00, 0.00, 0.00);
 insert into CENTRELINE values (31, 28, NULL, NULL, NULL, 70.53, 0.00, 0.00);
 insert into SHOT values (78, 88, 89, 31, 4.820, 264.73, -0.20, 4.821, 264.64, -0.12, 0.010, 183.17, 43.07);
insert into SHOT values (79, 89, 90, 31, 4.140, 225.43, -33.90, 4.141, 225.47, -33.91, 0.003, 306.23, -20.33);
insert into SHOT values (80, 90, 91, 31, 4.530, 253.03, 19.90, 4.534, 253.09, 19.86, 0.007, 298.41, -15.81);
insert into SHOT values (81, 91, 92, 31, 3.910, 306.63, 17.00, 3.908, 306.62, 16.96, 0.003, 143.99, -69.75);
insert into SHOT values (82, 92, 93, 31, 18.800, 76.73, 82.80, 18.799, 76.79, 82.78, 0.007, 97.35, -14.68);
insert into SHOT values (83, 93, 94, 31, 8.430, 211.13, 89.40, 8.431, 212.01, 89.36, 0.006, 224.53, 4.25);
insert into SHOT values (84, 94, 87, 31, 25.900, 34.93, 84.20, 25.903, 34.90, 84.19, 0.005, 18.20, 30.64);
insert into SURVEY values (33, 19, 'Edelweiss_Provisoire', 'Edelweiss_Provisoire.Tsanfleuron', NULL);
 insert into CENTRELINE values (34, 33, NULL, NULL, NULL, 0.00, 0.00, 0.00);
 insert into CENTRELINE values (35, 33, NULL, NULL, NULL, 0.00, 0.00, 0.00);
 insert into CENTRELINE values (36, 33, NULL, '2022-07-31', '2022-07-31', 15.00, 0.00, 0.00);
 insert into SHOT values (85, 95, 96, 36, 15.000, 115.64, -65.00, 14.997, 115.60, -64.98, 0.007, 57.76, 38.19);
insert into SURVEY values (38, 19, 'G10', 'G10.Tsanfleuron', NULL);
 insert into CENTRELINE values (39, 38, NULL, NULL, NULL, 0.00, 0.00, 0.00);
 insert into CENTRELINE values (40, 38, NULL, NULL, NULL, 0.00, 0.00, 0.00);
 insert into CENTRELINE values (41, 38, NULL, NULL, NULL, 109.13, 0.00, 0.00);
 insert into SHOT values (86, 97, 98, 41, 3.120, 159.03, -29.00, 3.121, 158.98, -28.93, 0.005, 119.36, 33.63);
insert into SHOT values (87, 98, 99, 41, 14.210, 128.03, -29.00, 14.207, 128.00, -29.01, 0.007, 2.86, -7.18);
insert into SHOT values (88, 99, 100, 41, 21.440, 54.03, 2.00, 21.436, 54.04, 2.01, 0.006, 194.15, 17.62);
insert into SHOT values (89, 100, 101, 41, 12.150, 55.03, 1.00, 12.144, 55.03, 0.99, 0.006, 240.97, -20.33);
insert into SHOT values (90, 101, 102, 41, 5.770, 83.03, -14.00, 5.774, 83.03, -14.03, 0.005, 77.54, -55.41);
insert into SHOT values (91, 102, 103, 41, 9.280, 65.03, -5.00, 9.283, 64.99, -5.01, 0.008, 355.55, -9.13);
insert into SHOT values (92, 103, 104, 41, 5.810, 87.03, -16.00, 5.812, 87.13, -15.98, 0.010, 164.66, 8.50);
insert into SHOT values (93, 104, 105, 41, 5.320, 82.03, -14.00, 5.317, 81.98, -13.93, 0.008, 333.67, 55.86);
insert into SHOT values (94, 104, 106, 41, 10.880, 138.03, -30.00, 10.876, 138.01, -30.01, 0.006, 348.45, -0.00);
insert into SHOT values (95, 100, 107, 41, 6.240, 126.03, -28.00, 6.236, 126.06, -28.03, 0.006, 277.96, -4.98);
insert into SHOT values (96, 107, 108, 41, 11.440, 94.03, -19.00, 11.442, 94.03, -19.03, 0.006, 4.00, -88.04);
insert into SHOT values (97, 108, 109, 41, 3.470, 132.03, -29.00, 3.471, 131.93, -28.94, 0.006, 71.06, 20.90);
insert into SURVEY values (43, 19, 'G16_GouffreDuCriquetEnrage', 'G16_GouffreDuCriquetEnrage.Tsanfleuron', NULL);
 insert into CENTRELINE values (44, 43, NULL, NULL, NULL, 0.00, 0.00, 0.00);
 insert into CENTRELINE values (45, 43, NULL, NULL, NULL, 0.00, 0.00, 0.00);
 insert into CENTRELINE values (46, 43, NULL, NULL, NULL, 541.69, 0.00, 0.00);
 insert into SHOT values (98, 110, 111, 46, 3.900, 329.53, -32.40, 3.902, 329.54, -32.39, 0.002, 353.23, -8.26);
insert into SHOT values (99, 111, 112, 46, 2.000, 327.73, -30.60, 1.997, 327.61, -30.71, 0.006, 188.98, -18.73);
insert into SHOT values (100, 112, 113, 46, 5.300, 354.73, -29.70, 5.302, 354.77, -29.62, 0.009, 26.51, 42.89);
insert into SHOT values (101, 113, 114, 46, 3.100, 307.93, -43.20, 3.104, 307.99, -43.32, 0.008, 69.75, -71.74);
insert into SHOT values (102, 114, 115, 46, 3.500, 54.13, -11.70, 3.495, 54.03, -11.72, 0.008, 283.81, -1.86);
insert into SHOT values (103, 115, 116, 46, 3.050, 28.93, -7.20, 3.045, 29.11, -7.17, 0.011, 143.28, 12.28);
insert into SHOT values (104, 116, 117, 46, 1.100, 29.83, -37.80, 1.101, 29.50, -37.50, 0.008, 338.58, 33.12);
insert into SHOT values (105, 117, 118, 46, 2.550, 340.33, -22.50, 2.552, 340.41, -22.58, 0.005, 62.20, -50.81);
insert into SHOT values (106, 118, 119, 46, 2.200, 24.43, -36.00, 2.196, 24.26, -35.98, 0.007, 265.47, 27.04);
insert into SHOT values (107, 119, 120, 46, 8.100, 166.63, -66.60, 8.097, 166.53, -66.58, 0.007, 92.70, 31.85);
insert into SHOT values (108, 120, 121, 46, 1.900, 156.73, -77.40, 1.905, 157.17, -77.50, 0.007, 281.42, -56.45);
insert into SHOT values (109, 121, 122, 46, 2.700, 234.13, 0.00, 2.706, 234.02, 0.00, 0.008, 194.54, 0.00);
insert into SHOT values (110, 122, 123, 46, 2.100, 234.13, -90.00, 2.100, 90.00, -90.00, 0.000, 234.13, -88.85);
insert into SHOT values (111, 123, 124, 46, 6.700, 234.13, -90.00, 6.700, 90.00, -90.00, 0.000, 234.13, 82.68);
insert into SHOT values (112, 124, 125, 46, 1.800, 74.83, 0.00, 1.805, 74.58, 0.00, 0.009, 16.89, 0.00);
insert into SHOT values (113, 125, 126, 46, 1.950, 37.03, -32.40, 1.944, 37.08, -32.35, 0.007, 199.35, 46.29);
insert into SHOT values (114, 126, 127, 46, 1.880, 130.63, -46.80, 1.882, 130.60, -46.71, 0.004, 120.94, 6.84);
insert into SHOT values (115, 127, 128, 46, 8.550, 127.03, -70.20, 8.554, 126.99, -70.24, 0.007, 333.37, -49.38);
insert into SHOT values (116, 128, 129, 46, 5.000, 74.83, -71.10, 4.998, 74.93, -71.14, 0.005, 219.52, 4.93);
insert into SHOT values (117, 129, 130, 46, 16.900, 167.53, -71.10, 16.899, 167.54, -71.12, 0.006, 338.10, -11.97);
insert into SHOT values (118, 130, 131, 46, 5.200, 113.53, -26.10, 5.210, 113.55, -26.07, 0.011, 123.73, -12.71);
insert into SHOT values (119, 131, 132, 46, 3.100, 50.53, -43.20, 3.098, 50.39, -43.19, 0.006, 308.07, 20.26);
insert into SHOT values (120, 132, 133, 46, 6.750, 145.03, -36.90, 6.751, 145.10, -36.86, 0.008, 209.40, 20.24);
insert into SHOT values (121, 133, 134, 46, 5.050, 149.53, -40.50, 5.045, 149.42, -40.55, 0.010, 15.85, -1.63);
insert into SHOT values (122, 134, 135, 46, 1.850, 106.33, -20.70, 1.849, 106.45, -20.58, 0.005, 192.49, 48.31);
insert into SHOT values (123, 135, 136, 46, 3.900, 143.23, -15.30, 3.897, 143.22, -15.33, 0.004, 331.57, -13.22);
insert into SHOT values (124, 136, 137, 46, 2.300, 39.73, -21.60, 2.300, 39.87, -21.69, 0.007, 145.86, -30.62);
insert into SHOT values (125, 137, 138, 46, 3.100, 147.73, -9.90, 3.097, 147.72, -9.85, 0.004, 347.56, 53.57);
insert into SHOT values (126, 138, 139, 46, 3.700, 71.23, -16.20, 3.706, 71.31, -16.30, 0.010, 119.15, -48.98);
insert into SHOT values (127, 139, 140, 46, 2.700, 0.13, -90.00, 2.700, 90.00, -90.00, 0.000, 0.13, 87.04);
insert into SHOT values (128, 140, 141, 46, 4.350, 155.83, -10.80, 4.351, 155.83, -10.73, 0.005, 164.30, 71.56);
insert into SHOT values (129, 141, 142, 46, 3.250, 235.93, -36.90, 3.251, 236.13, -36.85, 0.009, 309.89, 8.36);
insert into SHOT values (130, 142, 143, 46, 6.450, 160.33, -70.20, 6.453, 160.24, -70.17, 0.005, 119.95, -14.04);
insert into SHOT values (131, 143, 144, 46, 3.800, 245.83, -26.10, 3.806, 245.83, -26.03, 0.007, 247.43, 13.79);
insert into SHOT values (132, 144, 145, 46, 3.650, 148.63, -25.20, 3.653, 148.62, -25.28, 0.006, 100.62, -82.34);
insert into SHOT values (133, 145, 146, 46, 2.600, 165.73, -26.10, 2.597, 165.61, -26.04, 0.007, 57.69, 35.97);
insert into SHOT values (134, 146, 147, 46, 1.250, 181.93, -36.00, 1.252, 181.70, -36.22, 0.007, 80.25, -51.99);
insert into SHOT values (135, 147, 148, 46, 2.660, 153.13, -27.00, 2.661, 153.22, -26.81, 0.010, 191.65, 52.08);
insert into SHOT values (136, 148, 149, 46, 1.400, 141.43, -40.50, 1.397, 141.51, -40.63, 0.004, 302.01, -9.97);
insert into SHOT values (137, 149, 150, 46, 5.350, 191.83, -50.40, 5.350, 191.84, -50.37, 0.003, 201.58, 43.33);
insert into SHOT values (138, 150, 151, 46, 5.100, 177.43, -26.10, 5.098, 177.37, -26.19, 0.009, 41.00, -41.76);
insert into SHOT values (139, 151, 152, 46, 4.350, 203.53, -56.70, 4.347, 203.67, -56.63, 0.009, 267.10, 41.34);
insert into SHOT values (140, 152, 153, 46, 5.050, 219.73, -43.20, 5.050, 219.71, -43.25, 0.004, 68.82, -43.60);
insert into SHOT values (141, 153, 154, 46, 14.600, 157.63, -51.30, 14.595, 157.65, -51.30, 0.006, 290.61, 43.69);
insert into SHOT values (142, 154, 155, 46, 2.200, 260.23, -19.80, 2.201, 260.26, -19.92, 0.005, 356.22, -75.25);
insert into SHOT values (143, 155, 156, 46, 1.500, 297.13, -18.90, 1.496, 296.93, -19.12, 0.009, 157.29, -28.06);
insert into SHOT values (144, 156, 157, 46, 3.050, 246.73, -15.30, 3.046, 246.75, -15.23, 0.006, 49.11, 54.59);
insert into SHOT values (145, 157, 158, 46, 3.700, 308.83, -22.50, 3.698, 308.82, -22.58, 0.006, 138.80, -42.45);
insert into SHOT values (146, 158, 159, 46, 2.300, 328.63, -16.20, 2.303, 328.68, -16.13, 0.005, 356.63, 21.85);
insert into SHOT values (147, 159, 160, 46, 2.900, 237.73, -2.70, 2.903, 237.68, -2.76, 0.005, 190.91, -44.56);
insert into SHOT values (148, 160, 161, 46, 2.250, 308.83, -12.60, 2.251, 308.90, -12.57, 0.003, 9.92, 14.21);
insert into SHOT values (149, 161, 162, 46, 4.700, 311.53, -16.20, 4.699, 311.50, -16.19, 0.003, 207.16, 24.77);
insert into SHOT values (150, 162, 163, 46, 5.050, 12.73, -7.20, 5.052, 12.68, -7.16, 0.006, 306.44, 30.36);
insert into SHOT values (151, 163, 164, 46, 4.300, 76.63, -1.80, 4.298, 76.68, -1.87, 0.006, 199.97, -50.41);
insert into SHOT values (152, 164, 165, 46, 7.250, 80.23, -0.90, 7.256, 80.24, -0.87, 0.007, 91.19, 32.75);
insert into SHOT values (153, 165, 166, 46, 3.800, 40.63, 3.60, 3.802, 40.62, 3.62, 0.002, 13.77, 37.68);
insert into SHOT values (154, 166, 167, 46, 1.500, 25.33, 20.70, 1.501, 25.29, 20.67, 0.002, 349.61, -6.86);
insert into SHOT values (155, 167, 168, 46, 4.600, 73.93, -5.40, 4.600, 73.90, -5.36, 0.004, 344.70, 50.33);
insert into SHOT values (156, 168, 169, 46, 3.050, 53.23, -12.60, 3.047, 53.21, -12.70, 0.007, 247.81, -44.81);
insert into SHOT values (157, 169, 170, 46, 0.400, 352.03, 0.00, 0.403, 352.87, 0.00, 0.007, 54.72, 0.00);
insert into SHOT values (158, 170, 171, 46, 3.600, 47.83, 9.90, 3.593, 47.75, 9.94, 0.009, 264.52, 7.10);
insert into SHOT values (159, 171, 172, 46, 3.950, 57.73, -6.30, 3.947, 57.81, -6.26, 0.007, 177.41, 29.05);
insert into SHOT values (160, 172, 173, 46, 5.600, 83.83, -4.50, 5.600, 83.83, -4.51, 0.001, 266.37, -57.60);
insert into SHOT values (161, 173, 174, 46, 3.350, 58.63, -2.70, 3.352, 58.68, -2.74, 0.004, 124.21, -32.33);
insert into SHOT values (162, 174, 175, 46, 3.050, 59.53, -7.20, 3.054, 59.46, -7.15, 0.006, 19.26, 20.98);
insert into SHOT values (163, 175, 176, 46, 2.600, 69.43, -4.50, 2.603, 69.47, -4.63, 0.007, 102.04, -60.89);
insert into SHOT values (164, 176, 177, 46, 3.750, 82.93, -12.60, 3.746, 82.93, -12.49, 0.008, 256.68, 76.61);
insert into SHOT values (165, 177, 178, 46, 6.050, 29.83, -12.60, 6.050, 29.87, -12.60, 0.004, 123.47, -3.67);
insert into SHOT values (166, 178, 179, 46, 2.500, 120.73, 0.90, 2.494, 120.88, 0.92, 0.009, 252.90, 4.60);
insert into SHOT values (167, 179, 180, 46, 3.300, 178.33, -2.70, 3.295, 178.26, -2.78, 0.008, 38.56, -35.77);
insert into SHOT values (168, 180, 181, 46, 7.000, 166.63, -0.90, 7.001, 166.62, -0.90, 0.002, 110.11, -1.71);
insert into SHOT values (169, 181, 182, 46, 3.100, 126.13, 10.80, 3.103, 126.19, 10.77, 0.005, 173.27, -10.88);
insert into SHOT values (170, 182, 183, 46, 5.250, 181.93, -2.70, 5.249, 181.97, -2.73, 0.004, 289.48, -36.86);
insert into SHOT values (171, 183, 184, 46, 3.400, 140.53, 0.00, 3.396, 140.50, 0.00, 0.005, 344.49, 0.00);
insert into SHOT values (172, 184, 185, 46, 3.450, 103.63, -8.10, 3.451, 103.71, -8.00, 0.008, 173.21, 49.87);
insert into SHOT values (173, 185, 186, 46, 1.700, 143.23, -2.70, 1.702, 143.13, -2.69, 0.004, 85.68, 1.32);
insert into SHOT values (174, 186, 187, 46, 5.700, 171.13, -58.50, 5.699, 171.11, -58.52, 0.003, 16.47, 1.02);
insert into SHOT values (175, 187, 188, 46, 3.200, 107.23, -24.30, 3.195, 107.19, -24.40, 0.008, 304.74, -24.80);
insert into SHOT values (176, 188, 189, 46, 6.200, 171.13, -55.80, 6.206, 171.10, -55.76, 0.008, 158.59, -16.13);
insert into SHOT values (177, 189, 190, 46, 3.700, 259.33, 4.50, 3.695, 259.36, 4.50, 0.006, 58.52, -3.03);
insert into SHOT values (178, 190, 191, 46, 1.500, 196.33, -7.20, 1.502, 196.37, -7.27, 0.003, 220.14, -39.37);
insert into SHOT values (179, 191, 192, 46, 12.700, 193.63, -52.20, 12.694, 193.68, -52.20, 0.009, 309.49, 33.88);
insert into SHOT values (180, 192, 193, 46, 4.150, 267.43, -25.20, 4.150, 267.40, -25.24, 0.004, 142.31, -55.75);
insert into SHOT values (181, 193, 194, 46, 1.800, 333.13, 0.00, 1.802, 333.29, 0.00, 0.006, 39.23, 0.00);
insert into SHOT values (182, 194, 195, 46, 3.300, 243.13, -14.40, 3.301, 243.03, -14.38, 0.006, 167.08, 7.01);
insert into SHOT values (183, 196, 197, 46, 3.480, 16.33, -14.00, 3.479, 16.34, -13.97, 0.002, 120.00, 71.60);
insert into SHOT values (184, 197, 198, 46, 4.670, 53.23, -2.00, 4.669, 53.28, -1.96, 0.005, 159.76, 34.96);
insert into SHOT values (185, 198, 199, 46, 3.370, 47.38, -5.00, 3.375, 47.29, -5.10, 0.009, 356.62, -41.78);
insert into SHOT values (186, 199, 200, 46, 3.230, 63.13, -9.00, 3.223, 63.11, -8.92, 0.008, 252.01, 40.92);
insert into SHOT values (187, 200, 201, 46, 8.630, 55.03, -4.00, 8.632, 55.07, -3.99, 0.007, 128.54, 11.61);
insert into SHOT values (188, 201, 202, 46, 7.270, 21.28, -1.00, 7.273, 21.20, -1.02, 0.011, 309.75, -17.19);
insert into SHOT values (189, 202, 203, 46, 8.270, 62.23, 3.00, 8.273, 62.23, 2.98, 0.004, 50.23, -36.21);
insert into SHOT values (190, 203, 204, 46, 9.200, 30.28, -2.00, 9.202, 30.30, -1.99, 0.004, 90.41, 10.84);
insert into SHOT values (191, 204, 205, 46, 7.040, 73.03, -1.00, 7.036, 73.06, -0.98, 0.006, 208.68, 28.35);
insert into SHOT values (192, 205, 206, 46, 9.910, 48.28, -5.00, 9.912, 48.28, -5.04, 0.006, 84.69, -76.78);
insert into SHOT values (193, 206, 207, 46, 8.370, 69.43, -2.00, 8.369, 69.42, -1.99, 0.003, 301.48, 44.16);
insert into SHOT values (194, 207, 208, 46, 13.750, 60.43, -0.30, 13.748, 60.45, -0.29, 0.006, 168.89, 13.16);
insert into SHOT values (195, 208, 209, 46, 7.210, 74.38, 4.00, 7.214, 74.36, 3.97, 0.005, 43.00, -27.82);
insert into SHOT values (196, 209, 210, 46, 11.490, 54.13, -2.90, 11.488, 54.15, -2.89, 0.004, 165.71, 12.67);
insert into SHOT values (197, 210, 211, 46, 9.830, 52.33, -7.00, 9.833, 52.28, -7.01, 0.008, 339.40, -11.77);
insert into SHOT values (198, 211, 212, 46, 15.610, 64.03, -2.00, 15.605, 64.03, -1.98, 0.007, 254.29, 37.97);
insert into SHOT values (199, 212, 213, 46, 13.610, 50.53, -5.00, 13.614, 50.54, -5.01, 0.005, 68.59, -35.77);
insert into SHOT values (200, 213, 214, 46, 7.030, 97.78, 2.00, 7.029, 97.77, 2.04, 0.005, 315.43, 72.94);
insert into SHOT values (201, 214, 215, 46, 6.530, 76.18, 11.50, 6.524, 76.25, 11.49, 0.009, 203.05, -12.77);
insert into SHOT values (202, 215, 216, 46, 8.860, 25.33, -4.00, 8.865, 25.38, -4.01, 0.009, 81.56, -16.44);
insert into SHOT values (203, 216, 217, 46, 6.380, 46.93, -7.00, 6.380, 46.86, -7.02, 0.009, 313.47, -15.34);
insert into SHOT values (204, 217, 218, 46, 8.090, 87.43, -2.00, 8.093, 87.45, -1.98, 0.004, 129.71, 27.39);
insert into SHOT values (205, 218, 219, 46, 3.830, 162.13, 6.50, 3.830, 162.09, 6.60, 0.007, 51.67, 66.09);
insert into SHOT values (206, 200, 220, 46, 5.900, 172.03, 3.50, 5.898, 171.99, 3.50, 0.004, 58.71, -4.08);
insert into SHOT values (207, 220, 221, 46, 3.940, 156.28, 5.50, 3.941, 156.25, 5.53, 0.003, 76.72, 45.12);
insert into SHOT values (208, 221, 222, 46, 3.950, 76.63, 1.00, 3.947, 76.67, 0.87, 0.010, 215.95, -65.62);
insert into SURVEY values (48, 19, 'G1_Marmites', 'G1_Marmites.Tsanfleuron', NULL);
 insert into CENTRELINE values (49, 48, NULL, NULL, NULL, 0.00, 0.00, 0.00);
 insert into CENTRELINE values (50, 48, NULL, NULL, NULL, 0.00, 0.00, 0.00);
 insert into CENTRELINE values (51, 48, NULL, NULL, NULL, 506.32, 0.00, 0.00);
 insert into SHOT values (209, 223, 224, 51, 19.550, 243.03, 15.00, 19.548, 243.04, 15.00, 0.004, 1.62, 1.17);
insert into SHOT values (210, 224, 225, 51, 11.450, 267.03, 17.00, 11.456, 267.02, 17.00, 0.006, 242.04, 22.42);
insert into SHOT values (211, 225, 226, 51, 5.880, 301.03, 17.00, 5.874, 301.09, 17.03, 0.009, 80.67, 5.73);
insert into SHOT values (212, 226, 227, 51, 41.090, 295.03, 35.00, 41.087, 295.03, 34.99, 0.009, 247.43, -74.75);
insert into SHOT values (213, 227, 228, 51, 10.150, 216.03, 10.00, 10.157, 216.01, 10.04, 0.010, 183.47, 49.78);
insert into SHOT values (214, 228, 229, 51, 16.850, 321.03, 37.00, 16.853, 321.06, 36.99, 0.008, 23.68, -4.07);
insert into SHOT values (215, 229, 230, 51, 9.270, 236.03, -11.00, 9.276, 236.01, -11.00, 0.007, 211.52, -10.59);
insert into SHOT values (216, 230, 231, 51, 81.240, 331.03, 29.00, 81.249, 331.03, 29.00, 0.009, 323.96, 26.32);
insert into SHOT values (217, 231, 232, 51, 0.100, 331.03, 29.00, 0.090, 330.26, 26.39, 0.011, 160.08, -50.73);
insert into SHOT values (218, 232, 233, 51, 11.180, 275.03, -9.00, 11.180, 275.04, -9.01, 0.002, 354.72, -29.98);
insert into SHOT values (219, 233, 234, 51, 9.720, 236.03, 20.00, 9.716, 236.03, 20.04, 0.008, 53.98, 42.29);
insert into SHOT values (220, 234, 235, 51, 7.590, 323.03, 42.00, 7.591, 322.93, 42.01, 0.010, 230.53, 7.29);
insert into SHOT values (221, 235, 236, 51, 49.370, 247.03, 24.00, 49.365, 247.03, 24.00, 0.006, 80.77, -5.92);
insert into SHOT values (222, 236, 237, 51, 12.610, 357.03, 8.00, 12.609, 357.02, 7.98, 0.006, 260.39, -58.56);
insert into SHOT values (223, 237, 238, 51, 0.100, 357.03, 8.00, 0.102, 0.00, 11.31, 0.008, 77.83, 49.21);
insert into SHOT values (224, 238, 239, 51, 41.570, 344.03, -32.00, 41.569, 344.03, -32.00, 0.003, 192.26, -23.76);
insert into SHOT values (225, 239, 240, 51, 15.530, 294.03, -26.00, 15.534, 294.05, -26.00, 0.007, 346.29, -18.80);
insert into SHOT values (226, 240, 241, 51, 17.910, 235.03, -35.00, 17.908, 235.02, -34.99, 0.004, 121.54, 46.91);
insert into SHOT values (227, 241, 242, 51, 10.670, 267.03, -28.00, 10.672, 267.02, -28.00, 0.003, 220.65, -16.70);
insert into SHOT values (228, 242, 243, 51, 6.840, 222.03, -14.00, 6.846, 222.07, -14.03, 0.008, 268.19, -38.87);
insert into SHOT values (229, 243, 244, 51, 12.060, 267.03, -25.00, 12.052, 267.06, -24.98, 0.011, 40.47, 39.21);
insert into SHOT values (230, 244, 245, 51, 7.770, 294.03, -26.00, 7.772, 294.00, -26.03, 0.006, 202.95, -42.77);
insert into SHOT values (231, 230, 246, 51, 23.680, 114.03, -28.00, 23.683, 114.02, -28.00, 0.006, 43.09, -27.24);
insert into SHOT values (232, 246, 247, 51, 7.280, 191.03, -28.00, 7.282, 191.03, -28.01, 0.002, 192.92, -68.05);
insert into SHOT values (233, 247, 248, 51, 8.830, 140.03, -28.00, 8.826, 140.10, -27.97, 0.011, 239.16, 29.29);
insert into SHOT values (234, 248, 249, 51, 15.980, 171.03, -28.00, 15.973, 171.03, -28.00, 0.007, 0.71, 17.24);
insert into SHOT values (235, 249, 250, 51, 13.440, 110.03, -28.00, 13.443, 110.05, -28.00, 0.006, 169.97, -3.11);
insert into SHOT values (236, 250, 251, 51, 11.230, 48.03, -27.00, 11.230, 48.04, -27.01, 0.002, 157.72, -47.55);
insert into SHOT values (237, 251, 252, 51, 6.480, 87.03, -15.00, 6.480, 86.98, -15.03, 0.006, 352.08, -26.40);
insert into SHOT values (238, 252, 253, 51, 8.520, 140.03, -23.00, 8.521, 140.02, -23.00, 0.002, 75.74, -25.69);
insert into SHOT values (239, 224, 254, 51, 8.170, 118.03, -56.00, 8.167, 118.08, -55.99, 0.005, 221.62, 38.36);
insert into SHOT values (240, 254, 255, 51, 4.210, 65.03, 0.00, 4.214, 65.02, 0.00, 0.004, 51.69, 0.00);
insert into SURVEY values (53, 19, 'G2_Sapin', 'G2_Sapin.Tsanfleuron', NULL);
 insert into CENTRELINE values (54, 53, NULL, NULL, NULL, 0.00, 0.00, 0.00);
 insert into CENTRELINE values (55, 53, NULL, NULL, NULL, 0.00, 0.00, 0.00);
 insert into CENTRELINE values (56, 53, NULL, NULL, NULL, 424.49, 0.00, 0.00);
 insert into SHOT values (241, 256, 257, 56, 5.570, 249.03, 0.00, 5.568, 249.06, 0.00, 0.004, 17.81, 0.00);
insert into SHOT values (242, 257, 258, 56, 9.350, 226.03, 0.00, 9.349, 226.04, 0.00, 0.002, 333.25, 0.00);
insert into SHOT values (243, 258, 259, 56, 18.210, 228.03, 5.00, 18.218, 228.02, 5.01, 0.009, 196.12, 17.99);
insert into SHOT values (244, 259, 260, 56, 7.300, 343.03, 6.00, 7.306, 343.04, 5.97, 0.007, 350.57, -26.28);
insert into SHOT values (245, 260, 261, 56, 19.100, 233.03, 5.00, 19.102, 233.01, 4.99, 0.009, 164.98, -32.70);
insert into SHOT values (246, 261, 262, 56, 4.980, 312.03, 0.00, 4.985, 312.07, 0.00, 0.006, 351.32, 0.00);
insert into SHOT values (247, 262, 263, 56, 10.260, 236.03, 0.00, 10.259, 236.05, 0.00, 0.003, 339.50, 0.00);
insert into SHOT values (248, 263, 264, 56, 12.450, 222.03, 0.00, 12.448, 222.00, 0.00, 0.006, 111.83, 0.00);
insert into SHOT values (249, 264, 265, 56, 20.650, 236.03, 6.00, 20.651, 236.02, 6.00, 0.005, 159.04, 16.00);
insert into SHOT values (250, 265, 266, 56, 15.410, 290.03, 30.00, 15.414, 290.02, 30.01, 0.005, 241.02, 67.97);
insert into SHOT values (251, 266, 267, 56, 14.080, 227.03, 12.00, 14.077, 227.06, 12.01, 0.008, 340.38, 18.28);
insert into SHOT values (252, 267, 268, 56, 13.600, 251.03, 20.00, 13.605, 251.01, 19.99, 0.007, 217.17, -11.79);
insert into SHOT values (253, 268, 269, 56, 16.620, 330.03, 19.00, 16.625, 330.04, 18.99, 0.007, 1.12, -7.99);
insert into SHOT values (254, 269, 270, 56, 13.530, 312.03, 23.00, 13.521, 312.00, 22.99, 0.011, 172.75, -37.62);
insert into SHOT values (255, 270, 271, 56, 9.310, 267.03, 19.00, 9.312, 267.07, 19.05, 0.011, 8.89, 55.44);
insert into SHOT values (256, 271, 272, 56, 13.850, 349.03, 26.00, 13.849, 349.02, 26.00, 0.002, 234.26, -45.41);
insert into SHOT values (257, 272, 273, 56, 14.520, 283.03, 28.00, 14.516, 283.03, 27.98, 0.007, 149.15, -85.01);
insert into SHOT values (258, 273, 274, 56, 10.870, 289.03, 29.00, 10.864, 289.05, 29.02, 0.008, 89.40, 0.91);
insert into SHOT values (259, 274, 275, 56, 18.720, 226.03, 2.00, 18.725, 226.04, 2.02, 0.009, 259.77, 50.83);
insert into SHOT values (260, 275, 276, 56, 11.160, 249.03, 4.00, 11.154, 249.04, 4.01, 0.007, 52.46, 12.42);
insert into SHOT values (261, 276, 277, 56, 13.770, 294.03, 0.00, 13.770, 294.00, 0.00, 0.008, 204.91, 0.00);
insert into SHOT values (262, 277, 278, 56, 11.160, 232.03, 16.00, 11.160, 232.04, 15.97, 0.007, 273.64, -63.70);
insert into SHOT values (263, 278, 279, 56, 17.600, 214.03, 0.00, 17.595, 214.04, 0.00, 0.006, 354.54, 0.00);
insert into SHOT values (264, 279, 280, 56, 16.770, 249.03, 5.00, 16.771, 249.03, 4.99, 0.002, 193.92, -52.16);
insert into SHOT values (265, 280, 281, 56, 9.910, 357.03, 27.00, 9.912, 357.08, 27.00, 0.008, 75.18, 7.01);
insert into SHOT values (266, 281, 282, 56, 7.410, 253.03, 12.00, 7.418, 253.01, 11.98, 0.009, 239.12, -4.08);
insert into SHOT values (267, 282, 283, 56, 8.150, 253.03, 12.00, 8.148, 253.00, 12.04, 0.008, 124.03, 43.69);
insert into SHOT values (268, 283, 284, 56, 8.150, 226.03, 5.00, 8.150, 226.10, 5.00, 0.010, 315.53, -1.90);
insert into SHOT values (269, 284, 285, 56, 5.770, 285.03, 15.00, 5.765, 284.98, 14.98, 0.007, 152.86, -29.53);
insert into SHOT values (270, 285, 286, 56, 43.570, 235.03, 4.00, 43.564, 235.03, 4.00, 0.007, 79.64, 6.08);
insert into SHOT values (271, 286, 287, 56, 10.290, 236.03, 4.00, 10.293, 236.08, 4.01, 0.009, 308.85, 13.83);
insert into SHOT values (272, 287, 288, 56, 6.390, 233.03, 7.00, 6.388, 232.95, 7.01, 0.009, 128.31, 7.75);
insert into SHOT values (273, 288, 289, 56, 6.010, 195.03, 22.00, 6.009, 195.08, 21.99, 0.005, 289.44, -14.80);
insert into SURVEY values (58, 19, 'G3_GrotteDuPorche_2007', 'G3_GrotteDuPorche_2007.Tsanfleuron', NULL);
 insert into CENTRELINE values (59, 58, NULL, NULL, NULL, 0.00, 0.00, 0.00);
 insert into CENTRELINE values (60, 58, NULL, NULL, NULL, 0.00, 0.00, 0.00);
 insert into CENTRELINE values (61, 58, NULL, NULL, NULL, 303.51, 0.00, 0.00);
 insert into SHOT values (274, 290, 291, 61, 5.000, 216.56, -61.00, 4.997, 216.44, -60.98, 0.006, 126.72, 32.36);
insert into SHOT values (275, 291, 292, 61, 4.700, 118.56, -40.00, 4.697, 118.56, -40.01, 0.003, 299.09, 22.72);
insert into SHOT values (276, 292, 293, 61, 4.600, 105.56, -44.00, 4.605, 105.59, -44.02, 0.006, 135.84, -54.04);
insert into SHOT values (277, 293, 294, 61, 3.350, 28.56, -20.00, 3.353, 28.44, -20.06, 0.008, 315.61, -30.74);
insert into SHOT values (278, 294, 295, 61, 4.400, 78.56, -12.00, 4.400, 78.61, -11.94, 0.006, 155.50, 50.32);
insert into SHOT values (279, 295, 296, 61, 3.500, 110.56, -7.00, 3.498, 110.58, -7.06, 0.004, 269.93, -52.63);
insert into SHOT values (280, 296, 297, 61, 8.650, 72.56, -20.00, 8.656, 72.55, -20.00, 0.007, 53.83, -13.06);
insert into SHOT values (281, 297, 298, 61, 2.700, 125.56, -25.00, 2.697, 125.51, -25.00, 0.003, 347.62, 18.71);
insert into SHOT values (282, 298, 299, 61, 2.400, 69.56, -10.00, 2.393, 69.64, -9.87, 0.010, 221.14, 43.24);
insert into SHOT values (283, 299, 300, 61, 12.200, 69.56, -10.00, 12.203, 69.54, -10.00, 0.005, 23.44, -18.19);
insert into SHOT values (284, 300, 301, 61, 4.100, 165.56, -11.00, 4.101, 165.62, -10.96, 0.005, 235.66, 27.88);
insert into SHOT values (285, 301, 302, 61, 3.100, 34.56, -6.00, 3.102, 34.57, -6.11, 0.006, 46.74, -75.79);
insert into SHOT values (286, 302, 303, 61, 3.520, 73.56, -21.00, 3.518, 73.55, -20.99, 0.002, 269.02, 38.15);
insert into SHOT values (287, 303, 304, 61, 2.830, 150.56, -23.00, 2.837, 150.39, -23.03, 0.011, 98.04, -23.58);
insert into SHOT values (288, 304, 305, 61, 2.900, 48.56, -21.00, 2.889, 48.45, -20.89, 0.013, 259.13, 43.51);
insert into SHOT values (289, 305, 306, 61, 1.400, 82.56, 0.00, 1.402, 82.62, 0.00, 0.002, 125.68, 0.00);
insert into SHOT values (290, 306, 307, 61, 2.600, 84.56, -14.00, 2.599, 84.54, -14.03, 0.002, 300.65, -31.53);
insert into SHOT values (291, 307, 308, 61, 2.600, 6.56, -15.00, 2.607, 6.62, -15.12, 0.009, 31.51, -50.12);
insert into SHOT values (292, 308, 309, 61, 4.020, 86.56, -26.00, 4.022, 86.67, -25.95, 0.008, 153.72, 16.54);
insert into SHOT values (293, 310, 311, 61, 2.500, 350.56, 50.00, 2.499, 350.71, 49.85, 0.008, 36.65, -40.55);
insert into SHOT values (294, 311, 312, 61, 2.350, 315.56, 16.00, 2.348, 315.54, 16.07, 0.004, 150.20, 34.30);
insert into SHOT values (295, 312, 313, 61, 2.100, 265.56, 34.00, 2.101, 265.73, 33.84, 0.008, 318.37, -33.96);
insert into SHOT values (296, 313, 314, 61, 2.820, 208.56, 3.00, 2.823, 208.38, 3.05, 0.009, 135.92, 14.84);
insert into SHOT values (297, 314, 315, 61, 2.000, 208.56, -90.00, 2.000, 90.00, -90.00, 0.000, 208.56, 0.00);
insert into SHOT values (298, 316, 317, 61, 3.000, 83.56, 0.00, 2.999, 83.49, 0.00, 0.004, 343.06, 0.00);
insert into SHOT values (299, 317, 318, 61, 2.100, 100.56, 0.00, 2.097, 100.72, 0.00, 0.007, 220.76, 0.00);
insert into SHOT values (300, 319, 320, 61, 4.100, 340.56, 79.00, 4.096, 340.64, 78.96, 0.005, 9.21, -63.66);
insert into SHOT values (301, 320, 321, 61, 2.000, 335.56, 56.00, 2.002, 335.73, 56.02, 0.004, 56.12, 30.43);
insert into SHOT values (302, 321, 322, 61, 3.800, 259.56, 0.00, 3.803, 259.55, 0.00, 0.003, 244.00, 0.00);
insert into SHOT values (303, 323, 324, 61, 3.000, 86.56, -90.00, 3.000, 90.00, -90.00, 0.000, 86.56, 0.00);
insert into SHOT values (304, 324, 325, 61, 1.470, 84.56, 0.00, 1.467, 84.52, 0.00, 0.003, 280.71, 0.00);
insert into SHOT values (305, 325, 326, 61, 1.950, 164.56, -35.00, 1.952, 164.40, -35.01, 0.005, 93.65, -17.81);
insert into SHOT values (306, 326, 327, 61, 3.000, 118.56, 0.00, 2.994, 118.53, 0.00, 0.007, 310.56, 0.00);
insert into SHOT values (307, 327, 328, 61, 2.650, 195.56, -27.00, 2.652, 195.45, -26.90, 0.007, 147.83, 25.86);
insert into SHOT values (308, 328, 329, 61, 2.750, 105.56, -4.00, 2.746, 105.46, -3.97, 0.007, 334.87, 15.73);
insert into SHOT values (309, 329, 330, 61, 1.900, 31.56, -2.00, 1.900, 31.43, -2.11, 0.006, 297.65, -40.43);
insert into SHOT values (310, 330, 331, 61, 3.000, 114.56, -14.00, 3.001, 114.54, -13.88, 0.006, 92.35, 66.78);
insert into SHOT values (311, 331, 332, 61, 3.850, 41.56, -5.00, 3.854, 41.62, -5.06, 0.007, 88.41, -38.40);
insert into SHOT values (312, 332, 333, 61, 3.550, 122.56, 0.00, 3.548, 122.57, 0.00, 0.002, 285.04, 0.00);
insert into SHOT values (313, 333, 334, 61, 2.500, 18.56, -3.00, 2.492, 18.51, -2.99, 0.008, 214.67, 5.86);
insert into SHOT values (314, 334, 335, 61, 4.000, 56.56, -15.00, 4.006, 56.60, -15.05, 0.008, 81.73, -38.48);
insert into SHOT values (315, 335, 336, 61, 4.250, 45.56, -9.00, 4.245, 45.48, -8.94, 0.009, 277.63, 34.18);
insert into SHOT values (316, 336, 337, 61, 4.800, 60.56, -10.00, 4.801, 60.62, -9.96, 0.006, 135.75, 36.38);
insert into SHOT values (317, 337, 338, 61, 1.800, 93.56, 0.00, 1.803, 93.50, 0.00, 0.004, 63.01, 0.00);
insert into SHOT values (318, 338, 339, 61, 4.450, 52.56, -16.00, 4.446, 52.51, -16.06, 0.007, 265.60, -28.06);
insert into SHOT values (319, 339, 340, 61, 1.500, 84.56, 0.00, 1.507, 84.29, 0.00, 0.010, 40.91, 0.00);
insert into SHOT values (320, 340, 341, 61, 1.400, 108.56, -8.00, 1.399, 108.96, -8.22, 0.011, 206.10, -27.98);
insert into SHOT values (321, 341, 342, 61, 5.900, 82.56, -6.00, 5.901, 82.56, -5.93, 0.007, 83.13, 75.53);
insert into SHOT values (322, 342, 343, 61, 9.500, 59.56, -6.00, 9.506, 59.56, -6.04, 0.009, 52.56, -51.90);
insert into SHOT values (323, 343, 344, 61, 2.950, 129.56, -24.00, 2.947, 129.72, -24.03, 0.009, 244.83, -0.85);
insert into SHOT values (324, 344, 345, 61, 2.400, 68.56, -14.00, 2.405, 68.38, -13.95, 0.009, 15.48, 3.84);
insert into SHOT values (325, 345, 346, 61, 2.450, 155.56, -17.00, 2.455, 155.62, -16.81, 0.009, 174.86, 41.95);
insert into SHOT values (326, 346, 347, 61, 4.350, 75.56, 0.00, 4.349, 75.48, 0.00, 0.006, 333.86, 0.00);
insert into SHOT values (327, 347, 348, 61, 3.750, 117.56, -11.00, 3.760, 117.61, -11.04, 0.011, 135.99, -25.16);
insert into SHOT values (328, 348, 349, 61, 2.300, 49.56, -4.00, 2.296, 49.43, -4.00, 0.006, 285.56, 3.89);
insert into SHOT values (329, 349, 350, 61, 3.950, 92.56, -23.00, 3.946, 92.52, -22.97, 0.005, 315.46, 45.13);
insert into SHOT values (330, 350, 351, 61, 3.500, 48.56, -4.00, 3.502, 48.60, -4.09, 0.006, 106.60, -64.97);
insert into SHOT values (331, 351, 352, 61, 3.000, 59.56, -34.00, 3.000, 59.63, -33.83, 0.009, 90.60, 53.00);
insert into SHOT values (332, 352, 353, 61, 3.700, 141.56, -22.00, 3.702, 141.63, -22.05, 0.006, 223.09, -44.26);
insert into SHOT values (333, 353, 354, 61, 3.600, 156.56, -5.00, 3.601, 156.51, -4.94, 0.005, 84.15, 47.64);
insert into SHOT values (334, 354, 355, 61, 2.800, 126.56, -32.00, 2.796, 126.58, -32.20, 0.011, 301.21, -36.09);
insert into SHOT values (335, 355, 356, 61, 3.150, 95.56, 4.00, 3.153, 95.66, 4.00, 0.006, 156.10, 2.52);
insert into SHOT values (336, 356, 357, 61, 6.200, 32.56, -4.00, 6.207, 32.54, -3.97, 0.008, 10.98, 18.77);
insert into SHOT values (337, 357, 358, 61, 14.300, 72.56, -6.00, 14.301, 72.57, -5.98, 0.006, 138.13, 56.68);
insert into SHOT values (338, 358, 359, 61, 4.550, 106.56, -16.00, 4.550, 106.61, -16.08, 0.007, 214.38, -54.85);
insert into SHOT values (339, 359, 360, 61, 5.000, 36.56, 5.00, 5.001, 36.59, 5.05, 0.005, 106.37, 53.37);
insert into SHOT values (340, 360, 361, 61, 7.000, 29.56, 7.00, 7.002, 29.48, 6.97, 0.010, 310.57, -17.13);
insert into SHOT values (341, 361, 362, 61, 2.500, 80.56, 0.00, 2.504, 80.58, 0.00, 0.004, 90.54, 0.00);
insert into SHOT values (342, 363, 364, 61, 6.500, 88.56, -27.00, 6.500, 88.52, -26.99, 0.005, 3.68, 11.86);
insert into SHOT values (343, 365, 366, 61, 10.000, 147.56, -25.00, 9.998, 147.57, -24.97, 0.006, 233.21, 72.30);
insert into SHOT values (344, 366, 367, 61, 6.000, 150.56, -25.00, 6.008, 150.52, -25.01, 0.009, 120.94, -26.96);
insert into SHOT values (345, 368, 369, 61, 10.000, 144.56, -25.00, 9.992, 144.57, -24.98, 0.009, 306.74, 43.48);
insert into SHOT values (346, 369, 370, 61, 17.000, 144.56, -25.00, 17.004, 144.54, -25.01, 0.009, 66.73, -39.51);
insert into SURVEY values (63, 19, 'G4_G13_Topomasos', 'G4_G13_Topomasos.Tsanfleuron', NULL);
 insert into CENTRELINE values (64, 63, NULL, NULL, NULL, 0.00, 0.00, 0.00);
 insert into CENTRELINE values (65, 63, NULL, NULL, NULL, 0.00, 0.00, 0.00);
 insert into CENTRELINE values (66, 63, NULL, NULL, NULL, 1126.37, 0.00, 0.00);
 insert into SHOT values (347, 372, 373, 66, 27.080, 155.58, -29.95, 27.084, 155.59, -29.95, 0.005, 184.80, -5.05);
insert into SHOT values (348, 373, 374, 66, 16.350, 92.74, -16.43, 16.357, 92.74, -16.44, 0.008, 93.31, -44.64);
insert into SHOT values (349, 374, 375, 66, 21.290, 122.02, -26.56, 21.287, 122.04, -26.57, 0.007, 243.46, -4.26);
insert into SHOT values (350, 375, 376, 66, 9.110, 56.07, 3.43, 9.117, 56.07, 3.46, 0.008, 49.48, 38.20);
insert into SHOT values (351, 376, 377, 66, 12.550, 132.03, -28.48, 12.542, 132.02, -28.48, 0.008, 325.00, 33.14);
insert into SHOT values (352, 377, 378, 66, 40.200, 103.96, -21.10, 40.206, 103.96, -21.11, 0.009, 126.16, -65.48);
insert into SHOT values (353, 378, 379, 66, 24.420, 60.47, 0.90, 24.413, 60.47, 0.92, 0.009, 228.18, 42.83);
insert into SHOT values (354, 379, 380, 66, 8.410, 65.23, -1.85, 8.407, 65.23, -1.84, 0.003, 232.32, 27.56);
insert into SHOT values (355, 380, 381, 66, 23.220, 67.38, -3.08, 23.228, 67.38, -3.08, 0.008, 73.72, -17.78);
insert into SHOT values (356, 381, 382, 66, 16.110, 150.47, -29.99, 16.110, 150.46, -29.98, 0.004, 79.17, 41.77);
insert into SHOT values (357, 382, 383, 66, 5.020, 132.03, -28.48, 5.016, 132.05, -28.59, 0.011, 299.31, -35.52);
insert into SHOT values (358, 383, 384, 66, 20.290, 64.41, -1.37, 20.294, 64.42, -1.36, 0.008, 103.44, 42.00);
insert into SHOT values (359, 384, 385, 66, 9.030, 18.83, 21.56, 9.028, 18.82, 21.51, 0.008, 334.13, -80.36);
insert into SHOT values (360, 385, 386, 66, 9.120, 165.72, -29.29, 9.120, 165.74, -29.28, 0.003, 228.70, 34.42);
insert into SHOT values (361, 386, 387, 66, 7.660, 113.60, -24.34, 7.663, 113.63, -24.27, 0.010, 142.26, 43.45);
insert into SHOT values (362, 387, 388, 66, 7.850, 50.16, 6.77, 7.849, 50.10, 6.73, 0.010, 317.53, -33.54);
insert into SHOT values (363, 388, 389, 66, 3.210, 87.03, -13.71, 3.206, 87.05, -13.71, 0.005, 250.03, 9.74);
insert into SHOT values (364, 389, 390, 66, 7.660, 113.60, -24.34, 7.664, 113.55, -24.35, 0.007, 48.14, -25.50);
insert into SHOT values (365, 390, 391, 66, 10.040, 132.03, -28.48, 10.040, 132.02, -28.43, 0.009, 107.12, 56.28);
insert into SHOT values (366, 391, 392, 66, 9.890, 68.60, -3.78, 9.883, 68.59, -3.83, 0.011, 264.51, -44.46);
insert into SHOT values (367, 392, 393, 66, 7.410, 23.60, 19.74, 7.414, 23.66, 19.79, 0.011, 98.94, 42.78);
insert into SHOT values (368, 393, 394, 66, 12.590, 57.29, 2.73, 12.591, 57.27, 2.73, 0.004, 341.62, 4.41);
insert into SHOT values (369, 394, 395, 66, 11.250, 125.69, -27.36, 11.247, 125.71, -27.37, 0.005, 259.27, 3.09);
insert into SHOT values (370, 395, 396, 66, 11.880, 63.83, -1.04, 11.880, 63.82, -1.06, 0.005, 342.86, -72.01);
insert into SHOT values (371, 396, 397, 66, 11.240, 87.03, -13.71, 11.244, 87.06, -13.68, 0.009, 139.62, 27.58);
insert into SHOT values (372, 397, 398, 66, 8.030, 75.72, -7.78, 8.030, 75.74, -7.80, 0.004, 185.99, -50.40);
insert into SHOT values (373, 398, 399, 66, 7.050, 11.07, 24.15, 7.053, 11.01, 24.10, 0.010, 322.40, -27.09);
insert into SHOT values (374, 399, 400, 66, 6.470, 72.99, -6.27, 6.469, 73.00, -6.21, 0.007, 178.08, 78.02);
insert into SHOT values (375, 400, 401, 66, 12.080, 150.47, -29.99, 12.080, 150.45, -30.00, 0.005, 42.11, -21.04);
insert into SHOT values (376, 401, 402, 66, 9.000, 42.03, 11.17, 8.992, 42.06, 11.16, 0.009, 190.20, -21.96);
insert into SHOT values (377, 402, 403, 66, 9.630, 87.03, -13.71, 9.636, 87.00, -13.69, 0.009, 52.88, 15.31);
insert into SHOT values (378, 403, 404, 66, 3.830, 113.60, -24.34, 3.834, 113.63, -24.34, 0.004, 142.26, -21.40);
insert into SHOT values (379, 404, 405, 66, 11.400, 71.08, -5.19, 11.400, 71.09, -5.18, 0.002, 174.20, 43.99);
insert into SHOT values (380, 405, 406, 66, 9.600, 77.57, -8.79, 9.595, 77.58, -8.81, 0.006, 246.67, -29.45);
insert into SHOT values (381, 406, 407, 66, 9.630, 87.03, -13.71, 9.636, 87.00, -13.69, 0.009, 52.88, 15.31);
insert into SHOT values (382, 407, 408, 66, 5.350, 15.47, 22.75, 5.344, 15.42, 22.79, 0.008, 230.07, 7.97);
insert into SHOT values (383, 408, 409, 66, 10.470, 60.47, 0.90, 10.471, 60.47, 0.88, 0.005, 80.90, -74.74);
insert into SHOT values (384, 409, 410, 66, 10.620, 105.47, -21.65, 10.626, 105.44, -21.65, 0.008, 67.07, -14.43);
insert into SHOT values (385, 410, 411, 66, 15.960, 81.32, -10.80, 15.953, 81.30, -10.80, 0.009, 297.60, 3.96);
insert into SHOT values (386, 411, 412, 66, 17.630, 76.73, -8.33, 17.630, 76.74, -8.32, 0.006, 156.71, 42.82);
insert into SHOT values (387, 412, 413, 66, 11.240, 42.03, 11.17, 11.238, 42.02, 11.19, 0.004, 253.36, 40.97);
insert into SHOT values (388, 413, 414, 66, 11.400, 71.08, -5.19, 11.400, 71.09, -5.18, 0.002, 174.20, 43.99);
insert into SHOT values (389, 414, 415, 66, 5.870, 30.72, 16.70, 5.877, 30.75, 16.61, 0.012, 50.06, -33.69);
insert into SHOT values (390, 415, 416, 66, 4.940, 68.60, -3.78, 4.937, 68.70, -3.72, 0.010, 176.06, 33.44);
insert into SHOT values (391, 377, 417, 66, 34.210, 242.80, 0.45, 34.215, 242.80, 0.44, 0.010, 231.66, -59.55);
insert into SHOT values (392, 379, 418, 66, 13.160, 274.15, 17.07, 13.152, 274.15, 17.07, 0.008, 93.21, -22.27);
insert into SHOT values (393, 418, 419, 66, 17.920, 320.16, 29.47, 17.925, 320.15, 29.48, 0.006, 277.71, 37.78);
insert into SHOT values (394, 419, 420, 66, 5.350, 195.46, -22.75, 5.344, 195.42, -22.79, 0.007, 44.56, -8.45);
insert into SHOT values (395, 420, 421, 66, 6.840, 281.07, 19.98, 6.838, 281.03, 19.92, 0.008, 196.81, -58.01);
insert into SHOT values (396, 421, 422, 66, 17.230, 293.59, 24.33, 17.231, 293.58, 24.33, 0.004, 217.74, 20.87);
insert into SHOT values (397, 422, 423, 66, 12.210, 240.46, -0.90, 12.209, 240.45, -0.89, 0.002, 118.56, 45.66);
insert into SHOT values (398, 418, 424, 66, 11.880, 243.83, 1.04, 11.880, 243.82, 1.06, 0.005, 162.86, 72.01);
insert into SHOT values (399, 424, 425, 66, 16.960, 325.02, 29.81, 16.963, 325.01, 29.80, 0.005, 305.65, -15.90);
insert into SHOT values (400, 425, 426, 66, 17.510, 303.90, 26.98, 17.505, 303.89, 26.97, 0.005, 151.38, -46.93);
insert into SHOT values (401, 426, 371, 66, 5.310, 285.46, 21.65, 5.314, 285.50, 21.64, 0.006, 324.14, 9.96);
insert into SHOT values (402, 380, 427, 66, 26.270, 309.30, 28.04, 26.266, 309.31, 28.02, 0.010, 31.78, -61.98);
insert into SHOT values (403, 427, 428, 66, 7.040, 357.03, 27.62, 7.043, 357.06, 27.66, 0.007, 78.60, 62.34);
insert into SHOT values (404, 428, 429, 66, 7.620, 279.56, 19.38, 7.621, 279.53, 19.39, 0.004, 202.55, 19.18);
insert into SHOT values (405, 382, 430, 66, 19.970, 276.49, 18.09, 19.978, 276.50, 18.08, 0.010, 296.47, -5.22);
insert into SHOT values (406, 381, 431, 66, 8.960, 320.16, 29.47, 8.963, 320.15, 29.48, 0.003, 277.71, 37.78);
insert into SHOT values (407, 431, 432, 66, 11.240, 42.03, 11.17, 11.236, 42.02, 11.14, 0.008, 253.36, -68.19);
insert into SHOT values (408, 432, 433, 66, 21.770, 327.28, 29.91, 21.775, 327.29, 29.92, 0.006, 1.74, 50.06);
insert into SHOT values (409, 431, 434, 66, 5.020, 312.03, 28.48, 5.023, 312.06, 28.41, 0.007, 337.14, -31.34);
insert into SHOT values (410, 381, 435, 66, 4.940, 68.60, -3.78, 4.941, 68.59, -3.83, 0.005, 22.41, -70.33);
insert into SHOT values (411, 435, 436, 66, 20.930, 60.47, 0.90, 20.929, 60.48, 0.90, 0.005, 166.80, 14.51);
insert into SHOT values (412, 387, 437, 66, 12.930, 110.23, -23.29, 12.928, 110.21, -23.33, 0.011, 330.75, -44.80);
insert into SHOT values (413, 437, 438, 66, 11.250, 125.69, -27.36, 11.247, 125.71, -27.37, 0.005, 259.27, 3.09);
insert into SHOT values (414, 438, 391, 66, 7.410, 23.60, 19.74, 7.414, 23.66, 19.79, 0.011, 98.94, 42.78);
insert into SHOT values (415, 389, 439, 66, 23.770, 63.83, -1.04, 23.769, 63.83, -1.04, 0.002, 173.62, 40.07);
insert into SHOT values (416, 396, 440, 66, 20.410, 319.15, 29.37, 20.405, 319.15, 29.38, 0.006, 137.49, -0.33);
insert into SHOT values (417, 440, 441, 66, 5.350, 15.47, 22.75, 5.353, 15.39, 22.75, 0.008, 309.64, 8.00);
insert into SHOT values (418, 440, 442, 66, 19.040, 225.40, -9.38, 19.042, 225.41, -9.37, 0.005, 273.17, 36.40);
insert into SHOT values (419, 442, 443, 66, 7.660, 293.59, 24.33, 7.651, 293.59, 24.31, 0.009, 116.48, -39.22);
insert into SHOT values (420, 443, 444, 66, 12.730, 20.23, 21.05, 12.732, 20.19, 21.08, 0.011, 286.34, 41.84);
insert into SHOT values (421, 397, 445, 66, 12.550, 312.03, 28.48, 12.554, 312.03, 28.45, 0.009, 305.79, -31.04);
insert into SHOT values (422, 445, 446, 66, 11.450, 318.37, 29.29, 11.444, 318.37, 29.30, 0.006, 136.26, -16.29);
insert into SHOT values (423, 405, 447, 66, 17.740, 333.07, 30.00, 17.743, 333.07, 29.99, 0.003, 324.22, -0.00);
insert into SHOT values (424, 447, 448, 66, 10.620, 285.46, 21.65, 10.617, 285.46, 21.67, 0.004, 108.46, 26.28);
insert into SHOT values (425, 406, 449, 66, 9.700, 335.23, 29.96, 9.702, 335.23, 29.99, 0.006, 122.92, 78.43);
insert into SHOT values (426, 449, 450, 66, 12.600, 348.90, 28.92, 12.604, 348.92, 28.89, 0.009, 23.31, -21.21);
insert into SHOT values (427, 409, 451, 66, 17.570, 312.03, 28.48, 17.570, 312.03, 28.49, 0.002, 85.86, 48.24);
insert into SHOT values (428, 411, 452, 66, 19.390, 335.23, 29.96, 19.388, 335.25, 29.99, 0.011, 112.30, 36.57);
insert into SHOT values (429, 452, 453, 66, 6.980, 60.47, 0.90, 6.978, 60.46, 0.90, 0.003, 272.90, 8.14);
insert into SHOT values (430, 453, 454, 66, 20.980, 326.07, 29.87, 20.987, 326.07, 29.86, 0.007, 314.25, 10.05);
insert into SHOT values (431, 401, 455, 66, 31.970, 84.17, -12.27, 31.973, 84.18, -12.28, 0.007, 149.96, -57.06);
insert into SHOT values (432, 455, 407, 66, 18.850, 62.59, -0.32, 18.848, 62.58, -0.30, 0.007, 304.65, 50.76);
insert into SURVEY values (68, 19, 'G59_TordBoyau', 'G59_TordBoyau.Tsanfleuron', NULL);
 insert into CENTRELINE values (69, 68, NULL, NULL, NULL, 0.00, 0.00, 0.00);
 insert into CENTRELINE values (70, 68, NULL, NULL, NULL, 0.00, 0.00, 0.00);
 insert into CENTRELINE values (71, 68, NULL, NULL, NULL, 413.32, 0.00, 0.00);
 insert into SHOT values (433, 456, 457, 71, 4.310, 177.03, -90.00, 4.310, 90.00, -90.00, 0.000, 177.03, 74.48);
insert into SHOT values (434, 457, 458, 71, 13.240, 135.03, -2.00, 13.238, 135.03, -1.99, 0.003, 310.88, 46.41);
insert into SHOT values (435, 458, 459, 71, 12.390, 177.03, -90.00, 12.390, 90.00, -90.00, 0.000, 177.03, 71.31);
insert into SHOT values (436, 459, 460, 71, 7.380, 150.03, -4.00, 7.384, 150.02, -4.04, 0.006, 135.56, -57.39);
insert into SHOT values (437, 460, 461, 71, 2.690, 177.03, -90.00, 2.690, 90.00, -90.00, 0.000, 177.03, -80.24);
insert into SHOT values (438, 461, 462, 71, 8.430, 154.03, -7.00, 8.425, 154.05, -6.95, 0.009, 299.75, 58.05);
insert into SHOT values (439, 462, 463, 71, 4.790, 132.03, -13.00, 4.796, 132.05, -13.01, 0.007, 148.32, -22.14);
insert into SHOT values (440, 463, 464, 71, 4.530, 87.03, -14.00, 4.532, 87.00, -14.05, 0.005, 11.61, -60.60);
insert into SHOT values (441, 464, 465, 71, 3.950, 143.03, 0.00, 3.942, 143.04, 0.00, 0.008, 316.70, 0.00);
insert into SHOT values (442, 465, 466, 71, 20.320, 245.03, -6.00, 20.315, 245.00, -5.99, 0.014, 132.79, 16.81);
insert into SHOT values (443, 466, 467, 71, 14.830, 192.03, -4.00, 14.823, 192.06, -4.02, 0.012, 323.68, -26.31);
insert into SHOT values (444, 467, 468, 71, 7.940, 242.03, -8.00, 7.937, 242.00, -7.97, 0.007, 118.18, 45.84);
insert into SHOT values (445, 468, 469, 71, 6.470, 177.03, -90.00, 6.470, 90.00, -90.00, 0.000, 177.03, -84.94);
insert into SHOT values (446, 469, 470, 71, 4.960, 171.03, 0.00, 4.960, 171.07, 0.00, 0.003, 258.85, 0.00);
insert into SHOT values (447, 470, 471, 71, 24.680, 255.03, 0.00, 24.679, 255.02, 0.00, 0.005, 153.67, 0.00);
insert into SHOT values (448, 471, 472, 71, 2.750, 214.03, 0.00, 2.751, 214.04, 0.00, 0.001, 227.13, 0.00);
insert into SHOT values (449, 472, 473, 71, 6.700, 129.03, -9.00, 6.695, 128.98, -9.02, 0.007, 355.33, -14.60);
insert into SHOT values (450, 473, 474, 71, 19.030, 235.03, -10.00, 19.031, 235.04, -9.99, 0.005, 295.31, 56.25);
insert into SHOT values (451, 474, 475, 71, 16.160, 177.03, -90.00, 16.150, 0.00, -89.96, 0.014, 0.00, 45.00);
insert into SHOT values (452, 475, 476, 71, 4.790, 137.03, -27.00, 4.793, 136.90, -26.92, 0.012, 75.21, 22.22);
insert into SHOT values (453, 476, 477, 71, 8.620, 177.03, -90.00, 8.610, 90.00, -90.00, 0.010, 177.03, 90.00);
insert into SHOT values (454, 477, 478, 71, 9.470, 260.03, -7.00, 9.460, 260.01, -6.86, 0.025, 109.59, 71.80);
insert into SHOT values (455, 478, 479, 71, 21.020, 261.03, -3.00, 21.025, 261.04, -3.00, 0.006, 297.59, 0.94);
insert into SHOT values (456, 479, 480, 71, 0.400, 261.03, -3.00, 0.395, 261.25, -2.90, 0.005, 63.45, 10.37);
insert into SHOT values (457, 480, 481, 71, 12.070, 257.03, -5.00, 12.073, 257.03, -4.99, 0.004, 244.06, 33.35);
insert into SHOT values (458, 481, 482, 71, 0.400, 257.03, -5.00, 0.401, 257.01, -4.29, 0.005, 251.49, 69.89);
insert into SHOT values (459, 482, 483, 71, 9.360, 180.03, 0.00, 9.360, 180.00, 0.00, 0.005, 90.02, 0.00);
insert into SHOT values (460, 483, 484, 71, 3.770, 177.03, -90.00, 3.770, 90.00, -90.00, 0.000, 177.03, 54.14);
insert into SHOT values (461, 484, 485, 71, 10.110, 283.03, -15.00, 10.116, 283.01, -15.01, 0.007, 253.61, -28.38);
insert into SHOT values (462, 485, 486, 71, 26.710, 183.03, -7.00, 26.707, 183.03, -7.01, 0.006, 19.19, -50.10);
insert into SHOT values (463, 486, 487, 71, 5.020, 163.03, -25.00, 5.019, 163.00, -24.99, 0.003, 53.16, 30.64);
insert into SHOT values (464, 487, 488, 71, 6.680, 177.03, -9.00, 6.680, 177.05, -8.96, 0.005, 239.17, 66.62);
insert into SHOT values (465, 488, 489, 71, 5.920, 109.03, 0.00, 5.923, 109.02, 0.00, 0.004, 85.24, 0.00);
insert into SHOT values (466, 489, 490, 71, 6.240, 132.03, -5.00, 6.241, 132.00, -5.06, 0.007, 53.78, -62.33);
insert into SHOT values (467, 490, 491, 71, 12.690, 190.03, -12.00, 12.696, 190.06, -11.96, 0.014, 229.31, 37.98);
insert into SHOT values (468, 491, 492, 71, 5.610, 145.03, -23.00, 5.612, 145.02, -23.08, 0.008, 8.42, -78.02);
insert into SHOT values (469, 492, 493, 71, 3.660, 199.03, -36.00, 3.658, 198.92, -35.99, 0.006, 98.55, 13.16);
insert into SHOT values (470, 493, 494, 71, 7.640, 153.03, -45.00, 7.635, 153.01, -45.01, 0.005, 359.16, 25.72);
insert into SHOT values (471, 494, 495, 71, 6.000, 256.03, -21.00, 6.003, 256.06, -20.99, 0.005, 298.46, 2.49);
insert into SHOT values (472, 495, 496, 71, 7.840, 132.03, -8.00, 7.844, 132.03, -7.99, 0.004, 122.90, 16.50);
insert into SHOT values (473, 496, 497, 71, 12.700, 187.03, -15.00, 12.705, 187.02, -15.01, 0.006, 164.48, -30.19);
insert into SHOT values (474, 497, 498, 71, 5.900, 87.03, -21.00, 5.898, 86.98, -20.96, 0.006, 351.05, 43.14);
insert into SHOT values (475, 498, 499, 71, 4.680, 177.03, -20.00, 4.678, 177.00, -20.00, 0.003, 49.08, 13.01);
insert into SHOT values (476, 474, 500, 71, 10.280, 278.03, -57.00, 10.299, 278.00, -57.03, 0.020, 250.58, -70.97);
insert into SHOT values (477, 500, 478, 71, 20.190, 188.03, -74.00, 20.204, 188.04, -73.98, 0.016, 195.38, -51.06);
insert into SURVEY values (73, 19, 'G8', 'G8.Tsanfleuron', NULL);
 insert into CENTRELINE values (74, 73, NULL, NULL, NULL, 0.00, 0.00, 0.00);
 insert into CENTRELINE values (75, 73, NULL, NULL, NULL, 0.00, 0.00, 0.00);
 insert into CENTRELINE values (76, 73, NULL, NULL, NULL, 74.81, 0.00, 0.00);
 insert into SHOT values (478, 501, 502, 76, 5.470, 145.03, -30.00, 5.469, 144.97, -29.95, 0.007, 69.09, 43.57);
insert into SHOT values (479, 502, 503, 76, 3.660, 87.03, -16.00, 3.657, 87.06, -16.03, 0.004, 236.75, -15.62);
insert into SHOT values (480, 503, 504, 76, 3.630, 53.03, 2.00, 3.630, 53.07, 1.89, 0.007, 137.83, -70.65);
insert into SHOT values (481, 504, 505, 76, 8.220, 138.03, -30.00, 8.218, 138.02, -30.01, 0.003, 347.89, -0.00);
insert into SHOT values (482, 505, 506, 76, 8.600, 119.03, -27.00, 8.599, 119.04, -26.97, 0.005, 178.66, 70.12);
insert into SHOT values (483, 506, 507, 76, 3.630, 79.03, -12.00, 3.626, 78.94, -12.10, 0.009, 306.74, -36.14);
insert into SHOT values (484, 507, 508, 76, 17.350, 109.03, -25.00, 17.354, 109.03, -24.98, 0.006, 119.91, 23.10);
insert into SHOT values (485, 508, 509, 76, 10.960, 130.03, -29.00, 10.961, 130.05, -28.98, 0.006, 179.31, 37.97);
insert into SHOT values (486, 509, 510, 76, 6.090, 128.03, -29.00, 6.084, 128.05, -29.00, 0.006, 284.86, 23.38);
insert into SHOT values (487, 508, 511, 76, 7.200, 242.03, 3.00, 7.199, 242.04, 3.03, 0.004, 7.06, 54.67);
insert into SURVEY values (78, 19, 'G90_Tsanfleuron', 'G90_Tsanfleuron.Tsanfleuron', NULL);
 insert into CENTRELINE values (79, 78, NULL, NULL, NULL, 0.00, 0.00, 0.00);
 insert into CENTRELINE values (80, 78, NULL, NULL, NULL, 0.00, 0.00, 0.00);
 insert into CENTRELINE values (81, 78, NULL, NULL, NULL, 93.66, 0.00, 0.00);
 insert into SHOT values (488, 512, 513, 81, 4.260, 252.73, -34.00, 4.257, 252.69, -33.99, 0.004, 121.64, 36.60);
insert into SHOT values (489, 513, 514, 81, 8.600, 177.73, -90.00, 8.600, 90.00, -90.00, 0.000, 177.73, 71.66);
insert into SHOT values (490, 514, 515, 81, 4.720, 99.73, -5.00, 4.715, 99.68, -4.99, 0.007, 316.71, 12.09);
insert into SHOT values (491, 514, 516, 81, 3.000, 357.73, -90.00, 3.000, 90.00, -90.00, 0.000, 357.73, 0.00);
insert into SHOT values (492, 515, 517, 81, 13.100, 177.73, -90.00, 13.100, 90.00, -90.00, 0.000, 177.73, 63.21);
insert into SHOT values (493, 517, 518, 81, 5.790, 152.73, -58.00, 5.792, 152.68, -57.96, 0.005, 123.59, 2.26);
insert into SHOT values (494, 518, 519, 81, 9.420, 148.73, -71.00, 9.422, 148.75, -71.02, 0.004, 304.83, -54.03);
insert into SHOT values (495, 519, 520, 81, 3.200, 177.73, -90.00, 3.200, 90.00, -90.00, 0.000, 177.73, -87.65);
insert into SHOT values (496, 520, 521, 81, 1.120, 53.73, -15.00, 1.118, 53.66, -15.03, 0.002, 269.87, -3.17);
insert into SHOT values (497, 521, 522, 81, 2.700, 177.73, -90.00, 2.700, 90.00, -90.00, 0.000, 177.73, 87.04);
insert into SHOT values (498, 522, 523, 81, 5.300, 18.73, -65.00, 5.296, 18.76, -64.99, 0.004, 149.02, 66.85);
insert into SHOT values (499, 523, 524, 81, 1.150, 21.73, -31.00, 1.159, 21.91, -31.18, 0.010, 49.52, -49.28);
insert into SHOT values (500, 524, 525, 81, 2.330, 8.73, -64.00, 2.322, 8.53, -64.18, 0.012, 207.71, 21.18);
insert into SHOT values (501, 525, 526, 81, 0.720, 121.73, 0.00, 0.713, 121.24, 0.00, 0.009, 344.60, 0.00);
insert into SHOT values (502, 519, 527, 81, 1.900, 159.73, 3.00, 1.901, 159.66, 3.02, 0.003, 92.34, 11.92);
insert into SHOT values (503, 527, 528, 81, 9.000, 177.73, -90.00, 9.000, 90.00, -90.00, 0.000, 177.73, 0.00);
insert into SHOT values (504, 528, 529, 81, 5.360, 64.73, -14.00, 5.358, 64.72, -14.04, 0.005, 267.53, -46.73);
insert into SHOT values (505, 529, 530, 81, 5.320, 342.73, -78.00, 5.315, 342.55, -78.05, 0.007, 194.67, 30.21);
insert into SHOT values (506, 530, 531, 81, 1.000, 63.73, 0.00, 1.006, 63.43, 0.00, 0.008, 23.92, 0.00);
insert into SHOT values (507, 531, 532, 81, 5.670, 63.73, 0.00, 5.666, 63.71, 0.00, 0.004, 275.83, 0.00);
insert into SURVEY values (83, 19, 'G9_ScexRouge', 'G9_ScexRouge.Tsanfleuron', NULL);
 insert into CENTRELINE values (84, 83, NULL, NULL, NULL, 0.00, 0.00, 0.00);
 insert into CENTRELINE values (85, 83, NULL, NULL, NULL, 0.00, 0.00, 0.00);
 insert into CENTRELINE values (86, 83, NULL, NULL, NULL, 179.81, 0.00, 0.00);
 insert into SHOT values (508, 533, 534, 86, 20.870, 109.03, -24.00, 20.868, 109.04, -24.01, 0.005, 227.72, -15.65);
insert into SHOT values (509, 534, 535, 86, 13.110, 69.03, -7.00, 13.111, 69.02, -7.01, 0.004, 351.93, -35.54);
insert into SHOT values (510, 535, 536, 86, 7.460, 92.03, -18.00, 7.458, 92.02, -17.96, 0.005, 342.01, 75.23);
insert into SHOT values (511, 536, 537, 86, 7.670, 64.03, -4.00, 7.671, 64.04, -4.04, 0.005, 111.78, -74.41);
insert into SHOT values (512, 537, 538, 86, 6.080, 105.03, -23.00, 6.082, 105.00, -22.94, 0.008, 74.20, 48.58);
insert into SHOT values (513, 538, 539, 86, 10.450, 127.03, -28.00, 10.449, 127.07, -28.03, 0.008, 240.86, -30.59);
insert into SHOT values (514, 539, 540, 86, 2.390, 121.03, -27.00, 2.393, 121.01, -26.83, 0.008, 113.43, 41.46);
insert into SHOT values (515, 540, 541, 86, 14.240, 63.03, -3.00, 14.237, 63.02, -3.02, 0.006, 279.71, -49.95);
insert into SHOT values (516, 541, 542, 86, 5.550, 55.03, 1.00, 5.552, 55.05, 1.03, 0.004, 100.03, 48.53);
insert into SHOT values (517, 542, 543, 86, 9.150, 101.03, -22.00, 9.153, 101.01, -22.01, 0.005, 43.63, -28.49);
insert into SHOT values (518, 543, 544, 86, 9.350, 136.03, -30.00, 9.348, 136.05, -29.97, 0.006, 218.32, 59.42);
insert into SHOT values (519, 544, 545, 86, 10.290, 56.03, 1.00, 10.289, 56.02, 1.00, 0.003, 296.47, 8.42);
insert into SHOT values (520, 541, 546, 86, 9.980, 129.03, -29.00, 9.977, 129.00, -29.02, 0.007, 354.89, -13.37);
insert into SHOT values (521, 546, 547, 86, 3.950, 60.03, -2.00, 3.949, 60.06, -1.89, 0.008, 172.89, 75.56);
insert into SHOT values (522, 547, 548, 86, 5.230, 127.03, -28.00, 5.234, 126.99, -28.03, 0.006, 74.04, -51.99);
insert into SHOT values (523, 548, 549, 86, 5.050, 66.03, -5.00, 5.051, 66.08, -5.00, 0.005, 140.95, 1.60);
insert into SHOT values (524, 539, 550, 86, 9.440, 275.03, 19.00, 9.441, 275.01, 19.04, 0.007, 152.89, 66.39);
insert into SHOT values (525, 550, 551, 86, 13.370, 262.03, 14.00, 13.360, 262.06, 13.99, 0.012, 40.80, -21.27);
insert into SHOT values (526, 551, 552, 86, 2.520, 222.03, -8.00, 2.531, 222.09, -7.95, 0.011, 235.37, 3.65);
insert into SHOT values (527, 552, 553, 86, 3.330, 124.03, -28.00, 3.328, 123.91, -27.95, 0.007, 31.41, 27.73);
insert into SHOT values (528, 553, 554, 86, 10.330, 260.03, 13.00, 10.327, 259.99, 12.98, 0.009, 156.28, -24.91);
insert into SURVEY values (88, 19, 'P30b_Crapaud', 'P30b_Crapaud.Tsanfleuron', NULL);
 insert into CENTRELINE values (89, 88, NULL, NULL, NULL, 0.00, 0.00, 0.00);
 insert into CENTRELINE values (90, 88, NULL, NULL, NULL, 0.00, 0.00, 0.00);
 insert into CENTRELINE values (91, 88, NULL, NULL, NULL, 96.01, 0.00, 0.00);
 insert into SHOT values (529, 555, 556, 91, 4.030, 140.63, -65.00, 4.029, 140.71, -64.95, 0.004, 186.01, 35.69);
insert into SHOT values (530, 556, 557, 91, 3.930, 107.83, -34.60, 3.929, 107.82, -34.58, 0.002, 41.19, 67.19);
insert into SHOT values (531, 557, 558, 91, 4.580, 118.43, -70.50, 4.582, 118.58, -70.55, 0.006, 244.30, -28.65);
insert into SHOT values (532, 558, 559, 91, 4.350, 167.03, -59.00, 4.350, 166.83, -59.03, 0.008, 65.53, -9.54);
insert into SHOT values (533, 559, 560, 91, 6.630, 115.83, -29.20, 6.628, 115.81, -29.17, 0.005, 24.85, 68.44);
insert into SHOT values (534, 560, 561, 91, 1.940, 178.23, -40.60, 1.943, 178.44, -40.81, 0.010, 292.56, -51.56);
insert into SHOT values (535, 561, 562, 91, 3.280, 109.93, -40.30, 3.277, 109.89, -40.31, 0.004, 327.38, 24.57);
insert into SHOT values (536, 562, 563, 91, 3.970, 114.13, -40.40, 3.970, 114.19, -40.34, 0.005, 167.88, 36.26);
insert into SHOT values (537, 563, 564, 91, 6.700, 151.73, -46.50, 6.701, 151.66, -46.49, 0.006, 71.53, 0.08);
insert into SHOT values (538, 564, 565, 91, 9.430, 268.83, -11.70, 9.427, 268.82, -11.69, 0.003, 124.07, 41.40);
insert into SHOT values (539, 565, 566, 91, 1.710, 342.63, -8.90, 1.710, 342.42, -9.08, 0.008, 247.22, -41.67);
insert into SHOT values (540, 566, 567, 91, 1.690, 305.33, 0.40, 1.693, 305.38, 0.34, 0.004, 334.94, -30.90);
insert into SHOT values (541, 567, 568, 91, 20.680, 353.43, -82.00, 20.681, 353.42, -82.00, 0.002, 318.99, -49.80);
insert into SHOT values (542, 568, 569, 91, 3.240, 83.13, -19.40, 3.243, 83.25, -19.27, 0.010, 133.27, 37.43);
insert into SHOT values (543, 569, 570, 91, 1.940, 348.83, -29.40, 1.941, 348.76, -29.31, 0.004, 305.80, 36.47);
insert into SHOT values (544, 570, 571, 91, 2.640, 94.93, -15.20, 2.644, 94.95, -15.35, 0.008, 120.72, -75.16);
insert into SHOT values (545, 571, 572, 91, 15.270, 322.63, -59.80, 15.265, 322.67, -59.78, 0.010, 20.91, 51.44);
insert into CENTRELINE values (92, 88, NULL, '2020-08-02', '2020-08-02', 49.92, 0.00, 0.00);
 insert into SHOT values (546, 573, 574, 92, 5.370, 131.41, -5.49, 5.367, 131.51, -5.56, 0.012, 244.23, -31.98);
insert into SHOT values (547, 574, 575, 92, 1.830, 204.49, -23.94, 1.826, 204.42, -23.91, 0.005, 57.91, 33.20);
insert into SHOT values (548, 575, 576, 92, 1.490, 83.44, -5.40, 1.486, 83.40, -5.40, 0.004, 278.25, 3.41);
insert into SHOT values (549, 576, 577, 92, 0.870, 62.11, 4.86, 0.871, 62.55, 4.61, 0.008, 145.24, -28.97);
insert into SHOT values (550, 577, 578, 92, 1.810, 152.92, 4.95, 1.805, 152.86, 5.09, 0.007, 350.80, 34.15);
insert into SHOT values (551, 578, 579, 92, 2.390, 171.01, -15.39, 2.393, 171.03, -15.27, 0.006, 181.06, 46.85);
insert into SHOT values (552, 579, 580, 92, 0.700, 124.75, -18.45, 0.707, 124.64, -18.99, 0.010, 108.91, -61.16);
insert into SHOT values (553, 580, 581, 92, 1.110, 241.66, -28.62, 1.110, 241.86, -28.52, 0.004, 316.53, 25.76);
insert into SHOT values (554, 581, 582, 92, 1.910, 147.70, -3.06, 1.909, 147.64, -3.00, 0.003, 21.41, 40.33);
insert into SHOT values (555, 582, 583, 92, 2.660, 148.15, -14.13, 2.659, 148.16, -14.15, 0.002, 313.11, -20.99);
insert into SHOT values (556, 583, 584, 92, 2.300, 119.08, -33.03, 2.303, 119.08, -32.88, 0.007, 120.26, 33.57);
insert into SHOT values (557, 584, 585, 92, 0.710, 149.95, -26.10, 0.708, 150.59, -26.88, 0.012, 281.56, -38.90);
insert into SHOT values (558, 585, 586, 92, 0.970, 91.63, 0.54, 0.971, 91.77, 0.59, 0.003, 169.75, 19.31);
insert into SHOT values (559, 586, 587, 92, 2.090, 185.86, -10.80, 2.088, 185.88, -10.77, 0.003, 350.07, 35.43);
insert into SHOT values (560, 587, 588, 92, 1.340, 122.68, 0.45, 1.340, 122.50, 0.43, 0.004, 31.61, -7.26);
insert into SHOT values (561, 588, 589, 92, 2.870, 192.07, -9.54, 2.871, 192.02, -9.42, 0.006, 140.93, 62.77);
insert into SHOT values (562, 589, 590, 92, 3.720, 233.38, -13.50, 3.719, 233.32, -13.53, 0.004, 125.76, -21.80);
insert into SHOT values (563, 590, 591, 92, 0.830, 114.94, -18.72, 0.828, 114.93, -19.03, 0.005, 297.81, -48.92);
insert into SHOT values (564, 591, 592, 92, 2.680, 142.66, -15.75, 2.675, 142.73, -15.62, 0.009, 279.29, 58.53);
insert into SHOT values (565, 592, 593, 92, 2.330, 205.66, -53.55, 2.333, 205.27, -53.68, 0.011, 103.22, -30.89);
insert into SHOT values (566, 593, 594, 92, 2.100, 185.86, -69.03, 2.100, 186.09, -68.95, 0.004, 233.92, 12.72);
insert into SHOT values (567, 594, 595, 92, 0.510, 305.92, 14.85, 0.511, 305.94, 14.74, 0.001, 315.76, -32.40);
insert into SHOT values (568, 595, 596, 92, 7.330, 232.66, -70.47, 7.331, 232.80, -70.49, 0.007, 344.10, -14.74);
insert into CENTRELINE values (93, 88, NULL, '2020-09-18', '2020-09-18', 45.98, 0.00, 0.00);
 insert into SHOT values (569, 597, 598, 93, 2.250, 55.85, 71.30, 2.251, 55.65, 71.16, 0.006, 30.51, -11.74);
insert into SHOT values (570, 598, 599, 93, 2.090, 101.45, 6.60, 2.087, 101.69, 6.60, 0.009, 211.78, -1.37);
insert into SHOT values (571, 599, 600, 93, 1.190, 207.55, -2.10, 1.186, 207.65, -1.93, 0.006, 1.06, 39.79);
insert into SHOT values (572, 600, 601, 93, 2.500, 139.25, -32.80, 2.501, 139.25, -32.94, 0.006, 320.82, -65.52);
insert into SHOT values (573, 601, 602, 93, 1.260, 252.55, 5.30, 1.255, 252.29, 5.49, 0.009, 119.06, 24.62);
insert into SHOT values (574, 602, 603, 93, 4.230, 108.45, -8.30, 4.228, 108.39, -8.30, 0.005, 354.24, 7.32);
insert into SHOT values (575, 603, 604, 93, 0.940, 157.95, -14.50, 0.946, 158.20, -14.69, 0.008, 193.95, -34.77);
insert into SHOT values (576, 604, 605, 93, 2.900, 187.15, -6.70, 2.892, 187.20, -6.55, 0.011, 349.95, 46.56);
insert into SHOT values (577, 605, 606, 93, 1.080, 220.55, -10.20, 1.081, 220.43, -10.12, 0.003, 155.94, 25.70);
insert into SHOT values (578, 606, 607, 93, 0.790, 134.05, -16.20, 0.791, 134.46, -16.91, 0.011, 244.37, -58.85);
insert into SHOT values (579, 607, 608, 93, 1.650, 187.65, -37.40, 1.649, 187.45, -37.33, 0.005, 101.06, 25.07);
insert into SHOT values (580, 608, 609, 93, 2.250, 119.25, 17.50, 2.250, 119.31, 17.59, 0.004, 237.63, 52.52);
insert into SHOT values (581, 609, 610, 93, 4.330, 147.95, -17.20, 4.328, 147.85, -17.20, 0.008, 40.66, 3.00);
insert into SHOT values (582, 610, 611, 93, 0.630, 198.35, -15.50, 0.637, 199.03, -15.49, 0.010, 246.81, -9.67);
insert into SHOT values (583, 611, 612, 93, 0.300, 98.85, -16.40, 0.303, 97.85, -15.28, 0.009, 52.72, 33.59);
insert into SHOT values (584, 612, 613, 93, 2.730, 136.85, -15.50, 2.731, 136.85, -15.50, 0.001, 125.01, -21.45);
insert into SHOT values (585, 613, 614, 93, 2.210, 95.95, -18.90, 2.212, 96.04, -19.00, 0.005, 172.35, -52.36);
insert into SHOT values (586, 614, 615, 93, 3.910, 174.45, -11.00, 3.910, 174.47, -11.06, 0.004, 280.25, -75.09);
insert into SHOT values (587, 615, 616, 93, 5.540, 158.25, -12.40, 5.542, 158.32, -12.40, 0.006, 227.71, -3.25);
insert into SHOT values (588, 616, 617, 93, 3.200, 119.25, -22.90, 3.204, 119.17, -22.77, 0.010, 86.68, 32.55);
insert into CENTRELINE values (94, 88, NULL, '2020-07-24', '2020-07-24', 171.77, 0.00, 0.00);
 insert into SHOT values (589, 617, 618, 94, 2.020, 181.43, -5.40, 2.020, 181.42, -5.40, 0.001, 40.12, 10.57);
insert into SHOT values (590, 618, 619, 94, 3.200, 168.03, -12.90, 3.199, 168.15, -13.01, 0.009, 282.32, -39.26);
insert into SHOT values (591, 619, 620, 94, 1.540, 86.63, -15.90, 1.541, 86.52, -15.82, 0.004, 25.77, 29.25);
insert into SHOT values (592, 620, 621, 94, 4.960, 155.43, -15.60, 4.965, 155.42, -15.54, 0.008, 142.62, 30.78);
insert into SHOT values (593, 621, 622, 94, 1.710, 169.23, -8.80, 1.709, 169.42, -8.75, 0.006, 271.30, 15.85);
insert into SHOT values (594, 622, 623, 94, 1.670, 114.23, -18.00, 1.672, 114.15, -18.12, 0.005, 41.34, -56.81);
insert into SHOT values (595, 623, 624, 94, 0.510, 148.13, -6.70, 0.511, 147.88, -6.74, 0.003, 86.05, -10.84);
insert into SHOT values (596, 624, 625, 94, 4.380, 139.23, -5.60, 4.375, 139.28, -5.64, 0.007, 283.51, -21.64);
insert into SHOT values (597, 625, 626, 94, 0.940, 92.83, -9.40, 0.943, 93.08, -9.15, 0.007, 137.79, 32.24);
insert into SHOT values (598, 626, 627, 94, 0.960, 165.03, -2.10, 0.954, 164.80, -1.80, 0.009, 18.32, 35.80);
insert into SHOT values (599, 627, 628, 94, 1.270, 99.33, -8.90, 1.273, 99.61, -9.04, 0.008, 163.64, -27.48);
insert into SHOT values (600, 628, 629, 94, 2.470, 175.23, -14.30, 2.465, 175.20, -14.33, 0.005, 12.50, 0.94);
insert into SHOT values (601, 629, 630, 94, 0.700, 213.53, 4.10, 0.701, 213.92, 4.09, 0.005, 294.97, -0.58);
insert into SHOT values (602, 630, 631, 94, 7.600, 192.03, -6.90, 7.600, 192.01, -6.88, 0.004, 105.48, 43.24);
insert into SHOT values (603, 631, 632, 94, 6.000, 191.33, -14.60, 6.008, 191.31, -14.65, 0.010, 170.79, -46.98);
insert into SHOT values (604, 632, 633, 94, 3.350, 172.23, -8.90, 3.339, 172.34, -8.79, 0.014, 322.28, 35.12);
insert into SHOT values (605, 633, 634, 94, 3.570, 198.83, -11.80, 3.573, 198.85, -11.79, 0.003, 215.70, 0.93);
insert into SHOT values (606, 634, 635, 94, 3.570, 179.73, -8.70, 3.571, 179.68, -8.70, 0.004, 107.02, 0.02);
insert into SHOT values (607, 635, 636, 94, 3.910, 180.53, -13.70, 3.912, 180.45, -13.75, 0.007, 104.54, -35.23);
insert into SHOT values (608, 636, 637, 94, 4.030, 222.23, -4.90, 4.028, 222.27, -4.84, 0.005, 339.76, 53.74);
insert into SHOT values (609, 637, 638, 94, 2.880, 193.13, -7.90, 2.883, 193.16, -7.98, 0.005, 222.11, -57.59);
insert into SHOT values (610, 638, 639, 94, 5.230, 191.83, -9.20, 5.228, 191.85, -9.25, 0.005, 337.96, -49.87);
insert into SHOT values (611, 639, 640, 94, 3.350, 142.93, -17.90, 3.354, 143.02, -17.88, 0.006, 192.61, -3.16);
insert into SHOT values (612, 640, 641, 94, 2.960, 170.03, -14.40, 2.956, 169.95, -14.30, 0.008, 45.73, 48.74);
insert into SHOT values (613, 641, 642, 94, 2.480, 138.23, -17.10, 2.482, 138.25, -17.10, 0.002, 150.43, -18.74);
insert into SHOT values (614, 642, 643, 94, 2.180, 87.43, -7.20, 2.180, 87.35, -7.38, 0.008, 348.60, -64.37);
insert into SHOT values (615, 643, 644, 94, 2.640, 196.63, -9.70, 2.647, 196.70, -9.57, 0.010, 217.33, 29.93);
insert into SHOT values (616, 644, 645, 94, 1.710, 143.53, -14.90, 1.702, 143.41, -14.98, 0.009, 346.52, -1.88);
insert into SHOT values (617, 645, 646, 94, 5.010, 178.13, -19.10, 5.018, 178.07, -19.08, 0.010, 144.74, -3.59);
insert into SHOT values (618, 646, 647, 94, 4.690, 179.43, -18.00, 4.690, 179.49, -18.01, 0.004, 273.38, -9.98);
insert into SHOT values (619, 647, 648, 94, 3.430, 202.63, -80.80, 3.423, 202.78, -80.88, 0.009, 9.67, 43.27);
insert into SHOT values (620, 648, 649, 94, 6.090, 147.93, -56.40, 6.098, 147.96, -56.41, 0.009, 168.40, -61.51);
insert into SHOT values (621, 649, 650, 94, 6.540, 278.43, -2.90, 6.539, 278.45, -2.89, 0.002, 26.59, 21.82);
insert into SHOT values (622, 650, 651, 94, 1.500, 216.03, -12.80, 1.497, 216.09, -12.74, 0.004, 9.52, 38.77);
insert into SHOT values (623, 651, 652, 94, 4.010, 265.93, 9.40, 4.015, 265.95, 9.46, 0.006, 277.28, 52.88);
insert into SHOT values (624, 652, 653, 94, 3.350, 245.03, 2.30, 3.349, 244.89, 2.22, 0.010, 147.77, -27.58);
insert into SHOT values (625, 653, 654, 94, 2.330, 275.43, -11.10, 2.334, 275.51, -11.11, 0.005, 311.86, -15.34);
insert into SHOT values (626, 654, 655, 94, 2.350, 194.73, -13.50, 2.350, 194.71, -13.53, 0.002, 93.62, -49.85);
insert into SHOT values (627, 655, 656, 94, 2.720, 163.13, -9.30, 2.722, 163.12, -9.30, 0.002, 134.57, -14.27);
insert into SHOT values (628, 656, 657, 94, 2.960, 98.93, -10.40, 2.963, 98.88, -10.31, 0.006, 61.50, 43.95);
insert into SHOT values (629, 657, 658, 94, 3.430, 191.33, -10.30, 3.432, 191.44, -10.24, 0.008, 260.81, 25.71);
insert into SHOT values (630, 658, 659, 94, 8.820, 179.23, -6.30, 8.824, 179.22, -6.31, 0.005, 144.74, -23.39);
insert into SHOT values (631, 659, 660, 94, 4.170, 170.13, -7.40, 4.167, 170.10, -7.45, 0.005, 19.69, -33.75);
insert into SHOT values (632, 660, 661, 94, 4.080, 175.63, -7.20, 4.084, 175.61, -7.17, 0.005, 154.38, 17.38);
insert into SHOT values (633, 661, 662, 94, 4.810, 300.73, 15.00, 4.817, 300.75, 14.92, 0.010, 310.74, -29.98);
insert into SHOT values (634, 662, 663, 94, 1.760, 223.53, 8.70, 1.761, 223.60, 8.82, 0.004, 306.69, 61.04);
insert into SHOT values (635, 663, 664, 94, 2.200, 288.73, 9.30, 2.193, 288.60, 9.45, 0.010, 140.38, 25.22);
insert into SHOT values (636, 664, 665, 94, 4.480, 329.03, 14.00, 4.483, 329.01, 13.94, 0.006, 307.51, -41.58);
insert into SHOT values (637, 665, 666, 94, 2.290, 27.43, -8.00, 2.290, 27.58, -8.03, 0.006, 117.35, -12.48);
insert into SHOT values (638, 666, 667, 94, 4.960, 230.63, -65.80, 4.956, 230.99, -65.78, 0.013, 319.89, 18.15);
insert into SHOT values (639, 667, 668, 94, 4.000, 280.63, 0.00, 3.997, 280.52, 0.00, 0.008, 170.96, 0.00);
insert into SURVEY values (96, 19, 'P5_Glacier', 'P5_Glacier.Tsanfleuron', NULL);
 insert into CENTRELINE values (97, 96, NULL, NULL, NULL, 0.00, 0.00, 0.00);
 insert into CENTRELINE values (98, 96, NULL, NULL, NULL, 0.00, 0.00, 0.00);
 insert into CENTRELINE values (99, 96, NULL, NULL, NULL, 222.06, 0.00, 0.00);
 insert into SHOT values (640, 669, 670, 99, 27.050, 140.03, -39.00, 27.046, 140.04, -39.00, 0.005, 279.73, 36.73);
insert into SHOT values (641, 670, 671, 99, 12.750, 185.03, -39.00, 12.753, 184.98, -39.02, 0.011, 87.05, -35.10);
insert into SHOT values (642, 671, 672, 99, 15.510, 123.03, -39.00, 15.506, 123.04, -39.01, 0.006, 271.23, 7.85);
insert into SHOT values (643, 672, 673, 99, 25.120, 198.03, -39.00, 25.118, 198.03, -39.01, 0.004, 35.36, -20.13);
insert into SHOT values (644, 673, 674, 99, 25.650, 167.03, -39.00, 25.652, 167.04, -38.99, 0.007, 219.71, 18.47);
insert into SHOT values (645, 674, 675, 99, 8.310, 100.03, -39.00, 8.310, 99.99, -39.00, 0.005, 7.39, -4.14);
insert into SHOT values (646, 675, 676, 99, 14.920, 152.03, -41.00, 14.924, 152.05, -40.99, 0.005, 193.13, -17.28);
insert into SHOT values (647, 676, 677, 99, 14.920, 152.03, -39.00, 14.921, 152.02, -39.00, 0.002, 70.67, -15.54);
insert into SHOT values (648, 677, 678, 99, 10.520, 208.03, -39.00, 10.521, 208.01, -38.99, 0.004, 149.83, 6.52);
insert into SHOT values (649, 678, 679, 99, 15.410, 156.03, -39.00, 15.401, 156.05, -38.99, 0.010, 299.67, 52.21);
insert into SHOT values (650, 679, 680, 99, 18.790, 60.03, -2.00, 18.792, 60.04, -2.01, 0.005, 107.68, -59.48);
insert into SHOT values (651, 680, 681, 99, 18.950, 96.03, -48.00, 18.948, 96.02, -47.99, 0.003, 3.76, 51.93);
insert into SHOT values (652, 681, 682, 99, 14.160, 76.03, -36.00, 14.165, 76.06, -36.02, 0.009, 150.44, -47.45);
insert into SURVEY values (101, 19, 'P96_Kefir', 'P96_Kefir.Tsanfleuron', NULL);
 insert into CENTRELINE values (102, 101, NULL, NULL, NULL, 0.00, 0.00, 0.00);
 insert into CENTRELINE values (103, 101, NULL, NULL, NULL, 0.00, 0.00, 0.00);
 insert into CENTRELINE values (104, 101, NULL, NULL, NULL, 153.66, 0.00, 0.00);
 insert into SHOT values (653, 683, 684, 104, 9.740, 87.93, -14.20, 9.744, 87.94, -14.20, 0.004, 105.77, -10.23);
insert into SHOT values (654, 684, 685, 104, 3.050, 8.08, -0.60, 3.049, 7.92, -0.56, 0.009, 272.93, 12.59);
insert into SHOT values (655, 685, 686, 104, 9.510, 71.23, 6.80, 9.518, 71.24, 6.76, 0.011, 80.68, -33.14);
insert into SHOT values (656, 687, 688, 104, 15.720, 241.03, 59.50, 15.717, 240.99, 59.48, 0.007, 178.15, -40.65);
insert into SHOT values (657, 688, 689, 104, 5.550, 273.63, 77.00, 5.553, 273.66, 76.96, 0.005, 283.34, 28.49);
insert into SHOT values (658, 689, 690, 104, 2.390, 198.43, -14.40, 2.383, 198.43, -14.34, 0.008, 16.66, 34.09);
insert into SHOT values (659, 690, 691, 104, 12.040, 286.33, 63.70, 12.037, 286.33, 63.69, 0.004, 277.29, -80.26);
insert into SHOT values (660, 691, 692, 104, 3.600, 354.83, 65.60, 3.601, 354.98, 65.63, 0.004, 105.68, 20.27);
insert into SHOT values (661, 693, 694, 104, 2.360, 309.03, 28.60, 2.358, 308.92, 28.64, 0.005, 184.81, 3.40);
insert into SHOT values (662, 694, 695, 104, 3.260, 243.73, -15.40, 3.262, 243.76, -15.47, 0.005, 302.96, -65.25);
insert into SHOT values (663, 695, 696, 104, 6.050, 341.33, -79.10, 6.051, 341.25, -79.03, 0.007, 328.54, 6.70);
insert into SHOT values (664, 692, 697, 104, 13.020, 331.43, 72.70, 13.020, 331.32, 72.68, 0.008, 267.52, -6.71);
insert into SHOT values (665, 697, 698, 104, 7.950, 314.63, 63.00, 7.942, 314.66, 63.05, 0.011, 123.15, -18.96);
insert into SHOT values (666, 698, 684, 104, 5.030, 52.03, 84.50, 5.033, 51.71, 84.48, 0.005, 359.01, 42.99);
insert into SHOT values (667, 699, 700, 104, 2.610, 195.63, -2.80, 2.609, 195.58, -2.86, 0.003, 78.36, -46.11);
insert into SHOT values (668, 700, 701, 104, 1.870, 213.63, -23.00, 1.878, 213.69, -22.87, 0.010, 224.65, 4.02);
insert into SHOT values (669, 701, 702, 104, 3.920, 191.13, -51.80, 3.913, 190.98, -51.91, 0.012, 42.86, 2.74);
insert into SHOT values (670, 702, 703, 104, 2.110, 233.53, -7.20, 2.118, 233.51, -7.05, 0.010, 229.11, 27.08);
insert into SHOT values (671, 703, 704, 104, 13.110, 217.53, -73.80, 13.109, 217.43, -73.82, 0.008, 85.90, -3.87);
insert into SHOT values (672, 704, 705, 104, 2.440, 57.83, -67.40, 2.437, 57.67, -67.44, 0.005, 281.37, 34.75);
insert into SHOT values (673, 705, 706, 104, 4.150, 78.63, -78.50, 4.153, 78.83, -78.53, 0.005, 200.11, -44.98);
insert into SHOT values (674, 706, 707, 104, 3.470, 79.03, -21.30, 3.467, 78.93, -21.31, 0.006, 320.86, 4.47);
insert into SHOT values (675, 707, 708, 104, 8.670, 201.83, -75.70, 8.669, 201.65, -75.70, 0.007, 108.23, 11.61);
insert into SHOT values (676, 709, 710, 104, 4.890, 58.33, 19.00, 4.887, 58.27, 18.99, 0.006, 296.22, -19.74);
insert into SHOT values (677, 710, 711, 104, 7.150, 33.43, 40.60, 7.147, 33.43, 40.59, 0.003, 231.60, -71.04);
insert into CENTRELINE values (105, 101, NULL, '2020-08-01', '2020-08-01', 28.31, 0.00, 0.00);
 insert into SHOT values (678, 712, 713, 105, 3.610, 252.74, -35.55, 3.614, 252.80, -35.52, 0.006, 288.16, -11.32);
insert into SHOT values (679, 713, 714, 105, 2.120, 243.92, -4.41, 2.121, 243.92, -4.33, 0.003, 249.42, 60.86);
insert into SHOT values (680, 714, 715, 105, 2.680, 221.24, -28.62, 2.683, 221.21, -28.74, 0.006, 141.55, -80.10);
insert into SHOT values (681, 715, 716, 105, 2.820, 240.50, -63.72, 2.820, 240.14, -63.79, 0.008, 127.35, -9.98);
insert into SHOT values (682, 716, 717, 105, 17.080, 92.81, -86.13, 17.079, 92.49, -86.14, 0.007, 347.71, 9.11);
insert into CENTRELINE values (106, 101, NULL, '2020-08-01', '2020-08-01', 47.41, 0.00, 0.00);
 insert into SHOT values (683, 718, 719, 106, 5.480, 46.46, -4.77, 5.479, 46.48, -4.71, 0.006, 143.18, 64.03);
insert into SHOT values (684, 719, 720, 106, 8.420, 45.20, -4.14, 8.423, 45.19, -4.15, 0.003, 37.71, -40.77);
insert into SHOT values (685, 720, 721, 106, 9.030, 47.99, 0.27, 9.021, 47.97, 0.25, 0.010, 246.32, -14.63);
insert into SHOT values (686, 721, 722, 106, 1.840, 70.22, -40.68, 1.845, 70.40, -40.58, 0.007, 108.41, -4.86);
insert into SHOT values (687, 722, 723, 106, 3.090, 48.08, -27.45, 3.093, 47.95, -27.33, 0.009, 358.64, 29.34);
insert into SHOT values (688, 723, 724, 106, 2.770, 38.99, 53.19, 2.762, 38.88, 53.14, 0.009, 268.80, -61.86);
insert into SHOT values (689, 724, 725, 106, 6.970, 61.76, -38.88, 6.964, 61.83, -38.87, 0.009, 178.80, 32.87);
insert into SHOT values (690, 725, 726, 106, 4.240, 43.85, 4.50, 4.242, 43.85, 4.46, 0.004, 53.03, -47.40);
insert into SHOT values (691, 726, 727, 106, 5.570, 56.45, -38.07, 5.567, 56.35, -38.03, 0.009, 325.48, 31.25);
insert into CENTRELINE values (107, 101, NULL, '2020-08-01', '2020-08-01', 72.74, 0.00, 0.00);
 insert into SHOT values (692, 728, 729, 107, 4.670, 216.02, 78.57, 4.664, 216.25, 78.50, 0.010, 256.19, -50.87);
insert into SHOT values (693, 729, 730, 107, 3.030, 226.82, 14.67, 3.022, 226.80, 14.76, 0.010, 50.59, 15.66);
insert into SHOT values (694, 730, 731, 107, 4.560, 235.55, -12.24, 4.568, 235.49, -12.13, 0.012, 211.68, 33.17);
insert into SHOT values (695, 731, 732, 107, 3.560, 232.49, -17.28, 3.556, 232.42, -17.34, 0.007, 89.32, -21.82);
insert into SHOT values (696, 732, 733, 107, 6.230, 241.94, -6.03, 6.231, 241.99, -6.08, 0.008, 328.35, -44.40);
insert into SHOT values (697, 733, 734, 107, 6.240, 225.29, -48.87, 6.242, 225.30, -48.84, 0.004, 236.56, 1.27);
insert into SHOT values (698, 734, 735, 107, 1.600, 180.47, 50.76, 1.599, 180.57, 50.84, 0.003, 319.36, 16.18);
insert into SHOT values (699, 735, 736, 107, 4.000, 247.25, 1.89, 3.995, 247.16, 1.86, 0.008, 118.92, -14.17);
insert into SHOT values (700, 736, 737, 107, 4.180, 214.22, 47.16, 4.184, 214.25, 47.20, 0.005, 279.69, 69.66);
insert into SHOT values (701, 737, 738, 107, 7.560, 250.13, 19.71, 7.557, 250.11, 19.72, 0.003, 97.69, 5.69);
insert into SHOT values (702, 738, 739, 107, 8.600, 185.33, -76.86, 8.604, 185.59, -76.91, 0.012, 307.68, -25.55);
insert into SHOT values (703, 738, 740, 107, 8.640, 346.88, 67.14, 8.640, 346.75, 67.12, 0.008, 278.76, -9.93);
insert into SHOT values (704, 738, 741, 107, 9.870, 239.96, -18.99, 9.869, 239.97, -18.98, 0.003, 336.54, 30.01);
insert into CENTRELINE values (108, 101, NULL, '2020-08-01', '2020-08-01', 82.94, 0.00, 0.00);
 insert into SHOT values (705, 742, 743, 108, 5.430, 262.14, 43.20, 5.431, 262.16, 43.23, 0.004, 32.95, 56.04);
insert into SHOT values (706, 743, 744, 108, 2.860, 254.14, 11.90, 2.860, 254.03, 11.91, 0.005, 158.69, 2.75);
insert into SHOT values (707, 744, 745, 108, 1.260, 309.64, 7.50, 1.267, 309.51, 7.25, 0.010, 291.48, -27.59);
insert into SHOT values (708, 745, 746, 108, 4.450, 244.04, 17.30, 4.452, 244.04, 17.38, 0.007, 314.09, 88.02);
insert into SHOT values (709, 746, 747, 108, 3.670, 344.04, 29.20, 3.669, 344.05, 29.20, 0.001, 93.06, -21.10);
insert into SHOT values (710, 747, 748, 108, 1.880, 299.54, 16.00, 1.878, 299.55, 16.07, 0.003, 110.15, 35.90);
insert into SHOT values (711, 748, 749, 108, 2.880, 252.94, 25.20, 2.878, 252.82, 25.08, 0.008, 167.50, -49.07);
insert into SHOT values (712, 749, 750, 108, 2.370, 330.74, 11.20, 2.373, 330.68, 11.18, 0.004, 298.04, -4.84);
insert into SHOT values (713, 750, 751, 108, 3.150, 237.24, -4.70, 3.151, 237.22, -4.73, 0.002, 184.53, -62.70);
insert into SHOT values (714, 751, 752, 108, 2.720, 206.64, 12.90, 2.721, 206.66, 12.95, 0.003, 269.52, 63.41);
insert into SHOT values (715, 752, 753, 108, 4.030, 275.74, 10.10, 4.023, 275.80, 10.16, 0.009, 65.37, 21.15);
insert into SHOT values (716, 753, 754, 108, 2.480, 307.54, 20.40, 2.486, 307.51, 20.24, 0.009, 299.57, -29.88);
insert into SHOT values (717, 754, 755, 108, 4.590, 293.14, 14.20, 4.586, 293.05, 14.26, 0.009, 167.06, 25.34);
insert into SHOT values (718, 755, 756, 108, 3.850, 306.84, 20.60, 3.850, 307.00, 20.52, 0.011, 24.84, -23.78);
insert into SHOT values (719, 756, 757, 108, 3.090, 209.84, 3.90, 3.098, 209.88, 3.89, 0.009, 227.45, -1.13);
insert into SHOT values (720, 757, 758, 108, 2.850, 246.54, 12.20, 2.847, 246.48, 12.37, 0.009, 98.58, 55.37);
insert into SHOT values (721, 758, 759, 108, 4.240, 337.94, 17.30, 4.238, 337.94, 17.30, 0.002, 156.75, -25.27);
insert into SHOT values (722, 759, 760, 108, 1.710, 285.84, 8.40, 1.712, 285.76, 8.40, 0.003, 237.78, 3.77);
insert into SHOT values (723, 760, 761, 108, 2.700, 35.24, 14.10, 2.699, 35.21, 13.94, 0.008, 324.52, -80.08);
insert into SHOT values (724, 761, 762, 108, 4.200, 253.24, 10.00, 4.199, 253.27, 10.01, 0.003, 7.24, 12.37);
insert into SHOT values (725, 762, 763, 108, 9.560, 243.94, -8.30, 9.563, 243.92, -8.30, 0.004, 212.96, 0.63);
insert into SHOT values (726, 763, 764, 108, 4.720, 231.54, 6.70, 4.716, 231.59, 6.70, 0.006, 4.52, -6.55);
insert into SHOT values (727, 764, 765, 108, 2.340, 186.24, -7.50, 2.343, 186.18, -7.36, 0.007, 152.24, 52.09);
insert into SHOT values (728, 765, 766, 108, 1.910, 246.84, -15.20, 1.904, 246.92, -15.23, 0.007, 42.09, 6.53);
insert into SURVEY values (110, 19, 'PuitsJonction', 'PuitsJonction.Tsanfleuron', NULL);
 insert into CENTRELINE values (111, 110, NULL, NULL, NULL, 0.00, 0.00, 0.00);
 insert into CENTRELINE values (112, 110, NULL, NULL, NULL, 0.00, 0.00, 0.00);
 insert into CENTRELINE values (113, 110, NULL, NULL, NULL, 15.00, 0.00, 0.00);
 insert into SHOT values (729, 767, 768, 113, 15.000, 0.13, -90.00, 15.000, 90.00, -90.00, 0.000, 0.13, 0.00);
insert into SURVEY values (115, 19, 'TSX10_TrouStan', 'TSX10_TrouStan.Tsanfleuron', NULL);
 insert into CENTRELINE values (116, 115, NULL, NULL, NULL, 0.00, 0.00, 0.00);
 insert into CENTRELINE values (117, 115, NULL, NULL, NULL, 0.00, 0.00, 0.00);
 insert into CENTRELINE values (118, 115, NULL, '2020-07-24', '2020-07-24', 36.05, 0.00, 0.00);
 insert into SHOT values (730, 769, 770, 118, 10.740, 159.73, -68.90, 10.741, 159.74, -68.88, 0.003, 164.73, -1.47);
insert into SHOT values (731, 770, 771, 118, 5.010, 105.23, -67.40, 5.015, 105.05, -67.41, 0.008, 21.57, -36.54);
insert into SHOT values (732, 771, 772, 118, 5.590, 289.23, -32.70, 5.589, 289.24, -32.71, 0.001, 77.83, -2.18);
insert into SHOT values (733, 772, 773, 118, 2.670, 121.23, -75.20, 2.669, 121.83, -75.18, 0.007, 206.66, 11.32);
insert into SHOT values (734, 774, 775, 118, 3.470, 268.93, -16.70, 3.475, 268.80, -16.55, 0.013, 220.20, 33.63);
insert into SHOT values (735, 776, 777, 118, 6.770, 92.63, -78.80, 6.768, 92.62, -78.83, 0.004, 277.08, 16.48);
insert into SHOT values (736, 777, 778, 118, 1.800, 2.63, -90.00, 1.800, 90.00, -90.00, 0.000, 2.63, -88.02);
insert into SURVEY values (120, 19, 'TSX12_Queute_Tard', 'TSX12_Queute_Tard.Tsanfleuron', NULL);
 insert into CENTRELINE values (121, 120, NULL, NULL, NULL, 0.00, 0.00, 0.00);
 insert into CENTRELINE values (122, 120, NULL, NULL, NULL, 0.00, 0.00, 0.00);
 insert into CENTRELINE values (123, 120, NULL, '2020-07-26', '2020-07-26', 100.72, 0.00, 0.00);
 insert into SHOT values (737, 779, 780, 123, 4.090, 120.53, -73.90, 4.092, 120.62, -73.84, 0.005, 140.65, -4.87);
insert into SHOT values (738, 780, 781, 123, 4.870, 169.73, -63.20, 4.872, 169.77, -63.23, 0.003, 295.71, -65.08);
insert into SHOT values (739, 781, 782, 123, 5.020, 230.23, -44.60, 5.015, 230.34, -44.58, 0.008, 338.56, 35.28);
insert into SHOT values (740, 782, 783, 123, 1.300, 273.43, -37.80, 1.298, 273.37, -38.06, 0.006, 106.05, -30.02);
insert into SHOT values (741, 783, 784, 123, 4.670, 202.83, -59.40, 4.671, 203.01, -59.38, 0.008, 277.00, -2.55);
insert into SHOT values (742, 784, 785, 123, 4.840, 312.23, -85.00, 4.838, 312.09, -85.05, 0.005, 146.73, 20.47);
insert into SHOT values (743, 785, 786, 123, 5.510, 281.53, -60.30, 5.511, 281.64, -60.36, 0.007, 49.68, -31.16);
insert into SHOT values (744, 786, 787, 123, 2.690, 112.83, -39.40, 2.682, 112.98, -39.33, 0.010, 239.91, 48.19);
insert into SHOT values (745, 787, 788, 123, 3.890, 163.03, -63.80, 3.888, 163.04, -63.84, 0.003, 337.22, 6.49);
insert into SHOT values (746, 788, 789, 123, 4.190, 216.73, -67.90, 4.199, 216.51, -67.89, 0.011, 156.86, -47.25);
insert into SHOT values (747, 789, 790, 123, 5.010, 234.23, -67.50, 5.003, 234.32, -67.43, 0.010, 277.45, 63.26);
insert into SHOT values (748, 790, 791, 123, 10.150, 268.83, -87.10, 10.153, 268.88, -87.12, 0.005, 82.60, -41.07);
insert into SHOT values (749, 791, 792, 123, 11.760, 98.53, -87.20, 11.764, 97.99, -87.20, 0.007, 19.76, -35.88);
insert into SHOT values (750, 792, 793, 123, 1.870, 23.43, -41.50, 1.868, 23.63, -41.59, 0.006, 149.17, -8.75);
insert into SHOT values (751, 793, 794, 123, 5.030, 261.93, -60.90, 5.029, 262.04, -60.80, 0.010, 292.07, 30.67);
insert into SHOT values (752, 794, 795, 123, 5.160, 235.63, -53.60, 5.154, 235.53, -53.63, 0.008, 101.76, 22.79);
insert into SHOT values (753, 795, 796, 123, 4.850, 252.73, -71.90, 4.851, 252.65, -71.88, 0.003, 201.74, 0.02);
insert into SHOT values (754, 796, 797, 123, 5.260, 265.43, -47.40, 5.266, 265.49, -47.45, 0.009, 344.67, -66.63);
insert into SHOT values (755, 797, 798, 123, 3.290, 122.93, -17.30, 3.284, 123.03, -17.18, 0.011, 250.86, 51.22);
insert into SHOT values (756, 798, 799, 123, 2.930, 145.33, -15.20, 2.927, 145.24, -15.25, 0.006, 17.60, -16.95);
insert into SHOT values (757, 800, 801, 123, 4.340, 300.23, 15.50, 4.348, 300.24, 15.47, 0.008, 301.32, 1.35);
insert into SURVEY values (125, 19, 'TSX13_Devertebres', 'TSX13_Devertebres.Tsanfleuron', NULL);
 insert into CENTRELINE values (126, 125, NULL, NULL, NULL, 0.00, 0.00, 0.00);
 insert into CENTRELINE values (127, 125, NULL, NULL, NULL, 0.00, 0.00, 0.00);
 insert into CENTRELINE values (128, 125, NULL, '2020-07-27', '2020-07-27', 211.44, 0.00, 0.00);
 insert into SHOT values (758, 802, 803, 128, 2.160, 94.33, -64.40, 2.162, 94.30, -64.44, 0.002, 310.54, -67.73);
insert into SHOT values (759, 804, 805, 128, 3.460, 282.93, -2.10, 3.459, 282.87, -1.99, 0.008, 180.88, 59.65);
insert into SHOT values (760, 803, 806, 128, 8.260, 58.93, -77.70, 8.260, 58.92, -77.68, 0.003, 53.71, 6.67);
insert into SHOT values (761, 806, 807, 128, 2.760, 49.83, -28.30, 2.752, 49.86, -28.43, 0.010, 223.64, -8.42);
insert into SHOT values (762, 807, 808, 128, 2.260, 353.83, -44.30, 2.262, 353.97, -44.30, 0.004, 63.00, -20.81);
insert into SHOT values (763, 808, 809, 128, 1.480, 309.13, 67.30, 1.483, 309.29, 67.46, 0.006, 98.94, 56.70);
insert into SHOT values (764, 810, 811, 128, 7.130, 230.63, 7.50, 7.131, 230.68, 7.49, 0.006, 306.69, -6.19);
insert into SHOT values (765, 812, 813, 128, 5.520, 14.93, 4.20, 5.521, 14.94, 4.15, 0.005, 56.78, -71.35);
insert into SHOT values (766, 809, 814, 128, 9.270, 46.93, -87.30, 9.270, 46.85, -87.29, 0.002, 28.10, -8.01);
insert into SHOT values (767, 814, 815, 128, 5.760, 247.43, -26.10, 5.759, 247.50, -26.06, 0.007, 325.67, 34.21);
insert into SHOT values (768, 816, 817, 128, 3.760, 273.83, -15.80, 3.762, 273.80, -15.89, 0.007, 184.67, -72.40);
insert into SHOT values (769, 815, 818, 128, 2.750, 177.03, -6.20, 2.750, 177.06, -6.26, 0.003, 280.15, -64.28);
insert into SHOT values (770, 818, 819, 128, 3.520, 276.13, -26.00, 3.513, 276.00, -26.00, 0.010, 145.18, 17.26);
insert into SHOT values (771, 819, 820, 128, 3.840, 221.83, 6.10, 3.838, 221.92, 5.98, 0.010, 326.07, -53.90);
insert into SHOT values (772, 820, 821, 128, 2.670, 206.03, -5.30, 2.672, 206.08, -5.15, 0.007, 249.04, 63.39);
insert into SHOT values (773, 821, 822, 128, 1.780, 247.13, -2.50, 1.781, 247.18, -2.57, 0.003, 304.58, -53.61);
insert into SHOT values (774, 822, 823, 128, 2.960, 195.53, -21.20, 2.959, 195.35, -21.20, 0.009, 97.12, 2.55);
insert into SHOT values (775, 824, 825, 128, 4.990, 46.73, -74.60, 4.989, 46.53, -74.62, 0.005, 289.92, 9.04);
insert into SHOT values (776, 823, 826, 128, 2.330, 255.33, 12.40, 2.339, 255.29, 12.34, 0.009, 245.47, -2.05);
insert into SHOT values (777, 826, 827, 128, 7.400, 194.03, -4.30, 7.391, 194.06, -4.27, 0.010, 356.99, 28.54);
insert into SHOT values (778, 827, 828, 128, 3.280, 126.23, -20.90, 3.291, 126.27, -20.82, 0.012, 136.17, 0.47);
insert into SHOT values (779, 828, 829, 128, 3.240, 159.23, -0.70, 3.228, 159.32, -0.71, 0.013, 317.19, -1.88);
insert into SHOT values (780, 829, 830, 128, 2.050, 194.03, -1.70, 2.051, 193.83, -1.96, 0.012, 106.64, -51.78);
insert into SHOT values (781, 830, 831, 128, 2.950, 141.93, -12.60, 2.949, 142.06, -12.54, 0.007, 236.23, 30.15);
insert into SHOT values (782, 831, 832, 128, 1.020, 227.93, 6.90, 1.019, 227.80, 6.76, 0.003, 132.03, -47.21);
insert into SHOT values (783, 832, 833, 128, 1.260, 155.73, -17.20, 1.255, 155.36, -17.15, 0.009, 36.18, 15.97);
insert into SHOT values (784, 833, 834, 128, 3.090, 93.53, -9.90, 3.082, 93.59, -9.90, 0.009, 254.17, 8.42);
insert into SHOT values (785, 834, 835, 128, 2.280, 205.63, -0.20, 2.281, 205.44, -0.25, 0.008, 124.72, -14.69);
insert into SHOT values (786, 835, 836, 128, 3.200, 104.83, -9.80, 3.202, 104.87, -9.71, 0.006, 145.80, 55.55);
insert into SHOT values (787, 836, 837, 128, 1.330, 67.63, 6.00, 1.330, 67.31, 6.04, 0.007, 334.34, 7.49);
insert into SHOT values (788, 837, 838, 128, 1.670, 165.43, -4.90, 1.671, 165.38, -5.15, 0.008, 74.85, -77.60);
insert into SHOT values (789, 838, 839, 128, 1.440, 237.13, -3.60, 1.442, 237.19, -3.58, 0.003, 267.89, 8.32);
insert into SHOT values (790, 839, 840, 128, 1.320, 163.53, 0.10, 1.323, 163.76, 0.43, 0.010, 224.99, 52.79);
insert into SHOT values (791, 840, 841, 128, 2.780, 245.03, -2.20, 2.771, 245.01, -2.27, 0.009, 73.52, -20.56);
insert into SHOT values (792, 841, 842, 128, 1.650, 171.13, 0.20, 1.649, 171.28, 0.00, 0.007, 273.72, -53.32);
insert into SHOT values (793, 842, 843, 128, 1.520, 204.23, -0.30, 1.522, 204.04, 0.00, 0.010, 135.43, 54.96);
insert into SHOT values (794, 843, 844, 128, 2.140, 129.33, -20.00, 2.136, 129.33, -20.27, 0.011, 310.79, -48.69);
insert into SHOT values (795, 844, 845, 128, 3.720, 161.23, 0.30, 3.719, 161.18, 0.31, 0.004, 56.35, 7.44);
insert into SHOT values (796, 845, 846, 128, 0.770, 255.63, -10.50, 0.777, 255.60, -10.38, 0.007, 251.78, 2.66);
insert into SHOT values (797, 846, 847, 128, 2.120, 128.43, -11.10, 2.117, 128.36, -10.89, 0.009, 7.79, 68.44);
insert into SHOT values (798, 847, 848, 128, 1.450, 69.53, -8.00, 1.455, 69.68, -8.30, 0.010, 113.31, -57.82);
insert into SHOT values (799, 848, 849, 128, 2.120, 61.53, -6.10, 2.114, 61.61, -5.97, 0.008, 213.73, 42.91);
insert into SHOT values (800, 849, 850, 128, 1.350, 128.83, -3.60, 1.348, 128.66, -3.83, 0.007, 5.65, -46.84);
insert into SHOT values (801, 850, 851, 128, 1.210, 56.93, -6.90, 1.209, 57.24, -6.65, 0.008, 148.48, 40.34);
insert into SHOT values (802, 851, 852, 128, 3.790, 166.93, 7.50, 3.789, 166.93, 7.43, 0.005, 61.56, -82.22);
insert into SHOT values (803, 852, 853, 128, 2.600, 121.03, -10.70, 2.602, 121.08, -10.63, 0.004, 162.23, 42.36);
insert into SHOT values (804, 853, 854, 128, 2.000, 155.53, -42.80, 1.995, 155.72, -42.99, 0.010, 306.39, -6.63);
insert into SHOT values (805, 854, 855, 128, 1.360, 94.73, 0.40, 1.364, 94.62, 0.42, 0.005, 64.23, 5.56);
insert into SHOT values (806, 856, 857, 128, 5.700, 307.53, 16.00, 5.697, 307.58, 16.00, 0.005, 69.46, -12.20);
insert into SHOT values (807, 857, 858, 128, 15.880, 44.73, 79.00, 15.881, 44.73, 79.01, 0.004, 226.87, 26.06);
insert into SHOT values (808, 858, 859, 128, 6.490, 193.23, 65.80, 6.491, 193.25, 65.80, 0.001, 254.27, 19.57);
insert into SHOT values (809, 859, 860, 128, 5.730, 215.53, 81.30, 5.735, 215.54, 81.37, 0.009, 35.15, 42.41);
insert into SHOT values (810, 860, 861, 128, 5.910, 264.33, 10.80, 5.912, 264.27, 10.72, 0.011, 203.68, -44.47);
insert into SHOT values (811, 861, 862, 128, 4.850, 317.23, 82.70, 4.850, 317.60, 82.62, 0.008, 348.36, -5.08);
insert into SHOT values (812, 862, 863, 128, 3.140, 255.13, 25.10, 3.136, 255.08, 25.29, 0.012, 93.55, 43.87);
insert into SHOT values (813, 863, 864, 128, 9.130, 316.03, 81.00, 9.124, 315.85, 80.95, 0.012, 283.29, -41.07);
insert into SHOT values (814, 864, 855, 128, 11.840, 288.73, 75.20, 11.842, 288.73, 75.22, 0.005, 108.66, 32.22);
insert into CENTRELINE values (129, 125, NULL, '2020-10-08', '2020-10-08', 52.04, 0.00, 0.00);
 insert into SHOT values (815, 865, 866, 129, 1.350, 73.75, -8.60, 1.360, 73.59, -8.46, 0.011, 52.17, 9.90);
insert into SHOT values (816, 866, 867, 129, 0.970, 119.95, -10.80, 0.967, 120.34, -10.73, 0.007, 232.55, 14.15);
insert into SHOT values (817, 867, 868, 129, 1.040, 82.15, -13.00, 1.045, 82.11, -12.71, 0.007, 74.72, 31.82);
insert into SHOT values (818, 868, 869, 129, 3.280, 64.75, -7.90, 3.271, 64.78, -8.08, 0.014, 236.69, -41.84);
insert into SHOT values (819, 869, 870, 129, 3.150, 148.35, -16.10, 3.145, 148.26, -16.06, 0.008, 18.33, 27.51);
insert into SHOT values (820, 870, 871, 129, 0.800, 218.45, -30.10, 0.798, 218.53, -30.09, 0.002, 12.03, 30.57);
insert into SHOT values (821, 871, 872, 129, 2.260, 136.25, -5.30, 2.266, 136.26, -5.32, 0.006, 137.20, -11.94);
insert into SHOT values (822, 872, 873, 129, 0.890, 188.75, 11.40, 0.888, 188.60, 11.69, 0.005, 50.76, 48.61);
insert into SHOT values (823, 873, 874, 129, 0.610, 249.15, -2.60, 0.612, 248.90, -2.81, 0.004, 189.27, -36.06);
insert into SHOT values (824, 874, 875, 129, 1.400, 145.05, -11.00, 1.399, 145.38, -11.12, 0.008, 243.97, -19.74);
insert into SHOT values (825, 875, 876, 129, 2.230, 192.45, -17.10, 2.227, 192.47, -16.97, 0.006, 345.52, 77.16);
insert into SHOT values (826, 876, 877, 129, 1.270, 136.15, -1.00, 1.266, 135.96, -1.36, 0.010, 3.81, -53.43);
insert into SHOT values (827, 877, 878, 129, 1.740, 193.75, -2.10, 1.740, 193.64, -1.98, 0.005, 106.76, 46.38);
insert into SHOT values (828, 878, 879, 129, 0.790, 119.05, -15.00, 0.791, 118.91, -14.64, 0.005, 78.77, 56.08);
insert into SHOT values (829, 879, 880, 129, 0.650, 227.85, -16.00, 0.656, 228.22, -15.94, 0.007, 263.75, -7.04);
insert into SHOT values (830, 880, 881, 129, 0.740, 92.75, -4.10, 0.744, 93.09, -4.63, 0.009, 148.76, -53.25);
insert into SHOT values (831, 881, 882, 129, 0.780, 35.75, -2.20, 0.789, 35.71, -2.18, 0.009, 31.44, -0.38);
insert into SHOT values (832, 882, 883, 129, 1.030, 78.45, -14.30, 1.020, 78.92, -14.19, 0.013, 218.95, 19.35);
insert into SHOT values (833, 883, 884, 129, 1.770, 186.05, -17.80, 1.763, 185.81, -17.83, 0.010, 52.89, 6.34);
insert into SHOT values (834, 884, 885, 129, 2.960, 106.55, -15.70, 2.958, 106.53, -15.69, 0.003, 323.02, 22.08);
insert into SHOT values (835, 885, 886, 129, 1.560, 83.75, -15.50, 1.556, 83.87, -15.66, 0.006, 230.84, -29.04);
insert into SHOT values (836, 886, 887, 129, 1.630, 82.25, -0.90, 1.635, 82.27, -0.70, 0.008, 86.05, 47.79);
insert into SHOT values (837, 887, 888, 129, 2.290, 156.05, -27.00, 2.283, 156.21, -27.10, 0.009, 300.52, -2.20);
insert into SHOT values (838, 888, 889, 129, 0.790, 212.85, 3.80, 0.792, 212.08, 3.62, 0.011, 135.67, -12.16);
insert into SHOT values (839, 889, 890, 129, 2.640, 76.85, -2.10, 2.641, 76.86, -2.17, 0.003, 89.57, -74.49);
insert into SHOT values (840, 890, 891, 129, 2.560, 122.45, -12.10, 2.557, 122.42, -12.19, 0.005, 326.20, -40.76);
insert into SHOT values (841, 891, 892, 129, 1.910, 171.45, -11.20, 1.907, 171.39, -11.19, 0.003, 29.42, 16.94);
insert into SHOT values (842, 892, 893, 129, 1.020, 128.45, -12.70, 1.020, 128.48, -12.45, 0.004, 146.72, 71.50);
insert into SHOT values (843, 893, 894, 129, 1.590, 209.65, -19.30, 1.600, 209.79, -19.35, 0.011, 231.88, -25.10);
insert into SHOT values (844, 894, 895, 129, 0.950, 112.95, -3.40, 0.956, 112.80, -3.00, 0.009, 91.27, 43.13);
insert into SHOT values (845, 895, 896, 129, 2.320, 135.75, -15.10, 2.316, 135.73, -15.27, 0.008, 328.04, -46.28);
insert into SHOT values (846, 896, 897, 129, 0.830, 71.85, -10.30, 0.833, 72.23, -10.38, 0.006, 137.30, -15.17);
insert into SHOT values (847, 897, 898, 129, 1.890, 168.45, -14.60, 1.885, 168.63, -14.44, 0.009, 287.96, 45.19);
insert into SHOT values (848, 898, 899, 129, 0.350, 112.65, -6.00, 0.348, 112.11, -6.61, 0.005, 343.25, -38.76);
insert into SURVEY values (131, 19, 'TSX14', 'TSX14.Tsanfleuron', NULL);
 insert into CENTRELINE values (132, 131, NULL, NULL, NULL, 0.00, 0.00, 0.00);
 insert into CENTRELINE values (133, 131, NULL, NULL, NULL, 0.00, 0.00, 0.00);
 insert into CENTRELINE values (134, 131, NULL, '2022-07-27', '2022-07-27', 30.82, 0.00, 0.00);
 insert into SHOT values (849, 900, 901, 134, 9.820, 307.53, -26.10, 9.816, 307.53, -26.11, 0.004, 131.64, 2.86);
insert into SHOT values (850, 901, 902, 134, 2.000, 22.63, 0.00, 2.004, 22.60, 0.00, 0.004, 4.07, 0.00);
insert into SHOT values (851, 902, 903, 134, 3.000, 302.63, 5.00, 3.002, 302.57, 4.97, 0.004, 242.43, -21.88);
insert into SHOT values (852, 903, 904, 134, 3.000, 32.63, 5.00, 3.002, 32.57, 4.97, 0.004, 332.43, -21.88);
insert into SHOT values (853, 904, 905, 134, 5.000, 302.63, 5.00, 4.993, 302.60, 5.06, 0.009, 143.20, 28.79);
insert into SHOT values (854, 906, 907, 134, 8.000, 93.83, -66.20, 8.000, 93.91, -66.21, 0.004, 195.51, -4.35);
insert into SURVEY values (136, 19, 'TSX15', 'TSX15.Tsanfleuron', NULL);
 insert into CENTRELINE values (137, 136, NULL, NULL, NULL, 0.00, 0.00, 0.00);
 insert into CENTRELINE values (138, 136, NULL, NULL, NULL, 0.00, 0.00, 0.00);
 insert into CENTRELINE values (139, 136, NULL, '2022-07-27', '2022-07-27', 40.50, 0.00, 0.00);
 insert into SHOT values (855, 908, 909, 139, 13.000, 2.63, -90.00, 13.000, 90.00, -90.00, 0.000, 2.63, 0.00);
insert into SHOT values (856, 909, 910, 139, 5.000, 82.63, 0.00, 5.001, 82.65, 0.00, 0.002, 127.83, 0.00);
insert into SHOT values (857, 910, 911, 139, 3.000, 172.63, 0.00, 2.994, 172.71, 0.00, 0.007, 318.85, 0.00);
insert into SHOT values (858, 912, 913, 139, 2.500, 82.63, 0.00, 2.501, 82.65, 0.00, 0.001, 127.83, 0.00);
insert into SHOT values (859, 913, 914, 139, 15.000, 82.63, -50.00, 14.998, 82.61, -50.00, 0.005, 330.35, 8.31);
insert into SHOT values (860, 914, 915, 139, 2.000, 172.63, 0.00, 2.007, 172.56, 0.00, 0.007, 150.96, 0.00);
insert into SURVEY values (141, 19, 'TSX17', 'TSX17.Tsanfleuron', NULL);
 insert into CENTRELINE values (142, 141, NULL, NULL, NULL, 0.00, 0.00, 0.00);
 insert into CENTRELINE values (143, 141, NULL, NULL, NULL, 0.00, 0.00, 0.00);
 insert into CENTRELINE values (144, 141, NULL, '2022-06-23', '2022-06-23', 91.50, 0.00, 0.00);
 insert into SHOT values (861, 917, 918, 144, 3.000, 110.53, -19.90, 2.998, 110.56, -19.89, 0.002, 246.88, 31.52);
insert into SHOT values (862, 918, 919, 144, 5.810, 317.93, 64.30, 5.815, 317.89, 64.31, 0.005, 259.41, 68.89);
insert into SHOT values (863, 919, 920, 144, 6.800, 28.03, 85.20, 6.794, 28.37, 85.20, 0.007, 131.03, -60.71);
insert into SHOT values (864, 920, 921, 144, 8.450, 53.63, 77.10, 8.454, 53.62, 77.09, 0.004, 37.20, 62.90);
insert into SHOT values (865, 921, 922, 144, 3.300, 79.73, 42.30, 3.299, 79.61, 42.30, 0.005, 340.88, -10.41);
insert into SHOT values (866, 922, 923, 144, 2.190, 81.53, 48.20, 2.185, 81.70, 48.24, 0.007, 217.12, -22.45);
insert into SHOT values (867, 923, 924, 144, 3.940, 289.93, 69.40, 3.940, 289.88, 69.46, 0.005, 128.11, 25.11);
insert into SHOT values (868, 924, 925, 144, 3.690, 288.33, -4.40, 3.688, 288.39, -4.35, 0.005, 39.67, 38.88);
insert into SHOT values (869, 925, 926, 144, 4.700, 280.03, 85.50, 4.694, 279.46, 85.54, 0.008, 143.53, -46.38);
insert into SHOT values (870, 926, 927, 144, 3.720, 302.63, 10.90, 3.724, 302.60, 10.99, 0.008, 275.02, 60.85);
insert into SHOT values (871, 927, 928, 144, 3.910, 286.63, 4.20, 3.914, 286.67, 4.10, 0.008, 317.98, -49.75);
insert into SHOT values (872, 928, 929, 144, 5.090, 261.53, 67.90, 5.092, 261.57, 67.96, 0.006, 63.29, 40.89);
insert into SHOT values (873, 929, 930, 144, 1.960, 268.73, 11.70, 1.962, 268.81, 11.77, 0.004, 334.79, 42.12);
insert into SHOT values (874, 930, 931, 144, 4.550, 333.23, 41.80, 4.543, 333.13, 41.83, 0.009, 195.02, -17.43);
insert into SHOT values (875, 931, 932, 144, 1.950, 304.13, 11.30, 1.951, 304.35, 11.23, 0.008, 21.85, -15.28);
insert into SHOT values (876, 932, 933, 144, 2.780, 323.93, -0.80, 2.776, 323.79, -0.83, 0.008, 206.20, -8.82);
insert into SHOT values (877, 933, 934, 144, 1.640, 241.83, 3.80, 1.637, 241.87, 3.85, 0.004, 45.46, 20.01);
insert into SHOT values (878, 934, 935, 144, 3.900, 10.83, 9.10, 3.898, 10.78, 9.15, 0.005, 236.93, 36.77);
insert into SHOT values (879, 935, 936, 144, 1.730, 296.13, 27.50, 1.726, 296.40, 27.61, 0.009, 61.50, 7.64);
insert into SHOT values (880, 936, 937, 144, 1.130, 11.93, 0.00, 1.134, 11.71, 0.00, 0.006, 320.84, 0.00);
insert into SHOT values (881, 937, 938, 144, 5.170, 332.53, 2.40, 5.166, 332.54, 2.33, 0.008, 138.20, -57.62);
insert into SHOT values (882, 938, 939, 144, 1.260, 323.33, 69.70, 1.267, 323.39, 69.88, 0.008, 120.45, 81.52);
insert into SHOT values (883, 939, 940, 144, 1.690, 3.53, 2.40, 1.684, 3.41, 2.38, 0.007, 216.72, -6.62);
insert into SHOT values (884, 940, 941, 144, 2.400, 300.53, 28.00, 2.402, 300.55, 27.79, 0.009, 306.89, -48.84);
insert into SHOT values (885, 941, 942, 144, 5.110, 333.83, 36.60, 5.111, 333.81, 36.64, 0.004, 200.52, 58.91);
insert into SHOT values (886, 942, 916, 144, 1.630, 216.53, 66.00, 1.629, 216.35, 66.17, 0.005, 59.46, 9.71);
insert into SURVEY values (146, 19, 'TSX1_Precoces', 'TSX1_Precoces.Tsanfleuron', NULL);
 insert into CENTRELINE values (147, 146, NULL, NULL, NULL, 0.00, 0.00, 0.00);
 insert into CENTRELINE values (148, 146, NULL, NULL, NULL, 0.00, 0.00, 0.00);
 insert into CENTRELINE values (149, 146, NULL, NULL, NULL, 203.53, 0.00, 0.00);
 insert into SHOT values (887, 943, 944, 149, 4.340, 118.43, -10.70, 4.340, 118.43, -10.76, 0.004, 320.45, -85.02);
insert into SHOT values (888, 944, 945, 149, 5.690, 137.13, -6.80, 5.686, 137.15, -6.77, 0.005, 282.50, 43.05);
insert into SHOT values (889, 945, 946, 149, 0.520, 79.83, 63.80, 0.525, 80.13, 63.59, 0.005, 97.61, 40.16);
insert into SHOT values (890, 946, 947, 149, 3.880, 119.53, -12.30, 3.883, 119.54, -12.34, 0.004, 135.21, -58.01);
insert into SHOT values (891, 947, 948, 149, 2.560, 73.83, -23.00, 2.558, 73.72, -23.01, 0.005, 318.88, 3.13);
insert into SHOT values (892, 948, 949, 149, 5.490, 115.33, -10.10, 5.497, 115.38, -10.06, 0.009, 148.21, 17.16);
insert into SHOT values (893, 949, 950, 149, 9.930, 93.23, -16.70, 9.926, 93.20, -16.75, 0.011, 314.20, -37.56);
insert into SHOT values (894, 950, 951, 149, 15.740, 75.13, -9.20, 15.742, 75.12, -9.17, 0.008, 46.68, 59.33);
insert into SHOT values (895, 951, 952, 149, 22.310, 83.83, -12.00, 22.314, 83.85, -12.00, 0.007, 144.17, -12.50);
insert into SHOT values (896, 952, 953, 149, 8.380, 66.73, -5.40, 8.378, 66.69, -5.41, 0.006, 314.32, -13.31);
insert into SHOT values (897, 953, 954, 149, 5.480, 129.83, -7.60, 5.479, 129.85, -7.55, 0.005, 239.18, 71.26);
insert into SHOT values (898, 954, 955, 149, 10.280, 88.03, -11.70, 10.280, 88.06, -11.73, 0.008, 184.36, -41.41);
insert into SHOT values (899, 955, 956, 149, 6.980, 98.13, -12.10, 6.982, 98.08, -12.07, 0.007, 35.29, 26.31);
insert into SHOT values (900, 956, 957, 149, 6.910, 135.23, -11.10, 6.903, 135.24, -11.11, 0.007, 305.83, 2.80);
insert into SHOT values (901, 957, 958, 149, 6.550, 115.13, -10.70, 6.556, 115.17, -10.72, 0.008, 155.43, -27.61);
insert into SHOT values (902, 958, 959, 149, 9.230, 153.23, -12.00, 9.231, 153.21, -12.00, 0.004, 79.42, -15.06);
insert into SHOT values (903, 959, 960, 149, 6.820, 84.23, -14.10, 6.819, 84.19, -14.09, 0.005, 348.54, 15.89);
insert into SHOT values (904, 960, 961, 149, 6.100, 152.83, -24.30, 6.104, 152.84, -24.28, 0.004, 161.24, 3.30);
insert into SHOT values (905, 961, 962, 149, 3.250, 95.63, -10.60, 3.251, 95.57, -10.64, 0.004, 14.36, -31.61);
insert into SHOT values (906, 962, 963, 149, 4.260, 64.73, -4.90, 4.251, 64.71, -4.86, 0.009, 257.18, 24.57);
insert into SHOT values (907, 963, 964, 149, 11.880, 64.83, -11.50, 11.883, 64.84, -11.50, 0.004, 107.21, -20.49);
insert into SHOT values (908, 964, 965, 149, 4.500, 110.23, -17.50, 4.500, 110.17, -17.46, 0.006, 36.83, 32.22);
insert into SHOT values (909, 965, 966, 149, 9.740, 127.13, -44.60, 9.743, 127.15, -44.59, 0.004, 167.45, -14.90);
insert into SHOT values (910, 966, 967, 149, 4.930, 200.53, -52.20, 4.934, 200.53, -52.23, 0.005, 229.22, -84.67);
insert into SHOT values (911, 967, 968, 149, 6.210, 89.83, -9.80, 6.209, 89.81, -9.74, 0.007, 19.25, 74.41);
insert into SHOT values (912, 968, 969, 149, 6.770, 65.13, -17.80, 6.763, 65.11, -17.82, 0.008, 263.70, -3.09);
insert into SHOT values (913, 969, 970, 149, 2.340, 173.83, -44.30, 2.348, 173.85, -44.32, 0.008, 179.96, -48.90);
insert into SHOT values (914, 970, 971, 149, 5.920, 83.33, -32.60, 5.926, 83.33, -32.57, 0.006, 83.62, -4.21);
insert into SHOT values (915, 971, 972, 149, 2.200, 141.03, -41.10, 2.195, 141.12, -40.99, 0.007, 247.91, 65.43);
insert into SHOT values (916, 972, 973, 149, 1.960, 88.83, -25.60, 1.964, 88.71, -25.65, 0.006, 35.40, -32.99);
insert into SHOT values (917, 973, 974, 149, 1.000, 36.03, -62.90, 1.001, 36.12, -62.77, 0.003, 52.01, 4.69);
insert into SHOT values (918, 974, 975, 149, 1.380, 217.93, -51.70, 1.382, 217.93, -51.40, 0.007, 218.34, 23.58);
insert into CENTRELINE values (150, 146, NULL, NULL, NULL, 99.19, 0.00, 0.00);
 insert into SHOT values (919, 976, 977, 150, 13.470, 53.13, -71.90, 12.391, 45.44, -15.93, 12.210, 41.32, 50.37);
insert into SHOT values (920, 977, 978, 150, 4.240, 104.83, -49.00, 4.065, 284.24, 60.00, 8.266, 284.58, 54.38);
insert into SHOT values (921, 978, 979, 150, 0.820, 64.03, 34.30, 2.917, 3.90, 72.40, 2.452, 316.74, 70.93);
insert into SHOT values (922, 979, 980, 150, 1.640, 56.83, -40.50, 5.393, 253.00, 50.65, 6.989, 248.70, 48.51);
insert into SHOT values (923, 980, 981, 150, 35.250, 161.53, -68.30, 35.248, 161.52, -68.30, 0.003, 21.27, 39.04);
insert into SHOT values (924, 981, 982, 150, 10.000, 49.13, 0.00, 9.996, 49.14, 0.00, 0.004, 209.64, 0.00);
insert into SHOT values (925, 983, 984, 150, 8.150, 237.83, 13.00, 8.151, 237.81, 13.05, 0.007, 134.31, 67.89);
insert into SHOT values (926, 984, 985, 150, 3.840, 313.03, -19.30, 3.839, 312.99, -19.32, 0.003, 193.25, -14.59);
insert into SHOT values (927, 985, 986, 150, 11.230, 20.53, 86.50, 11.231, 20.56, 86.51, 0.002, 191.93, 24.48);
insert into SHOT values (928, 986, 987, 150, 7.020, 45.53, -5.80, 7.022, 45.46, -5.80, 0.008, 331.96, -3.98);
insert into SHOT values (929, 987, 970, 150, 3.530, 330.33, -0.10, 3.525, 330.23, -0.16, 0.009, 200.18, -26.65);
insert into CENTRELINE values (151, 146, NULL, NULL, NULL, 550.21, 0.00, 0.00);
 insert into SHOT values (930, 988, 989, 151, 12.510, 159.26, -68.70, 5.735, 209.13, -52.50, 7.930, 289.93, 63.65);
insert into SHOT values (931, 989, 990, 151, 11.800, 161.06, -63.20, 6.428, 195.80, -23.08, 8.704, 258.85, 67.00);
insert into SHOT values (932, 976, 977, 151, 14.870, 61.46, -7.30, 12.391, 45.44, -15.93, 4.895, 286.38, -17.97);
insert into SHOT values (933, 990, 991, 151, 4.100, 227.66, 11.90, 4.103, 227.73, 11.96, 0.007, 294.90, 42.17);
insert into SHOT values (934, 991, 992, 151, 12.530, 248.96, 14.00, 12.525, 248.93, 14.00, 0.009, 125.20, -8.22);
insert into SHOT values (935, 992, 993, 151, 3.840, 251.66, -4.40, 3.844, 251.75, -4.33, 0.009, 309.15, 31.64);
insert into SHOT values (936, 993, 994, 151, 4.050, 201.36, -56.50, 4.056, 201.18, -56.45, 0.010, 153.03, -16.71);
insert into SHOT values (937, 994, 995, 151, 2.990, 314.66, 7.50, 2.995, 314.73, 7.48, 0.006, 347.18, -2.42);
insert into SHOT values (938, 995, 996, 151, 2.890, 246.66, 12.90, 2.893, 246.61, 12.78, 0.007, 221.44, -44.81);
insert into SHOT values (939, 996, 997, 151, 3.130, 284.46, 8.30, 3.131, 284.40, 8.45, 0.009, 194.84, 66.77);
insert into SHOT values (940, 997, 998, 151, 10.430, 237.96, 10.00, 10.419, 237.98, 10.00, 0.012, 37.21, -5.71);
insert into SHOT values (941, 998, 999, 151, 2.550, 285.86, -34.00, 2.556, 285.61, -34.02, 0.011, 219.71, -21.96);
insert into SHOT values (942, 999, 1000, 151, 5.270, 239.66, 4.60, 5.265, 239.67, 4.58, 0.006, 46.02, -27.98);
insert into SHOT values (943, 1000, 1001, 151, 10.810, 332.16, 16.50, 10.814, 332.17, 16.49, 0.005, 4.99, -2.43);
insert into SHOT values (944, 1001, 1002, 151, 4.040, 322.96, 19.80, 4.038, 322.92, 19.84, 0.004, 183.97, 19.85);
insert into SHOT values (945, 1002, 1003, 151, 5.760, 268.06, 19.70, 5.760, 268.10, 19.68, 0.004, 356.20, -24.95);
insert into SHOT values (946, 1003, 1004, 151, 14.510, 252.06, 7.60, 14.507, 252.06, 7.61, 0.003, 87.88, 16.43);
insert into SHOT values (947, 1004, 1005, 151, 4.480, 256.06, 7.00, 4.487, 255.96, 7.04, 0.011, 206.35, 22.32);
insert into SHOT values (948, 1006, 1007, 151, 9.000, 248.46, 11.80, 8.994, 248.48, 11.80, 0.006, 45.11, -4.14);
insert into SHOT values (949, 1007, 1008, 151, 10.560, 160.56, -16.60, 10.556, 160.60, -16.62, 0.009, 290.07, -19.97);
insert into SHOT values (950, 1008, 1009, 151, 3.660, 226.76, -1.50, 3.658, 226.66, -1.41, 0.009, 123.54, 42.07);
insert into SHOT values (951, 1009, 1010, 151, 2.690, 135.66, -17.00, 2.693, 135.63, -17.06, 0.004, 94.52, -59.46);
insert into SHOT values (952, 1010, 1011, 151, 4.400, 212.16, 0.50, 4.400, 212.28, 0.52, 0.009, 300.56, 9.75);
insert into SHOT values (953, 1011, 1012, 151, 6.980, 144.86, -8.70, 6.992, 144.84, -8.72, 0.012, 131.84, -19.77);
insert into SHOT values (954, 1012, 1013, 151, 6.290, 180.96, -32.10, 6.282, 180.97, -32.12, 0.008, 354.58, 18.00);
insert into SHOT values (955, 1013, 1014, 151, 5.000, 236.46, 43.00, 5.001, 236.48, 42.99, 0.002, 281.77, 0.22);
insert into SHOT values (956, 1014, 1015, 151, 6.190, 90.56, -35.40, 6.182, 90.57, -35.39, 0.008, 262.77, 46.57);
insert into SHOT values (957, 1005, 1016, 151, 4.210, 344.26, 5.60, 4.218, 344.24, 5.58, 0.008, 334.77, -5.91);
insert into SHOT values (958, 1016, 1017, 151, 13.670, 346.76, 7.20, 13.667, 346.78, 7.19, 0.007, 105.56, -27.34);
insert into SHOT values (959, 1017, 1018, 151, 5.960, 44.86, 4.70, 5.960, 44.86, 4.72, 0.002, 168.33, 74.90);
insert into SHOT values (960, 1018, 1019, 151, 4.410, 10.96, 10.50, 4.413, 10.90, 10.58, 0.008, 303.69, 50.14);
insert into SHOT values (961, 1019, 1020, 151, 4.490, 259.86, 12.80, 4.489, 259.87, 12.74, 0.005, 2.19, -79.99);
insert into SHOT values (962, 1020, 1021, 151, 17.800, 347.26, 19.50, 17.794, 347.26, 19.50, 0.006, 177.80, -16.53);
insert into SHOT values (963, 1021, 1022, 151, 13.520, 335.76, 18.30, 13.526, 335.77, 18.31, 0.007, 0.40, 41.29);
insert into SHOT values (964, 1022, 1023, 151, 6.690, 43.66, 0.00, 6.691, 43.67, 0.00, 0.001, 84.81, 0.00);
insert into SHOT values (965, 1023, 1024, 151, 2.200, 354.26, -4.60, 2.198, 354.24, -4.70, 0.004, 199.45, -60.27);
insert into SHOT values (966, 1024, 1025, 151, 11.260, 60.86, -8.00, 11.261, 60.86, -8.01, 0.003, 67.47, -72.23);
insert into SHOT values (967, 1025, 1026, 151, 12.100, 42.36, -23.10, 12.095, 42.38, -23.07, 0.008, 168.21, 59.92);
insert into SHOT values (968, 1026, 1027, 151, 3.060, 42.66, -43.10, 3.056, 42.64, -43.15, 0.005, 232.89, 9.12);
insert into SHOT values (969, 1027, 1028, 151, 11.840, 159.26, -86.60, 11.840, 158.96, -86.63, 0.007, 11.30, -7.03);
insert into SHOT values (970, 1028, 1029, 151, 2.830, 219.66, -13.10, 2.829, 219.70, -13.08, 0.003, 337.55, 33.80);
insert into SHOT values (971, 1029, 1030, 151, 5.250, 283.26, -83.20, 5.256, 283.13, -83.27, 0.009, 117.08, -50.72);
insert into SHOT values (972, 1030, 1031, 151, 12.060, 34.76, 0.50, 12.059, 34.73, 0.52, 0.008, 294.08, 37.65);
insert into SHOT values (973, 1031, 1032, 151, 3.730, 63.86, 0.50, 3.730, 63.92, 0.46, 0.004, 153.34, -35.05);
insert into SHOT values (974, 1032, 1033, 151, 14.910, 17.26, 6.50, 14.914, 17.27, 6.51, 0.006, 56.82, 21.64);
insert into SHOT values (975, 1033, 1034, 151, 14.720, 31.96, 2.60, 14.713, 31.96, 2.61, 0.007, 212.12, 18.08);
insert into SHOT values (976, 1034, 1035, 151, 11.160, 358.66, 10.80, 11.161, 358.64, 10.79, 0.004, 280.45, -17.60);
insert into SHOT values (977, 1035, 1036, 151, 10.750, 38.86, -0.80, 10.754, 38.88, -0.80, 0.006, 90.08, 0.91);
insert into SHOT values (978, 1036, 1037, 151, 1.870, 87.66, -22.00, 1.868, 87.68, -22.01, 0.003, 251.67, 11.55);
insert into SHOT values (979, 1037, 1038, 151, 6.040, 62.86, -6.00, 6.045, 62.88, -6.08, 0.010, 91.92, -62.59);
insert into SHOT values (980, 1038, 1039, 151, 15.570, 356.56, 14.90, 15.573, 356.53, 14.92, 0.010, 275.07, 41.85);
insert into SHOT values (981, 1039, 1040, 151, 1.210, 65.16, 7.10, 1.213, 64.93, 7.11, 0.006, 3.72, 4.51);
insert into SHOT values (982, 1040, 1041, 151, 12.390, 354.06, 17.40, 12.389, 354.08, 17.38, 0.006, 82.86, -55.19);
insert into SHOT values (983, 1041, 1042, 151, 7.250, 1.06, 16.50, 7.250, 1.07, 16.51, 0.002, 100.25, 31.97);
insert into SHOT values (984, 1042, 1043, 151, 2.980, 64.46, 0.30, 2.979, 64.55, 0.38, 0.007, 165.59, 41.68);
insert into SHOT values (985, 1043, 1044, 151, 1.620, 137.06, -16.30, 1.623, 137.08, -16.46, 0.006, 156.08, -70.53);
insert into SHOT values (986, 1044, 1045, 151, 4.530, 44.86, 2.00, 4.528, 44.82, 2.02, 0.004, 285.49, 28.29);
insert into SHOT values (987, 1045, 1046, 151, 12.600, 348.66, 25.00, 12.606, 348.64, 25.01, 0.008, 307.04, 41.12);
insert into SHOT values (988, 1046, 1047, 151, 9.730, 33.76, 6.60, 9.729, 33.82, 6.55, 0.013, 122.91, -38.75);
insert into SHOT values (989, 1047, 1048, 151, 10.420, 24.26, 6.90, 10.420, 24.26, 6.95, 0.008, 198.68, 82.58);
insert into SHOT values (990, 1048, 1049, 151, 15.900, 36.66, 10.30, 15.900, 36.66, 10.29, 0.003, 332.55, -75.43);
insert into SHOT values (991, 1049, 1050, 151, 8.100, 12.16, 19.40, 8.101, 12.16, 19.39, 0.002, 26.96, -18.88);
insert into SHOT values (992, 1050, 1051, 151, 7.370, 78.56, -8.60, 7.368, 78.52, -8.59, 0.006, 333.13, 21.67);
insert into SHOT values (993, 1051, 1052, 151, 6.390, 122.26, -20.40, 6.389, 122.31, -20.43, 0.006, 235.98, -24.83);
insert into SHOT values (994, 1052, 1053, 151, 13.610, 57.76, 0.90, 13.610, 57.76, 0.88, 0.004, 333.72, -83.06);
insert into SHOT values (995, 1053, 1054, 151, 2.710, 358.66, 29.30, 2.709, 358.79, 29.40, 0.007, 116.81, 32.60);
insert into SHOT values (996, 1054, 1055, 151, 8.470, 77.36, -6.80, 8.463, 77.35, -6.79, 0.007, 266.48, 23.59);
insert into SHOT values (997, 1055, 1056, 151, 19.310, 358.16, 20.60, 19.312, 358.16, 20.58, 0.006, 5.27, -45.25);
insert into SHOT values (998, 1056, 1057, 151, 10.190, 63.46, -0.10, 10.192, 63.49, -0.11, 0.005, 129.26, -24.24);
insert into CENTRELINE values (152, 146, NULL, NULL, NULL, 40.81, 0.00, 0.00);
 insert into SHOT values (999, 1058, 1059, 152, 2.990, 153.33, -5.10, 2.990, 153.26, -4.99, 0.007, 68.10, 58.86);
insert into SHOT values (1000, 1059, 1060, 152, 9.540, 230.03, 31.40, 9.539, 230.03, 31.40, 0.001, 31.98, -22.80);
insert into SHOT values (1001, 1060, 1061, 152, 3.720, 223.33, -17.30, 3.727, 223.29, -17.33, 0.008, 203.64, -28.18);
insert into SHOT values (1002, 1061, 1062, 152, 12.960, 219.43, -85.00, 12.959, 219.61, -85.00, 0.004, 313.48, 10.83);
insert into SHOT values (1003, 1062, 1063, 152, 11.600, 228.33, -6.10, 11.596, 228.30, -6.09, 0.007, 104.36, 23.33);
insert into CENTRELINE values (153, 146, NULL, NULL, NULL, 138.74, 0.00, 0.00);
 insert into SHOT values (1004, 1064, 1065, 153, 3.730, 86.13, -18.80, 3.727, 86.10, -18.78, 0.004, 299.70, 31.13);
insert into SHOT values (1005, 1065, 1066, 153, 7.080, 66.33, -10.70, 7.086, 66.38, -10.65, 0.010, 109.57, 26.98);
insert into SHOT values (1006, 1067, 1068, 153, 2.000, 68.23, 19.90, 2.004, 68.20, 19.84, 0.004, 54.50, -9.89);
insert into SHOT values (1007, 1066, 1069, 153, 5.010, 80.83, -21.90, 5.004, 80.70, -21.95, 0.013, 315.47, -5.89);
insert into SHOT values (1008, 1069, 1070, 153, 7.110, 86.43, -16.10, 7.111, 86.48, -16.08, 0.006, 158.46, 16.50);
insert into SHOT values (1009, 1070, 1071, 153, 1.540, 204.83, -0.50, 1.539, 204.57, -0.74, 0.010, 109.92, -42.79);
insert into SHOT values (1010, 1071, 1072, 153, 11.160, 237.23, -77.00, 11.158, 237.32, -76.95, 0.010, 262.65, 23.43);
insert into SHOT values (1011, 1072, 1073, 153, 6.000, 19.53, 83.50, 5.999, 19.77, 83.49, 0.003, 92.76, -25.96);
insert into SHOT values (1012, 1074, 1075, 153, 6.190, 84.33, -16.90, 6.187, 84.28, -16.91, 0.006, 322.65, -5.19);
insert into SHOT values (1013, 1075, 1076, 153, 17.630, 84.83, -17.80, 17.632, 84.84, -17.80, 0.003, 139.22, -9.75);
insert into SHOT values (1014, 1076, 1077, 153, 2.430, 151.03, -19.40, 2.423, 150.97, -19.28, 0.009, 358.37, 53.77);
insert into SHOT values (1015, 1077, 1078, 153, 6.400, 65.03, -4.50, 6.395, 65.04, -4.48, 0.006, 229.00, 22.48);
insert into SHOT values (1016, 1078, 1079, 153, 4.230, 17.33, 9.40, 4.225, 17.30, 9.40, 0.005, 219.44, -10.12);
insert into SHOT values (1017, 1079, 1080, 153, 4.440, 70.53, -9.60, 4.443, 70.53, -9.59, 0.003, 72.08, 9.72);
insert into SHOT values (1018, 1080, 1081, 153, 3.380, 36.73, 6.10, 3.384, 36.67, 5.94, 0.011, 0.48, -55.12);
insert into SHOT values (1019, 1081, 1082, 153, 8.370, 75.63, -11.10, 8.371, 75.69, -11.09, 0.009, 157.15, 8.76);
insert into SHOT values (1020, 1082, 1083, 153, 6.960, 127.03, -24.70, 6.954, 126.96, -24.65, 0.012, 14.27, 45.16);
insert into SHOT values (1021, 1083, 1084, 153, 8.970, 71.53, -9.30, 8.963, 71.54, -9.31, 0.008, 234.20, -3.14);
insert into SHOT values (1022, 1084, 1085, 153, 8.920, 54.63, -3.50, 8.918, 54.65, -3.54, 0.007, 181.20, -55.46);
insert into SHOT values (1023, 1085, 1086, 153, 6.970, 121.53, -23.70, 6.966, 121.47, -23.70, 0.008, 0.41, 11.83);
insert into SHOT values (1024, 1086, 1087, 153, 10.220, 180.43, -22.70, 10.220, 180.43, -22.68, 0.004, 158.49, 62.40);
insert into CENTRELINE values (154, 146, NULL, NULL, NULL, 296.50, 0.00, 0.00);
 insert into SHOT values (1025, 1087, 1088, 154, 1.450, 80.08, -10.80, 1.448, 80.27, -11.15, 0.010, 209.36, -53.40);
insert into SHOT values (1026, 1088, 1089, 154, 10.430, 107.98, -85.00, 10.430, 107.84, -84.97, 0.005, 83.55, 3.30);
insert into SHOT values (1027, 1089, 1090, 154, 3.290, 251.88, 9.90, 3.288, 252.01, 9.98, 0.009, 2.00, 28.60);
insert into SHOT values (1028, 1090, 1091, 154, 21.680, 262.08, -33.60, 21.685, 262.08, -33.60, 0.005, 248.01, -26.92);
insert into SHOT values (1029, 1091, 1092, 154, 3.840, 265.88, -3.60, 3.838, 265.81, -3.59, 0.005, 151.60, 11.90);
insert into SHOT values (1030, 1092, 1093, 154, 13.800, 344.78, 21.70, 13.798, 344.76, 21.69, 0.005, 239.42, -29.04);
insert into SHOT values (1031, 1093, 1094, 154, 14.720, 8.68, 17.40, 14.724, 8.68, 17.39, 0.005, 2.22, -22.84);
insert into SHOT values (1032, 1094, 1095, 154, 11.360, 300.88, 22.80, 11.355, 300.88, 22.85, 0.012, 121.75, 40.29);
insert into SHOT values (1033, 1095, 1096, 154, 10.580, 358.58, 16.20, 10.583, 358.53, 16.19, 0.009, 291.33, -11.06);
insert into SHOT values (1034, 1096, 1097, 154, 10.660, 9.58, 16.50, 10.664, 9.63, 16.51, 0.009, 80.37, 14.76);
insert into SHOT values (1035, 1097, 1098, 154, 12.520, 357.98, 19.30, 12.518, 357.96, 19.26, 0.009, 285.29, -65.75);
insert into SHOT values (1036, 1098, 1099, 154, 25.670, 346.18, 20.70, 25.675, 346.17, 20.71, 0.008, 299.93, 53.81);
insert into SHOT values (1037, 1099, 1100, 154, 9.840, 333.48, 13.80, 9.837, 333.52, 13.82, 0.007, 93.93, 22.46);
insert into SHOT values (1038, 1100, 1101, 154, 7.200, 331.08, 2.50, 7.195, 331.05, 2.47, 0.008, 193.58, -32.76);
insert into SHOT values (1039, 1101, 1102, 154, 28.560, 342.08, 13.40, 28.566, 342.08, 13.40, 0.006, 342.84, 12.92);
insert into SHOT values (1040, 1102, 1103, 154, 16.820, 347.08, 6.20, 16.821, 347.08, 6.18, 0.007, 324.87, -72.21);
insert into SHOT values (1041, 1103, 1104, 154, 11.360, 359.18, 5.40, 11.352, 359.19, 5.41, 0.009, 167.60, 6.15);
insert into SHOT values (1042, 1104, 1105, 154, 11.310, 334.68, 11.80, 11.316, 334.66, 11.83, 0.009, 296.09, 50.82);
insert into SHOT values (1043, 1105, 1106, 154, 7.400, 347.98, 9.50, 7.401, 347.98, 9.49, 0.002, 357.62, -41.89);
insert into SHOT values (1044, 1106, 1107, 154, 7.190, 329.88, 7.10, 7.189, 329.88, 7.11, 0.002, 166.21, 40.37);
insert into SHOT values (1045, 1107, 1108, 154, 4.790, 357.88, 7.70, 4.796, 357.95, 7.67, 0.009, 40.99, -11.87);
insert into SHOT values (1046, 1108, 1109, 154, 9.970, 31.88, 0.10, 9.962, 31.87, 0.12, 0.009, 222.52, 17.51);
insert into SHOT values (1047, 1109, 1110, 154, 4.780, 299.38, 10.10, 4.779, 299.40, 10.00, 0.008, 27.83, -80.09);
insert into SHOT values (1048, 1110, 1111, 154, 5.610, 305.78, 16.90, 5.607, 305.82, 16.90, 0.005, 70.75, -9.65);
insert into SHOT values (1049, 1111, 1112, 154, 3.530, 230.28, 16.90, 3.534, 230.28, 16.95, 0.005, 231.87, 55.50);
insert into SHOT values (1050, 1112, 1113, 154, 5.710, 270.58, 19.80, 5.710, 270.53, 19.86, 0.008, 153.84, 49.93);
insert into SHOT values (1051, 1113, 1114, 154, 2.380, 253.78, 15.60, 2.379, 253.78, 15.61, 0.001, 74.19, -1.48);
insert into SHOT values (1052, 1114, 1115, 154, 9.830, 309.18, 25.10, 9.833, 309.21, 25.09, 0.006, 2.92, 1.10);
insert into SHOT values (1053, 1115, 1116, 154, 10.220, 304.18, 24.50, 10.219, 304.13, 24.45, 0.011, 234.78, -45.79);
insert into SURVEY values (156, 19, 'TSX2', 'TSX2.Tsanfleuron', NULL);
 insert into CENTRELINE values (157, 156, NULL, NULL, NULL, 0.00, 0.00, 0.00);
 insert into CENTRELINE values (158, 156, NULL, NULL, NULL, 0.00, 0.00, 0.00);
 insert into CENTRELINE values (159, 156, NULL, NULL, NULL, 161.16, 0.00, 0.00);
 insert into SHOT values (1054, 1117, 1118, 159, 6.990, 270.03, -63.40, 6.990, 270.00, -63.40, 0.002, 185.73, 4.79);
insert into SHOT values (1055, 1118, 1119, 159, 1.890, 305.03, -49.20, 1.889, 305.11, -49.19, 0.002, 48.12, 23.18);
insert into SHOT values (1056, 1119, 1120, 159, 4.020, 36.13, -20.90, 4.014, 36.11, -20.87, 0.007, 233.04, 37.11);
insert into SHOT values (1057, 1120, 1121, 159, 4.420, 272.73, 10.50, 4.418, 272.77, 10.43, 0.006, 19.35, -59.86);
insert into SHOT values (1058, 1121, 1122, 159, 4.510, 160.53, -87.60, 4.514, 158.75, -87.55, 0.008, 105.39, -28.41);
insert into SHOT values (1059, 1122, 1123, 159, 7.100, 185.53, -67.70, 7.091, 185.54, -67.68, 0.009, 346.85, 79.64);
insert into SHOT values (1060, 1124, 1125, 159, 2.440, 242.93, 15.30, 2.434, 242.89, 15.25, 0.007, 79.68, -33.63);
insert into SHOT values (1061, 1125, 1126, 159, 2.440, 243.53, -21.00, 2.441, 243.43, -20.88, 0.006, 190.52, 43.00);
insert into SHOT values (1062, 1126, 1127, 159, 1.770, 329.93, 5.80, 1.774, 330.09, 5.82, 0.007, 21.05, 9.88);
insert into SHOT values (1063, 1127, 1128, 159, 2.820, 246.83, 7.60, 2.820, 246.83, 7.54, 0.003, 230.82, -84.26);
insert into SHOT values (1064, 1129, 1130, 159, 1.980, 73.43, -19.40, 1.983, 73.21, -19.44, 0.008, 359.81, -17.43);
insert into SHOT values (1065, 1130, 1131, 159, 1.420, 84.63, -13.00, 1.423, 84.62, -13.00, 0.003, 78.26, -12.74);
insert into SHOT values (1066, 1131, 1132, 159, 2.820, 55.93, -9.60, 2.813, 56.02, -9.62, 0.008, 202.97, 1.98);
insert into SHOT values (1067, 1132, 1133, 159, 3.540, 57.83, -11.70, 3.547, 57.82, -11.71, 0.008, 52.89, -16.49);
insert into SHOT values (1068, 1133, 1134, 159, 2.450, 69.83, -9.10, 2.448, 69.92, -9.17, 0.005, 191.00, -30.76);
insert into SHOT values (1069, 1134, 1135, 159, 2.550, 118.93, -17.60, 2.549, 118.78, -17.58, 0.006, 24.81, 9.28);
insert into SHOT values (1070, 1135, 1136, 159, 4.240, 64.33, -7.20, 4.238, 64.35, -7.18, 0.003, 212.03, 28.24);
insert into SHOT values (1071, 1136, 1137, 159, 5.430, 98.93, -15.20, 5.422, 98.90, -15.18, 0.008, 297.53, 26.62);
insert into SHOT values (1072, 1137, 1138, 159, 2.010, 178.93, -20.80, 2.014, 178.78, -20.95, 0.008, 105.13, -50.78);
insert into SHOT values (1073, 1138, 1139, 159, 2.760, 107.83, -8.90, 2.764, 107.90, -8.74, 0.010, 140.42, 46.73);
insert into SHOT values (1074, 1140, 1141, 159, 5.520, 308.13, 62.00, 5.517, 308.11, 61.97, 0.004, 265.99, -68.65);
insert into SHOT values (1075, 1139, 1142, 159, 0.660, 93.93, -5.10, 0.654, 93.52, -5.26, 0.008, 310.88, -9.77);
insert into SHOT values (1076, 1142, 1143, 159, 1.810, 118.73, -25.00, 1.814, 118.75, -25.12, 0.005, 134.10, -67.21);
insert into SHOT values (1077, 1144, 1145, 159, 3.340, 229.73, 6.30, 3.341, 229.64, 6.36, 0.006, 143.29, 34.33);
insert into SHOT values (1078, 1143, 1146, 159, 4.940, 49.53, -5.50, 4.938, 49.54, -5.46, 0.004, 206.90, 63.53);
insert into SHOT values (1079, 1146, 1147, 159, 5.000, 68.23, -5.20, 4.997, 68.18, -5.17, 0.006, 306.92, 30.51);
insert into SHOT values (1080, 1147, 1148, 159, 7.870, 51.53, 0.30, 7.873, 51.60, 0.29, 0.010, 125.09, -6.71);
insert into SHOT values (1081, 1148, 1149, 159, 1.080, 122.63, 6.60, 1.077, 122.80, 6.39, 0.006, 246.75, -47.20);
insert into SHOT values (1082, 1149, 1150, 159, 6.020, 54.03, -12.30, 6.022, 53.99, -12.27, 0.006, 356.75, 24.92);
insert into SHOT values (1083, 1150, 1151, 159, 1.160, 137.13, 10.80, 1.167, 137.12, 10.86, 0.007, 135.64, 21.07);
insert into SHOT values (1084, 1151, 1152, 159, 3.900, 46.33, -5.80, 3.896, 46.25, -5.89, 0.009, 277.16, -41.73);
insert into SHOT values (1085, 1152, 1153, 159, 2.760, 72.23, -1.40, 2.765, 72.09, -1.45, 0.009, 17.32, -17.22);
insert into SHOT values (1086, 1153, 1154, 159, 5.880, 65.13, -11.30, 5.876, 65.17, -11.29, 0.006, 194.68, 22.88);
insert into SHOT values (1087, 1155, 1156, 159, 1.190, 300.23, -17.20, 1.187, 300.18, -17.16, 0.004, 136.85, 30.56);
insert into SHOT values (1088, 1156, 1157, 159, 4.670, 338.73, 83.60, 4.670, 338.81, 83.54, 0.005, 346.68, -10.09);
insert into SHOT values (1089, 1154, 1158, 159, 6.930, 80.03, -9.10, 6.930, 79.99, -9.05, 0.008, 6.02, 48.59);
insert into SHOT values (1090, 1158, 1159, 159, 3.940, 14.43, -11.30, 3.939, 14.40, -11.42, 0.009, 238.24, -67.53);
insert into SHOT values (1091, 1160, 1161, 159, 4.390, 327.53, 26.40, 4.391, 327.56, 26.37, 0.003, 21.92, -35.53);
insert into SHOT values (1092, 1161, 1162, 159, 2.080, 300.03, 6.40, 2.084, 300.16, 6.61, 0.010, 355.52, 55.68);
insert into SHOT values (1093, 1162, 1163, 159, 2.310, 296.83, -4.30, 2.306, 296.90, -4.48, 0.009, 86.60, -50.85);
insert into SHOT values (1094, 1163, 1164, 159, 2.220, 331.03, 9.00, 2.217, 330.74, 9.08, 0.012, 223.84, 13.27);
insert into SHOT values (1095, 1164, 1165, 159, 3.030, 278.83, 7.50, 3.021, 278.83, 7.42, 0.010, 97.64, -32.73);
insert into SHOT values (1096, 1165, 1166, 159, 4.200, 228.33, 3.00, 4.200, 228.48, 3.00, 0.011, 320.70, 0.99);
insert into SHOT values (1097, 1166, 1167, 159, 0.750, 334.23, 0.20, 0.743, 334.47, 0.77, 0.011, 131.70, 42.25);
insert into SHOT values (1098, 1167, 1168, 159, 7.910, 311.13, 74.50, 7.909, 310.98, 74.46, 0.008, 266.84, -16.51);
insert into SURVEY values (161, 19, 'TSX4_CoupeFresard', 'TSX4_CoupeFresard.Tsanfleuron', NULL);
 insert into CENTRELINE values (162, 161, NULL, NULL, NULL, 0.00, 0.00, 0.00);
 insert into CENTRELINE values (163, 161, NULL, NULL, NULL, 0.00, 0.00, 0.00);
 insert into CENTRELINE values (164, 161, NULL, '2020-07-31', '2020-07-31', 75.14, 0.00, 0.00);
 insert into SHOT values (1099, 1169, 1170, 164, 2.510, 254.84, -87.60, 2.512, 253.30, -87.62, 0.004, 150.02, -37.18);
insert into SHOT values (1100, 1170, 1171, 164, 4.190, 95.14, -26.80, 4.186, 95.07, -26.84, 0.007, 316.35, -6.63);
insert into SHOT values (1101, 1171, 1172, 164, 4.530, 164.54, -65.80, 4.529, 164.39, -65.77, 0.005, 92.62, 20.71);
insert into SHOT values (1102, 1172, 1173, 164, 2.780, 79.14, -15.70, 2.780, 79.24, -15.65, 0.005, 158.64, 26.76);
insert into SHOT values (1103, 1173, 1174, 164, 14.890, 88.64, -78.60, 14.893, 88.64, -78.61, 0.004, 274.97, -58.58);
insert into SHOT values (1104, 1174, 1175, 164, 2.080, 66.54, 23.40, 2.081, 66.53, 23.51, 0.004, 273.45, 73.70);
insert into SHOT values (1105, 1175, 1176, 164, 3.150, 104.44, -10.80, 3.153, 104.40, -10.79, 0.004, 65.22, 3.67);
insert into SHOT values (1106, 1176, 1177, 164, 3.170, 183.34, -10.70, 3.171, 183.31, -10.72, 0.002, 105.05, -42.19);
insert into SHOT values (1107, 1177, 1178, 164, 0.650, 153.44, 6.70, 0.649, 154.23, 7.08, 0.010, 253.49, 24.79);
insert into SHOT values (1108, 1178, 1179, 164, 0.710, 179.44, -19.50, 0.712, 179.14, -19.71, 0.005, 102.30, -40.16);
insert into SHOT values (1109, 1179, 1180, 164, 2.600, 136.14, -53.00, 2.598, 136.04, -53.20, 0.010, 333.14, -21.02);
insert into SHOT values (1110, 1180, 1181, 164, 15.030, 154.44, -83.90, 15.026, 154.55, -83.87, 0.010, 174.22, 28.06);
insert into SHOT values (1111, 1181, 1182, 164, 4.510, 331.94, -35.10, 4.514, 332.05, -35.16, 0.010, 55.75, -44.61);
insert into SHOT values (1112, 1182, 1183, 164, 10.650, 322.24, -77.70, 10.644, 322.17, -77.71, 0.007, 191.32, 55.88);
insert into SHOT values (1113, 1183, 1184, 164, 3.690, 274.64, 23.50, 3.687, 274.75, 23.49, 0.007, 24.75, -11.47);
insert into CENTRELINE values (165, 161, NULL, '2020-08-02', '2020-08-02', 76.71, 0.00, 0.00);
 insert into SHOT values (1114, 1185, 1186, 165, 7.020, 8.24, 62.60, 7.019, 8.18, 62.57, 0.005, 311.84, -30.78);
insert into SHOT values (1115, 1186, 1187, 165, 7.190, 96.04, 42.40, 7.191, 96.05, 42.41, 0.002, 180.31, 55.80);
insert into SHOT values (1116, 1187, 1188, 165, 11.580, 32.04, 56.70, 11.584, 32.09, 56.69, 0.007, 83.46, 10.77);
insert into SHOT values (1117, 1188, 1189, 165, 5.980, 330.74, 81.50, 5.975, 330.82, 81.51, 0.005, 119.44, -61.86);
insert into SHOT values (1118, 1189, 1190, 165, 9.220, 164.04, 78.20, 9.224, 164.26, 78.24, 0.010, 288.38, 28.70);
insert into SHOT values (1119, 1190, 1184, 165, 4.300, 96.74, 48.10, 4.305, 96.78, 48.01, 0.009, 109.55, -3.56);
insert into SHOT values (1120, 1191, 1192, 165, 4.830, 101.44, -24.70, 4.830, 101.44, -24.72, 0.002, 296.15, -59.61);
insert into SHOT values (1121, 1192, 1193, 165, 8.460, 97.14, -18.50, 8.383, 97.44, -18.36, 0.090, 245.19, 29.72);
insert into SHOT values (1122, 1193, 1194, 165, 5.690, 107.54, -11.00, 5.616, 107.84, -10.88, 0.080, 265.03, 18.68);
insert into SHOT values (1123, 1194, 1195, 165, 2.650, 79.94, 2.30, 2.643, 79.97, 2.39, 0.008, 251.00, 25.72);
insert into SHOT values (1124, 1195, 1196, 165, 2.280, 136.04, -21.20, 2.281, 135.95, -21.07, 0.006, 87.90, 45.21);
insert into SHOT values (1125, 1196, 1197, 165, 3.420, 132.14, -20.40, 3.424, 132.09, -20.51, 0.009, 76.24, -67.68);
insert into SHOT values (1126, 1197, 1198, 165, 4.090, 74.24, -10.50, 4.088, 74.27, -10.43, 0.006, 189.35, 67.46);
insert into CENTRELINE values (166, 161, NULL, '2020-08-03', '2020-08-03', 77.51, 0.00, 0.00);
 insert into SHOT values (1127, 1199, 1200, 166, 8.320, 46.73, 3.78, 8.386, 47.28, 3.35, 0.121, 95.59, -29.01);
insert into SHOT values (1128, 1200, 1201, 166, 7.280, 78.32, -4.50, 7.357, 78.35, -4.83, 0.088, 81.46, -33.59);
insert into SHOT values (1129, 1201, 1202, 166, 3.140, 151.49, -21.60, 3.173, 150.74, -21.83, 0.053, 95.53, -27.25);
insert into SHOT values (1130, 1202, 1194, 166, 7.880, 193.43, -17.19, 7.862, 192.57, -17.70, 0.134, 84.18, -27.15);
insert into SHOT values (1131, 1203, 1204, 166, 5.090, 95.60, 47.70, 5.095, 95.69, 47.73, 0.008, 172.68, 42.90);
insert into SHOT values (1132, 1205, 1206, 166, 7.530, 190.01, -23.94, 7.531, 190.04, -23.89, 0.007, 234.00, 51.37);
insert into SHOT values (1133, 1206, 1207, 166, 3.430, 245.36, 0.81, 3.432, 245.38, 0.83, 0.003, 265.60, 30.15);
insert into SHOT values (1134, 1207, 1208, 166, 3.240, 201.44, -33.66, 3.240, 201.33, -33.74, 0.007, 88.56, -35.77);
insert into SHOT values (1135, 1208, 1209, 166, 4.470, 207.74, -11.97, 4.473, 207.80, -12.00, 0.005, 272.33, -32.77);
insert into SHOT values (1136, 1209, 1210, 166, 6.030, 227.36, -14.31, 6.033, 227.36, -14.30, 0.003, 218.24, 8.67);
insert into SHOT values (1137, 1210, 1211, 166, 6.560, 209.63, -15.57, 6.555, 209.61, -15.57, 0.005, 56.75, 8.78);
insert into SHOT values (1138, 1211, 1212, 166, 4.220, 205.67, -12.51, 4.227, 205.70, -12.43, 0.010, 217.55, 25.38);
insert into SHOT values (1139, 1212, 1213, 166, 4.330, 232.76, 6.57, 4.324, 232.76, 6.51, 0.008, 56.47, -44.69);
insert into SHOT values (1140, 1213, 1214, 166, 5.990, 204.05, -10.35, 5.987, 204.04, -10.29, 0.006, 58.42, 73.68);
insert into CENTRELINE values (167, 161, NULL, '2020-09-18', '2020-09-18', 318.86, 0.00, 0.00);
 insert into SHOT values (1141, 1215, 1216, 167, 3.080, 52.85, -0.60, 3.084, 52.91, -0.56, 0.006, 87.72, 23.80);
insert into SHOT values (1142, 1216, 1217, 167, 9.950, 66.05, -0.20, 9.947, 66.04, -0.23, 0.006, 291.92, -54.74);
insert into SHOT values (1143, 1217, 1218, 167, 3.870, 131.35, -19.90, 3.870, 131.44, -19.79, 0.009, 195.16, 50.48);
insert into SHOT values (1144, 1218, 1219, 167, 9.630, 70.65, 0.70, 9.634, 70.66, 0.65, 0.009, 91.08, -59.56);
insert into SHOT values (1145, 1219, 1220, 167, 2.470, 33.35, -2.20, 2.470, 33.43, -2.09, 0.006, 119.04, 54.46);
insert into SHOT values (1146, 1220, 1221, 167, 11.620, 55.45, -5.40, 11.613, 55.43, -5.39, 0.009, 268.21, 22.70);
insert into SHOT values (1147, 1221, 1222, 167, 2.910, 58.45, 8.20, 2.915, 58.46, 8.08, 0.008, 60.59, -39.06);
insert into SHOT values (1148, 1222, 1223, 167, 9.420, 64.65, -22.40, 9.420, 64.64, -22.40, 0.002, 333.20, -10.19);
insert into SHOT values (1149, 1223, 1224, 167, 9.420, 80.65, -15.70, 9.422, 80.67, -15.70, 0.004, 147.17, -15.45);
insert into SHOT values (1150, 1224, 1225, 167, 5.340, 82.55, -20.80, 5.338, 82.52, -20.74, 0.007, 2.65, 64.50);
insert into SHOT values (1151, 1225, 1226, 167, 7.720, 65.05, -7.90, 7.716, 65.08, -7.97, 0.011, 211.96, -55.28);
insert into SHOT values (1152, 1226, 1227, 167, 8.010, 61.75, -10.10, 8.016, 61.71, -10.06, 0.010, 22.40, 29.01);
insert into SHOT values (1153, 1227, 1228, 167, 11.160, 76.35, -2.80, 11.158, 76.35, -2.83, 0.005, 271.24, -67.76);
insert into SHOT values (1154, 1228, 1229, 167, 5.800, 59.65, -0.50, 5.795, 59.63, -0.49, 0.005, 267.04, 6.86);
insert into SHOT values (1155, 1229, 1230, 167, 5.480, 41.75, 7.60, 5.481, 41.79, 7.65, 0.006, 129.18, 55.22);
insert into SHOT values (1156, 1230, 1231, 167, 6.500, 61.65, -14.00, 6.497, 61.69, -13.98, 0.005, 187.95, 28.21);
insert into SHOT values (1157, 1231, 1232, 167, 7.530, 26.55, 6.10, 7.533, 26.57, 6.10, 0.004, 51.19, -2.53);
insert into SHOT values (1158, 1232, 1233, 167, 8.560, 70.05, -15.00, 8.559, 70.05, -15.03, 0.005, 251.70, -61.84);
insert into SHOT values (1159, 1233, 1234, 167, 3.580, 69.65, -7.10, 3.581, 69.58, -7.06, 0.005, 349.50, 27.27);
insert into SHOT values (1160, 1234, 1235, 167, 5.810, 58.35, -8.80, 5.811, 58.39, -8.81, 0.004, 139.19, -18.95);
insert into SHOT values (1161, 1235, 1236, 167, 12.250, 92.55, -15.20, 12.250, 92.57, -15.19, 0.004, 175.35, 27.70);
insert into SHOT values (1162, 1236, 1237, 167, 10.630, 96.65, -19.40, 10.631, 96.64, -19.39, 0.002, 33.36, 24.38);
insert into SHOT values (1163, 1237, 1238, 167, 9.800, 76.35, -8.80, 9.800, 76.32, -8.80, 0.005, 346.33, -8.17);
insert into SHOT values (1164, 1238, 1239, 167, 9.290, 66.35, -4.60, 9.286, 66.37, -4.63, 0.007, 210.93, -45.08);
insert into SHOT values (1165, 1239, 1240, 167, 3.120, 53.35, 6.60, 3.123, 53.39, 6.62, 0.004, 88.93, 22.75);
insert into SHOT values (1166, 1240, 1241, 167, 3.090, 54.25, 5.90, 3.089, 54.14, 5.95, 0.007, 313.64, 20.58);
insert into SHOT values (1167, 1241, 1242, 167, 4.650, 72.85, -5.80, 4.648, 72.90, -5.80, 0.004, 188.21, -1.28);
insert into SHOT values (1168, 1242, 1243, 167, 7.090, 73.45, -5.80, 7.099, 73.46, -5.82, 0.009, 82.68, -22.47);
insert into SHOT values (1169, 1243, 1244, 167, 5.820, 67.85, -9.30, 5.818, 67.90, -9.30, 0.005, 177.14, 5.84);
insert into SHOT values (1170, 1244, 1245, 167, 7.690, 73.95, -15.90, 7.683, 73.89, -15.86, 0.012, 306.35, 35.52);
insert into SHOT values (1171, 1246, 1247, 167, 10.000, 132.55, 0.00, 10.001, 132.53, 0.00, 0.004, 52.03, 0.00);
insert into SHOT values (1172, 1245, 1248, 167, 9.320, 56.85, 5.10, 9.328, 56.86, 5.04, 0.012, 61.53, -44.72);
insert into SHOT values (1173, 1248, 1249, 167, 7.510, 87.35, -9.00, 7.510, 87.37, -8.96, 0.005, 171.69, 61.68);
insert into SHOT values (1174, 1249, 1250, 167, 5.960, 65.75, -3.70, 5.957, 65.76, -3.75, 0.007, 229.15, -54.57);
insert into SHOT values (1175, 1250, 1251, 167, 1.400, 94.65, 13.70, 1.396, 94.66, 14.09, 0.010, 273.38, 55.94);
insert into SHOT values (1176, 1251, 1252, 167, 6.740, 69.15, -9.10, 6.742, 69.14, -9.13, 0.004, 18.16, -67.37);
insert into SHOT values (1177, 1252, 1253, 167, 6.840, 41.25, 5.70, 6.844, 41.25, 5.70, 0.004, 34.55, 9.93);
insert into SHOT values (1178, 1253, 1254, 167, 8.970, 81.95, -12.20, 8.969, 82.00, -12.23, 0.009, 188.47, -30.81);
insert into SHOT values (1179, 1254, 1255, 167, 11.390, 81.65, -10.80, 11.390, 81.62, -10.78, 0.007, 2.64, 36.32);
insert into SHOT values (1180, 1255, 1256, 167, 7.630, 44.15, 6.50, 7.630, 44.14, 6.47, 0.004, 318.24, -74.15);
insert into SHOT values (1181, 1256, 1257, 167, 5.780, 42.65, 0.60, 5.782, 42.69, 0.59, 0.004, 101.38, -7.46);
insert into SHOT values (1182, 1257, 1258, 167, 15.320, 63.05, -7.00, 15.315, 63.05, -6.98, 0.009, 260.87, 55.13);
insert into SHOT values (1183, 1258, 1259, 167, 6.990, 57.75, 2.10, 6.988, 57.81, 2.05, 0.010, 163.33, -39.40);
insert into SHOT values (1184, 1259, 1260, 167, 3.720, 89.25, 16.00, 3.726, 89.20, 16.05, 0.007, 52.58, 39.81);
insert into CENTRELINE values (168, 161, NULL, '2020-09-18', '2020-09-18', 83.25, 0.00, 0.00);
 insert into SHOT values (1185, 1261, 1262, 168, 8.260, 277.95, 12.80, 8.262, 277.92, 12.80, 0.005, 211.61, 0.10);
insert into SHOT values (1186, 1263, 1264, 168, 8.880, 244.65, 0.70, 8.875, 244.65, 0.71, 0.005, 74.56, 17.84);
insert into SHOT values (1187, 1264, 1265, 168, 4.330, 268.65, 3.30, 4.328, 268.67, 3.31, 0.002, 45.00, 18.02);
insert into SHOT values (1188, 1265, 1266, 168, 6.130, 213.75, -11.10, 6.133, 213.82, -11.09, 0.008, 280.09, 1.15);
insert into SHOT values (1189, 1266, 1267, 168, 4.410, 158.25, -24.50, 4.414, 158.23, -24.49, 0.004, 130.20, -16.17);
insert into SHOT values (1190, 1267, 1268, 168, 6.310, 245.45, 4.60, 6.312, 245.39, 4.63, 0.008, 170.17, 29.00);
insert into SHOT values (1191, 1268, 1269, 168, 5.020, 251.15, 7.10, 5.022, 251.27, 7.09, 0.011, 328.88, -2.54);
insert into SHOT values (1192, 1269, 1270, 168, 6.470, 204.65, -15.50, 6.473, 204.63, -15.50, 0.004, 170.30, -14.86);
insert into SHOT values (1193, 1270, 1271, 168, 4.340, 254.45, 7.50, 4.333, 254.48, 7.43, 0.009, 58.72, -45.58);
insert into SHOT values (1194, 1271, 1272, 168, 9.650, 337.55, 20.80, 9.647, 337.50, 20.83, 0.010, 215.94, 19.00);
insert into SHOT values (1195, 1273, 1274, 168, 5.470, 132.05, -20.90, 5.471, 132.15, -20.88, 0.009, 211.44, 9.17);
insert into SHOT values (1196, 1275, 1276, 168, 6.370, 156.65, -25.50, 6.371, 156.64, -25.47, 0.003, 131.06, 50.12);
insert into SHOT values (1197, 1276, 1277, 168, 7.610, 182.55, -29.20, 7.617, 182.59, -29.23, 0.009, 228.35, -53.33);
insert into SURVEY values (170, 19, 'TSX9_Acouphene', 'TSX9_Acouphene.Tsanfleuron', NULL);
 insert into CENTRELINE values (171, 170, NULL, NULL, NULL, 0.00, 0.00, 0.00);
 insert into CENTRELINE values (172, 170, NULL, NULL, NULL, 0.00, 0.00, 0.00);
 insert into CENTRELINE values (173, 170, NULL, '2020-07-25', '2020-07-25', 143.46, 0.00, 0.00);
 insert into SHOT values (1198, 1278, 1279, 173, 3.690, 244.73, -10.00, 3.693, 244.77, -9.98, 0.004, 286.25, 11.14);
insert into SHOT values (1199, 1279, 1280, 173, 5.690, 215.33, -37.80, 5.693, 215.32, -37.81, 0.003, 175.52, -49.60);
insert into SHOT values (1200, 1280, 1281, 173, 2.720, 155.23, -3.70, 2.717, 155.14, -3.59, 0.008, 31.85, 45.16);
insert into SHOT values (1201, 1281, 1282, 173, 2.280, 215.93, 1.70, 2.285, 215.92, 1.50, 0.009, 208.85, -54.94);
insert into SHOT values (1202, 1282, 1283, 173, 6.500, 117.33, -15.00, 6.500, 117.30, -14.98, 0.004, 40.66, 31.45);
insert into SHOT values (1203, 1283, 1284, 173, 7.270, 107.43, -7.80, 7.269, 107.45, -7.83, 0.004, 222.06, -49.90);
insert into SHOT values (1204, 1284, 1285, 173, 3.690, 67.93, -17.30, 3.691, 68.02, -17.18, 0.010, 125.45, 49.95);
insert into SHOT values (1205, 1285, 1286, 173, 3.750, 47.23, -13.60, 3.749, 47.11, -13.58, 0.008, 311.39, 13.04);
insert into SHOT values (1206, 1286, 1287, 173, 2.850, 22.83, 1.60, 2.847, 22.96, 1.61, 0.007, 141.53, 3.36);
insert into SHOT values (1207, 1287, 1288, 173, 8.710, 85.33, -11.90, 8.707, 85.29, -11.93, 0.009, 325.33, -26.30);
insert into SHOT values (1208, 1288, 1289, 173, 4.960, 345.13, 3.80, 4.957, 345.12, 3.82, 0.004, 183.44, 20.47);
insert into SHOT values (1209, 1289, 1290, 173, 8.960, 76.63, -10.30, 8.963, 76.63, -10.28, 0.004, 58.18, 28.76);
insert into SHOT values (1210, 1290, 1291, 173, 5.660, 14.23, 9.40, 5.656, 14.21, 9.36, 0.006, 228.71, -48.49);
insert into SHOT values (1211, 1291, 1292, 173, 2.100, 83.53, -8.40, 2.107, 83.39, -8.46, 0.009, 43.65, -21.18);
insert into SHOT values (1212, 1292, 1293, 173, 3.310, 46.73, 34.20, 3.304, 46.78, 34.26, 0.007, 208.59, -3.92);
insert into SHOT values (1213, 1293, 1294, 173, 4.210, 326.53, 9.70, 4.209, 326.50, 9.71, 0.002, 221.23, 15.41);
insert into SHOT values (1214, 1294, 1295, 173, 6.180, 329.73, 21.40, 6.182, 329.74, 21.44, 0.005, 17.44, 85.26);
insert into SHOT values (1215, 1295, 1296, 173, 3.180, 342.63, 19.20, 3.180, 342.77, 19.09, 0.009, 59.37, -37.98);
insert into SHOT values (1216, 1296, 1297, 173, 3.000, 30.83, 9.90, 3.000, 30.73, 9.98, 0.007, 296.63, 38.52);
insert into SHOT values (1217, 1298, 1299, 173, 5.270, 262.93, 16.00, 5.271, 262.97, 15.97, 0.005, 320.76, -32.08);
insert into SHOT values (1218, 1299, 1300, 173, 5.340, 266.23, 15.20, 5.338, 266.22, 15.20, 0.003, 125.51, -2.05);
insert into SHOT values (1219, 1300, 1301, 173, 3.130, 260.73, 11.80, 3.127, 260.60, 11.81, 0.008, 149.72, -0.54);
insert into SHOT values (1220, 1301, 1302, 173, 3.930, 282.83, 9.50, 3.931, 282.82, 9.52, 0.002, 217.44, 48.97);
insert into SHOT values (1221, 1302, 1303, 173, 2.380, 298.63, 8.30, 2.384, 298.63, 8.44, 0.007, 296.15, 62.99);
insert into SHOT values (1222, 1303, 1304, 173, 3.350, 250.73, 11.30, 3.346, 250.79, 11.20, 0.008, 15.17, -57.44);
insert into SHOT values (1223, 1305, 1306, 173, 3.120, 157.33, -11.20, 3.117, 157.29, -11.28, 0.006, 7.42, -43.37);
insert into SHOT values (1224, 1306, 1307, 173, 2.580, 97.43, -8.10, 2.577, 97.43, -8.03, 0.005, 279.14, 51.23);
insert into SHOT values (1225, 1307, 1308, 173, 4.000, 161.93, -11.90, 3.999, 161.98, -11.98, 0.007, 285.43, -52.49);
insert into SHOT values (1226, 1308, 1309, 173, 4.500, 133.93, -11.10, 4.503, 133.99, -11.01, 0.009, 180.38, 45.61);
insert into SHOT values (1227, 1309, 1310, 173, 2.480, 83.23, -15.30, 2.487, 83.05, -15.39, 0.011, 29.24, -30.93);
insert into SHOT values (1228, 1311, 1312, 173, 3.430, 29.73, -3.90, 3.439, 29.70, -4.00, 0.011, 18.18, -36.93);
insert into SHOT values (1229, 1312, 1313, 173, 11.240, 304.03, 17.50, 11.245, 304.02, 17.49, 0.006, 273.68, 0.60);
insert into SURVEY values (175, 19, 'TZ99_Transpirateur', 'TZ99_Transpirateur.Tsanfleuron', NULL);
 insert into CENTRELINE values (176, 175, NULL, NULL, NULL, 0.00, 0.00, 0.00);
 insert into CENTRELINE values (177, 175, NULL, NULL, NULL, 0.00, 0.00, 0.00);
 insert into CENTRELINE values (178, 175, NULL, '2008-08-09', '2008-08-09', 112.59, 0.00, 0.00);
 insert into SHOT values (1230, 1314, 1315, 178, 4.500, 198.13, -74.70, 4.500, 198.13, -74.68, 0.002, 198.26, 17.58);
insert into SHOT values (1231, 1315, 1316, 178, 3.650, 55.03, -72.00, 3.648, 54.76, -72.02, 0.006, 309.66, 13.74);
insert into SHOT values (1232, 1316, 1317, 178, 3.650, 78.43, -31.50, 3.652, 78.51, -31.54, 0.005, 165.27, -33.65);
insert into SHOT values (1233, 1317, 1318, 178, 9.650, 84.73, -11.70, 9.651, 84.72, -11.72, 0.004, 12.08, -55.67);
insert into SHOT values (1234, 1318, 1319, 178, 6.300, 99.13, -24.30, 6.300, 99.12, -24.28, 0.003, 39.72, 60.90);
insert into SHOT values (1235, 1319, 1320, 178, 3.450, 127.93, -41.40, 3.448, 127.93, -41.40, 0.002, 302.08, 46.55);
insert into SHOT values (1236, 1320, 1321, 178, 9.900, 118.93, -69.30, 9.901, 118.83, -69.27, 0.008, 68.95, 6.55);
insert into SHOT values (1237, 1321, 1322, 178, 2.600, 88.33, -24.30, 2.592, 88.54, -24.38, 0.013, 223.65, -0.29);
insert into SHOT values (1238, 1322, 1323, 178, 6.300, 185.53, -22.50, 6.296, 185.52, -22.50, 0.004, 15.01, 14.63);
insert into SHOT values (1239, 1323, 1324, 178, 3.850, 146.83, -33.30, 3.851, 146.80, -33.40, 0.007, 350.77, -60.40);
insert into SHOT values (1240, 1324, 1325, 178, 1.700, 173.83, -1.80, 1.701, 173.59, -1.68, 0.008, 95.28, 24.64);
insert into SHOT values (1241, 1325, 1326, 178, 2.300, 121.63, -9.00, 2.296, 121.66, -9.02, 0.004, 287.62, -2.59);
insert into SHOT values (1242, 1326, 1327, 178, 2.300, 181.93, -23.40, 2.299, 181.90, -23.32, 0.004, 108.36, 71.54);
insert into SHOT values (1243, 1327, 1328, 178, 5.250, 236.83, -81.00, 5.255, 236.89, -80.98, 0.005, 255.54, -60.44);
insert into SHOT values (1244, 1328, 1329, 178, 4.300, 81.13, -22.50, 4.302, 81.18, -22.41, 0.008, 117.93, 45.39);
insert into SHOT values (1245, 1329, 1330, 178, 4.000, 56.83, -36.00, 4.000, 56.85, -35.98, 0.002, 113.17, 40.09);
insert into SHOT values (1246, 1330, 1331, 178, 4.900, 101.83, -20.70, 4.897, 101.85, -20.81, 0.010, 267.22, -51.57);
insert into SHOT values (1247, 1331, 1332, 178, 1.700, 108.13, -19.80, 1.699, 108.21, -19.61, 0.006, 182.18, 68.73);
insert into SHOT values (1248, 1332, 1333, 178, 6.540, 64.03, -85.50, 6.540, 63.43, -85.49, 0.005, 346.13, -1.68);
insert into SHOT values (1249, 1333, 1334, 178, 3.850, 262.03, 0.00, 3.848, 261.93, 0.00, 0.007, 155.53, 0.00);
insert into SHOT values (1250, 1334, 1335, 178, 2.300, 228.73, -11.70, 2.295, 228.79, -11.82, 0.007, 26.53, -29.93);
insert into SHOT values (1251, 1335, 1336, 178, 0.850, 195.43, -44.10, 0.850, 195.17, -43.98, 0.003, 123.53, 27.87);
insert into SHOT values (1252, 1336, 1337, 178, 1.000, 81.13, -29.70, 0.995, 81.30, -30.18, 0.010, 244.47, -26.43);
insert into SHOT values (1253, 1337, 1338, 178, 2.550, 193.63, 2.70, 2.545, 193.65, 2.70, 0.005, 2.56, -1.28);
insert into SHOT values (1254, 1338, 1339, 178, 1.600, 154.03, -6.30, 1.601, 153.92, -6.09, 0.007, 93.97, 57.15);
insert into SHOT values (1255, 1339, 1340, 178, 2.700, 63.13, -5.40, 2.699, 63.24, -5.31, 0.007, 155.84, 37.33);
insert into SHOT values (1256, 1340, 1341, 178, 1.950, 86.53, -9.00, 1.949, 86.42, -9.15, 0.007, 324.32, -49.57);
insert into SHOT values (1257, 1341, 1342, 178, 2.500, 70.33, -9.00, 2.504, 70.39, -8.96, 0.005, 103.24, 12.26);
insert into SHOT values (1258, 1342, 1343, 178, 3.250, 154.93, -14.40, 3.248, 154.98, -14.44, 0.004, 289.16, -23.37);
insert into SHOT values (1259, 1343, 1344, 178, 3.200, 297.13, -81.90, 3.202, 297.70, -81.89, 0.005, 16.19, -22.82);
insert into CENTRELINE values (179, 175, NULL, '2020-08-27', '2020-08-27', 393.38, 0.00, 0.00);
 insert into SHOT values (1260, 1345, 1346, 179, 9.130, 69.49, -9.60, 9.127, 69.51, -9.59, 0.005, 200.25, 30.81);
insert into SHOT values (1261, 1346, 1347, 179, 1.140, 353.99, -82.20, 1.140, 352.41, -82.37, 0.005, 224.52, -5.77);
insert into SHOT values (1262, 1347, 1348, 179, 4.440, 78.89, -22.60, 4.448, 78.91, -22.61, 0.009, 88.96, -25.64);
insert into SHOT values (1263, 1348, 1349, 179, 2.050, 257.89, -22.90, 2.049, 258.10, -22.68, 0.011, 329.79, 47.17);
insert into SHOT values (1264, 1349, 1350, 179, 2.740, 237.29, -22.60, 2.745, 237.25, -22.71, 0.008, 207.11, -64.10);
insert into SHOT values (1265, 1350, 1351, 179, 3.800, 160.29, -44.90, 3.796, 160.22, -44.91, 0.005, 28.89, 26.90);
insert into SHOT values (1266, 1351, 1352, 179, 13.800, 259.69, -85.00, 13.802, 259.44, -85.01, 0.006, 144.91, -23.46);
insert into SHOT values (1267, 1352, 1353, 179, 6.230, 160.49, -58.60, 6.223, 160.56, -58.57, 0.009, 263.24, 61.94);
insert into SHOT values (1268, 1353, 1354, 179, 7.190, 19.09, -3.80, 7.192, 19.12, -3.83, 0.005, 84.61, -43.53);
insert into SHOT values (1269, 1354, 1355, 179, 1.660, 54.09, -8.00, 1.662, 53.90, -7.95, 0.006, 346.43, 9.67);
insert into SHOT values (1270, 1355, 1356, 179, 2.410, 338.89, 16.00, 2.410, 338.75, 15.90, 0.007, 258.25, -36.65);
insert into SHOT values (1271, 1356, 1357, 179, 3.260, 67.29, -26.90, 3.264, 67.40, -26.77, 0.010, 106.41, 30.20);
insert into SHOT values (1272, 1357, 1358, 179, 5.070, 260.49, -72.00, 5.070, 260.48, -71.94, 0.005, 256.59, 20.56);
insert into SHOT values (1273, 1358, 1359, 179, 5.460, 261.89, -21.50, 5.461, 261.85, -21.48, 0.004, 192.28, 17.82);
insert into SHOT values (1274, 1359, 1360, 179, 2.200, 286.19, -26.30, 2.199, 286.23, -26.47, 0.007, 88.81, -52.28);
insert into SHOT values (1275, 1360, 1361, 179, 6.530, 14.49, -80.10, 6.528, 14.41, -80.07, 0.004, 343.18, 41.27);
insert into SHOT values (1276, 1361, 1362, 179, 11.870, 354.99, -77.90, 11.874, 354.93, -77.90, 0.005, 296.21, -50.88);
insert into SHOT values (1277, 1362, 1363, 179, 4.400, 5.39, -60.50, 4.402, 5.29, -60.47, 0.005, 309.61, -5.43);
insert into SHOT values (1278, 1363, 1364, 179, 4.080, 66.59, -77.20, 4.082, 66.55, -77.19, 0.002, 29.39, -54.44);
insert into SHOT values (1279, 1364, 1365, 179, 5.810, 268.19, -44.30, 5.800, 268.07, -44.29, 0.013, 144.85, 36.33);
insert into SHOT values (1280, 1365, 1366, 179, 7.360, 77.19, -8.50, 7.364, 77.15, -8.51, 0.007, 18.36, -18.35);
insert into SHOT values (1281, 1366, 1367, 179, 1.850, 26.09, -41.90, 1.847, 26.00, -42.18, 0.010, 219.87, -27.43);
insert into SHOT values (1282, 1367, 1368, 179, 7.550, 93.09, 3.90, 7.549, 93.04, 3.95, 0.009, 345.47, 46.11);
insert into SHOT values (1283, 1368, 1369, 179, 5.170, 76.09, -8.60, 5.169, 76.07, -8.68, 0.007, 299.71, -71.87);
insert into SHOT values (1284, 1369, 1370, 179, 4.760, 82.59, 9.60, 4.766, 82.66, 9.66, 0.010, 132.12, 38.06);
insert into SHOT values (1285, 1370, 1371, 179, 8.440, 83.09, -20.30, 8.443, 83.04, -20.31, 0.008, 12.63, -13.36);
insert into SHOT values (1286, 1371, 1372, 179, 0.670, 132.29, 8.80, 0.673, 132.56, 8.55, 0.005, 177.40, -29.17);
insert into SHOT values (1287, 1373, 1374, 179, 3.560, 232.59, 8.40, 3.562, 232.61, 8.39, 0.003, 260.17, -1.21);
insert into SHOT values (1288, 1374, 1375, 179, 5.840, 257.49, 3.70, 5.840, 257.51, 3.63, 0.007, 347.24, -70.55);
insert into SHOT values (1289, 1375, 1376, 179, 2.670, 258.29, 3.00, 2.669, 258.31, 3.01, 0.001, 36.26, 10.40);
insert into SHOT values (1290, 1376, 1377, 179, 2.400, 242.39, 16.70, 2.400, 242.54, 16.71, 0.006, 330.77, 3.11);
insert into SHOT values (1291, 1377, 1378, 179, 2.810, 260.29, 4.40, 2.810, 260.13, 4.49, 0.009, 168.03, 30.10);
insert into SHOT values (1292, 1378, 1379, 179, 2.920, 250.09, 9.40, 2.920, 250.12, 9.26, 0.007, 306.51, -75.88);
insert into SHOT values (1293, 1379, 1380, 179, 1.560, 284.39, 30.70, 1.564, 284.66, 30.77, 0.008, 353.87, 28.01);
insert into SHOT values (1294, 1380, 1381, 179, 4.510, 243.99, 22.30, 4.509, 243.99, 22.28, 0.001, 154.37, -82.66);
insert into SHOT values (1295, 1381, 1382, 179, 0.670, 207.19, 45.70, 0.671, 206.57, 45.63, 0.005, 134.62, 5.17);
insert into SHOT values (1296, 1382, 1383, 179, 1.780, 248.79, 34.20, 1.777, 248.85, 34.25, 0.004, 43.35, -8.02);
insert into SHOT values (1297, 1383, 1384, 179, 1.230, 164.19, 50.30, 1.235, 164.55, 50.31, 0.007, 225.15, 32.44);
insert into SHOT values (1298, 1384, 1385, 179, 6.080, 236.29, 7.70, 6.076, 236.31, 7.66, 0.006, 28.10, -46.28);
insert into SHOT values (1299, 1385, 1386, 179, 5.390, 254.49, 3.90, 5.389, 254.46, 3.94, 0.004, 140.05, 52.25);
insert into SHOT values (1300, 1386, 1387, 179, 4.900, 234.69, 15.00, 4.909, 234.70, 14.99, 0.009, 240.69, 11.48);
insert into SHOT values (1301, 1387, 1388, 179, 1.690, 284.29, 4.10, 1.688, 284.45, 4.08, 0.005, 41.87, -8.96);
insert into SHOT values (1302, 1388, 1389, 179, 8.480, 230.89, 4.90, 8.475, 230.86, 4.87, 0.007, 92.64, -36.31);
insert into SHOT values (1303, 1390, 1391, 179, 1.450, 277.79, 10.00, 1.445, 277.67, 9.97, 0.006, 126.53, -16.70);
insert into SHOT values (1304, 1391, 1392, 179, 15.560, 241.59, 6.40, 15.561, 241.58, 6.42, 0.006, 166.16, 60.57);
insert into SHOT values (1305, 1392, 1393, 179, 5.190, 208.09, -23.30, 5.191, 208.18, -23.38, 0.010, 313.48, -42.97);
insert into SHOT values (1306, 1393, 1394, 179, 6.840, 261.59, 6.50, 6.837, 261.62, 6.55, 0.008, 36.73, 49.05);
insert into SHOT values (1307, 1394, 1395, 179, 2.110, 299.49, 29.00, 2.125, 299.05, 29.30, 0.023, 238.20, 46.72);
insert into SHOT values (1308, 1395, 1396, 179, 12.380, 271.89, 17.30, 12.416, 271.41, 17.77, 0.148, 183.72, 47.32);
insert into SHOT values (1309, 1396, 1397, 179, 5.020, 237.39, 15.10, 5.052, 237.32, 15.38, 0.041, 223.90, 52.19);
insert into SHOT values (1310, 1397, 1398, 179, 1.540, 132.19, -19.70, 1.528, 132.75, -19.10, 0.025, 246.18, 50.87);
insert into SHOT values (1311, 1398, 1399, 179, 1.190, 45.79, -18.50, 1.147, 45.74, -18.29, 0.043, 227.06, 24.02);
insert into SHOT values (1312, 1399, 1400, 179, 2.240, 91.69, -16.10, 2.217, 91.88, -15.97, 0.025, 252.89, 26.75);
insert into SHOT values (1313, 1400, 1401, 179, 1.310, 191.79, 0.60, 1.350, 191.98, 1.27, 0.043, 198.13, 22.31);
insert into SHOT values (1314, 1401, 1402, 179, 5.750, 105.79, -40.60, 5.716, 106.02, -40.47, 0.040, 240.32, 52.80);
insert into SHOT values (1315, 1402, 1403, 179, 6.220, 73.29, -12.50, 6.185, 73.57, -12.13, 0.061, 204.12, 49.52);
insert into SHOT values (1316, 1403, 1404, 179, 4.360, 57.19, 7.20, 4.334, 57.16, 7.56, 0.037, 241.54, 39.00);
insert into SHOT values (1317, 1404, 1394, 179, 0.490, 50.99, -40.70, 0.442, 51.07, -40.95, 0.048, 230.25, 38.39);
insert into SHOT values (1318, 1405, 1406, 179, 3.340, 238.89, -11.00, 3.341, 238.98, -11.04, 0.006, 324.07, -28.56);
insert into SHOT values (1319, 1406, 1407, 179, 7.220, 228.99, 5.20, 7.216, 228.95, 5.17, 0.007, 107.39, -35.91);
insert into SHOT values (1320, 1407, 1408, 179, 1.980, 215.19, 29.40, 1.982, 215.35, 29.30, 0.006, 267.58, -18.62);
insert into SHOT values (1321, 1408, 1409, 179, 11.160, 219.39, -2.80, 11.162, 219.36, -2.77, 0.008, 145.84, 38.59);
insert into SHOT values (1322, 1409, 1410, 179, 3.470, 45.89, -70.90, 3.470, 45.72, -70.97, 0.005, 266.58, -11.04);
insert into SHOT values (1323, 1410, 1411, 179, 7.470, 221.89, -10.00, 7.465, 221.91, -10.03, 0.007, 17.08, -23.06);
insert into SHOT values (1324, 1411, 1412, 179, 2.650, 247.69, 35.20, 2.651, 247.46, 35.24, 0.009, 157.26, 15.87);
insert into SHOT values (1325, 1412, 1413, 179, 2.360, 188.89, 33.00, 2.359, 189.03, 33.16, 0.008, 323.03, 34.12);
insert into SHOT values (1326, 1413, 1414, 179, 8.990, 241.09, 0.00, 8.992, 241.07, 0.00, 0.004, 184.84, 0.00);
insert into SHOT values (1327, 1415, 1416, 179, 0.890, 329.59, 2.90, 0.885, 329.37, 3.24, 0.008, 180.64, 37.09);
insert into SHOT values (1328, 1416, 1417, 179, 14.390, 50.99, -54.70, 14.401, 51.00, -54.68, 0.012, 55.99, -28.97);
insert into SHOT values (1329, 1417, 1418, 179, 1.570, 97.29, -8.50, 1.570, 97.40, -8.42, 0.004, 183.92, 34.71);
insert into SHOT values (1330, 1418, 1419, 179, 11.400, 66.89, -12.70, 11.395, 66.85, -12.73, 0.011, 299.99, -20.57);
insert into SHOT values (1331, 1419, 1420, 179, 1.090, 123.19, 0.30, 1.098, 123.11, 0.52, 0.010, 112.98, 26.77);
insert into SHOT values (1332, 1420, 1421, 179, 9.540, 77.69, -1.70, 9.533, 77.70, -1.68, 0.008, 245.13, 22.65);
insert into SHOT values (1333, 1421, 1422, 179, 21.210, 59.69, -8.80, 21.216, 59.69, -8.81, 0.007, 69.62, -45.31);
insert into SHOT values (1334, 1422, 1423, 179, 2.160, 96.79, 17.60, 2.157, 96.71, 17.81, 0.009, 307.57, 50.78);
insert into SHOT values (1335, 1423, 1424, 179, 2.790, 34.89, -20.40, 2.791, 35.03, -20.56, 0.010, 139.79, -48.98);
insert into SHOT values (1336, 1424, 1425, 179, 9.890, 81.29, 24.70, 9.892, 81.29, 24.74, 0.007, 246.92, 77.20);
insert into SHOT values (1337, 1425, 1362, 179, 2.600, 90.79, -67.60, 2.605, 90.58, -67.67, 0.007, 349.34, -58.92);
insert into CENTRELINE values (180, 175, NULL, NULL, NULL, 248.99, 0.00, 0.00);
 insert into SHOT values (1338, 1426, 1427, 180, 2.520, 31.83, 47.70, 2.522, 31.72, 47.85, 0.008, 258.09, 53.32);
insert into SHOT values (1339, 1427, 1428, 180, 6.680, 75.83, -18.40, 6.684, 75.85, -18.40, 0.005, 110.83, -17.41);
insert into SHOT values (1340, 1428, 1429, 180, 4.020, 64.13, 1.30, 4.026, 64.07, 1.28, 0.008, 30.62, -9.19);
insert into SHOT values (1341, 1429, 1430, 180, 2.090, 89.93, 29.70, 2.083, 90.00, 29.64, 0.008, 247.81, -43.16);
insert into SHOT values (1342, 1430, 1431, 180, 3.960, 46.23, -4.10, 3.956, 46.23, -4.06, 0.005, 223.87, 43.48);
insert into SHOT values (1343, 1431, 1432, 180, 3.420, 84.13, -11.80, 3.420, 84.17, -11.81, 0.002, 184.16, -14.66);
insert into SHOT values (1344, 1432, 1433, 180, 1.730, 356.53, 2.30, 1.734, 356.69, 2.31, 0.007, 45.39, 5.03);
insert into SHOT values (1345, 1433, 1434, 180, 1.540, 71.43, -14.60, 1.537, 71.57, -14.70, 0.006, 210.26, -18.82);
insert into SHOT values (1346, 1434, 1435, 180, 2.640, 98.53, -13.50, 2.640, 98.51, -13.36, 0.006, 60.28, 76.24);
insert into SHOT values (1347, 1435, 1436, 180, 2.540, 193.83, -14.30, 2.541, 193.87, -14.35, 0.003, 268.08, -57.87);
insert into SHOT values (1348, 1436, 1437, 180, 1.370, 106.93, -25.00, 1.372, 106.83, -25.01, 0.003, 54.11, -20.72);
insert into SHOT values (1349, 1437, 1438, 180, 3.180, 66.23, -12.80, 3.181, 66.24, -12.71, 0.005, 87.18, 65.30);
insert into SHOT values (1350, 1438, 1439, 180, 1.870, 164.23, -7.10, 1.874, 164.39, -7.36, 0.011, 225.94, -55.83);
insert into SHOT values (1351, 1439, 1440, 180, 2.820, 76.43, -9.50, 2.827, 76.31, -9.36, 0.011, 40.46, 29.17);
insert into SHOT values (1352, 1440, 1441, 180, 5.380, 94.93, -10.80, 5.376, 95.00, -10.83, 0.008, 221.43, -13.63);
insert into SHOT values (1353, 1441, 1442, 180, 1.150, 157.73, -31.10, 1.149, 157.34, -30.89, 0.008, 79.57, 30.05);
insert into SHOT values (1354, 1442, 1443, 180, 8.210, 94.93, -11.10, 8.203, 94.92, -11.10, 0.007, 289.64, 4.93);
insert into SHOT values (1355, 1443, 1444, 180, 4.920, 19.63, -4.90, 4.924, 19.65, -4.89, 0.004, 47.96, 3.35);
insert into SHOT values (1356, 1444, 1445, 180, 2.570, 61.23, 0.20, 2.564, 61.34, 0.00, 0.012, 201.62, -50.32);
insert into SHOT values (1357, 1445, 1446, 180, 2.310, 99.23, -10.00, 2.313, 99.09, -9.96, 0.007, 42.92, 9.58);
insert into SHOT values (1358, 1446, 1447, 180, 3.450, 24.73, -3.00, 3.450, 24.71, -2.99, 0.002, 298.10, 20.71);
insert into SHOT values (1359, 1447, 1448, 180, 0.640, 118.03, 11.30, 0.640, 118.61, 11.72, 0.008, 218.10, 35.48);
insert into SHOT values (1360, 1448, 1449, 180, 8.440, 145.03, -15.80, 8.440, 144.98, -15.81, 0.008, 47.96, -15.04);
insert into SHOT values (1361, 1449, 1450, 180, 3.040, 206.73, -10.00, 3.047, 206.74, -10.02, 0.007, 209.22, -16.75);
insert into SHOT values (1362, 1450, 1451, 180, 2.710, 169.63, -58.50, 2.708, 169.80, -58.56, 0.006, 300.22, 6.61);
insert into SHOT values (1363, 1451, 1452, 180, 1.890, 118.53, -19.20, 1.890, 118.43, -19.15, 0.003, 36.94, 26.59);
insert into SHOT values (1364, 1452, 1453, 180, 4.570, 134.13, -39.40, 4.573, 134.08, -39.36, 0.005, 102.04, 7.55);
insert into SHOT values (1365, 1453, 1454, 180, 5.080, 95.33, -23.80, 5.082, 95.31, -23.79, 0.003, 50.03, 0.21);
insert into SHOT values (1366, 1454, 1455, 180, 6.400, 71.73, 11.20, 6.398, 71.71, 11.17, 0.004, 318.46, -51.56);
insert into SHOT values (1367, 1455, 1456, 180, 2.200, 102.23, 37.40, 2.204, 102.21, 37.45, 0.004, 83.29, 62.48);
insert into SHOT values (1368, 1456, 1457, 180, 8.040, 73.73, -7.50, 8.037, 73.75, -7.51, 0.004, 211.45, -8.51);
insert into SHOT values (1369, 1457, 1458, 180, 5.210, 122.73, 56.30, 5.205, 122.70, 56.30, 0.006, 329.18, -52.36);
insert into SHOT values (1370, 1458, 1459, 180, 1.740, 55.73, 7.00, 1.742, 55.85, 7.26, 0.009, 131.59, 64.83);
insert into SHOT values (1371, 1459, 1460, 180, 3.060, 169.23, 47.50, 3.054, 169.40, 47.45, 0.009, 278.04, -43.60);
insert into SHOT values (1372, 1460, 1461, 180, 2.850, 233.13, 15.70, 2.848, 233.00, 15.69, 0.006, 127.55, -11.01);
insert into SHOT values (1373, 1461, 1462, 180, 1.460, 98.93, -12.60, 1.462, 98.87, -12.64, 0.003, 64.23, -29.22);
insert into SHOT values (1374, 1462, 1463, 180, 2.410, 210.73, 2.40, 2.415, 210.92, 2.61, 0.013, 268.70, 43.44);
insert into SHOT values (1375, 1463, 1464, 180, 2.790, 148.73, 4.20, 2.794, 148.65, 4.10, 0.007, 106.71, -36.16);
insert into SHOT values (1376, 1464, 1465, 180, 8.170, 87.03, -24.80, 8.175, 86.99, -24.81, 0.007, 30.84, -24.76);
insert into SHOT values (1377, 1465, 1466, 180, 4.380, 109.73, -23.10, 4.379, 109.74, -23.13, 0.003, 272.03, -34.17);
insert into SHOT values (1378, 1466, 1467, 180, 4.650, 80.83, 17.40, 4.648, 80.92, 17.40, 0.007, 184.08, -4.32);
insert into SHOT values (1379, 1467, 1468, 180, 3.290, 23.43, 23.10, 3.295, 23.35, 23.24, 0.010, 315.01, 63.07);
insert into SHOT values (1380, 1468, 1469, 180, 3.470, 107.43, 25.00, 3.466, 107.40, 24.91, 0.007, 346.48, -72.23);
insert into SHOT values (1381, 1469, 1470, 180, 6.610, 22.53, 30.00, 6.617, 22.58, 30.02, 0.009, 69.47, 35.41);
insert into SHOT values (1382, 1470, 1471, 180, 8.410, 81.63, 4.90, 8.410, 81.63, 4.91, 0.002, 357.09, 80.55);
insert into SHOT values (1383, 1471, 1472, 180, 8.630, 77.93, -6.50, 8.625, 77.94, -6.52, 0.007, 238.97, -27.80);
insert into SHOT values (1384, 1472, 1473, 180, 9.550, 49.73, 14.10, 9.555, 49.73, 14.11, 0.005, 43.65, 40.42);
insert into SHOT values (1385, 1473, 1474, 180, 6.340, 108.63, -16.20, 6.343, 108.67, -16.20, 0.005, 171.53, -13.14);
insert into SHOT values (1386, 1474, 1475, 180, 14.750, 101.23, -25.50, 14.751, 101.22, -25.50, 0.003, 33.18, 0.69);
insert into SHOT values (1387, 1475, 1476, 180, 7.620, 97.33, -17.20, 7.622, 97.34, -17.25, 0.007, 168.31, -78.91);
insert into SHOT values (1388, 1476, 1477, 180, 8.150, 77.93, -13.20, 8.141, 77.91, -13.21, 0.009, 275.00, 6.51);
insert into SHOT values (1389, 1477, 1478, 180, 5.480, 12.63, 9.10, 5.482, 12.70, 9.13, 0.008, 90.78, 25.66);
insert into SHOT values (1390, 1478, 1479, 180, 2.050, 287.73, 26.70, 2.055, 287.74, 26.60, 0.006, 292.21, -10.39);
insert into SHOT values (1391, 1479, 1480, 180, 3.980, 317.23, 18.90, 3.973, 317.26, 18.95, 0.008, 120.84, 5.72);
insert into SHOT values (1392, 1480, 1481, 180, 8.650, 37.23, 1.40, 8.653, 37.20, 1.39, 0.005, 339.20, -14.57);
insert into SHOT values (1393, 1481, 1482, 180, 3.910, 80.43, -2.70, 3.909, 80.42, -2.64, 0.004, 297.34, 70.66);
insert into CENTRELINE values (181, 175, NULL, '2020-07-31', '2020-07-31', 174.10, 0.00, 0.00);
 insert into SHOT values (1394, 1483, 1484, 181, 2.420, 38.72, 12.06, 2.423, 38.66, 12.15, 0.006, 357.01, 51.85);
insert into SHOT values (1395, 1484, 1485, 181, 3.560, 119.72, 58.41, 3.560, 119.86, 58.35, 0.006, 176.26, -23.74);
insert into SHOT values (1396, 1485, 1486, 181, 4.720, 231.77, 43.56, 4.717, 231.89, 43.55, 0.008, 333.68, -18.99);
insert into SHOT values (1397, 1486, 1487, 181, 4.100, 273.17, 31.77, 4.100, 273.13, 31.79, 0.003, 171.35, 27.72);
insert into SHOT values (1398, 1487, 1488, 181, 3.850, 253.64, 48.06, 3.856, 253.54, 48.09, 0.008, 192.30, 50.42);
insert into SHOT values (1399, 1488, 1489, 181, 7.150, 229.97, 20.34, 7.144, 229.96, 20.31, 0.007, 50.99, -53.16);
insert into SHOT values (1400, 1490, 1491, 181, 7.020, 138.26, -18.18, 7.015, 138.22, -18.19, 0.006, 353.64, 2.39);
insert into SHOT values (1401, 1491, 1492, 181, 7.880, 37.64, -3.69, 7.873, 37.66, -3.71, 0.008, 193.69, -20.67);
insert into SHOT values (1402, 1492, 1493, 181, 1.910, 29.09, 18.36, 1.914, 28.96, 18.27, 0.006, 348.31, -15.29);
insert into SHOT values (1403, 1493, 1494, 181, 4.270, 66.26, -12.78, 4.274, 66.39, -12.71, 0.012, 129.29, 23.04);
insert into SHOT values (1404, 1494, 1495, 181, 5.360, 13.61, 14.04, 5.365, 13.56, 14.02, 0.007, 332.34, -2.79);
insert into SHOT values (1405, 1495, 1496, 181, 3.140, 3.89, 15.48, 3.141, 3.79, 15.51, 0.005, 279.71, 20.67);
insert into SHOT values (1406, 1496, 1497, 181, 3.400, 43.58, 9.99, 3.397, 43.67, 10.00, 0.006, 162.04, 1.68);
insert into SHOT values (1407, 1497, 1498, 181, 4.810, 102.71, 33.03, 4.813, 102.59, 32.98, 0.009, 41.47, -11.20);
insert into SHOT values (1408, 1498, 1499, 181, 5.690, 359.30, 36.72, 5.688, 359.25, 36.71, 0.004, 261.65, -27.87);
insert into SHOT values (1409, 1499, 1500, 181, 8.120, 95.87, 43.29, 8.122, 95.92, 43.30, 0.006, 175.70, 19.89);
insert into SHOT values (1410, 1500, 1501, 181, 0.860, 32.24, 11.70, 0.866, 32.01, 11.32, 0.009, 6.04, -29.69);
insert into SHOT values (1411, 1501, 1502, 181, 7.700, 75.44, -12.60, 7.695, 75.50, -12.61, 0.010, 197.49, -1.67);
insert into SHOT values (1412, 1503, 1504, 181, 2.770, 0.02, 12.96, 2.770, 0.00, 12.93, 0.002, 308.23, -53.62);
insert into SHOT values (1413, 1504, 1505, 181, 7.850, 284.06, 19.26, 7.851, 284.05, 19.26, 0.001, 283.37, 27.08);
insert into SHOT values (1414, 1505, 1506, 181, 9.220, 293.69, 19.44, 9.218, 293.67, 19.45, 0.004, 142.31, 23.02);
insert into SHOT values (1415, 1506, 1507, 181, 5.980, 249.41, 5.67, 5.978, 249.43, 5.66, 0.003, 7.70, -14.09);
insert into SHOT values (1416, 1507, 1508, 181, 3.270, 224.03, -26.46, 3.265, 224.03, -26.56, 0.007, 42.33, -24.00);
insert into SHOT values (1417, 1508, 1509, 181, 6.830, 236.18, 3.24, 6.837, 236.17, 3.27, 0.008, 231.10, 31.28);
insert into SHOT values (1418, 1509, 1510, 181, 13.540, 302.78, 24.39, 13.543, 302.79, 24.38, 0.005, 340.54, -15.50);
insert into SHOT values (1419, 1510, 1511, 181, 4.530, 265.61, 13.14, 4.532, 265.58, 13.14, 0.003, 218.92, 4.32);
insert into SHOT values (1420, 1511, 1512, 181, 11.050, 253.82, 10.89, 11.051, 253.79, 10.90, 0.006, 170.02, 23.50);
insert into SHOT values (1421, 1512, 1513, 181, 3.830, 255.26, 11.43, 3.828, 255.33, 11.45, 0.006, 4.35, 10.41);
insert into SHOT values (1422, 1513, 1514, 181, 3.200, 271.64, -2.52, 3.194, 271.62, -2.51, 0.006, 102.29, 6.94);
insert into SHOT values (1423, 1514, 1515, 181, 8.820, 210.89, -1.44, 8.825, 210.90, -1.49, 0.010, 232.14, -58.99);
insert into SHOT values (1424, 1515, 1516, 181, 5.920, 126.29, -19.98, 5.922, 126.23, -19.95, 0.006, 63.40, 25.80);
insert into SHOT values (1425, 1516, 1478, 181, 1.330, 81.29, -26.91, 1.327, 81.25, -26.88, 0.003, 277.51, 40.07);
insert into CENTRELINE values (182, 175, NULL, '2020-07-24', '2020-07-24', 34.18, 0.00, 0.00);
 insert into SHOT values (1426, 1517, 1518, 182, 2.260, 71.93, -5.00, 2.257, 72.13, -5.08, 0.009, 182.72, -20.18);
insert into SHOT values (1427, 1518, 1519, 182, 1.560, 8.83, -1.10, 1.569, 8.80, -1.10, 0.009, 3.28, -0.34);
insert into SHOT values (1428, 1519, 1520, 182, 1.750, 73.63, -10.80, 1.750, 73.78, -10.87, 0.005, 171.48, -25.08);
insert into SHOT values (1429, 1520, 1521, 182, 1.070, 108.33, -12.20, 1.066, 108.43, -11.90, 0.007, 249.18, 64.28);
insert into SHOT values (1430, 1521, 1522, 182, 1.100, 182.73, -0.30, 1.101, 182.60, -0.52, 0.005, 117.37, -57.00);
insert into SHOT values (1431, 1522, 1523, 182, 1.380, 82.33, 8.30, 1.377, 82.41, 8.35, 0.004, 236.73, 11.17);
insert into SHOT values (1432, 1523, 1524, 182, 2.490, 177.03, -18.50, 2.482, 177.08, -18.56, 0.008, 344.70, 0.60);
insert into SHOT values (1433, 1524, 1525, 182, 1.850, 70.53, 0.30, 1.853, 70.78, 0.31, 0.009, 138.49, 2.06);
insert into SHOT values (1434, 1525, 1526, 182, 1.420, 176.73, 2.80, 1.414, 176.75, 2.84, 0.006, 352.10, 5.97);
insert into SHOT values (1435, 1526, 1527, 182, 2.400, 217.93, -70.00, 2.406, 218.12, -69.92, 0.008, 244.52, -38.41);
insert into SHOT values (1436, 1527, 1528, 182, 1.780, 122.93, 11.80, 1.789, 122.87, 11.94, 0.010, 109.85, 36.58);
insert into SHOT values (1437, 1528, 1529, 182, 1.150, 40.93, 26.40, 1.148, 40.66, 26.38, 0.005, 290.33, -14.36);
insert into SHOT values (1438, 1529, 1489, 182, 5.850, 102.43, -74.90, 5.852, 102.49, -74.88, 0.003, 136.79, -37.26);
insert into SHOT values (1439, 1530, 1531, 182, 8.120, 56.83, 64.70, 8.115, 56.91, 64.75, 0.010, 209.47, -6.75);
insert into STATION values (1, 'a21', 21, 585033.00, 128626.00, 2581.00);
insert into STATION_FLAG values(1, 'ent');
insert into STATION_FLAG values(1, 'fix');
insert into STATION values (2, 'a0', 21, 585014.83, 128636.84, 2499.03);
insert into STATION values (3, 'a1', 21, 585013.01, 128635.36, 2501.38);
insert into STATION values (4, 'a2', 21, 585013.77, 128634.35, 2504.41);
insert into STATION values (5, 'b0', 21, 585013.77, 128634.35, 2504.41);
insert into STATION values (6, 'b1', 21, 585018.27, 128629.87, 2517.04);
insert into STATION values (7, 'a3', 21, 585017.76, 128634.97, 2504.31);
insert into STATION values (8, 'a4', 21, 585018.60, 128635.60, 2504.32);
insert into STATION values (9, 'a5', 21, 585020.22, 128632.71, 2508.30);
insert into STATION values (10, 'a6', 21, 585021.40, 128631.60, 2514.17);
insert into STATION values (11, 'a7', 21, 585024.11, 128631.05, 2514.73);
insert into STATION values (12, 'a8', 21, 585024.77, 128631.24, 2514.89);
insert into STATION values (13, 'a9', 21, 585029.96, 128627.28, 2514.69);
insert into STATION values (14, 'a10', 21, 585032.83, 128623.53, 2519.43);
insert into STATION values (15, 'a11', 21, 585033.91, 128623.86, 2522.36);
insert into STATION values (16, 'a12', 21, 585033.17, 128624.11, 2525.26);
insert into STATION values (17, 'a13', 21, 585032.32, 128623.64, 2529.63);
insert into STATION values (18, 'a14', 21, 585033.81, 128624.05, 2544.77);
insert into STATION values (19, 'a15', 21, 585033.92, 128625.54, 2545.97);
insert into STATION values (20, 'c0', 21, 585033.92, 128625.54, 2545.97);
insert into STATION values (21, 'c1', 21, 585035.60, 128628.17, 2564.85);
insert into STATION values (22, 'a16', 21, 585031.31, 128625.38, 2549.72);
insert into STATION values (23, 'd0', 21, 585031.31, 128625.38, 2549.72);
insert into STATION values (24, 'd1', 21, 585031.17, 128625.54, 2543.39);
insert into STATION values (25, 'a17', 21, 585032.37, 128625.31, 2550.42);
insert into STATION values (26, 'a18', 21, 585032.19, 128624.79, 2559.20);
insert into STATION values (27, 'a19', 21, 585031.83, 128624.83, 2572.09);
insert into STATION values (28, 'a20', 21, 585033.07, 128625.94, 2576.59);
insert into STATION values (29, 'e0', 21, 585014.83, 128636.84, 2499.03);
insert into STATION values (30, 'e1', 21, 585012.52, 128637.75, 2498.31);
insert into STATION values (31, 'e2', 21, 585012.38, 128638.76, 2497.67);
insert into STATION values (32, 'e3', 21, 585010.49, 128638.94, 2492.64);
insert into STATION values (33, 'e4', 21, 585008.98, 128639.28, 2489.63);
insert into STATION values (34, 'e5', 21, 585004.57, 128640.87, 2487.50);
insert into STATION values (35, 'e6', 21, 585003.84, 128640.24, 2485.47);
insert into STATION values (36, 'e7', 21, 585002.92, 128641.50, 2476.91);
insert into STATION values (37, 'e8', 21, 585003.66, 128638.61, 2475.97);
insert into STATION values (38, 'f0', 21, 585004.57, 128640.87, 2487.50);
insert into STATION values (39, 'f1', 21, 585000.63, 128637.68, 2485.84);
insert into STATION values (40, 'f2', 21, 584999.99, 128638.53, 2485.43);
insert into STATION values (41, 'f3', 21, 584995.98, 128640.29, 2472.10);
insert into STATION values (42, 'f4', 21, 584997.25, 128640.50, 2468.76);
insert into STATION values (43, 'f5', 21, 584999.43, 128635.30, 2463.14);
insert into STATION values (44, 'f6', 21, 585006.19, 128634.51, 2461.48);
insert into STATION values (45, 'f7', 21, 585008.78, 128633.90, 2459.97);
insert into STATION values (46, 'g0', 21, 585000.63, 128637.68, 2485.84);
insert into STATION values (47, 'g1', 21, 585002.61, 128635.91, 2492.39);
insert into STATION values (48, 'h0', 21, 585008.78, 128633.90, 2459.97);
insert into STATION values (49, 'h1', 21, 585017.43, 128638.91, 2459.97);
insert into STATION values (50, 'i0', 21, 585008.78, 128633.90, 2459.97);
insert into STATION values (51, 'i1', 21, 585012.23, 128635.09, 2459.34);
insert into STATION values (52, 'i2', 21, 585012.82, 128637.37, 2459.29);
insert into STATION values (53, 'i3', 21, 585017.46, 128640.53, 2459.26);
insert into STATION values (54, 'i4', 21, 585023.38, 128641.38, 2456.73);
insert into STATION values (55, 'i5', 21, 585029.74, 128637.31, 2453.84);
insert into STATION values (56, 'i6', 21, 585031.87, 128638.71, 2453.66);
insert into STATION values (57, 'i7', 21, 585033.85, 128642.34, 2453.59);
insert into STATION values (58, 'i8', 21, 585039.42, 128644.57, 2452.97);
insert into STATION values (59, 'i9', 21, 585048.81, 128655.02, 2454.05);
insert into STATION values (60, 'i10', 21, 585053.57, 128656.35, 2455.17);
insert into STATION values (61, 'i11', 21, 585057.11, 128655.72, 2455.14);
insert into STATION values (62, 'i12', 21, 585059.77, 128656.31, 2454.81);
insert into STATION values (63, 'i13', 21, 585062.47, 128654.31, 2453.70);
insert into STATION values (64, 'i14', 21, 585067.18, 128654.81, 2453.77);
insert into STATION values (65, 'i15', 21, 585071.35, 128656.80, 2456.19);
insert into STATION values (66, 'i16', 21, 585070.98, 128659.43, 2456.74);
insert into STATION values (67, 'i17', 21, 585076.87, 128657.23, 2454.86);
insert into STATION values (68, 'i18', 21, 585079.99, 128655.66, 2455.13);
insert into STATION values (69, 'i19', 21, 585084.70, 128657.09, 2455.19);
insert into STATION values (70, 'i20', 21, 585087.79, 128653.69, 2454.31);
insert into STATION values (71, 'i21', 21, 585096.15, 128656.64, 2452.68);
insert into STATION values (72, 'i22', 21, 585100.40, 128657.47, 2452.27);
insert into STATION values (73, 'i23', 21, 585101.02, 128653.79, 2450.49);
insert into STATION values (74, 'i24', 21, 585100.88, 128651.03, 2449.95);
insert into STATION values (75, 'i25', 21, 585105.73, 128652.36, 2449.36);
insert into STATION values (76, 'i26', 21, 585107.42, 128654.78, 2448.49);
insert into STATION values (77, 'i27', 21, 585111.26, 128660.95, 2449.48);
insert into STATION values (78, 'i28', 21, 585115.47, 128663.69, 2448.85);
insert into STATION values (79, 'i29', 21, 585117.80, 128664.82, 2448.62);
insert into STATION values (80, 'i30', 21, 585120.77, 128666.73, 2448.54);
insert into STATION values (81, 'i31', 21, 585124.80, 128666.53, 2446.78);
insert into STATION values (82, 'i32', 21, 585126.38, 128668.97, 2447.00);
insert into STATION values (83, 'i33', 21, 585131.13, 128670.61, 2447.35);
insert into STATION values (84, 'i34', 21, 585133.49, 128673.55, 2448.60);
insert into STATION values (85, 'i35', 21, 585129.34, 128679.24, 2450.70);
insert into STATION values (86, 'i36', 21, 585133.91, 128683.00, 2449.88);
insert into STATION values (87, '1.7', 28, 584596.00, 129293.00, 2586.00);
insert into STATION_FLAG values(87, 'ent');
insert into STATION_FLAG values(87, 'fix');
insert into STATION values (88, '1.0', 28, 584606.58, 129292.26, 2532.79);
insert into STATION values (89, '1.1', 28, 584601.78, 129291.81, 2532.78);
insert into STATION values (90, '1.2', 28, 584599.33, 129289.40, 2530.47);
insert into STATION values (91, '1.3', 28, 584595.25, 129288.16, 2532.01);
insert into STATION values (92, '1.4', 28, 584592.25, 129290.39, 2533.15);
insert into STATION values (93, '1.5', 28, 584594.55, 129290.93, 2551.80);
insert into STATION values (94, '1.6', 28, 584594.50, 129290.85, 2560.23);
insert into STATION values (95, '1.0', 33, 587746.00, 130045.00, 2199.00);
insert into STATION_FLAG values(95, 'ent');
insert into STATION_FLAG values(95, 'fix');
insert into STATION values (96, '1.1', 33, 587751.72, 130042.26, 2185.41);
insert into STATION values (97, '0', 38, 588019.00, 129349.00, 2211.00);
insert into STATION_FLAG values(97, 'ent');
insert into STATION_FLAG values(97, 'fix');
insert into STATION values (98, '1', 38, 588019.98, 129346.45, 2209.49);
insert into STATION values (99, '2', 38, 588029.77, 129338.80, 2202.60);
insert into STATION values (100, '3', 38, 588047.11, 129351.38, 2203.35);
insert into STATION values (101, '4', 38, 588057.06, 129358.34, 2203.56);
insert into STATION values (102, '5', 38, 588062.62, 129359.02, 2202.16);
insert into STATION values (103, '6', 38, 588071.00, 129362.93, 2201.35);
insert into STATION values (104, '7', 38, 588076.58, 129363.21, 2199.75);
insert into STATION values (105, '8', 38, 588081.69, 129363.93, 2198.47);
insert into STATION values (106, '9', 38, 588082.88, 129356.21, 2194.31);
insert into STATION values (107, '10', 38, 588051.56, 129348.14, 2200.42);
insert into STATION values (108, '11', 38, 588062.35, 129347.38, 2196.69);
insert into STATION values (109, '12', 38, 588064.61, 129345.35, 2195.01);
insert into STATION values (110, '0', 43, 587320.00, 129300.00, 2290.00);
insert into STATION_FLAG values(110, 'ent');
insert into STATION_FLAG values(110, 'fix');
insert into STATION values (111, '1', 43, 587318.33, 129302.84, 2287.91);
insert into STATION values (112, '2', 43, 587317.41, 129304.29, 2286.89);
insert into STATION values (113, '3', 43, 587316.99, 129308.88, 2284.27);
insert into STATION values (114, '4', 43, 587315.21, 129310.27, 2282.14);
insert into STATION values (115, '5', 43, 587317.98, 129312.28, 2281.43);
insert into STATION values (116, '6', 43, 587319.45, 129314.92, 2281.05);
insert into STATION values (117, '7', 43, 587319.88, 129315.68, 2280.38);
insert into STATION values (118, '8', 43, 587319.09, 129317.90, 2279.40);
insert into STATION values (119, '9', 43, 587319.82, 129319.52, 2278.11);
insert into STATION values (120, '10', 43, 587320.57, 129316.39, 2270.68);
insert into STATION values (121, '11', 43, 587320.73, 129316.01, 2268.82);
insert into STATION values (122, '12', 43, 587318.54, 129314.42, 2268.82);
insert into STATION values (123, '13', 43, 587318.54, 129314.42, 2266.72);
insert into STATION values (124, '14', 43, 587318.54, 129314.42, 2260.02);
insert into STATION values (125, '15', 43, 587320.28, 129314.90, 2260.02);
insert into STATION values (126, '16', 43, 587321.27, 129316.21, 2258.98);
insert into STATION values (127, '17', 43, 587322.25, 129315.37, 2257.61);
insert into STATION values (128, '18', 43, 587324.56, 129313.63, 2249.56);
insert into STATION values (129, '19', 43, 587326.12, 129314.05, 2244.83);
insert into STATION values (130, '20', 43, 587327.30, 129308.71, 2228.84);
insert into STATION values (131, '21', 43, 587331.59, 129306.84, 2226.55);
insert into STATION values (132, '22', 43, 587333.33, 129308.28, 2224.43);
insert into STATION values (133, '23', 43, 587336.42, 129303.85, 2220.38);
insert into STATION values (134, '24', 43, 587338.37, 129300.55, 2217.10);
insert into STATION values (135, '25', 43, 587340.03, 129300.06, 2216.45);
insert into STATION values (136, '26', 43, 587342.28, 129297.05, 2215.42);
insert into STATION values (137, '27', 43, 587343.65, 129298.69, 2214.57);
insert into STATION values (138, '28', 43, 587345.28, 129296.11, 2214.04);
insert into STATION values (139, '29', 43, 587348.65, 129297.25, 2213.00);
insert into STATION values (140, '30', 43, 587348.65, 129297.25, 2210.30);
insert into STATION values (141, '31', 43, 587350.40, 129293.35, 2209.49);
insert into STATION values (142, '32', 43, 587348.24, 129291.90, 2207.54);
insert into STATION values (143, '33', 43, 587348.98, 129289.84, 2201.47);
insert into STATION values (144, '34', 43, 587345.86, 129288.44, 2199.80);
insert into STATION values (145, '35', 43, 587347.58, 129285.62, 2198.24);
insert into STATION values (146, '36', 43, 587348.16, 129283.36, 2197.10);
insert into STATION values (147, '37', 43, 587348.13, 129282.35, 2196.36);
insert into STATION values (148, '38', 43, 587349.20, 129280.23, 2195.16);
insert into STATION values (149, '39', 43, 587349.86, 129279.40, 2194.25);
insert into STATION values (150, '40', 43, 587349.16, 129276.06, 2190.13);
insert into STATION values (151, '41', 43, 587349.37, 129271.49, 2187.88);
insert into STATION values (152, '42', 43, 587348.41, 129269.30, 2184.25);
insert into STATION values (153, '43', 43, 587346.06, 129266.47, 2180.79);
insert into STATION values (154, '44', 43, 587349.53, 129258.03, 2169.40);
insert into STATION values (155, '45', 43, 587347.49, 129257.68, 2168.65);
insert into STATION values (156, '46', 43, 587346.23, 129258.32, 2168.16);
insert into STATION values (157, '47', 43, 587343.53, 129257.16, 2167.36);
insert into STATION values (158, '48', 43, 587340.87, 129259.30, 2165.94);
insert into STATION values (159, '49', 43, 587339.72, 129261.19, 2165.30);
insert into STATION values (160, '50', 43, 587337.27, 129259.64, 2165.16);
insert into STATION values (161, '51', 43, 587335.56, 129261.02, 2164.67);
insert into STATION values (162, '52', 43, 587332.18, 129264.01, 2163.36);
insert into STATION values (163, '53', 43, 587333.28, 129268.90, 2162.73);
insert into STATION values (164, '54', 43, 587337.46, 129269.89, 2162.59);
insert into STATION values (165, '55', 43, 587344.61, 129271.12, 2162.48);
insert into STATION values (166, '56', 43, 587347.08, 129274.00, 2162.72);
insert into STATION values (167, '57', 43, 587347.68, 129275.27, 2163.25);
insert into STATION values (168, '58', 43, 587352.08, 129276.54, 2162.82);
insert into STATION values (169, '59', 43, 587354.46, 129278.32, 2162.15);
insert into STATION values (170, '60', 43, 587354.41, 129278.72, 2162.15);
insert into STATION values (171, '61', 43, 587357.03, 129281.10, 2162.77);
insert into STATION values (172, '62', 43, 587360.35, 129283.19, 2162.34);
insert into STATION values (173, '63', 43, 587365.90, 129283.79, 2161.90);
insert into STATION values (174, '64', 43, 587368.76, 129285.53, 2161.74);
insert into STATION values (175, '65', 43, 587371.37, 129287.07, 2161.36);
insert into STATION values (176, '66', 43, 587373.80, 129287.98, 2161.15);
insert into STATION values (177, '67', 43, 587377.43, 129288.43, 2160.34);
insert into STATION values (178, '68', 43, 587380.37, 129293.55, 2159.02);
insert into STATION values (179, '69', 43, 587382.51, 129292.27, 2159.06);
insert into STATION values (180, '70', 43, 587382.61, 129288.98, 2158.90);
insert into STATION values (181, '71', 43, 587384.23, 129282.17, 2158.79);
insert into STATION values (182, '72', 43, 587386.69, 129280.37, 2159.37);
insert into STATION values (183, '73', 43, 587386.51, 129275.13, 2159.12);
insert into STATION values (184, '74', 43, 587388.67, 129272.51, 2159.12);
insert into STATION values (185, '75', 43, 587391.99, 129271.70, 2158.64);
insert into STATION values (186, '76', 43, 587393.01, 129270.34, 2158.56);
insert into STATION values (187, '77', 43, 587393.47, 129267.40, 2153.70);
insert into STATION values (188, '78', 43, 587396.25, 129266.54, 2152.38);
insert into STATION values (189, '79', 43, 587396.79, 129263.09, 2147.25);
insert into STATION values (190, '80', 43, 587393.17, 129262.41, 2147.54);
insert into STATION values (191, '81', 43, 587392.75, 129260.98, 2147.35);
insert into STATION values (192, '82', 43, 587390.91, 129253.42, 2137.32);
insert into STATION values (193, '83', 43, 587387.16, 129253.25, 2135.55);
insert into STATION values (194, '84', 43, 587386.35, 129254.86, 2135.55);
insert into STATION values (195, '85', 43, 587383.50, 129253.41, 2134.73);
insert into STATION values (196, '86', 43, 587383.50, 129253.41, 2134.73);
insert into STATION values (197, '87', 43, 587384.45, 129256.65, 2133.89);
insert into STATION values (198, '88', 43, 587388.19, 129259.44, 2133.73);
insert into STATION values (199, '89', 43, 587390.66, 129261.72, 2133.43);
insert into STATION values (200, '90', 43, 587393.50, 129263.16, 2132.93);
insert into STATION values (201, '91', 43, 587400.56, 129268.09, 2132.33);
insert into STATION values (202, '92', 43, 587403.19, 129274.87, 2132.20);
insert into STATION values (203, '93', 43, 587410.50, 129278.72, 2132.63);
insert into STATION values (204, '94', 43, 587415.14, 129286.66, 2132.31);
insert into STATION values (205, '95', 43, 587421.87, 129288.71, 2132.19);
insert into STATION values (206, '96', 43, 587429.24, 129295.28, 2131.32);
insert into STATION values (207, '97', 43, 587437.07, 129298.22, 2131.03);
insert into STATION values (208, '98', 43, 587449.03, 129305.00, 2130.96);
insert into STATION values (209, '99', 43, 587455.96, 129306.94, 2131.46);
insert into STATION values (210, '100', 43, 587465.26, 129313.66, 2130.88);
insert into STATION values (211, '101', 43, 587472.98, 129319.63, 2129.68);
insert into STATION values (212, '102', 43, 587487.00, 129326.46, 2129.14);
insert into STATION values (213, '103', 43, 587497.47, 129335.08, 2127.95);
insert into STATION values (214, '104', 43, 587504.43, 129334.13, 2128.20);
insert into STATION values (215, '105', 43, 587510.64, 129335.65, 2129.50);
insert into STATION values (216, '106', 43, 587514.43, 129343.64, 2128.88);
insert into STATION values (217, '107', 43, 587519.05, 129347.97, 2128.10);
insert into STATION values (218, '108', 43, 587527.13, 129348.33, 2127.82);
insert into STATION values (219, '109', 43, 587528.30, 129344.71, 2128.26);
insert into STATION values (220, '501', 43, 587394.32, 129257.33, 2133.29);
insert into STATION values (221, '502', 43, 587395.90, 129253.74, 2133.67);
insert into STATION values (222, '503', 43, 587399.74, 129254.65, 2133.73);
insert into STATION values (223, '1', 48, 588762.00, 129558.00, 2014.00);
insert into STATION_FLAG values(223, 'ent');
insert into STATION_FLAG values(223, 'fix');
insert into STATION values (224, '2', 48, 588745.17, 129549.44, 2019.06);
insert into STATION values (225, '3', 48, 588734.23, 129548.87, 2022.41);
insert into STATION values (226, '4', 48, 588729.42, 129551.77, 2024.13);
insert into STATION values (227, '5', 48, 588698.92, 129566.01, 2047.69);
insert into STATION values (228, '6', 48, 588693.04, 129557.92, 2049.46);
insert into STATION values (229, '7', 48, 588684.58, 129568.39, 2059.60);
insert into STATION values (230, '8', 48, 588677.03, 129563.30, 2057.83);
insert into STATION values (231, '9', 48, 588642.61, 129625.47, 2097.22);
insert into STATION values (232, '9a', 48, 588642.57, 129625.54, 2097.26);
insert into STATION values (233, '10', 48, 588631.57, 129626.51, 2095.51);
insert into STATION values (234, '11', 48, 588624.00, 129621.41, 2098.84);
insert into STATION values (235, '12', 48, 588620.60, 129625.91, 2103.92);
insert into STATION values (236, '13', 48, 588579.08, 129608.31, 2124.00);
insert into STATION values (237, '14', 48, 588578.43, 129620.78, 2125.75);
insert into STATION values (238, '14a', 48, 588578.43, 129620.88, 2125.77);
insert into STATION values (239, '15', 48, 588568.73, 129654.77, 2103.74);
insert into STATION values (240, '16', 48, 588555.98, 129660.46, 2096.93);
insert into STATION values (241, '17', 48, 588543.96, 129652.05, 2086.66);
insert into STATION values (242, '18', 48, 588534.55, 129651.56, 2081.65);
insert into STATION values (243, '19', 48, 588530.10, 129646.63, 2079.99);
insert into STATION values (244, '20', 48, 588519.19, 129646.07, 2074.90);
insert into STATION values (245, '21', 48, 588512.81, 129648.91, 2071.49);
insert into STATION values (246, '22', 48, 588696.13, 129554.79, 2046.71);
insert into STATION values (247, '23', 48, 588694.90, 129548.48, 2043.29);
insert into STATION values (248, '24', 48, 588699.90, 129542.50, 2039.15);
insert into STATION values (249, '25', 48, 588702.10, 129528.57, 2031.65);
insert into STATION values (250, '26', 48, 588713.25, 129524.50, 2025.34);
insert into STATION values (251, '27', 48, 588720.69, 129531.19, 2020.24);
insert into STATION values (252, '28', 48, 588726.94, 129531.52, 2018.56);
insert into STATION values (253, '29', 48, 588731.98, 129525.51, 2015.23);
insert into STATION values (254, 'tt', 48, 588749.20, 129547.29, 2012.29);
insert into STATION values (255, 'S2', 48, 588753.02, 129549.07, 2012.29);
insert into STATION values (256, '1', 53, 588543.00, 129444.00, 2065.00);
insert into STATION_FLAG values(256, 'ent');
insert into STATION_FLAG values(256, 'fix');
insert into STATION values (257, '2', 53, 588537.80, 129442.01, 2065.00);
insert into STATION values (258, '3', 53, 588531.07, 129435.52, 2065.00);
insert into STATION values (259, '4', 53, 588517.58, 129423.38, 2066.59);
insert into STATION values (260, '5', 53, 588515.46, 129430.33, 2067.35);
insert into STATION values (261, '6', 53, 588500.26, 129418.88, 2069.01);
insert into STATION values (262, '7', 53, 588496.56, 129422.22, 2069.01);
insert into STATION values (263, '8', 53, 588488.05, 129416.49, 2069.01);
insert into STATION values (264, '9', 53, 588479.72, 129407.24, 2069.01);
insert into STATION values (265, '10', 53, 588462.69, 129395.76, 2071.17);
insert into STATION values (266, '11', 53, 588450.15, 129400.33, 2078.88);
insert into STATION values (267, '12', 53, 588440.07, 129390.95, 2081.81);
insert into STATION values (268, '13', 53, 588427.98, 129386.79, 2086.46);
insert into STATION values (269, '14', 53, 588420.13, 129400.41, 2091.87);
insert into STATION values (270, '15', 53, 588410.88, 129408.74, 2097.15);
insert into STATION values (271, '16', 53, 588402.09, 129408.29, 2100.19);
insert into STATION values (272, '17', 53, 588399.72, 129420.51, 2106.26);
insert into STATION values (273, '18', 53, 588387.23, 129423.40, 2113.07);
insert into STATION values (274, '19', 53, 588378.25, 129426.50, 2118.34);
insert into STATION values (275, '20', 53, 588364.78, 129413.51, 2119.00);
insert into STATION values (276, '21', 53, 588354.39, 129409.53, 2119.78);
insert into STATION values (277, '22', 53, 588341.81, 129415.13, 2119.78);
insert into STATION values (278, '23', 53, 588333.35, 129408.53, 2122.85);
insert into STATION values (279, '24', 53, 588323.50, 129393.95, 2122.85);
insert into STATION values (280, '25', 53, 588307.90, 129387.97, 2124.31);
insert into STATION values (281, '26', 53, 588307.45, 129396.79, 2128.81);
insert into STATION values (282, '27', 53, 588300.51, 129394.67, 2130.35);
insert into STATION values (283, '27a', 53, 588292.89, 129392.34, 2132.05);
insert into STATION values (284, '28', 53, 588287.04, 129386.71, 2132.76);
insert into STATION values (285, '29', 53, 588281.66, 129388.15, 2134.25);
insert into STATION values (286, '30', 53, 588246.05, 129363.24, 2137.29);
insert into STATION values (287, '31', 53, 588237.53, 129357.51, 2138.01);
insert into STATION values (288, '32', 53, 588232.47, 129353.69, 2138.79);
insert into STATION values (289, '33', 53, 588231.02, 129348.31, 2141.04);
insert into STATION values (290, '1', 58, 587989.00, 129327.00, 2213.00);
insert into STATION_FLAG values(290, 'ent');
insert into STATION_FLAG values(290, 'fix');
insert into STATION values (291, '2', 58, 587987.56, 129325.05, 2208.63);
insert into STATION values (292, '3', 58, 587990.72, 129323.33, 2205.61);
insert into STATION values (293, '4', 58, 587993.91, 129322.44, 2202.41);
insert into STATION values (294, '5', 58, 587995.41, 129325.21, 2201.26);
insert into STATION values (295, '6', 58, 587999.63, 129326.06, 2200.35);
insert into STATION values (296, '7', 58, 588002.88, 129324.84, 2199.92);
insert into STATION values (297, '8', 58, 588010.64, 129327.28, 2196.96);
insert into STATION values (298, '9', 58, 588012.63, 129325.86, 2195.82);
insert into STATION values (299, '10', 58, 588014.84, 129326.68, 2195.41);
insert into STATION values (300, '11', 58, 588026.10, 129330.88, 2193.29);
insert into STATION values (301, '12', 58, 588027.10, 129326.98, 2192.51);
insert into STATION values (302, '13', 58, 588028.85, 129329.52, 2192.18);
insert into STATION values (303, '14', 58, 588032.00, 129330.45, 2190.92);
insert into STATION values (304, '15', 58, 588033.29, 129328.18, 2189.81);
insert into STATION values (305, '16', 58, 588035.31, 129329.97, 2188.78);
insert into STATION values (306, '17', 58, 588036.70, 129330.15, 2188.78);
insert into STATION values (307, '18', 58, 588039.21, 129330.39, 2188.15);
insert into STATION values (308, '19', 58, 588039.50, 129332.89, 2187.47);
insert into STATION values (309, '20', 58, 588043.11, 129333.10, 2185.71);
insert into STATION values (310, 'a1', 58, 588036.70, 129330.15, 2188.78);
insert into STATION values (311, 'a2', 58, 588036.44, 129331.74, 2190.69);
insert into STATION values (312, 'a3', 58, 588034.86, 129333.35, 2191.34);
insert into STATION values (313, 'a4', 58, 588033.12, 129333.22, 2192.51);
insert into STATION values (314, 'a5', 58, 588031.78, 129330.74, 2192.66);
insert into STATION values (315, 'a6', 58, 588031.78, 129330.74, 2190.66);
insert into STATION values (316, 'b1', 58, 588034.86, 129333.35, 2191.34);
insert into STATION values (317, 'b2', 58, 588037.84, 129333.69, 2191.34);
insert into STATION values (318, 'b3', 58, 588039.90, 129333.30, 2191.34);
insert into STATION values (319, 'c1', 58, 588014.84, 129326.68, 2195.41);
insert into STATION values (320, 'c2', 58, 588014.58, 129327.42, 2199.43);
insert into STATION values (321, 'c3', 58, 588014.12, 129328.44, 2201.09);
insert into STATION values (322, 'c4', 58, 588010.38, 129327.75, 2201.09);
insert into STATION values (323, 'd1', 58, 588043.11, 129333.10, 2185.71);
insert into STATION values (324, 'd2', 58, 588043.11, 129333.10, 2182.71);
insert into STATION values (325, 'd3', 58, 588044.57, 129333.24, 2182.71);
insert into STATION values (326, 'd4', 58, 588045.00, 129331.70, 2181.59);
insert into STATION values (327, 'd5', 58, 588047.63, 129330.27, 2181.59);
insert into STATION values (328, 'd6', 58, 588047.00, 129327.99, 2180.39);
insert into STATION values (329, 'd7', 58, 588049.64, 129327.26, 2180.20);
insert into STATION values (330, 'd8', 58, 588050.63, 129328.88, 2180.13);
insert into STATION values (331, 'd9', 58, 588053.28, 129327.67, 2179.41);
insert into STATION values (332, 'd10', 58, 588055.83, 129330.54, 2179.07);
insert into STATION values (333, 'd11', 58, 588058.82, 129328.63, 2179.07);
insert into STATION values (334, 'd12', 58, 588059.61, 129330.99, 2178.94);
insert into STATION values (335, 'd13', 58, 588062.84, 129333.12, 2177.90);
insert into STATION values (336, 'd14', 58, 588065.83, 129336.06, 2177.24);
insert into STATION values (337, 'd15', 58, 588069.95, 129338.38, 2176.41);
insert into STATION values (338, 'd16', 58, 588071.75, 129338.27, 2176.41);
insert into STATION values (339, 'd17', 58, 588075.14, 129340.87, 2175.18);
insert into STATION values (340, 'd18', 58, 588076.64, 129341.02, 2175.18);
insert into STATION values (341, 'd19', 58, 588077.95, 129340.57, 2174.98);
insert into STATION values (342, 'd20', 58, 588083.77, 129341.33, 2174.37);
insert into STATION values (343, 'd21', 58, 588091.92, 129346.12, 2173.37);
insert into STATION values (344, 'd22', 58, 588093.99, 129344.40, 2172.17);
insert into STATION values (345, 'd23', 58, 588096.16, 129345.26, 2171.59);
insert into STATION values (346, 'd24', 58, 588097.13, 129343.12, 2170.88);
insert into STATION values (347, 'd25', 58, 588101.34, 129344.21, 2170.88);
insert into STATION values (348, 'd26', 58, 588104.61, 129342.50, 2170.16);
insert into STATION values (349, 'd27', 58, 588106.35, 129343.99, 2170.00);
insert into STATION values (350, 'd28', 58, 588109.98, 129343.83, 2168.46);
insert into STATION values (351, 'd29', 58, 588112.60, 129346.14, 2168.21);
insert into STATION values (352, 'd30', 58, 588114.75, 129347.40, 2166.54);
insert into STATION values (353, 'd31', 58, 588116.88, 129344.71, 2165.15);
insert into STATION values (354, 'd32', 58, 588118.31, 129341.42, 2164.84);
insert into STATION values (355, 'd33', 58, 588120.21, 129340.01, 2163.35);
insert into STATION values (356, 'd34', 58, 588123.34, 129339.70, 2163.57);
insert into STATION values (357, 'd35', 58, 588126.67, 129344.92, 2163.14);
insert into STATION values (358, 'd36', 58, 588140.24, 129349.18, 2161.65);
insert into STATION values (359, 'd37', 58, 588144.43, 129347.93, 2160.39);
insert into STATION values (360, 'd38', 58, 588147.40, 129351.93, 2160.83);
insert into STATION values (361, 'd39', 58, 588150.82, 129357.98, 2161.68);
insert into STATION values (362, 'd40', 58, 588153.29, 129358.39, 2161.68);
insert into STATION values (363, 'e1', 58, 588109.98, 129343.83, 2168.46);
insert into STATION values (364, 'e2', 58, 588115.77, 129343.98, 2165.51);
insert into STATION values (365, 'f1', 58, 588120.21, 129340.01, 2163.35);
insert into STATION values (366, 'f2', 58, 588125.07, 129332.36, 2159.13);
insert into STATION values (367, 'f3', 58, 588127.75, 129327.62, 2156.59);
insert into STATION values (368, 'g1', 58, 588144.43, 129347.93, 2160.39);
insert into STATION values (369, 'g2', 58, 588149.68, 129340.55, 2156.17);
insert into STATION values (370, 'g3', 58, 588158.62, 129328.00, 2148.98);
insert into STATION values (371, 'bb4', 63, 587619.00, 129280.00, 2277.00);
insert into STATION_FLAG values(371, 'ent');
insert into STATION_FLAG values(371, 'fix');
insert into STATION values (372, '1', 63, 587553.46, 129293.79, 2301.78);
insert into STATION values (373, '2', 63, 587563.16, 129272.42, 2288.26);
insert into STATION values (374, '3', 63, 587578.83, 129271.67, 2283.63);
insert into STATION values (375, '4', 63, 587594.97, 129261.57, 2274.11);
insert into STATION values (376, '5', 63, 587602.52, 129266.65, 2274.66);
insert into STATION values (377, '6', 63, 587610.71, 129259.27, 2268.68);
insert into STATION values (378, '7', 63, 587647.11, 129250.22, 2254.20);
insert into STATION values (379, '8', 63, 587668.35, 129262.25, 2254.59);
insert into STATION values (380, '9', 63, 587675.98, 129265.77, 2254.32);
insert into STATION values (381, '10', 63, 587697.39, 129274.69, 2253.07);
insert into STATION values (382, '11', 63, 587704.27, 129262.55, 2245.02);
insert into STATION values (383, '12', 63, 587707.54, 129259.60, 2242.62);
insert into STATION values (384, '13', 63, 587725.84, 129268.36, 2242.14);
insert into STATION values (385, '14', 63, 587728.55, 129276.31, 2245.45);
insert into STATION values (386, '15', 63, 587730.51, 129268.60, 2240.99);
insert into STATION values (387, '16', 63, 587736.91, 129265.80, 2237.84);
insert into STATION values (388, '17', 63, 587742.89, 129270.80, 2238.76);
insert into STATION values (389, '18', 63, 587746.00, 129270.96, 2238.00);
insert into STATION values (390, '19', 63, 587752.40, 129268.17, 2234.84);
insert into STATION values (391, '20', 63, 587758.96, 129262.26, 2230.06);
insert into STATION values (392, '21', 63, 587768.14, 129265.86, 2229.40);
insert into STATION values (393, '22', 63, 587770.94, 129272.25, 2231.91);
insert into STATION values (394, '23', 63, 587781.52, 129279.05, 2232.51);
insert into STATION values (395, '24', 63, 587789.63, 129273.22, 2227.34);
insert into STATION values (396, '25', 63, 587800.29, 129278.46, 2227.12);
insert into STATION values (397, '26', 63, 587811.20, 129279.02, 2224.46);
insert into STATION values (398, '27', 63, 587818.91, 129280.98, 2223.37);
insert into STATION values (399, '28', 63, 587820.14, 129287.30, 2226.25);
insert into STATION values (400, '29', 63, 587826.29, 129289.18, 2225.55);
insert into STATION values (401, '30', 63, 587831.45, 129280.08, 2219.51);
insert into STATION values (402, '31', 63, 587837.36, 129286.63, 2221.25);
insert into STATION values (403, '32', 63, 587846.71, 129287.12, 2218.97);
insert into STATION values (404, '33', 63, 587849.91, 129285.72, 2217.39);
insert into STATION values (405, '34', 63, 587860.65, 129289.40, 2216.36);
insert into STATION values (406, '35', 63, 587869.91, 129291.44, 2214.89);
insert into STATION values (407, '36', 63, 587879.26, 129291.93, 2212.61);
insert into STATION values (408, '37', 63, 587880.57, 129296.68, 2214.68);
insert into STATION values (409, '38', 63, 587889.68, 129301.84, 2214.84);
insert into STATION values (410, '39', 63, 587899.20, 129299.21, 2210.92);
insert into STATION values (411, '40', 63, 587914.69, 129301.58, 2207.93);
insert into STATION values (412, '41', 63, 587931.67, 129305.58, 2205.38);
insert into STATION values (413, '42', 63, 587939.05, 129313.77, 2207.56);
insert into STATION values (414, '43', 63, 587949.79, 129317.45, 2206.53);
insert into STATION values (415, '44', 63, 587952.67, 129322.29, 2208.21);
insert into STATION values (416, '45', 63, 587957.26, 129324.08, 2207.89);
insert into STATION values (417, 'A1', 63, 587580.28, 129243.63, 2268.94);
insert into STATION values (418, 'b1', 63, 587655.81, 129263.16, 2258.45);
insert into STATION values (419, 'b2', 63, 587645.81, 129275.14, 2267.27);
insert into STATION values (420, 'b3', 63, 587644.50, 129270.39, 2265.20);
insert into STATION values (421, 'b4', 63, 587638.19, 129271.62, 2267.53);
insert into STATION values (422, 'b5', 63, 587623.80, 129277.90, 2274.63);
insert into STATION values (423, 'b6', 63, 587613.18, 129271.88, 2274.44);
insert into STATION values (424, 'bb1', 63, 587645.15, 129257.92, 2258.67);
insert into STATION values (425, 'bb2', 63, 587636.71, 129269.98, 2267.10);
insert into STATION values (426, 'bb3', 63, 587623.76, 129278.68, 2275.04);
insert into STATION values (427, 'c1', 63, 587658.04, 129280.46, 2266.66);
insert into STATION values (428, 'c2', 63, 587657.72, 129286.69, 2269.93);
insert into STATION values (429, 'c3', 63, 587650.63, 129287.88, 2272.46);
insert into STATION values (430, 'cc1', 63, 587685.40, 129264.70, 2251.22);
insert into STATION values (431, 'd1', 63, 587692.39, 129280.68, 2257.48);
insert into STATION values (432, 'd2', 63, 587699.77, 129288.87, 2259.65);
insert into STATION values (433, 'd3', 63, 587689.57, 129304.75, 2270.51);
insert into STATION values (434, 'd4', 63, 587689.11, 129283.64, 2259.87);
insert into STATION values (435, 'e1', 63, 587701.98, 129276.49, 2252.74);
insert into STATION values (436, 'e2', 63, 587720.19, 129286.80, 2253.07);
insert into STATION values (437, 'f1', 63, 587748.05, 129261.70, 2232.72);
insert into STATION values (438, 'f2', 63, 587756.16, 129255.87, 2227.55);
insert into STATION values (439, 'ff1', 63, 587767.33, 129281.44, 2237.57);
insert into STATION values (440, 'g1', 63, 587788.66, 129291.91, 2237.13);
insert into STATION values (441, 'g2', 63, 587789.97, 129296.67, 2239.20);
insert into STATION values (442, 'g3', 63, 587775.28, 129278.72, 2234.03);
insert into STATION values (443, 'g4', 63, 587768.89, 129281.51, 2237.18);
insert into STATION values (444, 'g5', 63, 587772.99, 129292.66, 2241.76);
insert into STATION values (445, 'h1', 63, 587803.00, 129286.41, 2230.44);
insert into STATION values (446, 'h2', 63, 587796.37, 129293.87, 2236.04);
insert into STATION values (447, 'i1', 63, 587853.69, 129303.10, 2225.23);
insert into STATION values (448, 'i2', 63, 587844.18, 129305.73, 2229.15);
insert into STATION values (449, 'j1', 63, 587866.39, 129299.07, 2219.74);
insert into STATION values (450, 'j2', 63, 587864.27, 129309.90, 2225.83);
insert into STATION values (451, 'o1', 63, 587878.21, 129312.18, 2223.22);
insert into STATION values (452, 'k1', 63, 587907.66, 129316.83, 2217.62);
insert into STATION values (453, 'k2', 63, 587913.73, 129320.27, 2217.73);
insert into STATION values (454, 'k3', 63, 587903.57, 129335.37, 2228.18);
insert into STATION values (455, 'l1', 63, 587862.53, 129283.25, 2212.71);
insert into STATION values (456, '1', 68, 586977.00, 129112.00, 2334.00);
insert into STATION_FLAG values(456, 'ent');
insert into STATION_FLAG values(456, 'fix');
insert into STATION values (457, '2', 68, 586977.00, 129112.00, 2329.69);
insert into STATION values (458, '3', 68, 586986.35, 129102.64, 2329.23);
insert into STATION values (459, '4', 68, 586986.35, 129102.64, 2316.84);
insert into STATION values (460, '5', 68, 586990.03, 129096.26, 2316.32);
insert into STATION values (461, '6', 68, 586990.03, 129096.26, 2313.63);
insert into STATION values (462, '7', 68, 586993.69, 129088.74, 2312.61);
insert into STATION values (463, '8', 68, 586997.16, 129085.61, 2311.53);
insert into STATION values (464, '9', 68, 587001.55, 129085.84, 2310.43);
insert into STATION values (465, '10', 68, 587003.92, 129082.69, 2310.43);
insert into STATION values (466, '11', 68, 586985.61, 129074.15, 2308.31);
insert into STATION values (467, '12', 68, 586982.52, 129059.69, 2307.27);
insert into STATION values (468, '13', 68, 586975.58, 129056.00, 2306.17);
insert into STATION values (469, '14', 68, 586975.58, 129056.00, 2299.70);
insert into STATION values (470, '15', 68, 586976.35, 129051.10, 2299.70);
insert into STATION values (471, '16', 68, 586952.51, 129044.72, 2299.70);
insert into STATION values (472, '17', 68, 586950.97, 129042.44, 2299.70);
insert into STATION values (473, '18', 68, 586956.11, 129038.28, 2298.65);
insert into STATION values (474, '19', 68, 586940.75, 129027.54, 2295.35);
insert into STATION values (475, '20', 68, 586940.75, 129027.55, 2279.20);
insert into STATION values (476, '21', 68, 586943.67, 129024.43, 2277.03);
insert into STATION values (477, '22', 68, 586943.67, 129024.43, 2268.42);
insert into STATION values (478, '23', 68, 586934.42, 129022.80, 2267.29);
insert into STATION values (479, '24', 68, 586913.68, 129019.53, 2266.19);
insert into STATION values (480, '24.1', 68, 586913.29, 129019.47, 2266.17);
insert into STATION values (481, '24.9', 68, 586901.57, 129016.77, 2265.12);
insert into STATION values (482, '25', 68, 586901.18, 129016.68, 2265.09);
insert into STATION values (483, '26', 68, 586901.18, 129007.32, 2265.09);
insert into STATION values (484, '27', 68, 586901.18, 129007.32, 2261.32);
insert into STATION values (485, '28', 68, 586891.66, 129009.52, 2258.70);
insert into STATION values (486, '29', 68, 586890.26, 128983.05, 2255.44);
insert into STATION values (487, '30', 68, 586891.59, 128978.70, 2253.32);
insert into STATION values (488, '31', 68, 586891.93, 128972.11, 2252.28);
insert into STATION values (489, '32', 68, 586897.53, 128970.18, 2252.28);
insert into STATION values (490, '33', 68, 586902.15, 128966.02, 2251.73);
insert into STATION values (491, '34', 68, 586899.98, 128953.79, 2249.10);
insert into STATION values (492, '35', 68, 586902.94, 128949.56, 2246.90);
insert into STATION values (493, '36', 68, 586901.98, 128946.76, 2244.75);
insert into STATION values (494, '37', 68, 586904.43, 128941.95, 2239.35);
insert into STATION values (495, '38', 68, 586898.99, 128940.60, 2237.20);
insert into STATION values (496, '39', 68, 586904.76, 128935.40, 2236.11);
insert into STATION values (497, '40', 68, 586903.26, 128923.22, 2232.82);
insert into STATION values (498, '41', 68, 586908.76, 128923.51, 2230.71);
insert into STATION values (499, '42', 68, 586908.99, 128919.12, 2229.11);
insert into STATION values (500, '19a', 68, 586935.20, 129028.32, 2286.71);
insert into STATION values (501, '0', 73, 588153.00, 129387.00, 2178.00);
insert into STATION_FLAG values(501, 'ent');
insert into STATION_FLAG values(501, 'fix');
insert into STATION values (502, '1', 73, 588155.72, 129383.12, 2175.27);
insert into STATION values (503, '2', 73, 588159.23, 129383.30, 2174.26);
insert into STATION values (504, '3', 73, 588162.13, 129385.48, 2174.38);
insert into STATION values (505, '4', 73, 588166.89, 129380.19, 2170.27);
insert into STATION values (506, '5', 73, 588173.59, 129376.47, 2166.37);
insert into STATION values (507, '6', 73, 588177.07, 129377.15, 2165.61);
insert into STATION values (508, '7', 73, 588191.94, 129372.02, 2158.28);
insert into STATION values (509, '8', 73, 588199.28, 129365.85, 2152.97);
insert into STATION values (510, '9', 73, 588203.47, 129362.57, 2150.02);
insert into STATION values (511, '10', 73, 588185.59, 129368.65, 2158.66);
insert into STATION values (512, '1', 78, 586530.00, 129820.00, 2380.00);
insert into STATION_FLAG values(512, 'ent');
insert into STATION_FLAG values(512, 'fix');
insert into STATION values (513, '2', 78, 586526.63, 129818.95, 2377.62);
insert into STATION values (514, '3', 78, 586526.63, 129818.95, 2369.02);
insert into STATION values (515, '4', 78, 586531.26, 129818.16, 2368.61);
insert into STATION values (516, '3''', 78, 586526.63, 129818.95, 2366.02);
insert into STATION values (517, '5', 78, 586531.26, 129818.16, 2355.51);
insert into STATION values (518, '6', 78, 586532.67, 129815.43, 2350.60);
insert into STATION values (519, '7', 78, 586534.26, 129812.81, 2341.69);
insert into STATION values (520, '8', 78, 586534.26, 129812.81, 2338.49);
insert into STATION values (521, '9', 78, 586535.13, 129813.45, 2338.20);
insert into STATION values (522, '10', 78, 586535.13, 129813.45, 2335.50);
insert into STATION values (523, '11', 78, 586535.85, 129815.57, 2330.70);
insert into STATION values (524, '12', 78, 586536.22, 129816.49, 2330.10);
insert into STATION values (525, '13', 78, 586536.37, 129817.49, 2328.01);
insert into STATION values (526, '14', 78, 586536.98, 129817.12, 2328.01);
insert into STATION values (527, '15', 78, 586534.92, 129811.03, 2341.79);
insert into STATION values (528, '16', 78, 586534.92, 129811.03, 2332.79);
insert into STATION values (529, '17', 78, 586539.62, 129813.25, 2331.49);
insert into STATION values (530, '18', 78, 586539.29, 129814.30, 2326.29);
insert into STATION values (531, '19', 78, 586540.19, 129814.75, 2326.29);
insert into STATION values (532, '20', 78, 586545.27, 129817.26, 2326.29);
insert into STATION values (533, '1', 83, 588085.00, 129365.00, 2195.00);
insert into STATION_FLAG values(533, 'ent');
insert into STATION_FLAG values(533, 'fix');
insert into STATION values (534, '2', 83, 588103.02, 129358.78, 2186.51);
insert into STATION values (535, '3', 83, 588115.17, 129363.44, 2184.91);
insert into STATION values (536, '4', 83, 588122.26, 129363.19, 2182.61);
insert into STATION values (537, '5', 83, 588129.14, 129366.54, 2182.07);
insert into STATION values (538, '6', 83, 588134.55, 129365.09, 2179.70);
insert into STATION values (539, '7', 83, 588141.91, 129359.53, 2174.79);
insert into STATION values (540, '7''', 83, 588143.74, 129358.43, 2173.71);
insert into STATION values (541, '8', 83, 588156.41, 129364.88, 2172.96);
insert into STATION values (542, '9', 83, 588160.96, 129368.06, 2173.06);
insert into STATION values (543, '10', 83, 588169.29, 129366.44, 2169.63);
insert into STATION values (544, '11', 83, 588174.91, 129360.61, 2164.96);
insert into STATION values (545, '12', 83, 588183.44, 129366.36, 2165.14);
insert into STATION values (546, '13', 83, 588163.19, 129359.39, 2168.12);
insert into STATION values (547, '14', 83, 588166.61, 129361.36, 2167.99);
insert into STATION values (548, '15', 83, 588170.30, 129358.58, 2165.53);
insert into STATION values (549, 'w', 83, 588174.90, 129360.62, 2165.09);
insert into STATION values (550, 'a1', 83, 588133.02, 129360.31, 2177.87);
insert into STATION values (551, 'a2', 83, 588120.18, 129358.52, 2181.10);
insert into STATION values (552, 'a3', 83, 588118.50, 129356.66, 2180.75);
insert into STATION values (553, 'a4', 83, 588120.94, 129355.02, 2179.19);
insert into STATION values (554, 'a5', 83, 588111.03, 129353.27, 2181.51);
insert into STATION values (555, '1.0', 88, 587050.00, 129907.00, 2336.00);
insert into STATION_FLAG values(555, 'ent');
insert into STATION_FLAG values(555, 'fix');
insert into STATION values (556, '1.1', 88, 587051.08, 129905.68, 2332.35);
insert into STATION values (557, '1.2', 88, 587054.16, 129904.69, 2330.12);
insert into STATION values (558, '1.3', 88, 587055.50, 129903.96, 2325.80);
insert into STATION values (559, '1.4', 88, 587056.01, 129901.78, 2322.07);
insert into STATION values (560, '1.5', 88, 587061.22, 129899.26, 2318.84);
insert into STATION values (561, '1.6', 88, 587061.26, 129897.79, 2317.57);
insert into STATION values (562, '1.7', 88, 587063.61, 129896.94, 2315.45);
insert into STATION values (563, '1.8', 88, 587066.37, 129895.70, 2312.88);
insert into STATION values (564, '1.9', 88, 587068.56, 129891.64, 2308.02);
insert into STATION values (565, '1.10', 88, 587059.33, 129891.45, 2306.11);
insert into STATION values (566, '1.11', 88, 587058.82, 129893.06, 2305.84);
insert into STATION values (567, '1.12', 88, 587057.44, 129894.04, 2305.85);
insert into STATION values (568, '1.13', 88, 587057.11, 129896.90, 2285.37);
insert into STATION values (569, '1.14', 88, 587060.15, 129897.26, 2284.30);
insert into STATION values (570, '1.15', 88, 587059.82, 129898.92, 2283.35);
insert into STATION values (571, '1.16', 88, 587062.36, 129898.70, 2282.65);
insert into STATION values (572, '1.17', 88, 587057.70, 129904.81, 2269.46);
insert into STATION values (573, '1.18', 88, 587057.70, 129904.81, 2269.46);
insert into STATION values (574, '1.19', 88, 587061.70, 129901.27, 2268.94);
insert into STATION values (575, '1.20', 88, 587061.01, 129899.75, 2268.20);
insert into STATION values (576, '1.21', 88, 587062.48, 129899.92, 2268.06);
insert into STATION values (577, '1.22', 88, 587063.25, 129900.32, 2268.13);
insert into STATION values (578, '1.23', 88, 587064.07, 129898.72, 2268.29);
insert into STATION values (579, '1.24', 88, 587064.43, 129896.44, 2267.66);
insert into STATION values (580, '1.25', 88, 587064.98, 129896.06, 2267.43);
insert into STATION values (581, '1.26', 88, 587064.12, 129895.60, 2266.90);
insert into STATION values (582, '1.27', 88, 587065.14, 129893.99, 2266.80);
insert into STATION values (583, '1.28', 88, 587066.50, 129891.80, 2266.15);
insert into STATION values (584, '1.29', 88, 587068.19, 129890.86, 2264.90);
insert into STATION values (585, '1.30', 88, 587068.50, 129890.31, 2264.58);
insert into STATION values (586, '1.31', 88, 587069.47, 129890.28, 2264.59);
insert into STATION values (587, '1.32', 88, 587069.26, 129888.24, 2264.20);
insert into STATION values (588, '1.33', 88, 587070.39, 129887.52, 2264.21);
insert into STATION values (589, '1.34', 88, 587069.80, 129884.75, 2263.74);
insert into STATION values (590, '1.35', 88, 587066.90, 129882.59, 2262.87);
insert into STATION values (591, '1.36', 88, 587067.61, 129882.26, 2262.60);
insert into STATION values (592, '1.37', 88, 587069.17, 129880.21, 2261.88);
insert into STATION values (593, '1.38', 88, 587068.58, 129878.96, 2260.00);
insert into STATION values (594, '1.39', 88, 587068.50, 129878.21, 2258.04);
insert into STATION values (595, '1.40', 88, 587068.10, 129878.50, 2258.17);
insert into STATION values (596, '1.41', 88, 587066.15, 129877.02, 2251.26);
insert into STATION values (597, '3.0', 88, 587068.10, 129878.50, 2258.17);
insert into STATION values (598, '3.1', 88, 587068.70, 129878.91, 2260.30);
insert into STATION values (599, '3.2', 88, 587070.73, 129878.49, 2260.54);
insert into STATION values (600, '3.3', 88, 587070.18, 129877.44, 2260.50);
insert into STATION values (601, '3.4', 88, 587071.55, 129875.85, 2259.14);
insert into STATION values (602, '3.5', 88, 587070.36, 129875.47, 2259.26);
insert into STATION values (603, '3.6', 88, 587074.33, 129874.15, 2258.65);
insert into STATION values (604, '3.7', 88, 587074.67, 129873.30, 2258.41);
insert into STATION values (605, '3.8', 88, 587074.31, 129870.45, 2258.08);
insert into STATION values (606, '3.9', 88, 587073.62, 129869.64, 2257.89);
insert into STATION values (607, '3.10', 88, 587074.16, 129869.11, 2257.66);
insert into STATION values (608, '3.11', 88, 587073.99, 129867.81, 2256.66);
insert into STATION values (609, '3.12', 88, 587075.86, 129866.76, 2257.34);
insert into STATION values (610, '3.13', 88, 587078.06, 129863.26, 2256.06);
insert into STATION values (611, '3.14', 88, 587077.86, 129862.68, 2255.89);
insert into STATION values (612, '3.15', 88, 587078.15, 129862.64, 2255.81);
insert into STATION values (613, '3.16', 88, 587079.95, 129860.72, 2255.08);
insert into STATION values (614, '3.17', 88, 587082.03, 129860.50, 2254.36);
insert into STATION values (615, '3.18', 88, 587082.40, 129856.68, 2253.61);
insert into STATION values (616, '3.19', 88, 587084.40, 129851.65, 2252.42);
insert into STATION values (617, '3.20', 88, 587086.98, 129850.21, 2251.18);
insert into STATION values (618, '3.21', 88, 587086.93, 129848.20, 2250.99);
insert into STATION values (619, '3.22', 88, 587087.57, 129845.15, 2250.27);
insert into STATION values (620, '3.23', 88, 587089.05, 129845.24, 2249.85);
insert into STATION values (621, '3.24', 88, 587091.04, 129840.89, 2248.52);
insert into STATION values (622, '3.25', 88, 587091.35, 129839.23, 2248.26);
insert into STATION values (623, '3.26', 88, 587092.80, 129838.58, 2247.74);
insert into STATION values (624, '3.27', 88, 587093.07, 129838.15, 2247.68);
insert into STATION values (625, '3.28', 88, 587095.91, 129834.85, 2247.25);
insert into STATION values (626, '3.29', 88, 587096.84, 129834.80, 2247.10);
insert into STATION values (627, '3.30', 88, 587097.09, 129833.88, 2247.07);
insert into STATION values (628, '3.31', 88, 587098.33, 129833.67, 2246.87);
insert into STATION values (629, '3.32', 88, 587098.53, 129831.29, 2246.26);
insert into STATION values (630, '3.33', 88, 587098.14, 129830.71, 2246.31);
insert into STATION values (631, '3.34', 88, 587096.57, 129823.33, 2245.40);
insert into STATION values (632, '3.35', 88, 587095.43, 129817.63, 2243.88);
insert into STATION values (633, '3.36', 88, 587095.87, 129814.36, 2243.37);
insert into STATION values (634, '3.37', 88, 587094.74, 129811.05, 2242.64);
insert into STATION values (635, '3.38', 88, 587094.76, 129807.52, 2242.10);
insert into STATION values (636, '3.39', 88, 587094.73, 129803.72, 2241.17);
insert into STATION values (637, '3.40', 88, 587092.03, 129800.75, 2240.83);
insert into STATION values (638, '3.41', 88, 587091.38, 129797.97, 2240.43);
insert into STATION values (639, '3.42', 88, 587090.32, 129792.92, 2239.59);
insert into STATION values (640, '3.43', 88, 587092.24, 129790.37, 2238.56);
insert into STATION values (641, '3.44', 88, 587092.74, 129787.55, 2237.83);
insert into STATION values (642, '3.45', 88, 587094.32, 129785.78, 2237.10);
insert into STATION values (643, '3.46', 88, 587096.48, 129785.88, 2236.82);
insert into STATION values (644, '3.47', 88, 587095.73, 129783.38, 2236.38);
insert into STATION values (645, '3.48', 88, 587096.71, 129782.06, 2235.94);
insert into STATION values (646, '3.49', 88, 587096.87, 129777.32, 2234.30);
insert into STATION values (647, '3.50', 88, 587096.91, 129772.86, 2232.85);
insert into STATION values (648, '3.51', 88, 587096.70, 129772.36, 2229.47);
insert into STATION values (649, '3.52', 88, 587098.49, 129769.50, 2224.39);
insert into STATION values (650, '3.53', 88, 587092.03, 129770.46, 2224.06);
insert into STATION values (651, '3.54', 88, 587091.17, 129769.28, 2223.73);
insert into STATION values (652, '3.55', 88, 587087.22, 129769.00, 2224.39);
insert into STATION values (653, '3.56', 88, 587084.19, 129767.58, 2224.52);
insert into STATION values (654, '3.57', 88, 587081.91, 129767.80, 2224.07);
insert into STATION values (655, '3.58', 88, 587081.33, 129765.59, 2223.52);
insert into STATION values (656, '3.59', 88, 587082.11, 129763.02, 2223.08);
insert into STATION values (657, '3.60', 88, 587084.99, 129762.57, 2222.55);
insert into STATION values (658, '3.61', 88, 587084.32, 129759.26, 2221.94);
insert into STATION values (659, '3.62', 88, 587084.44, 129750.49, 2220.97);
insert into STATION values (660, '3.63', 88, 587085.15, 129746.42, 2220.43);
insert into STATION values (661, '3.64', 88, 587085.46, 129742.38, 2219.92);
insert into STATION values (662, '3.65', 88, 587081.46, 129744.76, 2221.16);
insert into STATION values (663, '3.66', 88, 587080.26, 129743.50, 2221.43);
insert into STATION values (664, '3.67', 88, 587078.21, 129744.19, 2221.79);
insert into STATION values (665, '3.68', 88, 587075.97, 129747.92, 2222.87);
insert into STATION values (666, '3.69', 88, 587077.02, 129749.93, 2222.55);
insert into STATION values (667, '3.70', 88, 587075.44, 129748.65, 2218.03);
insert into STATION values (668, '3.71', 88, 587071.51, 129749.38, 2218.03);
insert into STATION values (669, '1', 96, 587252.00, 129237.00, 2309.00);
insert into STATION_FLAG values(669, 'ent');
insert into STATION_FLAG values(669, 'fix');
insert into STATION values (670, '2', 96, 587265.50, 129220.89, 2291.98);
insert into STATION values (671, '3', 96, 587264.64, 129211.02, 2283.95);
insert into STATION values (672, '4', 96, 587274.74, 129204.45, 2274.19);
insert into STATION values (673, '5', 96, 587268.70, 129185.89, 2258.38);
insert into STATION values (674, '6', 96, 587273.17, 129166.46, 2242.24);
insert into STATION values (675, '7', 96, 587279.53, 129165.34, 2237.01);
insert into STATION values (676, '7a', 96, 587284.81, 129155.39, 2227.22);
insert into STATION values (677, '8', 96, 587290.25, 129145.15, 2217.83);
insert into STATION values (678, '9', 96, 587286.41, 129137.93, 2211.21);
insert into STATION values (679, '10', 96, 587291.27, 129126.99, 2201.52);
insert into STATION values (680, '11', 96, 587307.54, 129136.37, 2200.86);
insert into STATION values (681, '12', 96, 587320.15, 129135.04, 2186.78);
insert into STATION values (682, '13', 96, 587331.27, 129137.80, 2178.45);
insert into STATION values (683, '1.0', 101, 585512.00, 128588.00, 2494.00);
insert into STATION_FLAG values(683, 'ent');
insert into STATION_FLAG values(683, 'fix');
insert into STATION values (684, '1.1', 101, 585521.44, 128588.34, 2491.61);
insert into STATION values (685, '1.2', 101, 585521.86, 128591.36, 2491.58);
insert into STATION values (686, '1.3', 101, 585530.81, 128594.40, 2492.70);
insert into STATION values (687, '2.0', 101, 585539.69, 128585.11, 2434.66);
insert into STATION values (688, '2.1', 101, 585532.71, 128581.24, 2448.20);
insert into STATION values (689, '2.2', 101, 585531.46, 128581.32, 2453.61);
insert into STATION values (690, '2.3', 101, 585530.73, 128579.13, 2453.02);
insert into STATION values (691, '2.4', 101, 585525.61, 128580.63, 2463.81);
insert into STATION values (692, '2.5', 101, 585525.48, 128582.11, 2467.09);
insert into STATION values (693, '3.0', 101, 585525.48, 128582.11, 2467.09);
insert into STATION values (694, '3.1', 101, 585523.87, 128583.41, 2468.22);
insert into STATION values (695, '3.2', 101, 585521.05, 128582.02, 2467.35);
insert into STATION values (696, '3.3', 101, 585520.68, 128583.11, 2461.41);
insert into STATION values (697, '2.6', 101, 585523.62, 128585.51, 2479.52);
insert into STATION values (698, '2.7', 101, 585521.06, 128588.04, 2486.60);
insert into STATION values (699, '4.0', 101, 585525.61, 128580.63, 2463.81);
insert into STATION values (700, '4.1', 101, 585524.91, 128578.12, 2463.68);
insert into STATION values (701, '4.2', 101, 585523.95, 128576.68, 2462.95);
insert into STATION values (702, '4.3', 101, 585523.49, 128574.31, 2459.87);
insert into STATION values (703, '4.4', 101, 585521.80, 128573.06, 2459.61);
insert into STATION values (704, '4.5', 101, 585519.58, 128570.16, 2447.02);
insert into STATION values (705, '4.6', 101, 585520.37, 128570.66, 2444.77);
insert into STATION values (706, '4.7', 101, 585521.18, 128570.82, 2440.70);
insert into STATION values (707, '4.8', 101, 585524.35, 128571.44, 2439.44);
insert into STATION values (708, '4.9', 101, 585523.56, 128569.45, 2431.04);
insert into STATION values (709, '5.0', 101, 585523.56, 128569.45, 2431.04);
insert into STATION values (710, '5.1', 101, 585527.49, 128571.88, 2432.63);
insert into STATION values (711, '5.2', 101, 585530.48, 128576.41, 2437.28);
insert into STATION values (712, '6.0', 101, 585523.56, 128569.45, 2431.04);
insert into STATION values (713, '6.1', 101, 585520.75, 128568.58, 2428.94);
insert into STATION values (714, '6.2', 101, 585518.85, 128567.65, 2428.78);
insert into STATION values (715, '6.3', 101, 585517.30, 128565.88, 2427.49);
insert into STATION values (716, '6.4', 101, 585516.22, 128565.26, 2424.96);
insert into STATION values (717, '6.5', 101, 585517.37, 128565.21, 2407.92);
insert into STATION values (718, '7.0', 101, 585517.37, 128565.21, 2407.92);
insert into STATION values (719, '7.1', 101, 585521.33, 128568.97, 2407.47);
insert into STATION values (720, '7.2', 101, 585527.29, 128574.89, 2406.86);
insert into STATION values (721, '7.3', 101, 585533.99, 128580.93, 2406.90);
insert into STATION values (722, '7.4', 101, 585535.31, 128581.40, 2405.70);
insert into STATION values (723, '7.5', 101, 585537.35, 128583.24, 2404.28);
insert into STATION values (724, '7.6', 101, 585538.39, 128584.53, 2406.49);
insert into STATION values (725, '7.7', 101, 585543.17, 128587.09, 2402.12);
insert into STATION values (726, '7.8', 101, 585546.10, 128590.14, 2402.45);
insert into STATION values (727, '7.9', 101, 585549.75, 128592.57, 2399.02);
insert into STATION values (728, '8.0', 101, 585523.56, 128569.45, 2431.04);
insert into STATION values (729, '8.1', 101, 585523.01, 128568.70, 2435.61);
insert into STATION values (730, '8.2', 101, 585520.88, 128566.70, 2436.38);
insert into STATION values (731, '8.3', 101, 585517.20, 128564.17, 2435.42);
insert into STATION values (732, '8.4', 101, 585514.51, 128562.10, 2434.36);
insert into STATION values (733, '8.5', 101, 585509.04, 128559.19, 2433.70);
insert into STATION values (734, '8.6', 101, 585506.12, 128556.30, 2429.00);
insert into STATION values (735, '8.7', 101, 585506.11, 128555.29, 2430.24);
insert into STATION values (736, '8.8', 101, 585502.43, 128553.74, 2430.37);
insert into STATION values (737, '8.9', 101, 585500.83, 128551.39, 2433.44);
insert into STATION values (738, '8.10', 101, 585494.14, 128548.97, 2435.99);
insert into STATION values (739, 'a.0', 101, 585493.95, 128547.03, 2427.61);
insert into STATION values (740, 'b.0', 101, 585493.37, 128552.24, 2443.95);
insert into STATION values (741, 'c.0', 101, 585486.06, 128544.30, 2432.78);
insert into STATION values (742, '9.0', 101, 585517.37, 128565.21, 2407.92);
insert into STATION values (743, '9.1', 101, 585513.45, 128564.67, 2411.64);
insert into STATION values (744, '9.2', 101, 585510.76, 128563.90, 2412.23);
insert into STATION values (745, '9.3', 101, 585509.79, 128564.70, 2412.39);
insert into STATION values (746, '9.4', 101, 585505.97, 128562.84, 2413.72);
insert into STATION values (747, '9.5', 101, 585505.09, 128565.92, 2415.51);
insert into STATION values (748, '9.6', 101, 585503.52, 128566.81, 2416.03);
insert into STATION values (749, '9.7', 101, 585501.03, 128566.04, 2417.25);
insert into STATION values (750, '9.8', 101, 585499.89, 128568.07, 2417.71);
insert into STATION values (751, '9.9', 101, 585497.25, 128566.37, 2417.45);
insert into STATION values (752, '9.10', 101, 585496.06, 128564.00, 2418.06);
insert into STATION values (753, '9.11', 101, 585492.12, 128564.40, 2418.77);
insert into STATION values (754, '9.12', 101, 585490.27, 128565.82, 2419.63);
insert into STATION values (755, '9.13', 101, 585486.18, 128567.56, 2420.76);
insert into STATION values (756, '9.14', 101, 585483.30, 128569.73, 2422.11);
insert into STATION values (757, '9.15', 101, 585481.76, 128567.05, 2422.32);
insert into STATION values (758, '9.16', 101, 585479.21, 128565.94, 2422.93);
insert into STATION values (759, '9.17', 101, 585477.69, 128569.69, 2424.19);
insert into STATION values (760, '9.18', 101, 585476.06, 128570.15, 2424.44);
insert into STATION values (761, '9.19', 101, 585477.57, 128572.29, 2425.09);
insert into STATION values (762, '9.20', 101, 585473.61, 128571.10, 2425.82);
insert into STATION values (763, '9.21', 101, 585465.11, 128566.94, 2424.44);
insert into STATION values (764, '9.22', 101, 585461.44, 128564.03, 2424.99);
insert into STATION values (765, '9.23', 101, 585461.19, 128561.72, 2424.69);
insert into STATION values (766, '9.24', 101, 585459.50, 128561.00, 2424.19);
insert into STATION values (767, '1.0', 110, 585743.00, 128860.00, 2471.00);
insert into STATION_FLAG values(767, 'ent');
insert into STATION_FLAG values(767, 'fix');
insert into STATION values (768, '1.1', 110, 585743.00, 128860.00, 2456.00);
insert into STATION values (769, '1.0', 115, 587212.00, 129948.00, 2308.00);
insert into STATION_FLAG values(769, 'ent');
insert into STATION_FLAG values(769, 'fix');
insert into STATION values (770, '1.1', 115, 587213.34, 129944.37, 2297.98);
insert into STATION values (771, '1.2', 115, 587215.20, 129943.87, 2293.35);
insert into STATION values (772, '1.3', 115, 587210.76, 129945.42, 2290.33);
insert into STATION values (773, '1.4', 115, 587211.34, 129945.06, 2287.75);
insert into STATION values (774, '2.0', 115, 587210.76, 129945.42, 2290.33);
insert into STATION values (775, '2.1', 115, 587207.43, 129945.35, 2289.34);
insert into STATION values (776, '3.0', 115, 587215.20, 129943.87, 2293.35);
insert into STATION values (777, '3.1', 115, 587216.51, 129943.81, 2286.71);
insert into STATION values (778, '3.2', 115, 587216.51, 129943.81, 2284.91);
insert into STATION values (779, '1.0', 120, 587062.00, 129787.00, 2327.00);
insert into STATION_FLAG values(779, 'ent');
insert into STATION_FLAG values(779, 'fix');
insert into STATION values (780, '1.1', 120, 587062.98, 129786.42, 2323.07);
insert into STATION values (781, '1.2', 120, 587063.37, 129784.26, 2318.72);
insert into STATION values (782, '1.3', 120, 587060.62, 129781.98, 2315.20);
insert into STATION values (783, '1.4', 120, 587059.60, 129782.04, 2314.40);
insert into STATION values (784, '1.5', 120, 587058.67, 129779.85, 2310.38);
insert into STATION values (785, '1.6', 120, 587058.36, 129780.13, 2305.56);
insert into STATION values (786, '1.7', 120, 587055.69, 129780.68, 2300.77);
insert into STATION values (787, '1.8', 120, 587057.60, 129779.87, 2299.07);
insert into STATION values (788, '1.9', 120, 587058.10, 129778.23, 2295.58);
insert into STATION values (789, '1.10', 120, 587057.16, 129776.96, 2291.69);
insert into STATION values (790, '1.11', 120, 587055.60, 129775.84, 2287.07);
insert into STATION values (791, '1.12', 120, 587055.09, 129775.83, 2276.93);
insert into STATION values (792, '1.13', 120, 587055.66, 129775.75, 2265.18);
insert into STATION values (793, '1.14', 120, 587056.22, 129777.03, 2263.94);
insert into STATION values (794, '1.15', 120, 587053.79, 129776.69, 2259.55);
insert into STATION values (795, '1.16', 120, 587051.27, 129774.96, 2255.40);
insert into STATION values (796, '1.17', 120, 587049.83, 129774.51, 2250.79);
insert into STATION values (797, '1.18', 120, 587046.28, 129774.23, 2246.91);
insert into STATION values (798, '1.19', 120, 587048.91, 129772.52, 2245.94);
insert into STATION values (799, '1.20', 120, 587050.52, 129770.20, 2245.17);
insert into STATION values (800, '2.0', 120, 587046.28, 129774.23, 2246.91);
insert into STATION values (801, '2.1', 120, 587042.66, 129776.34, 2248.07);
insert into STATION values (802, '1.0', 125, 586997.00, 129828.00, 2330.00);
insert into STATION_FLAG values(802, 'ent');
insert into STATION_FLAG values(802, 'fix');
insert into STATION values (803, '1.1', 125, 586997.93, 129827.93, 2328.05);
insert into STATION values (804, '2.0', 125, 586997.93, 129827.93, 2328.05);
insert into STATION values (805, '2.1', 125, 586994.56, 129828.70, 2327.93);
insert into STATION values (806, '1.2', 125, 586999.44, 129828.84, 2319.98);
insert into STATION values (807, '1.3', 125, 587001.29, 129830.40, 2318.67);
insert into STATION values (808, '1.4', 125, 587001.12, 129832.01, 2317.09);
insert into STATION values (809, '1.5', 125, 587000.68, 129832.37, 2318.46);
insert into STATION values (810, '3.0', 125, 587000.68, 129832.37, 2318.46);
insert into STATION values (811, '3.1', 125, 586995.21, 129827.89, 2319.39);
insert into STATION values (812, '4.0', 125, 587000.68, 129832.37, 2318.46);
insert into STATION values (813, '4.1', 125, 587002.10, 129837.69, 2318.86);
insert into STATION values (814, '1.6', 125, 587001.00, 129832.67, 2309.20);
insert into STATION values (815, '1.7', 125, 586996.22, 129830.69, 2306.67);
insert into STATION values (816, '5.0', 125, 586996.22, 129830.69, 2306.67);
insert into STATION values (817, '5.1', 125, 586992.61, 129830.93, 2305.64);
insert into STATION values (818, '1.8', 125, 586996.36, 129827.96, 2306.37);
insert into STATION values (819, '1.9', 125, 586993.22, 129828.29, 2304.83);
insert into STATION values (820, '1.10', 125, 586990.67, 129825.45, 2305.23);
insert into STATION values (821, '1.11', 125, 586989.50, 129823.06, 2304.99);
insert into STATION values (822, '1.12', 125, 586987.86, 129822.37, 2304.91);
insert into STATION values (823, '1.13', 125, 586987.13, 129819.71, 2303.84);
insert into STATION values (824, '6.0', 125, 586987.13, 129819.71, 2303.84);
insert into STATION values (825, '6.1', 125, 586988.09, 129820.62, 2299.03);
insert into STATION values (826, '1.14', 125, 586984.92, 129819.13, 2304.34);
insert into STATION values (827, '1.15', 125, 586983.13, 129811.98, 2303.79);
insert into STATION values (828, '1.16', 125, 586985.61, 129810.16, 2302.62);
insert into STATION values (829, '1.17', 125, 586986.75, 129807.14, 2302.58);
insert into STATION values (830, '1.18', 125, 586986.26, 129805.15, 2302.51);
insert into STATION values (831, '1.19', 125, 586988.03, 129802.88, 2301.87);
insert into STATION values (832, '1.20', 125, 586987.28, 129802.20, 2301.99);
insert into STATION values (833, '1.21', 125, 586987.78, 129801.11, 2301.62);
insert into STATION values (834, '1.22', 125, 586990.81, 129800.92, 2301.09);
insert into STATION values (835, '1.23', 125, 586989.83, 129798.86, 2301.08);
insert into STATION values (836, '1.24', 125, 586992.88, 129798.05, 2300.54);
insert into STATION values (837, '1.25', 125, 586994.10, 129798.56, 2300.68);
insert into STATION values (838, '1.26', 125, 586994.52, 129796.95, 2300.53);
insert into STATION values (839, '1.27', 125, 586993.31, 129796.17, 2300.44);
insert into STATION values (840, '1.28', 125, 586993.68, 129794.90, 2300.45);
insert into STATION values (841, '1.29', 125, 586991.17, 129793.73, 2300.34);
insert into STATION values (842, '1.30', 125, 586991.42, 129792.10, 2300.34);
insert into STATION values (843, '1.31', 125, 586990.80, 129790.71, 2300.34);
insert into STATION values (844, '1.32', 125, 586992.35, 129789.44, 2299.60);
insert into STATION values (845, '1.33', 125, 586993.55, 129785.92, 2299.62);
insert into STATION values (846, '1.34', 125, 586992.81, 129785.73, 2299.48);
insert into STATION values (847, '1.35', 125, 586994.44, 129784.44, 2299.08);
insert into STATION values (848, '1.36', 125, 586995.79, 129784.94, 2298.87);
insert into STATION values (849, '1.37', 125, 586997.64, 129785.94, 2298.65);
insert into STATION values (850, '1.38', 125, 586998.69, 129785.10, 2298.56);
insert into STATION values (851, '1.39', 125, 586999.70, 129785.75, 2298.42);
insert into STATION values (852, '1.40', 125, 587000.55, 129782.09, 2298.91);
insert into STATION values (853, '1.41', 125, 587002.74, 129780.77, 2298.43);
insert into STATION values (854, '1.42', 125, 587003.34, 129779.44, 2297.07);
insert into STATION values (855, '1.43', 125, 587004.70, 129779.33, 2297.08);
insert into STATION values (856, '7.0', 125, 587020.82, 129775.98, 2240.62);
insert into STATION values (857, '7.1', 125, 587016.48, 129779.32, 2242.19);
insert into STATION values (858, '7.2', 125, 587018.61, 129781.47, 2257.78);
insert into STATION values (859, '7.3', 125, 587018.00, 129778.88, 2263.70);
insert into STATION values (860, '7.4', 125, 587017.50, 129778.18, 2269.37);
insert into STATION values (861, '7.5', 125, 587011.72, 129777.60, 2270.47);
insert into STATION values (862, '7.6', 125, 587011.30, 129778.06, 2275.28);
insert into STATION values (863, '7.7', 125, 587008.56, 129777.33, 2276.62);
insert into STATION values (864, '7.8', 125, 587007.56, 129778.36, 2285.63);
insert into STATION values (865, '8.0', 125, 587020.82, 129775.98, 2240.62);
insert into STATION values (866, '8.1', 125, 587022.11, 129776.36, 2240.42);
insert into STATION values (867, '8.2', 125, 587022.93, 129775.88, 2240.24);
insert into STATION values (868, '8.3', 125, 587023.94, 129776.02, 2240.01);
insert into STATION values (869, '8.4', 125, 587026.87, 129777.40, 2239.55);
insert into STATION values (870, '8.5', 125, 587028.46, 129774.83, 2238.68);
insert into STATION values (871, '8.6', 125, 587028.03, 129774.29, 2238.28);
insert into STATION values (872, '8.7', 125, 587029.59, 129772.66, 2238.07);
insert into STATION values (873, '8.8', 125, 587029.46, 129771.80, 2238.25);
insert into STATION values (874, '8.9', 125, 587028.89, 129771.58, 2238.22);
insert into STATION values (875, '8.10', 125, 587029.67, 129770.45, 2237.95);
insert into STATION values (876, '8.11', 125, 587029.21, 129768.37, 2237.30);
insert into STATION values (877, '8.12', 125, 587030.09, 129767.46, 2237.27);
insert into STATION values (878, '8.13', 125, 587029.68, 129765.77, 2237.21);
insert into STATION values (879, '8.14', 125, 587030.35, 129765.40, 2237.01);
insert into STATION values (880, '8.15', 125, 587029.88, 129764.98, 2236.83);
insert into STATION values (881, '8.16', 125, 587030.62, 129764.94, 2236.77);
insert into STATION values (882, '8.17', 125, 587031.08, 129765.58, 2236.74);
insert into STATION values (883, '8.18', 125, 587032.05, 129765.77, 2236.49);
insert into STATION values (884, '8.19', 125, 587031.88, 129764.10, 2235.95);
insert into STATION values (885, '8.20', 125, 587034.61, 129763.29, 2235.15);
insert into STATION values (886, '8.21', 125, 587036.10, 129763.45, 2234.73);
insert into STATION values (887, '8.22', 125, 587037.72, 129763.67, 2234.71);
insert into STATION values (888, '8.23', 125, 587038.54, 129761.81, 2233.67);
insert into STATION values (889, '8.24', 125, 587038.12, 129761.14, 2233.72);
insert into STATION values (890, '8.25', 125, 587040.69, 129761.74, 2233.62);
insert into STATION values (891, '8.26', 125, 587042.80, 129760.40, 2233.08);
insert into STATION values (892, '8.27', 125, 587043.08, 129758.55, 2232.71);
insert into STATION values (893, '8.28', 125, 587043.86, 129757.93, 2232.49);
insert into STATION values (894, '8.29', 125, 587043.11, 129756.62, 2231.96);
insert into STATION values (895, '8.30', 125, 587043.99, 129756.25, 2231.91);
insert into STATION values (896, '8.31', 125, 587045.55, 129754.65, 2231.30);
insert into STATION values (897, '8.32', 125, 587046.33, 129754.90, 2231.15);
insert into STATION values (898, '8.33', 125, 587046.69, 129753.11, 2230.68);
insert into STATION values (899, '8.34', 125, 587047.01, 129752.98, 2230.64);
insert into STATION values (900, '1.0', 131, 586967.00, 129936.00, 2352.00);
insert into STATION_FLAG values(900, 'ent');
insert into STATION_FLAG values(900, 'fix');
insert into STATION values (901, '1.1', 131, 586960.01, 129941.37, 2347.68);
insert into STATION values (902, '1.2', 131, 586960.78, 129943.22, 2347.68);
insert into STATION values (903, '1.3', 131, 586958.26, 129944.83, 2347.94);
insert into STATION values (904, '1.4', 131, 586959.87, 129947.35, 2348.20);
insert into STATION values (905, '1.5', 131, 586955.68, 129950.03, 2348.64);
insert into STATION values (906, '2.0', 131, 586967.00, 129936.00, 2352.00);
insert into STATION values (907, '2.1', 131, 586970.22, 129935.78, 2344.68);
insert into STATION values (908, '1.0', 136, 586927.00, 129693.00, 2341.00);
insert into STATION_FLAG values(908, 'ent');
insert into STATION_FLAG values(908, 'fix');
insert into STATION values (909, '1.1', 136, 586927.00, 129693.00, 2328.00);
insert into STATION values (910, '1.2', 136, 586931.96, 129693.64, 2328.00);
insert into STATION values (911, '1.3', 136, 586932.34, 129690.67, 2328.00);
insert into STATION values (912, '2.0', 136, 586927.00, 129693.00, 2341.00);
insert into STATION values (913, '2.1', 136, 586929.48, 129693.32, 2341.00);
insert into STATION values (914, '2.2', 136, 586939.04, 129694.56, 2329.51);
insert into STATION values (915, '2.3', 136, 586939.30, 129692.57, 2329.51);
insert into STATION values (916, 'a26', 141, 586971.00, 130072.00, 2345.00);
insert into STATION_FLAG values(916, 'ent');
insert into STATION_FLAG values(916, 'fix');
insert into STATION values (917, 'a0', 141, 586993.38, 130042.41, 2295.69);
insert into STATION values (918, 'a1', 141, 586996.02, 130041.42, 2294.67);
insert into STATION values (919, 'a2', 141, 586994.33, 130043.29, 2299.91);
insert into STATION values (920, 'a3', 141, 586994.60, 130043.79, 2306.68);
insert into STATION values (921, 'a4', 141, 586996.12, 130044.91, 2314.92);
insert into STATION values (922, 'a5', 141, 586998.52, 130045.35, 2317.14);
insert into STATION values (923, 'a6', 141, 586999.96, 130045.56, 2318.77);
insert into STATION values (924, 'a7', 141, 586998.66, 130046.03, 2322.46);
insert into STATION values (925, 'a8', 141, 586995.17, 130047.19, 2322.18);
insert into STATION values (926, 'a9', 141, 586994.81, 130047.25, 2326.86);
insert into STATION values (927, 'a10', 141, 586991.73, 130049.22, 2327.57);
insert into STATION values (928, 'a11', 141, 586987.99, 130050.34, 2327.85);
insert into STATION values (929, 'a12', 141, 586986.10, 130050.06, 2332.57);
insert into STATION values (930, 'a13', 141, 586984.18, 130050.02, 2332.97);
insert into STATION values (931, 'a14', 141, 586982.65, 130053.04, 2336.00);
insert into STATION values (932, 'a15', 141, 586981.07, 130054.12, 2336.38);
insert into STATION values (933, 'a16', 141, 586979.43, 130056.36, 2336.34);
insert into STATION values (934, 'a17', 141, 586977.99, 130055.59, 2336.45);
insert into STATION values (935, 'a18', 141, 586978.71, 130059.37, 2337.07);
insert into STATION values (936, 'a19', 141, 586977.34, 130060.05, 2337.87);
insert into STATION values (937, 'a20', 141, 586977.57, 130061.16, 2337.87);
insert into STATION values (938, 'a21', 141, 586975.19, 130065.74, 2338.08);
insert into STATION values (939, 'a22', 141, 586974.93, 130066.09, 2339.27);
insert into STATION values (940, 'a23', 141, 586975.03, 130067.77, 2339.34);
insert into STATION values (941, 'a24', 141, 586973.20, 130068.85, 2340.46);
insert into STATION values (942, 'a25', 141, 586971.39, 130072.53, 2343.51);
insert into STATION values (943, '1.0', 146, 585527.00, 128663.00, 2507.00);
insert into STATION_FLAG values(943, 'ent');
insert into STATION_FLAG values(943, 'fix');
insert into STATION values (944, '1.1', 146, 585530.75, 128660.97, 2506.19);
insert into STATION values (945, '1.2', 146, 585534.59, 128656.83, 2505.52);
insert into STATION values (946, '1.3', 146, 585534.82, 128656.87, 2505.99);
insert into STATION values (947, '1.4', 146, 585538.12, 128655.00, 2505.16);
insert into STATION values (948, '1.5', 146, 585540.38, 128655.66, 2504.16);
insert into STATION values (949, '1.6', 146, 585545.27, 128653.34, 2503.20);
insert into STATION values (950, '1.7', 146, 585554.76, 128652.81, 2500.34);
insert into STATION values (951, '1.8', 146, 585569.78, 128656.80, 2497.83);
insert into STATION values (952, '1.9', 146, 585591.48, 128659.14, 2493.19);
insert into STATION values (953, '1.10', 146, 585599.14, 128662.44, 2492.40);
insert into STATION values (954, '1.11', 146, 585603.31, 128658.96, 2491.68);
insert into STATION values (955, '1.12', 146, 585613.37, 128659.30, 2489.59);
insert into STATION values (956, '1.13', 146, 585620.13, 128658.34, 2488.13);
insert into STATION values (957, '1.14', 146, 585624.90, 128653.53, 2486.80);
insert into STATION values (958, '1.15', 146, 585630.73, 128650.79, 2485.58);
insert into STATION values (959, '1.16', 146, 585634.80, 128642.73, 2483.66);
insert into STATION values (960, '1.17', 146, 585641.38, 128643.40, 2482.00);
insert into STATION values (961, '1.18', 146, 585643.92, 128638.45, 2479.49);
insert into STATION values (962, '1.19', 146, 585647.10, 128638.14, 2478.89);
insert into STATION values (963, '1.20', 146, 585650.93, 128639.95, 2478.53);
insert into STATION values (964, '1.21', 146, 585661.47, 128644.90, 2476.16);
insert into STATION values (965, '1.22', 146, 585665.50, 128643.42, 2474.81);
insert into STATION values (966, '1.23', 146, 585671.03, 128639.23, 2467.97);
insert into STATION values (967, '1.24', 146, 585669.97, 128636.40, 2464.07);
insert into STATION values (968, '1.25', 146, 585676.09, 128636.42, 2463.02);
insert into STATION values (969, '1.26', 146, 585681.93, 128639.13, 2460.95);
insert into STATION values (970, '1.27', 146, 585682.11, 128637.46, 2459.31);
insert into STATION values (971, '1.28', 146, 585687.07, 128638.04, 2456.12);
insert into STATION values (972, '1.29', 146, 585688.11, 128636.75, 2454.68);
insert into STATION values (973, '1.30', 146, 585689.88, 128636.79, 2453.83);
insert into STATION values (974, '1.31', 146, 585690.15, 128637.16, 2452.94);
insert into STATION values (975, '1.32', 146, 585689.62, 128636.48, 2451.86);
insert into STATION values (976, '2.0', 146, 585688.01, 128630.62, 2448.25);
insert into STATION values (977, '2.1', 146, 585696.50, 128638.98, 2444.85);
insert into STATION values (978, '2.2', 146, 585694.53, 128639.48, 2448.37);
insert into STATION values (979, '2.3', 146, 585694.59, 128640.36, 2451.15);
insert into STATION values (980, '2.4', 146, 585691.32, 128639.36, 2455.32);
insert into STATION values (981, '2.5', 146, 585695.45, 128627.00, 2422.57);
insert into STATION values (982, '2.6', 146, 585703.01, 128633.54, 2422.57);
insert into STATION values (983, '3.0', 146, 585688.01, 128630.62, 2448.25);
insert into STATION values (984, '3.1', 146, 585681.29, 128626.39, 2450.09);
insert into STATION values (985, '3.2', 146, 585678.64, 128628.86, 2448.82);
insert into STATION values (986, '3.3', 146, 585678.88, 128629.50, 2460.03);
insert into STATION values (987, '3.4', 146, 585683.86, 128634.40, 2459.32);
insert into STATION values (988, '4.0', 146, 585691.32, 128639.36, 2455.32);
insert into STATION values (989, '4.1', 146, 585689.62, 128636.31, 2450.77);
insert into STATION values (990, '4.2', 146, 585688.01, 128630.62, 2448.25);
insert into STATION values (991, '4.3', 146, 585685.04, 128627.92, 2449.10);
insert into STATION values (992, '4.4', 146, 585673.70, 128623.55, 2452.13);
insert into STATION values (993, '4.5', 146, 585670.06, 128622.35, 2451.84);
insert into STATION values (994, '4.6', 146, 585669.25, 128620.26, 2448.46);
insert into STATION values (995, '4.7', 146, 585667.14, 128622.35, 2448.85);
insert into STATION values (996, '4.8', 146, 585664.55, 128621.23, 2449.49);
insert into STATION values (997, '4.9', 146, 585661.55, 128622.00, 2449.95);
insert into STATION values (998, '4.10', 146, 585652.85, 128616.56, 2451.76);
insert into STATION values (999, '4.11', 146, 585650.81, 128617.13, 2450.33);
insert into STATION values (1000, '4.12', 146, 585646.28, 128614.48, 2450.75);
insert into STATION values (1001, '4.13', 146, 585641.44, 128623.65, 2453.82);
insert into STATION values (1002, '4.14', 146, 585639.15, 128626.68, 2455.19);
insert into STATION values (1003, '4.15', 146, 585633.73, 128626.50, 2457.13);
insert into STATION values (1004, '4.16', 146, 585620.05, 128622.07, 2459.05);
insert into STATION values (1005, '4.17', 146, 585615.73, 128620.99, 2459.60);
insert into STATION values (1006, '5.0', 146, 585615.73, 128620.99, 2459.60);
insert into STATION values (1007, '5.1', 146, 585607.54, 128617.76, 2461.44);
insert into STATION values (1008, '5.2', 146, 585610.90, 128608.22, 2458.42);
insert into STATION values (1009, '5.3', 146, 585608.24, 128605.71, 2458.33);
insert into STATION values (1010, '5.4', 146, 585610.04, 128603.87, 2457.54);
insert into STATION values (1011, '5.5', 146, 585607.69, 128600.15, 2457.58);
insert into STATION values (1012, '5.6', 146, 585611.67, 128594.50, 2456.52);
insert into STATION values (1013, '5.7', 146, 585611.58, 128589.18, 2453.18);
insert into STATION values (1014, '5.8', 146, 585608.53, 128587.16, 2456.59);
insert into STATION values (1015, '5.9', 146, 585613.57, 128587.11, 2453.01);
insert into STATION values (1016, '4.18', 146, 585614.59, 128625.03, 2460.01);
insert into STATION values (1017, '4.19', 146, 585611.49, 128638.23, 2461.72);
insert into STATION values (1018, '4.20', 146, 585615.68, 128642.44, 2462.21);
insert into STATION values (1019, '4.21', 146, 585616.50, 128646.70, 2463.02);
insert into STATION values (1020, '4.22', 146, 585612.19, 128645.93, 2464.01);
insert into STATION values (1021, '4.23', 146, 585608.49, 128662.29, 2469.95);
insert into STATION values (1022, '4.24', 146, 585603.22, 128674.00, 2474.20);
insert into STATION values (1023, '4.25', 146, 585607.84, 128678.84, 2474.20);
insert into STATION values (1024, '4.26', 146, 585607.62, 128681.02, 2474.02);
insert into STATION values (1025, '4.27', 146, 585617.36, 128686.45, 2472.45);
insert into STATION values (1026, '4.28', 146, 585624.86, 128694.67, 2467.71);
insert into STATION values (1027, '4.29', 146, 585626.37, 128696.31, 2465.62);
insert into STATION values (1028, '4.30', 146, 585626.62, 128695.66, 2453.80);
insert into STATION values (1029, '4.31', 146, 585624.86, 128693.54, 2453.16);
insert into STATION values (1030, '4.32', 146, 585624.26, 128693.68, 2447.94);
insert into STATION values (1031, '4.33', 146, 585631.13, 128703.59, 2448.05);
insert into STATION values (1032, '4.34', 146, 585634.48, 128705.23, 2448.08);
insert into STATION values (1033, '4.35', 146, 585638.88, 128719.38, 2449.77);
insert into STATION values (1034, '4.36', 146, 585646.66, 128731.85, 2450.44);
insert into STATION values (1035, '4.37', 146, 585646.40, 128742.81, 2452.53);
insert into STATION values (1036, '4.38', 146, 585653.15, 128751.18, 2452.38);
insert into STATION values (1037, '4.39', 146, 585654.88, 128751.25, 2451.68);
insert into STATION values (1038, '4.40', 146, 585660.23, 128753.99, 2451.04);
insert into STATION values (1039, '4.41', 146, 585659.32, 128769.01, 2455.05);
insert into STATION values (1040, '4.42', 146, 585660.41, 128769.52, 2455.20);
insert into STATION values (1041, '4.43', 146, 585659.19, 128781.28, 2458.90);
insert into STATION values (1042, '4.44', 146, 585659.32, 128788.23, 2460.96);
insert into STATION values (1043, '4.45', 146, 585662.01, 128789.51, 2460.98);
insert into STATION values (1044, '4.46', 146, 585663.07, 128788.37, 2460.52);
insert into STATION values (1045, '4.47', 146, 585666.26, 128791.58, 2460.68);
insert into STATION values (1046, '4.48', 146, 585664.01, 128802.78, 2466.01);
insert into STATION values (1047, '4.49', 146, 585669.39, 128810.81, 2467.12);
insert into STATION values (1048, '4.50', 146, 585673.64, 128820.24, 2468.38);
insert into STATION values (1049, '4.51', 146, 585682.98, 128832.79, 2471.22);
insert into STATION values (1050, '4.52', 146, 585684.59, 128840.26, 2473.91);
insert into STATION values (1051, '4.53', 146, 585691.73, 128841.71, 2472.81);
insert into STATION values (1052, '4.54', 146, 585696.79, 128838.51, 2470.58);
insert into STATION values (1053, '4.55', 146, 585708.30, 128845.77, 2470.79);
insert into STATION values (1054, '4.56', 146, 585708.25, 128848.13, 2472.12);
insert into STATION values (1055, '4.57', 146, 585716.45, 128849.97, 2471.12);
insert into STATION values (1056, '4.58', 146, 585715.87, 128868.04, 2477.91);
insert into STATION values (1057, '4.59', 146, 585724.99, 128872.59, 2477.89);
insert into STATION values (1058, '6.0', 146, 585607.62, 128681.02, 2474.02);
insert into STATION values (1059, '6.1', 146, 585608.96, 128678.36, 2473.76);
insert into STATION values (1060, '6.2', 146, 585602.72, 128673.13, 2478.73);
insert into STATION values (1061, '6.3', 146, 585600.28, 128670.54, 2477.62);
insert into STATION values (1062, '6.4', 146, 585599.56, 128669.67, 2464.71);
insert into STATION values (1063, '6.5', 146, 585590.95, 128662.00, 2463.48);
insert into STATION values (1064, '7.0', 146, 585724.99, 128872.59, 2477.89);
insert into STATION values (1065, '7.1', 146, 585728.51, 128872.83, 2476.69);
insert into STATION values (1066, '7.2', 146, 585734.89, 128875.62, 2475.38);
insert into STATION values (1067, '9.0', 146, 585728.51, 128872.83, 2476.69);
insert into STATION values (1068, '9.1', 146, 585730.26, 128873.53, 2477.37);
insert into STATION values (1069, '7.3', 146, 585739.47, 128876.37, 2473.51);
insert into STATION values (1070, '7.4', 146, 585746.29, 128876.79, 2471.54);
insert into STATION values (1071, '7.5', 146, 585745.65, 128875.39, 2471.52);
insert into STATION values (1072, '7.6', 146, 585743.53, 128874.03, 2460.65);
insert into STATION values (1073, '7.7', 146, 585743.76, 128874.67, 2466.61);
insert into STATION values (1074, '8.0', 146, 585745.65, 128875.39, 2471.52);
insert into STATION values (1075, '8.1', 146, 585751.54, 128875.98, 2469.72);
insert into STATION values (1076, '8.2', 146, 585768.26, 128877.49, 2464.33);
insert into STATION values (1077, '8.3', 146, 585769.37, 128875.49, 2463.53);
insert into STATION values (1078, '8.4', 146, 585775.15, 128878.18, 2463.03);
insert into STATION values (1079, '8.5', 146, 585776.39, 128882.16, 2463.72);
insert into STATION values (1080, '8.6', 146, 585780.52, 128883.62, 2462.98);
insert into STATION values (1081, '8.7', 146, 585782.53, 128886.32, 2463.33);
insert into STATION values (1082, '8.8', 146, 585790.49, 128888.35, 2461.72);
insert into STATION values (1083, '8.9', 146, 585795.54, 128884.55, 2458.82);
insert into STATION values (1084, '8.10', 146, 585803.93, 128887.35, 2457.37);
insert into STATION values (1085, '8.11', 146, 585811.19, 128892.50, 2456.82);
insert into STATION values (1086, '8.12', 146, 585816.63, 128889.17, 2454.02);
insert into STATION values (1087, '8.13', 146, 585816.56, 128879.74, 2450.08);
insert into STATION values (1088, '8.14', 146, 585817.96, 128879.98, 2449.80);
insert into STATION values (1089, '8.15', 146, 585818.83, 128879.70, 2439.41);
insert into STATION values (1090, '8.16', 146, 585815.75, 128878.70, 2439.98);
insert into STATION values (1091, '8.17', 146, 585797.86, 128876.21, 2427.98);
insert into STATION values (1092, '8.18', 146, 585794.04, 128875.93, 2427.74);
insert into STATION values (1093, '8.19', 146, 585790.67, 128888.30, 2432.84);
insert into STATION values (1094, '8.20', 146, 585792.79, 128902.19, 2437.24);
insert into STATION values (1095, '8.21', 146, 585783.81, 128907.56, 2441.65);
insert into STATION values (1096, '8.22', 146, 585783.55, 128917.72, 2444.60);
insert into STATION values (1097, '8.23', 146, 585785.26, 128927.80, 2447.63);
insert into STATION values (1098, '8.24', 146, 585784.84, 128939.61, 2451.76);
insert into STATION values (1099, '8.25', 146, 585779.10, 128962.93, 2460.84);
insert into STATION values (1100, '8.26', 146, 585774.84, 128971.48, 2463.19);
insert into STATION values (1101, '8.27', 146, 585771.36, 128977.77, 2463.50);
insert into STATION values (1102, '8.28', 146, 585762.81, 129004.21, 2470.12);
insert into STATION values (1103, '8.29', 146, 585759.07, 129020.51, 2471.93);
insert into STATION values (1104, '8.30', 146, 585758.91, 129031.81, 2473.00);
insert into STATION values (1105, '8.31', 146, 585754.17, 129041.82, 2475.32);
insert into STATION values (1106, '8.32', 146, 585752.65, 129048.96, 2476.54);
insert into STATION values (1107, '8.33', 146, 585749.07, 129055.13, 2477.43);
insert into STATION values (1108, '8.34', 146, 585748.90, 129059.88, 2478.07);
insert into STATION values (1109, '8.35', 146, 585754.16, 129068.34, 2478.09);
insert into STATION values (1110, '8.36', 146, 585750.06, 129070.65, 2478.92);
insert into STATION values (1111, '8.37', 146, 585745.71, 129073.79, 2480.55);
insert into STATION values (1112, '8.38', 146, 585743.11, 129071.63, 2481.58);
insert into STATION values (1113, '8.39', 146, 585737.74, 129071.68, 2483.52);
insert into STATION values (1114, '8.40', 146, 585735.54, 129071.04, 2484.16);
insert into STATION values (1115, '8.41', 146, 585728.64, 129076.67, 2488.33);
insert into STATION values (1116, '8.42', 146, 585720.94, 129081.89, 2492.56);
insert into STATION values (1117, '1.0', 156, 585915.00, 128725.00, 2458.00);
insert into STATION_FLAG values(1117, 'ent');
insert into STATION_FLAG values(1117, 'fix');
insert into STATION values (1118, '1.1', 156, 585911.87, 128725.00, 2451.75);
insert into STATION values (1119, '1.2', 156, 585910.86, 128725.71, 2450.32);
insert into STATION values (1120, '1.3', 156, 585913.07, 128728.74, 2448.89);
insert into STATION values (1121, '1.4', 156, 585908.73, 128728.95, 2449.69);
insert into STATION values (1122, '1.5', 156, 585908.80, 128728.77, 2445.18);
insert into STATION values (1123, '1.6', 156, 585908.54, 128726.09, 2438.62);
insert into STATION values (1124, '2.0', 156, 585908.73, 128728.95, 2449.69);
insert into STATION values (1125, '2.1', 156, 585906.64, 128727.88, 2450.33);
insert into STATION values (1126, '2.2', 156, 585904.60, 128726.86, 2449.46);
insert into STATION values (1127, '2.3', 156, 585903.72, 128728.39, 2449.64);
insert into STATION values (1128, '2.4', 156, 585901.15, 128727.29, 2450.01);
insert into STATION values (1129, '3.0', 156, 585913.07, 128728.74, 2448.89);
insert into STATION values (1130, '3.1', 156, 585914.86, 128729.28, 2448.23);
insert into STATION values (1131, '3.2', 156, 585916.24, 128729.41, 2447.91);
insert into STATION values (1132, '3.3', 156, 585918.54, 128730.96, 2447.44);
insert into STATION values (1133, '3.4', 156, 585921.48, 128732.81, 2446.72);
insert into STATION values (1134, '3.5', 156, 585923.75, 128733.64, 2446.33);
insert into STATION values (1135, '3.6', 156, 585925.88, 128732.47, 2445.56);
insert into STATION values (1136, '3.7', 156, 585929.67, 128734.29, 2445.03);
insert into STATION values (1137, '3.8', 156, 585934.84, 128733.48, 2443.61);
insert into STATION values (1138, '3.9', 156, 585934.88, 128731.60, 2442.89);
insert into STATION values (1139, '3.10', 156, 585937.48, 128730.76, 2442.47);
insert into STATION values (1140, '4.0', 156, 585937.48, 128730.76, 2442.47);
insert into STATION values (1141, '4.1', 156, 585935.44, 128732.36, 2447.34);
insert into STATION values (1142, '3.11', 156, 585938.13, 128730.72, 2442.41);
insert into STATION values (1143, '3.12', 156, 585939.57, 128729.93, 2441.64);
insert into STATION values (1144, '5.0', 156, 585939.57, 128729.93, 2441.64);
insert into STATION values (1145, '5.1', 156, 585937.04, 128727.78, 2442.01);
insert into STATION values (1146, '3.13', 156, 585943.31, 128733.12, 2441.17);
insert into STATION values (1147, '3.14', 156, 585947.93, 128734.97, 2440.72);
insert into STATION values (1148, '3.15', 156, 585954.10, 128739.86, 2440.76);
insert into STATION values (1149, '3.16', 156, 585955.00, 128739.28, 2440.88);
insert into STATION values (1150, '3.17', 156, 585959.76, 128742.74, 2439.60);
insert into STATION values (1151, '3.18', 156, 585960.54, 128741.90, 2439.82);
insert into STATION values (1152, '3.19', 156, 585963.34, 128744.58, 2439.42);
insert into STATION values (1153, '3.20', 156, 585965.97, 128745.43, 2439.35);
insert into STATION values (1154, '3.21', 156, 585971.20, 128747.85, 2438.20);
insert into STATION values (1155, '6.0', 156, 585971.20, 128747.85, 2438.20);
insert into STATION values (1156, '6.1', 156, 585970.22, 128748.42, 2437.85);
insert into STATION values (1157, '6.2', 156, 585970.03, 128748.91, 2442.49);
insert into STATION values (1158, '3.22', 156, 585977.94, 128749.04, 2437.11);
insert into STATION values (1159, '3.23', 156, 585978.90, 128752.78, 2436.33);
insert into STATION values (1160, '7.0', 156, 585963.34, 128744.58, 2439.42);
insert into STATION values (1161, '7.1', 156, 585961.23, 128747.90, 2441.37);
insert into STATION values (1162, '7.2', 156, 585959.44, 128748.94, 2441.61);
insert into STATION values (1163, '7.3', 156, 585957.39, 128749.98, 2441.43);
insert into STATION values (1164, '7.4', 156, 585956.32, 128751.89, 2441.78);
insert into STATION values (1165, '7.5', 156, 585953.36, 128752.35, 2442.17);
insert into STATION values (1166, '7.6', 156, 585950.22, 128749.57, 2442.39);
insert into STATION values (1167, '7.7', 156, 585949.90, 128750.24, 2442.40);
insert into STATION values (1168, '7.8', 156, 585948.30, 128751.63, 2450.02);
insert into STATION values (1169, '1.0', 161, 587256.00, 129910.00, 2300.00);
insert into STATION_FLAG values(1169, 'ent');
insert into STATION_FLAG values(1169, 'fix');
insert into STATION values (1170, '1.1', 161, 587255.90, 129909.97, 2297.49);
insert into STATION values (1171, '1.2', 161, 587259.62, 129909.64, 2295.60);
insert into STATION values (1172, '1.3', 161, 587260.12, 129907.85, 2291.47);
insert into STATION values (1173, '1.4', 161, 587262.75, 129908.35, 2290.72);
insert into STATION values (1174, '1.5', 161, 587265.69, 129908.42, 2276.12);
insert into STATION values (1175, '1.6', 161, 587267.44, 129909.18, 2276.95);
insert into STATION values (1176, '1.7', 161, 587270.44, 129908.41, 2276.36);
insert into STATION values (1177, '1.8', 161, 587270.26, 129905.30, 2275.77);
insert into STATION values (1178, '1.9', 161, 587270.54, 129904.72, 2275.85);
insert into STATION values (1179, '1.10', 161, 587270.55, 129904.05, 2275.61);
insert into STATION values (1180, '1.11', 161, 587271.63, 129902.93, 2273.53);
insert into STATION values (1181, '1.12', 161, 587272.32, 129901.48, 2258.59);
insert into STATION values (1182, '1.13', 161, 587270.59, 129904.74, 2255.99);
insert into STATION values (1183, '1.14', 161, 587269.20, 129906.53, 2245.59);
insert into STATION values (1184, '1.15', 161, 587265.83, 129906.81, 2247.06);
insert into STATION values (1185, '2.0', 161, 587253.77, 129900.16, 2208.16);
insert into STATION values (1186, '2.1', 161, 587254.23, 129903.36, 2214.39);
insert into STATION values (1187, '2.2', 161, 587259.51, 129902.80, 2219.24);
insert into STATION values (1188, '2.3', 161, 587262.89, 129908.19, 2228.92);
insert into STATION values (1189, '2.4', 161, 587262.46, 129908.96, 2234.83);
insert into STATION values (1190, '2.5', 161, 587262.97, 129907.15, 2243.86);
insert into STATION values (1191, '3.0', 161, 587253.77, 129900.16, 2208.16);
insert into STATION values (1192, '3.1', 161, 587258.07, 129899.29, 2206.14);
insert into STATION values (1193, '3.2', 161, 587265.96, 129898.26, 2203.50);
insert into STATION values (1194, '3.3', 161, 587271.21, 129896.57, 2202.44);
insert into STATION values (1195, '3.4', 161, 587273.81, 129897.03, 2202.55);
insert into STATION values (1196, '3.5', 161, 587275.29, 129895.50, 2201.73);
insert into STATION values (1197, '3.6', 161, 587277.67, 129893.35, 2200.53);
insert into STATION values (1198, '3.7', 161, 587281.54, 129894.44, 2199.79);
insert into STATION values (1199, '4.0', 161, 587258.07, 129899.29, 2206.14);
insert into STATION values (1200, '4.1', 161, 587264.22, 129904.97, 2206.63);
insert into STATION values (1201, '4.2', 161, 587271.40, 129906.45, 2206.01);
insert into STATION values (1202, '4.3', 161, 587272.84, 129903.88, 2204.83);
insert into STATION values (1203, '5.0', 161, 587271.21, 129896.57, 2202.44);
insert into STATION values (1204, '5.1', 161, 587274.62, 129896.23, 2206.21);
insert into STATION values (1205, '6.0', 161, 587271.21, 129896.57, 2202.44);
insert into STATION values (1206, '6.1', 161, 587270.01, 129889.79, 2199.39);
insert into STATION values (1207, '6.2', 161, 587266.89, 129888.36, 2199.44);
insert into STATION values (1208, '6.3', 161, 587265.91, 129885.85, 2197.64);
insert into STATION values (1209, '6.4', 161, 587263.87, 129881.98, 2196.71);
insert into STATION values (1210, '6.5', 161, 587259.57, 129878.02, 2195.22);
insert into STATION values (1211, '6.6', 161, 587256.45, 129872.53, 2193.46);
insert into STATION values (1212, '6.7', 161, 587254.66, 129868.81, 2192.55);
insert into STATION values (1213, '6.8', 161, 587251.24, 129866.21, 2193.04);
insert into STATION values (1214, '6.9', 161, 587248.84, 129860.83, 2191.97);
insert into STATION values (1215, '7.0', 161, 587273.81, 129897.03, 2202.55);
insert into STATION values (1216, '7.1', 161, 587276.27, 129898.89, 2202.52);
insert into STATION values (1217, '7.2', 161, 587285.36, 129902.93, 2202.48);
insert into STATION values (1218, '7.3', 161, 587288.09, 129900.52, 2201.17);
insert into STATION values (1219, '7.4', 161, 587297.18, 129903.71, 2201.28);
insert into STATION values (1220, '7.5', 161, 587298.54, 129905.77, 2201.19);
insert into STATION values (1221, '7.6', 161, 587308.06, 129912.33, 2200.10);
insert into STATION values (1222, '7.7', 161, 587310.52, 129913.84, 2200.51);
insert into STATION values (1223, '7.8', 161, 587318.39, 129917.57, 2196.92);
insert into STATION values (1224, '7.9', 161, 587327.34, 129919.04, 2194.37);
insert into STATION values (1225, '7.10', 161, 587332.29, 129919.69, 2192.48);
insert into STATION values (1226, '7.11', 161, 587339.22, 129922.91, 2191.41);
insert into STATION values (1227, '7.12', 161, 587346.17, 129926.65, 2190.01);
insert into STATION values (1228, '7.13', 161, 587357.00, 129929.28, 2189.46);
insert into STATION values (1229, '7.14', 161, 587362.00, 129932.21, 2189.41);
insert into STATION values (1230, '7.15', 161, 587365.62, 129936.26, 2190.14);
insert into STATION values (1231, '7.16', 161, 587371.17, 129939.25, 2188.57);
insert into STATION values (1232, '7.17', 161, 587374.52, 129945.95, 2189.37);
insert into STATION values (1233, '7.18', 161, 587382.29, 129948.77, 2187.15);
insert into STATION values (1234, '7.19', 161, 587385.62, 129950.01, 2186.71);
insert into STATION values (1235, '7.20', 161, 587390.51, 129953.02, 2185.82);
insert into STATION values (1236, '7.21', 161, 587402.32, 129952.49, 2182.61);
insert into STATION values (1237, '7.22', 161, 587412.28, 129951.33, 2179.08);
insert into STATION values (1238, '7.23', 161, 587421.69, 129953.62, 2177.58);
insert into STATION values (1239, '7.24', 161, 587430.17, 129957.33, 2176.83);
insert into STATION values (1240, '7.25', 161, 587432.66, 129959.18, 2177.19);
insert into STATION values (1241, '7.26', 161, 587435.15, 129960.98, 2177.51);
insert into STATION values (1242, '7.27', 161, 587439.57, 129962.34, 2177.04);
insert into STATION values (1243, '7.28', 161, 587446.34, 129964.35, 2176.32);
insert into STATION values (1244, '7.29', 161, 587451.66, 129966.51, 2175.38);
insert into STATION values (1245, '7.30', 161, 587458.76, 129968.56, 2173.28);
insert into STATION values (1246, '8.0', 161, 587458.76, 129968.56, 2173.28);
insert into STATION values (1247, '8.1', 161, 587466.13, 129961.80, 2173.28);
insert into STATION values (1248, '7.31', 161, 587466.54, 129973.64, 2174.10);
insert into STATION values (1249, '7.32', 161, 587473.95, 129973.98, 2172.93);
insert into STATION values (1250, '7.33', 161, 587479.37, 129976.42, 2172.54);
insert into STATION values (1251, '7.34', 161, 587480.72, 129976.31, 2172.88);
insert into STATION values (1252, '7.35', 161, 587486.94, 129978.68, 2171.81);
insert into STATION values (1253, '7.36', 161, 587491.43, 129983.80, 2172.49);
insert into STATION values (1254, '7.37', 161, 587500.11, 129985.02, 2170.59);
insert into STATION values (1255, '7.38', 161, 587511.18, 129986.65, 2168.46);
insert into STATION values (1256, '7.39', 161, 587516.46, 129992.09, 2169.32);
insert into STATION values (1257, '7.40', 161, 587520.38, 129996.34, 2169.38);
insert into STATION values (1258, '7.41', 161, 587533.93, 130003.23, 2167.52);
insert into STATION values (1259, '7.42', 161, 587539.84, 130006.95, 2167.77);
insert into STATION values (1260, '7.43', 161, 587543.42, 130007.00, 2168.80);
insert into STATION values (1261, '9.0', 161, 587253.77, 129900.16, 2208.16);
insert into STATION values (1262, '9.1', 161, 587245.79, 129901.27, 2209.99);
insert into STATION values (1263, '10.0', 161, 587253.77, 129900.16, 2208.16);
insert into STATION values (1264, '10.1', 161, 587245.75, 129896.36, 2208.27);
insert into STATION values (1265, '10.2', 161, 587241.43, 129896.26, 2208.52);
insert into STATION values (1266, '10.3', 161, 587238.08, 129891.26, 2207.34);
insert into STATION values (1267, '10.4', 161, 587239.57, 129887.53, 2205.51);
insert into STATION values (1268, '10.5', 161, 587233.85, 129884.91, 2206.02);
insert into STATION values (1269, '10.6', 161, 587229.13, 129883.31, 2206.64);
insert into STATION values (1270, '10.7', 161, 587226.53, 129877.64, 2204.91);
insert into STATION values (1271, '10.8', 161, 587222.39, 129876.49, 2205.47);
insert into STATION values (1272, '10.9', 161, 587218.94, 129884.82, 2208.90);
insert into STATION values (1273, '11.0', 161, 587222.39, 129876.49, 2205.47);
insert into STATION values (1274, '11.1', 161, 587226.18, 129873.06, 2203.52);
insert into STATION values (1275, '12.0', 161, 587239.57, 129887.53, 2205.51);
insert into STATION values (1276, '12.1', 161, 587241.85, 129882.25, 2202.77);
insert into STATION values (1277, '12.2', 161, 587241.55, 129875.61, 2199.05);
insert into STATION values (1278, '1.0', 170, 585970.00, 128794.00, 2446.00);
insert into STATION_FLAG values(1278, 'ent');
insert into STATION_FLAG values(1278, 'fix');
insert into STATION values (1279, '1.1', 170, 585966.71, 128792.45, 2445.36);
insert into STATION values (1280, '1.2', 170, 585964.11, 128788.78, 2441.87);
insert into STATION values (1281, '1.3', 170, 585965.25, 128786.32, 2441.70);
insert into STATION values (1282, '1.4', 170, 585963.91, 128784.47, 2441.76);
insert into STATION values (1283, '1.5', 170, 585969.49, 128781.59, 2440.08);
insert into STATION values (1284, '1.6', 170, 585976.36, 128779.43, 2439.09);
insert into STATION values (1285, '1.7', 170, 585979.63, 128780.75, 2438.00);
insert into STATION values (1286, '1.8', 170, 585982.30, 128783.23, 2437.12);
insert into STATION values (1287, '1.9', 170, 585983.41, 128785.85, 2437.20);
insert into STATION values (1288, '1.10', 170, 585991.90, 128786.55, 2435.40);
insert into STATION values (1289, '1.11', 170, 585990.63, 128791.33, 2435.73);
insert into STATION values (1290, '1.12', 170, 585999.21, 128793.37, 2434.13);
insert into STATION values (1291, '1.13', 170, 586000.58, 128798.78, 2435.05);
insert into STATION values (1292, '1.14', 170, 586002.65, 128799.02, 2434.74);
insert into STATION values (1293, '1.15', 170, 586004.64, 128800.89, 2436.60);
insert into STATION values (1294, '1.16', 170, 586002.35, 128804.35, 2437.31);
insert into STATION values (1295, '1.17', 170, 585999.45, 128809.32, 2439.57);
insert into STATION values (1296, '1.18', 170, 585998.56, 128812.19, 2440.61);
insert into STATION values (1297, '1.19', 170, 586000.07, 128814.73, 2441.13);
insert into STATION values (1298, '2.0', 170, 585969.49, 128781.59, 2440.08);
insert into STATION values (1299, '2.1', 170, 585964.46, 128780.97, 2441.53);
insert into STATION values (1300, '2.2', 170, 585959.32, 128780.63, 2442.93);
insert into STATION values (1301, '2.3', 170, 585956.30, 128780.13, 2443.57);
insert into STATION values (1302, '2.4', 170, 585952.52, 128780.99, 2444.22);
insert into STATION values (1303, '2.5', 170, 585950.45, 128782.12, 2444.57);
insert into STATION values (1304, '2.6', 170, 585947.35, 128781.04, 2445.22);
insert into STATION values (1305, '3.0', 170, 585979.63, 128780.75, 2438.00);
insert into STATION values (1306, '3.1', 170, 585980.81, 128777.93, 2437.39);
insert into STATION values (1307, '3.2', 170, 585983.34, 128777.60, 2437.03);
insert into STATION values (1308, '3.3', 170, 585984.55, 128773.88, 2436.20);
insert into STATION values (1309, '3.4', 170, 585987.73, 128770.81, 2435.34);
insert into STATION values (1310, '3.5', 170, 585990.11, 128771.10, 2434.68);
insert into STATION values (1311, '4.0', 170, 585983.41, 128785.85, 2437.20);
insert into STATION values (1312, '4.1', 170, 585985.11, 128788.83, 2436.96);
insert into STATION values (1313, '4.2', 170, 585976.22, 128794.83, 2440.34);
insert into STATION values (1314, '1.0', 175, 585631.00, 128680.00, 2494.00);
insert into STATION_FLAG values(1314, 'ent');
insert into STATION_FLAG values(1314, 'fix');
insert into STATION values (1315, '1.1', 175, 585630.63, 128678.87, 2489.66);
insert into STATION values (1316, '1.2', 175, 585631.55, 128679.52, 2486.19);
insert into STATION values (1317, '1.3', 175, 585634.60, 128680.14, 2484.28);
insert into STATION values (1318, '1.4', 175, 585644.01, 128681.01, 2482.32);
insert into STATION values (1319, '1.5', 175, 585649.68, 128680.10, 2479.73);
insert into STATION values (1320, '1.6', 175, 585651.72, 128678.51, 2477.45);
insert into STATION values (1321, '1.7', 175, 585654.79, 128676.82, 2468.19);
insert into STATION values (1322, '1.8', 175, 585657.15, 128676.88, 2467.12);
insert into STATION values (1323, '1.9', 175, 585656.59, 128671.09, 2464.71);
insert into STATION values (1324, '1.10', 175, 585658.35, 128668.40, 2462.59);
insert into STATION values (1325, '1.11', 175, 585658.54, 128666.71, 2462.54);
insert into STATION values (1326, '1.12', 175, 585660.47, 128665.52, 2462.18);
insert into STATION values (1327, '1.13', 175, 585660.40, 128663.41, 2461.27);
insert into STATION values (1328, '1.14', 175, 585659.71, 128662.96, 2456.08);
insert into STATION values (1329, '1.15', 175, 585663.64, 128663.57, 2454.44);
insert into STATION values (1330, '1.16', 175, 585666.35, 128665.34, 2452.09);
insert into STATION values (1331, '1.17', 175, 585670.83, 128664.40, 2450.35);
insert into STATION values (1332, '1.18', 175, 585672.35, 128663.90, 2449.78);
insert into STATION values (1333, '1.19', 175, 585672.81, 128664.13, 2443.26);
insert into STATION values (1334, '1.20', 175, 585669.00, 128663.59, 2443.26);
insert into STATION values (1335, '1.21', 175, 585667.31, 128662.11, 2442.79);
insert into STATION values (1336, '1.22', 175, 585667.15, 128661.52, 2442.20);
insert into STATION values (1337, '1.23', 175, 585668.00, 128661.65, 2441.70);
insert into STATION values (1338, '1.24', 175, 585667.40, 128659.18, 2441.82);
insert into STATION values (1339, '1.25', 175, 585668.10, 128657.75, 2441.65);
insert into STATION values (1340, '1.26', 175, 585670.50, 128658.96, 2441.40);
insert into STATION values (1341, '1.27', 175, 585672.42, 128659.08, 2441.09);
insert into STATION values (1342, '1.28', 175, 585674.75, 128659.91, 2440.70);
insert into STATION values (1343, '1.29', 175, 585676.08, 128657.06, 2439.89);
insert into STATION values (1344, '1.30', 175, 585675.68, 128657.27, 2436.72);
insert into STATION values (1345, '1.31', 175, 585675.68, 128657.27, 2436.72);
insert into STATION values (1346, '1.32', 175, 585684.11, 128660.42, 2435.20);
insert into STATION values (1347, '1.33', 175, 585684.09, 128660.57, 2434.07);
insert into STATION values (1348, '1.34', 175, 585688.12, 128661.36, 2432.36);
insert into STATION values (1349, '1.35', 175, 585686.27, 128660.97, 2431.57);
insert into STATION values (1350, '1.36', 175, 585684.14, 128659.60, 2430.51);
insert into STATION values (1351, '1.37', 175, 585685.05, 128657.07, 2427.83);
insert into STATION values (1352, '1.38', 175, 585683.87, 128656.85, 2414.08);
insert into STATION values (1353, '1.39', 175, 585684.95, 128653.79, 2408.77);
insert into STATION values (1354, '1.40', 175, 585687.30, 128660.57, 2408.29);
insert into STATION values (1355, '1.41', 175, 585688.63, 128661.54, 2408.06);
insert into STATION values (1356, '1.42', 175, 585687.79, 128663.70, 2408.72);
insert into STATION values (1357, '1.43', 175, 585690.48, 128664.82, 2407.25);
insert into STATION values (1358, '1.44', 175, 585688.93, 128664.56, 2402.43);
insert into STATION values (1359, '1.45', 175, 585683.90, 128663.84, 2400.43);
insert into STATION values (1360, '1.46', 175, 585682.01, 128664.39, 2399.45);
insert into STATION values (1361, '1.47', 175, 585682.29, 128665.48, 2393.02);
insert into STATION values (1362, '1.48', 175, 585682.07, 128667.96, 2381.41);
insert into STATION values (1363, '1.49', 175, 585682.27, 128670.12, 2377.58);
insert into STATION values (1364, '1.50', 175, 585683.10, 128670.48, 2373.60);
insert into STATION values (1365, '1.51', 175, 585678.95, 128670.34, 2369.55);
insert into STATION values (1366, '1.52', 175, 585686.05, 128671.96, 2368.46);
insert into STATION values (1367, '1.53', 175, 585686.65, 128673.19, 2367.22);
insert into STATION values (1368, '1.54', 175, 585694.17, 128672.79, 2367.74);
insert into STATION values (1369, '1.55', 175, 585699.13, 128674.02, 2366.96);
insert into STATION values (1370, '1.56', 175, 585703.79, 128674.62, 2367.76);
insert into STATION values (1371, '1.57', 175, 585711.65, 128675.58, 2364.83);
insert into STATION values (1372, '1.58', 175, 585712.14, 128675.13, 2364.93);
insert into STATION values (1373, '2.0', 175, 585678.95, 128670.34, 2369.55);
insert into STATION values (1374, '2.1', 175, 585676.15, 128668.20, 2370.07);
insert into STATION values (1375, '2.2', 175, 585670.46, 128666.94, 2370.44);
insert into STATION values (1376, '2.3', 175, 585667.85, 128666.40, 2370.58);
insert into STATION values (1377, '2.4', 175, 585665.81, 128665.34, 2371.27);
insert into STATION values (1378, '2.5', 175, 585663.05, 128664.86, 2371.49);
insert into STATION values (1379, '2.6', 175, 585660.34, 128663.88, 2371.96);
insert into STATION values (1380, '2.7', 175, 585659.04, 128664.22, 2372.76);
insert into STATION values (1381, '2.8', 175, 585655.29, 128662.39, 2374.47);
insert into STATION values (1382, '2.9', 175, 585655.08, 128661.97, 2374.95);
insert into STATION values (1383, '2.10', 175, 585653.71, 128661.44, 2375.95);
insert into STATION values (1384, '2.11', 175, 585653.92, 128660.68, 2376.90);
insert into STATION values (1385, '2.12', 175, 585648.91, 128657.34, 2377.71);
insert into STATION values (1386, '2.13', 175, 585643.73, 128655.90, 2378.08);
insert into STATION values (1387, '2.14', 175, 585639.86, 128653.16, 2379.35);
insert into STATION values (1388, '2.15', 175, 585638.23, 128653.58, 2379.47);
insert into STATION values (1389, '2.16', 175, 585631.68, 128648.25, 2380.19);
insert into STATION values (1390, '3.0', 175, 585622.55, 128642.53, 2397.96);
insert into STATION values (1391, '3.1', 175, 585621.14, 128642.72, 2398.21);
insert into STATION values (1392, '3.2', 175, 585607.54, 128635.36, 2399.95);
insert into STATION values (1393, '3.3', 175, 585605.29, 128631.16, 2397.89);
insert into STATION values (1394, '3.4', 175, 585598.57, 128630.17, 2398.67);
insert into STATION values (1395, '3.5', 175, 585596.95, 128631.07, 2399.71);
insert into STATION values (1396, '3.6', 175, 585585.13, 128631.36, 2403.50);
insert into STATION values (1397, '3.7', 175, 585581.03, 128628.73, 2404.84);
insert into STATION values (1398, '3.8', 175, 585582.09, 128627.75, 2404.34);
insert into STATION values (1399, '3.9', 175, 585582.87, 128628.51, 2403.98);
insert into STATION values (1400, '3.10', 175, 585585.00, 128628.44, 2403.37);
insert into STATION values (1401, '3.11', 175, 585584.72, 128627.12, 2403.40);
insert into STATION values (1402, '3.12', 175, 585588.90, 128625.92, 2399.69);
insert into STATION values (1403, '3.13', 175, 585594.70, 128627.63, 2398.39);
insert into STATION values (1404, '3.14', 175, 585598.31, 128629.96, 2398.96);
insert into STATION values (1405, '4.0', 175, 585582.09, 128627.75, 2404.34);
insert into STATION values (1406, '4.1', 175, 585579.28, 128626.06, 2403.70);
insert into STATION values (1407, '4.2', 175, 585573.86, 128621.34, 2404.35);
insert into STATION values (1408, '4.3', 175, 585572.86, 128619.93, 2405.32);
insert into STATION values (1409, '4.4', 175, 585565.79, 128611.31, 2404.78);
insert into STATION values (1410, '4.5', 175, 585566.60, 128612.10, 2401.50);
insert into STATION values (1411, '4.6', 175, 585561.69, 128606.63, 2400.20);
insert into STATION values (1412, '4.7', 175, 585559.69, 128605.80, 2401.73);
insert into STATION values (1413, '4.8', 175, 585559.38, 128603.85, 2403.02);
insert into STATION values (1414, '4.9', 175, 585551.51, 128599.50, 2403.02);
insert into STATION values (1415, '5.0', 175, 585622.55, 128642.53, 2397.96);
insert into STATION values (1416, '5.1', 175, 585622.10, 128643.29, 2398.01);
insert into STATION values (1417, '5.2', 175, 585628.57, 128648.53, 2386.26);
insert into STATION values (1418, '5.3', 175, 585630.11, 128648.33, 2386.03);
insert into STATION values (1419, '5.4', 175, 585640.33, 128652.70, 2383.52);
insert into STATION values (1420, '5.5', 175, 585641.25, 128652.10, 2383.53);
insert into STATION values (1421, '5.6', 175, 585650.56, 128654.13, 2383.25);
insert into STATION values (1422, '5.7', 175, 585668.66, 128664.71, 2380.00);
insert into STATION values (1423, '5.8', 175, 585670.70, 128664.47, 2380.66);
insert into STATION values (1424, '5.9', 175, 585672.20, 128666.61, 2379.68);
insert into STATION values (1425, '5.10', 175, 585681.08, 128667.97, 2383.82);
insert into STATION values (1426, '6.0', 175, 585682.07, 128667.96, 2381.41);
insert into STATION values (1427, '6.1', 175, 585682.96, 128669.40, 2383.28);
insert into STATION values (1428, '6.2', 175, 585689.11, 128670.95, 2381.17);
insert into STATION values (1429, '6.3', 175, 585692.73, 128672.71, 2381.26);
insert into STATION values (1430, '6.4', 175, 585694.54, 128672.71, 2382.29);
insert into STATION values (1431, '6.5', 175, 585697.39, 128675.44, 2382.01);
insert into STATION values (1432, '6.6', 175, 585700.72, 128675.78, 2381.31);
insert into STATION values (1433, '6.7', 175, 585700.62, 128677.51, 2381.38);
insert into STATION values (1434, '6.8', 175, 585702.03, 128677.98, 2380.99);
insert into STATION values (1435, '6.9', 175, 585704.57, 128677.60, 2380.38);
insert into STATION values (1436, '6.10', 175, 585703.98, 128675.21, 2379.75);
insert into STATION values (1437, '6.11', 175, 585705.17, 128674.85, 2379.17);
insert into STATION values (1438, '6.12', 175, 585708.01, 128676.10, 2378.47);
insert into STATION values (1439, '6.13', 175, 585708.51, 128674.31, 2378.23);
insert into STATION values (1440, '6.14', 175, 585711.22, 128674.97, 2377.77);
insert into STATION values (1441, '6.15', 175, 585716.48, 128674.51, 2376.76);
insert into STATION values (1442, '6.16', 175, 585716.86, 128673.60, 2376.17);
insert into STATION values (1443, '6.17', 175, 585724.88, 128672.91, 2374.59);
insert into STATION values (1444, '6.18', 175, 585726.53, 128677.53, 2374.17);
insert into STATION values (1445, '6.19', 175, 585728.78, 128678.76, 2374.17);
insert into STATION values (1446, '6.20', 175, 585731.03, 128678.40, 2373.77);
insert into STATION values (1447, '6.21', 175, 585732.47, 128681.53, 2373.59);
insert into STATION values (1448, '6.22', 175, 585733.02, 128681.23, 2373.72);
insert into STATION values (1449, '6.23', 175, 585737.68, 128674.58, 2371.42);
insert into STATION values (1450, '6.24', 175, 585736.33, 128671.90, 2370.89);
insert into STATION values (1451, '6.25', 175, 585736.58, 128670.51, 2368.58);
insert into STATION values (1452, '6.26', 175, 585738.15, 128669.66, 2367.96);
insert into STATION values (1453, '6.27', 175, 585740.69, 128667.20, 2365.06);
insert into STATION values (1454, '6.28', 175, 585745.32, 128666.77, 2363.01);
insert into STATION values (1455, '6.29', 175, 585751.28, 128668.74, 2364.25);
insert into STATION values (1456, '6.30', 175, 585752.99, 128668.37, 2365.59);
insert into STATION values (1457, '6.31', 175, 585760.64, 128670.60, 2364.54);
insert into STATION values (1458, '6.32', 175, 585763.07, 128669.04, 2368.87);
insert into STATION values (1459, '6.33', 175, 585764.50, 128670.01, 2369.09);
insert into STATION values (1460, '6.34', 175, 585764.88, 128667.98, 2371.34);
insert into STATION values (1461, '6.35', 175, 585762.69, 128666.33, 2372.11);
insert into STATION values (1462, '6.36', 175, 585764.10, 128666.11, 2371.79);
insert into STATION values (1463, '6.37', 175, 585762.86, 128664.04, 2371.90);
insert into STATION values (1464, '6.38', 175, 585764.31, 128661.66, 2372.10);
insert into STATION values (1465, '6.39', 175, 585771.72, 128662.05, 2368.67);
insert into STATION values (1466, '6.40', 175, 585775.51, 128660.69, 2366.95);
insert into STATION values (1467, '6.41', 175, 585779.89, 128661.39, 2368.34);
insert into STATION values (1468, '6.42', 175, 585781.09, 128664.17, 2369.64);
insert into STATION values (1469, '6.43', 175, 585784.09, 128663.23, 2371.10);
insert into STATION values (1470, '6.44', 175, 585786.29, 128668.52, 2374.41);
insert into STATION values (1471, '6.45', 175, 585794.58, 128669.74, 2375.13);
insert into STATION values (1472, '6.46', 175, 585802.96, 128671.53, 2374.15);
insert into STATION values (1473, '6.47', 175, 585810.03, 128677.52, 2376.48);
insert into STATION values (1474, '6.48', 175, 585815.80, 128675.57, 2374.71);
insert into STATION values (1475, '6.49', 175, 585828.86, 128672.98, 2368.36);
insert into STATION values (1476, '6.50', 175, 585836.08, 128672.05, 2366.10);
insert into STATION values (1477, '6.51', 175, 585843.83, 128673.71, 2364.24);
insert into STATION values (1478, '6.52', 175, 585845.02, 128678.99, 2365.11);
insert into STATION values (1479, '6.53', 175, 585843.27, 128679.55, 2366.03);
insert into STATION values (1480, '6.54', 175, 585840.72, 128682.31, 2367.32);
insert into STATION values (1481, '6.55', 175, 585845.95, 128689.20, 2367.53);
insert into STATION values (1482, '6.56', 175, 585849.80, 128689.85, 2367.35);
insert into STATION values (1483, '7.0', 175, 585762.69, 128666.33, 2372.11);
insert into STATION values (1484, '7.1', 175, 585764.17, 128668.18, 2372.62);
insert into STATION values (1485, '7.2', 175, 585765.79, 128667.25, 2375.65);
insert into STATION values (1486, '7.3', 175, 585763.10, 128665.14, 2378.90);
insert into STATION values (1487, '7.4', 175, 585759.62, 128665.33, 2381.06);
insert into STATION values (1488, '7.5', 175, 585757.15, 128664.60, 2383.93);
insert into STATION values (1489, '7.6', 175, 585752.02, 128660.29, 2386.41);
insert into STATION values (1490, '8.0', 175, 585904.32, 128687.22, 2352.83);
insert into STATION values (1491, '8.1', 175, 585908.76, 128682.25, 2350.64);
insert into STATION values (1492, '8.2', 175, 585913.56, 128688.47, 2350.13);
insert into STATION values (1493, '8.3', 175, 585914.44, 128690.06, 2350.73);
insert into STATION values (1494, '8.4', 175, 585918.26, 128691.73, 2349.79);
insert into STATION values (1495, '8.5', 175, 585919.48, 128696.79, 2351.09);
insert into STATION values (1496, '8.6', 175, 585919.68, 128699.81, 2351.93);
insert into STATION values (1497, '8.7', 175, 585921.99, 128702.23, 2352.52);
insert into STATION values (1498, '8.8', 175, 585925.93, 128701.35, 2355.14);
insert into STATION values (1499, '8.9', 175, 585925.87, 128705.91, 2358.54);
insert into STATION values (1500, '8.10', 175, 585931.75, 128705.30, 2364.11);
insert into STATION values (1501, '8.11', 175, 585932.20, 128706.02, 2364.28);
insert into STATION values (1502, '8.12', 175, 585939.47, 128707.90, 2362.60);
insert into STATION values (1503, '9.0', 175, 585904.32, 128687.22, 2352.83);
insert into STATION values (1504, '9.1', 175, 585904.32, 128689.92, 2353.45);
insert into STATION values (1505, '9.2', 175, 585897.13, 128691.72, 2356.04);
insert into STATION values (1506, '9.3', 175, 585889.17, 128695.21, 2359.11);
insert into STATION values (1507, '9.4', 175, 585883.60, 128693.12, 2359.70);
insert into STATION values (1508, '9.5', 175, 585881.57, 128691.02, 2358.24);
insert into STATION values (1509, '9.6', 175, 585875.90, 128687.22, 2358.63);
insert into STATION values (1510, '9.7', 175, 585865.53, 128693.90, 2364.22);
insert into STATION values (1511, '9.8', 175, 585861.13, 128693.56, 2365.25);
insert into STATION values (1512, '9.9', 175, 585850.71, 128690.53, 2367.34);
insert into STATION values (1513, '9.10', 175, 585847.08, 128689.58, 2368.10);
insert into STATION values (1514, '9.11', 175, 585843.89, 128689.67, 2367.96);
insert into STATION values (1515, '9.12', 175, 585839.36, 128682.10, 2367.73);
insert into STATION values (1516, '9.13', 175, 585843.85, 128678.81, 2365.71);
insert into STATION values (1517, '10.0', 175, 585740.63, 128663.12, 2394.74);
insert into STATION values (1518, '10.1', 175, 585742.77, 128663.81, 2394.54);
insert into STATION values (1519, '10.2', 175, 585743.01, 128665.36, 2394.51);
insert into STATION values (1520, '10.3', 175, 585744.66, 128665.84, 2394.18);
insert into STATION values (1521, '10.4', 175, 585745.65, 128665.51, 2393.96);
insert into STATION values (1522, '10.5', 175, 585745.60, 128664.41, 2393.95);
insert into STATION values (1523, '10.6', 175, 585746.95, 128664.59, 2394.15);
insert into STATION values (1524, '10.7', 175, 585747.07, 128662.24, 2393.36);
insert into STATION values (1525, '10.8', 175, 585748.82, 128662.85, 2393.37);
insert into STATION values (1526, '10.9', 175, 585748.90, 128661.44, 2393.44);
insert into STATION values (1527, '10.10', 175, 585748.39, 128660.79, 2391.18);
insert into STATION values (1528, '10.11', 175, 585749.86, 128659.84, 2391.55);
insert into STATION values (1529, '10.12', 175, 585750.53, 128660.62, 2392.06);
insert into STATION values (1530, '11.0', 175, 585740.63, 128663.12, 2394.74);
insert into STATION values (1531, '11.1', 175, 585743.53, 128665.01, 2402.08);
