create table SURVEY (ID integer, PARENT_ID integer, NAME varchar(12), FULL_NAME varchar(14), TITLE varchar(19));
create table CENTRELINE (ID integer, SURVEY_ID integer, TITLE varchar(4), TOPO_DATE date, EXPLO_DATE date, LENGTH real, SURFACE_LENGTH real, DUPLICATE_LENGTH real);
create table PERSON (ID integer, NAME varchar(4), SURNAME varchar(14));
create table EXPLO (PERSON_ID integer, CENTRELINE_ID integer);
create table TOPO (PERSON_ID integer, CENTRELINE_ID integer);
create table STATION (ID integer, NAME varchar(4), SURVEY_ID integer, X real, Y real, Z real);
create table STATION_FLAG (STATION_ID integer, FLAG char(3));
create table SHOT (ID integer, FROM_ID integer, TO_ID integer, CENTRELINE_ID integer, LENGTH real, BEARING real, GRADIENT real, ADJ_LENGTH real, ADJ_BEARING real, ADJ_GRADIENT real, ERR_LENGTH real, ERR_BEARING real, ERR_GRADIENT real);
create table SHOT_FLAG (SHOT_ID integer, FLAG char(3));
create table MAPS (ID integer, SURVEY_ID integer, NAME varchar(12), TITLE varchar(19), PROJID integer, LENGTH real, DEPTH real);
create table SCRAPS (ID integer, SURVEY_ID integer, NAME varchar(12), PROJID integer, MAX_DISTORTION real, AVG_DISTORTION real);
create table MAPITEMS (ID integer, TYPE integer, ITEMID integer);
insert into SURVEY values (1, 0, '', '', NULL);
 insert into CENTRELINE values (2, 1, NULL, NULL, NULL, 0.00, 0.00, 0.00);
 insert into SURVEY values (19, 1, 'Charbonniere', 'Charbonniere', NULL);
 insert into CENTRELINE values (20, 19, NULL, NULL, NULL, 0.00, 0.00, 0.00);
 insert into CENTRELINE values (21, 19, NULL, NULL, NULL, 0.00, 0.00, 0.00);
 insert into SURVEY values (22, 19, '1', '1.Charbonniere', NULL);
 insert into CENTRELINE values (23, 22, NULL, NULL, NULL, 0.00, 0.00, 0.00);
 insert into CENTRELINE values (24, 22, NULL, '2010-07-06', NULL, 113.08, 0.00, 0.00);
 insert into PERSON values (1, NULL, 'Damien Linde');
insert into TOPO values (1, 24);
 insert into PERSON values (2, NULL, 'Louis Stahel');
insert into TOPO values (2, 24);
 insert into SHOT values (1, 1, 2, 24, 12.500, 272.03, -0.90, 12.499, 272.02, -0.92, 0.004, 158.80, -63.79);
insert into SHOT values (2, 2, 3, 24, 6.800, 322.43, -0.90, 6.803, 322.41, -0.84, 0.008, 288.10, 58.98);
insert into SHOT values (3, 3, 4, 24, 8.900, 242.33, -7.20, 8.900, 242.33, -7.23, 0.005, 342.33, -76.52);
insert into SHOT values (4, 4, 5, 24, 6.080, 237.83, 4.50, 6.081, 237.80, 4.53, 0.004, 170.04, 51.16);
insert into SHOT values (5, 5, 6, 24, 6.180, 239.36, 6.75, 6.180, 239.34, 6.69, 0.007, 177.81, -74.25);
insert into SHOT values (6, 7, 8, 24, 5.600, 309.83, 3.60, 5.599, 309.84, 3.69, 0.009, 76.17, 74.04);
insert into SHOT values (7, 8, 9, 24, 4.740, 339.53, -6.30, 4.747, 339.53, -6.29, 0.007, 342.44, 1.23);
insert into SHOT values (8, 9, 10, 24, 6.030, 283.73, 0.00, 6.032, 283.71, 0.00, 0.002, 252.05, 0.00);
insert into SHOT values (9, 10, 11, 24, 6.050, 320.63, -11.70, 6.046, 320.69, -11.74, 0.009, 86.95, -20.63);
insert into SHOT values (10, 11, 12, 24, 5.280, 276.53, -0.90, 5.285, 276.52, -0.87, 0.006, 270.66, 31.17);
insert into SHOT values (11, 12, 13, 24, 3.910, 324.23, 7.20, 3.905, 324.14, 7.21, 0.008, 197.12, -0.40);
insert into SHOT values (12, 13, 14, 24, 3.840, 225.23, 68.85, 3.836, 225.29, 68.94, 0.007, 31.25, -11.03);
insert into SHOT values (13, 14, 15, 24, 5.870, 4.73, 39.60, 5.871, 4.69, 39.57, 0.004, 313.61, -25.21);
insert into SHOT values (14, 15, 16, 24, 7.550, 229.73, 54.90, 7.553, 229.67, 54.91, 0.005, 148.26, 35.40);
insert into SHOT values (15, 16, 17, 24, 5.000, 65.93, 25.20, 4.998, 65.99, 25.23, 0.006, 186.16, 11.23);
insert into SHOT values (16, 17, 18, 24, 5.460, 65.93, 25.20, 5.459, 65.87, 25.15, 0.007, 352.56, -45.19);
insert into SHOT values (17, 18, 19, 24, 5.290, 79.43, 3.60, 5.290, 79.41, 3.58, 0.002, 5.52, -62.96);
insert into SHOT values (18, 19, 20, 24, 4.040, 69.53, 19.80, 4.040, 69.51, 19.82, 0.002, 289.92, 54.00);
insert into SHOT values (19, 20, 21, 24, 3.960, 41.63, -1.80, 3.961, 41.62, -1.74, 0.005, 32.44, 70.16);
insert into SURVEY values (26, 19, '2', '2.Charbonniere', 'Cheminee blanche.');
 insert into CENTRELINE values (27, 26, NULL, NULL, NULL, 0.00, 0.00, 0.00);
 insert into CENTRELINE values (28, 26, NULL, '2010-07-06', NULL, 3.80, 0.00, 0.00);
 insert into TOPO values (1, 28);
 insert into TOPO values (2, 28);
 insert into SHOT values (20, 22, 23, 28, 3.800, 100.13, 70.20, 3.806, 100.27, 70.17, 0.007, 142.54, 44.87);
insert into CENTRELINE values (30, 19, NULL, NULL, NULL, 0.00, 0.00, 0.00);
 insert into STATION values (1, '0', 22, 593875.00, 249600.00, 525.00);
insert into STATION_FLAG values(1, 'fix');
insert into STATION values (2, '1', 22, 593862.51, 249600.44, 524.80);
insert into STATION values (3, '2', 22, 593858.36, 249605.83, 524.70);
insert into STATION values (4, '3', 22, 593850.54, 249601.73, 523.58);
insert into STATION values (5, '4', 22, 593845.41, 249598.50, 524.06);
insert into STATION values (6, '5', 22, 593840.13, 249595.37, 524.78);
insert into STATION values (7, '6', 22, 593840.13, 249595.37, 524.78);
insert into STATION values (8, '7', 22, 593835.84, 249598.95, 525.14);
insert into STATION values (9, '8', 22, 593834.19, 249603.37, 524.62);
insert into STATION values (10, '9', 22, 593828.33, 249604.80, 524.62);
insert into STATION values (11, '10', 22, 593824.58, 249609.38, 523.39);
insert into STATION values (12, '11', 22, 593819.33, 249609.98, 523.31);
insert into STATION values (13, '12', 22, 593817.06, 249613.12, 523.80);
insert into STATION values (14, '13', 22, 593816.08, 249612.15, 527.38);
insert into STATION values (15, '14', 22, 593816.45, 249616.66, 531.12);
insert into STATION values (16, '15', 22, 593813.14, 249613.85, 537.30);
insert into STATION values (17, '16', 22, 593817.27, 249615.69, 539.43);
insert into STATION values (18, '17', 22, 593821.78, 249617.71, 541.75);
insert into STATION values (19, '18', 22, 593826.97, 249618.68, 542.08);
insert into STATION values (20, '19', 22, 593830.53, 249620.01, 543.45);
insert into STATION values (21, '20', 22, 593833.16, 249622.97, 543.33);
insert into STATION values (22, '0', 26, 593830.53, 249620.01, 543.45);
insert into STATION values (23, '1', 26, 593831.80, 249619.78, 547.03);
