create table SURVEY (ID integer, PARENT_ID integer, NAME varchar(12), FULL_NAME varchar(15), TITLE varchar(56));
create table CENTRELINE (ID integer, SURVEY_ID integer, TITLE varchar(4), TOPO_DATE date, EXPLO_DATE date, LENGTH real, SURFACE_LENGTH real, DUPLICATE_LENGTH real);
create table PERSON (ID integer, NAME varchar(4), SURNAME varchar(5));
create table EXPLO (PERSON_ID integer, CENTRELINE_ID integer);
create table TOPO (PERSON_ID integer, CENTRELINE_ID integer);
create table STATION (ID integer, NAME varchar(4), SURVEY_ID integer, X real, Y real, Z real);
create table STATION_FLAG (STATION_ID integer, FLAG char(3));
create table SHOT (ID integer, FROM_ID integer, TO_ID integer, CENTRELINE_ID integer, LENGTH real, BEARING real, GRADIENT real, ADJ_LENGTH real, ADJ_BEARING real, ADJ_GRADIENT real, ERR_LENGTH real, ERR_BEARING real, ERR_GRADIENT real);
create table SHOT_FLAG (SHOT_ID integer, FLAG char(3));
create table MAPS (ID integer, SURVEY_ID integer, NAME varchar(12), TITLE varchar(56), PROJID integer, LENGTH real, DEPTH real);
create table SCRAPS (ID integer, SURVEY_ID integer, NAME varchar(12), PROJID integer, MAX_DISTORTION real, AVG_DISTORTION real);
create table MAPITEMS (ID integer, TYPE integer, ITEMID integer);
insert into SURVEY values (1, 0, '', '', NULL);
 insert into CENTRELINE values (2, 1, NULL, NULL, NULL, 0.00, 0.00, 0.00);
 insert into SURVEY values (19, 1, 'CreuxDEntier', 'CreuxDEntier', NULL);
 insert into CENTRELINE values (20, 19, NULL, NULL, NULL, 0.00, 0.00, 0.00);
 insert into CENTRELINE values (21, 19, NULL, NULL, NULL, 0.00, 0.00, 0.00);
 insert into SURVEY values (22, 19, '1', '1.CreuxDEntier', 'PUITS D''ENTREE');
 insert into CENTRELINE values (23, 22, NULL, NULL, NULL, 0.00, 0.00, 0.00);
 insert into CENTRELINE values (24, 22, NULL, '1980-04-01', NULL, 32.65, 0.00, 0.00);
 insert into PERSON values (1, NULL, 'pr?');
insert into TOPO values (1, 24);
 insert into SHOT values (1, 1, 2, 24, 11.800, 267.85, -90.00, 11.800, 90.00, -90.00, 0.000, 267.85, 48.27);
insert into SHOT values (2, 2, 3, 24, 8.700, 267.85, -90.00, 8.700, 90.00, -90.00, 0.000, 267.85, -56.67);
insert into SHOT values (3, 3, 4, 24, 0.800, 50.05, -9.00, 0.806, 50.10, -9.29, 0.007, 58.67, -44.05);
insert into SHOT values (4, 4, 5, 24, 4.200, 141.85, -36.90, 4.196, 141.90, -36.91, 0.005, 283.73, 19.58);
insert into SHOT values (5, 5, 6, 24, 3.150, 145.45, -38.70, 3.152, 145.60, -38.68, 0.007, 219.00, -4.10);
insert into SHOT values (6, 6, 7, 24, 4.000, 204.85, 0.00, 4.000, 204.84, 0.00, 0.001, 109.26, 0.00);
insert into SURVEY values (26, 19, '2', '2.CreuxDEntier', 'GRAND PUITS');
 insert into CENTRELINE values (27, 26, NULL, NULL, NULL, 0.00, 0.00, 0.00);
 insert into CENTRELINE values (28, 26, NULL, '1980-04-01', NULL, 73.80, 0.00, 0.00);
 insert into TOPO values (1, 28);
 insert into SHOT values (7, 8, 9, 28, 5.100, 70.75, -17.10, 5.099, 70.71, -17.11, 0.003, 324.67, -6.68);
insert into SHOT values (8, 9, 10, 28, 9.300, 357.85, -53.10, 9.302, 357.84, -53.11, 0.003, 275.36, -83.73);
insert into SHOT values (9, 10, 11, 28, 24.200, 348.85, -90.00, 24.200, 90.00, -90.00, 0.000, 348.85, -28.66);
insert into SHOT values (10, 11, 12, 28, 6.000, 332.65, 9.00, 5.996, 332.66, 9.02, 0.005, 142.12, 17.02);
insert into SHOT values (11, 12, 13, 28, 3.900, 60.85, -3.60, 3.902, 60.80, -3.53, 0.006, 10.50, 50.56);
insert into SHOT values (12, 13, 14, 28, 18.800, 339.85, -90.00, 18.800, 90.00, -90.00, 0.000, 339.85, 35.13);
insert into SHOT values (13, 14, 15, 28, 3.500, 232.75, 9.90, 3.506, 232.77, 9.85, 0.007, 242.24, -15.60);
insert into SHOT values (14, 15, 16, 28, 3.000, 207.55, -1.80, 2.998, 207.42, -1.91, 0.009, 101.99, -39.72);
insert into SURVEY values (30, 19, '3', '3.CreuxDEntier', 'LAMINOIR');
 insert into CENTRELINE values (31, 30, NULL, NULL, NULL, 0.00, 0.00, 0.00);
 insert into CENTRELINE values (32, 30, NULL, '1980-04-01', NULL, 63.05, 0.00, 0.00);
 insert into TOPO values (1, 32);
 insert into SHOT values (15, 17, 18, 32, 7.350, 344.35, -90.00, 7.300, 270.00, -89.84, 0.054, 270.00, 68.20);
insert into SHOT values (16, 18, 19, 32, 2.900, 344.35, -46.80, 2.870, 342.94, -46.45, 0.060, 244.09, 34.56);
insert into SHOT values (17, 19, 20, 32, 6.700, 352.45, -57.60, 6.657, 351.01, -57.43, 0.102, 257.90, 27.53);
insert into SHOT values (18, 20, 21, 32, 3.700, 340.75, -51.30, 3.680, 339.53, -51.00, 0.056, 253.46, 29.26);
insert into SHOT values (19, 21, 22, 32, 8.700, 14.05, -90.00, 8.650, 203.20, -89.50, 0.091, 203.20, 33.29);
insert into SHOT values (20, 22, 23, 32, 2.250, 48.25, 47.70, 2.236, 47.73, 48.33, 0.031, 254.26, 10.70);
insert into SHOT values (21, 23, 24, 32, 4.700, 89.65, -18.90, 4.614, 90.00, -18.71, 0.092, 250.35, 27.56);
insert into SHOT values (22, 24, 25, 32, 1.000, 137.35, -16.20, 0.951, 138.99, -15.87, 0.056, 287.82, 19.65);
insert into SHOT values (23, 25, 26, 32, 1.700, 88.75, -9.00, 1.618, 88.93, -8.53, 0.083, 265.14, 18.19);
insert into SHOT values (24, 26, 27, 32, 1.450, 114.85, -40.50, 1.380, 116.08, -40.70, 0.074, 273.14, 34.53);
insert into SHOT values (25, 27, 28, 32, 1.800, 79.75, -10.80, 1.715, 79.76, -10.41, 0.086, 259.58, 18.57);
insert into SHOT values (26, 28, 29, 32, 0.850, 171.55, -9.90, 0.847, 172.45, -8.83, 0.021, 262.37, 50.74);
insert into SHOT values (27, 29, 30, 32, 1.900, 86.95, -9.90, 1.819, 87.12, -9.81, 0.081, 263.04, 11.82);
insert into SHOT values (28, 30, 31, 32, 1.300, 1.45, 0.90, 1.281, 0.00, 1.79, 0.043, 239.40, 27.16);
insert into SHOT values (29, 31, 32, 32, 4.350, 73.45, -11.70, 4.268, 73.47, -11.49, 0.083, 252.18, 22.70);
insert into SHOT values (30, 32, 33, 32, 8.400, 334.45, -90.00, 8.350, 303.69, -89.75, 0.062, 303.69, 54.20);
insert into SHOT values (31, 33, 34, 32, 4.000, 235.45, 35.10, 4.080, 235.98, 35.00, 0.086, 259.43, 27.77);
insert into SURVEY values (34, 19, '4', '4.CreuxDEntier', 'GALERIE DES POUPEES AMONT');
 insert into CENTRELINE values (35, 34, NULL, NULL, NULL, 0.00, 0.00, 0.00);
 insert into CENTRELINE values (36, 34, NULL, '1980-08-01', NULL, 198.25, 0.00, 0.00);
 insert into TOPO values (1, 36);
 insert into SHOT values (32, 35, 36, 36, 3.500, 219.29, 18.00, 3.605, 219.55, 18.27, 0.108, 228.56, 26.71);
insert into SHOT values (33, 36, 37, 36, 8.200, 125.69, -1.80, 8.197, 128.66, -0.91, 0.444, 217.17, 16.71);
insert into SHOT values (34, 37, 38, 36, 6.600, 149.09, 18.00, 6.643, 151.44, 18.61, 0.271, 236.02, 17.28);
insert into SHOT values (35, 38, 39, 36, 5.000, 233.69, 31.50, 5.113, 233.50, 31.61, 0.114, 224.64, 36.27);
insert into SHOT values (36, 39, 40, 36, 7.150, 145.49, 0.00, 7.168, 148.17, 0.80, 0.350, 233.80, 16.59);
insert into SHOT values (37, 40, 41, 36, 12.400, 154.49, 14.40, 12.418, 154.76, 14.79, 0.103, 248.69, 56.73);
insert into SHOT values (38, 41, 42, 36, 4.500, 104.99, -19.80, 4.503, 105.05, -19.86, 0.008, 178.91, -48.88);
insert into SHOT values (39, 42, 43, 36, 5.700, 198.59, 14.40, 5.698, 198.60, 14.43, 0.004, 358.85, 40.42);
insert into SHOT values (40, 43, 44, 36, 11.400, 151.79, 44.10, 11.395, 151.78, 44.10, 0.005, 0.10, -39.25);
insert into SHOT values (41, 44, 45, 36, 6.100, 119.39, 11.70, 6.105, 119.35, 11.72, 0.006, 76.65, 28.16);
insert into SHOT values (42, 45, 46, 36, 6.700, 93.29, -22.50, 6.699, 93.33, -22.47, 0.006, 177.62, 39.23);
insert into SHOT values (43, 46, 47, 36, 5.400, 116.69, -18.00, 5.395, 116.76, -18.03, 0.009, 248.78, -8.13);
insert into SHOT values (44, 47, 48, 36, 6.800, 95.99, -16.20, 6.806, 95.97, -16.21, 0.006, 76.84, -26.27);
insert into SHOT values (45, 48, 49, 36, 3.900, 100.49, 13.50, 3.901, 100.48, 13.49, 0.001, 72.13, -20.27);
insert into SHOT values (46, 49, 50, 36, 3.400, 250.79, 57.60, 3.399, 250.77, 57.60, 0.001, 146.10, -47.93);
insert into SHOT values (47, 50, 51, 36, 7.100, 89.69, 6.30, 7.093, 89.67, 6.31, 0.007, 283.53, 7.00);
insert into SHOT values (48, 51, 52, 36, 13.300, 70.79, -31.50, 13.301, 70.80, -31.50, 0.002, 136.33, -21.01);
insert into SHOT values (49, 52, 53, 36, 12.600, 66.29, -18.90, 12.607, 66.27, -18.88, 0.009, 41.18, 9.07);
insert into SHOT values (50, 53, 54, 36, 10.700, 121.19, 0.00, 10.696, 121.19, 0.00, 0.004, 288.00, 0.00);
insert into SHOT values (51, 54, 55, 36, 8.700, 20.39, 13.50, 8.701, 20.41, 13.49, 0.003, 82.02, -19.40);
insert into SHOT values (52, 55, 56, 36, 7.000, 42.89, -32.40, 6.998, 42.87, -32.40, 0.003, 262.49, 17.83);
insert into SHOT values (53, 56, 57, 36, 13.200, 47.39, -26.10, 13.195, 47.39, -26.12, 0.007, 217.65, -22.55);
insert into SHOT values (54, 57, 58, 36, 5.500, 302.09, -27.90, 5.491, 302.12, -27.91, 0.009, 105.05, 23.28);
insert into SHOT values (55, 58, 59, 36, 3.300, 23.99, -45.00, 3.300, 23.71, -44.91, 0.012, 313.00, 16.20);
insert into SHOT values (56, 59, 60, 36, 1.500, 333.59, 12.60, 1.497, 333.61, 12.34, 0.007, 133.50, -77.68);
insert into SHOT values (57, 60, 61, 36, 2.400, 346.19, -90.00, 2.400, 90.00, -90.00, 0.000, 346.19, 69.70);
insert into SHOT values (58, 61, 62, 36, 5.200, 358.79, -12.60, 5.195, 358.87, -12.56, 0.009, 116.60, 28.17);
insert into SHOT values (59, 62, 63, 36, 5.800, 81.59, -24.30, 5.802, 81.62, -24.33, 0.005, 167.44, -44.25);
insert into SHOT values (60, 63, 64, 36, 5.200, 338.99, 48.60, 5.201, 338.88, 48.58, 0.007, 268.54, -4.70);
insert into SURVEY values (38, 19, '5', '5.CreuxDEntier', 'GALERIE DES POUPEES AVAL');
 insert into CENTRELINE values (39, 38, NULL, NULL, NULL, 0.00, 0.00, 0.00);
 insert into CENTRELINE values (40, 38, NULL, '1980-08-01', NULL, 37.40, 0.00, 0.00);
 insert into TOPO values (1, 40);
 insert into SHOT values (61, 65, 66, 40, 7.550, 10.49, -11.70, 7.549, 10.44, -11.69, 0.006, 273.95, 10.03);
insert into SHOT values (62, 66, 67, 40, 3.050, 325.49, -11.70, 3.048, 325.51, -11.74, 0.003, 116.00, -32.44);
insert into SHOT values (63, 67, 68, 40, 4.300, 336.29, 0.00, 4.303, 336.29, 0.00, 0.003, 343.82, 0.00);
insert into SHOT values (64, 68, 69, 40, 1.850, 314.69, -9.00, 1.847, 314.56, -9.03, 0.005, 190.88, -6.67);
insert into SHOT values (65, 69, 70, 40, 8.100, 307.49, 17.10, 8.096, 307.49, 17.10, 0.004, 121.07, -26.33);
insert into SHOT values (66, 70, 71, 40, 6.250, 340.79, -2.70, 6.256, 340.75, -2.66, 0.009, 308.73, 31.01);
insert into SHOT values (67, 71, 72, 40, 1.400, 301.19, -90.00, 1.400, 90.00, -90.00, 0.000, 301.19, -86.93);
insert into SHOT values (68, 72, 73, 40, 1.500, 261.59, -38.70, 1.495, 261.59, -38.96, 0.008, 81.29, -14.69);
insert into SHOT values (69, 73, 74, 40, 3.400, 214.79, 0.00, 3.398, 214.81, 0.00, 0.002, 357.19, 0.00);
insert into SURVEY values (42, 19, '6', '6.CreuxDEntier', 'RESEAU MAI 74');
 insert into CENTRELINE values (43, 42, NULL, NULL, NULL, 0.00, 0.00, 0.00);
 insert into CENTRELINE values (44, 42, NULL, '1980-04-01', NULL, 66.95, 0.00, 0.00);
 insert into TOPO values (1, 44);
 insert into SHOT values (70, 75, 76, 44, 4.150, 287.65, 10.80, 4.157, 287.68, 10.82, 0.007, 307.66, 19.27);
insert into SHOT values (71, 76, 77, 44, 1.500, 298.45, 21.60, 1.492, 298.41, 21.63, 0.008, 124.89, -15.99);
insert into SHOT values (72, 77, 78, 44, 2.350, 302.05, 10.80, 2.355, 302.11, 10.77, 0.006, 326.25, -3.22);
insert into SHOT values (73, 78, 79, 44, 0.700, 319.15, 9.00, 0.696, 319.13, 9.09, 0.004, 142.93, 7.61);
insert into SHOT values (74, 79, 80, 44, 5.100, 288.55, 11.70, 5.107, 288.54, 11.75, 0.008, 284.64, 46.20);
insert into SHOT values (75, 80, 81, 44, 1.500, 204.85, 2.70, 1.500, 204.86, 2.67, 0.001, 225.66, -51.07);
insert into SHOT values (76, 81, 82, 44, 1.900, 312.85, -0.90, 1.897, 312.86, -0.91, 0.003, 124.49, -2.60);
insert into SHOT values (77, 82, 83, 44, 1.500, 283.15, 3.60, 1.502, 283.11, 3.44, 0.005, 256.54, -61.57);
insert into SHOT values (78, 83, 84, 44, 3.700, 341.65, 0.00, 3.697, 341.71, 0.00, 0.005, 110.14, 0.00);
insert into SHOT values (79, 84, 85, 44, 1.300, 310.15, 12.60, 1.303, 310.21, 12.86, 0.007, 353.26, 72.63);
insert into SHOT values (80, 85, 86, 44, 5.350, 24.85, 8.10, 5.350, 24.78, 8.06, 0.008, 302.98, -29.32);
insert into SHOT values (81, 86, 87, 44, 6.700, 287.65, -36.00, 6.696, 287.63, -36.04, 0.007, 121.83, -16.39);
insert into SHOT values (82, 87, 88, 44, 1.850, 196.75, -20.70, 1.852, 196.76, -20.55, 0.005, 204.85, 51.49);
insert into SHOT values (83, 88, 89, 44, 3.700, 223.75, 1.80, 3.701, 223.80, 1.70, 0.007, 298.82, -63.16);
insert into SHOT values (84, 89, 90, 44, 1.650, 248.05, -90.00, 1.650, 90.00, -90.00, 0.000, 248.05, -86.38);
insert into SHOT values (85, 90, 91, 44, 1.700, 272.35, 3.60, 1.695, 272.37, 3.72, 0.006, 84.63, 31.84);
insert into SHOT values (86, 91, 92, 44, 5.200, 261.55, -54.00, 5.206, 261.55, -53.96, 0.007, 263.58, -24.73);
insert into SHOT values (87, 92, 93, 44, 0.800, 45.55, -0.90, 0.806, 46.01, -0.71, 0.009, 91.15, 15.91);
insert into SHOT values (88, 93, 94, 44, 4.700, 333.55, -9.00, 4.704, 333.55, -8.93, 0.007, 330.65, 49.81);
insert into SHOT values (89, 94, 95, 44, 2.800, 5.95, -90.00, 2.800, 90.00, -90.00, 0.000, 5.95, -81.86);
insert into SHOT values (90, 95, 96, 44, 1.200, 39.25, -1.80, 1.202, 39.26, -1.91, 0.003, 44.99, -54.57);
insert into SHOT values (91, 96, 97, 44, 7.600, 39.25, -90.00, 7.600, 90.00, -90.00, 0.000, 39.25, -41.03);
insert into SURVEY values (46, 19, '7', '7.CreuxDEntier', 'DIVERTICULE SALLE -67');
 insert into CENTRELINE values (47, 46, NULL, NULL, NULL, 0.00, 0.00, 0.00);
 insert into CENTRELINE values (48, 46, NULL, '1980-04-01', NULL, 14.05, 0.00, 0.00);
 insert into TOPO values (1, 48);
 insert into SHOT values (92, 98, 99, 48, 7.100, 78.85, -4.50, 7.096, 78.83, -4.53, 0.005, 282.69, -32.74);
insert into SHOT values (93, 99, 100, 48, 3.500, 109.45, 18.00, 3.501, 109.47, 17.97, 0.003, 144.34, -36.60);
insert into SHOT values (94, 100, 101, 48, 3.450, 61.75, 19.80, 3.448, 61.85, 19.84, 0.007, 174.32, 11.69);
insert into SURVEY values (50, 19, '8', '8.CreuxDEntier', 'ESCALADE DES GRANDS PUITS');
 insert into CENTRELINE values (51, 50, NULL, NULL, NULL, 0.00, 0.00, 0.00);
 insert into CENTRELINE values (52, 50, NULL, '1980-04-01', NULL, 71.40, 0.00, 0.00);
 insert into TOPO values (1, 52);
 insert into SHOT values (95, 102, 103, 52, 6.300, 311.05, 90.00, 6.300, 90.00, 90.00, 0.000, 311.05, -64.10);
insert into SHOT values (96, 103, 104, 52, 5.800, 311.05, 7.20, 5.800, 311.05, 7.13, 0.007, 343.41, -79.55);
insert into SHOT values (97, 104, 105, 52, 5.500, 329.95, 10.80, 5.497, 329.87, 10.80, 0.008, 215.25, -4.41);
insert into SHOT values (98, 105, 106, 52, 13.400, 33.85, 90.00, 13.400, 90.00, 90.00, 0.000, 33.85, -26.27);
insert into SHOT values (99, 106, 107, 52, 2.150, 98.65, 9.00, 2.151, 98.66, 9.09, 0.004, 138.72, 75.78);
insert into SHOT values (100, 107, 108, 52, 5.750, 103.15, -10.80, 5.749, 103.10, -10.83, 0.005, 358.92, -28.20);
insert into SHOT values (101, 108, 109, 52, 2.600, 84.25, -17.10, 2.606, 84.24, -16.96, 0.009, 82.81, 30.96);
insert into SHOT values (102, 109, 110, 52, 10.000, 119.35, -90.00, 10.000, 90.00, -90.00, 0.000, 119.35, 0.00);
insert into SHOT values (103, 110, 111, 52, 6.200, 154.45, -36.00, 6.206, 154.51, -36.03, 0.008, 216.88, -44.41);
insert into SHOT values (104, 111, 112, 52, 8.200, 198.55, -90.00, 8.200, 90.00, -90.00, 0.000, 198.55, -58.21);
insert into SHOT values (105, 112, 113, 52, 5.500, 242.65, 21.60, 5.500, 242.63, 21.66, 0.006, 102.31, 68.42);
insert into SURVEY values (54, 19, '9', '9.CreuxDEntier', 'DIVERTICULE 1 DE L''ESCALADE');
 insert into CENTRELINE values (55, 54, NULL, NULL, NULL, 0.00, 0.00, 0.00);
 insert into CENTRELINE values (56, 54, NULL, '1980-04-01', NULL, 9.00, 0.00, 0.00);
 insert into TOPO values (1, 56);
 insert into SHOT values (106, 114, 115, 56, 4.000, 284.95, 0.00, 3.995, 284.94, 0.00, 0.005, 110.87, 0.00);
insert into SHOT values (107, 115, 116, 56, 5.000, 310.15, 0.00, 5.003, 310.22, 0.00, 0.006, 17.16, 0.00);
insert into SURVEY values (58, 19, '10', '10.CreuxDEntier', 'DIVERTICULE 2 DE L''ESCALADE');
 insert into CENTRELINE values (59, 58, NULL, NULL, NULL, 0.00, 0.00, 0.00);
 insert into CENTRELINE values (60, 58, NULL, '1980-04-01', NULL, 18.65, 0.00, 0.00);
 insert into TOPO values (1, 60);
 insert into SHOT values (108, 117, 118, 60, 5.100, 13.15, 9.90, 5.098, 13.12, 9.94, 0.005, 230.01, 40.78);
insert into SHOT values (109, 118, 119, 60, 4.750, 95.05, 0.00, 4.749, 95.07, 0.00, 0.003, 217.61, 0.00);
insert into SHOT values (110, 119, 120, 60, 4.000, 83.35, -9.90, 3.997, 83.29, -9.94, 0.006, 312.19, -23.40);
insert into SHOT values (111, 120, 121, 60, 4.800, 97.75, -7.20, 4.801, 97.72, -7.18, 0.003, 33.32, 33.55);
insert into SURVEY values (62, 19, '11', '11.CreuxDEntier', 'CHEMINEE DE L''ESCALADE');
 insert into CENTRELINE values (63, 62, NULL, NULL, NULL, 0.00, 0.00, 0.00);
 insert into CENTRELINE values (64, 62, NULL, '1980-04-01', NULL, 32.85, 0.00, 0.00);
 insert into TOPO values (1, 64);
 insert into SHOT values (112, 122, 123, 64, 1.750, 164.35, 29.70, 1.748, 164.31, 29.84, 0.005, 358.24, 38.25);
insert into SHOT values (113, 123, 124, 64, 10.000, 181.45, 90.00, 10.000, 90.00, 90.00, 0.000, 181.45, 0.00);
insert into SHOT values (114, 124, 125, 64, 9.000, 181.45, 90.00, 9.000, 90.00, 90.00, 0.000, 181.45, 0.00);
insert into SHOT values (115, 125, 126, 64, 3.200, 198.55, 0.00, 3.203, 198.38, 0.00, 0.010, 128.14, 0.00);
insert into SHOT values (116, 126, 127, 64, 8.900, 198.55, 90.00, 8.900, 90.00, 90.00, 0.000, 198.55, -36.62);
insert into SURVEY values (66, 19, '12', '12.CreuxDEntier', 'JONCTION MEANDRE - SALLE BOUDDHA - GALERIE DES POUPEES');
 insert into CENTRELINE values (67, 66, NULL, NULL, NULL, 0.00, 0.00, 0.00);
 insert into CENTRELINE values (68, 66, NULL, '1980-04-04', NULL, 60.10, 0.00, 0.00);
 insert into TOPO values (1, 68);
 insert into SHOT values (117, 128, 129, 68, 3.700, 68.05, -44.10, 3.679, 69.16, -44.09, 0.056, 174.04, 15.53);
insert into SHOT values (118, 129, 130, 68, 4.750, 31.15, -23.40, 4.685, 32.17, -23.39, 0.101, 158.89, 15.20);
insert into SHOT values (119, 130, 131, 68, 8.350, 14.05, -22.50, 8.271, 14.93, -22.39, 0.142, 133.90, 18.58);
insert into SHOT values (120, 131, 132, 68, 6.700, 12.25, 1.80, 6.622, 12.92, 2.16, 0.118, 147.85, 19.56);
insert into SHOT values (121, 132, 133, 68, 5.000, 68.05, -52.20, 4.972, 68.72, -52.04, 0.048, 167.89, 40.23);
insert into SHOT values (122, 133, 134, 68, 2.450, 82.45, 28.80, 2.471, 83.10, 28.79, 0.032, 135.60, 17.40);
insert into SHOT values (123, 134, 135, 68, 2.200, 127.45, -29.70, 2.212, 128.06, -29.23, 0.030, 174.14, 19.57);
insert into SHOT values (124, 135, 136, 68, 0.900, 125.65, -90.00, 0.880, 135.00, -89.08, 0.024, 135.00, 54.74);
insert into SHOT values (125, 136, 137, 68, 2.200, 124.75, -22.50, 2.218, 125.08, -22.25, 0.024, 155.15, 4.60);
insert into SHOT values (126, 137, 138, 68, 0.900, 96.85, -90.00, 0.870, 180.00, -89.34, 0.032, 180.00, 71.57);
insert into SHOT values (127, 138, 139, 68, 2.400, 68.95, -55.80, 2.385, 69.54, -55.68, 0.021, 175.95, 45.77);
insert into SHOT values (128, 139, 140, 68, 1.450, 340.75, -35.10, 1.397, 340.62, -34.94, 0.053, 164.43, 39.12);
insert into SHOT values (129, 140, 141, 68, 1.800, 343.45, -59.40, 1.759, 343.61, -59.76, 0.042, 158.73, 44.00);
insert into SHOT values (130, 141, 142, 68, 1.950, 3.25, -39.60, 1.905, 3.53, -39.83, 0.046, 173.11, 29.64);
insert into SHOT values (131, 142, 143, 68, 2.000, 68.05, -20.70, 1.983, 68.54, -20.36, 0.026, 195.19, 40.19);
insert into SHOT values (132, 143, 144, 68, 2.950, 336.25, -90.00, 2.930, 153.43, -89.56, 0.030, 153.43, 41.81);
insert into SHOT values (133, 144, 145, 68, 4.100, 336.25, -34.20, 4.059, 336.11, -34.18, 0.042, 170.30, 35.57);
insert into SHOT values (134, 145, 146, 68, 3.800, 332.65, -52.20, 3.753, 332.76, -52.31, 0.048, 145.03, 42.96);
insert into SHOT values (135, 146, 147, 68, 2.500, 239.95, -3.60, 2.515, 239.35, -3.42, 0.031, 180.60, 12.87);
insert into SURVEY values (70, 19, '13', '13.CreuxDEntier', 'CIRCUIT GALERIE DES POUPEES  PUITS');
 insert into CENTRELINE values (71, 70, NULL, NULL, NULL, 0.00, 0.00, 0.00);
 insert into CENTRELINE values (72, 70, NULL, '1980-08-01', NULL, 16.70, 0.00, 0.00);
 insert into TOPO values (1, 72);
 insert into SHOT values (136, 148, 149, 72, 4.400, 357.89, -21.60, 4.376, 357.89, -21.45, 0.027, 177.81, 47.25);
insert into SHOT values (137, 149, 150, 72, 3.800, 356.99, -90.00, 3.780, 90.00, -90.00, 0.020, 356.99, 90.00);
insert into SHOT values (138, 150, 151, 72, 4.600, 356.99, -1.80, 4.588, 357.00, -1.50, 0.027, 172.44, 64.88);
insert into SHOT values (139, 151, 152, 72, 3.900, 324.59, -3.60, 3.884, 324.34, -3.40, 0.027, 191.78, 33.17);
insert into SURVEY values (74, 19, '14', '14.CreuxDEntier', 'DIVERTICULE GALERIE DES POUPEES RESSAUT');
 insert into CENTRELINE values (75, 74, NULL, NULL, NULL, 0.00, 0.00, 0.00);
 insert into CENTRELINE values (76, 74, NULL, '1980-08-01', NULL, 12.50, 0.00, 0.00);
 insert into TOPO values (1, 76);
 insert into SHOT values (140, 153, 154, 76, 3.100, 223.79, -9.90, 3.094, 223.80, -9.86, 0.006, 35.72, 28.02);
insert into SHOT values (141, 154, 155, 76, 9.400, 167.99, 34.20, 9.403, 167.98, 34.16, 0.007, 159.48, -30.73);
insert into SURVEY values (78, 19, '15', '15.CreuxDEntier', 'DIVERTICULE GALERIE DES POUPEES CHATIERE');
 insert into CENTRELINE values (79, 78, NULL, NULL, NULL, 0.00, 0.00, 0.00);
 insert into CENTRELINE values (80, 78, NULL, '1980-08-01', NULL, 22.50, 0.00, 0.00);
 insert into TOPO values (1, 80);
 insert into SHOT values (142, 156, 157, 80, 5.400, 226.49, 34.20, 5.400, 226.54, 34.26, 0.007, 349.75, 43.20);
insert into SHOT values (143, 157, 158, 80, 7.500, 333.59, 22.50, 7.494, 333.58, 22.52, 0.006, 160.21, -1.15);
insert into SHOT values (144, 158, 159, 80, 5.600, 305.69, 6.30, 5.600, 305.72, 6.25, 0.005, 16.65, -57.31);
insert into SHOT values (145, 159, 160, 80, 4.000, 240.89, 16.20, 4.005, 240.90, 16.24, 0.006, 252.79, 43.60);
insert into SURVEY values (82, 19, '16', '16.CreuxDEntier', 'PUITS CONCRETIONNE  MEANDRE AVAL');
 insert into CENTRELINE values (83, 82, NULL, NULL, NULL, 0.00, 0.00, 0.00);
 insert into CENTRELINE values (84, 82, NULL, '1980-04-01', NULL, 168.30, 0.00, 0.00);
 insert into TOPO values (1, 84);
 insert into SHOT values (146, 161, 162, 84, 6.100, 23.95, 17.10, 6.125, 23.20, 16.80, 0.087, 317.42, -15.79);
insert into SHOT values (147, 162, 163, 84, 11.200, 32.95, -90.00, 11.230, 23.20, -89.61, 0.082, 23.20, -21.50);
insert into SHOT values (148, 163, 164, 84, 5.800, 41.95, 45.90, 5.799, 41.31, 45.56, 0.057, 339.36, -26.10);
insert into SHOT values (149, 164, 165, 84, 6.000, 51.85, -90.00, 6.020, 0.00, -89.81, 0.028, 0.00, -45.00);
insert into SHOT values (150, 165, 166, 84, 2.700, 62.65, -25.20, 2.720, 62.08, -25.47, 0.034, 0.20, -36.53);
insert into SHOT values (151, 166, 167, 84, 10.150, 122.05, -90.00, 10.170, 305.54, -89.52, 0.088, 305.54, -13.09);
insert into SHOT values (152, 167, 168, 84, 2.050, 182.35, 45.00, 2.002, 182.44, 45.18, 0.048, 359.08, -37.63);
insert into SHOT values (153, 168, 169, 84, 5.900, 86.05, -6.30, 5.890, 85.00, -6.53, 0.110, 349.08, -11.83);
insert into SHOT values (154, 169, 170, 84, 1.950, 57.25, 1.80, 1.964, 56.63, 1.46, 0.028, 1.84, -23.74);
insert into SHOT values (155, 170, 171, 84, 4.400, 122.95, -5.40, 4.368, 122.41, -5.65, 0.055, 353.54, -16.79);
insert into SHOT values (156, 171, 172, 84, 2.950, 109.45, -11.70, 2.939, 108.88, -11.98, 0.034, 353.03, -20.19);
insert into SHOT values (157, 172, 173, 84, 1.900, 210.25, 11.70, 1.867, 210.91, 11.43, 0.040, 355.74, -22.29);
insert into SHOT values (158, 173, 174, 84, 1.600, 126.55, 9.90, 1.562, 126.27, 9.96, 0.039, 317.48, -7.47);
insert into SHOT values (159, 174, 175, 84, 0.750, 123.85, -4.50, 0.719, 123.02, -5.59, 0.036, 321.60, -18.29);
insert into SHOT values (160, 175, 176, 84, 3.900, 161.65, 6.30, 3.901, 161.66, 6.33, 0.002, 216.03, 66.74);
insert into SHOT values (161, 176, 177, 84, 3.050, 114.85, -8.10, 3.050, 114.87, -8.10, 0.001, 181.89, -12.44);
insert into SHOT values (162, 177, 178, 84, 2.650, 38.35, -24.30, 2.648, 38.44, -24.31, 0.004, 160.01, 6.62);
insert into SHOT values (163, 178, 179, 84, 4.200, 179.65, -16.20, 4.197, 179.57, -16.19, 0.006, 58.84, 16.11);
insert into SHOT values (164, 179, 180, 84, 2.650, 173.35, 13.50, 2.651, 173.32, 13.53, 0.002, 110.57, 40.35);
insert into SHOT values (165, 180, 181, 84, 2.200, 199.45, 15.30, 2.200, 199.54, 15.29, 0.004, 285.35, -8.24);
insert into SHOT values (166, 181, 182, 84, 3.800, 165.25, 0.90, 3.796, 165.19, 0.91, 0.005, 30.28, 3.60);
insert into SHOT values (167, 182, 183, 84, 2.250, 56.35, 17.10, 2.249, 56.38, 17.07, 0.002, 184.84, -42.78);
insert into SHOT values (168, 183, 184, 84, 4.800, 122.05, 0.00, 4.803, 122.07, 0.00, 0.003, 153.24, 0.00);
insert into SHOT values (169, 184, 185, 84, 3.750, 158.95, -18.00, 3.751, 158.97, -18.01, 0.002, 215.46, -31.41);
insert into SHOT values (170, 185, 186, 84, 4.650, 163.45, -0.90, 4.652, 163.51, -0.86, 0.006, 234.58, 28.54);
insert into SHOT values (171, 186, 187, 84, 1.800, 91.45, 0.00, 1.800, 91.27, 0.00, 0.006, 5.98, 0.00);
insert into SHOT values (172, 187, 188, 84, 3.100, 128.35, -14.40, 3.102, 128.24, -14.37, 0.006, 60.55, 8.96);
insert into SHOT values (173, 188, 189, 84, 3.600, 111.25, 2.70, 3.601, 111.36, 2.71, 0.007, 192.85, 3.43);
insert into SHOT values (174, 189, 190, 84, 6.600, 144.55, -2.70, 6.597, 144.57, -2.69, 0.004, 275.92, 13.01);
insert into SHOT values (175, 190, 191, 84, 3.200, 86.95, 21.60, 3.196, 86.92, 21.47, 0.008, 326.18, -76.55);
insert into SHOT values (176, 191, 192, 84, 3.000, 65.35, -13.50, 3.000, 65.28, -13.49, 0.004, 339.18, 5.51);
insert into SHOT values (177, 192, 193, 84, 2.550, 94.15, -90.00, 2.550, 90.00, -90.00, 0.000, 94.15, -82.58);
insert into SHOT values (178, 193, 194, 84, 4.900, 122.95, -14.40, 4.906, 122.89, -14.40, 0.008, 80.06, -10.88);
insert into SHOT values (179, 194, 195, 84, 5.150, 100.45, -90.00, 5.150, 90.00, -90.00, 0.000, 100.45, 52.09);
insert into SHOT values (180, 195, 196, 84, 1.950, 77.95, 30.60, 1.952, 77.95, 30.81, 0.008, 252.47, 78.33);
insert into SHOT values (181, 196, 197, 84, 10.650, 54.55, -90.00, 10.650, 90.00, -90.00, 0.000, 54.55, 31.84);
insert into SHOT values (182, 197, 198, 84, 7.000, 54.55, -90.00, 7.000, 90.00, -90.00, 0.000, 54.55, 0.00);
insert into SHOT values (183, 198, 199, 84, 5.750, 31.15, 0.00, 5.747, 31.12, 0.00, 0.004, 255.99, 0.00);
insert into SHOT values (184, 199, 200, 84, 2.200, 80.65, -27.00, 2.206, 80.63, -26.96, 0.006, 75.90, -11.46);
insert into SHOT values (185, 200, 201, 84, 5.500, 161.65, -34.20, 5.500, 161.68, -34.18, 0.004, 223.00, 23.83);
insert into SURVEY values (86, 19, '17', '17.CreuxDEntier', 'DIVERTICULE PUITS DES TROIS');
 insert into CENTRELINE values (87, 86, NULL, NULL, NULL, 0.00, 0.00, 0.00);
 insert into CENTRELINE values (88, 86, NULL, '1980-04-01', NULL, 14.75, 0.00, 0.00);
 insert into TOPO values (1, 88);
 insert into SHOT values (186, 202, 203, 88, 2.400, 237.25, 9.00, 2.409, 237.18, 8.84, 0.011, 220.20, -28.75);
insert into SHOT values (187, 203, 204, 88, 5.100, 192.25, -65.70, 5.101, 192.11, -65.73, 0.006, 79.67, -19.12);
insert into SHOT values (188, 204, 205, 88, 7.250, 209.35, 15.30, 7.248, 209.39, 15.36, 0.009, 334.71, 48.44);
insert into SURVEY values (90, 19, '18', '18.CreuxDEntier', 'SALLE DES VILLARS');
 insert into CENTRELINE values (91, 90, NULL, NULL, NULL, 0.00, 0.00, 0.00);
 insert into CENTRELINE values (92, 90, NULL, '1980-04-01', NULL, 33.55, 0.00, 0.00);
 insert into TOPO values (1, 92);
 insert into SHOT values (189, 206, 207, 92, 7.450, 39.25, 58.50, 7.445, 39.26, 58.53, 0.006, 211.65, -22.32);
insert into SHOT values (190, 207, 208, 92, 5.550, 58.15, 45.00, 5.555, 58.01, 45.03, 0.011, 338.80, 30.02);
insert into SHOT values (191, 208, 209, 92, 10.100, 205.75, 25.20, 10.107, 205.72, 25.18, 0.009, 179.99, -2.47);
insert into SHOT values (192, 209, 210, 92, 5.600, 280.45, 74.70, 5.598, 280.55, 74.72, 0.004, 57.50, -21.92);
insert into SHOT values (193, 210, 211, 92, 4.850, 176.95, 28.80, 4.843, 176.90, 28.75, 0.009, 42.47, -49.77);
insert into SURVEY values (94, 19, '19', '19.CreuxDEntier', 'DIVERTICULE SALLE DES VILLARS');
 insert into CENTRELINE values (95, 94, NULL, NULL, NULL, 0.00, 0.00, 0.00);
 insert into CENTRELINE values (96, 94, NULL, '1980-04-01', NULL, 15.65, 0.00, 0.00);
 insert into TOPO values (1, 96);
 insert into SHOT values (194, 212, 213, 96, 5.850, 266.05, 90.00, 5.850, 90.00, 90.00, 0.000, 266.05, 48.51);
insert into SHOT values (195, 213, 214, 96, 1.800, 266.05, 25.20, 1.806, 266.14, 25.24, 0.007, 293.47, 32.48);
insert into SHOT values (196, 214, 215, 96, 3.000, 348.85, -8.10, 2.996, 348.92, -8.25, 0.009, 131.88, -50.69);
insert into SHOT values (197, 215, 216, 96, 5.000, 341.65, 0.00, 5.006, 341.60, 0.00, 0.007, 306.88, 0.00);
insert into SURVEY values (98, 19, '20', '20.CreuxDEntier', 'CHEMINEE 1 SALLE DES GOUTTIERES');
 insert into CENTRELINE values (99, 98, NULL, NULL, NULL, 0.00, 0.00, 0.00);
 insert into CENTRELINE values (100, 98, NULL, '1980-11-01', NULL, 68.10, 0.00, 0.00);
 insert into TOPO values (1, 100);
 insert into SHOT values (198, 217, 218, 100, 6.300, 78.92, -45.90, 6.295, 78.95, -45.89, 0.006, 224.44, 49.32);
insert into SHOT values (199, 218, 219, 100, 16.000, 155.42, 90.00, 16.000, 90.00, 90.00, 0.000, 155.42, 0.00);
insert into SHOT values (200, 219, 220, 100, 8.300, 249.92, 45.00, 8.293, 249.87, 44.96, 0.011, 155.86, -58.76);
insert into SHOT values (201, 220, 221, 100, 26.000, 249.92, 90.00, 26.000, 90.00, 90.00, 0.000, 249.92, 0.00);
insert into SHOT values (202, 221, 222, 100, 11.500, 249.92, 90.00, 11.500, 90.00, 90.00, 0.000, 249.92, 0.00);
insert into SURVEY values (102, 19, '21', '21.CreuxDEntier', 'CHEMINEE 2 SALLE DES GOUTTIERES');
 insert into CENTRELINE values (103, 102, NULL, NULL, NULL, 0.00, 0.00, 0.00);
 insert into CENTRELINE values (104, 102, NULL, '1980-11-01', NULL, 30.20, 0.00, 0.00);
 insert into TOPO values (1, 104);
 insert into SHOT values (203, 223, 224, 104, 5.900, 264.32, 36.90, 5.903, 264.29, 36.85, 0.006, 238.99, -22.91);
insert into SHOT values (204, 224, 225, 104, 6.500, 11.42, 24.30, 6.506, 11.48, 24.33, 0.009, 65.83, 33.74);
insert into SHOT values (205, 225, 226, 104, 5.300, 348.92, -90.00, 5.300, 90.00, -90.00, 0.000, 348.92, -74.86);
insert into SHOT values (206, 226, 227, 104, 5.500, 272.42, -28.80, 5.504, 272.38, -28.78, 0.006, 232.84, -3.51);
insert into SHOT values (207, 227, 228, 104, 2.500, 330.02, -90.00, 2.500, 90.00, -90.00, 0.000, 330.02, 0.00);
insert into SHOT values (208, 228, 229, 104, 4.500, 26.72, -41.40, 4.500, 26.79, -41.47, 0.007, 155.70, -36.48);
insert into SURVEY values (106, 19, '22', '22.CreuxDEntier', 'PUITS INTERMEDIAIRE');
 insert into CENTRELINE values (107, 106, NULL, NULL, NULL, 0.00, 0.00, 0.00);
 insert into CENTRELINE values (108, 106, NULL, '1980-11-01', NULL, 21.65, 0.00, 0.00);
 insert into TOPO values (1, 108);
 insert into SHOT values (209, 230, 231, 108, 2.050, 311.12, -39.60, 2.053, 311.15, -39.66, 0.004, 356.88, -69.43);
insert into SHOT values (210, 231, 232, 108, 19.600, 311.12, -90.00, 19.600, 90.00, -90.00, 0.000, 311.12, 53.47);
insert into SURVEY values (110, 19, '23', '23.CreuxDEntier', 'SALLE DU BIVOUAC');
 insert into CENTRELINE values (111, 110, NULL, NULL, NULL, 0.00, 0.00, 0.00);
 insert into CENTRELINE values (112, 110, NULL, '1980-11-01', NULL, 17.00, 0.00, 0.00);
 insert into TOPO values (1, 112);
 insert into SHOT values (211, 233, 234, 112, 4.700, 7.82, 5.40, 4.705, 7.85, 5.37, 0.006, 37.57, -22.72);
insert into SHOT values (212, 234, 235, 112, 5.500, 59.12, -29.70, 5.496, 59.14, -29.66, 0.005, 186.58, 68.06);
insert into SHOT values (213, 235, 236, 112, 5.300, 15.92, -11.70, 5.299, 15.88, -11.76, 0.006, 256.82, -55.15);
insert into SHOT values (214, 236, 237, 112, 1.500, 10.52, 0.00, 1.496, 10.78, 0.00, 0.008, 127.96, 0.00);
insert into SURVEY values (114, 19, '24', '24.CreuxDEntier', 'MEANDRE DU BALOIS  SALLE BOUDDHA');
 insert into CENTRELINE values (115, 114, NULL, NULL, NULL, 0.00, 0.00, 0.00);
 insert into CENTRELINE values (116, 114, NULL, '1980-10-09', NULL, 79.45, 0.00, 0.00);
 insert into TOPO values (1, 116);
 insert into SHOT values (215, 238, 239, 116, 1.700, 150.91, -15.30, 1.729, 149.74, -15.43, 0.045, 99.37, -14.73);
insert into SHOT values (216, 239, 240, 116, 2.100, 95.11, 8.10, 2.166, 94.81, 7.43, 0.071, 85.66, -12.89);
insert into SHOT values (217, 240, 241, 116, 2.300, 137.41, -6.30, 2.336, 136.40, -6.64, 0.056, 86.62, -18.37);
insert into SHOT values (218, 241, 242, 116, 3.250, 89.71, -9.00, 3.334, 89.48, -9.32, 0.087, 80.17, -21.25);
insert into SHOT values (219, 242, 243, 116, 2.400, 188.71, -8.10, 2.376, 187.58, -8.47, 0.055, 69.52, -12.53);
insert into SHOT values (220, 243, 244, 116, 2.500, 86.11, 3.60, 2.571, 85.76, 3.12, 0.076, 73.58, -12.97);
insert into SHOT values (221, 244, 245, 116, 3.400, 153.61, -2.70, 3.422, 152.09, -3.01, 0.095, 76.13, -12.01);
insert into SHOT values (222, 245, 246, 116, 4.800, 111.31, -10.80, 4.869, 110.33, -11.13, 0.110, 58.47, -21.57);
insert into SHOT values (223, 246, 247, 116, 1.500, 117.61, -17.10, 1.563, 117.08, -17.12, 0.064, 104.59, -17.09);
insert into SHOT values (224, 247, 248, 116, 4.300, 49.21, -13.50, 4.344, 48.65, -13.58, 0.061, 4.18, -15.40);
insert into SHOT values (225, 248, 249, 116, 7.200, 50.11, -34.20, 7.227, 49.34, -34.09, 0.086, 340.17, -1.99);
insert into SHOT values (226, 249, 250, 116, 4.700, 2.41, -3.60, 4.745, 2.54, -3.75, 0.048, 16.16, -18.22);
insert into SHOT values (227, 250, 251, 116, 1.950, 25.81, -9.00, 1.988, 25.65, -8.97, 0.038, 17.47, -7.44);
insert into SHOT values (228, 251, 252, 116, 7.250, 5.11, -90.00, 7.260, 9.46, -89.52, 0.062, 9.46, -9.34);
insert into SHOT values (229, 252, 253, 116, 4.000, 344.41, -54.00, 4.039, 344.68, -53.81, 0.043, 2.90, -34.08);
insert into SHOT values (230, 253, 254, 116, 5.700, 2.41, -90.00, 5.710, 0.00, -89.60, 0.041, 0.00, -14.04);
insert into SHOT values (231, 254, 255, 116, 1.900, 20.41, 10.80, 1.941, 20.24, 10.69, 0.042, 12.52, 5.43);
insert into SHOT values (232, 255, 256, 116, 2.000, 105.91, -63.00, 2.009, 105.26, -63.00, 0.014, 37.31, -35.41);
insert into SHOT values (233, 256, 257, 116, 1.500, 114.91, -15.30, 1.491, 114.25, -15.56, 0.020, 353.50, -12.08);
insert into SHOT values (234, 257, 258, 116, 5.100, 166.21, -90.00, 5.110, 341.57, -89.65, 0.033, 341.57, -17.55);
insert into SHOT values (235, 258, 259, 116, 6.900, 166.21, -90.00, 6.910, 0.00, -89.59, 0.051, 0.00, -11.31);
insert into SHOT values (236, 259, 260, 116, 3.000, 217.51, 38.70, 2.958, 217.96, 38.71, 0.046, 8.69, -34.38);
insert into SURVEY values (118, 19, '25', '25.CreuxDEntier', 'DIVERTICULE PUITS BOUDDHA');
 insert into CENTRELINE values (119, 118, NULL, NULL, NULL, 0.00, 0.00, 0.00);
 insert into CENTRELINE values (120, 118, NULL, '1980-10-09', NULL, 13.00, 0.00, 0.00);
 insert into TOPO values (1, 120);
 insert into SHOT values (237, 261, 262, 120, 13.000, 2.41, -25.20, 13.000, 2.39, -25.22, 0.007, 245.28, -41.16);
insert into SURVEY values (122, 19, '26', '26.CreuxDEntier', 'DIVERTICULE SALLE BOUDDHA');
 insert into CENTRELINE values (123, 122, NULL, NULL, NULL, 0.00, 0.00, 0.00);
 insert into CENTRELINE values (124, 122, NULL, '1980-10-09', NULL, 5.00, 0.00, 0.00);
 insert into TOPO values (1, 124);
 insert into SHOT values (238, 263, 264, 124, 5.000, 1.51, -3.60, 5.002, 1.61, -3.67, 0.010, 79.08, -35.52);
insert into SURVEY values (126, 19, '27', '27.CreuxDEntier', 'PUITS DU BALOIS');
 insert into CENTRELINE values (127, 126, NULL, NULL, NULL, 0.00, 0.00, 0.00);
 insert into CENTRELINE values (128, 126, NULL, '1980-10-09', NULL, 43.95, 0.00, 0.00);
 insert into TOPO values (1, 128);
 insert into SHOT values (239, 265, 266, 128, 6.800, 6.01, -45.00, 6.791, 4.39, -44.62, 0.144, 285.92, 15.42);
insert into SHOT values (240, 266, 267, 128, 6.900, 30.31, 90.00, 6.930, 243.43, 89.82, 0.037, 243.43, 53.30);
insert into SHOT values (241, 267, 268, 128, 3.200, 54.61, 0.00, 3.160, 53.49, 0.36, 0.077, 291.32, 15.15);
insert into SHOT values (242, 268, 269, 128, 20.700, 140.11, 90.00, 20.739, 318.90, 88.28, 0.624, 318.90, 2.75);
insert into SHOT values (243, 269, 270, 128, 6.350, 225.61, 35.10, 6.400, 227.25, 35.21, 0.157, 303.45, 14.23);
insert into SURVEY values (130, 19, '28', '28.CreuxDEntier', 'GALERIE DU SEPTIEME CIEL');
 insert into CENTRELINE values (131, 130, NULL, NULL, NULL, 0.00, 0.00, 0.00);
 insert into CENTRELINE values (132, 130, NULL, '1980-04-04', NULL, 62.70, 0.00, 0.00);
 insert into TOPO values (1, 132);
 insert into SHOT values (244, 271, 272, 132, 1.800, 224.65, 0.00, 1.803, 224.78, 0.00, 0.005, 276.41, 0.00);
insert into SHOT values (245, 272, 273, 132, 2.300, 245.35, 20.70, 2.295, 245.22, 20.66, 0.007, 115.72, -26.35);
insert into SHOT values (246, 273, 274, 132, 2.800, 161.65, 18.90, 2.796, 161.70, 18.99, 0.007, 317.11, 27.19);
insert into SHOT values (247, 274, 275, 132, 4.500, 222.85, 90.00, 4.500, 90.00, 90.00, 0.000, 222.85, 0.00);
insert into SHOT values (248, 275, 276, 132, 1.300, 254.35, 0.00, 1.298, 254.36, 0.00, 0.002, 68.47, 0.00);
insert into SHOT values (249, 276, 277, 132, 1.500, 204.85, -15.30, 1.506, 204.80, -15.01, 0.009, 195.69, 38.17);
insert into SHOT values (250, 277, 278, 132, 5.300, 311.05, 18.00, 5.297, 311.06, 17.92, 0.008, 97.70, -80.02);
insert into SHOT values (251, 278, 279, 132, 4.400, 231.85, 11.70, 4.402, 231.88, 11.80, 0.008, 311.09, 72.89);
insert into SHOT values (252, 279, 280, 132, 1.400, 221.95, 0.00, 1.395, 221.80, 0.00, 0.006, 78.08, 0.00);
insert into SHOT values (253, 280, 281, 132, 2.900, 225.55, 90.00, 2.900, 90.00, 90.00, 0.000, 225.55, -65.91);
insert into SHOT values (254, 281, 282, 132, 4.500, 236.35, 18.00, 4.505, 236.42, 17.97, 0.008, 281.82, -4.35);
insert into SHOT values (255, 282, 283, 132, 1.600, 208.45, 27.00, 1.595, 208.55, 26.84, 0.007, 345.83, -60.83);
insert into SHOT values (256, 283, 284, 132, 0.900, 146.35, 0.00, 0.901, 146.31, 0.00, 0.002, 122.45, 0.00);
insert into SHOT values (257, 284, 285, 132, 2.000, 222.85, 19.80, 2.001, 222.85, 19.86, 0.003, 215.02, 79.33);
insert into SHOT values (258, 285, 286, 132, 3.900, 126.55, 21.60, 3.907, 126.49, 21.63, 0.008, 94.96, 31.70);
insert into SHOT values (259, 286, 287, 132, 8.100, 168.85, 90.00, 8.100, 90.00, 90.00, 0.000, 168.85, 39.23);
insert into SHOT values (260, 287, 288, 132, 1.300, 260.65, 29.70, 1.304, 260.37, 29.40, 0.010, 221.57, -25.17);
insert into SHOT values (261, 288, 289, 132, 5.000, 185.95, 27.00, 4.999, 185.93, 27.01, 0.002, 59.05, 1.35);
insert into SHOT values (262, 289, 290, 132, 3.000, 201.25, 11.70, 2.991, 201.22, 11.77, 0.009, 30.46, 10.07);
insert into SHOT values (263, 290, 291, 132, 1.700, 213.85, 90.00, 1.700, 90.00, 90.00, 0.000, 213.85, 82.57);
insert into SHOT values (264, 291, 292, 132, 2.500, 229.15, 40.50, 2.502, 229.04, 40.35, 0.008, 197.34, -27.79);
insert into SURVEY values (134, 19, '29', '29.CreuxDEntier', 'GALERIE DES GOURS');
 insert into CENTRELINE values (135, 134, NULL, NULL, NULL, 0.00, 0.00, 0.00);
 insert into CENTRELINE values (136, 134, NULL, '1980-04-04', NULL, 64.90, 0.00, 0.00);
 insert into TOPO values (1, 136);
 insert into SHOT values (265, 293, 294, 136, 9.200, 185.05, 2.70, 9.195, 185.00, 2.68, 0.010, 64.80, -19.22);
insert into SHOT values (266, 294, 295, 136, 5.300, 309.25, 18.90, 5.305, 309.18, 18.92, 0.008, 250.37, 23.71);
insert into SHOT values (267, 295, 296, 136, 10.000, 330.85, 0.00, 9.996, 330.85, 0.00, 0.004, 161.60, 0.00);
insert into SHOT values (268, 296, 297, 136, 6.100, 337.15, 0.00, 6.099, 337.13, 0.00, 0.002, 222.43, 0.00);
insert into SHOT values (269, 297, 298, 136, 4.200, 202.15, 0.00, 4.199, 202.11, 0.00, 0.003, 88.89, 0.00);
insert into SHOT values (270, 298, 299, 136, 7.200, 333.55, 7.20, 7.203, 333.58, 7.18, 0.005, 21.79, -26.05);
insert into SHOT values (271, 299, 300, 136, 3.200, 344.35, 13.50, 3.204, 344.36, 13.54, 0.005, 351.49, 37.86);
insert into SHOT values (272, 300, 301, 136, 0.400, 256.15, -43.20, 0.402, 255.96, -44.13, 0.007, 93.58, -63.26);
insert into SHOT values (273, 301, 302, 136, 3.700, 356.05, -4.50, 3.701, 355.96, -4.49, 0.006, 271.69, 2.92);
insert into SHOT values (274, 302, 303, 136, 4.600, 335.35, 90.00, 4.600, 90.00, 90.00, 0.000, 335.35, 55.18);
insert into SHOT values (275, 303, 304, 136, 3.000, 315.55, 7.20, 2.994, 315.55, 7.29, 0.008, 137.11, 32.16);
insert into SHOT values (276, 304, 305, 136, 2.000, 299.35, 90.00, 2.000, 90.00, 90.00, 0.000, 299.35, 0.00);
insert into SHOT values (277, 305, 306, 136, 2.800, 283.15, 10.80, 2.802, 283.23, 10.70, 0.007, 338.47, -45.11);
insert into SHOT values (278, 306, 307, 136, 3.200, 276.85, -27.00, 3.198, 276.85, -26.96, 0.003, 91.14, 72.48);
insert into SURVEY values (138, 19, '30', '30.CreuxDEntier', 'PUITS CONCRETIONNES');
 insert into CENTRELINE values (139, 138, NULL, NULL, NULL, 0.00, 0.00, 0.00);
 insert into CENTRELINE values (140, 138, NULL, '1980-04-04', NULL, 17.80, 0.00, 0.00);
 insert into TOPO values (1, 140);
 insert into SHOT values (279, 308, 309, 140, 1.500, 307.45, 14.40, 1.495, 307.42, 14.33, 0.006, 134.99, -32.04);
insert into SHOT values (280, 309, 310, 140, 6.550, 314.65, -90.00, 6.550, 90.00, -90.00, 0.000, 314.65, -71.51);
insert into SHOT values (281, 310, 311, 140, 1.400, 322.75, 1.80, 1.407, 322.80, 1.63, 0.008, 334.14, -30.14);
insert into SHOT values (282, 311, 312, 140, 3.850, 6.85, -9.90, 3.845, 6.97, -9.88, 0.010, 126.02, 11.43);
insert into SHOT values (283, 312, 313, 140, 4.500, 110.35, -38.70, 4.495, 110.35, -38.69, 0.005, 294.05, 49.89);
insert into SURVEY values (142, 19, '31', '31.CreuxDEntier', 'DIVERTICULE MEANDRE AVAL');
 insert into CENTRELINE values (143, 142, NULL, NULL, NULL, 0.00, 0.00, 0.00);
 insert into CENTRELINE values (144, 142, NULL, '1980-04-04', NULL, 11.75, 0.00, 0.00);
 insert into TOPO values (1, 144);
 insert into SHOT values (284, 314, 315, 144, 5.950, 116.65, -7.20, 5.954, 116.65, -7.14, 0.007, 120.21, 51.11);
insert into SHOT values (285, 315, 316, 144, 5.800, 68.95, -25.20, 5.804, 68.91, -25.19, 0.005, 24.53, -5.07);
insert into CENTRELINE values (146, 19, NULL, NULL, NULL, 0.00, 0.00, 0.00);
 insert into STATION values (1, '0', 22, 580740.00, 236375.00, 935.00);
insert into STATION_FLAG values(1, 'fix');
insert into STATION values (2, '1', 22, 580740.00, 236375.00, 923.20);
insert into STATION values (3, '2', 22, 580740.00, 236375.00, 914.50);
insert into STATION values (4, '3', 22, 580740.61, 236375.51, 914.37);
insert into STATION values (5, '4', 22, 580742.68, 236372.87, 911.85);
insert into STATION values (6, '5', 22, 580744.07, 236370.84, 909.88);
insert into STATION values (7, '6', 22, 580742.39, 236367.21, 909.88);
insert into STATION values (8, '0', 26, 580740.00, 236375.00, 923.20);
insert into STATION values (9, '1', 26, 580744.60, 236376.61, 921.70);
insert into STATION values (10, '2', 26, 580744.39, 236382.19, 914.26);
insert into STATION values (11, '3', 26, 580744.39, 236382.19, 890.06);
insert into STATION values (12, '4', 26, 580741.67, 236387.45, 891.00);
insert into STATION values (13, '5', 26, 580745.07, 236389.35, 890.76);
insert into STATION values (14, '6', 26, 580745.07, 236389.35, 871.96);
insert into STATION values (15, '7', 26, 580742.32, 236387.26, 872.56);
insert into STATION values (16, '8', 26, 580740.94, 236384.60, 872.46);
insert into STATION values (17, '0', 30, 580740.94, 236384.60, 872.46);
insert into STATION values (18, '1', 30, 580740.92, 236384.60, 865.16);
insert into STATION values (19, '2', 30, 580740.34, 236386.49, 863.08);
insert into STATION values (20, '3', 30, 580739.78, 236390.03, 857.47);
insert into STATION values (21, '4', 30, 580738.97, 236392.20, 854.61);
insert into STATION values (22, '5', 30, 580738.94, 236392.13, 845.96);
insert into STATION values (23, '6', 30, 580740.04, 236393.13, 847.63);
insert into STATION values (24, '7', 30, 580744.41, 236393.13, 846.15);
insert into STATION values (25, '8', 30, 580745.01, 236392.44, 845.89);
insert into STATION values (26, '9', 30, 580746.61, 236392.47, 845.65);
insert into STATION values (27, '10', 30, 580747.55, 236392.01, 844.75);
insert into STATION values (28, '11', 30, 580749.21, 236392.31, 844.44);
insert into STATION values (29, '12', 30, 580749.32, 236391.48, 844.31);
insert into STATION values (30, '13', 30, 580751.11, 236391.57, 844.00);
insert into STATION values (31, '14', 30, 580751.11, 236392.85, 844.04);
insert into STATION values (32, '15', 30, 580755.12, 236394.04, 843.19);
insert into STATION values (33, '16', 30, 580755.09, 236394.06, 834.84);
insert into STATION values (34, '17', 30, 580752.32, 236392.19, 837.18);
insert into STATION values (35, '0', 34, 580752.32, 236392.19, 837.18);
insert into STATION values (36, '1', 34, 580750.14, 236389.55, 838.31);
insert into STATION values (37, '2', 34, 580756.54, 236384.43, 838.18);
insert into STATION values (38, '3', 34, 580759.55, 236378.90, 840.30);
insert into STATION values (39, '4', 34, 580756.05, 236376.31, 842.98);
insert into STATION values (40, '5', 34, 580759.83, 236370.22, 843.08);
insert into STATION values (41, '6', 34, 580764.95, 236359.36, 846.25);
insert into STATION values (42, '7', 34, 580769.04, 236358.26, 844.72);
insert into STATION values (43, '8', 34, 580767.28, 236353.03, 846.14);
insert into STATION values (44, '9', 34, 580771.15, 236345.82, 854.07);
insert into STATION values (45, '10', 34, 580776.36, 236342.89, 855.31);
insert into STATION values (46, '11', 34, 580782.54, 236342.53, 852.75);
insert into STATION values (47, '12', 34, 580787.12, 236340.22, 851.08);
insert into STATION values (48, '13', 34, 580793.62, 236339.54, 849.18);
insert into STATION values (49, '14', 34, 580797.35, 236338.85, 850.09);
insert into STATION values (50, '15', 34, 580795.63, 236338.25, 852.96);
insert into STATION values (51, '16', 34, 580802.68, 236338.29, 853.74);
insert into STATION values (52, '17', 34, 580813.39, 236342.02, 846.79);
insert into STATION values (53, '18', 34, 580824.31, 236346.82, 842.71);
insert into STATION values (54, '19', 34, 580833.46, 236341.28, 842.71);
insert into STATION values (55, '20', 34, 580836.41, 236349.21, 844.74);
insert into STATION values (56, '21', 34, 580840.43, 236353.54, 840.99);
insert into STATION values (57, '22', 34, 580849.15, 236361.56, 835.18);
insert into STATION values (58, '23', 34, 580845.04, 236364.14, 832.61);
insert into STATION values (59, '24', 34, 580845.98, 236366.28, 830.28);
insert into STATION values (60, '25', 34, 580845.33, 236367.59, 830.60);
insert into STATION values (61, '26', 34, 580845.33, 236367.59, 828.20);
insert into STATION values (62, '27', 34, 580845.23, 236372.66, 827.07);
insert into STATION values (63, '28', 34, 580850.46, 236373.43, 824.68);
insert into STATION values (64, '29', 34, 580849.22, 236376.64, 828.58);
insert into STATION values (65, '0', 38, 580752.32, 236392.19, 837.18);
insert into STATION values (66, '1', 38, 580753.66, 236399.46, 835.65);
insert into STATION values (67, '2', 38, 580751.97, 236401.92, 835.03);
insert into STATION values (68, '3', 38, 580750.24, 236405.86, 835.03);
insert into STATION values (69, '4', 38, 580748.94, 236407.14, 834.74);
insert into STATION values (70, '5', 38, 580742.80, 236411.85, 837.12);
insert into STATION values (71, '6', 38, 580740.74, 236417.75, 836.83);
insert into STATION values (72, '7', 38, 580740.74, 236417.75, 835.43);
insert into STATION values (73, '8', 38, 580739.59, 236417.58, 834.49);
insert into STATION values (74, '9', 38, 580737.65, 236414.79, 834.49);
insert into STATION values (75, '0', 42, 580740.94, 236384.60, 872.46);
insert into STATION values (76, '1', 42, 580737.05, 236385.84, 873.24);
insert into STATION values (77, '2', 42, 580735.83, 236386.50, 873.79);
insert into STATION values (78, '3', 42, 580733.87, 236387.73, 874.23);
insert into STATION values (79, '4', 42, 580733.42, 236388.25, 874.34);
insert into STATION values (80, '5', 42, 580728.68, 236389.84, 875.38);
insert into STATION values (81, '6', 42, 580728.05, 236388.48, 875.45);
insert into STATION values (82, '7', 42, 580726.66, 236389.77, 875.42);
insert into STATION values (83, '8', 42, 580725.20, 236390.11, 875.51);
insert into STATION values (84, '9', 42, 580724.04, 236393.62, 875.51);
insert into STATION values (85, '10', 42, 580723.07, 236394.44, 875.80);
insert into STATION values (86, '11', 42, 580725.29, 236399.25, 876.55);
insert into STATION values (87, '12', 42, 580720.13, 236400.89, 872.61);
insert into STATION values (88, '13', 42, 580719.63, 236399.23, 871.96);
insert into STATION values (89, '14', 42, 580717.07, 236396.56, 872.07);
insert into STATION values (90, '15', 42, 580717.07, 236396.56, 870.42);
insert into STATION values (91, '16', 42, 580715.38, 236396.63, 870.53);
insert into STATION values (92, '17', 42, 580712.35, 236396.18, 866.32);
insert into STATION values (93, '18', 42, 580712.93, 236396.74, 866.31);
insert into STATION values (94, '19', 42, 580710.86, 236400.90, 865.58);
insert into STATION values (95, '20', 42, 580710.86, 236400.90, 862.78);
insert into STATION values (96, '21', 42, 580711.62, 236401.83, 862.74);
insert into STATION values (97, '22', 42, 580711.62, 236401.83, 855.14);
insert into STATION values (98, '0', 46, 580745.07, 236389.35, 871.96);
insert into STATION values (99, '1', 46, 580752.01, 236390.72, 871.40);
insert into STATION values (100, '2', 46, 580755.15, 236389.61, 872.48);
insert into STATION values (101, '3', 46, 580758.01, 236391.14, 873.65);
insert into STATION values (102, '0', 50, 580745.07, 236389.35, 871.96);
insert into STATION values (103, '1', 50, 580745.07, 236389.35, 878.26);
insert into STATION values (104, '2', 50, 580740.73, 236393.13, 878.98);
insert into STATION values (105, '3', 50, 580738.02, 236397.80, 880.01);
insert into STATION values (106, '4', 50, 580738.02, 236397.80, 893.41);
insert into STATION values (107, '5', 50, 580740.12, 236397.48, 893.75);
insert into STATION values (108, '6', 50, 580745.62, 236396.20, 892.67);
insert into STATION values (109, '7', 50, 580748.10, 236396.45, 891.91);
insert into STATION values (110, '8', 50, 580748.10, 236396.45, 881.91);
insert into STATION values (111, '9', 50, 580750.26, 236391.92, 878.26);
insert into STATION values (112, '10', 50, 580750.26, 236391.92, 870.06);
insert into STATION values (113, '11', 50, 580745.72, 236389.57, 872.09);
insert into STATION values (114, '0', 54, 580738.02, 236397.80, 893.41);
insert into STATION values (115, '1', 54, 580734.16, 236398.83, 893.41);
insert into STATION values (116, '2', 54, 580730.34, 236402.06, 893.41);
insert into STATION values (117, '0', 58, 580748.10, 236396.45, 891.91);
insert into STATION values (118, '1', 58, 580749.24, 236401.34, 892.79);
insert into STATION values (119, '2', 58, 580753.97, 236400.92, 892.79);
insert into STATION values (120, '3', 58, 580757.88, 236401.38, 892.10);
insert into STATION values (121, '4', 58, 580762.60, 236400.74, 891.50);
insert into STATION values (122, '0', 62, 580738.02, 236397.80, 880.01);
insert into STATION values (123, '1', 62, 580738.43, 236396.34, 880.88);
insert into STATION values (124, '2', 62, 580738.43, 236396.34, 890.88);
insert into STATION values (125, '3', 62, 580738.43, 236396.34, 899.88);
insert into STATION values (126, '4', 62, 580737.42, 236393.30, 899.88);
insert into STATION values (127, '5', 62, 580737.42, 236393.30, 908.78);
insert into STATION values (128, '0', 66, 580759.83, 236370.22, 843.08);
insert into STATION values (129, '1', 66, 580762.30, 236371.16, 840.52);
insert into STATION values (130, '2', 66, 580764.59, 236374.80, 838.66);
insert into STATION values (131, '3', 66, 580766.56, 236382.19, 835.51);
insert into STATION values (132, '4', 66, 580768.04, 236388.64, 835.76);
insert into STATION values (133, '5', 66, 580770.89, 236389.75, 831.84);
insert into STATION values (134, '6', 66, 580773.04, 236390.01, 833.03);
insert into STATION values (135, '7', 66, 580774.56, 236388.82, 831.95);
insert into STATION values (136, '8', 66, 580774.57, 236388.81, 831.07);
insert into STATION values (137, '9', 66, 580776.25, 236387.63, 830.23);
insert into STATION values (138, '10', 66, 580776.25, 236387.62, 829.36);
insert into STATION values (139, '11', 66, 580777.51, 236388.09, 827.39);
insert into STATION values (140, '12', 66, 580777.13, 236389.17, 826.59);
insert into STATION values (141, '13', 66, 580776.88, 236390.02, 825.07);
insert into STATION values (142, '14', 66, 580776.97, 236391.48, 823.85);
insert into STATION values (143, '15', 66, 580778.70, 236392.16, 823.16);
insert into STATION values (144, '16', 66, 580778.71, 236392.14, 820.23);
insert into STATION values (145, '17', 66, 580777.35, 236395.21, 817.95);
insert into STATION values (146, '18', 66, 580776.30, 236397.25, 814.98);
insert into STATION values (147, '19', 66, 580774.14, 236395.97, 814.83);
insert into STATION values (148, '0', 70, 580764.95, 236359.36, 846.25);
insert into STATION values (149, '1', 70, 580764.80, 236363.43, 844.65);
insert into STATION values (150, '2', 70, 580764.80, 236363.43, 840.87);
insert into STATION values (151, '3', 70, 580764.56, 236368.01, 840.75);
insert into STATION values (152, '4', 70, 580762.30, 236371.16, 840.52);
insert into STATION values (153, '0', 74, 580767.28, 236353.03, 846.14);
insert into STATION values (154, '1', 74, 580765.17, 236350.83, 845.61);
insert into STATION values (155, '2', 74, 580766.79, 236343.22, 850.89);
insert into STATION values (156, '0', 78, 580795.63, 236338.25, 852.96);
insert into STATION values (157, '1', 78, 580792.39, 236335.18, 856.00);
insert into STATION values (158, '2', 78, 580789.31, 236341.38, 858.87);
insert into STATION values (159, '3', 78, 580784.79, 236344.63, 859.48);
insert into STATION values (160, '4', 78, 580781.43, 236342.76, 860.60);
insert into STATION values (161, '0', 82, 580752.32, 236392.19, 837.18);
insert into STATION values (162, '1', 82, 580754.63, 236397.58, 838.95);
insert into STATION values (163, '2', 82, 580754.66, 236397.65, 827.72);
insert into STATION values (164, '3', 82, 580757.34, 236400.70, 831.86);
insert into STATION values (165, '4', 82, 580757.34, 236400.72, 825.84);
insert into STATION values (166, '5', 82, 580759.51, 236401.87, 824.67);
insert into STATION values (167, '6', 82, 580759.44, 236401.92, 814.50);
insert into STATION values (168, '7', 82, 580759.38, 236400.51, 815.92);
insert into STATION values (169, '8', 82, 580765.21, 236401.02, 815.25);
insert into STATION values (170, '9', 82, 580766.85, 236402.10, 815.30);
insert into STATION values (171, '10', 82, 580770.52, 236399.77, 814.87);
insert into STATION values (172, '11', 82, 580773.24, 236398.84, 814.26);
insert into STATION values (173, '12', 82, 580772.30, 236397.27, 814.63);
insert into STATION values (174, '13', 82, 580773.54, 236396.36, 814.90);
insert into STATION values (175, '14', 82, 580774.14, 236395.97, 814.83);
insert into STATION values (176, '15', 82, 580775.36, 236392.29, 815.26);
insert into STATION values (177, '16', 82, 580778.10, 236391.02, 814.83);
insert into STATION values (178, '17', 82, 580779.60, 236392.91, 813.74);
insert into STATION values (179, '18', 82, 580779.63, 236388.88, 812.57);
insert into STATION values (180, '19', 82, 580779.93, 236386.32, 813.19);
insert into STATION values (181, '20', 82, 580779.22, 236384.32, 813.77);
insert into STATION values (182, '21', 82, 580780.19, 236380.65, 813.83);
insert into STATION values (183, '22', 82, 580781.98, 236381.84, 814.49);
insert into STATION values (184, '23', 82, 580786.05, 236379.29, 814.49);
insert into STATION values (185, '24', 82, 580787.33, 236375.96, 813.33);
insert into STATION values (186, '25', 82, 580788.65, 236371.50, 813.26);
insert into STATION values (187, '26', 82, 580790.45, 236371.46, 813.26);
insert into STATION values (188, '27', 82, 580792.81, 236369.60, 812.49);
insert into STATION values (189, '28', 82, 580796.16, 236368.29, 812.66);
insert into STATION values (190, '29', 82, 580799.98, 236362.92, 812.35);
insert into STATION values (191, '30', 82, 580802.95, 236363.08, 813.52);
insert into STATION values (192, '31', 82, 580805.60, 236364.30, 812.82);
insert into STATION values (193, '32', 82, 580805.60, 236364.30, 810.27);
insert into STATION values (194, '33', 82, 580809.59, 236361.72, 809.05);
insert into STATION values (195, '34', 82, 580809.59, 236361.72, 803.90);
insert into STATION values (196, '35', 82, 580811.23, 236362.07, 804.90);
insert into STATION values (197, '36', 82, 580811.23, 236362.07, 794.25);
insert into STATION values (198, '37', 82, 580811.23, 236362.07, 787.25);
insert into STATION values (199, '38', 82, 580814.20, 236366.99, 787.25);
insert into STATION values (200, '39', 82, 580816.14, 236367.31, 786.25);
insert into STATION values (201, '40', 82, 580817.57, 236362.99, 783.16);
insert into STATION values (202, '0', 86, 580811.23, 236362.07, 794.25);
insert into STATION values (203, '1', 86, 580809.23, 236360.78, 794.62);
insert into STATION values (204, '2', 86, 580808.79, 236358.73, 789.97);
insert into STATION values (205, '3', 86, 580805.36, 236352.64, 791.89);
insert into STATION values (206, '0', 90, 580786.05, 236379.29, 814.49);
insert into STATION values (207, '1', 90, 580788.51, 236382.30, 820.84);
insert into STATION values (208, '2', 90, 580791.84, 236384.38, 824.77);
insert into STATION values (209, '3', 90, 580787.87, 236376.14, 829.07);
insert into STATION values (210, '4', 90, 580786.42, 236376.41, 834.47);
insert into STATION values (211, '5', 90, 580786.65, 236372.17, 836.80);
insert into STATION values (212, '0', 94, 580786.05, 236379.29, 814.49);
insert into STATION values (213, '1', 94, 580786.05, 236379.29, 820.34);
insert into STATION values (214, '2', 94, 580784.42, 236379.18, 821.11);
insert into STATION values (215, '3', 94, 580783.85, 236382.09, 820.68);
insert into STATION values (216, '4', 94, 580782.27, 236386.84, 820.68);
insert into STATION values (217, '0', 98, 580824.31, 236346.82, 842.71);
insert into STATION values (218, '1', 98, 580828.61, 236347.66, 838.19);
insert into STATION values (219, '2', 98, 580828.61, 236347.66, 854.19);
insert into STATION values (220, '3', 98, 580823.10, 236345.64, 860.05);
insert into STATION values (221, '4', 98, 580823.10, 236345.64, 886.05);
insert into STATION values (222, '5', 98, 580823.10, 236345.64, 897.55);
insert into STATION values (223, '0', 102, 580836.41, 236349.21, 844.74);
insert into STATION values (224, '1', 102, 580831.71, 236348.74, 848.28);
insert into STATION values (225, '2', 102, 580832.89, 236354.55, 850.96);
insert into STATION values (226, '3', 102, 580832.89, 236354.55, 845.66);
insert into STATION values (227, '4', 102, 580828.07, 236354.75, 843.01);
insert into STATION values (228, '5', 102, 580828.07, 236354.75, 840.51);
insert into STATION values (229, '6', 102, 580829.59, 236357.76, 837.53);
insert into STATION values (230, '0', 106, 580767.25, 236387.08, 856.73);
insert into STATION values (231, '1', 106, 580766.06, 236388.12, 855.42);
insert into STATION values (232, '2', 106, 580766.06, 236388.12, 835.82);
insert into STATION values (233, '0', 110, 580849.15, 236361.56, 835.18);
insert into STATION values (234, '1', 110, 580849.79, 236366.20, 835.62);
insert into STATION values (235, '2', 110, 580853.89, 236368.65, 832.90);
insert into STATION values (236, '3', 110, 580855.31, 236373.64, 831.82);
insert into STATION values (237, '4', 110, 580855.59, 236375.11, 831.82);
insert into STATION values (238, '0', 114, 580740.94, 236384.60, 872.46);
insert into STATION values (239, '1', 114, 580741.78, 236383.16, 872.00);
insert into STATION values (240, '2', 114, 580743.92, 236382.98, 872.28);
insert into STATION values (241, '3', 114, 580745.52, 236381.30, 872.01);
insert into STATION values (242, '4', 114, 580748.81, 236381.33, 871.47);
insert into STATION values (243, '5', 114, 580748.50, 236379.00, 871.12);
insert into STATION values (244, '6', 114, 580751.06, 236379.19, 871.26);
insert into STATION values (245, '7', 114, 580752.66, 236376.17, 871.08);
insert into STATION values (246, '8', 114, 580757.14, 236374.51, 870.14);
insert into STATION values (247, '9', 114, 580758.47, 236373.83, 869.68);
insert into STATION values (248, '10', 114, 580761.64, 236376.62, 868.66);
insert into STATION values (249, '11', 114, 580766.18, 236380.52, 864.61);
insert into STATION values (250, '12', 114, 580766.39, 236385.25, 864.30);
insert into STATION values (251, '13', 114, 580767.24, 236387.02, 863.99);
insert into STATION values (252, '14', 114, 580767.25, 236387.08, 856.73);
insert into STATION values (253, '15', 114, 580766.62, 236389.38, 853.47);
insert into STATION values (254, '16', 114, 580766.62, 236389.42, 847.76);
insert into STATION values (255, '17', 114, 580767.28, 236391.21, 848.12);
insert into STATION values (256, '18', 114, 580768.16, 236390.97, 846.33);
insert into STATION values (257, '19', 114, 580769.47, 236390.38, 845.93);
insert into STATION values (258, '20', 114, 580769.46, 236390.41, 840.82);
insert into STATION values (259, '21', 114, 580769.46, 236390.46, 833.91);
insert into STATION values (260, '22', 114, 580768.04, 236388.64, 835.76);
insert into STATION values (261, '0', 118, 580767.24, 236387.02, 863.99);
insert into STATION values (262, '1', 118, 580767.73, 236398.77, 858.45);
insert into STATION values (263, '0', 122, 580769.46, 236390.41, 840.82);
insert into STATION values (264, '1', 122, 580769.60, 236395.40, 840.50);
insert into STATION values (265, '0', 126, 580759.83, 236370.22, 843.08);
insert into STATION values (266, '1', 126, 580760.20, 236375.04, 838.31);
insert into STATION values (267, '2', 126, 580760.18, 236375.03, 845.24);
insert into STATION values (268, '3', 126, 580762.72, 236376.91, 845.26);
insert into STATION values (269, '4', 126, 580762.31, 236377.38, 865.99);
insert into STATION values (270, '5', 126, 580758.47, 236373.83, 869.68);
insert into STATION values (271, '0', 130, 580742.75, 236412.80, 817.55);
insert into STATION values (272, '1', 130, 580741.48, 236411.52, 817.55);
insert into STATION values (273, '2', 130, 580739.53, 236410.62, 818.36);
insert into STATION values (274, '3', 130, 580740.36, 236408.11, 819.27);
insert into STATION values (275, '4', 130, 580740.36, 236408.11, 823.77);
insert into STATION values (276, '5', 130, 580739.11, 236407.76, 823.77);
insert into STATION values (277, '6', 130, 580738.50, 236406.44, 823.38);
insert into STATION values (278, '7', 130, 580734.70, 236409.75, 825.01);
insert into STATION values (279, '8', 130, 580731.31, 236407.09, 825.91);
insert into STATION values (280, '9', 130, 580730.38, 236406.05, 825.91);
insert into STATION values (281, '10', 130, 580730.38, 236406.05, 828.81);
insert into STATION values (282, '11', 130, 580726.81, 236403.68, 830.20);
insert into STATION values (283, '12', 130, 580726.13, 236402.43, 830.92);
insert into STATION values (284, '13', 130, 580726.63, 236401.68, 830.92);
insert into STATION values (285, '14', 130, 580725.35, 236400.30, 831.60);
insert into STATION values (286, '15', 130, 580728.27, 236398.14, 833.04);
insert into STATION values (287, '16', 130, 580728.27, 236398.14, 841.14);
insert into STATION values (288, '17', 130, 580727.15, 236397.95, 841.78);
insert into STATION values (289, '18', 130, 580726.69, 236393.52, 844.05);
insert into STATION values (290, '19', 130, 580725.63, 236390.79, 844.66);
insert into STATION values (291, '20', 130, 580725.63, 236390.79, 846.36);
insert into STATION values (292, '21', 130, 580724.19, 236389.54, 847.98);
insert into STATION values (293, '0', 134, 580759.44, 236401.92, 814.50);
insert into STATION values (294, '1', 134, 580758.64, 236392.77, 814.93);
insert into STATION values (295, '2', 134, 580754.75, 236395.94, 816.65);
insert into STATION values (296, '3', 134, 580749.88, 236404.67, 816.65);
insert into STATION values (297, '4', 134, 580747.51, 236410.29, 816.65);
insert into STATION values (298, '5', 134, 580745.93, 236406.40, 816.65);
insert into STATION values (299, '6', 134, 580742.75, 236412.80, 817.55);
insert into STATION values (300, '7', 134, 580741.91, 236415.80, 818.30);
insert into STATION values (301, '8', 134, 580741.63, 236415.73, 818.02);
insert into STATION values (302, '9', 134, 580741.37, 236419.41, 817.73);
insert into STATION values (303, '10', 134, 580741.37, 236419.41, 822.33);
insert into STATION values (304, '11', 134, 580739.29, 236421.53, 822.71);
insert into STATION values (305, '12', 134, 580739.29, 236421.53, 824.71);
insert into STATION values (306, '13', 134, 580736.61, 236422.16, 825.23);
insert into STATION values (307, '14', 134, 580733.78, 236422.50, 823.78);
insert into STATION values (308, '0', 138, 580757.34, 236400.72, 825.84);
insert into STATION values (309, '1', 138, 580756.19, 236401.60, 826.21);
insert into STATION values (310, '2', 138, 580756.19, 236401.60, 819.66);
insert into STATION values (311, '3', 138, 580755.34, 236402.72, 819.70);
insert into STATION values (312, '4', 138, 580755.80, 236406.48, 819.04);
insert into STATION values (313, '5', 138, 580759.09, 236405.26, 816.23);
insert into STATION values (314, '0', 142, 580805.60, 236364.30, 812.82);
insert into STATION values (315, '1', 142, 580810.88, 236361.65, 812.08);
insert into STATION values (316, '2', 142, 580815.78, 236363.54, 809.61);
