create table SURVEY (ID integer, PARENT_ID integer, NAME varchar(8), FULL_NAME varchar(8), TITLE varchar(10));
create table CENTRELINE (ID integer, SURVEY_ID integer, TITLE varchar(4), TOPO_DATE date, EXPLO_DATE date, LENGTH real, SURFACE_LENGTH real, DUPLICATE_LENGTH real);
create table PERSON (ID integer, NAME varchar(1), SURNAME varchar(1));
create table EXPLO (PERSON_ID integer, CENTRELINE_ID integer);
create table TOPO (PERSON_ID integer, CENTRELINE_ID integer);
create table STATION (ID integer, NAME varchar(55), SURVEY_ID integer, X real, Y real, Z real);
create table STATION_FLAG (STATION_ID integer, FLAG char(3));
create table SHOT (ID integer, FROM_ID integer, TO_ID integer, CENTRELINE_ID integer, LENGTH real, BEARING real, GRADIENT real, ADJ_LENGTH real, ADJ_BEARING real, ADJ_GRADIENT real, ERR_LENGTH real, ERR_BEARING real, ERR_GRADIENT real);
create table SHOT_FLAG (SHOT_ID integer, FLAG char(3));
create table MAPS (ID integer, SURVEY_ID integer, NAME varchar(8), TITLE varchar(10), PROJID integer, LENGTH real, DEPTH real);
create table SCRAPS (ID integer, SURVEY_ID integer, NAME varchar(8), PROJID integer, MAX_DISTORTION real, AVG_DISTORTION real);
create table MAPITEMS (ID integer, TYPE integer, ITEMID integer);
insert into SURVEY values (1, 0, '', '', NULL);
 insert into CENTRELINE values (2, 1, NULL, NULL, NULL, 0.00, 0.00, 0.00);
 insert into SURVEY values (18, 1, 'Lathkill', 'Lathkill', 'Lathkill');
 insert into CENTRELINE values (19, 18, NULL, NULL, NULL, 10121.42, 63.19, 0.00);
 insert into SHOT values (1, 1, 1, 19, 0.000, 0.00, 0.00, 0.000, 90.00, 0.00, 0.000, 90.00, 0.00);
insert into SHOT values (2, 2, 1, 19, 3.061, 327.39, 35.09, 3.061, 327.39, 35.09, 0.000, 180.00, 0.00);
insert into SHOT values (3, 3, 2, 19, 2.126, 210.31, 4.32, 2.126, 210.31, 4.32, 0.000, 0.00, 0.00);
insert into SHOT values (4, 4, 3, 19, 2.525, 295.67, -37.30, 2.525, 295.67, -37.30, 0.000, 0.00, 0.00);
insert into SHOT values (5, 5, 4, 19, 5.075, 315.82, -13.44, 5.075, 315.82, -13.44, 0.000, 90.00, 0.00);
insert into SHOT values (6, 6, 5, 19, 1.390, 231.73, 2.89, 1.390, 231.73, 2.89, 0.000, 180.00, 0.00);
insert into SHOT values (7, 7, 6, 19, 6.435, 316.64, -5.17, 6.435, 316.64, -5.17, 0.000, 180.00, 0.00);
insert into SHOT values (8, 8, 7, 19, 4.210, 28.79, -75.72, 4.210, 28.79, -75.72, 0.000, 0.00, 0.00);
insert into SHOT values (9, 9, 8, 19, 3.045, 3.30, -36.94, 3.045, 3.30, -36.94, 0.000, 0.00, 0.00);
insert into SHOT values (10, 10, 9, 19, 4.254, 341.11, -73.55, 4.254, 341.11, -73.55, 0.000, 180.00, 0.00);
insert into SHOT values (11, 11, 10, 19, 2.543, 144.63, -15.28, 2.543, 144.63, -15.28, 0.000, 180.00, 0.00);
insert into SHOT values (12, 12, 11, 19, 2.738, 4.40, -81.79, 2.738, 4.40, -81.79, 0.000, 0.00, 0.00);
insert into SHOT values (13, 13, 12, 19, 1.745, 199.65, -59.26, 1.745, 199.65, -59.26, 0.000, 180.00, 0.00);
insert into SHOT values (14, 14, 13, 19, 2.134, 108.74, -73.91, 2.134, 108.74, -73.91, 0.000, 180.00, 0.00);
insert into SHOT values (15, 15, 14, 19, 1.524, 48.37, -66.73, 1.524, 48.37, -66.73, 0.000, 0.00, 0.00);
insert into SHOT values (16, 16, 15, 19, 1.702, 16.96, -59.75, 1.702, 16.96, -59.75, 0.000, 0.00, 0.00);
insert into SHOT values (17, 17, 16, 19, 1.696, 279.75, -40.01, 1.696, 279.75, -40.01, 0.000, 26.57, 0.00);
insert into SHOT values (18, 18, 17, 19, 5.213, 75.03, -70.03, 5.213, 75.03, -70.03, 0.000, 187.13, 0.00);
insert into SHOT values (19, 19, 18, 19, 3.223, 191.45, -61.03, 3.223, 191.45, -61.03, 0.000, 0.00, 0.00);
insert into SHOT values (20, 20, 19, 19, 1.621, 225.97, -59.02, 1.621, 225.97, -59.02, 0.000, 178.32, 0.00);
insert into SHOT values (21, 21, 20, 19, 1.364, 193.81, -27.03, 1.364, 193.81, -27.03, 0.000, 341.57, 0.00);
insert into SHOT values (22, 22, 21, 19, 2.431, 26.57, -16.98, 2.431, 26.57, -16.98, 0.000, 0.00, 0.00);
insert into SHOT values (23, 23, 22, 19, 1.404, 325.18, -3.68, 1.404, 325.18, -3.68, 0.000, 180.00, 0.00);
insert into SHOT values (24, 24, 23, 19, 1.174, 177.51, -66.91, 1.174, 177.51, -66.91, 0.000, 180.00, 0.00);
insert into SHOT values (25, 25, 24, 19, 1.655, 351.47, -52.34, 1.655, 351.47, -52.34, 0.000, 356.42, 0.00);
insert into SHOT values (26, 26, 25, 19, 4.183, 344.58, -81.73, 4.183, 344.58, -81.73, 0.000, 153.43, 0.00);
insert into SHOT values (27, 27, 21, 19, 2.362, 292.17, 9.01, 2.362, 292.17, 9.01, 0.000, 0.00, 0.00);
insert into SHOT values (28, 28, 27, 19, 2.776, 8.10, -18.92, 2.776, 8.10, -18.92, 0.000, 0.00, 0.00);
insert into SHOT values (29, 29, 21, 19, 2.960, 310.60, 15.08, 2.960, 310.60, 15.08, 0.000, 0.00, 0.00);
insert into SHOT values (30, 30, 19, 19, 0.923, 159.44, -22.28, 0.923, 159.44, -22.28, 0.000, 180.00, 0.00);
insert into SHOT values (31, 31, 30, 19, 2.760, 125.11, 14.05, 2.760, 125.11, 14.05, 0.000, 0.00, 0.00);
insert into SHOT values (32, 32, 31, 19, 3.002, 124.96, 0.00, 3.002, 124.96, 0.00, 0.000, 0.00, 0.00);
insert into SHOT values (33, 33, 30, 19, 3.297, 96.11, -4.00, 3.297, 96.11, -4.00, 0.000, 0.00, 0.00);
insert into SHOT values (34, 34, 19, 19, 2.729, 324.14, -67.96, 2.729, 324.14, -67.96, 0.000, 180.00, 0.00);
insert into SHOT values (35, 35, 13, 19, 4.112, 147.77, 11.36, 4.112, 147.77, 11.36, 0.000, 0.00, 0.00);
insert into SHOT values (36, 36, 35, 19, 1.632, 139.09, 83.01, 1.632, 139.09, 83.01, 0.000, 180.00, 0.00);
insert into SHOT values (37, 37, 36, 19, 2.030, 61.03, 18.97, 2.030, 61.03, 18.97, 0.000, 0.00, 0.00);
insert into SHOT values (38, 38, 37, 19, 1.530, 30.00, 21.87, 1.530, 30.00, 21.87, 0.000, 180.00, 0.00);
insert into SHOT values (39, 39, 38, 19, 3.711, 209.98, 75.96, 3.711, 209.98, 75.96, 0.000, 180.00, 0.00);
insert into SHOT values (40, 40, 39, 19, 1.496, 53.97, 1.15, 1.496, 53.97, 1.15, 0.000, 0.00, 0.00);
insert into SHOT values (41, 41, 40, 19, 4.359, 356.97, -2.10, 4.359, 356.97, -2.10, 0.000, 180.00, 0.00);
insert into SHOT values (42, 42, 41, 19, 4.967, 342.52, 33.07, 4.967, 342.52, 33.07, 0.000, 180.00, 0.00);
insert into SHOT values (43, 43, 42, 19, 1.849, 329.63, 10.28, 1.849, 329.63, 10.28, 0.000, 0.00, 0.00);
insert into SHOT values (44, 44, 43, 19, 2.256, 12.23, 22.96, 2.256, 12.23, 22.96, 0.000, 180.00, 0.00);
insert into SHOT values (45, 45, 44, 19, 2.140, 107.16, -4.02, 2.140, 107.16, -4.02, 0.000, 180.00, 0.00);
insert into SHOT values (46, 46, 38, 19, 3.000, 215.94, -8.82, 3.000, 215.94, -8.82, 0.000, 0.00, 0.00);
insert into SHOT values (47, 47, 46, 19, 2.576, 221.06, 2.89, 2.576, 221.06, 2.89, 0.000, 0.00, 0.00);
insert into SHOT values (48, 48, 46, 19, 2.107, 317.93, -10.11, 2.107, 317.93, -10.11, 0.000, 180.00, 0.00);
insert into SHOT values (49, 49, 46, 19, 3.801, 129.00, -27.08, 3.801, 129.00, -27.08, 0.000, 180.00, 0.00);
insert into SHOT values (50, 50, 6, 19, 1.481, 134.36, 31.79, 1.481, 134.36, 31.79, 0.000, 0.00, 0.00);
insert into SHOT values (51, 51, 50, 19, 4.848, 157.30, -1.89, 4.848, 157.30, -1.89, 0.000, 0.00, 0.00);
insert into SHOT values (52, 52, 51, 19, 3.996, 157.17, 78.09, 3.996, 157.17, 78.09, 0.000, 180.00, 0.00);
insert into SHOT values (53, 53, 1, 19, 2.418, 216.92, -3.32, 2.418, 216.92, -3.32, 0.000, 0.00, 0.00);
insert into SHOT values (54, 54, 51, 19, 3.048, 121.71, -2.82, 3.048, 121.71, -2.82, 0.000, 180.00, 0.00);
insert into SHOT values (55, 55, 54, 19, 2.366, 155.88, 37.19, 2.366, 155.88, 37.19, 0.000, 0.00, 0.00);
insert into SHOT values (56, 56, 55, 19, 1.790, 153.58, 7.38, 1.790, 153.58, 7.38, 0.000, 348.69, 0.00);
insert into SHOT values (57, 57, 56, 19, 1.466, 136.64, 70.26, 1.466, 136.64, 70.26, 0.000, 18.43, 0.00);
insert into SHOT values (58, 58, 57, 19, 0.493, 218.88, -36.06, 0.493, 218.88, -36.06, 0.000, 180.00, 0.00);
insert into SHOT values (59, 59, 58, 19, 5.046, 162.06, 73.17, 5.046, 162.06, 73.17, 0.000, 0.00, 0.00);
insert into SHOT values (60, 60, 59, 19, 2.605, 151.30, -14.68, 2.605, 151.30, -14.68, 0.000, 194.04, 0.00);
insert into SHOT values (61, 61, 60, 19, 2.689, 28.81, 75.25, 2.689, 28.81, 75.25, 0.000, 161.57, 0.00);
insert into SHOT values (62, 62, 61, 19, 2.691, 205.05, 46.12, 2.691, 205.05, 46.12, 0.000, 180.00, 0.00);
insert into SHOT values (63, 63, 62, 19, 1.705, 15.36, 56.39, 1.705, 15.36, 56.39, 0.000, 0.00, 0.00);
insert into SHOT values (64, 64, 61, 19, 2.990, 283.89, 20.97, 2.990, 283.89, 20.97, 0.000, 26.57, 0.00);
insert into SHOT values (65, 65, 64, 19, 3.111, 324.46, 5.53, 3.111, 324.46, 5.53, 0.000, 183.58, 0.00);
insert into SHOT values (66, 66, 67, 19, 9.400, 0.00, -90.00, 9.400, 90.00, 90.00, 18.800, 90.00, 90.00);
insert into SHOT values (67, 68, 66, 19, 3.700, 350.98, -23.92, 3.700, 350.98, -23.92, 0.000, 184.40, 0.00);
insert into SHOT values (68, 69, 68, 19, 3.753, 345.00, -3.05, 3.753, 345.00, -3.05, 0.000, 7.13, 0.00);
insert into SHOT values (69, 70, 69, 19, 1.901, 63.16, 11.84, 1.901, 63.16, 11.84, 0.000, 354.29, 0.00);
insert into SHOT values (70, 71, 70, 19, 3.004, 334.89, -4.97, 3.004, 334.89, -4.97, 0.000, 165.96, 0.00);
insert into SHOT values (71, 72, 70, 19, 3.956, 173.07, 33.09, 3.956, 173.07, 33.09, 0.000, 7.13, 0.00);
insert into SHOT values (72, 73, 72, 19, 3.450, 0.00, 90.00, 3.450, 90.00, 90.00, 0.000, 90.00, 0.00);
insert into SHOT values (73, 74, 73, 19, 3.495, 162.93, -10.05, 3.495, 162.93, -10.05, 0.000, 0.00, 0.00);
insert into SHOT values (74, 75, 73, 19, 4.805, 345.04, 1.91, 4.805, 345.04, 1.91, 0.000, 0.00, 0.00);
insert into SHOT values (75, 76, 66, 19, 10.200, 140.02, 36.03, 10.200, 140.02, 36.03, 0.000, 0.00, 0.00);
insert into SHOT values (76, 77, 76, 19, 8.746, 146.99, 24.95, 8.746, 146.99, 24.95, 0.000, 180.00, 0.00);
insert into SHOT values (77, 78, 77, 19, 6.305, 151.00, 10.05, 6.305, 151.00, 10.05, 0.000, 180.00, 0.00);
insert into SHOT values (78, 79, 78, 19, 6.201, 154.01, -4.07, 6.201, 154.01, -4.07, 0.000, 0.00, 0.00);
insert into SHOT values (79, 80, 79, 19, 4.947, 139.93, 3.01, 4.947, 139.93, 3.01, 0.000, 180.00, 0.00);
insert into SHOT values (80, 81, 79, 19, 4.006, 342.01, 24.01, 4.006, 342.01, 24.01, 0.000, 0.00, 0.00);
insert into SHOT values (81, 82, 81, 19, 5.800, 0.00, 90.00, 5.800, 90.00, 90.00, 0.000, 90.00, 0.00);
insert into SHOT values (82, 83, 77, 19, 6.799, 253.98, 25.06, 6.799, 253.98, 25.06, 0.000, 0.00, 0.00);
insert into SHOT values (83, 84, 83, 19, 2.498, 220.31, 80.02, 2.498, 220.31, 80.02, 0.000, 180.00, 0.00);
insert into SHOT values (84, 85, 84, 19, 2.897, 294.97, 3.96, 2.897, 294.97, 3.96, 0.000, 180.00, 0.00);
insert into SHOT values (85, 86, 85, 19, 4.000, 0.00, 90.00, 4.000, 90.00, 90.00, 0.000, 90.00, 0.00);
insert into SHOT values (86, 87, 86, 19, 2.000, 270.00, 0.00, 2.000, 270.00, 0.00, 0.000, 90.00, 0.00);
insert into SHOT values (87, 88, 89, 19, 6.902, 342.57, -4.99, 6.902, 162.57, 4.99, 13.804, 162.57, 4.99);
insert into SHOT values (88, 90, 88, 19, 7.850, 138.61, 0.00, 7.850, 138.61, 0.00, 0.000, 180.00, 0.00);
insert into SHOT values (89, 91, 90, 19, 1.603, 33.69, 25.89, 1.603, 33.69, 25.89, 0.000, 180.00, 0.00);
insert into SHOT values (90, 92, 91, 19, 2.393, 117.64, 0.00, 2.393, 117.64, 0.00, 0.000, 180.00, 0.00);
insert into SHOT values (91, 93, 92, 19, 4.606, 147.52, -2.99, 4.606, 147.52, -2.99, 0.000, 0.00, 0.00);
insert into SHOT values (92, 94, 93, 19, 1.991, 157.65, 12.18, 1.991, 157.65, 12.18, 0.000, 191.31, 0.00);
insert into SHOT values (93, 95, 94, 19, 3.903, 134.58, 0.00, 3.903, 134.58, 0.00, 0.000, 90.00, 0.00);
insert into SHOT values (94, 96, 95, 19, 4.598, 151.54, 1.99, 4.598, 151.54, 1.99, 0.000, 180.00, 0.00);
insert into SHOT values (95, 97, 96, 19, 5.506, 162.61, 11.95, 5.506, 162.61, 11.95, 0.000, 180.00, 0.00);
insert into SHOT values (96, 98, 97, 19, 5.099, 117.57, 0.00, 5.099, 117.57, 0.00, 0.000, 0.00, 0.00);
insert into SHOT values (97, 99, 98, 19, 3.701, 181.55, 0.00, 3.701, 181.55, 0.00, 0.000, 351.87, 0.00);
insert into SHOT values (98, 100, 99, 19, 3.599, 138.60, 0.00, 3.599, 138.60, 0.00, 0.000, 161.57, 0.00);
insert into SHOT values (99, 101, 100, 19, 4.801, 171.62, 0.00, 4.801, 171.62, 0.00, 0.000, 180.00, 0.00);
insert into SHOT values (100, 102, 101, 19, 9.600, 257.58, 12.02, 9.600, 257.58, 12.02, 0.000, 0.00, 0.00);
insert into SHOT values (101, 103, 102, 19, 7.104, 290.60, 0.00, 7.104, 290.60, 0.00, 0.000, 0.00, 0.00);
insert into SHOT values (102, 104, 103, 19, 3.496, 322.57, 3.94, 3.496, 322.57, 3.94, 0.000, 180.00, 0.00);
insert into SHOT values (103, 105, 104, 19, 3.997, 256.69, 0.00, 3.997, 256.69, 0.00, 0.000, 348.69, 0.00);
insert into SHOT values (104, 106, 105, 19, 2.299, 242.53, -8.00, 2.299, 242.53, -8.00, 0.000, 177.14, 0.00);
insert into SHOT values (105, 107, 106, 19, 4.548, 317.59, 4.03, 4.548, 317.59, 4.03, 0.000, 0.00, 0.00);
insert into SHOT values (106, 108, 107, 19, 4.403, 270.53, -7.96, 4.403, 270.53, -7.96, 0.000, 180.00, 0.00);
insert into SHOT values (107, 109, 108, 19, 6.196, 219.59, 6.95, 6.196, 219.59, 6.95, 0.000, 0.00, 0.00);
insert into SHOT values (108, 110, 109, 19, 1.599, 209.61, 0.00, 1.599, 209.61, 0.00, 0.000, 180.00, 0.00);
insert into SHOT values (109, 111, 110, 19, 0.700, 0.00, -90.00, 0.700, 90.00, -90.00, 0.000, 90.00, 0.00);
insert into SHOT values (110, 112, 111, 19, 20.005, 176.59, 0.00, 20.005, 176.59, 0.00, 0.000, 180.00, 0.00);
insert into SHOT values (111, 113, 112, 19, 10.903, 138.57, 2.00, 10.903, 138.57, 2.00, 0.000, 180.00, 0.00);
insert into SHOT values (112, 114, 113, 19, 7.702, 198.58, 6.04, 7.702, 198.58, 6.04, 0.000, 180.00, 0.00);
insert into SHOT values (113, 115, 114, 19, 8.000, 160.57, 2.01, 8.000, 160.57, 2.01, 0.000, 0.00, 0.00);
insert into SHOT values (114, 116, 115, 19, 6.994, 221.61, 6.98, 6.994, 221.61, 6.98, 0.000, 180.00, 0.00);
insert into SHOT values (115, 117, 116, 19, 7.350, 232.58, 2.96, 7.350, 232.58, 2.96, 0.000, 0.00, 0.00);
insert into SHOT values (116, 118, 117, 19, 5.353, 177.63, -5.90, 5.353, 177.63, -5.90, 0.000, 180.00, 0.00);
insert into SHOT values (117, 119, 118, 19, 3.602, 148.52, 1.91, 3.602, 148.52, 1.91, 0.000, 0.00, 0.00);
insert into SHOT values (118, 120, 119, 19, 2.108, 237.59, 0.00, 2.108, 237.59, 0.00, 0.000, 180.00, 0.00);
insert into SHOT values (119, 121, 120, 19, 3.650, 170.54, 0.00, 3.650, 170.54, 0.00, 0.000, 180.00, 0.00);
insert into SHOT values (120, 122, 121, 19, 5.342, 134.62, -2.04, 5.342, 134.62, -2.04, 0.000, 356.19, 0.00);
insert into SHOT values (121, 123, 122, 19, 1.000, 0.00, -90.00, 1.000, 90.00, -90.00, 0.000, 90.00, 0.00);
insert into SHOT values (122, 124, 123, 19, 5.798, 134.58, 0.00, 5.798, 134.58, 0.00, 0.000, 176.99, 0.00);
insert into SHOT values (123, 125, 124, 19, 1.851, 221.22, 10.27, 1.851, 221.22, 10.27, 0.000, 0.00, 0.00);
insert into SHOT values (124, 126, 125, 19, 1.394, 137.62, 0.00, 1.394, 137.62, 0.00, 0.000, 180.00, 0.00);
insert into SHOT values (125, 127, 126, 19, 3.296, 104.58, 0.00, 3.296, 104.58, 0.00, 0.000, 1.91, 0.00);
insert into SHOT values (126, 128, 127, 19, 6.301, 146.59, 0.00, 6.301, 146.59, 0.00, 0.000, 187.13, 0.00);
insert into SHOT values (127, 129, 128, 19, 8.753, 134.58, -5.05, 8.753, 134.58, -5.05, 0.000, 180.00, 0.00);
insert into SHOT values (128, 130, 129, 19, 2.779, 114.44, 0.00, 2.779, 114.44, 0.00, 0.000, 180.00, 0.00);
insert into SHOT values (129, 131, 130, 19, 5.202, 110.59, 0.00, 5.202, 110.59, 0.00, 0.000, 0.00, 0.00);
insert into SHOT values (130, 132, 131, 19, 13.598, 149.59, -1.98, 13.598, 149.59, -1.98, 0.000, 180.00, 0.00);
insert into SHOT values (131, 133, 132, 19, 4.933, 180.58, 1.97, 4.933, 180.58, 1.97, 0.000, 0.00, 0.00);
insert into SHOT values (132, 134, 133, 19, 4.998, 127.60, 0.00, 4.998, 127.60, 0.00, 0.000, 5.71, 0.00);
insert into SHOT values (133, 135, 134, 19, 7.654, 122.57, 0.00, 7.654, 122.57, 0.00, 0.000, 355.60, 0.00);
insert into SHOT values (134, 136, 135, 19, 7.020, 144.57, 0.00, 7.020, 144.57, 0.00, 0.000, 180.00, 0.00);
insert into SHOT values (135, 137, 136, 19, 11.069, 174.61, 0.00, 11.069, 174.61, 0.00, 0.000, 0.00, 0.00);
insert into SHOT values (136, 138, 137, 19, 6.052, 201.52, 0.00, 6.052, 201.52, 0.00, 0.000, 180.00, 0.00);
insert into SHOT values (137, 139, 138, 19, 6.547, 124.22, -2.01, 6.547, 124.22, -2.01, 0.000, 0.00, 0.00);
insert into SHOT values (138, 140, 139, 19, 7.737, 92.37, 0.00, 7.737, 92.37, 0.00, 0.000, 180.00, 0.00);
insert into SHOT values (139, 141, 140, 19, 11.242, 128.28, 1.99, 11.242, 128.28, 1.99, 0.000, 0.00, 0.00);
insert into SHOT values (140, 142, 141, 19, 5.199, 101.24, -4.97, 5.199, 101.24, -4.97, 0.000, 180.00, 0.00);
insert into SHOT values (141, 143, 142, 19, 9.426, 125.35, -4.01, 9.426, 125.35, -4.01, 0.000, 180.00, 0.00);
insert into SHOT values (142, 144, 143, 19, 6.907, 113.30, 1.99, 6.907, 113.30, 1.99, 0.000, 180.00, 0.00);
insert into SHOT values (143, 145, 144, 19, 13.307, 78.29, 0.00, 13.307, 78.29, 0.00, 0.000, 0.00, 0.00);
insert into SHOT values (144, 146, 145, 19, 12.387, 102.31, 1.02, 12.387, 102.31, 1.02, 0.000, 0.00, 0.00);
insert into SHOT values (145, 147, 146, 19, 7.486, 68.27, -1.99, 7.486, 68.27, -1.99, 0.000, 180.00, 0.00);
insert into SHOT values (146, 148, 147, 19, 7.882, 77.32, 0.00, 7.882, 77.32, 0.00, 0.000, 180.00, 0.00);
insert into SHOT values (147, 149, 148, 19, 1.752, 12.12, 17.95, 1.752, 12.12, 17.95, 0.000, 356.99, 0.00);
insert into SHOT values (148, 150, 149, 19, 8.208, 55.32, 0.00, 8.208, 55.32, 0.00, 0.000, 173.66, 0.00);
insert into SHOT values (149, 151, 150, 19, 6.466, 37.31, 3.99, 6.466, 37.31, 3.99, 0.000, 0.00, 0.00);
insert into SHOT values (150, 152, 151, 19, 9.601, 59.29, 2.03, 9.601, 59.29, 2.03, 0.000, 0.00, 0.00);
insert into SHOT values (151, 153, 152, 19, 2.889, 58.35, 4.96, 2.889, 58.35, 4.96, 0.000, 0.00, 0.00);
insert into SHOT values (152, 154, 153, 19, 2.187, 109.19, 8.95, 2.187, 109.19, 8.95, 0.000, 180.00, 0.00);
insert into SHOT values (153, 155, 154, 19, 9.986, 126.27, 2.98, 9.986, 126.27, 2.98, 0.000, 0.00, 0.00);
insert into SHOT values (154, 156, 155, 19, 5.796, 84.35, 3.07, 5.796, 84.35, 3.07, 0.000, 0.00, 0.00);
insert into SHOT values (155, 157, 156, 19, 4.660, 110.22, 1.97, 4.660, 110.22, 1.97, 0.000, 180.00, 0.00);
insert into SHOT values (156, 158, 157, 19, 5.349, 126.38, 5.04, 5.349, 126.38, 5.04, 0.000, 180.00, 0.00);
insert into SHOT values (157, 159, 158, 19, 2.058, 155.18, -38.10, 2.058, 155.18, -38.10, 0.000, 180.00, 0.00);
insert into SHOT values (158, 160, 159, 19, 0.400, 0.00, 90.00, 0.400, 90.00, 90.00, 0.000, 90.00, 0.00);
insert into SHOT values (159, 161, 160, 19, 3.292, 116.72, 0.00, 3.292, 116.72, 0.00, 0.000, 0.00, 0.00);
insert into SHOT values (160, 162, 161, 19, 1.221, 198.43, -49.63, 1.221, 198.43, -49.63, 0.000, 180.00, 0.00);
insert into SHOT values (161, 163, 162, 19, 2.315, 51.84, 0.00, 2.315, 51.84, 0.00, 0.000, 0.00, 0.00);
insert into SHOT values (162, 164, 163, 19, 2.351, 80.83, -16.05, 2.351, 80.83, -16.05, 0.000, 180.00, 0.00);
insert into SHOT values (163, 165, 164, 19, 2.497, 187.87, -5.98, 2.497, 187.87, -5.98, 0.000, 180.00, 0.00);
insert into SHOT values (164, 166, 165, 19, 1.451, 101.86, -45.23, 1.451, 101.86, -45.23, 0.000, 0.00, 0.00);
insert into SHOT values (165, 167, 166, 19, 3.951, 47.87, -0.87, 3.951, 47.87, -0.87, 0.000, 0.00, 0.00);
insert into SHOT values (166, 168, 167, 19, 1.802, 91.59, -2.23, 1.802, 91.59, -2.23, 0.000, 180.00, 0.00);
insert into SHOT values (167, 169, 168, 19, 3.960, 127.91, 3.04, 3.960, 127.91, 3.04, 0.000, 0.00, 0.00);
insert into SHOT values (168, 170, 169, 19, 3.740, 98.76, 15.03, 3.740, 98.76, 15.03, 0.000, 180.00, 0.00);
insert into SHOT values (169, 171, 170, 19, 1.146, 32.96, 18.84, 1.146, 32.96, 18.84, 0.000, 180.00, 0.00);
insert into SHOT values (170, 172, 171, 19, 3.636, 113.80, 30.04, 3.636, 113.80, 30.04, 0.000, 0.00, 0.00);
insert into SHOT values (171, 173, 172, 19, 14.280, 108.80, 2.01, 14.280, 108.80, 2.01, 0.000, 180.00, 0.00);
insert into SHOT values (172, 174, 173, 19, 9.492, 125.78, 0.00, 9.492, 125.78, 0.00, 0.000, 180.00, 0.00);
insert into SHOT values (173, 175, 174, 19, 3.900, 145.74, -6.92, 3.900, 145.74, -6.92, 0.000, 0.00, 0.00);
insert into SHOT values (174, 176, 175, 19, 1.865, 123.69, -67.25, 1.865, 123.69, -67.25, 0.000, 0.00, 0.00);
insert into SHOT values (175, 177, 176, 19, 2.949, 155.80, 7.01, 2.949, 155.80, 7.01, 0.000, 0.00, 0.00);
insert into SHOT values (176, 178, 177, 19, 5.772, 140.84, 2.98, 5.772, 140.84, 2.98, 0.000, 180.00, 0.00);
insert into SHOT values (177, 179, 178, 19, 1.173, 163.58, 5.38, 1.173, 163.58, 5.38, 0.000, 0.00, 0.00);
insert into SHOT values (178, 180, 179, 19, 1.297, 131.03, 38.09, 1.297, 131.03, 38.09, 0.000, 180.00, 0.00);
insert into SHOT values (179, 181, 180, 19, 5.432, 131.79, 0.00, 5.432, 131.79, 0.00, 0.000, 0.00, 0.00);
insert into SHOT values (180, 182, 181, 19, 2.498, 161.79, -13.19, 2.498, 161.79, -13.19, 0.000, 0.00, 0.00);
insert into SHOT values (181, 183, 182, 19, 4.848, 155.76, 1.06, 4.848, 155.76, 1.06, 0.000, 180.00, 0.00);
insert into SHOT values (182, 184, 183, 19, 1.063, 118.77, -56.83, 1.063, 118.77, -56.83, 0.000, 0.00, 0.00);
insert into SHOT values (183, 185, 184, 19, 4.487, 150.88, -10.01, 4.487, 150.88, -10.01, 0.000, 180.00, 0.00);
insert into SHOT values (184, 186, 185, 19, 4.522, 161.81, 3.04, 4.522, 161.81, 3.04, 0.000, 180.00, 0.00);
insert into SHOT values (185, 187, 186, 19, 1.355, 109.91, 4.66, 1.355, 109.91, 4.66, 0.000, 0.00, 0.00);
insert into SHOT values (186, 188, 187, 19, 1.300, 0.00, 90.00, 1.300, 90.00, 90.00, 0.000, 90.00, 0.00);
insert into SHOT values (187, 189, 188, 19, 4.054, 108.70, 0.00, 4.054, 108.70, 0.00, 0.000, 180.00, 0.00);
insert into SHOT values (188, 190, 189, 19, 0.971, 118.81, -19.87, 0.971, 118.81, -19.87, 0.000, 0.00, 0.00);
insert into SHOT values (189, 191, 190, 19, 4.985, 98.84, -19.94, 4.985, 98.84, -19.94, 0.000, 180.00, 0.00);
insert into SHOT values (190, 192, 191, 19, 3.788, 124.91, 22.01, 3.788, 124.91, 22.01, 0.000, 0.00, 0.00);
insert into SHOT values (191, 193, 192, 19, 4.948, 111.74, 3.01, 4.948, 111.74, 3.01, 0.000, 180.00, 0.00);
insert into SHOT values (192, 194, 193, 19, 7.804, 119.82, 0.95, 7.804, 119.82, 0.95, 0.000, 0.00, 0.00);
insert into SHOT values (193, 195, 194, 19, 2.292, 161.88, -5.01, 2.292, 161.88, -5.01, 0.000, 180.00, 0.00);
insert into SHOT values (194, 196, 195, 19, 4.451, 138.83, 1.03, 4.451, 138.83, 1.03, 0.000, 180.00, 0.00);
insert into SHOT values (195, 197, 196, 19, 3.101, 128.85, -51.90, 3.101, 128.85, -51.90, 0.000, 0.00, 0.00);
insert into SHOT values (196, 198, 199, 19, 3.484, 137.73, 11.09, 3.484, 317.73, -11.09, 6.968, 317.73, -11.09);
insert into SHOT_FLAG values(196, 'srf');
insert into SHOT values (197, 200, 198, 19, 3.864, 139.74, -4.45, 3.864, 139.74, -4.45, 0.000, 180.00, 0.00);
insert into SHOT_FLAG values(197, 'srf');
insert into SHOT values (198, 201, 200, 19, 2.207, 145.65, 29.89, 2.207, 145.65, 29.89, 0.000, 0.00, 0.00);
insert into SHOT values (199, 202, 201, 19, 1.303, 198.75, 27.92, 1.303, 198.75, 27.92, 0.000, 180.00, 0.00);
insert into SHOT values (200, 203, 202, 19, 2.150, 0.00, 90.00, 2.150, 90.00, 90.00, 0.000, 90.00, 0.00);
insert into SHOT values (201, 204, 203, 19, 3.800, 341.80, 6.04, 3.800, 341.80, 6.04, 0.000, 0.00, 0.00);
insert into SHOT values (202, 205, 204, 19, 0.290, 0.00, -90.00, 0.290, 90.00, -90.00, 0.000, 90.00, 0.00);
insert into SHOT values (203, 206, 205, 19, 7.400, 0.00, 90.00, 7.400, 90.00, 90.00, 0.000, 90.00, 0.00);
insert into SHOT values (204, 207, 206, 19, 1.342, 288.43, 8.14, 1.342, 288.43, 8.14, 0.000, 0.00, 0.00);
insert into SHOT values (205, 208, 207, 19, 4.651, 303.76, 7.91, 4.651, 303.76, 7.91, 0.000, 183.58, 0.00);
insert into SHOT values (206, 209, 208, 19, 3.033, 327.67, -2.83, 3.033, 327.67, -2.83, 0.000, 8.13, 0.00);
insert into SHOT values (207, 210, 209, 19, 3.543, 324.71, 10.90, 3.543, 324.71, 10.90, 0.000, 0.00, 0.00);
insert into SHOT values (208, 211, 210, 19, 8.262, 314.21, 8.98, 8.262, 314.21, 8.98, 0.000, 180.00, 0.00);
insert into SHOT values (209, 212, 211, 19, 5.099, 319.70, -3.94, 5.099, 319.70, -3.94, 0.000, 0.00, 0.00);
insert into SHOT values (210, 213, 204, 19, 0.861, 329.26, 2.00, 0.861, 329.26, 2.00, 0.000, 180.00, 0.00);
insert into SHOT values (211, 214, 213, 19, 7.500, 313.73, 10.99, 7.500, 313.73, 10.99, 0.000, 90.00, 0.00);
insert into SHOT values (212, 215, 214, 19, 3.156, 174.96, 33.89, 3.156, 174.96, 33.89, 0.000, 90.00, 0.00);
insert into SHOT values (213, 216, 204, 19, 8.548, 146.70, -2.01, 8.548, 146.70, -2.01, 0.000, 0.00, 0.00);
insert into SHOT values (214, 217, 200, 19, 19.873, 143.70, 5.98, 19.873, 143.70, 5.98, 0.000, 0.00, 0.00);
insert into SHOT_FLAG values(214, 'srf');
insert into SHOT values (215, 218, 217, 19, 19.516, 315.21, -8.99, 19.516, 315.21, -8.99, 0.000, 180.00, 0.00);
insert into SHOT_FLAG values(215, 'srf');
insert into SHOT values (216, 219, 218, 19, 1.958, 284.77, 16.01, 1.958, 284.77, 16.01, 0.000, 0.00, 0.00);
insert into SHOT_FLAG values(216, 'srf');
insert into SHOT values (217, 220, 219, 19, 4.640, 0.00, 90.00, 4.640, 90.00, 90.00, 0.000, 90.00, 0.00);
insert into SHOT values (218, 221, 220, 19, 0.868, 201.43, -11.98, 0.868, 201.43, -11.98, 0.000, 180.00, 0.00);
insert into SHOT values (219, 222, 223, 19, 3.055, 336.86, 36.10, 3.055, 156.86, -36.10, 6.110, 156.86, -36.10);
insert into SHOT values (220, 222, 223, 19, 3.055, 336.86, 36.10, 3.055, 156.86, -36.10, 6.110, 156.86, -36.10);
insert into SHOT values (221, 224, 225, 19, 11.506, 141.98, -4.99, 11.506, 321.98, 4.99, 23.012, 321.98, 4.99);
insert into SHOT values (222, 226, 224, 19, 2.821, 320.00, -22.95, 2.821, 320.00, -22.95, 0.000, 0.00, 0.00);
insert into SHOT values (223, 227, 226, 19, 12.071, 323.99, 3.99, 12.071, 323.99, 3.99, 0.000, 180.00, 0.00);
insert into SHOT values (224, 228, 227, 19, 7.615, 312.02, 3.01, 7.615, 312.02, 3.01, 0.000, 180.00, 0.00);
insert into SHOT values (225, 229, 228, 19, 2.292, 273.07, -11.83, 2.292, 273.07, -11.83, 0.000, 358.15, 0.00);
insert into SHOT values (226, 230, 229, 19, 1.525, 315.00, -37.11, 1.525, 315.00, -37.11, 0.000, 175.91, 0.00);
insert into SHOT values (227, 231, 230, 19, 0.760, 0.00, -90.00, 0.760, 90.00, -90.00, 0.000, 90.00, 0.00);
insert into SHOT values (228, 232, 231, 19, 13.105, 315.03, 1.01, 13.105, 315.03, 1.01, 0.000, 0.00, 0.00);
insert into SHOT values (229, 233, 232, 19, 4.650, 312.97, -9.03, 4.650, 312.97, -9.03, 0.000, 180.00, 0.00);
insert into SHOT values (230, 234, 233, 19, 3.208, 318.91, 25.08, 3.208, 318.91, 25.08, 0.000, 0.00, 0.00);
insert into SHOT values (231, 235, 234, 19, 0.300, 0.00, -90.00, 0.300, 90.00, -90.00, 0.000, 90.00, 0.00);
insert into SHOT values (232, 236, 235, 19, 8.227, 328.98, 0.00, 8.227, 328.98, 0.00, 0.000, 180.00, 0.00);
insert into SHOT values (233, 237, 236, 19, 2.742, 346.07, 1.88, 2.742, 346.07, 1.88, 0.000, 0.00, 0.00);
insert into SHOT values (234, 238, 237, 19, 4.038, 341.07, 0.00, 4.038, 341.07, 0.00, 0.000, 180.00, 0.00);
insert into SHOT values (235, 239, 238, 19, 3.056, 322.98, 0.00, 3.056, 322.98, 0.00, 0.000, 180.00, 0.00);
insert into SHOT values (236, 240, 239, 19, 2.061, 270.84, -5.85, 2.061, 270.84, -5.85, 0.000, 0.00, 0.00);
insert into SHOT values (237, 241, 240, 19, 2.129, 296.20, -1.08, 2.129, 296.20, -1.08, 0.000, 0.00, 0.00);
insert into SHOT values (238, 242, 241, 19, 0.910, 0.00, -90.00, 0.910, 90.00, -90.00, 0.000, 90.00, 0.00);
insert into SHOT values (239, 243, 242, 19, 2.737, 320.83, -32.98, 2.737, 320.83, -32.98, 0.000, 180.00, 0.00);
insert into SHOT values (240, 244, 243, 19, 2.134, 326.09, 1.88, 2.134, 326.09, 1.88, 0.000, 180.00, 0.00);
insert into SHOT values (241, 245, 244, 19, 3.050, 328.97, -3.01, 3.050, 328.97, -3.01, 0.000, 90.00, 0.00);
insert into SHOT values (242, 246, 245, 19, 2.735, 305.90, 3.98, 2.735, 305.90, 3.98, 0.000, 2.12, 0.00);
insert into SHOT values (243, 247, 246, 19, 3.122, 313.11, 27.05, 3.122, 313.11, 27.05, 0.000, 182.29, 0.00);
insert into SHOT values (244, 248, 247, 19, 2.058, 324.03, 10.07, 2.058, 324.03, 10.07, 0.000, 0.00, 0.00);
insert into SHOT values (245, 249, 248, 19, 0.610, 0.00, -90.00, 0.610, 90.00, -90.00, 0.000, 90.00, 0.00);
insert into SHOT values (246, 250, 249, 19, 2.133, 261.04, -29.18, 2.133, 261.04, -29.18, 0.000, 189.46, 0.00);
insert into SHOT values (247, 251, 250, 19, 2.508, 328.87, -19.81, 2.508, 328.87, -19.81, 0.000, 7.13, 0.00);
insert into SHOT values (248, 252, 251, 19, 4.268, 311.96, 2.95, 4.268, 311.96, 2.95, 0.000, 0.00, 0.00);
insert into SHOT values (249, 253, 252, 19, 3.729, 288.17, 23.05, 3.729, 288.17, 23.05, 0.000, 180.00, 0.00);
insert into SHOT values (250, 254, 253, 19, 4.794, 322.91, 5.03, 4.794, 322.91, 5.03, 0.000, 0.00, 0.00);
insert into SHOT values (251, 255, 254, 19, 3.050, 0.00, -90.00, 3.050, 90.00, -90.00, 0.000, 90.00, 0.00);
insert into SHOT values (252, 256, 255, 19, 2.442, 0.00, -40.02, 2.442, 0.00, -40.02, 0.000, 180.00, 0.00);
insert into SHOT values (253, 257, 256, 19, 4.422, 303.08, 2.98, 4.422, 303.08, 2.98, 0.000, 0.00, 0.00);
insert into SHOT values (254, 258, 257, 19, 4.039, 358.01, -31.00, 4.039, 358.01, -31.00, 0.000, 0.00, 0.00);
insert into SHOT values (255, 259, 258, 19, 5.184, 309.95, -16.01, 5.184, 309.95, -16.01, 0.000, 0.00, 0.00);
insert into SHOT values (256, 260, 259, 19, 14.476, 293.00, 21.01, 14.476, 293.00, 21.01, 0.000, 0.00, 0.00);
insert into SHOT values (257, 261, 260, 19, 6.919, 303.00, 6.97, 6.919, 303.00, 6.97, 0.000, 180.00, 0.00);
insert into SHOT values (258, 262, 261, 19, 10.971, 322.00, 2.04, 10.971, 322.00, 2.04, 0.000, 0.00, 0.00);
insert into SHOT values (259, 263, 262, 19, 11.728, 325.98, -1.03, 11.728, 325.98, -1.03, 0.000, 348.69, 0.00);
insert into SHOT values (260, 264, 263, 19, 14.173, 96.97, 1.98, 14.173, 96.97, 1.98, 0.000, 173.66, 0.00);
insert into SHOT values (261, 265, 264, 19, 9.141, 114.99, -1.94, 9.141, 114.99, -1.94, 0.000, 0.00, 0.00);
insert into SHOT values (262, 266, 265, 19, 7.619, 82.00, -2.03, 7.619, 82.00, -2.03, 0.000, 180.00, 0.00);
insert into SHOT values (263, 267, 266, 19, 10.055, 78.00, 8.00, 10.055, 78.00, 8.00, 0.000, 0.00, 0.00);
insert into SHOT values (264, 268, 267, 19, 3.657, 343.95, -2.98, 3.657, 343.95, -2.98, 0.000, 180.00, 0.00);
insert into SHOT values (265, 269, 268, 19, 3.811, 129.88, -3.01, 3.811, 129.88, -3.01, 0.000, 180.00, 0.00);
insert into SHOT values (266, 270, 269, 19, 3.344, 69.05, -14.02, 3.344, 69.05, -14.02, 0.000, 0.00, 0.00);
insert into SHOT values (267, 271, 270, 19, 9.136, 140.99, -52.01, 9.136, 140.99, -52.01, 0.000, 0.00, 0.00);
insert into SHOT values (268, 272, 271, 19, 9.270, 305.01, -54.21, 9.270, 305.01, -54.21, 0.000, 180.00, 0.00);
insert into SHOT values (269, 273, 272, 19, 2.294, 142.03, -16.98, 2.294, 142.03, -16.98, 0.000, 0.00, 0.00);
insert into SHOT values (270, 274, 273, 19, 2.735, 142.88, -1.26, 2.735, 142.88, -1.26, 0.000, 180.00, 0.00);
insert into SHOT values (271, 275, 274, 19, 2.596, 127.02, -28.03, 2.596, 127.02, -28.03, 0.000, 0.00, 0.00);
insert into SHOT values (272, 276, 275, 19, 4.573, 315.99, -36.03, 4.573, 315.99, -36.03, 0.000, 180.00, 0.00);
insert into SHOT values (273, 277, 276, 19, 5.489, 335.97, -35.92, 5.489, 335.97, -35.92, 0.000, 0.00, 0.00);
insert into SHOT values (274, 278, 223, 19, 14.333, 63.00, 4.00, 14.333, 63.00, 4.00, 0.000, 0.00, 0.00);
insert into SHOT values (275, 278, 277, 19, 6.930, 0.00, -90.00, 6.930, 90.00, -90.00, 0.000, 90.00, 0.00);
insert into SHOT values (276, 279, 225, 19, 1.717, 130.02, -5.01, 1.717, 130.02, -5.01, 0.000, 0.00, 0.00);
insert into SHOT values (277, 280, 279, 19, 4.956, 219.92, -0.92, 4.956, 219.92, -0.92, 0.000, 180.00, 0.00);
insert into SHOT values (278, 281, 280, 19, 3.548, 149.95, 4.85, 3.548, 149.95, 4.85, 0.000, 0.00, 0.00);
insert into SHOT values (279, 282, 281, 19, 1.950, 0.00, -90.00, 1.950, 90.00, -90.00, 0.000, 90.00, 0.00);
insert into SHOT values (280, 283, 282, 19, 2.783, 184.00, -43.91, 2.783, 184.00, -43.91, 0.000, 0.00, 0.00);
insert into SHOT values (281, 284, 283, 19, 3.002, 74.05, -14.07, 3.002, 74.05, -14.07, 0.000, 180.00, 0.00);
insert into SHOT values (282, 285, 284, 19, 2.211, 198.20, -45.97, 2.211, 198.20, -45.97, 0.000, 0.00, 0.00);
insert into SHOT values (283, 286, 285, 19, 1.830, 0.00, -90.00, 1.830, 90.00, -90.00, 0.000, 90.00, 0.00);
insert into SHOT values (284, 287, 286, 19, 4.541, 91.01, 0.00, 4.541, 91.01, 0.00, 0.000, 180.00, 0.00);
insert into SHOT values (285, 288, 287, 19, 4.597, 303.05, -24.00, 4.597, 303.05, -24.00, 0.000, 180.00, 0.00);
insert into SHOT values (286, 289, 288, 19, 1.520, 0.00, -90.00, 1.520, 90.00, -90.00, 0.000, 90.00, 0.00);
insert into SHOT values (287, 290, 289, 19, 3.350, 315.00, -39.04, 3.350, 315.00, -39.04, 0.000, 0.00, 0.00);
insert into SHOT values (288, 291, 290, 19, 4.067, 326.00, -28.97, 4.067, 326.00, -28.97, 0.000, 0.00, 0.00);
insert into SHOT values (289, 292, 291, 19, 1.290, 0.00, -90.00, 1.290, 90.00, -90.00, 0.000, 90.00, 0.00);
insert into SHOT values (290, 293, 292, 19, 2.433, 321.01, 2.12, 2.433, 321.01, 2.12, 0.000, 191.31, 0.00);
insert into SHOT values (291, 294, 293, 19, 1.420, 0.00, -90.00, 1.420, 90.00, -90.00, 0.000, 90.00, 0.00);
insert into SHOT values (292, 295, 294, 19, 3.683, 360.00, -23.01, 3.683, 0.00, -23.01, 0.000, 90.00, 0.00);
insert into SHOT values (293, 296, 295, 19, 3.714, 342.93, 0.00, 3.714, 342.93, 0.00, 0.000, 0.00, 0.00);
insert into SHOT values (294, 297, 296, 19, 5.051, 351.03, -12.00, 5.051, 351.03, -12.00, 0.000, 180.00, 0.00);
insert into SHOT values (295, 298, 297, 19, 2.439, 77.99, -9.92, 2.439, 77.99, -9.92, 0.000, 0.00, 0.00);
insert into SHOT values (296, 299, 298, 19, 2.970, 0.00, -90.00, 2.970, 90.00, -90.00, 0.000, 90.00, 0.00);
insert into SHOT values (297, 300, 299, 19, 9.700, 335.98, -9.02, 9.700, 335.98, -9.02, 0.000, 0.00, 0.00);
insert into SHOT values (298, 301, 300, 19, 4.420, 355.97, -14.95, 4.420, 355.97, -14.95, 0.000, 180.00, 0.00);
insert into SHOT values (299, 302, 301, 19, 11.069, 312.99, -15.03, 11.069, 312.99, -15.03, 0.000, 180.00, 0.00);
insert into SHOT values (300, 303, 302, 19, 10.741, 13.00, 4.00, 10.741, 13.00, 4.00, 0.000, 0.00, 0.00);
insert into SHOT values (301, 304, 303, 19, 7.000, 0.00, -90.00, 7.000, 90.00, -90.00, 0.000, 90.00, 0.00);
insert into SHOT values (302, 305, 304, 19, 3.488, 122.96, -28.98, 3.488, 122.96, -28.98, 0.000, 180.00, 0.00);
insert into SHOT values (303, 306, 305, 19, 3.776, 123.02, -28.98, 3.776, 123.02, -28.98, 0.000, 0.00, 0.00);
insert into SHOT values (304, 307, 306, 19, 15.160, 0.00, -90.00, 15.160, 90.00, -90.00, 0.000, 90.00, 0.00);
insert into SHOT values (305, 308, 309, 19, 4.574, 169.03, 0.00, 4.574, 349.03, 0.00, 9.147, 349.03, 0.00);
insert into SHOT values (306, 308, 309, 19, 4.574, 169.03, 0.00, 4.574, 349.03, 0.00, 9.147, 349.03, 0.00);
insert into SHOT values (307, 310, 309, 19, 4.575, 70.02, 3.89, 4.575, 70.02, 3.89, 0.000, 180.00, 0.00);
insert into SHOT values (308, 311, 310, 19, 12.800, 85.01, 4.03, 12.800, 85.01, 4.03, 0.000, 180.00, 0.00);
insert into SHOT values (309, 312, 311, 19, 3.954, 92.91, 3.92, 3.954, 92.91, 3.92, 0.000, 180.00, 0.00);
insert into SHOT values (310, 313, 312, 19, 4.570, 73.04, 4.02, 4.570, 73.04, 4.02, 0.000, 180.00, 0.00);
insert into SHOT values (311, 314, 313, 19, 7.319, 88.98, 4.00, 7.319, 88.98, 4.00, 0.000, 0.00, 0.00);
insert into SHOT values (312, 315, 314, 19, 5.491, 74.97, 4.07, 5.491, 74.97, 4.07, 0.000, 0.00, 0.00);
insert into SHOT values (313, 316, 315, 19, 14.020, 84.01, 3.97, 14.020, 84.01, 3.97, 0.000, 180.00, 0.00);
insert into SHOT values (314, 317, 316, 19, 4.275, 75.05, 4.02, 4.275, 75.05, 4.02, 0.000, 0.00, 0.00);
insert into SHOT values (315, 318, 317, 19, 5.790, 82.04, 4.06, 5.790, 82.04, 4.06, 0.000, 0.00, 0.00);
insert into SHOT values (316, 319, 318, 19, 3.805, 113.93, 3.92, 3.805, 113.93, 3.92, 0.000, 180.00, 0.00);
insert into SHOT values (317, 320, 319, 19, 3.507, 62.04, 4.09, 3.507, 62.04, 4.09, 0.000, 180.00, 0.00);
insert into SHOT values (318, 321, 320, 19, 10.666, 86.99, 0.97, 10.666, 86.99, 0.97, 0.000, 0.00, 0.00);
insert into SHOT values (319, 322, 321, 19, 6.249, 62.04, 0.00, 6.249, 62.04, 0.00, 0.000, 0.00, 0.00);
insert into SHOT values (320, 323, 322, 19, 4.877, 90.94, -2.94, 4.877, 90.94, -2.94, 0.000, 180.00, 0.00);
insert into SHOT values (321, 324, 323, 19, 4.342, 32.08, 3.96, 4.342, 32.08, 3.96, 0.000, 90.00, 0.00);
insert into SHOT values (322, 325, 324, 19, 6.863, 42.99, 0.00, 6.863, 42.99, 0.00, 0.000, 0.00, 0.00);
insert into SHOT values (323, 326, 325, 19, 8.526, 11.98, 0.00, 8.526, 11.98, 0.00, 0.000, 180.00, 0.00);
insert into SHOT values (324, 327, 326, 19, 4.885, 345.05, 0.00, 4.885, 345.05, 0.00, 0.000, 0.00, 0.00);
insert into SHOT values (325, 328, 327, 19, 6.707, 354.01, 0.00, 6.707, 354.01, 0.00, 0.000, 90.00, 0.00);
insert into SHOT values (326, 329, 328, 19, 9.134, 21.99, 0.00, 9.134, 21.99, 0.00, 0.000, 180.00, 0.00);
insert into SHOT values (327, 330, 329, 19, 7.621, 3.01, 0.00, 7.621, 3.01, 0.00, 0.000, 180.00, 0.00);
insert into SHOT values (328, 331, 330, 19, 15.241, 344.98, 0.00, 15.241, 344.98, 0.00, 0.000, 180.00, 0.00);
insert into SHOT values (329, 332, 331, 19, 10.672, 350.02, 0.00, 10.672, 350.02, 0.00, 0.000, 0.00, 0.00);
insert into SHOT values (330, 333, 332, 19, 7.010, 13.03, 0.00, 7.010, 13.03, 0.00, 0.000, 0.00, 0.00);
insert into SHOT values (331, 334, 333, 19, 7.324, 1.96, 0.00, 7.324, 1.96, 0.00, 0.000, 185.71, 0.00);
insert into SHOT values (332, 335, 334, 19, 6.805, 294.95, 0.00, 6.805, 294.95, 0.00, 0.000, 177.80, 0.00);
insert into SHOT values (333, 336, 335, 19, 5.492, 323.07, 0.00, 5.492, 323.07, 0.00, 0.000, 0.00, 0.00);
insert into SHOT values (334, 337, 336, 19, 8.232, 337.95, 0.00, 8.232, 337.95, 0.00, 0.000, 356.99, 0.00);
insert into SHOT values (335, 338, 337, 19, 6.099, 313.01, 0.00, 6.099, 313.01, 0.00, 0.000, 176.42, 0.00);
insert into SHOT values (336, 339, 338, 19, 5.173, 326.03, 0.00, 5.173, 326.03, 0.00, 0.000, 0.00, 0.00);
insert into SHOT values (337, 340, 339, 19, 6.713, 351.00, 0.00, 6.713, 351.00, 0.00, 0.000, 180.00, 0.00);
insert into SHOT values (338, 341, 340, 19, 8.229, 340.99, 0.00, 8.229, 340.99, 0.00, 0.000, 0.00, 0.00);
insert into SHOT values (339, 342, 341, 19, 6.103, 350.00, 0.00, 6.103, 350.00, 0.00, 0.000, 180.00, 0.00);
insert into SHOT values (340, 343, 342, 19, 4.273, 339.02, 0.00, 4.273, 339.02, 0.00, 0.000, 180.00, 0.00);
insert into SHOT values (341, 344, 343, 19, 5.965, 352.97, 0.00, 5.965, 352.97, 0.00, 0.000, 0.00, 0.00);
insert into SHOT values (342, 345, 344, 19, 2.529, 16.07, 0.00, 2.529, 16.07, 0.00, 0.000, 180.00, 0.00);
insert into SHOT values (343, 346, 345, 19, 3.502, 347.95, 2.95, 3.502, 347.95, 2.95, 0.000, 0.00, 0.00);
insert into SHOT values (344, 347, 346, 19, 6.830, 286.04, -4.96, 6.830, 286.04, -4.96, 0.000, 0.00, 0.00);
insert into SHOT values (345, 348, 347, 19, 5.328, 123.02, 9.94, 5.328, 123.02, 9.94, 0.000, 180.00, 0.00);
insert into SHOT values (346, 349, 225, 19, 2.377, 7.03, -5.07, 2.377, 7.03, -5.07, 0.000, 180.00, 0.00);
insert into SHOT values (347, 349, 348, 19, 10.230, 0.00, -90.00, 10.230, 90.00, -90.00, 0.000, 90.00, 0.00);
insert into SHOT values (348, 350, 222, 19, 4.267, 298.91, -2.96, 4.267, 298.91, -2.96, 0.000, 0.00, 0.00);
insert into SHOT values (349, 351, 350, 19, 3.353, 340.89, -15.04, 3.353, 340.89, -15.04, 0.000, 180.00, 0.00);
insert into SHOT values (350, 352, 351, 19, 2.735, 266.42, -4.82, 2.735, 266.42, -4.82, 0.000, 0.00, 0.00);
insert into SHOT values (351, 353, 352, 19, 12.185, 320.00, -12.03, 12.185, 320.00, -12.03, 0.000, 0.00, 0.00);
insert into SHOT values (352, 354, 353, 19, 8.231, 355.95, -11.00, 8.231, 355.95, -11.00, 0.000, 0.00, 0.00);
insert into SHOT values (353, 355, 354, 19, 13.719, 302.98, -4.01, 13.719, 302.98, -4.01, 0.000, 180.00, 0.00);
insert into SHOT values (354, 356, 355, 19, 20.126, 340.01, 1.00, 20.126, 340.01, 1.00, 0.000, 180.00, 0.00);
insert into SHOT values (355, 357, 356, 19, 10.660, 343.03, -1.99, 10.660, 343.03, -1.99, 0.000, 0.00, 0.00);
insert into SHOT values (356, 358, 357, 19, 14.945, 323.00, -4.99, 14.945, 323.00, -4.99, 0.000, 0.00, 0.00);
insert into SHOT values (357, 359, 358, 19, 10.848, 329.02, 8.00, 10.848, 329.02, 8.00, 0.000, 0.00, 0.00);
insert into SHOT values (358, 360, 259, 19, 8.563, 128.01, 18.17, 8.563, 128.01, 18.17, 0.000, 180.00, 0.00);
insert into SHOT values (359, 361, 360, 19, 7.382, 142.98, -25.26, 7.382, 142.98, -25.26, 0.000, 0.00, 0.00);
insert into SHOT values (360, 362, 361, 19, 7.315, 130.97, -45.53, 7.315, 130.97, -45.53, 0.000, 180.00, 0.00);
insert into SHOT values (361, 363, 362, 19, 5.495, 149.07, -10.17, 5.495, 149.07, -10.17, 0.000, 0.00, 0.00);
insert into SHOT values (362, 364, 363, 19, 10.815, 138.26, -0.16, 10.815, 138.26, -0.16, 0.000, 180.00, 0.00);
insert into SHOT values (363, 365, 364, 19, 5.643, 135.09, -37.05, 5.643, 135.09, -37.05, 0.000, 0.00, 0.00);
insert into SHOT values (364, 366, 263, 19, 1.498, 145.89, 0.00, 1.498, 145.89, 0.00, 0.000, 168.69, 0.00);
insert into SHOT values (365, 367, 366, 19, 57.240, 0.00, -90.00, 57.240, 90.00, -90.00, 0.000, 90.00, 0.00);
insert into SHOT values (366, 368, 263, 19, 10.368, 359.00, -5.98, 10.368, 359.00, -5.98, 0.000, 7.13, 0.00);
insert into SHOT values (367, 369, 368, 19, 4.265, 323.02, -13.01, 4.265, 323.02, -13.01, 0.000, 180.00, 0.00);
insert into SHOT values (368, 370, 369, 19, 5.035, 320.96, 18.89, 5.035, 320.96, 18.89, 0.000, 180.00, 0.00);
insert into SHOT values (369, 371, 370, 19, 8.229, 337.00, -13.99, 8.229, 337.00, -13.99, 0.000, 0.00, 0.00);
insert into SHOT values (370, 372, 371, 19, 7.319, 326.02, -8.01, 7.319, 326.02, -8.01, 0.000, 180.00, 0.00);
insert into SHOT values (371, 373, 372, 19, 3.260, 296.96, 9.00, 3.260, 296.96, 9.00, 0.000, 0.00, 0.00);
insert into SHOT values (372, 374, 373, 19, 3.492, 332.99, -4.93, 3.492, 332.99, -4.93, 0.000, 180.00, 0.00);
insert into SHOT values (373, 375, 374, 19, 7.176, 335.98, 4.96, 7.176, 335.98, 4.96, 0.000, 0.00, 0.00);
insert into SHOT values (374, 376, 375, 19, 5.181, 324.02, -14.99, 5.181, 324.02, -14.99, 0.000, 0.00, 0.00);
insert into SHOT values (375, 377, 376, 19, 2.668, 308.94, -52.97, 2.668, 308.94, -52.97, 0.000, 180.00, 0.00);
insert into SHOT values (376, 378, 377, 19, 6.862, 325.01, -5.02, 6.862, 325.01, -5.02, 0.000, 183.18, 0.00);
insert into SHOT values (377, 379, 378, 19, 5.024, 320.99, -35.96, 5.024, 320.99, -35.96, 0.000, 172.87, 0.00);
insert into SHOT values (378, 380, 379, 19, 15.239, 338.03, -1.02, 15.239, 338.03, -1.02, 0.000, 0.00, 0.00);
insert into SHOT values (379, 381, 380, 19, 8.457, 330.92, -17.98, 8.457, 330.92, -17.98, 0.000, 180.00, 0.00);
insert into SHOT values (380, 382, 381, 19, 6.554, 337.02, -42.05, 6.554, 337.02, -42.05, 0.000, 0.00, 0.00);
insert into SHOT values (381, 383, 382, 19, 5.644, 338.00, -28.93, 5.644, 338.00, -28.93, 0.000, 180.00, 0.00);
insert into SHOT values (382, 384, 383, 19, 6.402, 309.02, -27.04, 6.402, 309.02, -27.04, 0.000, 180.00, 0.00);
insert into SHOT values (383, 385, 375, 19, 11.055, 60.02, 2.02, 11.055, 60.02, 2.02, 0.000, 180.00, 0.00);
insert into SHOT values (384, 386, 385, 19, 6.096, 48.99, 0.00, 6.096, 48.99, 0.00, 0.000, 180.00, 0.00);
insert into SHOT values (385, 387, 368, 19, 6.863, 286.96, -29.03, 6.863, 286.96, -29.03, 0.000, 0.00, 0.00);
insert into SHOT values (386, 388, 387, 19, 5.178, 330.10, -26.99, 5.178, 330.10, -26.99, 0.000, 180.00, 0.00);
insert into SHOT values (387, 389, 388, 19, 3.956, 315.92, -2.03, 3.956, 315.92, -2.03, 0.000, 0.00, 0.00);
insert into SHOT values (388, 390, 389, 19, 2.744, 358.92, -15.00, 2.744, 358.92, -15.00, 0.000, 180.00, 0.00);
insert into SHOT values (389, 391, 390, 19, 2.741, 322.09, -15.88, 2.741, 322.09, -15.88, 0.000, 180.00, 0.00);
insert into SHOT values (390, 392, 266, 19, 6.103, 304.94, -15.98, 6.103, 304.94, -15.98, 0.000, 0.00, 0.00);
insert into SHOT values (391, 393, 392, 19, 1.497, 303.27, 39.90, 1.497, 303.27, 39.90, 0.000, 180.00, 0.00);
insert into SHOT values (392, 394, 393, 19, 7.325, 230.95, 33.01, 7.325, 230.95, 33.01, 0.000, 180.00, 0.00);
insert into SHOT values (393, 395, 394, 19, 9.611, 269.02, 38.02, 9.611, 269.02, 38.02, 0.000, 0.00, 0.00);
insert into SHOT values (394, 396, 395, 19, 6.550, 290.99, -4.03, 6.550, 290.99, -4.03, 0.000, 180.00, 0.00);
insert into SHOT values (395, 397, 396, 19, 2.593, 350.90, -1.10, 2.593, 350.90, -1.10, 0.000, 180.00, 0.00);
insert into SHOT values (396, 398, 397, 19, 7.620, 42.02, -0.98, 7.620, 42.02, -0.98, 0.000, 0.00, 0.00);
insert into SHOT values (397, 399, 266, 19, 10.358, 355.99, -38.02, 10.358, 355.99, -38.02, 0.000, 0.00, 0.00);
insert into SHOT values (398, 400, 399, 19, 8.536, 318.99, 1.01, 8.536, 318.99, 1.01, 0.000, 180.00, 0.00);
insert into SHOT values (399, 401, 268, 19, 7.014, 314.07, -8.03, 7.014, 314.07, -8.03, 0.000, 184.09, 0.00);
insert into SHOT values (400, 402, 401, 19, 5.171, 303.94, 3.99, 5.171, 303.94, 3.99, 0.000, 11.31, 0.00);
insert into SHOT values (401, 403, 269, 19, 20.803, 132.00, 0.00, 20.803, 132.00, 0.00, 0.000, 0.00, 0.00);
insert into SHOT values (402, 404, 403, 19, 1.994, 135.00, 0.00, 1.994, 135.00, 0.00, 0.000, 180.00, 0.00);
insert into SHOT values (403, 405, 306, 19, 4.722, 357.99, 24.92, 4.722, 357.99, 24.92, 0.000, 180.00, 0.00);
insert into SHOT values (404, 406, 303, 19, 9.233, 283.99, -6.03, 9.233, 283.99, -6.03, 0.000, 0.00, 0.00);
insert into SHOT values (405, 407, 299, 19, 5.183, 141.03, 0.00, 5.183, 141.03, 0.00, 0.000, 356.63, 0.00);
insert into SHOT values (406, 408, 281, 19, 3.804, 125.99, 4.07, 3.804, 125.99, 4.07, 0.000, 180.00, 0.00);
insert into SHOT values (407, 409, 408, 19, 6.094, 86.05, 0.00, 6.094, 86.05, 0.00, 0.000, 356.63, 0.00);
insert into SHOT values (408, 410, 348, 19, 2.002, 142.10, 0.00, 2.002, 142.10, 0.00, 0.000, 0.00, 0.00);
insert into SHOT values (409, 411, 410, 19, 64.000, 0.00, -90.00, 64.000, 90.00, -90.00, 0.000, 90.00, 0.00);
insert into SHOT values (410, 412, 323, 19, 3.204, 24.00, 3.94, 3.204, 24.00, 3.94, 0.000, 0.00, 0.00);
insert into SHOT values (411, 413, 412, 19, 53.000, 0.00, -90.00, 53.000, 90.00, -90.00, 0.000, 90.00, 0.00);
insert into SHOT values (412, 414, 309, 19, 1.981, 250.09, -6.67, 1.981, 250.09, -6.67, 0.000, 0.00, 0.00);
insert into SHOT values (413, 415, 414, 19, 7.869, 143.00, -26.98, 7.869, 143.00, -26.98, 0.000, 180.00, 0.00);
insert into SHOT values (414, 416, 323, 19, 15.243, 168.00, 0.00, 15.243, 168.00, 0.00, 0.000, 0.00, 0.00);
insert into SHOT values (415, 417, 416, 19, 15.240, 180.00, 0.00, 15.240, 180.00, 0.00, 0.000, 0.00, 0.00);
insert into SHOT values (416, 418, 417, 19, 15.238, 172.00, 0.00, 15.238, 172.00, 0.00, 0.000, 180.00, 0.00);
insert into SHOT values (417, 419, 418, 19, 15.242, 180.98, 0.00, 15.242, 180.98, 0.00, 0.000, 0.00, 0.00);
insert into SHOT values (418, 420, 419, 19, 15.233, 167.99, 0.00, 15.233, 167.99, 0.00, 0.000, 180.00, 0.00);
insert into SHOT values (419, 421, 420, 19, 15.243, 199.03, 0.00, 15.243, 199.03, 0.00, 0.000, 0.00, 0.00);
insert into SHOT values (420, 422, 421, 19, 15.241, 191.97, 0.00, 15.241, 191.97, 0.00, 0.000, 177.40, 0.00);
insert into SHOT values (421, 423, 422, 19, 15.245, 201.03, 0.00, 15.245, 201.03, 0.00, 0.000, 352.87, 0.00);
insert into SHOT values (422, 424, 423, 19, 12.154, 217.98, 0.00, 12.154, 217.98, 0.00, 0.000, 0.00, 0.00);
insert into SHOT values (423, 425, 424, 19, 8.994, 169.04, 0.00, 8.994, 169.04, 0.00, 0.000, 180.00, 0.00);
insert into SHOT values (424, 426, 425, 19, 15.241, 145.97, 0.00, 15.241, 145.97, 0.00, 0.000, 90.00, 0.00);
insert into SHOT values (425, 427, 426, 19, 15.233, 162.03, 0.00, 15.233, 162.03, 0.00, 0.000, 180.00, 0.00);
insert into SHOT values (426, 428, 427, 19, 13.002, 146.00, 0.00, 13.002, 146.00, 0.00, 0.000, 357.14, 0.00);
insert into SHOT values (427, 429, 428, 19, 15.247, 162.99, 0.00, 15.247, 162.99, 0.00, 0.000, 178.21, 0.00);
insert into SHOT values (428, 430, 429, 19, 15.238, 155.00, 0.00, 15.238, 155.00, 0.00, 0.000, 0.00, 0.00);
insert into SHOT values (429, 431, 430, 19, 15.240, 158.00, 0.00, 15.240, 158.00, 0.00, 0.000, 0.00, 0.00);
insert into SHOT values (430, 432, 431, 19, 15.241, 153.00, 0.00, 15.241, 153.00, 0.00, 0.000, 180.00, 0.00);
insert into SHOT values (431, 433, 432, 19, 15.235, 146.00, 0.00, 15.235, 146.00, 0.00, 0.000, 180.00, 0.00);
insert into SHOT values (432, 434, 433, 19, 14.024, 143.00, 0.00, 14.024, 143.00, 0.00, 0.000, 0.00, 0.00);
insert into SHOT values (433, 435, 434, 19, 28.349, 176.00, 0.00, 28.349, 176.00, 0.00, 0.000, 0.00, 0.00);
insert into SHOT values (434, 436, 435, 19, 29.874, 190.00, 0.00, 29.874, 190.00, 0.00, 0.000, 180.00, 0.00);
insert into SHOT values (435, 437, 436, 19, 23.614, 165.00, 0.00, 23.614, 165.00, 0.00, 0.000, 0.00, 0.00);
insert into SHOT values (436, 438, 437, 19, 18.293, 155.00, 0.00, 18.293, 155.00, 0.00, 0.000, 0.00, 0.00);
insert into SHOT values (437, 439, 438, 19, 11.580, 146.98, 0.00, 11.580, 146.98, 0.00, 0.000, 177.61, 0.00);
insert into SHOT values (438, 440, 439, 19, 15.085, 149.00, 0.00, 15.085, 149.00, 0.00, 0.000, 354.81, 0.00);
insert into SHOT values (439, 441, 440, 19, 10.974, 140.03, 0.00, 10.974, 140.03, 0.00, 0.000, 348.69, 0.00);
insert into SHOT values (440, 442, 441, 19, 58.828, 157.00, 0.00, 58.828, 157.00, 0.00, 0.000, 175.24, 0.00);
insert into SHOT values (441, 443, 442, 19, 14.629, 155.01, 0.00, 14.629, 155.01, 0.00, 0.000, 0.00, 0.00);
insert into SHOT values (442, 444, 443, 19, 12.500, 155.01, 0.00, 12.500, 155.01, 0.00, 0.000, 90.00, 0.00);
insert into SHOT values (443, 445, 444, 19, 21.029, 147.98, 0.00, 21.029, 147.98, 0.00, 0.000, 0.00, 0.00);
insert into SHOT values (444, 446, 445, 19, 30.479, 161.01, 0.00, 30.479, 161.01, 0.00, 0.000, 180.00, 0.00);
insert into SHOT values (445, 447, 446, 19, 19.817, 153.99, 0.00, 19.817, 153.99, 0.00, 0.000, 180.00, 0.00);
insert into SHOT values (446, 448, 447, 19, 13.718, 144.02, 0.00, 13.718, 144.02, 0.00, 0.000, 180.00, 0.00);
insert into SHOT values (447, 449, 448, 19, 30.477, 147.00, 0.00, 30.477, 147.00, 0.00, 0.000, 0.00, 0.00);
insert into SHOT values (448, 450, 449, 19, 30.483, 159.01, 0.00, 30.483, 159.01, 0.00, 0.000, 180.00, 0.00);
insert into SHOT values (449, 451, 450, 19, 26.522, 146.99, 0.00, 26.522, 146.99, 0.00, 0.000, 0.00, 0.00);
insert into SHOT values (450, 452, 451, 19, 25.597, 106.99, 0.00, 25.597, 106.99, 0.00, 0.000, 180.00, 0.00);
insert into SHOT values (451, 453, 323, 19, 12.347, 95.02, 0.00, 12.347, 95.02, 0.00, 0.000, 0.00, 0.00);
insert into SHOT values (452, 454, 453, 19, 42.370, 90.00, 0.00, 42.370, 90.00, 0.00, 0.000, 90.00, 0.00);
insert into SHOT values (453, 455, 454, 19, 53.000, 0.00, -90.00, 53.000, 90.00, -90.00, 0.000, 90.00, 0.00);
insert into SHOT values (454, 456, 287, 19, 4.693, 187.00, 5.01, 4.693, 187.00, 5.01, 0.000, 180.00, 0.00);
insert into SHOT values (455, 457, 456, 19, 0.560, 0.00, 90.00, 0.560, 90.00, 90.00, 0.000, 90.00, 0.00);
insert into SHOT values (456, 458, 457, 19, 1.832, 188.84, 5.95, 1.832, 188.84, 5.95, 0.000, 0.00, 0.00);
insert into SHOT values (457, 459, 458, 19, 6.200, 173.01, -6.02, 6.200, 173.01, -6.02, 0.000, 0.00, 0.00);
insert into SHOT values (458, 460, 459, 19, 1.604, 147.99, 0.00, 1.604, 147.99, 0.00, 0.000, 90.00, 0.00);
insert into SHOT values (459, 461, 460, 19, 5.330, 137.01, -9.94, 5.330, 137.01, -9.94, 0.000, 180.00, 0.00);
insert into SHOT values (460, 462, 461, 19, 6.094, 199.03, 16.98, 6.094, 199.03, 16.98, 0.000, 180.00, 0.00);
insert into SHOT values (461, 463, 462, 19, 4.802, 196.01, 11.05, 4.802, 196.01, 11.05, 0.000, 0.00, 0.00);
insert into SHOT values (462, 464, 463, 19, 2.441, 171.04, -2.11, 2.441, 171.04, -2.11, 0.000, 0.00, 0.00);
insert into SHOT values (463, 465, 464, 19, 3.277, 103.10, -4.90, 3.277, 103.10, -4.90, 0.000, 0.00, 0.00);
insert into SHOT values (464, 466, 465, 19, 2.290, 0.00, -90.00, 2.290, 90.00, -90.00, 0.000, 90.00, 0.00);
insert into SHOT values (465, 467, 466, 19, 2.999, 337.08, -9.99, 2.999, 337.08, -9.99, 0.000, 180.00, 0.00);
insert into SHOT values (466, 468, 467, 19, 3.055, 316.06, 0.00, 3.055, 316.06, 0.00, 0.000, 180.00, 0.00);
insert into SHOT values (467, 469, 468, 19, 2.737, 333.06, 0.00, 2.737, 333.06, 0.00, 0.000, 90.00, 0.00);
insert into SHOT values (468, 470, 466, 19, 1.829, 134.77, 13.92, 1.829, 134.77, 13.92, 0.000, 180.00, 0.00);
insert into SHOT values (469, 471, 470, 19, 6.710, 148.01, -19.05, 6.710, 148.01, -19.05, 0.000, 0.00, 0.00);
insert into SHOT values (470, 472, 471, 19, 3.153, 152.97, 30.08, 3.153, 152.97, 30.08, 0.000, 180.00, 0.00);
insert into SHOT values (471, 473, 472, 19, 9.852, 150.99, -8.99, 9.852, 150.99, -8.99, 0.000, 0.00, 0.00);
insert into SHOT values (472, 474, 473, 19, 0.610, 270.94, 0.00, 0.610, 270.94, 0.00, 0.000, 0.00, 0.00);
insert into SHOT values (473, 475, 474, 19, 4.267, 165.05, -2.01, 4.267, 165.05, -2.01, 0.000, 180.00, 0.00);
insert into SHOT values (474, 476, 475, 19, 6.102, 145.97, -6.96, 6.102, 145.97, -6.96, 0.000, 180.00, 0.00);
insert into SHOT values (475, 477, 476, 19, 2.941, 162.18, 0.00, 2.941, 162.18, 0.00, 0.000, 180.00, 0.00);
insert into SHOT values (476, 478, 477, 19, 2.441, 166.88, 6.82, 2.441, 166.88, 6.82, 0.000, 0.00, 0.00);
insert into SHOT values (477, 479, 478, 19, 3.052, 129.95, 0.00, 3.052, 129.95, 0.00, 0.000, 180.00, 0.00);
insert into SHOT values (478, 480, 479, 19, 6.531, 42.95, 0.00, 6.531, 42.95, 0.00, 0.000, 180.00, 0.00);
insert into SHOT values (479, 481, 479, 19, 1.677, 165.13, 2.05, 1.677, 165.13, 2.05, 0.000, 0.00, 0.00);
insert into SHOT values (480, 482, 481, 19, 3.549, 235.01, -4.04, 3.549, 235.01, -4.04, 0.000, 180.00, 0.00);
insert into SHOT values (481, 483, 482, 19, 5.178, 163.04, -1.99, 5.178, 163.04, -1.99, 0.000, 0.00, 0.00);
insert into SHOT values (482, 484, 483, 19, 3.710, 218.97, 3.09, 3.710, 218.97, 3.09, 0.000, 0.00, 0.00);
insert into SHOT values (483, 485, 484, 19, 4.520, 238.03, 2.92, 4.520, 238.03, 2.92, 0.000, 180.00, 0.00);
insert into SHOT values (484, 486, 485, 19, 4.912, 216.96, -2.92, 4.912, 216.96, -2.92, 0.000, 0.00, 0.00);
insert into SHOT values (485, 487, 486, 19, 5.381, 174.99, 0.00, 5.381, 174.99, 0.00, 0.000, 180.00, 0.00);
insert into SHOT values (486, 488, 487, 19, 4.107, 247.06, 1.95, 4.107, 247.06, 1.95, 0.000, 180.00, 0.00);
insert into SHOT values (487, 489, 488, 19, 4.337, 229.96, 0.00, 4.337, 229.96, 0.00, 0.000, 0.00, 0.00);
insert into SHOT values (488, 490, 489, 19, 7.471, 198.02, 1.99, 7.471, 198.02, 1.99, 0.000, 180.00, 0.00);
insert into SHOT values (489, 491, 490, 19, 4.374, 283.91, 3.01, 4.374, 283.91, 3.01, 0.000, 0.00, 0.00);
insert into SHOT values (490, 492, 491, 19, 4.041, 212.98, 0.00, 4.041, 212.98, 0.00, 0.000, 0.00, 0.00);
insert into SHOT values (491, 493, 492, 19, 2.226, 197.78, 0.00, 2.226, 197.78, 0.00, 0.000, 180.00, 0.00);
insert into SHOT values (492, 494, 493, 19, 4.471, 220.00, -2.95, 4.471, 220.00, -2.95, 0.000, 180.00, 0.00);
insert into SHOT values (493, 495, 494, 19, 0.559, 61.14, 0.00, 0.559, 61.14, 0.00, 0.000, 0.00, 0.00);
insert into SHOT values (494, 496, 495, 19, 3.100, 0.00, -90.00, 3.100, 90.00, -90.00, 0.000, 90.00, 0.00);
insert into SHOT values (495, 497, 496, 19, 2.739, 29.10, 2.93, 2.739, 29.10, 2.93, 0.000, 180.00, 0.00);
insert into SHOT values (496, 498, 497, 19, 3.299, 4.00, 1.04, 3.299, 4.00, 1.04, 0.000, 356.99, 0.00);
insert into SHOT values (497, 499, 498, 19, 1.752, 312.91, -3.93, 1.752, 312.91, -3.93, 0.000, 174.81, 0.00);
insert into SHOT values (498, 500, 499, 19, 2.045, 256.10, 3.93, 2.045, 256.10, 3.93, 0.000, 0.00, 0.00);
insert into SHOT values (499, 501, 500, 19, 2.796, 297.94, 0.00, 2.796, 297.94, 0.00, 0.000, 180.00, 0.00);
insert into SHOT values (500, 502, 501, 19, 2.868, 324.98, -5.00, 2.868, 324.98, -5.00, 0.000, 180.00, 0.00);
insert into SHOT values (501, 503, 496, 19, 3.612, 186.04, -2.06, 3.612, 186.04, -2.06, 0.000, 183.58, 0.00);
insert into SHOT values (502, 504, 503, 19, 1.417, 263.10, -28.21, 1.417, 263.10, -28.21, 0.000, 4.76, 0.00);
insert into SHOT values (503, 505, 504, 19, 3.046, 306.92, -36.00, 3.046, 306.92, -36.00, 0.000, 180.00, 0.00);
insert into SHOT values (504, 506, 479, 19, 5.488, 50.92, 0.00, 5.488, 50.92, 0.00, 0.000, 0.00, 0.00);
insert into SHOT values (505, 507, 506, 19, 3.646, 349.09, 0.00, 3.646, 349.09, 0.00, 0.000, 180.00, 0.00);
insert into SHOT values (506, 508, 507, 19, 2.735, 341.90, 0.00, 2.735, 341.90, 0.00, 0.000, 180.00, 0.00);
insert into SHOT values (507, 509, 508, 19, 2.744, 9.02, 0.00, 2.744, 9.02, 0.00, 0.000, 0.00, 0.00);
insert into SHOT values (508, 510, 509, 19, 3.046, 8.87, 0.00, 3.046, 8.87, 0.00, 0.000, 0.00, 0.00);
insert into SHOT values (509, 511, 510, 19, 3.656, 9.13, 0.00, 3.656, 9.13, 0.00, 0.000, 180.00, 0.00);
insert into SHOT values (510, 512, 470, 19, 3.712, 243.92, 2.93, 3.712, 243.92, 2.93, 0.000, 0.00, 0.00);
insert into SHOT values (511, 513, 512, 19, 3.298, 206.10, 2.09, 3.298, 206.10, 2.09, 0.000, 178.49, 0.00);
insert into SHOT values (512, 514, 513, 19, 1.025, 299.33, 5.04, 1.025, 299.33, 5.04, 0.000, 357.80, 0.00);
insert into SHOT values (513, 515, 514, 19, 3.664, 319.87, 2.03, 3.664, 319.87, 2.03, 0.000, 6.34, 0.00);
insert into SHOT values (514, 516, 515, 19, 2.682, 288.03, 0.00, 2.682, 288.03, 0.00, 0.000, 350.54, 0.00);
insert into SHOT values (515, 517, 516, 19, 1.984, 216.11, -7.24, 1.984, 216.11, -7.24, 0.000, 180.00, 0.00);
insert into SHOT values (516, 518, 517, 19, 3.812, 175.94, -1.95, 3.812, 175.94, -1.95, 0.000, 180.00, 0.00);
insert into SHOT values (517, 519, 518, 19, 5.488, 218.04, -1.98, 5.488, 218.04, -1.98, 0.000, 0.00, 0.00);
insert into SHOT values (518, 520, 519, 19, 10.968, 246.01, 0.00, 10.968, 246.01, 0.00, 0.000, 0.00, 0.00);
insert into SHOT values (519, 521, 520, 19, 3.937, 256.03, -1.02, 3.937, 256.03, -1.02, 0.000, 90.00, 0.00);
insert into SHOT values (520, 522, 521, 19, 4.870, 233.01, 0.00, 4.870, 233.01, 0.00, 0.000, 341.57, 0.00);
insert into SHOT values (521, 523, 522, 19, 5.254, 224.92, 0.00, 5.254, 224.92, 0.00, 0.000, 168.69, 0.00);
insert into SHOT values (522, 524, 523, 19, 3.737, 239.93, -2.91, 3.737, 239.93, -2.91, 0.000, 180.00, 0.00);
insert into SHOT values (523, 525, 524, 19, 10.619, 230.04, 0.00, 10.619, 230.04, 0.00, 0.000, 0.00, 0.00);
insert into SHOT values (524, 526, 525, 19, 3.446, 228.89, 3.99, 3.446, 228.89, 3.99, 0.000, 180.00, 0.00);
insert into SHOT values (525, 527, 526, 19, 2.258, 197.07, -5.08, 2.258, 197.07, -5.08, 0.000, 0.00, 0.00);
insert into SHOT values (526, 528, 527, 19, 10.137, 254.96, 0.00, 10.137, 254.96, 0.00, 0.000, 180.00, 0.00);
insert into SHOT values (527, 529, 528, 19, 13.374, 282.04, 0.00, 13.374, 282.04, 0.00, 0.000, 0.00, 0.00);
insert into SHOT values (528, 530, 529, 19, 4.869, 277.91, 2.00, 4.869, 277.91, 2.00, 0.000, 90.00, 0.00);
insert into SHOT values (529, 531, 530, 19, 12.199, 284.01, 3.01, 12.199, 284.01, 3.01, 0.000, 0.00, 0.00);
insert into SHOT values (530, 532, 531, 19, 9.797, 269.01, 1.99, 9.797, 269.01, 1.99, 0.000, 180.00, 0.00);
insert into SHOT values (531, 533, 532, 19, 4.568, 278.95, 2.01, 4.568, 278.95, 2.01, 0.000, 0.00, 0.00);
insert into SHOT values (532, 534, 533, 19, 3.964, 252.98, 1.01, 3.964, 252.98, 1.01, 0.000, 0.00, 0.00);
insert into SHOT values (533, 535, 534, 19, 5.507, 278.04, 1.98, 5.507, 278.04, 1.98, 0.000, 180.00, 0.00);
insert into SHOT values (534, 536, 535, 19, 2.733, 256.07, -9.05, 2.733, 256.07, -9.05, 0.000, 0.00, 0.00);
insert into SHOT values (535, 537, 536, 19, 5.740, 165.03, 10.03, 5.740, 165.03, 10.03, 0.000, 90.00, 0.00);
insert into SHOT values (536, 538, 537, 19, 6.204, 158.03, 2.03, 6.204, 158.03, 2.03, 0.000, 0.00, 0.00);
insert into SHOT values (537, 539, 538, 19, 4.879, 149.94, -12.07, 4.879, 149.94, -12.07, 0.000, 180.00, 0.00);
insert into SHOT values (538, 540, 539, 19, 2.875, 164.11, -19.93, 2.875, 164.11, -19.93, 0.000, 180.00, 0.00);
insert into SHOT values (539, 541, 540, 19, 0.760, 0.00, 90.00, 0.760, 90.00, 90.00, 0.000, 90.00, 0.00);
insert into SHOT values (540, 542, 541, 19, 9.947, 145.01, 3.98, 9.947, 145.01, 3.98, 0.000, 0.00, 0.00);
insert into SHOT values (541, 543, 542, 19, 1.070, 0.00, -90.00, 1.070, 90.00, -90.00, 0.000, 90.00, 0.00);
insert into SHOT values (542, 544, 543, 19, 3.317, 162.88, -37.95, 3.317, 162.88, -37.95, 0.000, 182.60, 0.00);
insert into SHOT values (543, 545, 544, 19, 5.088, 159.99, 32.99, 5.088, 159.99, 32.99, 0.000, 4.09, 0.00);
insert into SHOT values (544, 546, 308, 19, 42.850, 332.38, -13.22, 42.850, 332.38, -13.22, 0.000, 0.00, 0.00);
insert into SHOT values (545, 546, 545, 19, 4.338, 142.94, 17.02, 4.338, 142.94, 17.02, 0.000, 0.00, 0.00);
insert into SHOT values (546, 547, 503, 19, 2.870, 269.00, 0.00, 2.870, 269.00, 0.00, 0.000, 176.42, 0.00);
insert into SHOT values (547, 548, 547, 19, 3.056, 204.97, 0.00, 3.056, 204.97, 0.00, 0.000, 180.00, 0.00);
insert into SHOT values (548, 549, 548, 19, 1.826, 189.77, 0.00, 1.826, 189.77, 0.00, 0.000, 0.00, 0.00);
insert into SHOT values (549, 550, 549, 19, 3.501, 221.06, 0.00, 3.501, 221.06, 0.00, 0.000, 0.00, 0.00);
insert into SHOT values (550, 551, 550, 19, 3.053, 250.08, 0.00, 3.053, 250.08, 0.00, 0.000, 180.00, 0.00);
insert into SHOT values (551, 552, 551, 19, 3.048, 224.87, 0.00, 3.048, 224.87, 0.00, 0.000, 0.00, 0.00);
insert into SHOT values (552, 553, 552, 19, 4.108, 240.06, 0.00, 4.108, 240.06, 0.00, 0.000, 180.00, 0.00);
insert into SHOT values (553, 554, 553, 19, 3.804, 328.98, 0.00, 3.804, 328.98, 0.00, 0.000, 333.43, 0.00);
insert into SHOT values (554, 555, 233, 19, 3.345, 19.89, -14.90, 3.345, 19.89, -14.90, 0.000, 0.00, 0.00);
insert into SHOT values (555, 556, 244, 19, 3.344, 343.05, -9.99, 3.344, 343.05, -9.99, 0.000, 0.00, 0.00);
insert into SHOT values (556, 557, 308, 19, 7.006, 246.00, 0.00, 7.006, 246.00, 0.00, 0.000, 180.00, 0.00);
insert into SHOT values (557, 558, 557, 19, 12.798, 270.00, 4.98, 12.798, 270.00, 4.98, 0.000, 90.00, 0.00);
insert into SHOT values (558, 559, 558, 19, 6.867, 256.96, 0.00, 6.867, 256.96, 0.00, 0.000, 0.00, 0.00);
insert into SHOT values (559, 560, 559, 19, 8.997, 323.03, 5.04, 8.997, 323.03, 5.04, 0.000, 180.00, 0.00);
insert into SHOT values (560, 561, 560, 19, 2.435, 303.95, 0.00, 2.435, 303.95, 0.00, 0.000, 0.00, 0.00);
insert into SHOT values (561, 562, 561, 19, 5.491, 354.99, 0.00, 5.491, 354.99, 0.00, 0.000, 180.00, 0.00);
insert into SHOT values (562, 563, 562, 19, 6.713, 286.98, 0.00, 6.713, 286.98, 0.00, 0.000, 180.00, 0.00);
insert into SHOT values (563, 564, 563, 19, 3.349, 283.99, 0.00, 3.349, 283.99, 0.00, 0.000, 180.00, 0.00);
insert into SHOT values (564, 565, 564, 19, 3.959, 276.96, 0.00, 3.959, 276.96, 0.00, 0.000, 0.00, 0.00);
insert into SHOT values (565, 566, 565, 19, 4.881, 242.02, 0.00, 4.881, 242.02, 0.00, 0.000, 180.00, 0.00);
insert into SHOT values (566, 567, 566, 19, 2.741, 277.13, 0.00, 2.741, 277.13, 0.00, 0.000, 0.00, 0.00);
insert into SHOT values (567, 568, 567, 19, 3.343, 261.92, 0.00, 3.343, 261.92, 0.00, 0.000, 0.00, 0.00);
insert into SHOT values (568, 569, 568, 19, 2.434, 127.15, 0.00, 2.434, 127.15, 0.00, 0.000, 180.00, 0.00);
insert into SHOT values (569, 570, 569, 19, 3.660, 197.00, 0.00, 3.660, 197.00, 0.00, 0.000, 184.40, 0.00);
insert into SHOT values (570, 571, 570, 19, 6.100, 270.00, 0.00, 6.100, 270.00, 0.00, 0.000, 4.76, 0.00);
insert into SHOT values (571, 572, 571, 19, 3.650, 236.96, 0.00, 3.650, 236.96, 0.00, 0.000, 180.00, 0.00);
insert into SHOT values (572, 573, 572, 19, 3.667, 259.00, 0.00, 3.667, 259.00, 0.00, 0.000, 165.96, 0.00);
insert into SHOT values (573, 574, 573, 19, 5.485, 247.03, 0.00, 5.485, 247.03, 0.00, 0.000, 183.81, 0.00);
insert into SHOT values (574, 575, 574, 19, 3.352, 212.08, 0.00, 3.352, 212.08, 0.00, 0.000, 0.00, 0.00);
insert into SHOT values (575, 576, 575, 19, 1.828, 196.85, 0.00, 1.828, 196.85, 0.00, 0.000, 0.00, 0.00);
insert into SHOT values (576, 577, 578, 19, 3.057, 339.40, -9.79, 3.057, 159.40, 9.79, 6.114, 159.40, 9.79);
insert into SHOT values (577, 579, 577, 19, 15.742, 172.04, -0.29, 15.742, 172.04, -0.29, 0.000, 180.00, 0.00);
insert into SHOT values (578, 580, 579, 19, 6.182, 168.33, -2.13, 6.182, 168.33, -2.13, 0.000, 357.27, 0.00);
insert into SHOT values (579, 581, 580, 19, 8.173, 199.59, -0.14, 8.173, 199.59, -0.14, 0.000, 4.09, 0.00);
insert into SHOT values (580, 582, 581, 19, 1.968, 99.17, 8.77, 1.968, 99.17, 8.77, 0.000, 177.88, 0.00);
insert into SHOT values (581, 583, 582, 19, 8.205, 125.12, 0.84, 8.205, 125.12, 0.84, 0.000, 356.19, 0.00);
insert into SHOT values (582, 584, 583, 19, 7.728, 125.09, 1.85, 7.728, 125.09, 1.85, 0.000, 180.00, 0.00);
insert into SHOT values (583, 585, 584, 19, 2.803, 137.31, -1.23, 2.803, 137.31, -1.23, 0.000, 0.00, 0.00);
insert into SHOT values (584, 586, 585, 19, 3.274, 104.33, 1.93, 3.274, 104.33, 1.93, 0.000, 0.00, 0.00);
insert into SHOT values (585, 587, 586, 19, 3.893, 128.31, -3.09, 3.893, 128.31, -3.09, 0.000, 180.00, 0.00);
insert into SHOT values (586, 588, 587, 19, 2.274, 146.31, 2.77, 2.274, 146.31, 2.77, 0.000, 0.00, 0.00);
insert into SHOT values (587, 589, 588, 19, 1.520, 145.26, 6.80, 1.520, 145.26, 6.80, 0.000, 180.00, 0.00);
insert into SHOT values (588, 590, 589, 19, 1.450, 174.45, 3.95, 1.450, 174.45, 3.95, 0.000, 0.00, 0.00);
insert into SHOT values (589, 591, 590, 19, 5.908, 116.22, 0.87, 5.908, 116.22, 0.87, 0.000, 0.00, 0.00);
insert into SHOT values (590, 592, 591, 19, 3.242, 133.25, -2.12, 3.242, 133.25, -2.12, 0.000, 0.00, 0.00);
insert into SHOT values (591, 593, 592, 19, 2.672, 174.63, 0.86, 2.672, 174.63, 0.86, 0.000, 180.00, 0.00);
insert into SHOT values (592, 594, 593, 19, 0.191, 45.00, -85.74, 0.191, 45.00, -85.74, 0.000, 0.00, 0.00);
insert into SHOT values (593, 595, 594, 19, 0.220, 45.00, 86.32, 0.220, 45.00, 86.32, 0.000, 180.00, 0.00);
insert into SHOT values (594, 596, 595, 19, 4.804, 90.36, 2.27, 4.804, 90.36, 2.27, 0.000, 180.00, 0.00);
insert into SHOT values (595, 597, 596, 19, 4.496, 115.71, 0.89, 4.496, 115.71, 0.89, 0.000, 352.87, 0.00);
insert into SHOT values (596, 598, 597, 19, 2.575, 100.30, 2.89, 2.575, 100.30, 2.89, 0.000, 176.42, 0.00);
insert into SHOT values (597, 599, 598, 19, 1.531, 56.63, 9.78, 1.531, 56.63, 9.78, 0.000, 0.00, 0.00);
insert into SHOT values (598, 600, 599, 19, 1.180, 0.00, -89.51, 1.180, 0.00, -89.51, 0.000, 180.00, 0.00);
insert into SHOT values (599, 601, 600, 19, 1.205, 4.44, -30.97, 1.205, 4.44, -30.97, 0.000, 165.96, 0.00);
insert into SHOT values (600, 602, 601, 19, 1.401, 0.41, 1.64, 1.401, 0.41, 1.64, 0.000, 358.41, 0.00);
insert into SHOT values (601, 603, 602, 19, 6.230, 45.00, -89.74, 6.230, 45.00, -89.74, 0.000, 180.00, 0.00);
insert into SHOT values (602, 604, 603, 19, 0.825, 307.57, -6.26, 0.825, 307.57, -6.26, 0.000, 0.00, 0.00);
insert into SHOT values (603, 605, 604, 19, 1.764, 131.31, 4.88, 1.764, 131.31, 4.88, 0.000, 315.00, 0.00);
insert into SHOT values (604, 606, 605, 19, 5.902, 189.56, -0.19, 5.902, 189.56, -0.19, 0.000, 171.87, 0.00);
insert into SHOT values (605, 607, 606, 19, 3.986, 132.25, 0.00, 3.986, 132.25, 0.00, 0.000, 180.00, 0.00);
insert into SHOT values (606, 608, 607, 19, 4.620, 26.57, -89.72, 4.620, 26.57, -89.72, 0.000, 0.00, 0.00);
insert into SHOT values (607, 609, 608, 19, 5.261, 295.20, -0.54, 5.261, 295.20, -0.54, 0.000, 0.00, 0.00);
insert into SHOT values (608, 610, 609, 19, 3.020, 45.00, -89.73, 3.020, 45.00, -89.73, 0.000, 180.00, 0.00);
insert into SHOT values (609, 611, 610, 19, 3.303, 114.31, -0.35, 3.303, 114.31, -0.35, 0.000, 0.00, 0.00);
insert into SHOT values (610, 612, 611, 19, 2.517, 156.23, 9.83, 2.517, 156.23, 9.83, 0.000, 153.43, 0.00);
insert into SHOT values (611, 613, 612, 19, 3.182, 76.36, 1.98, 3.182, 76.36, 1.98, 0.000, 352.87, 0.00);
insert into SHOT values (612, 614, 613, 19, 1.419, 32.01, 4.44, 1.419, 32.01, 4.44, 0.000, 180.00, 0.00);
insert into SHOT values (613, 615, 614, 19, 4.770, 38.68, 4.93, 4.770, 38.68, 4.93, 0.000, 5.19, 0.00);
insert into SHOT values (614, 616, 615, 19, 1.898, 5.14, -0.30, 1.898, 5.14, -0.30, 0.000, 189.46, 0.00);
insert into SHOT values (615, 617, 616, 19, 4.167, 119.28, -5.09, 4.167, 119.28, -5.09, 0.000, 0.00, 0.00);
insert into SHOT values (616, 618, 617, 19, 3.737, 72.45, 9.86, 3.737, 72.45, 9.86, 0.000, 0.00, 0.00);
insert into SHOT values (617, 619, 618, 19, 1.755, 34.78, 2.61, 1.755, 34.78, 2.61, 0.000, 180.00, 0.00);
insert into SHOT values (618, 620, 619, 19, 4.230, 89.32, 0.00, 4.230, 89.32, 0.00, 0.000, 0.00, 0.00);
insert into SHOT values (619, 621, 620, 19, 6.142, 315.13, -58.56, 6.142, 315.13, -58.56, 0.000, 180.00, 0.00);
insert into SHOT values (620, 622, 621, 19, 4.989, 340.13, -23.89, 4.989, 340.13, -23.89, 0.000, 0.00, 0.00);
insert into SHOT values (621, 623, 622, 19, 6.228, 338.18, -23.06, 6.228, 338.18, -23.06, 0.000, 0.00, 0.00);
insert into SHOT values (622, 624, 623, 19, 0.708, 12.31, -37.37, 0.708, 12.31, -37.37, 0.000, 180.00, 0.00);
insert into SHOT values (623, 625, 578, 19, 3.106, 239.91, 10.76, 3.106, 239.91, 10.76, 0.000, 0.00, 0.00);
insert into SHOT values (624, 626, 625, 19, 6.108, 269.40, -19.71, 6.108, 269.40, -19.71, 0.000, 356.19, 0.00);
insert into SHOT values (625, 627, 626, 19, 2.245, 255.64, -17.90, 2.245, 255.64, -17.90, 0.000, 171.87, 0.00);
insert into SHOT values (626, 628, 627, 19, 6.588, 311.92, 4.00, 6.588, 311.92, 4.00, 0.000, 0.00, 0.00);
insert into SHOT values (627, 629, 628, 19, 0.800, 243.43, -88.40, 0.800, 243.43, -88.40, 0.000, 180.00, 0.00);
insert into SHOT values (628, 630, 629, 19, 0.601, 191.69, -9.58, 0.601, 191.69, -9.58, 0.000, 90.00, 0.00);
insert into SHOT values (629, 631, 630, 19, 4.965, 284.85, 3.46, 4.965, 284.85, 3.46, 0.000, 180.00, 0.00);
insert into SHOT values (630, 632, 631, 19, 1.976, 273.84, 47.19, 1.976, 273.84, 47.19, 0.000, 0.00, 0.00);
insert into SHOT values (631, 633, 632, 19, 0.398, 142.25, 10.12, 0.398, 142.25, 10.12, 0.000, 180.00, 0.00);
insert into SHOT values (632, 634, 633, 19, 7.571, 281.21, -2.42, 7.571, 281.21, -2.42, 0.000, 180.00, 0.00);
insert into SHOT values (633, 635, 634, 19, 4.084, 265.92, -2.53, 4.084, 265.92, -2.53, 0.000, 0.00, 0.00);
insert into SHOT values (634, 636, 635, 19, 7.660, 311.88, -2.02, 7.660, 311.88, -2.02, 0.000, 180.00, 0.00);
insert into SHOT values (635, 637, 636, 19, 7.953, 304.29, 1.01, 7.953, 304.29, 1.01, 0.000, 0.00, 0.00);
insert into SHOT values (636, 638, 637, 19, 2.696, 350.57, 4.89, 2.696, 350.57, 4.89, 0.000, 161.57, 0.00);
insert into SHOT values (637, 639, 638, 19, 1.591, 292.80, 19.84, 1.591, 292.80, 19.84, 0.000, 225.00, 0.00);
insert into SHOT values (638, 640, 639, 19, 2.044, 266.62, 5.90, 2.044, 266.62, 5.90, 0.000, 0.00, 0.00);
insert into SHOT values (639, 641, 640, 19, 14.555, 304.77, -2.95, 14.555, 304.77, -2.95, 0.000, 180.00, 0.00);
insert into SHOT values (640, 642, 641, 19, 9.156, 293.37, 1.94, 9.156, 293.37, 1.94, 0.000, 0.00, 0.00);
insert into SHOT values (641, 643, 642, 19, 2.715, 349.60, -0.84, 2.715, 349.60, -0.84, 0.000, 198.43, 0.00);
insert into SHOT values (642, 644, 643, 19, 1.219, 333.43, -52.74, 1.219, 333.43, -52.74, 0.000, 170.54, 0.00);
insert into SHOT values (643, 645, 644, 19, 0.141, 270.00, -81.87, 0.141, 270.00, -81.87, 0.000, 0.00, 0.00);
insert into SHOT values (644, 646, 645, 19, 7.240, 308.38, -2.53, 7.240, 308.38, -2.53, 0.000, 180.00, 0.00);
insert into SHOT values (645, 647, 646, 19, 10.476, 318.49, -3.50, 10.476, 318.49, -3.50, 0.000, 161.57, 0.00);
insert into SHOT values (646, 648, 647, 19, 3.758, 330.01, -5.50, 3.758, 330.01, -5.50, 0.000, 355.60, 0.00);
insert into SHOT values (647, 649, 648, 19, 4.479, 301.62, -4.87, 4.479, 301.62, -4.87, 0.000, 180.00, 0.00);
insert into SHOT values (648, 650, 649, 19, 2.047, 3.65, 2.80, 2.047, 3.65, 2.80, 0.000, 180.00, 0.00);
insert into SHOT values (649, 651, 650, 19, 1.290, 296.57, 13.90, 1.290, 296.57, 13.90, 0.000, 0.00, 0.00);
insert into SHOT values (650, 652, 651, 19, 4.277, 312.06, 3.48, 4.277, 312.06, 3.48, 0.000, 180.00, 0.00);
insert into SHOT values (651, 653, 652, 19, 11.780, 326.32, 1.46, 11.780, 326.32, 1.46, 0.000, 0.00, 0.00);
insert into SHOT values (652, 654, 653, 19, 13.259, 317.23, 1.47, 13.259, 317.23, 1.47, 0.000, 180.00, 0.00);
insert into SHOT values (653, 655, 654, 19, 6.199, 313.47, -11.44, 6.199, 313.47, -11.44, 0.000, 180.00, 0.00);
insert into SHOT values (654, 656, 655, 19, 1.564, 354.33, 14.06, 1.564, 354.33, 14.06, 0.000, 0.00, 0.00);
insert into SHOT values (655, 657, 656, 19, 6.793, 319.80, 6.00, 6.793, 319.80, 6.00, 0.000, 0.00, 0.00);
insert into SHOT values (656, 658, 657, 19, 14.741, 297.40, 1.94, 14.741, 297.40, 1.94, 0.000, 0.00, 0.00);
insert into SHOT values (657, 659, 658, 19, 5.772, 299.33, -3.97, 5.772, 299.33, -3.97, 0.000, 165.96, 0.00);
insert into SHOT values (658, 660, 659, 19, 2.929, 327.04, -27.00, 2.929, 327.04, -27.00, 0.000, 188.13, 0.00);
insert into SHOT values (659, 661, 660, 19, 4.286, 252.62, 0.00, 4.286, 252.62, 0.00, 0.000, 180.00, 0.00);
insert into SHOT values (660, 662, 661, 19, 2.392, 313.98, -2.40, 2.392, 313.98, -2.40, 0.000, 0.00, 0.00);
insert into SHOT values (661, 663, 662, 19, 4.233, 282.85, 3.39, 4.233, 282.85, 3.39, 0.000, 0.00, 0.00);
insert into SHOT values (662, 664, 663, 19, 8.502, 238.86, 4.93, 8.502, 238.86, 4.93, 0.000, 180.00, 0.00);
insert into SHOT values (663, 665, 664, 19, 1.986, 229.07, 17.59, 1.986, 229.07, 17.59, 0.000, 0.00, 0.00);
insert into SHOT values (664, 666, 665, 19, 8.994, 187.93, -2.49, 8.994, 187.93, -2.49, 0.000, 180.00, 0.00);
insert into SHOT values (665, 667, 666, 19, 11.693, 239.20, -2.94, 11.693, 239.20, -2.94, 0.000, 0.00, 0.00);
insert into SHOT values (666, 668, 667, 19, 16.028, 221.93, 4.33, 16.028, 221.93, 4.33, 0.000, 0.00, 0.00);
insert into SHOT values (667, 669, 668, 19, 4.248, 280.39, -11.82, 4.248, 280.39, -11.82, 0.000, 180.00, 0.00);
insert into SHOT values (668, 670, 669, 19, 5.079, 252.89, -4.40, 5.079, 252.89, -4.40, 0.000, 180.00, 0.00);
insert into SHOT values (669, 671, 670, 19, 2.244, 190.83, -33.86, 2.244, 190.83, -33.86, 0.000, 180.00, 0.00);
insert into SHOT values (670, 672, 671, 19, 2.814, 263.63, -30.07, 2.814, 263.63, -30.07, 0.000, 1.85, 0.00);
insert into SHOT values (671, 673, 672, 19, 2.872, 313.08, -42.77, 2.872, 313.08, -42.77, 0.000, 194.04, 0.00);
insert into SHOT values (672, 674, 673, 19, 5.729, 123.40, -61.39, 5.729, 123.40, -61.39, 0.000, 45.00, 0.00);
insert into SHOT values (673, 675, 674, 19, 14.697, 169.85, -22.14, 14.697, 169.85, -22.14, 0.000, 355.91, 0.00);
insert into SHOT values (674, 676, 675, 19, 3.409, 52.99, 10.14, 3.409, 52.99, 10.14, 0.000, 180.00, 0.00);
insert into SHOT values (675, 677, 676, 19, 10.710, 246.80, -89.59, 10.710, 246.80, -89.59, 0.000, 0.00, 0.00);
insert into SHOT values (676, 678, 677, 19, 0.820, 182.94, -17.75, 0.820, 182.94, -17.75, 0.000, 0.00, 0.00);
insert into SHOT values (677, 679, 678, 19, 7.800, 248.20, -89.60, 7.800, 248.20, -89.60, 0.000, 180.00, 0.00);
insert into SHOT values (678, 680, 679, 19, 1.874, 261.59, -24.26, 1.874, 261.59, -24.26, 0.000, 0.00, 0.00);
insert into SHOT values (679, 681, 680, 19, 4.705, 202.71, -58.46, 4.705, 202.71, -58.46, 0.000, 180.00, 0.00);
insert into SHOT values (680, 682, 681, 19, 11.449, 122.91, -1.00, 11.449, 122.91, -1.00, 0.000, 0.00, 0.00);
insert into SHOT_FLAG values(680, 'srf');
insert into SHOT values (681, 683, 684, 19, 2.002, 101.76, 28.01, 2.002, 281.76, -28.01, 4.003, 281.76, -28.01);
insert into SHOT values (682, 685, 683, 19, 7.507, 105.81, -61.38, 7.507, 105.81, -61.38, 0.000, 0.00, 0.00);
insert into SHOT values (683, 686, 685, 19, 4.488, 124.47, 0.13, 4.488, 124.47, 0.13, 0.000, 187.13, 0.00);
insert into SHOT values (684, 687, 686, 19, 3.671, 239.38, -45.10, 3.671, 239.38, -45.10, 0.000, 6.34, 0.00);
insert into SHOT values (685, 688, 687, 19, 1.730, 209.25, 6.31, 1.730, 209.25, 6.31, 0.000, 180.00, 0.00);
insert into SHOT values (686, 689, 688, 19, 4.971, 179.31, -3.81, 4.971, 179.31, -3.81, 0.000, 0.00, 0.00);
insert into SHOT values (687, 690, 689, 19, 7.236, 119.56, -37.55, 7.236, 119.56, -37.55, 0.000, 180.00, 0.00);
insert into SHOT values (688, 691, 690, 19, 2.920, 90.00, -89.80, 2.920, 90.00, -89.80, 0.000, 175.24, 0.00);
insert into SHOT values (689, 692, 691, 19, 1.565, 282.17, 0.00, 1.565, 282.17, 0.00, 0.000, 345.96, 0.00);
insert into SHOT values (690, 693, 684, 19, 1.842, 248.12, 39.44, 1.842, 248.12, 39.44, 0.000, 0.00, 0.00);
insert into SHOT values (691, 694, 693, 19, 4.076, 217.12, 0.42, 4.076, 217.12, 0.42, 0.000, 180.00, 0.00);
insert into SHOT values (692, 695, 694, 19, 2.371, 266.83, -7.02, 2.371, 266.83, -7.02, 0.000, 0.00, 0.00);
insert into SHOT values (693, 696, 695, 19, 1.868, 294.62, -32.00, 1.868, 294.62, -32.00, 0.000, 0.00, 0.00);
insert into SHOT values (694, 697, 696, 19, 0.810, 296.57, -88.42, 0.810, 296.57, -88.42, 0.000, 180.00, 0.00);
insert into SHOT values (695, 698, 697, 19, 1.483, 128.96, -4.25, 1.483, 128.96, -4.25, 0.000, 180.00, 0.00);
insert into SHOT values (696, 699, 698, 19, 1.050, 216.87, 0.55, 1.050, 216.87, 0.55, 0.000, 270.00, 0.00);
insert into SHOT values (697, 700, 699, 19, 0.618, 195.46, -37.93, 0.618, 195.46, -37.93, 0.000, 180.00, 0.00);
insert into SHOT values (698, 701, 700, 19, 1.196, 193.68, -8.17, 1.196, 193.68, -8.17, 0.000, 165.96, 0.00);
insert into SHOT values (699, 702, 701, 19, 2.335, 197.12, -18.99, 2.335, 197.12, -18.99, 0.000, 0.00, 0.00);
insert into SHOT values (700, 703, 702, 19, 1.890, 296.57, 89.32, 1.890, 296.57, 89.32, 0.000, 0.00, 0.00);
insert into SHOT values (701, 704, 703, 19, 3.707, 147.12, 25.91, 3.707, 147.12, 25.91, 0.000, 180.00, 0.00);
insert into SHOT values (702, 705, 704, 19, 1.546, 139.20, 0.74, 1.546, 139.20, 0.74, 0.000, 180.00, 0.00);
insert into SHOT values (703, 706, 705, 19, 3.683, 133.90, 2.96, 3.683, 133.90, 2.96, 0.000, 180.00, 0.00);
insert into SHOT values (704, 707, 706, 19, 3.023, 166.29, 7.79, 3.023, 166.29, 7.79, 0.000, 0.00, 0.00);
insert into SHOT values (705, 708, 707, 19, 2.963, 176.06, 20.96, 2.963, 176.06, 20.96, 0.000, 0.00, 0.00);
insert into SHOT values (706, 709, 708, 19, 2.781, 229.09, -2.06, 2.781, 229.09, -2.06, 0.000, 181.97, 0.00);
insert into SHOT values (707, 710, 709, 19, 4.827, 177.27, -1.19, 4.827, 177.27, -1.19, 0.000, 2.86, 0.00);
insert into SHOT values (708, 711, 710, 19, 8.150, 216.36, 1.83, 8.150, 216.36, 1.83, 0.000, 180.00, 0.00);
insert into SHOT values (709, 712, 578, 19, 7.824, 63.11, 4.10, 7.824, 63.11, 4.10, 0.000, 0.00, 0.00);
insert into SHOT values (710, 712, 711, 19, 8.472, 237.19, 0.81, 8.472, 237.19, 0.81, 0.000, 0.00, 0.00);
insert into SHOT values (711, 713, 714, 19, 5.089, 250.64, -5.41, 5.089, 70.64, 5.41, 10.179, 70.64, 5.41);
insert into SHOT values (712, 715, 713, 19, 2.292, 52.98, 0.00, 2.292, 52.98, 0.00, 0.000, 0.00, 0.00);
insert into SHOT values (713, 716, 715, 19, 2.102, 19.47, -2.73, 2.102, 19.47, -2.73, 0.000, 180.00, 0.00);
insert into SHOT values (714, 717, 716, 19, 5.845, 55.03, 0.39, 5.845, 55.03, 0.39, 0.000, 0.00, 0.00);
insert into SHOT values (715, 718, 717, 19, 3.367, 49.57, -12.70, 3.367, 49.57, -12.70, 0.000, 194.04, 0.00);
insert into SHOT values (716, 719, 718, 19, 4.307, 26.81, -8.68, 4.307, 26.81, -8.68, 0.000, 45.00, 0.00);
insert into SHOT values (717, 720, 719, 19, 8.021, 25.25, -2.07, 8.021, 25.25, -2.07, 0.000, 180.00, 0.00);
insert into SHOT values (718, 721, 720, 19, 10.721, 100.70, 1.66, 10.721, 100.70, 1.66, 0.000, 180.00, 0.00);
insert into SHOT values (719, 722, 721, 19, 9.643, 150.49, 7.51, 9.643, 150.49, 7.51, 0.000, 0.00, 0.00);
insert into SHOT values (720, 723, 722, 19, 4.489, 186.93, 4.86, 4.489, 186.93, 4.86, 0.000, 180.00, 0.00);
insert into SHOT values (721, 724, 723, 19, 6.123, 211.63, 10.25, 6.123, 211.63, 10.25, 0.000, 0.00, 0.00);
insert into SHOT values (722, 725, 724, 19, 15.281, 238.95, 0.86, 15.281, 238.95, 0.86, 0.000, 180.00, 0.00);
insert into SHOT values (723, 726, 725, 19, 4.965, 283.17, -2.54, 4.965, 283.17, -2.54, 0.000, 0.00, 0.00);
insert into SHOT values (724, 727, 726, 19, 1.006, 262.52, -6.85, 1.006, 262.52, -6.85, 0.000, 0.00, 0.00);
insert into SHOT values (725, 728, 727, 19, 2.860, 278.70, -6.22, 2.860, 278.70, -6.22, 0.000, 180.00, 0.00);
insert into SHOT values (726, 729, 728, 19, 0.970, 180.00, -89.41, 0.970, 180.00, -89.41, 0.000, 180.00, 0.00);
insert into SHOT values (727, 730, 714, 19, 10.043, 117.84, 0.40, 10.043, 117.84, 0.40, 0.000, 0.00, 0.00);
insert into SHOT values (728, 730, 729, 19, 0.940, 275.19, -19.91, 0.940, 275.19, -19.91, 0.000, 0.00, 0.00);
insert into SHOT values (729, 731, 714, 19, 5.602, 245.31, -0.51, 5.602, 245.31, -0.51, 0.000, 168.69, 0.00);
insert into SHOT values (730, 732, 731, 19, 4.451, 217.19, 14.04, 4.451, 217.19, 14.04, 0.000, 352.87, 0.00);
insert into SHOT values (731, 733, 732, 19, 0.450, 0.00, 90.00, 0.450, 90.00, 90.00, 0.000, 90.00, 0.00);
insert into SHOT values (732, 734, 733, 19, 3.448, 216.80, 7.00, 3.448, 216.80, 7.00, 0.000, 180.00, 0.00);
insert into SHOT values (733, 735, 734, 19, 3.707, 219.73, -5.11, 3.707, 219.73, -5.11, 0.000, 0.00, 0.00);
insert into SHOT values (734, 736, 735, 19, 4.729, 192.71, 2.06, 4.729, 192.71, 2.06, 0.000, 181.85, 0.00);
insert into SHOT values (735, 737, 736, 19, 3.958, 242.79, 0.00, 3.958, 242.79, 0.00, 0.000, 4.76, 0.00);
insert into SHOT values (736, 738, 737, 19, 5.580, 209.78, 1.95, 5.580, 209.78, 1.95, 0.000, 180.00, 0.00);
insert into SHOT values (737, 739, 738, 19, 3.568, 186.84, -8.87, 3.568, 186.84, -8.87, 0.000, 0.00, 0.00);
insert into SHOT values (738, 740, 739, 19, 11.449, 202.73, -2.50, 11.449, 202.73, -2.50, 0.000, 0.00, 0.00);
insert into SHOT values (739, 741, 740, 19, 2.599, 169.84, -11.09, 2.599, 169.84, -11.09, 0.000, 180.00, 0.00);
insert into SHOT values (740, 741, 740, 19, 2.599, 169.84, -11.09, 2.599, 169.84, -11.09, 0.000, 180.00, 0.00);
insert into SHOT values (741, 742, 740, 19, 2.160, 341.65, 0.00, 2.160, 341.65, 0.00, 0.000, 180.00, 0.00);
insert into SHOT values (742, 743, 742, 19, 5.192, 286.79, -0.99, 5.192, 286.79, -0.99, 0.000, 0.00, 0.00);
insert into SHOT values (743, 744, 684, 19, 2.542, 39.72, -4.06, 2.542, 39.72, -4.06, 0.000, 345.96, 0.00);
insert into SHOT values (744, 744, 743, 19, 2.159, 207.90, -27.00, 2.159, 207.90, -27.00, 0.000, 333.43, 0.00);
insert into SHOT values (745, 745, 746, 19, 11.921, 191.76, -0.48, 11.921, 11.76, 0.48, 23.841, 11.76, 0.48);
insert into SHOT values (746, 747, 745, 19, 4.797, 338.71, 6.58, 4.797, 338.71, 6.58, 0.000, 180.00, 0.00);
insert into SHOT values (747, 748, 747, 19, 8.558, 6.77, 7.25, 8.558, 6.77, 7.25, 0.000, 0.00, 0.00);
insert into SHOT values (748, 749, 748, 19, 5.264, 2.29, -0.54, 5.264, 2.29, -0.54, 0.000, 7.13, 0.00);
insert into SHOT values (749, 750, 749, 19, 7.072, 5.69, -3.97, 7.072, 5.69, -3.97, 0.000, 182.60, 0.00);
insert into SHOT values (750, 751, 750, 19, 4.669, 337.83, -2.58, 4.669, 337.83, -2.58, 0.000, 180.00, 0.00);
insert into SHOT values (751, 752, 751, 19, 4.462, 9.17, -2.70, 4.462, 9.17, -2.70, 0.000, 0.00, 0.00);
insert into SHOT values (752, 753, 752, 19, 2.251, 24.75, -41.11, 2.251, 24.75, -41.11, 0.000, 180.00, 0.00);
insert into SHOT values (753, 754, 753, 19, 3.442, 109.23, 9.03, 3.442, 109.23, 9.03, 0.000, 180.00, 0.00);
insert into SHOT values (754, 755, 754, 19, 4.854, 115.77, -1.42, 4.854, 115.77, -1.42, 0.000, 0.00, 0.00);
insert into SHOT values (755, 756, 755, 19, 1.670, 83.78, 19.96, 1.670, 83.78, 19.96, 0.000, 180.00, 0.00);
insert into SHOT values (756, 757, 756, 19, 1.070, 0.00, 90.00, 1.070, 90.00, 90.00, 0.000, 90.00, 0.00);
insert into SHOT values (757, 758, 757, 19, 0.456, 37.87, 0.00, 0.456, 37.87, 0.00, 0.000, 180.00, 0.00);
insert into SHOT values (758, 759, 758, 19, 0.818, 9.34, 11.99, 0.818, 9.34, 11.99, 0.000, 0.00, 0.00);
insert into SHOT values (759, 760, 759, 19, 2.002, 38.88, 6.02, 2.002, 38.88, 6.02, 0.000, 180.00, 0.00);
insert into SHOT values (760, 761, 760, 19, 0.237, 45.00, 17.19, 0.237, 45.00, 17.19, 0.000, 0.00, 0.00);
insert into SHOT values (761, 762, 761, 19, 2.011, 142.89, 18.56, 2.011, 142.89, 18.56, 0.000, 0.00, 0.00);
insert into SHOT values (762, 763, 762, 19, 0.860, 0.00, 90.00, 0.860, 90.00, 90.00, 0.000, 90.00, 0.00);
insert into SHOT values (763, 764, 763, 19, 3.046, 81.95, 10.02, 3.046, 81.95, 10.02, 0.000, 181.79, 0.00);
insert into SHOT values (764, 765, 764, 19, 3.663, 23.01, 10.06, 3.663, 23.01, 10.06, 0.000, 153.43, 0.00);
insert into SHOT values (765, 766, 765, 19, 15.850, 95.00, 9.99, 15.850, 95.00, 9.99, 0.000, 0.00, 0.00);
insert into SHOT values (766, 767, 766, 19, 4.572, 85.04, 46.93, 4.572, 85.04, 46.93, 0.000, 180.00, 0.00);
insert into SHOT values (767, 768, 767, 19, 22.999, 44.98, 10.02, 22.999, 44.98, 10.02, 0.000, 180.00, 0.00);
insert into SHOT values (768, 769, 768, 19, 11.500, 37.04, 8.00, 11.500, 37.04, 8.00, 0.000, 0.00, 0.00);
insert into SHOT values (769, 770, 769, 19, 8.503, 45.00, 5.94, 8.503, 45.00, 5.94, 0.000, 0.00, 0.00);
insert into SHOT values (770, 771, 770, 19, 15.849, 114.99, 4.02, 15.849, 114.99, 4.02, 0.000, 356.82, 0.00);
insert into SHOT values (771, 772, 767, 19, 26.000, 82.01, -4.99, 26.000, 82.01, -4.99, 0.000, 0.00, 0.00);
insert into SHOT values (772, 773, 772, 19, 20.000, 69.98, -5.02, 20.000, 69.98, -5.02, 0.000, 182.20, 0.00);
insert into SHOT values (773, 774, 773, 19, 3.670, 0.00, -90.00, 3.670, 90.00, -90.00, 0.000, 90.00, 0.00);
insert into SHOT values (774, 775, 774, 19, 10.361, 90.00, 25.01, 10.361, 90.00, 25.01, 0.000, 2.29, 0.00);
insert into SHOT values (775, 776, 775, 19, 6.711, 24.97, 10.04, 6.711, 24.97, 10.04, 0.000, 170.54, 0.00);
insert into SHOT values (776, 777, 776, 19, 26.748, 116.00, 20.00, 26.748, 116.00, 20.00, 0.000, 183.18, 0.00);
insert into SHOT values (777, 778, 777, 19, 26.757, 115.99, 5.00, 26.757, 115.99, 5.00, 0.000, 0.00, 0.00);
insert into SHOT values (778, 779, 778, 19, 53.494, 125.01, -5.01, 53.494, 125.01, -5.01, 0.000, 180.00, 0.00);
insert into SHOT values (779, 780, 779, 19, 9.749, 125.03, -39.95, 9.749, 125.03, -39.95, 0.000, 0.00, 0.00);
insert into SHOT values (780, 781, 780, 19, 15.244, 124.98, 0.00, 15.244, 124.98, 0.00, 0.000, 180.00, 0.00);
insert into SHOT values (781, 782, 781, 19, 4.092, 79.99, 65.05, 4.092, 79.99, 65.05, 0.000, 0.00, 0.00);
insert into SHOT values (782, 783, 782, 19, 5.249, 90.00, -9.98, 5.249, 90.00, -9.98, 0.000, 90.00, 0.00);
insert into SHOT values (783, 784, 783, 19, 6.098, 116.90, -59.99, 6.098, 116.90, -59.99, 0.000, 90.00, 0.00);
insert into SHOT values (784, 785, 784, 19, 5.246, 117.07, 39.97, 5.246, 117.07, 39.97, 0.000, 180.00, 0.00);
insert into SHOT values (785, 786, 770, 19, 6.096, 19.95, 0.00, 6.096, 19.95, 0.00, 0.000, 0.00, 0.00);
insert into SHOT values (786, 787, 786, 19, 9.750, 345.99, 0.00, 9.750, 345.99, 0.00, 0.000, 0.00, 0.00);
insert into SHOT values (787, 788, 787, 19, 7.320, 17.00, 0.00, 7.320, 17.00, 0.00, 0.000, 180.00, 0.00);
insert into SHOT values (788, 789, 788, 19, 11.884, 358.99, -0.96, 11.884, 358.99, -0.96, 0.000, 0.00, 0.00);
insert into SHOT values (789, 790, 789, 19, 5.789, 340.03, 4.96, 5.789, 340.03, 4.96, 0.000, 0.00, 0.00);
insert into SHOT values (790, 791, 790, 19, 3.666, 10.05, 0.00, 3.666, 10.05, 0.00, 0.000, 180.00, 0.00);
insert into SHOT values (791, 792, 791, 19, 6.398, 338.93, 0.00, 6.398, 338.93, 0.00, 0.000, 191.31, 0.00);
insert into SHOT values (792, 793, 792, 19, 7.013, 40.03, 0.00, 7.013, 40.03, 0.00, 0.000, 6.34, 0.00);
insert into SHOT values (793, 794, 793, 19, 9.756, 19.96, 0.00, 9.756, 19.96, 0.00, 0.000, 180.00, 0.00);
insert into SHOT values (794, 795, 794, 19, 5.790, 0.00, 0.00, 5.790, 0.00, 0.00, 0.000, 180.00, 0.00);
insert into SHOT values (795, 796, 795, 19, 7.318, 341.02, 0.00, 7.318, 341.02, 0.00, 0.000, 0.00, 0.00);
insert into SHOT values (796, 797, 796, 19, 11.273, 4.99, 0.00, 11.273, 4.99, 0.00, 0.000, 0.00, 0.00);
insert into SHOT values (797, 798, 797, 19, 6.103, 355.02, 0.00, 6.103, 355.02, 0.00, 0.000, 0.00, 0.00);
insert into SHOT values (798, 799, 798, 19, 14.334, 25.01, 0.00, 14.334, 25.01, 0.00, 0.000, 180.00, 0.00);
insert into SHOT values (799, 800, 799, 19, 7.009, 11.02, 0.00, 7.009, 11.02, 0.00, 0.000, 180.00, 0.00);
insert into SHOT values (800, 801, 800, 19, 4.565, 68.94, 0.00, 4.565, 68.94, 0.00, 0.000, 0.00, 0.00);
insert into SHOT values (801, 802, 801, 19, 9.136, 39.00, 0.00, 9.136, 39.00, 0.00, 0.000, 90.00, 0.00);
insert into SHOT values (802, 803, 802, 19, 8.527, 32.01, 0.00, 8.527, 32.01, 0.00, 0.000, 90.00, 0.00);
insert into SHOT values (803, 804, 803, 19, 9.760, 46.00, 0.00, 9.760, 46.00, 0.00, 0.000, 0.00, 0.00);
insert into SHOT values (804, 805, 753, 19, 8.258, 120.75, -27.94, 8.258, 120.75, -27.94, 0.000, 333.43, 0.00);
insert into SHOT values (805, 806, 651, 19, 5.807, 230.18, 3.95, 5.807, 230.18, 3.95, 0.000, 180.00, 0.00);
insert into SHOT values (806, 807, 806, 19, 2.921, 269.80, 1.18, 2.921, 269.80, 1.18, 0.000, 180.00, 0.00);
insert into SHOT values (807, 808, 807, 19, 4.149, 263.17, 6.92, 4.149, 263.17, 6.92, 0.000, 348.69, 0.00);
insert into SHOT values (808, 809, 808, 19, 30.202, 228.76, 0.00, 30.202, 228.76, 0.00, 0.000, 14.04, 0.00);
insert into SHOT values (809, 810, 809, 19, 4.439, 227.72, -13.02, 4.439, 227.72, -13.02, 0.000, 0.00, 0.00);
insert into SHOT values (810, 811, 810, 19, 10.800, 257.75, -11.00, 10.800, 257.75, -11.00, 0.000, 0.00, 0.00);
insert into SHOT values (811, 812, 811, 19, 0.200, 0.00, -90.00, 0.200, 90.00, -90.00, 0.000, 90.00, 0.00);
insert into SHOT values (812, 813, 812, 19, 5.300, 299.76, 0.97, 5.300, 299.76, 0.97, 0.000, 180.00, 0.00);
insert into SHOT values (813, 814, 813, 19, 19.403, 253.26, 0.00, 19.403, 253.26, 0.00, 0.000, 180.00, 0.00);
insert into SHOT values (814, 815, 814, 19, 0.300, 0.00, -90.00, 0.300, 90.00, -90.00, 0.000, 90.00, 0.00);
insert into SHOT values (815, 816, 815, 19, 7.297, 299.77, -4.95, 7.297, 299.77, -4.95, 0.000, 0.00, 0.00);
insert into SHOT values (816, 817, 816, 19, 4.798, 265.21, 3.94, 4.798, 265.21, 3.94, 0.000, 180.00, 0.00);
insert into SHOT values (817, 818, 817, 19, 13.700, 256.75, -1.51, 13.700, 256.75, -1.51, 0.000, 180.00, 0.00);
insert into SHOT values (818, 819, 818, 19, 6.853, 216.80, -2.93, 6.853, 216.80, -2.93, 0.000, 0.00, 0.00);
insert into SHOT values (819, 820, 668, 19, 2.452, 221.77, 13.20, 2.452, 221.77, 13.20, 0.000, 0.00, 0.00);
insert into SHOT values (820, 821, 820, 19, 3.493, 195.86, 57.00, 3.493, 195.86, 57.00, 0.000, 180.00, 0.00);
insert into SHOT values (821, 822, 821, 19, 0.827, 221.52, 9.75, 0.827, 221.52, 9.75, 0.000, 0.00, 0.00);
insert into SHOT values (822, 823, 822, 19, 1.719, 306.25, 30.02, 1.719, 306.25, 30.02, 0.000, 180.00, 0.00);
insert into SHOT values (823, 824, 823, 19, 2.536, 339.92, 2.49, 2.536, 339.92, 2.49, 0.000, 0.00, 0.00);
insert into SHOT values (824, 825, 824, 19, 1.582, 323.58, 36.00, 1.582, 323.58, 36.00, 0.000, 180.00, 0.00);
insert into SHOT values (825, 826, 825, 19, 1.852, 234.46, 28.03, 1.852, 234.46, 28.03, 0.000, 90.00, 0.00);
insert into SHOT values (826, 827, 826, 19, 3.121, 197.67, -10.90, 3.121, 197.67, -10.90, 0.000, 0.00, 0.00);
insert into SHOT values (827, 828, 827, 19, 3.678, 170.32, 22.88, 3.678, 170.32, 22.88, 0.000, 0.00, 0.00);
insert into SHOT values (828, 829, 828, 19, 2.827, 192.69, 46.18, 2.827, 192.69, 46.18, 0.000, 180.00, 0.00);
insert into SHOT values (829, 830, 829, 19, 3.459, 213.69, 7.98, 3.459, 213.69, 7.98, 0.000, 180.00, 0.00);
insert into SHOT values (830, 831, 830, 19, 3.668, 255.39, 5.95, 3.668, 255.39, 5.95, 0.000, 0.00, 0.00);
insert into SHOT values (831, 832, 831, 19, 3.998, 134.79, 15.08, 3.998, 134.79, 15.08, 0.000, 180.00, 0.00);
insert into SHOT values (832, 833, 832, 19, 7.005, 159.70, 0.00, 7.005, 159.70, 0.00, 0.000, 0.00, 0.00);
insert into SHOT values (833, 834, 833, 19, 12.307, 190.77, 0.00, 12.307, 190.77, 0.00, 0.000, 180.00, 0.00);
insert into SHOT values (834, 835, 834, 19, 5.198, 111.68, 0.00, 5.198, 111.68, 0.00, 0.000, 0.00, 0.00);
insert into SHOT values (835, 836, 835, 19, 6.002, 166.73, 6.02, 6.002, 166.73, 6.02, 0.000, 180.00, 0.00);
insert into SHOT values (836, 837, 836, 19, 6.501, 119.77, 3.97, 6.501, 119.77, 3.97, 0.000, 180.00, 0.00);
insert into SHOT values (837, 838, 837, 19, 13.395, 144.76, 0.00, 13.395, 144.76, 0.00, 0.000, 180.00, 0.00);
insert into SHOT values (838, 839, 838, 19, 5.997, 80.79, 0.00, 5.997, 80.79, 0.00, 0.000, 180.00, 0.00);
insert into SHOT values (839, 840, 839, 19, 3.507, 17.76, 0.00, 3.507, 17.76, 0.00, 0.000, 0.00, 0.00);
insert into SHOT values (840, 841, 840, 19, 10.300, 0.00, -90.00, 10.300, 90.00, -90.00, 0.000, 90.00, 0.00);
insert into SHOT values (841, 842, 841, 19, 3.800, 124.82, 0.00, 3.800, 124.82, 0.00, 0.000, 0.00, 0.00);
insert into SHOT values (842, 843, 842, 19, 6.501, 217.75, 0.00, 6.501, 217.75, 0.00, 0.000, 180.00, 0.00);
insert into SHOT values (843, 844, 842, 19, 4.104, 104.68, 0.00, 4.104, 104.68, 0.00, 0.000, 180.00, 0.00);
insert into SHOT values (844, 845, 844, 19, 5.395, 10.79, 0.00, 5.395, 10.79, 0.00, 0.000, 180.00, 0.00);
insert into SHOT values (845, 846, 845, 19, 10.299, 61.72, 0.00, 10.299, 61.72, 0.00, 0.000, 180.00, 0.00);
insert into SHOT values (846, 847, 846, 19, 2.900, 4.75, 0.00, 2.900, 4.75, 0.00, 0.000, 5.71, 0.00);
insert into SHOT values (847, 848, 847, 19, 7.803, 99.80, -29.99, 7.803, 99.80, -29.99, 0.000, 198.43, 0.00);
insert into SHOT values (848, 849, 831, 19, 8.606, 239.71, 1.00, 8.606, 239.71, 1.00, 0.000, 180.00, 0.00);
insert into SHOT values (849, 850, 849, 19, 15.600, 242.76, 0.00, 15.600, 242.76, 0.00, 0.000, 180.00, 0.00);
insert into SHOT values (850, 851, 850, 19, 14.898, 289.77, 0.00, 14.898, 289.77, 0.00, 0.000, 0.00, 0.00);
insert into SHOT values (851, 852, 851, 19, 10.604, 250.73, 0.00, 10.604, 250.73, 0.00, 0.000, 180.00, 0.00);
insert into SHOT values (852, 853, 852, 19, 5.297, 309.79, 0.00, 5.297, 309.79, 0.00, 0.000, 0.00, 0.00);
insert into SHOT values (853, 854, 853, 19, 20.499, 260.76, 1.01, 20.499, 260.76, 1.01, 0.000, 180.00, 0.00);
insert into SHOT values (854, 855, 854, 19, 10.099, 344.75, -3.97, 10.099, 344.75, -3.97, 0.000, 0.00, 0.00);
insert into SHOT values (855, 856, 855, 19, 11.299, 314.71, -7.02, 11.299, 314.71, -7.02, 0.000, 180.00, 0.00);
insert into SHOT values (856, 857, 856, 19, 7.102, 314.77, 8.99, 7.102, 314.77, 8.99, 0.000, 198.43, 0.00);
insert into SHOT values (857, 858, 857, 19, 13.998, 324.74, 0.00, 13.998, 324.74, 0.00, 0.000, 7.13, 0.00);
insert into SHOT values (858, 859, 858, 19, 10.703, 321.79, 0.00, 10.703, 321.79, 0.00, 0.000, 0.00, 0.00);
insert into SHOT values (859, 860, 859, 19, 17.199, 309.72, 0.00, 17.199, 309.72, 0.00, 0.000, 180.00, 0.00);
insert into SHOT values (860, 861, 581, 19, 0.722, 183.97, 0.00, 0.722, 183.97, 0.00, 0.000, 180.00, 0.00);
insert into SHOT values (861, 862, 861, 19, 1.514, 246.65, -1.14, 1.514, 246.65, -1.14, 0.000, 180.00, 0.00);
insert into SHOT values (862, 863, 862, 19, 2.407, 254.81, -2.86, 2.407, 254.81, -2.86, 0.000, 180.00, 0.00);
insert into SHOT values (863, 864, 863, 19, 3.343, 197.72, -7.05, 3.343, 197.72, -7.05, 0.000, 0.00, 0.00);
insert into SHOT values (864, 865, 864, 19, 1.683, 224.52, -1.02, 1.683, 224.52, -1.02, 0.000, 180.00, 0.00);
insert into SHOT values (865, 866, 865, 19, 1.595, 175.68, 0.00, 1.595, 175.68, 0.00, 0.000, 0.00, 0.00);
insert into SHOT values (866, 867, 866, 19, 4.513, 188.79, 0.00, 4.513, 188.79, 0.00, 0.000, 180.00, 0.00);
insert into SHOT values (867, 868, 867, 19, 3.130, 168.76, 0.00, 3.130, 168.76, 0.00, 0.000, 0.00, 0.00);
insert into SHOT values (868, 869, 868, 19, 1.605, 301.70, -5.01, 1.605, 301.70, -5.01, 0.000, 180.00, 0.00);
insert into SHOT values (869, 870, 869, 19, 2.027, 225.61, -9.08, 2.027, 225.61, -9.08, 0.000, 0.00, 0.00);
insert into SHOT values (870, 871, 870, 19, 6.446, 184.81, -1.96, 6.446, 184.81, -1.96, 0.000, 0.00, 0.00);
insert into SHOT values (871, 872, 871, 19, 1.036, 154.44, -10.01, 1.036, 154.44, -10.01, 0.000, 180.00, 0.00);
insert into SHOT values (872, 873, 872, 19, 3.453, 186.86, -5.98, 3.453, 186.86, -5.98, 0.000, 0.00, 0.00);
insert into SHOT values (873, 874, 873, 19, 1.666, 188.67, -5.17, 1.666, 188.67, -5.17, 0.000, 180.00, 0.00);
insert into SHOT values (874, 875, 874, 19, 1.074, 195.72, 4.81, 1.074, 195.72, 4.81, 0.000, 180.00, 0.00);
insert into SHOT values (875, 876, 875, 19, 3.609, 232.81, -5.88, 3.609, 232.81, -5.88, 0.000, 0.00, 0.00);
insert into SHOT values (876, 877, 876, 19, 0.300, 0.00, -90.00, 0.300, 90.00, -90.00, 0.000, 90.00, 0.00);
insert into SHOT values (877, 878, 712, 19, 2.096, 58.90, 4.10, 2.096, 58.90, 4.10, 0.000, 180.00, 0.00);
insert into SHOT values (878, 879, 709, 19, 8.005, 288.73, -1.00, 8.005, 288.73, -1.00, 0.000, 4.09, 0.00);
insert into SHOT values (879, 880, 705, 19, 3.196, 319.87, -7.91, 3.196, 319.87, -7.91, 0.000, 0.00, 0.00);
insert into SHOT values (880, 881, 705, 19, 1.418, 151.26, 4.04, 1.418, 151.26, 4.04, 0.000, 0.00, 0.00);
insert into SHOT values (881, 882, 881, 19, 3.295, 74.87, -1.04, 3.295, 74.87, -1.04, 0.000, 180.00, 0.00);
insert into SHOT values (882, 883, 593, 19, 5.208, 88.79, 2.97, 5.208, 88.79, 2.97, 0.000, 180.00, 0.00);
insert into SHOT values (883, 884, 689, 19, 0.779, 248.96, 26.68, 0.779, 248.96, 26.68, 0.000, 180.00, 0.00);
insert into SHOT values (884, 885, 884, 19, 17.758, 286.73, -69.02, 17.758, 286.73, -69.02, 0.000, 180.00, 0.00);
insert into SHOT values (885, 886, 884, 19, 5.471, 272.78, 34.01, 5.471, 272.78, 34.01, 0.000, 180.00, 0.00);
insert into SHOT values (886, 887, 884, 19, 4.755, 118.78, -38.97, 4.755, 118.78, -38.97, 0.000, 0.00, 0.00);
insert into SHOT values (887, 888, 887, 19, 5.802, 113.71, -35.03, 5.802, 113.71, -35.03, 0.000, 180.00, 0.00);
insert into SHOT values (888, 889, 884, 19, 9.692, 290.76, 3.02, 9.692, 290.76, 3.02, 0.000, 180.00, 0.00);
insert into SHOT values (889, 890, 889, 19, 7.402, 302.77, -29.99, 7.402, 302.77, -29.99, 0.000, 0.00, 0.00);
insert into SHOT values (890, 891, 722, 19, 3.980, 195.74, -11.01, 3.980, 195.74, -11.01, 0.000, 0.00, 0.00);
insert into SHOT values (891, 892, 722, 19, 11.282, 60.75, -3.96, 11.282, 60.75, -3.96, 0.000, 180.00, 0.00);
insert into SHOT values (892, 893, 892, 19, 16.704, 114.75, 1.99, 16.704, 114.75, 1.99, 0.000, 0.00, 0.00);
insert into SHOT values (893, 894, 893, 19, 8.063, 101.73, 22.00, 8.063, 101.73, 22.00, 0.000, 180.00, 0.00);
insert into SHOT values (894, 895, 894, 19, 4.600, 79.80, 19.03, 4.600, 79.80, 19.03, 0.000, 180.00, 0.00);
insert into SHOT values (895, 896, 895, 19, 5.132, 71.74, -5.59, 5.132, 71.74, -5.59, 0.000, 0.00, 0.00);
insert into SHOT values (896, 897, 896, 19, 5.819, 78.26, -4.44, 5.819, 78.26, -4.44, 0.000, 180.00, 0.00);
insert into SHOT values (897, 898, 897, 19, 13.483, 109.73, 0.98, 13.483, 109.73, 0.98, 0.000, 180.00, 0.00);
insert into SHOT values (898, 899, 898, 19, 6.245, 102.77, 1.01, 6.245, 102.77, 1.01, 0.000, 0.00, 0.00);
insert into SHOT values (899, 900, 899, 19, 4.308, 98.78, -8.54, 4.308, 98.78, -8.54, 0.000, 0.00, 0.00);
insert into SHOT values (900, 901, 900, 19, 4.370, 83.82, -2.49, 4.370, 83.82, -2.49, 0.000, 180.00, 0.00);
insert into SHOT values (901, 902, 901, 19, 7.557, 112.73, 0.53, 7.557, 112.73, 0.53, 0.000, 180.00, 0.00);
insert into SHOT values (902, 903, 902, 19, 7.747, 129.76, -2.52, 7.747, 129.76, -2.52, 0.000, 180.00, 0.00);
insert into SHOT values (903, 904, 903, 19, 5.195, 136.78, -15.98, 5.195, 136.78, -15.98, 0.000, 0.00, 0.00);
insert into SHOT values (904, 905, 904, 19, 4.745, 145.18, 12.04, 4.745, 145.18, 12.04, 0.000, 0.00, 0.00);
insert into SHOT values (905, 906, 905, 19, 3.526, 152.73, 21.81, 3.526, 152.73, 21.81, 0.000, 0.00, 0.00);
insert into SHOT values (906, 907, 906, 19, 3.644, 128.19, 3.15, 3.644, 128.19, 3.15, 0.000, 180.00, 0.00);
insert into SHOT values (907, 908, 907, 19, 1.975, 129.84, -5.23, 1.975, 129.84, -5.23, 0.000, 0.00, 0.00);
insert into SHOT values (908, 909, 908, 19, 14.547, 120.76, 0.00, 14.547, 120.76, 0.00, 0.000, 0.00, 0.00);
insert into SHOT values (909, 910, 725, 19, 3.752, 199.84, 4.13, 3.752, 199.84, 4.13, 0.000, 0.00, 0.00);
insert into SHOT values (910, 911, 714, 19, 5.786, 120.78, -0.99, 5.786, 120.78, -0.99, 0.000, 5.19, 0.00);
insert into SHOT values (911, 912, 911, 19, 1.446, 163.20, -40.03, 1.446, 163.20, -40.03, 0.000, 349.70, 0.00);
insert into SHOT values (912, 913, 912, 19, 5.494, 213.72, 0.00, 5.494, 213.72, 0.00, 0.000, 174.29, 0.00);
insert into SHOT values (913, 914, 741, 19, 4.950, 317.74, -33.06, 4.950, 317.74, -33.06, 0.000, 0.00, 0.00);
insert into SHOT values (914, 915, 914, 19, 7.028, 299.81, -37.00, 7.028, 299.81, -37.00, 0.000, 0.00, 0.00);
insert into SHOT values (915, 916, 740, 19, 1.700, 324.34, -2.70, 1.700, 324.34, -2.70, 0.000, 0.00, 0.00);
insert into SHOT values (916, 917, 916, 19, 3.625, 302.73, 0.00, 3.625, 302.73, 0.00, 0.000, 180.00, 0.00);
insert into SHOT values (917, 918, 917, 19, 2.660, 244.60, -7.99, 2.660, 244.60, -7.99, 0.000, 0.00, 0.00);
insert into SHOT values (918, 919, 918, 19, 2.766, 207.79, -9.99, 2.766, 207.79, -9.99, 0.000, 0.00, 0.00);
insert into SHOT values (919, 920, 919, 19, 0.861, 128.66, 14.80, 0.861, 128.66, 14.80, 0.000, 180.00, 0.00);
insert into SHOT values (920, 921, 920, 19, 4.750, 0.00, -90.00, 4.750, 90.00, -90.00, 0.000, 90.00, 0.00);
insert into SHOT values (921, 922, 921, 19, 0.620, 0.00, -90.00, 0.620, 90.00, -90.00, 0.000, 90.00, 0.00);
insert into SHOT values (922, 923, 922, 19, 0.779, 109.92, -19.51, 0.779, 109.92, -19.51, 0.000, 180.00, 0.00);
insert into SHOT values (923, 924, 923, 19, 0.684, 175.73, -10.95, 0.684, 175.73, -10.95, 0.000, 180.00, 0.00);
insert into SHOT values (924, 925, 924, 19, 0.680, 0.00, -90.00, 0.680, 90.00, -90.00, 0.000, 90.00, 0.00);
insert into SHOT values (925, 926, 925, 19, 4.918, 118.76, -18.00, 4.918, 118.76, -18.00, 0.000, 0.00, 0.00);
insert into SHOT values (926, 927, 926, 19, 2.664, 277.93, -26.06, 2.664, 277.93, -26.06, 0.000, 0.00, 0.00);
insert into SHOT values (927, 928, 927, 19, 2.195, 213.54, -16.95, 2.195, 213.54, -16.95, 0.000, 180.00, 0.00);
insert into SHOT values (928, 929, 928, 19, 4.929, 179.77, -3.49, 4.929, 179.77, -3.49, 0.000, 0.00, 0.00);
insert into SHOT values (929, 930, 929, 19, 15.138, 295.77, -5.50, 15.138, 295.77, -5.50, 0.000, 180.00, 0.00);
insert into SHOT values (930, 931, 907, 19, 2.572, 138.79, -4.01, 2.572, 138.79, -4.01, 0.000, 0.00, 0.00);
insert into SHOT values (931, 932, 931, 19, 13.497, 117.78, 0.98, 13.497, 117.78, 0.98, 0.000, 180.00, 0.00);
insert into SHOT values (932, 933, 932, 19, 3.072, 137.68, -9.56, 3.072, 137.68, -9.56, 0.000, 0.00, 0.00);
insert into SHOT values (933, 934, 933, 19, 6.048, 133.73, -0.95, 6.048, 133.73, -0.95, 0.000, 0.00, 0.00);
insert into SHOT values (934, 935, 934, 19, 7.171, 125.75, 0.00, 7.171, 125.75, 0.00, 0.000, 180.00, 0.00);
insert into SHOT values (935, 936, 935, 19, 5.393, 137.25, 0.96, 5.393, 137.25, 0.96, 0.000, 0.00, 0.00);
insert into SHOT values (936, 937, 936, 19, 1.020, 127.78, 7.32, 1.020, 127.78, 7.32, 0.000, 341.57, 0.00);
insert into SHOT values (937, 938, 937, 19, 11.588, 138.74, -0.99, 11.588, 138.74, -0.99, 0.000, 9.46, 0.00);
insert into SHOT values (938, 939, 938, 19, 10.282, 123.74, 0.72, 10.282, 123.74, 0.72, 0.000, 180.00, 0.00);
insert into SHOT values (939, 940, 939, 19, 6.949, 113.76, 0.00, 6.949, 113.76, 0.00, 0.000, 0.00, 0.00);
insert into SHOT values (940, 941, 940, 19, 4.075, 118.77, 1.97, 4.075, 118.77, 1.97, 0.000, 174.81, 0.00);
insert into SHOT values (941, 942, 941, 19, 1.495, 107.92, -20.77, 1.495, 107.92, -20.77, 0.000, 357.88, 0.00);
insert into SHOT values (942, 943, 942, 19, 2.296, 151.09, 0.50, 2.296, 151.09, 0.50, 0.000, 180.00, 0.00);
insert into SHOT values (943, 944, 943, 19, 1.060, 0.00, 90.00, 1.060, 90.00, 90.00, 0.000, 90.00, 0.00);
insert into SHOT values (944, 945, 944, 19, 2.227, 72.66, 15.36, 2.227, 72.66, 15.36, 0.000, 180.00, 0.00);
insert into SHOT values (945, 946, 945, 19, 3.466, 57.14, -8.46, 3.466, 57.14, -8.46, 0.000, 0.00, 0.00);
insert into SHOT values (946, 947, 946, 19, 3.758, 24.92, -3.97, 3.758, 24.92, -3.97, 0.000, 180.00, 0.00);
insert into SHOT values (947, 948, 947, 19, 6.951, 50.72, 0.99, 6.951, 50.72, 0.99, 0.000, 0.00, 0.00);
insert into SHOT values (948, 949, 948, 19, 6.816, 91.77, -3.53, 6.816, 91.77, -3.53, 0.000, 180.00, 0.00);
insert into SHOT values (949, 950, 949, 19, 8.398, 72.75, 0.00, 8.398, 72.75, 0.00, 0.000, 180.00, 0.00);
insert into SHOT values (950, 951, 950, 19, 13.371, 99.74, -2.01, 13.371, 99.74, -2.01, 0.000, 0.00, 0.00);
insert into SHOT values (951, 952, 951, 19, 7.971, 92.23, -1.94, 7.971, 92.23, -1.94, 0.000, 0.00, 0.00);
insert into SHOT values (952, 953, 952, 19, 9.013, 69.73, -2.03, 9.013, 69.73, -2.03, 0.000, 180.00, 0.00);
insert into SHOT values (953, 954, 953, 19, 3.785, 51.77, 2.57, 3.785, 51.77, 2.57, 0.000, 0.00, 0.00);
insert into SHOT values (954, 955, 954, 19, 7.219, 71.26, -5.01, 7.219, 71.26, -5.01, 0.000, 90.00, 0.00);
insert into SHOT values (955, 956, 955, 19, 7.292, 96.77, -1.02, 7.292, 96.77, -1.02, 0.000, 0.00, 0.00);
insert into SHOT values (956, 957, 610, 19, 4.995, 206.77, 0.00, 4.995, 206.77, 0.00, 0.000, 0.00, 0.00);
insert into SHOT values (957, 958, 610, 19, 3.400, 9.80, -9.99, 3.400, 9.80, -9.99, 0.000, 180.00, 0.00);
insert into SHOT values (958, 959, 958, 19, 1.614, 20.68, 0.00, 1.614, 20.68, 0.00, 0.000, 0.00, 0.00);
insert into SHOT values (959, 960, 959, 19, 3.552, 342.64, 0.00, 3.552, 342.64, 0.00, 0.000, 180.00, 0.00);
insert into SHOT values (960, 961, 960, 19, 1.197, 353.77, 0.48, 1.197, 353.77, 0.48, 0.000, 355.91, 0.00);
insert into SHOT values (961, 962, 961, 19, 2.998, 329.76, 0.00, 2.998, 329.76, 0.00, 0.000, 175.60, 0.00);
insert into SHOT values (962, 963, 610, 19, 2.004, 294.78, 0.00, 2.004, 294.78, 0.00, 0.000, 180.00, 0.00);
insert into SHOT values (963, 964, 605, 19, 1.503, 339.76, 0.00, 1.503, 339.76, 0.00, 0.000, 171.87, 0.00);
insert into SHOT values (964, 965, 964, 19, 3.996, 34.77, 5.02, 3.996, 34.77, 5.02, 0.000, 0.00, 0.00);
insert into SHOT values (965, 966, 965, 19, 4.003, 84.69, 3.01, 4.003, 84.69, 3.01, 0.000, 180.00, 0.00);
insert into SHOT values (966, 967, 604, 19, 4.206, 294.74, 0.00, 4.206, 294.74, 0.00, 0.000, 180.00, 0.00);
insert into SHOT values (967, 968, 604, 19, 2.505, 292.78, 0.00, 2.505, 292.78, 0.00, 0.000, 354.81, 0.00);
insert into SHOT values (968, 969, 968, 19, 2.493, 22.73, -15.11, 2.493, 22.73, -15.11, 0.000, 135.00, 0.00);
insert into SHOT values (969, 970, 969, 19, 5.500, 0.00, -90.00, 5.500, 90.00, -90.00, 0.000, 90.00, 0.00);
insert into SHOT values (970, 971, 970, 19, 1.995, 294.90, 0.00, 1.995, 294.90, 0.00, 0.000, 180.00, 0.00);
insert into SHOT values (971, 972, 604, 19, 4.000, 0.00, 90.00, 4.000, 90.00, 90.00, 0.000, 90.00, 0.00);
insert into SHOT values (972, 973, 972, 19, 1.499, 114.86, 0.00, 1.499, 114.86, 0.00, 0.000, 0.00, 0.00);
insert into SHOT values (973, 974, 973, 19, 2.500, 0.00, 90.00, 2.500, 90.00, 90.00, 0.000, 90.00, 0.00);
insert into SHOT values (974, 975, 974, 19, 1.995, 114.90, 0.00, 1.995, 114.90, 0.00, 0.000, 0.00, 0.00);
insert into SHOT values (975, 976, 620, 19, 2.998, 114.75, 19.89, 2.998, 114.75, 19.89, 0.000, 0.00, 0.00);
insert into SHOT values (976, 977, 978, 19, 2.066, 295.82, 0.00, 2.066, 115.82, 0.00, 4.133, 115.82, 0.00);
insert into SHOT values (977, 979, 977, 19, 3.684, 44.45, 0.00, 3.684, 44.45, 0.00, 0.000, 180.00, 0.00);
insert into SHOT values (978, 980, 979, 19, 12.248, 122.33, 0.00, 12.248, 122.33, 0.00, 0.000, 356.99, 0.00);
insert into SHOT values (979, 981, 980, 19, 4.687, 59.77, 0.00, 4.687, 59.77, 0.00, 0.000, 177.27, 0.00);
insert into SHOT values (980, 982, 981, 19, 13.603, 137.44, 0.00, 13.603, 137.44, 0.00, 0.000, 357.40, 0.00);
insert into SHOT values (981, 983, 982, 19, 5.579, 107.53, 0.00, 5.579, 107.53, 0.00, 0.000, 177.51, 0.00);
insert into SHOT values (982, 984, 983, 19, 12.490, 140.23, 0.00, 12.490, 140.23, 0.00, 0.000, 0.00, 0.00);
insert into SHOT values (983, 985, 984, 19, 14.569, 163.24, 0.00, 14.569, 163.24, 0.00, 0.000, 180.00, 0.00);
insert into SHOT values (984, 986, 985, 19, 6.308, 135.39, 0.00, 6.308, 135.39, 0.00, 0.000, 0.00, 0.00);
insert into SHOT values (985, 987, 986, 19, 5.021, 105.84, 0.00, 5.021, 105.84, 0.00, 0.000, 180.00, 0.00);
insert into SHOT values (986, 988, 987, 19, 13.029, 136.49, 0.00, 13.029, 136.49, 0.00, 0.000, 45.00, 0.00);
insert into SHOT values (987, 989, 988, 19, 18.142, 158.94, 0.00, 18.142, 158.94, 0.00, 0.000, 191.31, 0.00);
insert into SHOT values (988, 990, 989, 19, 10.396, 54.75, 0.00, 10.396, 54.75, 0.00, 0.000, 180.00, 0.00);
insert into SHOT values (989, 991, 990, 19, 8.525, 331.33, 0.00, 8.525, 331.33, 0.00, 0.000, 0.00, 0.00);
insert into SHOT values (990, 992, 993, 19, 13.111, 292.99, 0.00, 13.111, 112.99, 0.00, 26.222, 112.99, 0.00);
insert into SHOT values (991, 994, 992, 19, 10.967, 109.00, 0.00, 10.967, 109.00, 0.00, 0.000, 0.00, 0.00);
insert into SHOT values (992, 995, 994, 19, 12.509, 137.01, 0.00, 12.509, 137.01, 0.00, 0.000, 90.00, 0.00);
insert into SHOT values (993, 996, 995, 19, 4.873, 122.94, 0.00, 4.873, 122.94, 0.00, 0.000, 0.00, 0.00);
insert into SHOT values (994, 997, 996, 19, 8.229, 47.02, 0.00, 8.229, 47.02, 0.00, 0.000, 180.00, 0.00);
insert into SHOT values (995, 998, 997, 19, 4.263, 70.97, 0.00, 4.263, 70.97, 0.00, 0.000, 0.00, 0.00);
insert into SHOT values (996, 999, 998, 19, 2.746, 69.98, 0.00, 2.746, 69.98, 0.00, 0.000, 180.00, 0.00);
insert into SHOT values (997, 1000, 999, 19, 2.440, 0.00, 90.00, 2.440, 90.00, 90.00, 0.000, 90.00, 0.00);
insert into SHOT values (998, 1001, 1000, 19, 3.956, 95.08, 0.00, 3.956, 95.08, 0.00, 0.000, 0.00, 0.00);
insert into SHOT values (999, 1002, 1001, 19, 5.491, 72.95, 0.00, 5.491, 72.95, 0.00, 0.000, 180.00, 0.00);
insert into SHOT values (1000, 1003, 1002, 19, 4.876, 34.05, 0.00, 4.876, 34.05, 0.00, 0.000, 0.00, 0.00);
insert into SHOT values (1001, 1004, 1003, 19, 3.052, 22.95, 0.00, 3.052, 22.95, 0.00, 0.000, 180.00, 0.00);
insert into SHOT values (1002, 1005, 1004, 19, 7.009, 8.04, 0.00, 7.009, 8.04, 0.00, 0.000, 0.00, 0.00);
insert into SHOT values (1003, 1006, 1005, 19, 3.660, 0.00, -90.00, 3.660, 90.00, -90.00, 0.000, 90.00, 0.00);
insert into SHOT values (1004, 1007, 1006, 19, 4.269, 42.06, 0.00, 4.269, 42.06, 0.00, 0.000, 180.00, 0.00);
insert into SHOT values (1005, 1008, 1007, 19, 4.572, 27.91, 0.00, 4.572, 27.91, 0.00, 0.000, 0.00, 0.00);
insert into SHOT values (1006, 1009, 996, 19, 11.882, 217.00, 0.00, 11.882, 217.00, 0.00, 0.000, 187.13, 0.00);
insert into SHOT values (1007, 1010, 1009, 19, 2.743, 231.96, 0.00, 2.743, 231.96, 0.00, 0.000, 176.19, 0.00);
insert into SHOT values (1008, 1011, 998, 19, 5.182, 144.90, 0.00, 5.182, 144.90, 0.00, 0.000, 180.00, 0.00);
insert into SHOT values (1009, 1012, 1011, 19, 4.266, 119.03, 0.00, 4.266, 119.03, 0.00, 0.000, 180.00, 0.00);
insert into SHOT values (1010, 1013, 1012, 19, 8.384, 124.07, -45.01, 8.384, 124.07, -45.01, 0.000, 0.00, 0.00);
insert into SHOT values (1011, 1014, 1013, 19, 2.436, 196.95, 0.00, 2.436, 196.95, 0.00, 0.000, 0.00, 0.00);
insert into SHOT values (1012, 1015, 1014, 19, 9.750, 0.00, -90.00, 9.750, 90.00, -90.00, 0.000, 90.00, 0.00);
insert into SHOT values (1013, 1016, 1015, 19, 4.570, 217.00, 0.00, 4.570, 217.00, 0.00, 0.000, 180.00, 0.00);
insert into SHOT values (1014, 1017, 1005, 19, 7.625, 2.03, 0.00, 7.625, 2.03, 0.00, 0.000, 180.00, 0.00);
insert into SHOT values (1015, 1018, 1017, 19, 7.207, 27.99, 1.99, 7.207, 27.99, 1.99, 0.000, 180.00, 0.00);
insert into SHOT values (1016, 1019, 1018, 19, 9.053, 52.00, 2.03, 9.053, 52.00, 2.03, 0.000, 90.00, 0.00);
insert into SHOT values (1017, 1020, 1019, 19, 6.365, 0.99, 1.98, 6.365, 0.99, 1.98, 0.000, 0.00, 0.00);
insert into SHOT values (1018, 1021, 1020, 19, 5.036, 79.00, 2.05, 5.036, 79.00, 2.05, 0.000, 0.00, 0.00);
insert into SHOT values (1019, 1022, 1021, 19, 2.846, 130.01, 0.00, 2.846, 130.01, 0.00, 0.000, 180.00, 0.00);
insert into SHOT values (1020, 1023, 1022, 19, 2.224, 129.88, -22.20, 2.224, 129.88, -22.20, 0.000, 180.00, 0.00);
insert into SHOT values (1021, 1024, 1023, 19, 1.766, 151.86, 34.09, 1.766, 151.86, 34.09, 0.000, 0.00, 0.00);
insert into SHOT values (1022, 1025, 1024, 19, 10.396, 133.99, 0.00, 10.396, 133.99, 0.00, 0.000, 0.00, 0.00);
insert into SHOT values (1023, 1026, 1025, 19, 13.285, 151.00, 0.00, 13.285, 151.00, 0.00, 0.000, 0.00, 0.00);
insert into SHOT values (1024, 1027, 1026, 19, 2.320, 136.05, 0.00, 2.320, 136.05, 0.00, 0.000, 180.00, 0.00);
insert into SHOT values (1025, 1028, 1027, 19, 6.319, 116.00, 0.00, 6.319, 116.00, 0.00, 0.000, 180.00, 0.00);
insert into SHOT values (1026, 1029, 1028, 19, 3.949, 186.98, 0.00, 3.949, 186.98, 0.00, 0.000, 0.00, 0.00);
insert into SHOT values (1027, 1030, 1029, 19, 14.898, 222.01, 0.00, 14.898, 222.01, 0.00, 0.000, 180.00, 0.00);
insert into SHOT values (1028, 1031, 1030, 19, 15.600, 206.01, 0.00, 15.600, 206.01, 0.00, 0.000, 0.00, 0.00);
insert into SHOT values (1029, 1032, 1031, 19, 11.904, 166.00, 0.00, 11.904, 166.00, 0.00, 0.000, 0.00, 0.00);
insert into SHOT values (1030, 1033, 1032, 19, 8.098, 156.03, 0.00, 8.098, 156.03, 0.00, 0.000, 0.00, 0.00);
insert into SHOT values (1031, 1034, 1033, 19, 5.405, 146.99, -24.02, 5.405, 146.99, -24.02, 0.000, 0.00, 0.00);
insert into SHOT values (1032, 1035, 1034, 19, 2.657, 92.91, 42.06, 2.657, 92.91, 42.06, 0.000, 180.00, 0.00);
insert into SHOT values (1033, 1036, 1035, 19, 8.000, 162.99, 0.00, 8.000, 162.99, 0.00, 0.000, 0.00, 0.00);
insert into SHOT values (1034, 1037, 1036, 19, 7.599, 94.00, 0.00, 7.599, 94.00, 0.00, 0.000, 180.00, 0.00);
insert into SHOT values (1035, 1038, 1037, 19, 7.006, 114.00, 0.00, 7.006, 114.00, 0.00, 0.000, 0.00, 0.00);
insert into SHOT values (1036, 1039, 1038, 19, 8.901, 179.03, 0.00, 8.901, 179.03, 0.00, 0.000, 180.00, 0.00);
insert into SHOT values (1037, 1040, 1039, 19, 7.894, 129.96, 0.00, 7.894, 129.96, 0.00, 0.000, 180.00, 0.00);
insert into SHOT values (1038, 1041, 1040, 19, 16.309, 84.02, 0.00, 16.309, 84.02, 0.00, 0.000, 0.00, 0.00);
insert into SHOT values (1039, 1042, 1041, 19, 17.784, 111.02, 0.00, 17.784, 111.02, 0.00, 0.000, 180.00, 0.00);
insert into SHOT values (1040, 1043, 1042, 19, 18.609, 82.99, 0.00, 18.609, 82.99, 0.00, 0.000, 0.00, 0.00);
insert into SHOT values (1041, 1044, 1043, 19, 7.526, 217.01, 0.00, 7.526, 217.01, 0.00, 0.000, 3.01, 0.00);
insert into SHOT values (1042, 1045, 1044, 19, 4.824, 190.03, 0.00, 4.824, 190.03, 0.00, 0.000, 225.00, 0.00);
insert into SHOT values (1043, 1046, 1045, 19, 19.602, 88.01, 0.00, 19.602, 88.01, 0.00, 0.000, 180.00, 0.00);
insert into SHOT values (1044, 1047, 1046, 19, 7.996, 103.97, 0.00, 7.996, 103.97, 0.00, 0.000, 180.00, 0.00);
insert into SHOT values (1045, 1048, 1047, 19, 14.698, 126.00, 0.00, 14.698, 126.00, 0.00, 0.000, 0.00, 0.00);
insert into SHOT values (1046, 1049, 1048, 19, 11.600, 163.99, 0.00, 11.600, 163.99, 0.00, 0.000, 180.00, 0.00);
insert into SHOT values (1047, 1050, 1049, 19, 8.550, 111.04, 0.00, 8.550, 111.04, 0.00, 0.000, 0.00, 0.00);
insert into SHOT values (1048, 1051, 1050, 19, 14.145, 118.00, 0.00, 14.145, 118.00, 0.00, 0.000, 180.00, 0.00);
insert into SHOT values (1049, 1052, 1051, 19, 10.075, 137.01, 0.00, 10.075, 137.01, 0.00, 0.000, 0.00, 0.00);
insert into SHOT values (1050, 1053, 1052, 19, 7.520, 173.95, -4.96, 7.520, 173.95, -4.96, 0.000, 180.00, 0.00);
insert into SHOT values (1051, 1054, 1053, 19, 11.042, 94.99, 0.00, 11.042, 94.99, 0.00, 0.000, 0.00, 0.00);
insert into SHOT values (1052, 1055, 1054, 19, 3.006, 77.12, 0.00, 3.006, 77.12, 0.00, 0.000, 180.00, 0.00);
insert into SHOT values (1053, 1056, 1055, 19, 4.149, 123.00, 0.00, 4.149, 123.00, 0.00, 0.000, 0.00, 0.00);
insert into SHOT values (1054, 1057, 1056, 19, 3.730, 98.00, -32.06, 3.730, 98.00, -32.06, 0.000, 0.00, 0.00);
insert into SHOT values (1055, 1058, 1057, 19, 1.750, 0.00, -90.00, 1.750, 90.00, -90.00, 0.000, 90.00, 0.00);
insert into SHOT values (1056, 1059, 1058, 19, 3.582, 85.98, 4.96, 3.582, 85.98, 4.96, 0.000, 180.00, 0.00);
insert into SHOT values (1057, 1060, 1059, 19, 3.443, 356.19, 79.94, 3.443, 356.19, 79.94, 0.000, 0.00, 0.00);
insert into SHOT values (1058, 1061, 1060, 19, 9.667, 85.01, 0.00, 9.667, 85.01, 0.00, 0.000, 180.00, 0.00);
insert into SHOT values (1059, 1062, 1061, 19, 9.453, 86.00, 0.00, 9.453, 86.00, 0.00, 0.000, 0.00, 0.00);
insert into SHOT values (1060, 1063, 1062, 19, 11.942, 105.99, 0.00, 11.942, 105.99, 0.00, 0.000, 180.00, 0.00);
insert into SHOT values (1061, 1064, 1063, 19, 5.488, 73.05, 0.00, 5.488, 73.05, 0.00, 0.000, 0.00, 0.00);
insert into SHOT values (1062, 1065, 1064, 19, 19.573, 89.00, 0.00, 19.573, 89.00, 0.00, 0.000, 180.00, 0.00);
insert into SHOT values (1063, 1066, 1065, 19, 3.350, 62.44, 0.00, 3.350, 62.44, 0.00, 0.000, 90.00, 0.00);
insert into SHOT values (1064, 1067, 1066, 19, 7.923, 61.01, 0.00, 7.923, 61.01, 0.00, 0.000, 0.00, 0.00);
insert into SHOT values (1065, 1068, 1067, 19, 6.174, 78.98, 0.00, 6.174, 78.98, 0.00, 0.000, 0.00, 0.00);
insert into SHOT values (1066, 1069, 1068, 19, 6.859, 78.05, 0.00, 6.859, 78.05, 0.00, 0.000, 182.29, 0.00);
insert into SHOT values (1067, 1070, 1069, 19, 9.371, 58.97, 0.00, 9.371, 58.97, 0.00, 0.000, 2.86, 0.00);
insert into SHOT values (1068, 1071, 1070, 19, 4.880, 149.06, 4.94, 4.880, 149.06, 4.94, 0.000, 180.00, 0.00);
insert into SHOT values (1069, 1072, 1071, 19, 8.378, 141.98, 0.00, 8.378, 141.98, 0.00, 0.000, 0.00, 0.00);
insert into SHOT values (1070, 1073, 1072, 19, 10.359, 143.99, 0.00, 10.359, 143.99, 0.00, 0.000, 180.00, 0.00);
insert into SHOT values (1071, 1074, 1073, 19, 7.621, 120.00, 0.00, 7.621, 120.00, 0.00, 0.000, 0.00, 0.00);
insert into SHOT values (1072, 1075, 1074, 19, 16.923, 138.02, 0.00, 16.923, 138.02, 0.00, 0.000, 180.00, 0.00);
insert into SHOT values (1073, 1076, 1075, 19, 5.486, 138.99, 0.00, 5.486, 138.99, 0.00, 0.000, 0.00, 0.00);
insert into SHOT values (1074, 1077, 1076, 19, 8.527, 112.99, 0.00, 8.527, 112.99, 0.00, 0.000, 180.00, 0.00);
insert into SHOT values (1075, 1078, 1077, 19, 4.114, 131.95, 0.00, 4.114, 131.95, 0.00, 0.000, 180.00, 0.00);
insert into SHOT values (1076, 1079, 1078, 19, 3.811, 191.04, 0.00, 3.811, 191.04, 0.00, 0.000, 180.00, 0.00);
insert into SHOT values (1077, 1080, 1070, 19, 6.021, 65.99, 0.00, 6.021, 65.99, 0.00, 0.000, 180.00, 0.00);
insert into SHOT values (1078, 1081, 1080, 19, 14.935, 37.49, 0.00, 14.935, 37.49, 0.00, 0.000, 0.00, 0.00);
insert into SHOT values (1079, 1082, 1081, 19, 5.037, 52.02, 0.00, 5.037, 52.02, 0.00, 0.000, 0.00, 0.00);
insert into SHOT values (1080, 1083, 1082, 19, 12.493, 57.02, 0.00, 12.493, 57.02, 0.00, 0.000, 180.00, 0.00);
insert into SHOT values (1081, 1084, 1083, 19, 8.922, 42.96, 0.00, 8.922, 42.96, 0.00, 0.000, 0.00, 0.00);
insert into SHOT values (1082, 1085, 1084, 19, 12.796, 53.00, 0.00, 12.796, 53.00, 0.00, 0.000, 180.00, 0.00);
insert into SHOT values (1083, 1086, 1085, 19, 5.725, 68.05, 0.00, 5.725, 68.05, 0.00, 0.000, 0.00, 0.00);
insert into SHOT values (1084, 1087, 1086, 19, 4.798, 84.98, 0.00, 4.798, 84.98, 0.00, 0.000, 180.00, 0.00);
insert into SHOT values (1085, 1088, 1087, 19, 7.012, 56.99, 0.00, 7.012, 56.99, 0.00, 0.000, 0.00, 0.00);
insert into SHOT values (1086, 1089, 1088, 19, 13.714, 85.99, 0.00, 13.714, 85.99, 0.00, 0.000, 0.00, 0.00);
insert into SHOT values (1087, 1090, 1089, 19, 3.044, 86.99, 0.00, 3.044, 86.99, 0.00, 0.000, 348.69, 0.00);
insert into SHOT values (1088, 1091, 1090, 19, 2.740, 0.00, -90.00, 2.740, 90.00, -90.00, 0.000, 90.00, 0.00);
insert into SHOT values (1089, 1092, 1091, 19, 2.903, 80.08, 0.00, 2.903, 80.08, 0.00, 0.000, 26.57, 0.00);
insert into SHOT values (1090, 1093, 1092, 19, 1.520, 0.00, 90.00, 1.520, 90.00, 90.00, 0.000, 90.00, 0.00);
insert into SHOT values (1091, 1094, 1093, 19, 3.445, 58.89, 0.00, 3.445, 58.89, 0.00, 0.000, 0.00, 0.00);
insert into SHOT values (1092, 1095, 1094, 19, 4.801, 86.06, 0.00, 4.801, 86.06, 0.00, 0.000, 180.00, 0.00);
insert into SHOT values (1093, 1096, 1095, 19, 6.404, 71.99, 0.00, 6.404, 71.99, 0.00, 0.000, 180.00, 0.00);
insert into SHOT values (1094, 1097, 1096, 19, 18.288, 60.01, 0.00, 18.288, 60.01, 0.00, 0.000, 0.00, 0.00);
insert into SHOT values (1095, 1098, 1097, 19, 6.201, 81.94, 0.00, 6.201, 81.94, 0.00, 0.000, 180.00, 0.00);
insert into SHOT values (1096, 1099, 1098, 19, 4.987, 52.00, 0.00, 4.987, 52.00, 0.00, 0.000, 0.00, 0.00);
insert into SHOT values (1097, 1100, 1099, 19, 30.476, 37.00, 0.00, 30.476, 37.00, 0.00, 0.000, 180.00, 0.00);
insert into SHOT values (1098, 1101, 1021, 19, 6.123, 17.99, 1.97, 6.123, 17.99, 1.97, 0.000, 0.00, 0.00);
insert into SHOT values (1099, 1102, 1101, 19, 5.452, 35.97, 2.00, 5.452, 35.97, 2.00, 0.000, 180.00, 0.00);
insert into SHOT values (1100, 1103, 1102, 19, 5.016, 358.06, 1.94, 5.016, 358.06, 1.94, 0.000, 177.40, 0.00);
insert into SHOT values (1101, 1104, 1103, 19, 4.506, 11.01, 2.04, 4.506, 11.01, 2.04, 0.000, 353.66, 0.00);
insert into SHOT values (1102, 1105, 1104, 19, 2.991, 65.06, 2.11, 2.991, 65.06, 2.11, 0.000, 0.00, 0.00);
insert into SHOT values (1103, 1106, 1105, 19, 12.203, 64.97, 1.97, 12.203, 64.97, 1.97, 0.000, 0.00, 0.00);
insert into SHOT values (1104, 1107, 1106, 19, 7.704, 62.04, 2.01, 7.704, 62.04, 2.01, 0.000, 180.00, 0.00);
insert into SHOT values (1105, 1108, 1107, 19, 5.443, 64.99, 2.00, 5.443, 64.99, 2.00, 0.000, 0.00, 0.00);
insert into SHOT values (1106, 1109, 1108, 19, 5.104, 56.03, 2.02, 5.104, 56.03, 2.02, 0.000, 0.00, 0.00);
insert into SHOT values (1107, 1110, 1111, 19, 49.636, 299.22, 0.00, 49.636, 119.22, 0.00, 99.272, 119.22, 0.00);
insert into SHOT values (1108, 1112, 1110, 19, 19.655, 118.70, 0.00, 19.655, 118.70, 0.00, 0.000, 180.00, 0.00);
insert into SHOT values (1109, 1113, 1112, 19, 10.622, 97.95, 0.00, 10.622, 97.95, 0.00, 0.000, 180.00, 0.00);
insert into SHOT values (1110, 1114, 1113, 19, 2.715, 121.29, 0.00, 2.715, 121.29, 0.00, 0.000, 0.00, 0.00);
insert into SHOT values (1111, 1115, 1114, 19, 6.325, 128.65, 0.00, 6.325, 128.65, 0.00, 0.000, 0.00, 0.00);
insert into SHOT values (1112, 1116, 1115, 19, 14.767, 110.41, 0.00, 14.767, 110.41, 0.00, 0.000, 0.00, 0.00);
insert into SHOT values (1113, 1117, 1116, 19, 14.194, 96.23, 0.00, 14.194, 96.23, 0.00, 0.000, 0.00, 0.00);
insert into SHOT values (1114, 1118, 1117, 19, 4.162, 103.34, 0.00, 4.162, 103.34, 0.00, 0.000, 180.00, 0.00);
insert into SHOT values (1115, 1119, 1118, 19, 7.790, 112.25, 0.00, 7.790, 112.25, 0.00, 0.000, 180.00, 0.00);
insert into SHOT values (1116, 1120, 1121, 19, 3.045, 5.45, -20.98, 3.045, 185.45, 20.98, 6.089, 185.45, 20.98);
insert into SHOT_FLAG values(1116, 'srf');
insert into SHOT values (1117, 1122, 1120, 19, 12.220, 0.00, 90.00, 12.220, 90.00, 90.00, 0.000, 90.00, 0.00);
insert into SHOT values (1118, 1123, 1122, 19, 1.032, 340.16, -1.67, 1.032, 340.16, -1.67, 0.000, 0.00, 0.00);
insert into SHOT values (1119, 1124, 1123, 19, 2.608, 284.57, 25.92, 2.608, 284.57, 25.92, 0.000, 0.00, 0.00);
insert into SHOT values (1120, 1125, 1124, 19, 8.790, 0.00, 90.00, 8.790, 90.00, 90.00, 0.000, 90.00, 0.00);
insert into SHOT values (1121, 1126, 1125, 19, 0.869, 78.04, 0.00, 0.869, 78.04, 0.00, 0.000, 0.00, 0.00);
insert into SHOT values (1122, 1127, 1126, 19, 5.380, 0.00, 90.00, 5.380, 90.00, 90.00, 0.000, 90.00, 0.00);
insert into SHOT values (1123, 1128, 1126, 19, 14.020, 0.00, 90.00, 14.020, 90.00, 90.00, 0.000, 90.00, 0.00);
insert into SHOT values (1124, 1129, 1128, 19, 1.620, 14.82, 8.16, 1.620, 14.82, 8.16, 0.000, 354.81, 0.00);
insert into SHOT values (1125, 1130, 1129, 19, 2.520, 0.00, 90.00, 2.520, 90.00, 90.00, 0.000, 90.00, 0.00);
insert into SHOT values (1126, 1131, 1130, 19, 2.083, 217.65, 10.79, 2.083, 217.65, 10.79, 0.000, 180.00, 0.00);
insert into SHOT values (1127, 1132, 1131, 19, 1.194, 258.59, -13.07, 1.194, 258.59, -13.07, 0.000, 177.27, 0.00);
insert into SHOT values (1128, 1133, 1132, 19, 14.780, 0.00, 90.00, 14.780, 90.00, 90.00, 0.000, 90.00, 0.00);
insert into SHOT values (1129, 1134, 1133, 19, 3.505, 261.37, 29.02, 3.505, 261.37, 29.02, 0.000, 0.00, 0.00);
insert into SHOT values (1130, 1135, 1134, 19, 0.930, 0.00, -90.00, 0.930, 90.00, -90.00, 0.000, 90.00, 0.00);
insert into SHOT values (1131, 1136, 1134, 19, 7.276, 276.51, 6.00, 7.276, 276.51, 6.00, 0.000, 0.00, 0.00);
insert into SHOT values (1132, 1137, 1136, 19, 4.356, 323.42, 22.97, 4.356, 323.42, 22.97, 0.000, 0.00, 0.00);
insert into SHOT values (1133, 1138, 1137, 19, 1.270, 0.00, -90.00, 1.270, 90.00, -90.00, 0.000, 90.00, 0.00);
insert into SHOT values (1134, 1139, 1134, 19, 6.323, 155.50, 1.99, 6.323, 155.50, 1.99, 0.000, 0.00, 0.00);
insert into SHOT values (1135, 1140, 1139, 19, 2.053, 86.62, -7.84, 2.053, 86.62, -7.84, 0.000, 0.00, 0.00);
insert into SHOT values (1136, 1141, 1132, 19, 1.853, 102.78, -17.91, 1.853, 102.78, -17.91, 0.000, 0.00, 0.00);
insert into SHOT values (1137, 1142, 1141, 19, 1.587, 147.59, -19.89, 1.587, 147.59, -19.89, 0.000, 0.00, 0.00);
insert into SHOT values (1138, 1143, 1142, 19, 1.657, 137.45, 1.73, 1.657, 137.45, 1.73, 0.000, 182.86, 0.00);
insert into SHOT values (1139, 1144, 1143, 19, 3.573, 119.54, 9.02, 3.573, 119.54, 9.02, 0.000, 9.46, 0.00);
insert into SHOT values (1140, 1145, 1144, 19, 3.996, 146.59, -9.51, 3.996, 146.59, -9.51, 0.000, 0.00, 0.00);
insert into SHOT values (1141, 1146, 1145, 19, 7.644, 154.43, 24.99, 7.644, 154.43, 24.99, 0.000, 180.00, 0.00);
insert into SHOT values (1142, 1147, 1146, 19, 3.167, 159.50, -33.98, 3.167, 159.50, -33.98, 0.000, 0.00, 0.00);
insert into SHOT values (1143, 1148, 1147, 19, 1.320, 0.00, -90.00, 1.320, 90.00, -90.00, 0.000, 90.00, 0.00);
insert into SHOT values (1144, 1149, 1148, 19, 2.899, 149.58, -19.96, 2.899, 149.58, -19.96, 0.000, 0.00, 0.00);
insert into SHOT values (1145, 1150, 1149, 19, 2.200, 0.00, 90.00, 2.200, 90.00, 90.00, 0.000, 90.00, 0.00);
insert into SHOT values (1146, 1151, 1150, 19, 0.849, 251.29, 39.52, 0.849, 251.29, 39.52, 0.000, 0.00, 0.00);
insert into SHOT values (1147, 1152, 1151, 19, 0.256, 300.58, -2.24, 0.256, 300.58, -2.24, 0.000, 180.00, 0.00);
insert into SHOT values (1148, 1153, 1152, 19, 4.360, 0.00, 90.00, 4.360, 90.00, 90.00, 0.000, 90.00, 0.00);
insert into SHOT values (1149, 1154, 1153, 19, 1.584, 271.88, 39.61, 1.584, 271.88, 39.61, 0.000, 180.00, 0.00);
insert into SHOT values (1150, 1155, 1154, 19, 1.138, 340.66, 28.90, 1.138, 340.66, 28.90, 0.000, 180.00, 0.00);
insert into SHOT values (1151, 1156, 1148, 19, 7.149, 132.52, -44.94, 7.149, 132.52, -44.94, 0.000, 180.00, 0.00);
insert into SHOT values (1152, 1157, 1156, 19, 7.967, 138.54, -25.02, 7.967, 138.54, -25.02, 0.000, 0.00, 0.00);
insert into SHOT values (1153, 1158, 1157, 19, 0.310, 0.00, 90.00, 0.310, 90.00, 90.00, 0.000, 90.00, 0.00);
insert into SHOT values (1154, 1159, 1158, 19, 4.059, 106.53, -30.01, 4.059, 106.53, -30.01, 0.000, 180.00, 0.00);
insert into SHOT values (1155, 1160, 1159, 19, 1.039, 148.43, -20.28, 1.039, 148.43, -20.28, 0.000, 0.00, 0.00);
insert into SHOT values (1156, 1161, 1160, 19, 5.209, 132.51, 0.00, 5.209, 132.51, 0.00, 0.000, 270.00, 0.00);
insert into SHOT values (1157, 1162, 1161, 19, 2.731, 135.47, -18.14, 2.731, 135.47, -18.14, 0.000, 18.43, 0.00);
insert into SHOT values (1158, 1163, 1162, 19, 0.520, 157.38, -2.20, 0.520, 157.38, -2.20, 0.000, 180.00, 0.00);
insert into SHOT values (1159, 1164, 1162, 19, 3.505, 133.41, -18.81, 3.505, 133.41, -18.81, 0.000, 180.00, 0.00);
insert into SHOT values (1160, 1165, 1159, 19, 1.119, 335.38, -19.31, 1.119, 335.38, -19.31, 0.000, 0.00, 0.00);
insert into SHOT values (1161, 1166, 1165, 19, 5.550, 0.00, -90.00, 5.550, 90.00, -90.00, 0.000, 90.00, 0.00);
insert into SHOT values (1162, 1167, 1166, 19, 1.431, 124.15, -13.75, 1.431, 124.15, -13.75, 0.000, 5.19, 0.00);
insert into SHOT values (1163, 1168, 1167, 19, 2.861, 151.56, -48.11, 2.861, 151.56, -48.11, 0.000, 315.00, 0.00);
insert into SHOT values (1164, 1169, 1168, 19, 0.370, 0.00, 90.00, 0.370, 90.00, 90.00, 0.000, 90.00, 0.00);
insert into SHOT values (1165, 1170, 1169, 19, 2.716, 96.56, -20.93, 2.716, 96.56, -20.93, 0.000, 180.00, 0.00);
insert into SHOT values (1166, 1171, 1170, 19, 3.288, 334.60, -1.05, 3.288, 334.60, -1.05, 0.000, 0.00, 0.00);
insert into SHOT values (1167, 1172, 1171, 19, 2.649, 312.55, -1.95, 2.649, 312.55, -1.95, 0.000, 0.00, 0.00);
insert into SHOT values (1168, 1173, 1172, 19, 4.799, 325.45, 1.91, 4.799, 325.45, 1.91, 0.000, 0.00, 0.00);
insert into SHOT values (1169, 1174, 1173, 19, 2.702, 308.49, -6.80, 2.702, 308.49, -6.80, 0.000, 180.00, 0.00);
insert into SHOT values (1170, 1175, 1170, 19, 3.201, 145.46, -4.12, 3.201, 145.46, -4.12, 0.000, 0.00, 0.00);
insert into SHOT values (1171, 1176, 1175, 19, 7.601, 133.50, 4.00, 7.601, 133.50, 4.00, 0.000, 0.00, 0.00);
insert into SHOT values (1172, 1177, 1176, 19, 4.625, 150.44, -10.97, 4.625, 150.44, -10.97, 0.000, 180.00, 0.00);
insert into SHOT values (1173, 1178, 1177, 19, 4.103, 139.55, 2.10, 4.103, 139.55, 2.10, 0.000, 0.00, 0.00);
insert into SHOT values (1174, 1179, 1178, 19, 2.905, 133.44, -11.11, 2.905, 133.44, -11.11, 0.000, 180.00, 0.00);
insert into SHOT values (1175, 1180, 1179, 19, 2.251, 133.66, -20.01, 2.251, 133.66, -20.01, 0.000, 0.00, 0.00);
insert into SHOT values (1176, 1181, 1179, 19, 3.222, 176.52, -23.02, 3.222, 176.52, -23.02, 0.000, 0.00, 0.00);
insert into SHOT values (1177, 1182, 1181, 19, 2.290, 0.00, -90.00, 2.290, 90.00, -90.00, 0.000, 90.00, 0.00);
insert into SHOT values (1178, 1183, 1182, 19, 2.363, 133.33, -51.92, 2.363, 133.33, -51.92, 0.000, 180.00, 0.00);
insert into SHOT values (1179, 1184, 1183, 19, 0.821, 137.08, -18.47, 0.821, 137.08, -18.47, 0.000, 180.00, 0.00);
insert into SHOT values (1180, 1185, 1184, 19, 5.221, 130.50, -9.93, 5.221, 130.50, -9.93, 0.000, 180.00, 0.00);
insert into SHOT values (1181, 1186, 1185, 19, 4.300, 0.00, 90.00, 4.300, 90.00, 90.00, 0.000, 90.00, 0.00);
insert into SHOT values (1182, 1187, 1186, 19, 2.297, 311.63, -5.00, 2.297, 311.63, -5.00, 0.000, 0.00, 0.00);
insert into SHOT values (1183, 1188, 1186, 19, 4.898, 125.44, -1.05, 4.898, 125.44, -1.05, 0.000, 14.04, 0.00);
insert into SHOT values (1184, 1189, 1185, 19, 2.256, 132.40, 14.90, 2.256, 132.40, 14.90, 0.000, 180.00, 0.00);
insert into SHOT values (1185, 1190, 1189, 19, 9.380, 126.51, -5.02, 9.380, 126.51, -5.02, 0.000, 180.00, 0.00);
insert into SHOT values (1186, 1191, 1123, 19, 2.863, 288.56, -3.00, 2.863, 288.56, -3.00, 0.000, 0.00, 0.00);
insert into SHOT values (1187, 1192, 1191, 19, 5.990, 0.00, 90.00, 5.990, 90.00, 90.00, 0.000, 90.00, 0.00);
insert into SHOT values (1188, 1193, 1192, 19, 4.785, 315.51, -5.04, 4.785, 315.51, -5.04, 0.000, 180.00, 0.00);
insert into SHOT values (1189, 1194, 1193, 19, 2.970, 98.41, 61.10, 2.970, 98.41, 61.10, 0.000, 0.00, 0.00);
insert into SHOT values (1190, 1195, 1194, 19, 2.827, 347.50, 26.02, 2.827, 347.50, 26.02, 0.000, 0.00, 0.00);
insert into SHOT values (1191, 1196, 1195, 19, 3.830, 345.52, 7.05, 3.830, 345.52, 7.05, 0.000, 0.00, 0.00);
insert into SHOT values (1192, 1197, 1196, 19, 3.176, 311.53, -7.05, 3.176, 311.53, -7.05, 0.000, 180.00, 0.00);
insert into SHOT values (1193, 1198, 1197, 19, 4.475, 337.45, -10.04, 4.475, 337.45, -10.04, 0.000, 180.00, 0.00);
insert into SHOT values (1194, 1199, 1198, 19, 0.778, 303.44, -35.32, 0.778, 303.44, -35.32, 0.000, 0.00, 0.00);
insert into SHOT values (1195, 1200, 1199, 19, 1.632, 318.51, 8.10, 1.632, 318.51, 8.10, 0.000, 180.00, 0.00);
insert into SHOT values (1196, 1201, 1200, 19, 1.720, 0.00, 90.00, 1.720, 90.00, 90.00, 0.000, 90.00, 0.00);
insert into SHOT values (1197, 1202, 1201, 19, 1.999, 279.51, 2.01, 1.999, 279.51, 2.01, 0.000, 0.00, 0.00);
insert into SHOT values (1198, 1203, 1202, 19, 1.763, 336.45, 15.13, 1.763, 336.45, 15.13, 0.000, 180.00, 0.00);
insert into SHOT values (1199, 1204, 1203, 19, 3.095, 275.56, 0.00, 3.095, 275.56, 0.00, 0.000, 90.00, 0.00);
insert into SHOT values (1200, 1205, 1204, 19, 6.451, 283.45, 1.95, 6.451, 283.45, 1.95, 0.000, 180.00, 0.00);
insert into SHOT values (1201, 1206, 1205, 19, 0.440, 0.00, -90.00, 0.440, 90.00, -90.00, 0.000, 90.00, 0.00);
insert into SHOT values (1202, 1207, 1198, 19, 2.670, 0.00, -90.00, 2.670, 90.00, -90.00, 0.000, 90.00, 0.00);
insert into SHOT values (1203, 1208, 1209, 19, 11.024, 243.71, -4.01, 11.024, 63.71, 4.01, 22.048, 63.71, 4.01);
insert into SHOT values (1204, 1210, 1208, 19, 6.392, 50.65, -1.97, 6.392, 50.65, -1.97, 0.000, 0.00, 0.00);
insert into SHOT values (1205, 1211, 1210, 19, 2.897, 97.74, 0.99, 2.897, 97.74, 0.99, 0.000, 180.00, 0.00);
insert into SHOT values (1206, 1212, 1211, 19, 5.144, 74.21, 0.56, 5.144, 74.21, 0.56, 0.000, 180.00, 0.00);
insert into SHOT values (1207, 1213, 1212, 19, 4.193, 69.75, 2.46, 4.193, 69.75, 2.46, 0.000, 0.00, 0.00);
insert into SHOT values (1208, 1214, 1215, 19, 32.000, 0.00, -90.00, 32.000, 90.00, 90.00, 64.000, 90.00, 90.00);
insert into SHOT values (1209, 1216, 1214, 19, 2.720, 117.70, 4.85, 2.720, 117.70, 4.85, 0.000, 180.00, 0.00);
insert into SHOT values (1210, 1217, 1216, 19, 7.608, 44.89, 3.47, 7.608, 44.89, 3.47, 0.000, 0.00, 0.00);
insert into SHOT values (1211, 1218, 1217, 19, 18.895, 68.37, -4.89, 18.895, 68.37, -4.89, 0.000, 180.00, 0.00);
insert into SHOT values (1212, 1219, 1218, 19, 3.815, 131.87, -31.97, 3.815, 131.87, -31.97, 0.000, 0.00, 0.00);
insert into SHOT values (1213, 1220, 1219, 19, 2.824, 105.20, -13.51, 2.824, 105.20, -13.51, 0.000, 180.00, 0.00);
insert into SHOT values (1214, 1221, 1220, 19, 4.724, 111.03, 21.22, 4.724, 111.03, 21.22, 0.000, 180.00, 0.00);
insert into SHOT values (1215, 1222, 1221, 19, 6.820, 72.92, 11.85, 6.820, 72.92, 11.85, 0.000, 0.00, 0.00);
insert into SHOT values (1216, 1223, 1222, 19, 20.752, 106.75, -0.72, 20.752, 106.75, -0.72, 0.000, 180.00, 0.00);
insert into SHOT values (1217, 1224, 1223, 19, 5.225, 90.55, 4.28, 5.225, 90.55, 4.28, 0.000, 180.00, 0.00);
insert into SHOT values (1218, 1225, 1224, 19, 7.187, 94.63, 1.75, 7.187, 94.63, 1.75, 0.000, 0.00, 0.00);
insert into SHOT values (1219, 1226, 1225, 19, 9.115, 140.62, -13.19, 9.115, 140.62, -13.19, 0.000, 180.00, 0.00);
insert into SHOT values (1220, 1227, 1226, 19, 10.721, 145.16, 6.10, 10.721, 145.16, 6.10, 0.000, 180.00, 0.00);
insert into SHOT values (1221, 1228, 1227, 19, 11.909, 121.94, 3.27, 11.909, 121.94, 3.27, 0.000, 180.00, 0.00);
insert into SHOT values (1222, 1229, 1228, 19, 11.411, 89.50, -0.40, 11.411, 89.50, -0.40, 0.000, 0.00, 0.00);
insert into SHOT values (1223, 1230, 1229, 19, 3.273, 109.89, -8.96, 3.273, 109.89, -8.96, 0.000, 90.00, 0.00);
insert into SHOT values (1224, 1231, 1230, 19, 3.676, 76.75, -35.03, 3.676, 76.75, -35.03, 0.000, 0.00, 0.00);
insert into SHOT values (1225, 1232, 1231, 19, 3.498, 149.76, -38.96, 3.498, 149.76, -38.96, 0.000, 180.00, 0.00);
insert into SHOT values (1226, 1233, 1232, 19, 4.794, 112.67, -32.99, 4.794, 112.67, -32.99, 0.000, 0.00, 0.00);
insert into SHOT values (1227, 1234, 1231, 19, 1.502, 100.71, 41.23, 1.502, 100.71, 41.23, 0.000, 180.00, 0.00);
insert into SHOT values (1228, 1235, 1234, 19, 2.301, 342.72, 35.00, 2.301, 342.72, 35.00, 0.000, 356.82, 0.00);
insert into SHOT values (1229, 1236, 1235, 19, 5.303, 134.69, 0.00, 5.303, 134.69, 0.00, 0.000, 4.40, 0.00);
insert into SHOT values (1230, 1237, 1236, 19, 0.967, 195.62, -2.96, 0.967, 195.62, -2.96, 0.000, 180.00, 0.00);
insert into SHOT values (1231, 1238, 1237, 19, 1.987, 132.94, -8.10, 1.987, 132.94, -8.10, 0.000, 180.00, 0.00);
insert into SHOT values (1232, 1239, 1230, 19, 4.502, 136.72, 20.00, 4.502, 136.72, 20.00, 0.000, 180.00, 0.00);
insert into SHOT values (1233, 1240, 1239, 19, 1.458, 61.53, -23.01, 1.458, 61.53, -23.01, 0.000, 0.00, 0.00);
insert into SHOT values (1234, 1241, 1240, 19, 1.100, 152.97, 0.00, 1.100, 152.97, 0.00, 0.000, 180.00, 0.00);
insert into SHOT values (1235, 1242, 1241, 19, 1.996, 67.93, 0.00, 1.996, 67.93, 0.00, 0.000, 180.00, 0.00);
insert into SHOT values (1236, 1243, 1231, 19, 8.220, 166.68, -67.97, 8.220, 166.68, -67.97, 0.000, 180.00, 0.00);
insert into SHOT values (1237, 1244, 1243, 19, 5.049, 114.74, -2.95, 5.049, 114.74, -2.95, 0.000, 180.00, 0.00);
insert into SHOT values (1238, 1245, 1244, 19, 3.963, 78.55, 66.00, 3.963, 78.55, 66.00, 0.000, 180.00, 0.00);
insert into SHOT values (1239, 1246, 1245, 19, 4.224, 354.85, 52.69, 4.224, 354.85, 52.69, 0.000, 180.00, 0.00);
insert into SHOT values (1240, 1247, 1246, 19, 1.655, 260.89, 49.57, 1.655, 260.89, 49.57, 0.000, 0.00, 0.00);
insert into SHOT values (1241, 1248, 1247, 19, 2.650, 229.06, 41.04, 2.650, 229.06, 41.04, 0.000, 0.00, 0.00);
insert into SHOT values (1242, 1249, 1248, 19, 4.509, 124.60, 13.46, 4.509, 124.60, 13.46, 0.000, 180.00, 0.00);
insert into SHOT values (1243, 1250, 1249, 19, 9.651, 165.46, 2.91, 9.651, 165.46, 2.91, 0.000, 0.00, 0.00);
insert into SHOT values (1244, 1251, 1250, 19, 10.302, 108.84, -8.60, 10.302, 108.84, -8.60, 0.000, 180.00, 0.00);
insert into SHOT values (1245, 1252, 1251, 19, 7.693, 172.85, 20.07, 7.693, 172.85, 20.07, 0.000, 180.00, 0.00);
insert into SHOT values (1246, 1253, 1252, 19, 9.187, 185.82, 2.62, 9.187, 185.82, 2.62, 0.000, 90.00, 0.00);
insert into SHOT values (1247, 1254, 1253, 19, 5.739, 152.50, -0.30, 5.739, 152.50, -0.30, 0.000, 0.00, 0.00);
insert into SHOT values (1248, 1255, 1254, 19, 5.869, 210.00, -12.10, 5.869, 210.00, -12.10, 0.000, 0.00, 0.00);
insert into SHOT values (1249, 1256, 1255, 19, 19.887, 278.95, 2.91, 19.887, 278.95, 2.91, 0.000, 180.00, 0.00);
insert into SHOT values (1250, 1257, 1256, 19, 5.547, 283.56, -1.76, 5.547, 283.56, -1.76, 0.000, 356.42, 0.00);
insert into SHOT values (1251, 1258, 1257, 19, 12.038, 215.63, 1.62, 12.038, 215.63, 1.62, 0.000, 6.34, 0.00);
insert into SHOT values (1252, 1259, 1258, 19, 6.011, 219.42, 6.88, 6.011, 219.42, 6.88, 0.000, 180.00, 0.00);
insert into SHOT values (1253, 1260, 1259, 19, 6.280, 229.40, 3.38, 6.280, 229.40, 3.38, 0.000, 184.09, 0.00);
insert into SHOT values (1254, 1261, 1260, 19, 1.938, 275.49, -23.41, 1.938, 275.49, -23.41, 0.000, 175.24, 0.00);
insert into SHOT values (1255, 1262, 1261, 19, 12.020, 236.34, 1.72, 12.020, 236.34, 1.72, 0.000, 0.00, 0.00);
insert into SHOT values (1256, 1263, 1262, 19, 10.146, 228.61, 4.30, 10.146, 228.61, 4.30, 0.000, 90.00, 0.00);
insert into SHOT values (1257, 1264, 1263, 19, 14.951, 200.85, 1.00, 14.951, 200.85, 1.00, 0.000, 0.00, 0.00);
insert into SHOT values (1258, 1265, 1264, 19, 10.559, 201.94, 3.09, 10.559, 201.94, 3.09, 0.000, 180.00, 0.00);
insert into SHOT values (1259, 1266, 1265, 19, 7.777, 193.84, 0.88, 7.777, 193.84, 0.88, 0.000, 180.00, 0.00);
insert into SHOT values (1260, 1267, 1266, 19, 11.225, 135.65, 2.35, 11.225, 135.65, 2.35, 0.000, 0.00, 0.00);
insert into SHOT values (1261, 1268, 1267, 19, 10.805, 169.81, -1.64, 10.805, 169.81, -1.64, 0.000, 180.00, 0.00);
insert into SHOT values (1262, 1269, 1268, 19, 8.041, 184.99, -0.14, 8.041, 184.99, -0.14, 0.000, 0.00, 0.00);
insert into SHOT values (1263, 1270, 1269, 19, 10.638, 198.32, -5.02, 10.638, 198.32, -5.02, 0.000, 0.00, 0.00);
insert into SHOT values (1264, 1271, 1270, 19, 6.627, 200.68, 0.69, 6.627, 200.68, 0.69, 0.000, 180.00, 0.00);
insert into SHOT values (1265, 1272, 1271, 19, 4.436, 204.37, -1.29, 4.436, 204.37, -1.29, 0.000, 0.00, 0.00);
insert into SHOT values (1266, 1273, 1265, 19, 3.418, 118.43, 15.27, 3.418, 118.43, 15.27, 0.000, 0.00, 0.00);
insert into SHOT values (1267, 1274, 1273, 19, 21.010, 0.00, 90.00, 21.010, 90.00, 90.00, 0.000, 90.00, 0.00);
insert into SHOT values (1268, 1275, 1274, 19, 16.496, 167.75, 0.00, 16.496, 167.75, 0.00, 0.000, 180.00, 0.00);
insert into SHOT values (1269, 1276, 1251, 19, 9.475, 125.42, -7.82, 9.475, 125.42, -7.82, 0.000, 90.00, 0.00);
insert into SHOT values (1270, 1277, 1276, 19, 4.944, 137.95, 1.74, 4.944, 137.95, 1.74, 0.000, 180.00, 0.00);
insert into SHOT values (1271, 1278, 1277, 19, 3.028, 75.78, -5.88, 3.028, 75.78, -5.88, 0.000, 180.00, 0.00);
insert into SHOT values (1272, 1279, 1278, 19, 5.841, 121.13, -0.20, 5.841, 121.13, -0.20, 0.000, 0.00, 0.00);
insert into SHOT values (1273, 1280, 1279, 19, 8.755, 129.15, -3.01, 8.755, 129.15, -3.01, 0.000, 0.00, 0.00);
insert into SHOT values (1274, 1281, 1280, 19, 7.002, 84.26, -10.03, 7.002, 84.26, -10.03, 0.000, 90.00, 0.00);
insert into SHOT values (1275, 1282, 1281, 19, 4.923, 99.40, -6.06, 4.923, 99.40, -6.06, 0.000, 180.00, 0.00);
insert into SHOT values (1276, 1283, 1282, 19, 2.702, 38.66, -5.52, 2.702, 38.66, -5.52, 0.000, 0.00, 0.00);
insert into SHOT values (1277, 1284, 1283, 19, 2.909, 121.76, -20.95, 2.909, 121.76, -20.95, 0.000, 180.00, 0.00);
insert into SHOT values (1278, 1285, 1284, 19, 2.417, 162.72, 12.91, 2.417, 162.72, 12.91, 0.000, 0.00, 0.00);
insert into SHOT values (1279, 1286, 1285, 19, 1.300, 135.00, -33.10, 1.300, 135.00, -33.10, 0.000, 180.00, 0.00);
insert into SHOT values (1280, 1287, 1286, 19, 1.101, 83.60, -12.06, 1.101, 83.60, -12.06, 0.000, 180.00, 0.00);
insert into SHOT values (1281, 1288, 1287, 19, 1.730, 130.75, 7.31, 1.730, 130.75, 7.31, 0.000, 0.00, 0.00);
insert into SHOT values (1282, 1289, 1288, 19, 2.469, 81.67, 11.92, 2.469, 81.67, 11.92, 0.000, 0.00, 0.00);
insert into SHOT values (1283, 1290, 1289, 19, 3.001, 80.73, 6.89, 3.001, 80.73, 6.89, 0.000, 180.00, 0.00);
insert into SHOT values (1284, 1291, 1290, 19, 5.000, 82.76, 0.00, 5.000, 82.76, 0.00, 0.000, 0.00, 0.00);
insert into SHOT values (1285, 1292, 1291, 19, 2.684, 124.88, 19.14, 2.684, 124.88, 19.14, 0.000, 180.00, 0.00);
insert into SHOT values (1286, 1293, 1292, 19, 4.996, 158.72, -30.03, 4.996, 158.72, -30.03, 0.000, 180.00, 0.00);
insert into SHOT values (1287, 1294, 1293, 19, 6.007, 145.75, 9.97, 6.007, 145.75, 9.97, 0.000, 0.00, 0.00);
insert into SHOT values (1288, 1295, 1294, 19, 1.137, 232.93, -7.07, 1.137, 232.93, -7.07, 0.000, 11.31, 0.00);
insert into SHOT values (1289, 1296, 1295, 19, 3.202, 186.70, -7.90, 3.202, 186.70, -7.90, 0.000, 351.25, 0.00);
insert into SHOT values (1290, 1297, 1296, 19, 2.496, 151.79, 0.00, 2.496, 151.79, 0.00, 0.000, 90.00, 0.00);
insert into SHOT values (1291, 1298, 1297, 19, 1.498, 212.74, 0.00, 1.498, 212.74, 0.00, 0.000, 180.00, 0.00);
insert into SHOT values (1292, 1299, 1298, 19, 1.778, 80.70, 13.00, 1.778, 80.70, 13.00, 0.000, 0.00, 0.00);
insert into SHOT values (1293, 1300, 1299, 19, 7.102, 113.78, -3.07, 7.102, 113.78, -3.07, 0.000, 180.00, 0.00);
insert into SHOT values (1294, 1301, 1300, 19, 7.381, 119.73, 0.00, 7.381, 119.73, 0.00, 0.000, 180.00, 0.00);
insert into SHOT values (1295, 1302, 1301, 19, 10.163, 111.72, -0.96, 10.163, 111.72, -0.96, 0.000, 180.00, 0.00);
insert into SHOT values (1296, 1303, 1302, 19, 3.354, 116.79, 2.91, 3.354, 116.79, 2.91, 0.000, 0.00, 0.00);
insert into SHOT values (1297, 1304, 1303, 19, 7.420, 11.75, 2.01, 7.420, 11.75, 2.01, 0.000, 180.00, 0.00);
insert into SHOT values (1298, 1305, 1303, 19, 0.849, 135.00, -2.70, 0.849, 135.00, -2.70, 0.000, 180.00, 0.00);
insert into SHOT values (1299, 1306, 1305, 19, 4.287, 125.70, -20.05, 4.287, 125.70, -20.05, 0.000, 0.00, 0.00);
insert into SHOT values (1300, 1307, 1306, 19, 2.597, 132.66, 0.00, 2.597, 132.66, 0.00, 0.000, 0.00, 0.00);
insert into SHOT values (1301, 1308, 1307, 19, 5.005, 137.67, 0.00, 5.005, 137.67, 0.00, 0.000, 191.31, 0.00);
insert into SHOT values (1302, 1309, 1308, 19, 4.996, 115.74, 0.00, 4.996, 115.74, 0.00, 0.000, 0.00, 0.00);
insert into SHOT values (1303, 1310, 1309, 19, 1.599, 140.84, 0.00, 1.599, 140.84, 0.00, 0.000, 165.96, 0.00);
insert into SHOT values (1304, 1311, 1310, 19, 2.103, 137.89, 0.00, 2.103, 137.89, 0.00, 0.000, 0.00, 0.00);
insert into SHOT values (1305, 1312, 1311, 19, 2.200, 124.63, 0.00, 2.200, 124.63, 0.00, 0.000, 180.00, 0.00);
insert into SHOT values (1306, 1313, 1312, 19, 3.251, 102.80, 0.00, 3.251, 102.80, 0.00, 0.000, 0.00, 0.00);
insert into SHOT values (1307, 1314, 1313, 19, 4.802, 111.76, 0.00, 4.802, 111.76, 0.00, 0.000, 0.00, 0.00);
insert into SHOT values (1308, 1315, 1314, 19, 1.103, 59.48, 0.00, 1.103, 59.48, 0.00, 0.000, 180.00, 0.00);
insert into SHOT values (1309, 1316, 1292, 19, 3.453, 55.64, -26.11, 3.453, 55.64, -26.11, 0.000, 180.00, 0.00);
insert into SHOT values (1310, 1317, 1316, 19, 3.901, 141.75, -51.91, 3.901, 141.75, -51.91, 0.000, 180.00, 0.00);
insert into SHOT values (1311, 1318, 1317, 19, 4.995, 266.01, -80.06, 4.995, 266.01, -80.06, 0.000, 0.00, 0.00);
insert into SHOT values (1312, 1319, 1290, 19, 6.158, 333.71, 53.03, 6.158, 333.71, 53.03, 0.000, 0.00, 0.00);
insert into SHOT values (1313, 1320, 1319, 19, 9.801, 96.73, 7.03, 9.801, 96.73, 7.03, 0.000, 180.00, 0.00);
insert into SHOT values (1314, 1321, 1224, 19, 3.638, 356.07, 22.63, 3.638, 356.07, 22.63, 0.000, 180.00, 0.00);
insert into SHOT values (1315, 1322, 1321, 19, 4.957, 297.65, 67.51, 4.957, 297.65, 67.51, 0.000, 0.00, 0.00);
insert into SHOT values (1316, 1323, 1322, 19, 2.213, 264.65, 22.87, 2.213, 264.65, 22.87, 0.000, 180.00, 0.00);
insert into SHOT values (1317, 1324, 1323, 19, 1.029, 349.24, 8.38, 1.029, 349.24, 8.38, 0.000, 180.00, 0.00);
insert into SHOT values (1318, 1325, 1214, 19, 2.653, 311.17, 4.97, 2.653, 311.17, 4.97, 0.000, 180.00, 0.00);
insert into SHOT values (1319, 1326, 1325, 19, 5.575, 326.63, 8.87, 5.575, 326.63, 8.87, 0.000, 180.00, 0.00);
insert into SHOT values (1320, 1327, 1326, 19, 14.239, 15.04, -3.18, 14.239, 15.04, -3.18, 0.000, 0.00, 0.00);
insert into SHOT values (1321, 1328, 1327, 19, 14.695, 342.74, -1.13, 14.695, 342.74, -1.13, 0.000, 180.00, 0.00);
insert into SHOT values (1322, 1329, 1328, 19, 6.188, 312.84, -14.12, 6.188, 312.84, -14.12, 0.000, 355.91, 0.00);
insert into SHOT values (1323, 1330, 1329, 19, 3.602, 287.78, -22.01, 3.602, 287.78, -22.01, 0.000, 173.66, 0.00);
insert into SHOT values (1324, 1331, 1330, 19, 3.103, 30.80, -6.11, 3.103, 30.80, -6.11, 0.000, 0.00, 0.00);
insert into SHOT values (1325, 1332, 1331, 19, 3.515, 42.69, -2.94, 3.515, 42.69, -2.94, 0.000, 0.00, 0.00);
insert into SHOT values (1326, 1333, 1332, 19, 3.653, 40.90, -42.97, 3.653, 40.90, -42.97, 0.000, 0.00, 0.00);
insert into SHOT values (1327, 1334, 1333, 19, 12.754, 50.73, -13.51, 12.754, 50.73, -13.51, 0.000, 180.00, 0.00);
insert into SHOT values (1328, 1335, 1330, 19, 5.627, 228.68, -3.06, 5.627, 228.68, -3.06, 0.000, 0.00, 0.00);
insert into SHOT values (1329, 1336, 1335, 19, 16.998, 219.76, -59.00, 16.998, 219.76, -59.00, 0.000, 182.60, 0.00);
insert into SHOT values (1330, 1337, 1214, 19, 9.850, 200.73, 24.98, 9.850, 200.73, 24.98, 0.000, 0.00, 0.00);
insert into SHOT values (1331, 1338, 1337, 19, 9.748, 208.75, 3.53, 9.748, 208.75, 3.53, 0.000, 180.00, 0.00);
insert into SHOT values (1332, 1339, 1338, 19, 9.028, 134.78, -2.98, 9.028, 134.78, -2.98, 0.000, 180.00, 0.00);
insert into SHOT values (1333, 1340, 1339, 19, 5.566, 196.71, -1.03, 5.566, 196.71, -1.03, 0.000, 180.00, 0.00);
insert into SHOT values (1334, 1341, 1340, 19, 3.271, 107.82, 2.98, 3.271, 107.82, 2.98, 0.000, 0.00, 0.00);
insert into SHOT values (1335, 1342, 1341, 19, 7.524, 152.72, -6.03, 7.524, 152.72, -6.03, 0.000, 180.00, 0.00);
insert into SHOT values (1336, 1343, 1342, 19, 6.397, 192.75, 3.05, 6.397, 192.75, 3.05, 0.000, 180.00, 0.00);
insert into SHOT values (1337, 1344, 1343, 19, 6.320, 258.76, 2.99, 6.320, 258.76, 2.99, 0.000, 90.00, 0.00);
insert into SHOT values (1338, 1345, 1344, 19, 6.830, 196.76, 0.00, 6.830, 196.76, 0.00, 0.000, 90.00, 0.00);
insert into SHOT values (1339, 1346, 1345, 19, 6.744, 200.70, 2.98, 6.744, 200.70, 2.98, 0.000, 180.00, 0.00);
insert into SHOT values (1340, 1347, 1346, 19, 6.400, 201.82, -4.93, 6.400, 201.82, -4.93, 0.000, 0.00, 0.00);
insert into SHOT values (1341, 1348, 1347, 19, 2.099, 271.64, -5.19, 2.099, 271.64, -5.19, 0.000, 176.19, 0.00);
insert into SHOT values (1342, 1349, 1328, 19, 4.703, 139.66, 3.05, 4.703, 139.66, 3.05, 0.000, 0.00, 0.00);
insert into SHOT values (1343, 1350, 1349, 19, 2.299, 47.73, 39.10, 2.299, 47.73, 39.10, 0.000, 0.00, 0.00);
insert into SHOT values (1344, 1351, 1350, 19, 1.596, 26.57, 49.87, 1.596, 26.57, 49.87, 0.000, 180.00, 0.00);
insert into SHOT values (1345, 1352, 1351, 19, 2.001, 96.81, -36.85, 2.001, 96.81, -36.85, 0.000, 180.00, 0.00);
insert into SHOT values (1346, 1353, 1352, 19, 2.604, 7.73, 0.00, 2.604, 7.73, 0.00, 0.000, 0.00, 0.00);
insert into SHOT values (1347, 1354, 1353, 19, 4.266, 69.70, -1.34, 4.266, 69.70, -1.34, 0.000, 180.00, 0.00);
insert into SHOT values (1348, 1355, 1354, 19, 2.668, 11.90, 1.07, 2.668, 11.90, 1.07, 0.000, 0.00, 0.00);
insert into SHOT values (1349, 1356, 1355, 19, 3.016, 70.72, -6.28, 3.016, 70.72, -6.28, 0.000, 180.00, 0.00);
insert into SHOT values (1350, 1357, 1356, 19, 3.902, 13.68, -4.41, 3.902, 13.68, -4.41, 0.000, 180.00, 0.00);
insert into SHOT values (1351, 1358, 1357, 19, 3.705, 37.74, -4.80, 3.705, 37.74, -4.80, 0.000, 180.00, 0.00);
insert into SHOT values (1352, 1359, 1357, 19, 3.199, 331.83, -1.07, 3.199, 331.83, -1.07, 0.000, 0.00, 0.00);
insert into SHOT values (1353, 1360, 1335, 19, 0.897, 317.39, 67.74, 0.897, 317.39, 67.74, 0.000, 180.00, 0.00);
insert into SHOT values (1354, 1361, 1360, 19, 4.282, 226.63, 9.54, 4.282, 226.63, 9.54, 0.000, 180.00, 0.00);
insert into SHOT values (1355, 1362, 1361, 19, 2.025, 277.09, 0.00, 2.025, 277.09, 0.00, 0.000, 0.00, 0.00);
insert into SHOT values (1356, 1363, 1362, 19, 1.739, 289.22, 48.40, 1.739, 289.22, 48.40, 0.000, 180.00, 0.00);
insert into SHOT values (1357, 1364, 1363, 19, 1.356, 256.50, -18.50, 1.356, 256.50, -18.50, 0.000, 0.00, 0.00);
insert into SHOT values (1358, 1365, 1364, 19, 2.588, 260.87, 3.54, 2.588, 260.87, 3.54, 0.000, 180.00, 0.00);
insert into SHOT values (1359, 1366, 1365, 19, 3.791, 317.83, -19.41, 3.791, 317.83, -19.41, 0.000, 0.00, 0.00);
insert into SHOT values (1360, 1367, 1366, 19, 4.240, 310.88, 3.38, 4.240, 310.88, 3.38, 0.000, 0.00, 0.00);
insert into SHOT values (1361, 1368, 1367, 19, 8.590, 311.64, 3.00, 8.590, 311.64, 3.00, 0.000, 0.00, 0.00);
insert into SHOT values (1362, 1369, 1368, 19, 4.013, 268.14, -1.29, 4.013, 268.14, -1.29, 0.000, 225.00, 0.00);
insert into SHOT values (1363, 1370, 1369, 19, 4.995, 294.50, 6.09, 4.995, 294.50, 6.09, 0.000, 171.87, 0.00);
insert into SHOT values (1364, 1371, 1370, 19, 4.007, 291.38, -1.43, 4.007, 291.38, -1.43, 0.000, 0.00, 0.00);
insert into SHOT values (1365, 1372, 1371, 19, 3.062, 351.90, 4.87, 3.062, 351.90, 4.87, 0.000, 180.00, 0.00);
insert into SHOT values (1366, 1373, 1372, 19, 9.481, 313.75, -6.05, 9.481, 313.75, -6.05, 0.000, 90.00, 0.00);
insert into SHOT values (1367, 1374, 1373, 19, 8.179, 325.01, -0.49, 8.179, 325.01, -0.49, 0.000, 180.00, 0.00);
insert into SHOT values (1368, 1375, 1374, 19, 4.180, 273.05, 19.28, 4.180, 273.05, 19.28, 0.000, 0.00, 0.00);
insert into SHOT values (1369, 1376, 1375, 19, 13.182, 254.51, -1.35, 13.182, 254.51, -1.35, 0.000, 90.00, 0.00);
insert into SHOT values (1370, 1377, 1376, 19, 6.072, 311.39, -2.83, 6.072, 311.39, -2.83, 0.000, 180.00, 0.00);
insert into SHOT values (1371, 1378, 1377, 19, 5.339, 298.10, -13.98, 5.339, 298.10, -13.98, 0.000, 0.00, 0.00);
insert into SHOT values (1372, 1379, 1376, 19, 2.812, 294.15, 37.71, 2.812, 294.15, 37.71, 0.000, 0.00, 0.00);
insert into SHOT values (1373, 1380, 1379, 19, 2.491, 162.37, 6.22, 2.491, 162.37, 6.22, 0.000, 180.00, 0.00);
insert into SHOT values (1374, 1381, 1380, 19, 2.716, 140.84, 4.43, 2.716, 140.84, 4.43, 0.000, 180.00, 0.00);
insert into SHOT values (1375, 1382, 1381, 19, 1.851, 224.78, 4.34, 1.851, 224.78, 4.34, 0.000, 0.00, 0.00);
insert into SHOT values (1376, 1383, 1382, 19, 2.210, 177.07, 13.08, 2.210, 177.07, 13.08, 0.000, 180.00, 0.00);
insert into SHOT values (1377, 1384, 1383, 19, 1.243, 136.02, -15.88, 1.243, 136.02, -15.88, 0.000, 180.00, 0.00);
insert into SHOT values (1378, 1385, 1384, 19, 3.948, 127.55, 11.25, 3.948, 127.55, 11.25, 0.000, 0.00, 0.00);
insert into SHOT values (1379, 1386, 1385, 19, 2.190, 203.16, -3.14, 2.190, 203.16, -3.14, 0.000, 180.00, 0.00);
insert into SHOT values (1380, 1387, 1386, 19, 3.525, 174.95, 1.79, 3.525, 174.95, 1.79, 0.000, 180.00, 0.00);
insert into SHOT values (1381, 1388, 1387, 19, 5.061, 168.13, -2.04, 5.061, 168.13, -2.04, 0.000, 0.00, 0.00);
insert into SHOT values (1382, 1389, 1388, 19, 5.706, 204.62, 6.84, 5.706, 204.62, 6.84, 0.000, 180.00, 0.00);
insert into SHOT values (1383, 1390, 1389, 19, 2.127, 141.43, -11.39, 2.127, 141.43, -11.39, 0.000, 0.00, 0.00);
insert into SHOT values (1384, 1391, 1390, 19, 5.028, 176.75, 10.89, 5.028, 176.75, 10.89, 0.000, 0.00, 0.00);
insert into SHOT values (1385, 1392, 1391, 19, 6.263, 146.21, 2.56, 6.263, 146.21, 2.56, 0.000, 180.00, 0.00);
insert into SHOT values (1386, 1393, 1392, 19, 2.269, 149.25, 0.25, 2.269, 149.25, 0.25, 0.000, 180.00, 0.00);
insert into SHOT values (1387, 1394, 1393, 19, 1.671, 179.66, 2.40, 1.671, 179.66, 2.40, 0.000, 0.00, 0.00);
insert into SHOT values (1388, 1395, 1394, 19, 4.096, 158.64, -2.80, 4.096, 158.64, -2.80, 0.000, 0.00, 0.00);
insert into SHOT values (1389, 1396, 1395, 19, 1.243, 160.64, -18.78, 1.243, 160.64, -18.78, 0.000, 0.00, 0.00);
insert into SHOT values (1390, 1397, 1396, 19, 0.888, 333.43, -11.03, 0.888, 333.43, -11.03, 0.000, 180.00, 0.00);
insert into SHOT values (1391, 1398, 1397, 19, 2.985, 113.63, 20.59, 2.985, 113.63, 20.59, 0.000, 0.00, 0.00);
insert into SHOT values (1392, 1399, 1398, 19, 3.024, 102.24, 3.41, 3.024, 102.24, 3.41, 0.000, 180.00, 0.00);
insert into SHOT values (1393, 1400, 1399, 19, 3.758, 170.96, -1.52, 3.758, 170.96, -1.52, 0.000, 0.00, 0.00);
insert into SHOT values (1394, 1401, 1368, 19, 4.380, 45.85, -10.52, 4.380, 45.85, -10.52, 0.000, 90.00, 0.00);
insert into SHOT values (1395, 1402, 1401, 19, 4.996, 344.05, -60.30, 4.996, 344.05, -60.30, 0.000, 0.00, 0.00);
insert into SHOT values (1396, 1403, 1402, 19, 10.792, 344.03, -73.37, 10.792, 344.03, -73.37, 0.000, 180.00, 0.00);
insert into SHOT values (1397, 1404, 1401, 19, 4.526, 61.46, -23.71, 4.526, 61.46, -23.71, 0.000, 180.00, 0.00);
insert into SHOT values (1398, 1405, 1378, 19, 2.282, 265.49, 26.83, 2.282, 265.49, 26.83, 0.000, 180.00, 0.00);
insert into SHOT values (1399, 1406, 1405, 19, 3.295, 268.00, -16.94, 3.295, 268.00, -16.94, 0.000, 180.00, 0.00);
insert into SHOT values (1400, 1407, 1406, 19, 1.324, 288.28, -29.90, 1.324, 288.28, -29.90, 0.000, 0.00, 0.00);
insert into SHOT values (1401, 1408, 1407, 19, 0.822, 234.54, -9.80, 0.822, 234.54, -9.80, 0.000, 181.68, 0.00);
insert into SHOT values (1402, 1409, 1408, 19, 1.981, 282.24, 12.54, 1.981, 282.24, 12.54, 0.000, 175.24, 0.00);
insert into SHOT values (1403, 1410, 1409, 19, 3.019, 4.09, 37.79, 3.019, 4.09, 37.79, 0.000, 0.00, 0.00);
insert into SHOT values (1404, 1411, 1410, 19, 1.323, 288.98, -2.17, 1.323, 288.98, -2.17, 0.000, 180.00, 0.00);
insert into SHOT values (1405, 1412, 1411, 19, 1.425, 264.29, 45.14, 1.425, 264.29, 45.14, 0.000, 0.00, 0.00);
insert into SHOT values (1406, 1413, 1414, 19, 180.014, 18.20, 89.28, 180.014, 198.20, -89.28, 360.029, 198.20, -89.28);
insert into SHOT values (1407, 1414, 1415, 19, 1555.286, 207.69, 0.22, 1555.286, 27.69, -0.22, 3110.573, 27.69, -0.22);
insert into STATION values (1, 'Lathkill.boulderpot.11/6', 18, 416401.69, 366512.29, 218.76);
insert into STATION_FLAG values(1, 'fix');
insert into STATION values (2, 'Lathkill.boulderpot.11/4', 18, 416403.04, 366510.18, 217.00);
insert into STATION_FLAG values(2, 'fix');
insert into STATION values (3, 'Lathkill.boulderpot.11/3', 18, 416404.11, 366512.01, 216.84);
insert into STATION_FLAG values(3, 'fix');
insert into STATION values (4, 'Lathkill.boulderpot.11/2', 18, 416405.92, 366511.14, 218.37);
insert into STATION_FLAG values(4, 'fix');
insert into STATION values (5, 'Lathkill.boulderpot.11/1', 18, 416409.36, 366507.60, 219.55);
insert into STATION_FLAG values(5, 'fix');
insert into STATION values (6, 'Lathkill.boulderpot.1/20', 18, 416410.45, 366508.46, 219.48);
insert into STATION_FLAG values(6, 'fix');
insert into STATION values (7, 'Lathkill.boulderpot.1/19', 18, 416414.85, 366503.80, 220.06);
insert into STATION_FLAG values(7, 'fix');
insert into STATION values (8, 'Lathkill.boulderpot.1/18', 18, 416414.35, 366502.89, 224.14);
insert into STATION_FLAG values(8, 'fix');
insert into STATION values (9, 'Lathkill.boulderpot.1/17', 18, 416414.21, 366500.46, 225.97);
insert into STATION_FLAG values(9, 'fix');
insert into STATION values (10, 'Lathkill.boulderpot.1/16', 18, 416414.60, 366499.32, 230.05);
insert into STATION_FLAG values(10, 'fix');
insert into STATION values (11, 'Lathkill.boulderpot.1/15', 18, 416413.18, 366501.32, 230.72);
insert into STATION_FLAG values(11, 'fix');
insert into STATION values (12, 'Lathkill.boulderpot.1/14', 18, 416413.15, 366500.93, 233.43);
insert into STATION_FLAG values(12, 'fix');
insert into STATION values (13, 'Lathkill.boulderpot.1/13', 18, 416413.45, 366501.77, 234.93);
insert into STATION_FLAG values(13, 'fix');
insert into STATION values (14, 'Lathkill.boulderpot.1/12', 18, 416412.89, 366501.96, 236.98);
insert into STATION_FLAG values(14, 'fix');
insert into STATION values (15, 'Lathkill.boulderpot.1/11', 18, 416412.44, 366501.56, 238.38);
insert into STATION_FLAG values(15, 'fix');
insert into STATION values (16, 'Lathkill.boulderpot.1/10', 18, 416412.19, 366500.74, 239.85);
insert into STATION_FLAG values(16, 'fix');
insert into STATION values (17, 'Lathkill.boulderpot.1/9', 18, 416413.47, 366500.52, 240.94);
insert into STATION_FLAG values(17, 'fix');
insert into STATION values (18, 'Lathkill.boulderpot.1/8', 18, 416411.75, 366500.06, 245.84);
insert into STATION_FLAG values(18, 'fix');
insert into STATION values (19, 'Lathkill.boulderpot.1/7', 18, 416412.06, 366501.59, 248.66);
insert into STATION_FLAG values(19, 'fix');
insert into STATION values (20, 'Lathkill.boulderpot.1/6', 18, 416412.66, 366502.17, 250.05);
insert into STATION_FLAG values(20, 'fix');
insert into STATION values (21, 'Lathkill.boulderpot.1/5', 18, 416412.95, 366503.35, 250.67);
insert into STATION_FLAG values(21, 'fix');
insert into STATION values (22, 'Lathkill.boulderpot.1/4', 18, 416411.91, 366501.27, 251.38);
insert into STATION_FLAG values(22, 'fix');
insert into STATION values (23, 'Lathkill.boulderpot.1/3', 18, 416412.71, 366500.12, 251.47);
insert into STATION_FLAG values(23, 'fix');
insert into STATION values (24, 'Lathkill.boulderpot.1/2', 18, 416412.69, 366500.58, 252.55);
insert into STATION_FLAG values(24, 'fix');
insert into STATION values (25, 'Lathkill.boulderpot.1/1', 18, 416412.84, 366499.58, 253.86);
insert into STATION_FLAG values(25, 'fix');
insert into STATION values (26, 'Lathkill.boulderpot.1/0', 18, 416413.00, 366499.00, 258.00);
insert into STATION_FLAG values(26, 'ent');
insert into STATION_FLAG values(26, 'fix');
insert into STATION values (27, 'Lathkill.boulderpot.2/1', 18, 416415.11, 366502.47, 250.30);
insert into STATION_FLAG values(27, 'fix');
insert into STATION values (28, 'Lathkill.boulderpot.2/3', 18, 416414.74, 366499.87, 251.20);
insert into STATION_FLAG values(28, 'fix');
insert into STATION values (29, 'Lathkill.boulderpot.3/2', 18, 416415.12, 366501.49, 249.90);
insert into STATION_FLAG values(29, 'fix');
insert into STATION values (30, 'Lathkill.boulderpot.4/1', 18, 416411.76, 366502.39, 249.01);
insert into STATION_FLAG values(30, 'fix');
insert into STATION values (31, 'Lathkill.boulderpot.4/2', 18, 416409.57, 366503.93, 248.34);
insert into STATION_FLAG values(31, 'fix');
insert into STATION values (32, 'Lathkill.boulderpot.4/4', 18, 416407.11, 366505.65, 248.34);
insert into STATION_FLAG values(32, 'fix');
insert into STATION values (33, 'Lathkill.boulderpot.5/2', 18, 416408.49, 366502.74, 249.24);
insert into STATION_FLAG values(33, 'fix');
insert into STATION values (34, 'Lathkill.boulderpot.6/2', 18, 416412.66, 366500.76, 251.19);
insert into STATION_FLAG values(34, 'fix');
insert into STATION values (35, 'Lathkill.boulderpot.7/1', 18, 416411.30, 366505.18, 234.12);
insert into STATION_FLAG values(35, 'fix');
insert into STATION values (36, 'Lathkill.boulderpot.7/2', 18, 416411.17, 366505.33, 232.50);
insert into STATION_FLAG values(36, 'fix');
insert into STATION values (37, 'Lathkill.boulderpot.7/3', 18, 416409.49, 366504.40, 231.84);
insert into STATION_FLAG values(37, 'fix');
insert into STATION values (38, 'Lathkill.boulderpot.7/4', 18, 416408.78, 366503.17, 231.27);
insert into STATION_FLAG values(38, 'fix');
insert into STATION values (39, 'Lathkill.boulderpot.7/5', 18, 416409.23, 366503.95, 227.67);
insert into STATION_FLAG values(39, 'fix');
insert into STATION values (40, 'Lathkill.boulderpot.7/6', 18, 416408.02, 366503.07, 227.64);
insert into STATION_FLAG values(40, 'fix');
insert into STATION values (41, 'Lathkill.boulderpot.7/7', 18, 416408.25, 366498.72, 227.80);
insert into STATION_FLAG values(41, 'fix');
insert into STATION values (42, 'Lathkill.boulderpot.7/8', 18, 416409.50, 366494.75, 225.09);
insert into STATION_FLAG values(42, 'fix');
insert into STATION values (43, 'Lathkill.boulderpot.7/9', 18, 416410.42, 366493.18, 224.76);
insert into STATION_FLAG values(43, 'fix');
insert into STATION values (44, 'Lathkill.boulderpot.7/10', 18, 416409.98, 366491.15, 223.88);
insert into STATION_FLAG values(44, 'fix');
insert into STATION values (45, 'Lathkill.boulderpot.7/12', 18, 416407.94, 366491.78, 224.03);
insert into STATION_FLAG values(45, 'fix');
insert into STATION values (46, 'Lathkill.boulderpot.8/1', 18, 416410.52, 366505.57, 231.73);
insert into STATION_FLAG values(46, 'fix');
insert into STATION values (47, 'Lathkill.boulderpot.8/3', 18, 416412.21, 366507.51, 231.60);
insert into STATION_FLAG values(47, 'fix');
insert into STATION values (48, 'Lathkill.boulderpot.9/2', 18, 416411.91, 366504.03, 232.10);
insert into STATION_FLAG values(48, 'fix');
insert into STATION values (49, 'Lathkill.boulderpot.10/2', 18, 416407.89, 366507.70, 233.46);
insert into STATION_FLAG values(49, 'fix');
insert into STATION values (50, 'Lathkill.boulderpot.1/21', 18, 416409.55, 366509.34, 218.70);
insert into STATION_FLAG values(50, 'fix');
insert into STATION values (51, 'Lathkill.boulderpot.1/22', 18, 416407.68, 366513.81, 218.86);
insert into STATION_FLAG values(51, 'fix');
insert into STATION values (52, 'Lathkill.boulderpot.12/2', 18, 416407.36, 366514.57, 214.95);
insert into STATION_FLAG values(52, 'fix');
insert into STATION values (53, 'Lathkill.boulderpot.11/8', 18, 416403.14, 366514.22, 218.90);
insert into STATION_FLAG values(53, 'fix');
insert into STATION values (54, 'Lathkill.boulderpot.1/23', 18, 416405.09, 366515.41, 219.01);
insert into STATION_FLAG values(54, 'fix');
insert into STATION values (55, 'Lathkill.boulderpot.1/24', 18, 416404.32, 366517.13, 217.58);
insert into STATION_FLAG values(55, 'fix');
insert into STATION values (56, 'Lathkill.boulderpot.1/25', 18, 416403.53, 366518.72, 217.35);
insert into STATION_FLAG values(56, 'fix');
insert into STATION values (57, 'Lathkill.boulderpot.1/26', 18, 416403.19, 366519.08, 215.97);
insert into STATION_FLAG values(57, 'fix');
insert into STATION values (58, 'Lathkill.boulderpot.1/27', 18, 416403.44, 366519.39, 216.26);
insert into STATION_FLAG values(58, 'fix');
insert into STATION values (59, 'Lathkill.boulderpot.1/28', 18, 416402.99, 366520.78, 211.43);
insert into STATION_FLAG values(59, 'fix');
insert into STATION values (60, 'Lathkill.boulderpot.1/29', 18, 416401.78, 366522.99, 212.09);
insert into STATION_FLAG values(60, 'fix');
insert into STATION values (61, 'Lathkill.boulderpot.1/30', 18, 416401.45, 366522.39, 209.49);
insert into STATION_FLAG values(61, 'fix');
insert into STATION values (62, 'Lathkill.boulderpot.1/31', 18, 416402.24, 366524.08, 207.55);
insert into STATION_FLAG values(62, 'fix');
insert into STATION values (63, 'Lathkill.boulderpot.1/33', 18, 416401.99, 366523.17, 206.13);
insert into STATION_FLAG values(63, 'fix');
insert into STATION values (64, 'Lathkill.boulderpot.13/1', 18, 416404.16, 366521.72, 208.42);
insert into STATION_FLAG values(64, 'fix');
insert into STATION values (65, 'Lathkill.boulderpot.13/3', 18, 416405.96, 366519.20, 208.12);
insert into STATION_FLAG values(65, 'fix');
insert into STATION values (66, 'Lathkill.cascade.2', 18, 415728.00, 366407.00, 239.60);
insert into STATION_FLAG values(66, 'fix');
insert into STATION values (67, 'Lathkill.cascade.1', 18, 415728.00, 366407.00, 249.00);
insert into STATION_FLAG values(67, 'ent');
insert into STATION_FLAG values(67, 'fix');
insert into STATION values (68, 'Lathkill.cascade.3', 18, 415728.53, 366403.66, 241.10);
insert into STATION_FLAG values(68, 'fix');
insert into STATION values (69, 'Lathkill.cascade.4', 18, 415729.50, 366400.04, 241.30);
insert into STATION_FLAG values(69, 'fix');
insert into STATION values (70, 'Lathkill.cascade.5', 18, 415727.84, 366399.20, 240.91);
insert into STATION_FLAG values(70, 'fix');
insert into STATION values (71, 'Lathkill.cascade.5a', 18, 415729.11, 366396.49, 241.17);
insert into STATION_FLAG values(71, 'fix');
insert into STATION values (72, 'Lathkill.cascade.6', 18, 415727.44, 366402.49, 238.75);
insert into STATION_FLAG values(72, 'fix');
insert into STATION values (73, 'Lathkill.cascade.7', 18, 415727.44, 366402.49, 235.30);
insert into STATION_FLAG values(73, 'fix');
insert into STATION values (74, 'Lathkill.cascade.7a', 18, 415726.43, 366405.78, 235.91);
insert into STATION_FLAG values(74, 'fix');
insert into STATION values (75, 'Lathkill.cascade.7b', 18, 415728.68, 366397.85, 235.14);
insert into STATION_FLAG values(75, 'fix');
insert into STATION values (76, 'Lathkill.cascade.2a', 18, 415722.70, 366413.32, 233.60);
insert into STATION_FLAG values(76, 'fix');
insert into STATION values (77, 'Lathkill.cascade.2b', 18, 415718.38, 366419.97, 229.91);
insert into STATION_FLAG values(77, 'fix');
insert into STATION values (78, 'Lathkill.cascade.2c', 18, 415715.37, 366425.40, 228.81);
insert into STATION_FLAG values(78, 'fix');
insert into STATION values (79, 'Lathkill.cascade.2d', 18, 415712.66, 366430.96, 229.25);
insert into STATION_FLAG values(79, 'fix');
insert into STATION values (80, 'Lathkill.cascade.2e', 18, 415709.48, 366434.74, 228.99);
insert into STATION_FLAG values(80, 'fix');
insert into STATION values (81, 'Lathkill.cascade.2d1', 18, 415713.79, 366427.48, 227.62);
insert into STATION_FLAG values(81, 'fix');
insert into STATION values (82, 'Lathkill.cascade.2d2', 18, 415713.79, 366427.48, 221.82);
insert into STATION_FLAG values(82, 'fix');
insert into STATION values (83, 'Lathkill.cascade.2b1', 18, 415724.30, 366421.67, 227.03);
insert into STATION_FLAG values(83, 'fix');
insert into STATION values (84, 'Lathkill.cascade.2b2', 18, 415724.58, 366422.00, 224.57);
insert into STATION_FLAG values(84, 'fix');
insert into STATION values (85, 'Lathkill.cascade.2b3', 18, 415727.20, 366420.78, 224.37);
insert into STATION_FLAG values(85, 'fix');
insert into STATION values (86, 'Lathkill.cascade.2b4', 18, 415727.20, 366420.78, 220.37);
insert into STATION_FLAG values(86, 'fix');
insert into STATION values (87, 'Lathkill.cascade.2b5', 18, 415729.20, 366420.78, 220.37);
insert into STATION_FLAG values(87, 'fix');
insert into STATION values (88, 'Lathkill.critchlow-cave.critchlow1.4', 18, 417106.60, 365932.68, 211.20);
insert into STATION_FLAG values(88, 'fix');
insert into STATION values (89, 'Lathkill.critchlow-cave.critchlow1.3', 18, 417108.66, 365926.12, 211.80);
insert into STATION_FLAG values(89, 'ent');
insert into STATION_FLAG values(89, 'fix');
insert into STATION values (90, 'Lathkill.critchlow-cave.critchlow1.5', 18, 417101.41, 365938.57, 211.20);
insert into STATION_FLAG values(90, 'fix');
insert into STATION values (91, 'Lathkill.critchlow-cave.critchlow1.6', 18, 417100.61, 365937.37, 210.50);
insert into STATION_FLAG values(91, 'fix');
insert into STATION values (92, 'Lathkill.critchlow-cave.critchlow1.7', 18, 417098.49, 365938.48, 210.50);
insert into STATION_FLAG values(92, 'fix');
insert into STATION values (93, 'Lathkill.critchlow-cave.critchlow1.8', 18, 417096.02, 365942.36, 210.74);
insert into STATION_FLAG values(93, 'fix');
insert into STATION values (94, 'Lathkill.critchlow-cave.critchlow1.9', 18, 417095.28, 365944.16, 210.32);
insert into STATION_FLAG values(94, 'fix');
insert into STATION values (95, 'Lathkill.critchlow-cave.critchlow1.10', 18, 417092.50, 365946.90, 210.32);
insert into STATION_FLAG values(95, 'fix');
insert into STATION values (96, 'Lathkill.critchlow-cave.critchlow1.11', 18, 417090.31, 365950.94, 210.16);
insert into STATION_FLAG values(96, 'fix');
insert into STATION values (97, 'Lathkill.critchlow-cave.critchlow1.12', 18, 417088.70, 365956.08, 209.02);
insert into STATION_FLAG values(97, 'fix');
insert into STATION values (98, 'Lathkill.critchlow-cave.critchlow1.13', 18, 417084.18, 365958.44, 209.02);
insert into STATION_FLAG values(98, 'fix');
insert into STATION values (99, 'Lathkill.critchlow-cave.critchlow1.14', 18, 417084.28, 365962.14, 209.02);
insert into STATION_FLAG values(99, 'fix');
insert into STATION values (100, 'Lathkill.critchlow-cave.critchlow1.15', 18, 417081.90, 365964.84, 209.02);
insert into STATION_FLAG values(100, 'fix');
insert into STATION values (101, 'Lathkill.critchlow-cave.critchlow1.16', 18, 417081.20, 365969.59, 209.02);
insert into STATION_FLAG values(101, 'fix');
insert into STATION values (102, 'Lathkill.critchlow-cave.critchlow1.17', 18, 417090.37, 365971.61, 207.02);
insert into STATION_FLAG values(102, 'fix');
insert into STATION values (103, 'Lathkill.critchlow-cave.critchlow1.18', 18, 417097.02, 365969.11, 207.02);
insert into STATION_FLAG values(103, 'fix');
insert into STATION values (104, 'Lathkill.critchlow-cave.critchlow1.19', 18, 417099.14, 365966.34, 206.78);
insert into STATION_FLAG values(104, 'fix');
insert into STATION values (105, 'Lathkill.critchlow-cave.critchlow1.20', 18, 417103.03, 365967.26, 206.78);
insert into STATION_FLAG values(105, 'fix');
insert into STATION values (106, 'Lathkill.critchlow-cave.critchlow1.21', 18, 417105.05, 365968.31, 207.10);
insert into STATION_FLAG values(106, 'fix');
insert into STATION values (107, 'Lathkill.critchlow-cave.critchlow1.22', 18, 417108.11, 365964.96, 206.78);
insert into STATION_FLAG values(107, 'fix');
insert into STATION values (108, 'Lathkill.critchlow-cave.critchlow1.23', 18, 417112.47, 365964.92, 207.39);
insert into STATION_FLAG values(108, 'fix');
insert into STATION values (109, 'Lathkill.critchlow-cave.critchlow1.24', 18, 417116.39, 365969.66, 206.64);
insert into STATION_FLAG values(109, 'fix');
insert into STATION values (110, 'Lathkill.critchlow-cave.critchlow1.25', 18, 417117.18, 365971.05, 206.64);
insert into STATION_FLAG values(110, 'fix');
insert into STATION values (111, 'Lathkill.critchlow-cave.critchlow1.26', 18, 417117.18, 365971.05, 207.34);
insert into STATION_FLAG values(111, 'fix');
insert into STATION values (112, 'Lathkill.critchlow-cave.critchlow1.27', 18, 417115.99, 365991.02, 207.34);
insert into STATION_FLAG values(112, 'fix');
insert into STATION values (113, 'Lathkill.critchlow-cave.critchlow1.28', 18, 417108.78, 365999.19, 206.96);
insert into STATION_FLAG values(113, 'fix');
insert into STATION values (114, 'Lathkill.critchlow-cave.critchlow1.29', 18, 417111.22, 366006.45, 206.15);
insert into STATION_FLAG values(114, 'fix');
insert into STATION values (115, 'Lathkill.critchlow-cave.critchlow1.30', 18, 417108.56, 366013.99, 205.87);
insert into STATION_FLAG values(115, 'fix');
insert into STATION values (116, 'Lathkill.critchlow-cave.critchlow1.31', 18, 417113.17, 366019.18, 205.02);
insert into STATION_FLAG values(116, 'fix');
insert into STATION values (117, 'Lathkill.critchlow-cave.critchlow1.32', 18, 417119.00, 366023.64, 204.64);
insert into STATION_FLAG values(117, 'fix');
insert into STATION values (118, 'Lathkill.critchlow-cave.critchlow1.33', 18, 417118.78, 366028.96, 205.19);
insert into STATION_FLAG values(118, 'fix');
insert into STATION values (119, 'Lathkill.critchlow-cave.critchlow1.34', 18, 417116.90, 366032.03, 205.07);
insert into STATION_FLAG values(119, 'fix');
insert into STATION values (120, 'Lathkill.critchlow-cave.critchlow1.35', 18, 417118.68, 366033.16, 205.07);
insert into STATION_FLAG values(120, 'fix');
insert into STATION values (121, 'Lathkill.critchlow-cave.critchlow1.36', 18, 417118.08, 366036.76, 205.07);
insert into STATION_FLAG values(121, 'fix');
insert into STATION values (122, 'Lathkill.critchlow-cave.critchlow1.37', 18, 417114.28, 366040.51, 205.26);
insert into STATION_FLAG values(122, 'fix');
insert into STATION values (123, 'Lathkill.critchlow-cave.critchlow1.38', 18, 417114.28, 366040.51, 206.26);
insert into STATION_FLAG values(123, 'fix');
insert into STATION values (124, 'Lathkill.critchlow-cave.critchlow1.39', 18, 417110.15, 366044.58, 206.26);
insert into STATION_FLAG values(124, 'fix');
insert into STATION values (125, 'Lathkill.critchlow-cave.critchlow1.40', 18, 417111.35, 366045.95, 205.93);
insert into STATION_FLAG values(125, 'fix');
insert into STATION values (126, 'Lathkill.critchlow-cave.critchlow1.41', 18, 417110.41, 366046.98, 205.93);
insert into STATION_FLAG values(126, 'fix');
insert into STATION values (127, 'Lathkill.critchlow-cave.critchlow1.42', 18, 417107.22, 366047.81, 205.93);
insert into STATION_FLAG values(127, 'fix');
insert into STATION values (128, 'Lathkill.critchlow-cave.critchlow1.43', 18, 417103.75, 366053.07, 205.93);
insert into STATION_FLAG values(128, 'fix');
insert into STATION values (129, 'Lathkill.critchlow-cave.critchlow1.44', 18, 417097.54, 366059.19, 206.70);
insert into STATION_FLAG values(129, 'fix');
insert into STATION values (130, 'Lathkill.critchlow-cave.critchlow1.45', 18, 417095.01, 366060.34, 206.70);
insert into STATION_FLAG values(130, 'fix');
insert into STATION values (131, 'Lathkill.critchlow-cave.critchlow1.46', 18, 417090.14, 366062.17, 206.70);
insert into STATION_FLAG values(131, 'fix');
insert into STATION values (132, 'Lathkill.critchlow-cave.critchlow1.47', 18, 417083.26, 366073.89, 207.17);
insert into STATION_FLAG values(132, 'fix');
insert into STATION values (133, 'Lathkill.critchlow-cave.critchlow1.48', 18, 417083.31, 366078.82, 207.00);
insert into STATION_FLAG values(133, 'fix');
insert into STATION values (134, 'Lathkill.critchlow-cave.critchlow1.49', 18, 417079.35, 366081.87, 207.00);
insert into STATION_FLAG values(134, 'fix');
insert into STATION values (135, 'Lathkill.critchlow-cave.critchlow1.50', 18, 417072.90, 366085.99, 207.00);
insert into STATION_FLAG values(135, 'fix');
insert into STATION values (136, 'Lathkill.critchlow-cave.critchlow1.51', 18, 417068.83, 366091.71, 207.00);
insert into STATION_FLAG values(136, 'fix');
insert into STATION values (137, 'Lathkill.critchlow-cave.critchlow1.52', 18, 417067.79, 366102.73, 207.00);
insert into STATION_FLAG values(137, 'fix');
insert into STATION values (138, 'Lathkill.critchlow-cave.critchlow1.53', 18, 417070.01, 366108.36, 207.00);
insert into STATION_FLAG values(138, 'fix');
insert into STATION values (139, 'Lathkill.critchlow-cave.critchlow1.54', 18, 417064.60, 366112.04, 207.23);
insert into STATION_FLAG values(139, 'fix');
insert into STATION values (140, 'Lathkill.critchlow-cave.critchlow1.55', 18, 417056.87, 366112.36, 207.23);
insert into STATION_FLAG values(140, 'fix');
insert into STATION values (141, 'Lathkill.critchlow-cave.critchlow1.56', 18, 417048.05, 366119.32, 206.84);
insert into STATION_FLAG values(141, 'fix');
insert into STATION values (142, 'Lathkill.critchlow-cave.critchlow1.57', 18, 417042.97, 366120.33, 207.29);
insert into STATION_FLAG values(142, 'fix');
insert into STATION values (143, 'Lathkill.critchlow-cave.critchlow1.58', 18, 417035.30, 366125.77, 207.95);
insert into STATION_FLAG values(143, 'fix');
insert into STATION values (144, 'Lathkill.critchlow-cave.critchlow1.59', 18, 417028.96, 366128.50, 207.71);
insert into STATION_FLAG values(144, 'fix');
insert into STATION values (145, 'Lathkill.critchlow-cave.critchlow1.60', 18, 417015.93, 366125.80, 207.71);
insert into STATION_FLAG values(145, 'fix');
insert into STATION values (146, 'Lathkill.critchlow-cave.critchlow1.61', 18, 417003.83, 366128.44, 207.49);
insert into STATION_FLAG values(146, 'fix');
insert into STATION values (147, 'Lathkill.critchlow-cave.critchlow1.62', 18, 416996.88, 366125.67, 207.75);
insert into STATION_FLAG values(147, 'fix');
insert into STATION values (148, 'Lathkill.critchlow-cave.critchlow1.63', 18, 416989.19, 366123.94, 207.75);
insert into STATION_FLAG values(148, 'fix');
insert into STATION values (149, 'Lathkill.critchlow-cave.critchlow1.64', 18, 416988.84, 366122.31, 207.21);
insert into STATION_FLAG values(149, 'fix');
insert into STATION values (150, 'Lathkill.critchlow-cave.critchlow1.65', 18, 416982.09, 366117.64, 207.21);
insert into STATION_FLAG values(150, 'fix');
insert into STATION values (151, 'Lathkill.critchlow-cave.critchlow1.66', 18, 416978.18, 366112.51, 206.76);
insert into STATION_FLAG values(151, 'fix');
insert into STATION values (152, 'Lathkill.critchlow-cave.critchlow1.67', 18, 416969.93, 366107.61, 206.42);
insert into STATION_FLAG values(152, 'fix');
insert into STATION values (153, 'Lathkill.critchlow-cave.critchlow1.68', 18, 416967.48, 366106.10, 206.17);
insert into STATION_FLAG values(153, 'fix');
insert into STATION values (154, 'Lathkill.critchlow-cave.critchlow1.69', 18, 416965.44, 366106.81, 205.83);
insert into STATION_FLAG values(154, 'fix');
insert into STATION values (155, 'Lathkill.critchlow-cave.critchlow1.70', 18, 416957.40, 366112.71, 205.31);
insert into STATION_FLAG values(155, 'fix');
insert into STATION values (156, 'Lathkill.critchlow-cave.critchlow1.71', 18, 416951.64, 366112.14, 205.00);
insert into STATION_FLAG values(156, 'fix');
insert into STATION values (157, 'Lathkill.critchlow-cave.critchlow1.72', 18, 416947.27, 366113.75, 204.84);
insert into STATION_FLAG values(157, 'fix');
insert into STATION values (158, 'Lathkill.critchlow-cave.critchlow1.73', 18, 416942.98, 366116.91, 204.37);
insert into STATION_FLAG values(158, 'fix');
insert into STATION values (159, 'Lathkill.critchlow-cave.critchlow2.74a', 18, 416942.30, 366118.38, 205.64);
insert into STATION_FLAG values(159, 'fix');
insert into STATION values (160, 'Lathkill.critchlow-cave.critchlow2.101', 18, 416942.30, 366118.38, 205.24);
insert into STATION_FLAG values(160, 'fix');
insert into STATION values (161, 'Lathkill.critchlow-cave.critchlow2.102', 18, 416939.36, 366119.86, 205.24);
insert into STATION_FLAG values(161, 'fix');
insert into STATION values (162, 'Lathkill.critchlow-cave.critchlow2.103', 18, 416939.61, 366120.61, 206.17);
insert into STATION_FLAG values(162, 'fix');
insert into STATION values (163, 'Lathkill.critchlow-cave.critchlow2.104', 18, 416937.79, 366119.18, 206.17);
insert into STATION_FLAG values(163, 'fix');
insert into STATION values (164, 'Lathkill.critchlow-cave.critchlow2.105', 18, 416935.56, 366118.82, 206.82);
insert into STATION_FLAG values(164, 'fix');
insert into STATION values (165, 'Lathkill.critchlow-cave.critchlow2.106', 18, 416935.90, 366121.28, 207.08);
insert into STATION_FLAG values(165, 'fix');
insert into STATION values (166, 'Lathkill.critchlow-cave.critchlow2.107', 18, 416934.90, 366121.49, 208.11);
insert into STATION_FLAG values(166, 'fix');
insert into STATION values (167, 'Lathkill.critchlow-cave.critchlow2.108', 18, 416931.97, 366118.84, 208.17);
insert into STATION_FLAG values(167, 'fix');
insert into STATION values (168, 'Lathkill.critchlow-cave.critchlow2.109', 18, 416930.17, 366118.89, 208.24);
insert into STATION_FLAG values(168, 'fix');
insert into STATION values (169, 'Lathkill.critchlow-cave.critchlow2.110', 18, 416927.05, 366121.32, 208.03);
insert into STATION_FLAG values(169, 'fix');
insert into STATION values (170, 'Lathkill.critchlow-cave.critchlow2.111', 18, 416923.48, 366121.87, 207.06);
insert into STATION_FLAG values(170, 'fix');
insert into STATION values (171, 'Lathkill.critchlow-cave.critchlow2.112', 18, 416922.89, 366120.96, 206.69);
insert into STATION_FLAG values(171, 'fix');
insert into STATION values (172, 'Lathkill.critchlow-cave.critchlow2.113', 18, 416920.01, 366122.23, 204.87);
insert into STATION_FLAG values(172, 'fix');
insert into STATION values (173, 'Lathkill.critchlow-cave.critchlow2.114', 18, 416906.50, 366126.83, 204.37);
insert into STATION_FLAG values(173, 'fix');
insert into STATION values (174, 'Lathkill.critchlow-cave.critchlow2.115', 18, 416898.80, 366132.38, 204.37);
insert into STATION_FLAG values(174, 'fix');
insert into STATION values (175, 'Lathkill.critchlow-cave.critchlow2.116', 18, 416896.62, 366135.58, 204.84);
insert into STATION_FLAG values(175, 'fix');
insert into STATION values (176, 'Lathkill.critchlow-cave.critchlow2.117', 18, 416896.02, 366135.98, 206.56);
insert into STATION_FLAG values(176, 'fix');
insert into STATION values (177, 'Lathkill.critchlow-cave.critchlow2.118', 18, 416894.82, 366138.65, 206.20);
insert into STATION_FLAG values(177, 'fix');
insert into STATION values (178, 'Lathkill.critchlow-cave.critchlow2.119', 18, 416891.18, 366143.12, 205.90);
insert into STATION_FLAG values(178, 'fix');
insert into STATION values (179, 'Lathkill.critchlow-cave.critchlow2.120', 18, 416890.85, 366144.24, 205.79);
insert into STATION_FLAG values(179, 'fix');
insert into STATION values (180, 'Lathkill.critchlow-cave.critchlow2.121', 18, 416890.08, 366144.91, 204.99);
insert into STATION_FLAG values(180, 'fix');
insert into STATION values (181, 'Lathkill.critchlow-cave.critchlow2.122', 18, 416886.03, 366148.53, 204.99);
insert into STATION_FLAG values(181, 'fix');
insert into STATION values (182, 'Lathkill.critchlow-cave.critchlow2.123', 18, 416885.27, 366150.84, 205.56);
insert into STATION_FLAG values(182, 'fix');
insert into STATION values (183, 'Lathkill.critchlow-cave.critchlow2.124', 18, 416883.28, 366155.26, 205.47);
insert into STATION_FLAG values(183, 'fix');
insert into STATION values (184, 'Lathkill.critchlow-cave.critchlow2.125', 18, 416882.77, 366155.54, 206.36);
insert into STATION_FLAG values(184, 'fix');
insert into STATION values (185, 'Lathkill.critchlow-cave.critchlow2.126', 18, 416880.62, 366159.40, 207.14);
insert into STATION_FLAG values(185, 'fix');
insert into STATION values (186, 'Lathkill.critchlow-cave.critchlow2.127', 18, 416879.21, 366163.69, 206.90);
insert into STATION_FLAG values(186, 'fix');
insert into STATION values (187, 'Lathkill.critchlow-cave.critchlow2.128', 18, 416877.94, 366164.15, 206.79);
insert into STATION_FLAG values(187, 'fix');
insert into STATION values (188, 'Lathkill.critchlow-cave.critchlow2.129', 18, 416877.94, 366164.15, 205.49);
insert into STATION_FLAG values(188, 'fix');
insert into STATION values (189, 'Lathkill.critchlow-cave.critchlow2.130', 18, 416874.10, 366165.45, 205.49);
insert into STATION_FLAG values(189, 'fix');
insert into STATION values (190, 'Lathkill.critchlow-cave.critchlow2.131', 18, 416873.30, 366165.89, 205.82);
insert into STATION_FLAG values(190, 'fix');
insert into STATION values (191, 'Lathkill.critchlow-cave.critchlow2.132', 18, 416868.67, 366166.61, 207.52);
insert into STATION_FLAG values(191, 'fix');
insert into STATION values (192, 'Lathkill.critchlow-cave.critchlow2.133', 18, 416865.79, 366168.62, 206.10);
insert into STATION_FLAG values(192, 'fix');
insert into STATION values (193, 'Lathkill.critchlow-cave.critchlow2.134', 18, 416861.20, 366170.45, 205.84);
insert into STATION_FLAG values(193, 'fix');
insert into STATION values (194, 'Lathkill.critchlow-cave.critchlow2.135', 18, 416854.43, 366174.33, 205.71);
insert into STATION_FLAG values(194, 'fix');
insert into STATION values (195, 'Lathkill.critchlow-cave.critchlow2.136', 18, 416853.72, 366176.50, 205.91);
insert into STATION_FLAG values(195, 'fix');
insert into STATION values (196, 'Lathkill.critchlow-cave.critchlow2.137', 18, 416850.79, 366179.85, 205.83);
insert into STATION_FLAG values(196, 'fix');
insert into STATION values (197, 'Lathkill.critchlow-cave.critchlow2.138', 18, 416849.30, 366181.05, 208.27);
insert into STATION_FLAG values(197, 'fix');
insert into STATION values (198, 'Lathkill.freezeland.a', 18, 416092.46, 365917.18, 263.34);
insert into STATION_FLAG values(198, 'fix');
insert into STATION values (199, 'Lathkill.freezeland.peg', 18, 416090.16, 365919.71, 262.67);
insert into STATION_FLAG values(199, 'fix');
insert into STATION values (200, 'Lathkill.freezeland.16', 18, 416089.97, 365920.12, 263.64);
insert into STATION_FLAG values(200, 'ent');
insert into STATION_FLAG values(200, 'fix');
insert into STATION values (201, 'Lathkill.freezeland.15', 18, 416088.89, 365921.70, 262.54);
insert into STATION_FLAG values(201, 'fix');
insert into STATION values (202, 'Lathkill.freezeland.14a', 18, 416089.26, 365922.79, 261.93);
insert into STATION_FLAG values(202, 'fix');
insert into STATION values (203, 'Lathkill.freezeland.13', 18, 416089.26, 365922.79, 259.78);
insert into STATION_FLAG values(203, 'fix');
insert into STATION values (204, 'Lathkill.freezeland.9', 18, 416090.44, 365919.20, 259.38);
insert into STATION_FLAG values(204, 'fix');
insert into STATION values (205, 'Lathkill.freezeland.8', 18, 416090.44, 365919.20, 259.67);
insert into STATION_FLAG values(205, 'fix');
insert into STATION values (206, 'Lathkill.freezeland.7', 18, 416090.44, 365919.20, 252.27);
insert into STATION_FLAG values(206, 'fix');
insert into STATION values (207, 'Lathkill.freezeland.6', 18, 416091.70, 365918.78, 252.08);
insert into STATION_FLAG values(207, 'fix');
insert into STATION values (208, 'Lathkill.freezeland.5', 18, 416095.53, 365916.22, 251.44);
insert into STATION_FLAG values(208, 'fix');
insert into STATION values (209, 'Lathkill.freezeland.4', 18, 416097.15, 365913.66, 251.59);
insert into STATION_FLAG values(209, 'fix');
insert into STATION values (210, 'Lathkill.freezeland.3', 18, 416099.16, 365910.82, 250.92);
insert into STATION_FLAG values(210, 'fix');
insert into STATION values (211, 'Lathkill.freezeland.2', 18, 416105.01, 365905.13, 249.63);
insert into STATION_FLAG values(211, 'fix');
insert into STATION values (212, 'Lathkill.freezeland.1', 18, 416108.30, 365901.25, 249.98);
insert into STATION_FLAG values(212, 'fix');
insert into STATION values (213, 'Lathkill.freezeland.10', 18, 416090.88, 365918.46, 259.35);
insert into STATION_FLAG values(213, 'fix');
insert into STATION values (214, 'Lathkill.freezeland.11', 18, 416096.20, 365913.37, 257.92);
insert into STATION_FLAG values(214, 'fix');
insert into STATION values (215, 'Lathkill.freezeland.12', 18, 416095.97, 365915.98, 256.16);
insert into STATION_FLAG values(215, 'fix');
insert into STATION values (216, 'Lathkill.freezeland.14', 18, 416085.75, 365926.34, 259.68);
insert into STATION_FLAG values(216, 'fix');
insert into STATION values (217, 'Lathkill.freezeland.17', 18, 416078.27, 365936.05, 261.57);
insert into STATION_FLAG values(217, 'fix');
insert into STATION values (218, 'Lathkill.freezeland.21', 18, 416091.85, 365922.37, 264.62);
insert into STATION_FLAG values(218, 'fix');
insert into STATION values (219, 'Lathkill.freezeland.20', 18, 416093.67, 365921.89, 264.08);
insert into STATION_FLAG values(219, 'ent');
insert into STATION_FLAG values(219, 'fix');
insert into STATION values (220, 'Lathkill.freezeland.19', 18, 416093.67, 365921.89, 259.44);
insert into STATION_FLAG values(220, 'fix');
insert into STATION values (221, 'Lathkill.freezeland.18', 18, 416093.98, 365922.68, 259.62);
insert into STATION_FLAG values(221, 'fix');
insert into STATION values (222, 'Lathkill.hillocks-knotlow.hillocks.enta10', 18, 414455.87, 367317.24, 271.03);
insert into STATION_FLAG values(222, 'fix');
insert into STATION values (223, 'Lathkill.hillocks-knotlow.hillocks.enta9', 18, 414456.84, 367314.97, 269.23);
insert into STATION_FLAG values(223, 'fix');
insert into STATION values (224, 'Lathkill.hillocks-knotlow.knotlow.m2', 18, 414383.01, 367416.84, 234.61);
insert into STATION_FLAG values(224, 'fix');
insert into STATION values (225, 'Lathkill.hillocks-knotlow.knotlow.a34', 18, 414375.95, 367425.87, 235.61);
insert into STATION_FLAG values(225, 'fix');
insert into STATION values (226, 'Lathkill.hillocks-knotlow.knotlow.m3', 18, 414384.68, 367414.85, 235.71);
insert into STATION_FLAG values(226, 'fix');
insert into STATION values (227, 'Lathkill.hillocks-knotlow.knotlow.m4', 18, 414391.76, 367405.11, 234.87);
insert into STATION_FLAG values(227, 'fix');
insert into STATION values (228, 'Lathkill.hillocks-knotlow.knotlow.m5', 18, 414397.41, 367400.02, 234.47);
insert into STATION_FLAG values(228, 'fix');
insert into STATION values (229, 'Lathkill.hillocks-knotlow.knotlow.m6', 18, 414399.65, 367399.90, 234.94);
insert into STATION_FLAG values(229, 'fix');
insert into STATION values (230, 'Lathkill.hillocks-knotlow.knotlow.m7', 18, 414400.51, 367399.04, 235.86);
insert into STATION_FLAG values(230, 'fix');
insert into STATION values (231, 'Lathkill.hillocks-knotlow.knotlow.m8', 18, 414400.51, 367399.04, 236.62);
insert into STATION_FLAG values(231, 'fix');
insert into STATION values (232, 'Lathkill.hillocks-knotlow.knotlow.m9', 18, 414409.77, 367389.77, 236.39);
insert into STATION_FLAG values(232, 'fix');
insert into STATION values (233, 'Lathkill.hillocks-knotlow.knotlow.m10', 18, 414413.13, 367386.64, 237.12);
insert into STATION_FLAG values(233, 'fix');
insert into STATION values (234, 'Lathkill.hillocks-knotlow.knotlow.m12', 18, 414415.04, 367384.45, 235.76);
insert into STATION_FLAG values(234, 'fix');
insert into STATION values (235, 'Lathkill.hillocks-knotlow.knotlow.m13', 18, 414415.04, 367384.45, 236.06);
insert into STATION_FLAG values(235, 'fix');
insert into STATION values (236, 'Lathkill.hillocks-knotlow.knotlow.m14', 18, 414419.28, 367377.40, 236.06);
insert into STATION_FLAG values(236, 'fix');
insert into STATION values (237, 'Lathkill.hillocks-knotlow.knotlow.m15', 18, 414419.94, 367374.74, 235.97);
insert into STATION_FLAG values(237, 'fix');
insert into STATION values (238, 'Lathkill.hillocks-knotlow.knotlow.m16', 18, 414421.25, 367370.92, 235.97);
insert into STATION_FLAG values(238, 'fix');
insert into STATION values (239, 'Lathkill.hillocks-knotlow.knotlow.m17', 18, 414423.09, 367368.48, 235.97);
insert into STATION_FLAG values(239, 'fix');
insert into STATION values (240, 'Lathkill.hillocks-knotlow.knotlow.m18', 18, 414425.14, 367368.45, 236.18);
insert into STATION_FLAG values(240, 'fix');
insert into STATION values (241, 'Lathkill.hillocks-knotlow.knotlow.m19', 18, 414427.05, 367367.51, 236.22);
insert into STATION_FLAG values(241, 'fix');
insert into STATION values (242, 'Lathkill.hillocks-knotlow.knotlow.m20', 18, 414427.05, 367367.51, 237.13);
insert into STATION_FLAG values(242, 'fix');
insert into STATION values (243, 'Lathkill.hillocks-knotlow.knotlow.m21', 18, 414428.50, 367365.73, 238.62);
insert into STATION_FLAG values(243, 'fix');
insert into STATION values (244, 'Lathkill.hillocks-knotlow.knotlow.m22', 18, 414429.69, 367363.96, 238.55);
insert into STATION_FLAG values(244, 'fix');
insert into STATION values (245, 'Lathkill.hillocks-knotlow.knotlow.m24', 18, 414431.26, 367361.35, 238.71);
insert into STATION_FLAG values(245, 'fix');
insert into STATION values (246, 'Lathkill.hillocks-knotlow.knotlow.m25', 18, 414433.47, 367359.75, 238.52);
insert into STATION_FLAG values(246, 'fix');
insert into STATION values (247, 'Lathkill.hillocks-knotlow.knotlow.m26', 18, 414435.50, 367357.85, 237.10);
insert into STATION_FLAG values(247, 'fix');
insert into STATION values (248, 'Lathkill.hillocks-knotlow.knotlow.m27', 18, 414436.69, 367356.21, 236.74);
insert into STATION_FLAG values(248, 'fix');
insert into STATION values (249, 'Lathkill.hillocks-knotlow.knotlow.m28', 18, 414436.69, 367356.21, 237.35);
insert into STATION_FLAG values(249, 'fix');
insert into STATION values (250, 'Lathkill.hillocks-knotlow.knotlow.m29', 18, 414438.53, 367356.50, 238.39);
insert into STATION_FLAG values(250, 'fix');
insert into STATION values (251, 'Lathkill.hillocks-knotlow.knotlow.m30', 18, 414439.75, 367354.48, 239.24);
insert into STATION_FLAG values(251, 'fix');
insert into STATION values (252, 'Lathkill.hillocks-knotlow.knotlow.m31', 18, 414442.92, 367351.63, 239.02);
insert into STATION_FLAG values(252, 'fix');
insert into STATION values (253, 'Lathkill.hillocks-knotlow.knotlow.m32', 18, 414446.18, 367350.56, 237.56);
insert into STATION_FLAG values(253, 'fix');
insert into STATION values (254, 'Lathkill.hillocks-knotlow.knotlow.m33', 18, 414449.06, 367346.75, 237.14);
insert into STATION_FLAG values(254, 'fix');
insert into STATION values (255, 'Lathkill.hillocks-knotlow.knotlow.m34', 18, 414449.06, 367346.75, 240.19);
insert into STATION_FLAG values(255, 'fix');
insert into STATION values (256, 'Lathkill.hillocks-knotlow.knotlow.m35', 18, 414449.06, 367344.88, 241.76);
insert into STATION_FLAG values(256, 'fix');
insert into STATION values (257, 'Lathkill.hillocks-knotlow.knotlow.m36', 18, 414452.76, 367342.47, 241.53);
insert into STATION_FLAG values(257, 'fix');
insert into STATION values (258, 'Lathkill.hillocks-knotlow.knotlow.m37', 18, 414452.88, 367339.01, 243.61);
insert into STATION_FLAG values(258, 'fix');
insert into STATION values (259, 'Lathkill.hillocks-knotlow.hillocks.f', 18, 414456.70, 367335.81, 245.04);
insert into STATION_FLAG values(259, 'fix');
insert into STATION values (260, 'Lathkill.hillocks-knotlow.hillocks.g', 18, 414469.14, 367330.53, 239.85);
insert into STATION_FLAG values(260, 'fix');
insert into STATION values (261, 'Lathkill.hillocks-knotlow.hillocks.h', 18, 414474.90, 367326.79, 239.01);
insert into STATION_FLAG values(261, 'fix');
insert into STATION values (262, 'Lathkill.hillocks-knotlow.hillocks.i', 18, 414481.65, 367318.15, 238.62);
insert into STATION_FLAG values(262, 'fix');
insert into STATION values (263, 'Lathkill.hillocks-knotlow.hillocks.j', 18, 414488.21, 367308.43, 238.83);
insert into STATION_FLAG values(263, 'fix');
insert into STATION values (264, 'Lathkill.hillocks-knotlow.hillocks.q', 18, 414474.15, 367310.15, 238.34);
insert into STATION_FLAG values(264, 'fix');
insert into STATION values (265, 'Lathkill.hillocks-knotlow.hillocks.r', 18, 414465.87, 367314.01, 238.65);
insert into STATION_FLAG values(265, 'fix');
insert into STATION values (266, 'Lathkill.hillocks-knotlow.hillocks.s', 18, 414458.33, 367312.95, 238.92);
insert into STATION_FLAG values(266, 'fix');
insert into STATION values (267, 'Lathkill.hillocks-knotlow.hillocks.u', 18, 414448.59, 367310.88, 237.52);
insert into STATION_FLAG values(267, 'fix');
insert into STATION values (268, 'Lathkill.hillocks-knotlow.hillocks.v', 18, 414449.60, 367307.37, 237.71);
insert into STATION_FLAG values(268, 'fix');
insert into STATION values (269, 'Lathkill.hillocks-knotlow.hillocks.entw', 18, 414446.68, 367309.81, 237.91);
insert into STATION_FLAG values(269, 'fix');
insert into STATION values (270, 'Lathkill.hillocks-knotlow.hillocks.enta1', 18, 414443.65, 367308.65, 238.72);
insert into STATION_FLAG values(270, 'fix');
insert into STATION values (271, 'Lathkill.hillocks-knotlow.hillocks.enta2', 18, 414440.11, 367313.02, 245.92);
insert into STATION_FLAG values(271, 'fix');
insert into STATION values (272, 'Lathkill.hillocks-knotlow.hillocks.enta3', 18, 414444.55, 367309.91, 253.44);
insert into STATION_FLAG values(272, 'fix');
insert into STATION values (273, 'Lathkill.hillocks-knotlow.hillocks.enta4', 18, 414443.20, 367311.64, 254.11);
insert into STATION_FLAG values(273, 'fix');
insert into STATION values (274, 'Lathkill.hillocks-knotlow.hillocks.enta5', 18, 414441.55, 367313.82, 254.17);
insert into STATION_FLAG values(274, 'fix');
insert into STATION values (275, 'Lathkill.hillocks-knotlow.hillocks.enta6', 18, 414439.72, 367315.20, 255.39);
insert into STATION_FLAG values(275, 'fix');
insert into STATION values (276, 'Lathkill.hillocks-knotlow.hillocks.enta7', 18, 414442.29, 367312.54, 258.08);
insert into STATION_FLAG values(276, 'fix');
insert into STATION values (277, 'Lathkill.hillocks-knotlow.hillocks.enta8', 18, 414444.10, 367308.48, 261.30);
insert into STATION_FLAG values(277, 'fix');
insert into STATION values (278, 'Lathkill.hillocks-knotlow.hillocks.enta8a', 18, 414444.10, 367308.48, 268.23);
insert into STATION_FLAG values(278, 'fix');
insert into STATION values (279, 'Lathkill.hillocks-knotlow.knotlow.a33', 18, 414374.64, 367426.97, 235.76);
insert into STATION_FLAG values(279, 'fix');
insert into STATION values (280, 'Lathkill.hillocks-knotlow.knotlow.a32', 18, 414377.82, 367430.77, 235.84);
insert into STATION_FLAG values(280, 'fix');
insert into STATION values (281, 'Lathkill.hillocks-knotlow.knotlow.a29', 18, 414376.05, 367433.83, 235.54);
insert into STATION_FLAG values(281, 'fix');
insert into STATION values (282, 'Lathkill.hillocks-knotlow.knotlow.a28', 18, 414376.05, 367433.83, 237.49);
insert into STATION_FLAG values(282, 'fix');
insert into STATION values (283, 'Lathkill.hillocks-knotlow.knotlow.a27', 18, 414376.19, 367435.83, 239.42);
insert into STATION_FLAG values(283, 'fix');
insert into STATION values (284, 'Lathkill.hillocks-knotlow.knotlow.a26', 18, 414373.39, 367435.03, 240.15);
insert into STATION_FLAG values(284, 'fix');
insert into STATION values (285, 'Lathkill.hillocks-knotlow.knotlow.a25', 18, 414373.87, 367436.49, 241.74);
insert into STATION_FLAG values(285, 'fix');
insert into STATION values (286, 'Lathkill.hillocks-knotlow.knotlow.a24', 18, 414373.87, 367436.49, 243.57);
insert into STATION_FLAG values(286, 'fix');
insert into STATION values (287, 'Lathkill.hillocks-knotlow.knotlow.a23', 18, 414369.33, 367436.57, 243.57);
insert into STATION_FLAG values(287, 'fix');
insert into STATION values (288, 'Lathkill.hillocks-knotlow.knotlow.a22', 18, 414372.85, 367434.28, 245.44);
insert into STATION_FLAG values(288, 'fix');
insert into STATION values (289, 'Lathkill.hillocks-knotlow.knotlow.a21', 18, 414372.85, 367434.28, 246.96);
insert into STATION_FLAG values(289, 'fix');
insert into STATION values (290, 'Lathkill.hillocks-knotlow.knotlow.a20', 18, 414374.69, 367432.44, 249.07);
insert into STATION_FLAG values(290, 'fix');
insert into STATION values (291, 'Lathkill.hillocks-knotlow.knotlow.a19', 18, 414376.68, 367429.49, 251.04);
insert into STATION_FLAG values(291, 'fix');
insert into STATION values (292, 'Lathkill.hillocks-knotlow.knotlow.a18', 18, 414376.68, 367429.49, 252.33);
insert into STATION_FLAG values(292, 'fix');
insert into STATION values (293, 'Lathkill.hillocks-knotlow.knotlow.a17', 18, 414378.21, 367427.60, 252.24);
insert into STATION_FLAG values(293, 'fix');
insert into STATION values (294, 'Lathkill.hillocks-knotlow.knotlow.a16', 18, 414378.21, 367427.60, 253.66);
insert into STATION_FLAG values(294, 'fix');
insert into STATION values (295, 'Lathkill.hillocks-knotlow.knotlow.a15', 18, 414378.21, 367424.21, 255.10);
insert into STATION_FLAG values(295, 'fix');
insert into STATION values (296, 'Lathkill.hillocks-knotlow.knotlow.a14', 18, 414379.30, 367420.66, 255.10);
insert into STATION_FLAG values(296, 'fix');
insert into STATION values (297, 'Lathkill.hillocks-knotlow.knotlow.a13', 18, 414380.07, 367415.78, 256.15);
insert into STATION_FLAG values(297, 'fix');
insert into STATION values (298, 'Lathkill.hillocks-knotlow.knotlow.a12', 18, 414377.72, 367415.28, 256.57);
insert into STATION_FLAG values(298, 'fix');
insert into STATION values (299, 'Lathkill.hillocks-knotlow.knotlow.a10', 18, 414377.72, 367415.28, 259.54);
insert into STATION_FLAG values(299, 'fix');
insert into STATION values (300, 'Lathkill.hillocks-knotlow.knotlow.a9', 18, 414381.62, 367406.53, 261.06);
insert into STATION_FLAG values(300, 'fix');
insert into STATION values (301, 'Lathkill.hillocks-knotlow.knotlow.a8', 18, 414381.92, 367402.27, 262.20);
insert into STATION_FLAG values(301, 'fix');
insert into STATION values (302, 'Lathkill.hillocks-knotlow.knotlow.a7', 18, 414389.74, 367394.98, 265.07);
insert into STATION_FLAG values(302, 'fix');
insert into STATION values (303, 'Lathkill.hillocks-knotlow.knotlow.a5', 18, 414387.33, 367384.54, 264.32);
insert into STATION_FLAG values(303, 'fix');
insert into STATION values (304, 'Lathkill.hillocks-knotlow.knotlow.a4', 18, 414387.33, 367384.54, 271.32);
insert into STATION_FLAG values(304, 'fix');
insert into STATION values (305, 'Lathkill.hillocks-knotlow.knotlow.a3', 18, 414384.77, 367386.20, 273.01);
insert into STATION_FLAG values(305, 'fix');
insert into STATION values (306, 'Lathkill.hillocks-knotlow.knotlow.a1', 18, 414382.00, 367388.00, 274.84);
insert into STATION_FLAG values(306, 'fix');
insert into STATION values (307, 'Lathkill.hillocks-knotlow.knotlow.a', 18, 414382.00, 367388.00, 290.00);
insert into STATION_FLAG values(307, 'ent');
insert into STATION_FLAG values(307, 'fix');
insert into STATION values (308, 'Lathkill.hillocks-knotlow.knotlow.x5', 18, 414443.29, 367573.67, 231.22);
insert into STATION_FLAG values(308, 'fix');
insert into STATION values (309, 'Lathkill.hillocks-knotlow.knotlow.rift15', 18, 414442.42, 367578.16, 231.22);
insert into STATION_FLAG values(309, 'fix');
insert into STATION values (310, 'Lathkill.hillocks-knotlow.knotlow.rift14', 18, 414438.13, 367576.60, 230.91);
insert into STATION_FLAG values(310, 'fix');
insert into STATION values (311, 'Lathkill.hillocks-knotlow.knotlow.rift13', 18, 414425.41, 367575.49, 230.01);
insert into STATION_FLAG values(311, 'fix');
insert into STATION values (312, 'Lathkill.hillocks-knotlow.knotlow.rift12', 18, 414421.47, 367575.69, 229.74);
insert into STATION_FLAG values(312, 'fix');
insert into STATION values (313, 'Lathkill.hillocks-knotlow.knotlow.rift11', 18, 414417.11, 367574.36, 229.42);
insert into STATION_FLAG values(313, 'fix');
insert into STATION values (314, 'Lathkill.hillocks-knotlow.knotlow.rift10', 18, 414409.81, 367574.23, 228.91);
insert into STATION_FLAG values(314, 'fix');
insert into STATION values (315, 'Lathkill.hillocks-knotlow.knotlow.rift9', 18, 414404.52, 367572.81, 228.52);
insert into STATION_FLAG values(315, 'fix');
insert into STATION values (316, 'Lathkill.hillocks-knotlow.knotlow.rift8', 18, 414390.61, 367571.35, 227.55);
insert into STATION_FLAG values(316, 'fix');
insert into STATION values (317, 'Lathkill.hillocks-knotlow.knotlow.rift7', 18, 414386.49, 367570.25, 227.25);
insert into STATION_FLAG values(317, 'fix');
insert into STATION values (318, 'Lathkill.hillocks-knotlow.knotlow.rift6', 18, 414380.77, 367569.45, 226.84);
insert into STATION_FLAG values(318, 'fix');
insert into STATION values (319, 'Lathkill.hillocks-knotlow.knotlow.rift5', 18, 414377.30, 367570.99, 226.58);
insert into STATION_FLAG values(319, 'fix');
insert into STATION values (320, 'Lathkill.hillocks-knotlow.knotlow.rift4', 18, 414374.21, 367569.35, 226.33);
insert into STATION_FLAG values(320, 'fix');
insert into STATION values (321, 'Lathkill.hillocks-knotlow.knotlow.rift3', 18, 414363.56, 367568.79, 226.15);
insert into STATION_FLAG values(321, 'fix');
insert into STATION values (322, 'Lathkill.hillocks-knotlow.knotlow.rift2', 18, 414358.04, 367565.86, 226.15);
insert into STATION_FLAG values(322, 'fix');
insert into STATION values (323, 'Lathkill.hillocks-knotlow.knotlow.rift1', 18, 414353.17, 367565.94, 226.40);
insert into STATION_FLAG values(323, 'fix');
insert into STATION values (324, 'Lathkill.hillocks-knotlow.knotlow.a60', 18, 414350.87, 367562.27, 226.10);
insert into STATION_FLAG values(324, 'fix');
insert into STATION values (325, 'Lathkill.hillocks-knotlow.knotlow.a59', 18, 414346.19, 367557.25, 226.10);
insert into STATION_FLAG values(325, 'fix');
insert into STATION values (326, 'Lathkill.hillocks-knotlow.knotlow.a58', 18, 414344.42, 367548.91, 226.10);
insert into STATION_FLAG values(326, 'fix');
insert into STATION values (327, 'Lathkill.hillocks-knotlow.knotlow.a57', 18, 414345.68, 367544.19, 226.10);
insert into STATION_FLAG values(327, 'fix');
insert into STATION values (328, 'Lathkill.hillocks-knotlow.knotlow.a56', 18, 414346.38, 367537.52, 226.10);
insert into STATION_FLAG values(328, 'fix');
insert into STATION values (329, 'Lathkill.hillocks-knotlow.knotlow.a55', 18, 414342.96, 367529.05, 226.10);
insert into STATION_FLAG values(329, 'fix');
insert into STATION values (330, 'Lathkill.hillocks-knotlow.knotlow.a54', 18, 414342.56, 367521.44, 226.10);
insert into STATION_FLAG values(330, 'fix');
insert into STATION values (331, 'Lathkill.hillocks-knotlow.knotlow.a53', 18, 414346.51, 367506.72, 226.10);
insert into STATION_FLAG values(331, 'fix');
insert into STATION values (332, 'Lathkill.hillocks-knotlow.knotlow.a52', 18, 414348.36, 367496.21, 226.10);
insert into STATION_FLAG values(332, 'fix');
insert into STATION values (333, 'Lathkill.hillocks-knotlow.knotlow.a51', 18, 414346.78, 367489.38, 226.10);
insert into STATION_FLAG values(333, 'fix');
insert into STATION values (334, 'Lathkill.hillocks-knotlow.knotlow.a50', 18, 414346.53, 367482.06, 226.10);
insert into STATION_FLAG values(334, 'fix');
insert into STATION values (335, 'Lathkill.hillocks-knotlow.knotlow.a49', 18, 414352.70, 367479.19, 226.10);
insert into STATION_FLAG values(335, 'fix');
insert into STATION values (336, 'Lathkill.hillocks-knotlow.knotlow.a48', 18, 414356.00, 367474.80, 226.10);
insert into STATION_FLAG values(336, 'fix');
insert into STATION values (337, 'Lathkill.hillocks-knotlow.knotlow.a47', 18, 414359.09, 367467.17, 226.10);
insert into STATION_FLAG values(337, 'fix');
insert into STATION values (338, 'Lathkill.hillocks-knotlow.knotlow.a46', 18, 414363.55, 367463.01, 226.10);
insert into STATION_FLAG values(338, 'fix');
insert into STATION values (339, 'Lathkill.hillocks-knotlow.knotlow.a45', 18, 414366.44, 367458.72, 226.10);
insert into STATION_FLAG values(339, 'fix');
insert into STATION values (340, 'Lathkill.hillocks-knotlow.knotlow.a44', 18, 414367.49, 367452.09, 226.10);
insert into STATION_FLAG values(340, 'fix');
insert into STATION values (341, 'Lathkill.hillocks-knotlow.knotlow.a43', 18, 414370.17, 367444.31, 226.10);
insert into STATION_FLAG values(341, 'fix');
insert into STATION values (342, 'Lathkill.hillocks-knotlow.knotlow.a42', 18, 414371.23, 367438.30, 226.10);
insert into STATION_FLAG values(342, 'fix');
insert into STATION values (343, 'Lathkill.hillocks-knotlow.knotlow.a41', 18, 414372.76, 367434.31, 226.10);
insert into STATION_FLAG values(343, 'fix');
insert into STATION values (344, 'Lathkill.hillocks-knotlow.knotlow.a40', 18, 414373.49, 367428.39, 226.10);
insert into STATION_FLAG values(344, 'fix');
insert into STATION values (345, 'Lathkill.hillocks-knotlow.knotlow.a39', 18, 414372.79, 367425.96, 226.10);
insert into STATION_FLAG values(345, 'fix');
insert into STATION values (346, 'Lathkill.hillocks-knotlow.knotlow.a38', 18, 414373.52, 367422.54, 225.92);
insert into STATION_FLAG values(346, 'fix');
insert into STATION values (347, 'Lathkill.hillocks-knotlow.knotlow.a37', 18, 414380.06, 367420.66, 226.51);
insert into STATION_FLAG values(347, 'fix');
insert into STATION values (348, 'Lathkill.hillocks-knotlow.knotlow.a36', 18, 414375.66, 367423.52, 225.59);
insert into STATION_FLAG values(348, 'fix');
insert into STATION values (349, 'Lathkill.hillocks-knotlow.knotlow.a35', 18, 414375.66, 367423.52, 235.82);
insert into STATION_FLAG values(349, 'fix');
insert into STATION values (350, 'Lathkill.hillocks-knotlow.hillocks.enta11', 18, 414459.60, 367315.18, 271.25);
insert into STATION_FLAG values(350, 'fix');
insert into STATION values (351, 'Lathkill.hillocks-knotlow.hillocks.enta12', 18, 414460.66, 367312.12, 272.12);
insert into STATION_FLAG values(351, 'fix');
insert into STATION values (352, 'Lathkill.hillocks-knotlow.hillocks.enta13', 18, 414463.38, 367312.29, 272.35);
insert into STATION_FLAG values(352, 'fix');
insert into STATION values (353, 'Lathkill.hillocks-knotlow.hillocks.enta14', 18, 414471.04, 367303.16, 274.89);
insert into STATION_FLAG values(353, 'fix');
insert into STATION values (354, 'Lathkill.hillocks-knotlow.hillocks.enta15', 18, 414471.61, 367295.10, 276.46);
insert into STATION_FLAG values(354, 'fix');
insert into STATION values (355, 'Lathkill.hillocks-knotlow.hillocks.enta16', 18, 414483.09, 367287.65, 277.42);
insert into STATION_FLAG values(355, 'fix');
insert into STATION values (356, 'Lathkill.hillocks-knotlow.hillocks.enta17', 18, 414489.97, 367268.74, 277.07);
insert into STATION_FLAG values(356, 'fix');
insert into STATION values (357, 'Lathkill.hillocks-knotlow.hillocks.enta18', 18, 414493.08, 367258.55, 277.44);
insert into STATION_FLAG values(357, 'fix');
insert into STATION values (358, 'Lathkill.hillocks-knotlow.hillocks.enta19', 18, 414502.04, 367246.66, 278.74);
insert into STATION_FLAG values(358, 'fix');
insert into STATION values (359, 'Lathkill.hillocks-knotlow.hillocks.enta20', 18, 414507.57, 367237.45, 277.23);
insert into STATION_FLAG values(359, 'ent');
insert into STATION_FLAG values(359, 'fix');
insert into STATION values (360, 'Lathkill.hillocks-knotlow.hillocks.e', 18, 414450.29, 367340.82, 242.37);
insert into STATION_FLAG values(360, 'fix');
insert into STATION values (361, 'Lathkill.hillocks-knotlow.hillocks.d', 18, 414446.27, 367346.15, 245.52);
insert into STATION_FLAG values(361, 'fix');
insert into STATION values (362, 'Lathkill.hillocks-knotlow.hillocks.c', 18, 414442.40, 367349.51, 250.74);
insert into STATION_FLAG values(362, 'fix');
insert into STATION values (363, 'Lathkill.hillocks-knotlow.hillocks.b', 18, 414439.62, 367354.15, 251.71);
insert into STATION_FLAG values(363, 'fix');
insert into STATION values (364, 'Lathkill.hillocks-knotlow.hillocks.a', 18, 414432.42, 367362.22, 251.74);
insert into STATION_FLAG values(364, 'fix');
insert into STATION values (365, 'Lathkill.hillocks-knotlow.hillocks.a1', 18, 414429.24, 367365.41, 255.14);
insert into STATION_FLAG values(365, 'fix');
insert into STATION values (366, 'Lathkill.hillocks-knotlow.hillocks.msbot', 18, 414487.37, 367309.67, 238.83);
insert into STATION_FLAG values(366, 'fix');
insert into STATION values (367, 'Lathkill.hillocks-knotlow.hillocks.mstop', 18, 414487.37, 367309.67, 296.07);
insert into STATION_FLAG values(367, 'ent');
insert into STATION_FLAG values(367, 'fix');
insert into STATION values (368, 'Lathkill.hillocks-knotlow.hillocks.k', 18, 414488.39, 367298.12, 239.91);
insert into STATION_FLAG values(368, 'fix');
insert into STATION values (369, 'Lathkill.hillocks-knotlow.hillocks.k1', 18, 414490.89, 367294.80, 240.87);
insert into STATION_FLAG values(369, 'fix');
insert into STATION values (370, 'Lathkill.hillocks-knotlow.hillocks.k2', 18, 414493.89, 367291.10, 239.24);
insert into STATION_FLAG values(370, 'fix');
insert into STATION values (371, 'Lathkill.hillocks-knotlow.hillocks.k3', 18, 414497.01, 367283.75, 241.23);
insert into STATION_FLAG values(371, 'fix');
insert into STATION values (372, 'Lathkill.hillocks-knotlow.hillocks.k4', 18, 414501.06, 367277.74, 242.25);
insert into STATION_FLAG values(372, 'fix');
insert into STATION values (373, 'Lathkill.hillocks-knotlow.hillocks.k5', 18, 414503.93, 367276.28, 241.74);
insert into STATION_FLAG values(373, 'fix');
insert into STATION values (374, 'Lathkill.hillocks-knotlow.hillocks.k6', 18, 414505.51, 367273.18, 242.04);
insert into STATION_FLAG values(374, 'fix');
insert into STATION values (375, 'Lathkill.hillocks-knotlow.hillocks.k7', 18, 414508.42, 367266.65, 241.42);
insert into STATION_FLAG values(375, 'fix');
insert into STATION values (376, 'Lathkill.hillocks-knotlow.hillocks.k8', 18, 414511.36, 367262.60, 242.76);
insert into STATION_FLAG values(376, 'fix');
insert into STATION values (377, 'Lathkill.hillocks-knotlow.hillocks.k9', 18, 414512.61, 367261.59, 244.89);
insert into STATION_FLAG values(377, 'fix');
insert into STATION values (378, 'Lathkill.hillocks-knotlow.hillocks.k10', 18, 414516.53, 367255.99, 245.49);
insert into STATION_FLAG values(378, 'fix');
insert into STATION values (379, 'Lathkill.hillocks-knotlow.hillocks.k11', 18, 414519.09, 367252.83, 248.44);
insert into STATION_FLAG values(379, 'fix');
insert into STATION values (380, 'Lathkill.hillocks-knotlow.hillocks.k12', 18, 414524.79, 367238.70, 248.71);
insert into STATION_FLAG values(380, 'fix');
insert into STATION values (381, 'Lathkill.hillocks-knotlow.hillocks.k12a', 18, 414528.70, 367231.67, 251.32);
insert into STATION_FLAG values(381, 'fix');
insert into STATION values (382, 'Lathkill.hillocks-knotlow.hillocks.k14', 18, 414530.60, 367227.19, 255.71);
insert into STATION_FLAG values(382, 'fix');
insert into STATION values (383, 'Lathkill.hillocks-knotlow.hillocks.k15', 18, 414532.45, 367222.61, 258.44);
insert into STATION_FLAG values(383, 'fix');
insert into STATION values (384, 'Lathkill.hillocks-knotlow.hillocks.k16', 18, 414536.88, 367219.02, 261.35);
insert into STATION_FLAG values(384, 'fix');
insert into STATION values (385, 'Lathkill.hillocks-knotlow.hillocks.cl1', 18, 414498.85, 367261.13, 241.03);
insert into STATION_FLAG values(385, 'fix');
insert into STATION values (386, 'Lathkill.hillocks-knotlow.hillocks.cl2', 18, 414494.25, 367257.13, 241.03);
insert into STATION_FLAG values(386, 'fix');
insert into STATION values (387, 'Lathkill.hillocks-knotlow.hillocks.l', 18, 414494.13, 367296.37, 243.24);
insert into STATION_FLAG values(387, 'fix');
insert into STATION values (388, 'Lathkill.hillocks-knotlow.hillocks.m', 18, 414496.43, 367292.37, 245.59);
insert into STATION_FLAG values(388, 'fix');
insert into STATION values (389, 'Lathkill.hillocks-knotlow.hillocks.n', 18, 414499.18, 367289.53, 245.73);
insert into STATION_FLAG values(389, 'fix');
insert into STATION values (390, 'Lathkill.hillocks-knotlow.hillocks.o', 18, 414499.23, 367286.88, 246.44);
insert into STATION_FLAG values(390, 'fix');
insert into STATION values (391, 'Lathkill.hillocks-knotlow.hillocks.p', 18, 414500.85, 367284.80, 247.19);
insert into STATION_FLAG values(391, 'fix');
insert into STATION values (392, 'Lathkill.hillocks-knotlow.hillocks.s1', 18, 414463.14, 367309.59, 240.60);
insert into STATION_FLAG values(392, 'fix');
insert into STATION values (393, 'Lathkill.hillocks-knotlow.hillocks.s2', 18, 414464.10, 367308.96, 239.64);
insert into STATION_FLAG values(393, 'fix');
insert into STATION values (394, 'Lathkill.hillocks-knotlow.hillocks.s3', 18, 414468.87, 367312.83, 235.65);
insert into STATION_FLAG values(394, 'fix');
insert into STATION values (395, 'Lathkill.hillocks-knotlow.hillocks.s4', 18, 414476.44, 367312.96, 229.73);
insert into STATION_FLAG values(395, 'fix');
insert into STATION values (396, 'Lathkill.hillocks-knotlow.hillocks.s5', 18, 414482.54, 367310.62, 230.19);
insert into STATION_FLAG values(396, 'fix');
insert into STATION values (397, 'Lathkill.hillocks-knotlow.hillocks.s6', 18, 414482.95, 367308.06, 230.24);
insert into STATION_FLAG values(397, 'fix');
insert into STATION values (398, 'Lathkill.hillocks-knotlow.hillocks.s7', 18, 414477.85, 367302.40, 230.37);
insert into STATION_FLAG values(398, 'fix');
insert into STATION values (399, 'Lathkill.hillocks-knotlow.hillocks.t1', 18, 414458.90, 367304.81, 245.30);
insert into STATION_FLAG values(399, 'fix');
insert into STATION values (400, 'Lathkill.hillocks-knotlow.hillocks.t2', 18, 414464.50, 367298.37, 245.15);
insert into STATION_FLAG values(400, 'fix');
insert into STATION values (401, 'Lathkill.hillocks-knotlow.hillocks.v1', 18, 414454.59, 367302.54, 238.69);
insert into STATION_FLAG values(401, 'fix');
insert into STATION values (402, 'Lathkill.hillocks-knotlow.hillocks.v2', 18, 414458.87, 367299.66, 238.33);
insert into STATION_FLAG values(402, 'fix');
insert into STATION values (403, 'Lathkill.hillocks-knotlow.hillocks.x', 18, 414431.22, 367323.73, 237.91);
insert into STATION_FLAG values(403, 'fix');
insert into STATION values (404, 'Lathkill.hillocks-knotlow.hillocks.y', 18, 414429.81, 367325.14, 237.91);
insert into STATION_FLAG values(404, 'fix');
insert into STATION values (405, 'Lathkill.hillocks-knotlow.knotlow.a2', 18, 414382.15, 367383.72, 272.85);
insert into STATION_FLAG values(405, 'fix');
insert into STATION values (406, 'Lathkill.hillocks-knotlow.knotlow.a6', 18, 414396.24, 367382.32, 265.29);
insert into STATION_FLAG values(406, 'fix');
insert into STATION values (407, 'Lathkill.hillocks-knotlow.knotlow.a11', 18, 414374.46, 367419.31, 259.54);
insert into STATION_FLAG values(407, 'fix');
insert into STATION values (408, 'Lathkill.hillocks-knotlow.knotlow.a30', 18, 414372.98, 367436.06, 235.27);
insert into STATION_FLAG values(408, 'fix');
insert into STATION values (409, 'Lathkill.hillocks-knotlow.knotlow.a31', 18, 414366.90, 367435.64, 235.27);
insert into STATION_FLAG values(409, 'fix');
insert into STATION values (410, 'Lathkill.hillocks-knotlow.knotlow.cdbot', 18, 414374.43, 367425.10, 225.59);
insert into STATION_FLAG values(410, 'fix');
insert into STATION values (411, 'Lathkill.hillocks-knotlow.knotlow.cdtop', 18, 414374.43, 367425.10, 289.59);
insert into STATION_FLAG values(411, 'ent');
insert into STATION_FLAG values(411, 'fix');
insert into STATION values (412, 'Lathkill.hillocks-knotlow.knotlow.w', 18, 414351.87, 367563.02, 226.18);
insert into STATION_FLAG values(412, 'fix');
insert into STATION values (413, 'Lathkill.hillocks-knotlow.knotlow.fwtop', 18, 414351.87, 367563.02, 279.18);
insert into STATION_FLAG values(413, 'ent');
insert into STATION_FLAG values(413, 'fix');
insert into STATION values (414, 'Lathkill.hillocks-knotlow.knotlow.rift16', 18, 414444.27, 367578.83, 231.45);
insert into STATION_FLAG values(414, 'fix');
insert into STATION values (415, 'Lathkill.hillocks-knotlow.knotlow.rift17', 18, 414440.05, 367584.43, 235.02);
insert into STATION_FLAG values(415, 'fix');
insert into STATION values (416, 'Lathkill.hillocks-knotlow.knotlow.nla', 18, 414350.00, 367580.85, 226.40);
insert into STATION_FLAG values(416, 'fix');
insert into STATION values (417, 'Lathkill.hillocks-knotlow.knotlow.nlb', 18, 414350.00, 367596.09, 226.40);
insert into STATION_FLAG values(417, 'fix');
insert into STATION values (418, 'Lathkill.hillocks-knotlow.knotlow.nlc', 18, 414347.88, 367611.18, 226.40);
insert into STATION_FLAG values(418, 'fix');
insert into STATION values (419, 'Lathkill.hillocks-knotlow.knotlow.nld', 18, 414348.14, 367626.42, 226.40);
insert into STATION_FLAG values(419, 'fix');
insert into STATION values (420, 'Lathkill.hillocks-knotlow.knotlow.nle', 18, 414344.97, 367641.32, 226.40);
insert into STATION_FLAG values(420, 'fix');
insert into STATION values (421, 'Lathkill.hillocks-knotlow.knotlow.nlf', 18, 414349.94, 367655.73, 226.40);
insert into STATION_FLAG values(421, 'fix');
insert into STATION values (422, 'Lathkill.hillocks-knotlow.knotlow.nlg', 18, 414353.10, 367670.64, 226.40);
insert into STATION_FLAG values(422, 'fix');
insert into STATION values (423, 'Lathkill.hillocks-knotlow.knotlow.nlh', 18, 414358.57, 367684.87, 226.40);
insert into STATION_FLAG values(423, 'fix');
insert into STATION values (424, 'Lathkill.hillocks-knotlow.knotlow.nli', 18, 414366.05, 367694.45, 226.40);
insert into STATION_FLAG values(424, 'fix');
insert into STATION values (425, 'Lathkill.hillocks-knotlow.knotlow.nlj', 18, 414364.34, 367703.28, 226.40);
insert into STATION_FLAG values(425, 'fix');
insert into STATION values (426, 'Lathkill.hillocks-knotlow.knotlow.nlk', 18, 414355.81, 367715.91, 226.40);
insert into STATION_FLAG values(426, 'fix');
insert into STATION values (427, 'Lathkill.hillocks-knotlow.knotlow.nll', 18, 414351.11, 367730.40, 226.40);
insert into STATION_FLAG values(427, 'fix');
insert into STATION values (428, 'Lathkill.hillocks-knotlow.knotlow.nlm', 18, 414343.84, 367741.18, 226.40);
insert into STATION_FLAG values(428, 'fix');
insert into STATION values (429, 'Lathkill.hillocks-knotlow.knotlow.nln', 18, 414339.38, 367755.76, 226.40);
insert into STATION_FLAG values(429, 'fix');
insert into STATION values (430, 'Lathkill.hillocks-knotlow.knotlow.nlo', 18, 414332.94, 367769.57, 226.40);
insert into STATION_FLAG values(430, 'fix');
insert into STATION values (431, 'Lathkill.hillocks-knotlow.knotlow.nlp', 18, 414327.23, 367783.70, 226.40);
insert into STATION_FLAG values(431, 'fix');
insert into STATION values (432, 'Lathkill.hillocks-knotlow.knotlow.nlq', 18, 414320.31, 367797.28, 226.40);
insert into STATION_FLAG values(432, 'fix');
insert into STATION values (433, 'Lathkill.hillocks-knotlow.knotlow.nlr', 18, 414311.79, 367809.91, 226.40);
insert into STATION_FLAG values(433, 'fix');
insert into STATION values (434, 'Lathkill.hillocks-knotlow.knotlow.nls', 18, 414303.35, 367821.11, 226.40);
insert into STATION_FLAG values(434, 'fix');
insert into STATION values (435, 'Lathkill.hillocks-knotlow.knotlow.nlt', 18, 414301.37, 367849.39, 226.40);
insert into STATION_FLAG values(435, 'fix');
insert into STATION values (436, 'Lathkill.hillocks-knotlow.knotlow.nlu', 18, 414306.56, 367878.81, 226.40);
insert into STATION_FLAG values(436, 'fix');
insert into STATION values (437, 'Lathkill.hillocks-knotlow.knotlow.nlv', 18, 414300.45, 367901.62, 226.40);
insert into STATION_FLAG values(437, 'fix');
insert into STATION values (438, 'Lathkill.hillocks-knotlow.knotlow.nlw', 18, 414292.72, 367918.20, 226.40);
insert into STATION_FLAG values(438, 'fix');
insert into STATION values (439, 'Lathkill.hillocks-knotlow.knotlow.nlx', 18, 414286.41, 367927.91, 226.40);
insert into STATION_FLAG values(439, 'fix');
insert into STATION values (440, 'Lathkill.hillocks-knotlow.knotlow.nly', 18, 414278.64, 367940.84, 226.40);
insert into STATION_FLAG values(440, 'fix');
insert into STATION values (441, 'Lathkill.hillocks-knotlow.knotlow.nlz', 18, 414271.59, 367949.25, 226.40);
insert into STATION_FLAG values(441, 'fix');
insert into STATION values (442, 'Lathkill.hillocks-knotlow.knotlow.nl1a', 18, 414248.60, 368003.40, 226.40);
insert into STATION_FLAG values(442, 'fix');
insert into STATION values (443, 'Lathkill.hillocks-knotlow.knotlow.nl1b', 18, 414242.42, 368016.66, 226.40);
insert into STATION_FLAG values(443, 'fix');
insert into STATION values (444, 'Lathkill.hillocks-knotlow.knotlow.nl1c', 18, 414237.14, 368027.99, 226.40);
insert into STATION_FLAG values(444, 'fix');
insert into STATION values (445, 'Lathkill.hillocks-knotlow.knotlow.nl1d', 18, 414225.99, 368045.82, 226.40);
insert into STATION_FLAG values(445, 'fix');
insert into STATION values (446, 'Lathkill.hillocks-knotlow.knotlow.nl1e', 18, 414216.07, 368074.64, 226.40);
insert into STATION_FLAG values(446, 'fix');
insert into STATION values (447, 'Lathkill.hillocks-knotlow.knotlow.nl1f', 18, 414207.38, 368092.45, 226.40);
insert into STATION_FLAG values(447, 'fix');
insert into STATION values (448, 'Lathkill.hillocks-knotlow.knotlow.nl1g', 18, 414199.32, 368103.55, 226.40);
insert into STATION_FLAG values(448, 'fix');
insert into STATION values (449, 'Lathkill.hillocks-knotlow.knotlow.nl1h', 18, 414182.72, 368129.11, 226.40);
insert into STATION_FLAG values(449, 'fix');
insert into STATION values (450, 'Lathkill.hillocks-knotlow.knotlow.nl1i', 18, 414171.80, 368157.57, 226.40);
insert into STATION_FLAG values(450, 'fix');
insert into STATION values (451, 'Lathkill.hillocks-knotlow.knotlow.nl1j', 18, 414157.35, 368179.81, 226.40);
insert into STATION_FLAG values(451, 'fix');
insert into STATION values (452, 'Lathkill.hillocks-knotlow.knotlow.nl1k', 18, 414132.87, 368187.29, 226.40);
insert into STATION_FLAG values(452, 'fix');
insert into STATION values (453, 'Lathkill.hillocks-knotlow.knotlow.2c', 18, 414340.87, 367567.02, 226.40);
insert into STATION_FLAG values(453, 'fix');
insert into STATION values (454, 'Lathkill.hillocks-knotlow.knotlow.3c', 18, 414298.50, 367567.02, 226.40);
insert into STATION_FLAG values(454, 'fix');
insert into STATION values (455, 'Lathkill.hillocks-knotlow.knotlow.estop', 18, 414298.50, 367567.02, 279.40);
insert into STATION_FLAG values(455, 'ent');
insert into STATION_FLAG values(455, 'fix');
insert into STATION values (456, 'Lathkill.hillocks-knotlow.knotlow.d2', 18, 414369.90, 367441.21, 243.16);
insert into STATION_FLAG values(456, 'fix');
insert into STATION values (457, 'Lathkill.hillocks-knotlow.knotlow.d3', 18, 414369.90, 367441.21, 242.60);
insert into STATION_FLAG values(457, 'fix');
insert into STATION values (458, 'Lathkill.hillocks-knotlow.knotlow.d4', 18, 414370.18, 367443.01, 242.41);
insert into STATION_FLAG values(458, 'fix');
insert into STATION values (459, 'Lathkill.hillocks-knotlow.knotlow.d5', 18, 414369.43, 367449.13, 243.06);
insert into STATION_FLAG values(459, 'fix');
insert into STATION values (460, 'Lathkill.hillocks-knotlow.knotlow.d6', 18, 414368.58, 367450.49, 243.06);
insert into STATION_FLAG values(460, 'fix');
insert into STATION values (461, 'Lathkill.hillocks-knotlow.knotlow.d7', 18, 414365.00, 367454.33, 243.98);
insert into STATION_FLAG values(461, 'fix');
insert into STATION values (462, 'Lathkill.hillocks-knotlow.knotlow.d8', 18, 414366.90, 367459.84, 242.20);
insert into STATION_FLAG values(462, 'fix');
insert into STATION values (463, 'Lathkill.hillocks-knotlow.knotlow.d9', 18, 414368.20, 367464.37, 241.28);
insert into STATION_FLAG values(463, 'fix');
insert into STATION values (464, 'Lathkill.hillocks-knotlow.knotlow.d10', 18, 414367.82, 367466.78, 241.37);
insert into STATION_FLAG values(464, 'fix');
insert into STATION values (465, 'Lathkill.hillocks-knotlow.knotlow.d11', 18, 414364.64, 367467.52, 241.65);
insert into STATION_FLAG values(465, 'fix');
insert into STATION values (466, 'Lathkill.hillocks-knotlow.knotlow.d12', 18, 414364.64, 367467.52, 243.94);
insert into STATION_FLAG values(466, 'fix');
insert into STATION values (467, 'Lathkill.hillocks-knotlow.knotlow.d13', 18, 414365.79, 367464.80, 244.46);
insert into STATION_FLAG values(467, 'fix');
insert into STATION values (468, 'Lathkill.hillocks-knotlow.knotlow.d14', 18, 414367.91, 367462.60, 244.46);
insert into STATION_FLAG values(468, 'fix');
insert into STATION values (469, 'Lathkill.hillocks-knotlow.knotlow.d15', 18, 414369.15, 367460.16, 244.46);
insert into STATION_FLAG values(469, 'fix');
insert into STATION values (470, 'Lathkill.hillocks-knotlow.knotlow.d16', 18, 414363.38, 367468.77, 243.50);
insert into STATION_FLAG values(470, 'fix');
insert into STATION values (471, 'Lathkill.hillocks-knotlow.knotlow.d17', 18, 414360.02, 367474.15, 245.69);
insert into STATION_FLAG values(471, 'fix');
insert into STATION values (472, 'Lathkill.hillocks-knotlow.knotlow.d18', 18, 414358.78, 367476.58, 244.11);
insert into STATION_FLAG values(472, 'fix');
insert into STATION values (473, 'Lathkill.hillocks-knotlow.knotlow.d19', 18, 414354.06, 367485.09, 245.65);
insert into STATION_FLAG values(473, 'fix');
insert into STATION values (474, 'Lathkill.hillocks-knotlow.knotlow.d20', 18, 414354.67, 367485.08, 245.65);
insert into STATION_FLAG values(474, 'fix');
insert into STATION values (475, 'Lathkill.hillocks-knotlow.knotlow.d21', 18, 414353.57, 367489.20, 245.80);
insert into STATION_FLAG values(475, 'fix');
insert into STATION values (476, 'Lathkill.hillocks-knotlow.knotlow.d22', 18, 414350.18, 367494.22, 246.54);
insert into STATION_FLAG values(476, 'fix');
insert into STATION values (477, 'Lathkill.hillocks-knotlow.knotlow.d23', 18, 414349.28, 367497.02, 246.54);
insert into STATION_FLAG values(477, 'fix');
insert into STATION values (478, 'Lathkill.hillocks-knotlow.knotlow.d24', 18, 414348.73, 367499.38, 246.25);
insert into STATION_FLAG values(478, 'fix');
insert into STATION values (479, 'Lathkill.hillocks-knotlow.knotlow.d25', 18, 414346.39, 367501.34, 246.25);
insert into STATION_FLAG values(479, 'fix');
insert into STATION values (480, 'Lathkill.hillocks-knotlow.knotlow.d26', 18, 414341.94, 367496.56, 246.25);
insert into STATION_FLAG values(480, 'fix');
insert into STATION values (481, 'Lathkill.hillocks-knotlow.knotlow.d27', 18, 414345.96, 367502.96, 246.19);
insert into STATION_FLAG values(481, 'fix');
insert into STATION values (482, 'Lathkill.hillocks-knotlow.knotlow.d28', 18, 414348.86, 367504.99, 246.44);
insert into STATION_FLAG values(482, 'fix');
insert into STATION values (483, 'Lathkill.hillocks-knotlow.knotlow.d29', 18, 414347.35, 367509.94, 246.62);
insert into STATION_FLAG values(483, 'fix');
insert into STATION values (484, 'Lathkill.hillocks-knotlow.knotlow.d30', 18, 414349.68, 367512.82, 246.42);
insert into STATION_FLAG values(484, 'fix');
insert into STATION values (485, 'Lathkill.hillocks-knotlow.knotlow.d31', 18, 414353.51, 367515.21, 246.19);
insert into STATION_FLAG values(485, 'fix');
insert into STATION values (486, 'Lathkill.hillocks-knotlow.knotlow.d32', 18, 414356.46, 367519.13, 246.44);
insert into STATION_FLAG values(486, 'fix');
insert into STATION values (487, 'Lathkill.hillocks-knotlow.knotlow.d33', 18, 414355.99, 367524.49, 246.44);
insert into STATION_FLAG values(487, 'fix');
insert into STATION values (488, 'Lathkill.hillocks-knotlow.knotlow.d34', 18, 414359.77, 367526.09, 246.30);
insert into STATION_FLAG values(488, 'fix');
insert into STATION values (489, 'Lathkill.hillocks-knotlow.knotlow.d35', 18, 414363.09, 367528.88, 246.30);
insert into STATION_FLAG values(489, 'fix');
insert into STATION values (490, 'Lathkill.hillocks-knotlow.knotlow.d36', 18, 414365.40, 367535.98, 246.04);
insert into STATION_FLAG values(490, 'fix');
insert into STATION values (491, 'Lathkill.hillocks-knotlow.knotlow.d37', 18, 414369.64, 367534.93, 245.81);
insert into STATION_FLAG values(491, 'fix');
insert into STATION values (492, 'Lathkill.hillocks-knotlow.knotlow.d38', 18, 414371.84, 367538.32, 245.81);
insert into STATION_FLAG values(492, 'fix');
insert into STATION values (493, 'Lathkill.hillocks-knotlow.knotlow.d39', 18, 414372.52, 367540.44, 245.81);
insert into STATION_FLAG values(493, 'fix');
insert into STATION values (494, 'Lathkill.hillocks-knotlow.knotlow.d40', 18, 414375.39, 367543.86, 246.04);
insert into STATION_FLAG values(494, 'fix');
insert into STATION values (495, 'Lathkill.hillocks-knotlow.knotlow.d41', 18, 414374.90, 367543.59, 246.04);
insert into STATION_FLAG values(495, 'fix');
insert into STATION values (496, 'Lathkill.hillocks-knotlow.knotlow.d42', 18, 414374.90, 367543.59, 249.14);
insert into STATION_FLAG values(496, 'fix');
insert into STATION values (497, 'Lathkill.hillocks-knotlow.knotlow.d43', 18, 414373.57, 367541.20, 249.00);
insert into STATION_FLAG values(497, 'fix');
insert into STATION values (498, 'Lathkill.hillocks-knotlow.knotlow.d44', 18, 414373.34, 367537.91, 248.94);
insert into STATION_FLAG values(498, 'fix');
insert into STATION values (499, 'Lathkill.hillocks-knotlow.knotlow.d45', 18, 414374.62, 367536.72, 249.06);
insert into STATION_FLAG values(499, 'fix');
insert into STATION values (500, 'Lathkill.hillocks-knotlow.knotlow.d46', 18, 414376.60, 367537.21, 248.92);
insert into STATION_FLAG values(500, 'fix');
insert into STATION values (501, 'Lathkill.hillocks-knotlow.knotlow.d47', 18, 414379.07, 367535.90, 248.92);
insert into STATION_FLAG values(501, 'fix');
insert into STATION values (502, 'Lathkill.hillocks-knotlow.knotlow.d48', 18, 414380.71, 367533.56, 249.17);
insert into STATION_FLAG values(502, 'fix');
insert into STATION values (503, 'Lathkill.hillocks-knotlow.knotlow.d49', 18, 414375.28, 367547.18, 249.27);
insert into STATION_FLAG values(503, 'fix');
insert into STATION values (504, 'Lathkill.hillocks-knotlow.knotlow.d50', 18, 414376.52, 367547.33, 249.94);
insert into STATION_FLAG values(504, 'fix');
insert into STATION values (505, 'Lathkill.hillocks-knotlow.knotlow.d51', 18, 414378.49, 367545.85, 251.73);
insert into STATION_FLAG values(505, 'fix');
insert into STATION values (506, 'Lathkill.hillocks-knotlow.knotlow.t1', 18, 414342.13, 367497.88, 246.25);
insert into STATION_FLAG values(506, 'fix');
insert into STATION values (507, 'Lathkill.hillocks-knotlow.knotlow.t2', 18, 414342.82, 367494.30, 246.25);
insert into STATION_FLAG values(507, 'fix');
insert into STATION values (508, 'Lathkill.hillocks-knotlow.knotlow.t3', 18, 414343.67, 367491.70, 246.25);
insert into STATION_FLAG values(508, 'fix');
insert into STATION values (509, 'Lathkill.hillocks-knotlow.knotlow.t4', 18, 414343.24, 367488.99, 246.25);
insert into STATION_FLAG values(509, 'fix');
insert into STATION values (510, 'Lathkill.hillocks-knotlow.knotlow.t5', 18, 414342.77, 367485.98, 246.25);
insert into STATION_FLAG values(510, 'fix');
insert into STATION values (511, 'Lathkill.hillocks-knotlow.knotlow.t6', 18, 414342.19, 367482.37, 246.25);
insert into STATION_FLAG values(511, 'fix');
insert into STATION values (512, 'Lathkill.hillocks-knotlow.knotlow.e2', 18, 414366.71, 367470.40, 243.31);
insert into STATION_FLAG values(512, 'fix');
insert into STATION values (513, 'Lathkill.hillocks-knotlow.knotlow.e3', 18, 414368.16, 367473.36, 243.19);
insert into STATION_FLAG values(513, 'fix');
insert into STATION values (514, 'Lathkill.hillocks-knotlow.knotlow.e4', 18, 414369.05, 367472.86, 243.10);
insert into STATION_FLAG values(514, 'fix');
insert into STATION values (515, 'Lathkill.hillocks-knotlow.knotlow.e5', 18, 414371.41, 367470.06, 242.97);
insert into STATION_FLAG values(515, 'fix');
insert into STATION values (516, 'Lathkill.hillocks-knotlow.knotlow.e6', 18, 414373.96, 367469.23, 242.97);
insert into STATION_FLAG values(516, 'fix');
insert into STATION values (517, 'Lathkill.hillocks-knotlow.knotlow.e7', 18, 414375.12, 367470.82, 243.22);
insert into STATION_FLAG values(517, 'fix');
insert into STATION values (518, 'Lathkill.hillocks-knotlow.knotlow.e8', 18, 414374.85, 367474.62, 243.35);
insert into STATION_FLAG values(518, 'fix');
insert into STATION values (519, 'Lathkill.hillocks-knotlow.knotlow.e9', 18, 414378.23, 367478.94, 243.54);
insert into STATION_FLAG values(519, 'fix');
insert into STATION values (520, 'Lathkill.hillocks-knotlow.knotlow.e10', 18, 414388.25, 367483.40, 243.54);
insert into STATION_FLAG values(520, 'fix');
insert into STATION values (521, 'Lathkill.hillocks-knotlow.knotlow.e11', 18, 414392.07, 367484.35, 243.61);
insert into STATION_FLAG values(521, 'fix');
insert into STATION values (522, 'Lathkill.hillocks-knotlow.knotlow.e12', 18, 414395.96, 367487.28, 243.61);
insert into STATION_FLAG values(522, 'fix');
insert into STATION values (523, 'Lathkill.hillocks-knotlow.knotlow.e13', 18, 414399.67, 367491.00, 243.61);
insert into STATION_FLAG values(523, 'fix');
insert into STATION values (524, 'Lathkill.hillocks-knotlow.knotlow.e14', 18, 414402.90, 367492.87, 243.80);
insert into STATION_FLAG values(524, 'fix');
insert into STATION values (525, 'Lathkill.hillocks-knotlow.knotlow.e15', 18, 414411.04, 367499.69, 243.80);
insert into STATION_FLAG values(525, 'fix');
insert into STATION values (526, 'Lathkill.hillocks-knotlow.knotlow.e16', 18, 414413.63, 367501.95, 243.56);
insert into STATION_FLAG values(526, 'fix');
insert into STATION values (527, 'Lathkill.hillocks-knotlow.knotlow.e17', 18, 414414.29, 367504.10, 243.76);
insert into STATION_FLAG values(527, 'fix');
insert into STATION values (528, 'Lathkill.hillocks-knotlow.knotlow.e18', 18, 414424.08, 367506.73, 243.76);
insert into STATION_FLAG values(528, 'fix');
insert into STATION values (529, 'Lathkill.hillocks-knotlow.knotlow.e19', 18, 414437.16, 367503.94, 243.76);
insert into STATION_FLAG values(529, 'fix');
insert into STATION values (530, 'Lathkill.hillocks-knotlow.knotlow.e20', 18, 414441.98, 367503.27, 243.59);
insert into STATION_FLAG values(530, 'fix');
insert into STATION values (531, 'Lathkill.hillocks-knotlow.knotlow.e21', 18, 414453.80, 367500.32, 242.95);
insert into STATION_FLAG values(531, 'fix');
insert into STATION values (532, 'Lathkill.hillocks-knotlow.knotlow.e22', 18, 414463.59, 367500.49, 242.61);
insert into STATION_FLAG values(532, 'fix');
insert into STATION values (533, 'Lathkill.hillocks-knotlow.knotlow.e23', 18, 414468.10, 367499.78, 242.45);
insert into STATION_FLAG values(533, 'fix');
insert into STATION values (534, 'Lathkill.hillocks-knotlow.knotlow.e24', 18, 414471.89, 367500.94, 242.38);
insert into STATION_FLAG values(534, 'fix');
insert into STATION values (535, 'Lathkill.hillocks-knotlow.knotlow.e25', 18, 414477.34, 367500.17, 242.19);
insert into STATION_FLAG values(535, 'fix');
insert into STATION values (536, 'Lathkill.hillocks-knotlow.knotlow.e26', 18, 414479.96, 367500.82, 242.62);
insert into STATION_FLAG values(536, 'fix');
insert into STATION values (537, 'Lathkill.hillocks-knotlow.knotlow.e27', 18, 414478.50, 367506.28, 241.62);
insert into STATION_FLAG values(537, 'fix');
insert into STATION values (538, 'Lathkill.hillocks-knotlow.knotlow.e28', 18, 414476.18, 367512.03, 241.40);
insert into STATION_FLAG values(538, 'fix');
insert into STATION values (539, 'Lathkill.hillocks-knotlow.knotlow.e29', 18, 414473.79, 367516.16, 242.42);
insert into STATION_FLAG values(539, 'fix');
insert into STATION values (540, 'Lathkill.hillocks-knotlow.knotlow.e30', 18, 414473.05, 367518.76, 243.40);
insert into STATION_FLAG values(540, 'fix');
insert into STATION values (541, 'Lathkill.hillocks-knotlow.knotlow.e31', 18, 414473.05, 367518.76, 242.64);
insert into STATION_FLAG values(541, 'fix');
insert into STATION values (542, 'Lathkill.hillocks-knotlow.knotlow.e32', 18, 414467.36, 367526.89, 241.95);
insert into STATION_FLAG values(542, 'fix');
insert into STATION values (543, 'Lathkill.hillocks-knotlow.knotlow.e33', 18, 414467.36, 367526.89, 243.02);
insert into STATION_FLAG values(543, 'fix');
insert into STATION values (544, 'Lathkill.hillocks-knotlow.knotlow.e34', 18, 414466.59, 367529.39, 245.06);
insert into STATION_FLAG values(544, 'fix');
insert into STATION values (545, 'Lathkill.hillocks-knotlow.knotlow.e35', 18, 414465.13, 367533.40, 242.29);
insert into STATION_FLAG values(545, 'fix');
insert into STATION values (546, 'Lathkill.hillocks-knotlow.knotlow.e36', 18, 414462.63, 367536.71, 241.02);
insert into STATION_FLAG values(546, 'fix');
insert into STATION values (547, 'Lathkill.hillocks-knotlow.knotlow.bhs2', 18, 414378.15, 367547.23, 249.27);
insert into STATION_FLAG values(547, 'fix');
insert into STATION values (548, 'Lathkill.hillocks-knotlow.knotlow.bhs3', 18, 414379.44, 367550.00, 249.27);
insert into STATION_FLAG values(548, 'fix');
insert into STATION values (549, 'Lathkill.hillocks-knotlow.knotlow.bhs4', 18, 414379.75, 367551.80, 249.27);
insert into STATION_FLAG values(549, 'fix');
insert into STATION values (550, 'Lathkill.hillocks-knotlow.knotlow.bhs5', 18, 414382.05, 367554.44, 249.27);
insert into STATION_FLAG values(550, 'fix');
insert into STATION values (551, 'Lathkill.hillocks-knotlow.knotlow.bhs6', 18, 414384.92, 367555.48, 249.27);
insert into STATION_FLAG values(551, 'fix');
insert into STATION values (552, 'Lathkill.hillocks-knotlow.knotlow.bhs7', 18, 414387.07, 367557.64, 249.27);
insert into STATION_FLAG values(552, 'fix');
insert into STATION values (553, 'Lathkill.hillocks-knotlow.knotlow.bhs8', 18, 414390.63, 367559.69, 249.27);
insert into STATION_FLAG values(553, 'fix');
insert into STATION values (554, 'Lathkill.hillocks-knotlow.knotlow.bhs9', 18, 414392.59, 367556.43, 249.27);
insert into STATION_FLAG values(554, 'fix');
insert into STATION values (555, 'Lathkill.hillocks-knotlow.knotlow.m11', 18, 414412.03, 367383.60, 237.98);
insert into STATION_FLAG values(555, 'fix');
insert into STATION values (556, 'Lathkill.hillocks-knotlow.knotlow.m23', 18, 414430.65, 367360.81, 239.13);
insert into STATION_FLAG values(556, 'fix');
insert into STATION values (557, 'Lathkill.hillocks-knotlow.knotlow.x4', 18, 414449.69, 367576.52, 231.22);
insert into STATION_FLAG values(557, 'fix');
insert into STATION values (558, 'Lathkill.hillocks-knotlow.knotlow.x3', 18, 414462.44, 367576.52, 230.11);
insert into STATION_FLAG values(558, 'fix');
insert into STATION values (559, 'Lathkill.hillocks-knotlow.knotlow.x2', 18, 414469.13, 367578.07, 230.11);
insert into STATION_FLAG values(559, 'fix');
insert into STATION values (560, 'Lathkill.hillocks-knotlow.knotlow.x1', 18, 414474.52, 367570.91, 229.32);
insert into STATION_FLAG values(560, 'fix');
insert into STATION values (561, 'Lathkill.hillocks-knotlow.knotlow.cs10', 18, 414476.54, 367569.55, 229.32);
insert into STATION_FLAG values(561, 'fix');
insert into STATION values (562, 'Lathkill.hillocks-knotlow.knotlow.cs9', 18, 414477.02, 367564.08, 229.32);
insert into STATION_FLAG values(562, 'fix');
insert into STATION values (563, 'Lathkill.hillocks-knotlow.knotlow.cs8', 18, 414483.44, 367562.12, 229.32);
insert into STATION_FLAG values(563, 'fix');
insert into STATION values (564, 'Lathkill.hillocks-knotlow.knotlow.cs7', 18, 414486.69, 367561.31, 229.32);
insert into STATION_FLAG values(564, 'fix');
insert into STATION values (565, 'Lathkill.hillocks-knotlow.knotlow.cs6', 18, 414490.62, 367560.83, 229.32);
insert into STATION_FLAG values(565, 'fix');
insert into STATION values (566, 'Lathkill.hillocks-knotlow.knotlow.cs5', 18, 414494.93, 367563.12, 229.32);
insert into STATION_FLAG values(566, 'fix');
insert into STATION values (567, 'Lathkill.hillocks-knotlow.knotlow.cs4', 18, 414497.65, 367562.78, 229.32);
insert into STATION_FLAG values(567, 'fix');
insert into STATION values (568, 'Lathkill.hillocks-knotlow.knotlow.cs3', 18, 414500.96, 367563.25, 229.32);
insert into STATION_FLAG values(568, 'fix');
insert into STATION values (569, 'Lathkill.hillocks-knotlow.knotlow.cs2', 18, 414499.02, 367564.72, 229.32);
insert into STATION_FLAG values(569, 'fix');
insert into STATION values (570, 'Lathkill.hillocks-knotlow.knotlow.cs1', 18, 414500.09, 367568.22, 229.32);
insert into STATION_FLAG values(570, 'fix');
insert into STATION values (571, 'Lathkill.hillocks-knotlow.knotlow.cs0', 18, 414506.19, 367568.22, 229.32);
insert into STATION_FLAG values(571, 'fix');
insert into STATION values (572, 'Lathkill.hillocks-knotlow.knotlow.css1', 18, 414509.25, 367570.21, 229.32);
insert into STATION_FLAG values(572, 'fix');
insert into STATION values (573, 'Lathkill.hillocks-knotlow.knotlow.css2', 18, 414512.85, 367570.91, 229.32);
insert into STATION_FLAG values(573, 'fix');
insert into STATION values (574, 'Lathkill.hillocks-knotlow.knotlow.css3', 18, 414517.90, 367573.05, 229.32);
insert into STATION_FLAG values(574, 'fix');
insert into STATION values (575, 'Lathkill.hillocks-knotlow.knotlow.css4', 18, 414519.68, 367575.89, 229.32);
insert into STATION_FLAG values(575, 'fix');
insert into STATION values (576, 'Lathkill.hillocks-knotlow.knotlow.css5', 18, 414520.21, 367577.64, 229.32);
insert into STATION_FLAG values(576, 'fix');
insert into STATION values (577, 'Lathkill.lathkillheadcave.lathkill-top.60', 18, 416529.83, 366006.58, 206.28);
insert into STATION_FLAG values(577, 'fix');
insert into STATION values (578, 'Lathkill.lathkillheadcave.lathkill-top.59', 18, 416530.89, 366003.76, 206.80);
insert into STATION_FLAG values(578, 'fix');
insert into STATION values (579, 'Lathkill.lathkillheadcave.lathkill-top.61', 18, 416527.65, 366022.17, 206.36);
insert into STATION_FLAG values(579, 'fix');
insert into STATION values (580, 'Lathkill.lathkillheadcave.lathkill-top.62', 18, 416526.40, 366028.22, 206.59);
insert into STATION_FLAG values(580, 'fix');
insert into STATION values (581, 'Lathkill.lathkillheadcave.lathkill-top.63', 18, 416529.14, 366035.92, 206.61);
insert into STATION_FLAG values(581, 'fix');
insert into STATION values (582, 'Lathkill.lathkillheadcave.lathkill-top.94x', 18, 416527.22, 366036.23, 206.31);
insert into STATION_FLAG values(582, 'fix');
insert into STATION values (583, 'Lathkill.lathkillheadcave.lathkill-top.95x', 18, 416520.51, 366040.95, 206.19);
insert into STATION_FLAG values(583, 'fix');
insert into STATION values (584, 'Lathkill.lathkillheadcave.lathkill-top.96x', 18, 416514.19, 366045.39, 205.94);
insert into STATION_FLAG values(584, 'fix');
insert into STATION values (585, 'Lathkill.lathkillheadcave.lathkill-top.97x', 18, 416512.29, 366047.45, 206.00);
insert into STATION_FLAG values(585, 'fix');
insert into STATION values (586, 'Lathkill.lathkillheadcave.lathkill-top.98x', 18, 416509.12, 366048.26, 205.89);
insert into STATION_FLAG values(586, 'fix');
insert into STATION values (587, 'Lathkill.lathkillheadcave.lathkill-top.99x', 18, 416506.07, 366050.67, 206.10);
insert into STATION_FLAG values(587, 'fix');
insert into STATION values (588, 'Lathkill.lathkillheadcave.lathkill-top.loox', 18, 416504.81, 366052.56, 205.99);
insert into STATION_FLAG values(588, 'fix');
insert into STATION values (589, 'Lathkill.lathkillheadcave.lathkill-top.1o1x', 18, 416503.95, 366053.80, 205.81);
insert into STATION_FLAG values(589, 'fix');
insert into STATION values (590, 'Lathkill.lathkillheadcave.lathkill-top.102x', 18, 416503.81, 366055.24, 205.71);
insert into STATION_FLAG values(590, 'fix');
insert into STATION values (591, 'Lathkill.lathkillheadcave.lathkill-top.103x', 18, 416498.51, 366057.85, 205.62);
insert into STATION_FLAG values(591, 'fix');
insert into STATION values (592, 'Lathkill.lathkillheadcave.lathkill-top.104x', 18, 416496.15, 366060.07, 205.74);
insert into STATION_FLAG values(592, 'fix');
insert into STATION values (593, 'Lathkill.lathkillheadcave.lathkill-top.105x', 18, 416495.90, 366062.73, 205.70);
insert into STATION_FLAG values(593, 'fix');
insert into STATION values (594, 'Lathkill.lathkillheadcave.lathkill-top.106x', 18, 416495.89, 366062.72, 205.89);
insert into STATION_FLAG values(594, 'fix');
insert into STATION values (595, 'Lathkill.lathkillheadcave.lathkill-top.l1', 18, 416495.88, 366062.71, 205.67);
insert into STATION_FLAG values(595, 'fix');
insert into STATION values (596, 'Lathkill.lathkillheadcave.lathkill-top.l2', 18, 416491.08, 366062.74, 205.48);
insert into STATION_FLAG values(596, 'fix');
insert into STATION values (597, 'Lathkill.lathkillheadcave.lathkill-top.l3', 18, 416487.03, 366064.69, 205.41);
insert into STATION_FLAG values(597, 'fix');
insert into STATION values (598, 'Lathkill.lathkillheadcave.lathkill-top.l4', 18, 416484.50, 366065.15, 205.28);
insert into STATION_FLAG values(598, 'fix');
insert into STATION values (599, 'Lathkill.lathkillheadcave.lathkill-top.l5', 18, 416483.24, 366064.32, 205.02);
insert into STATION_FLAG values(599, 'fix');
insert into STATION values (600, 'Lathkill.lathkillheadcave.lathkill-top.l6', 18, 416483.24, 366064.31, 206.20);
insert into STATION_FLAG values(600, 'fix');
insert into STATION values (601, 'Lathkill.lathkillheadcave.lathkill-top.l7', 18, 416483.16, 366063.28, 206.82);
insert into STATION_FLAG values(601, 'fix');
insert into STATION values (602, 'Lathkill.lathkillheadcave.lathkill-top.l8', 18, 416483.15, 366061.88, 206.78);
insert into STATION_FLAG values(602, 'fix');
insert into STATION values (603, 'Lathkill.lathkillheadcave.lathkill-top.l9', 18, 416483.13, 366061.86, 213.01);
insert into STATION_FLAG values(603, 'fix');
insert into STATION values (604, 'Lathkill.lathkillheadcave.lathkill-top.r8', 18, 416483.78, 366061.36, 213.10);
insert into STATION_FLAG values(604, 'fix');
insert into STATION values (605, 'Lathkill.lathkillheadcave.lathkill-top.r7', 18, 416482.46, 366062.52, 212.95);
insert into STATION_FLAG values(605, 'fix');
insert into STATION values (606, 'Lathkill.lathkillheadcave.lathkill-top.r6', 18, 416483.44, 366068.34, 212.97);
insert into STATION_FLAG values(606, 'fix');
insert into STATION values (607, 'Lathkill.lathkillheadcave.lathkill-top.r5', 18, 416480.49, 366071.02, 212.97);
insert into STATION_FLAG values(607, 'fix');
insert into STATION values (608, 'Lathkill.lathkillheadcave.lathkill-top.r4', 18, 416480.48, 366071.00, 217.59);
insert into STATION_FLAG values(608, 'fix');
insert into STATION values (609, 'Lathkill.lathkillheadcave.lathkill-top.r3', 18, 416485.24, 366068.76, 217.64);
insert into STATION_FLAG values(609, 'fix');
insert into STATION values (610, 'Lathkill.lathkillheadcave.lathkill-top.r2', 18, 416485.23, 366068.75, 220.66);
insert into STATION_FLAG values(610, 'fix');
insert into STATION values (611, 'Lathkill.lathkillheadcave.lathkill-top.r100', 18, 416482.22, 366070.11, 220.68);
insert into STATION_FLAG values(611, 'fix');
insert into STATION values (612, 'Lathkill.lathkillheadcave.lathkill-top.r101', 18, 416481.22, 366072.38, 220.25);
insert into STATION_FLAG values(612, 'fix');
insert into STATION values (613, 'Lathkill.lathkillheadcave.lathkill-top.r103', 18, 416478.13, 366071.63, 220.14);
insert into STATION_FLAG values(613, 'fix');
insert into STATION values (614, 'Lathkill.lathkillheadcave.lathkill-top.r105', 18, 416477.38, 366070.43, 220.03);
insert into STATION_FLAG values(614, 'fix');
insert into STATION values (615, 'Lathkill.lathkillheadcave.lathkill-top.r106', 18, 416474.41, 366066.72, 219.62);
insert into STATION_FLAG values(615, 'fix');
insert into STATION values (616, 'Lathkill.lathkillheadcave.lathkill-top.r107', 18, 416474.24, 366064.83, 219.63);
insert into STATION_FLAG values(616, 'fix');
insert into STATION values (617, 'Lathkill.lathkillheadcave.lathkill-top.r108', 18, 416470.62, 366066.86, 220.00);
insert into STATION_FLAG values(617, 'fix');
insert into STATION values (618, 'Lathkill.lathkillheadcave.lathkill-top.r110', 18, 416467.11, 366065.75, 219.36);
insert into STATION_FLAG values(618, 'fix');
insert into STATION values (619, 'Lathkill.lathkillheadcave.lathkill-top.r111', 18, 416466.11, 366064.31, 219.28);
insert into STATION_FLAG values(619, 'fix');
insert into STATION values (620, 'Lathkill.lathkillheadcave.lathkill-top.r112', 18, 416461.88, 366064.26, 219.28);
insert into STATION_FLAG values(620, 'fix');
insert into STATION values (621, 'Lathkill.lathkillheadcave.lathkill-top.r113', 18, 416464.14, 366061.99, 224.52);
insert into STATION_FLAG values(621, 'fix');
insert into STATION values (622, 'Lathkill.lathkillheadcave.lathkill-top.r114', 18, 416465.69, 366057.70, 226.54);
insert into STATION_FLAG values(622, 'fix');
insert into STATION values (623, 'Lathkill.lathkillheadcave.lathkill-top.r115', 18, 416467.82, 366052.38, 228.98);
insert into STATION_FLAG values(623, 'fix');
insert into STATION values (624, 'Lathkill.lathkillheadcave.lathkill-top.bolt', 18, 416467.70, 366051.83, 229.41);
insert into STATION_FLAG values(624, 'ent');
insert into STATION_FLAG values(624, 'fix');
insert into STATION values (625, 'Lathkill.lathkillheadcave.lathkill-top.58', 18, 416533.53, 366005.29, 206.22);
insert into STATION_FLAG values(625, 'fix');
insert into STATION values (626, 'Lathkill.lathkillheadcave.lathkill-top.57', 18, 416539.28, 366005.35, 208.28);
insert into STATION_FLAG values(626, 'fix');
insert into STATION values (627, 'Lathkill.lathkillheadcave.lathkill-top.56', 18, 416541.35, 366005.88, 208.97);
insert into STATION_FLAG values(627, 'fix');
insert into STATION values (628, 'Lathkill.lathkillheadcave.lathkill-top.55', 18, 416546.24, 366001.49, 208.51);
insert into STATION_FLAG values(628, 'fix');
insert into STATION values (629, 'Lathkill.lathkillheadcave.lathkill-top.54', 18, 416546.26, 366001.50, 209.31);
insert into STATION_FLAG values(629, 'fix');
insert into STATION values (630, 'Lathkill.lathkillheadcave.lathkill-top.53', 18, 416546.38, 366002.08, 209.41);
insert into STATION_FLAG values(630, 'fix');
insert into STATION values (631, 'Lathkill.lathkillheadcave.lathkill-top.52', 18, 416551.17, 366000.81, 209.11);
insert into STATION_FLAG values(631, 'fix');
insert into STATION values (632, 'Lathkill.lathkillheadcave.lathkill-top.51', 18, 416552.51, 366000.72, 207.66);
insert into STATION_FLAG values(632, 'fix');
insert into STATION values (633, 'Lathkill.lathkillheadcave.lathkill-top.50', 18, 416552.27, 366001.03, 207.59);
insert into STATION_FLAG values(633, 'fix');
insert into STATION values (634, 'Lathkill.lathkillheadcave.lathkill-top.49', 18, 416559.69, 365999.56, 207.91);
insert into STATION_FLAG values(634, 'fix');
insert into STATION values (635, 'Lathkill.lathkillheadcave.lathkill-top.48', 18, 416563.76, 365999.85, 208.09);
insert into STATION_FLAG values(635, 'fix');
insert into STATION values (636, 'Lathkill.lathkillheadcave.lathkill-top.47', 18, 416569.46, 365994.74, 208.36);
insert into STATION_FLAG values(636, 'fix');
insert into STATION values (637, 'Lathkill.lathkillheadcave.lathkill-top.46', 18, 416576.03, 365990.26, 208.22);
insert into STATION_FLAG values(637, 'fix');
insert into STATION values (638, 'Lathkill.lathkillheadcave.lathkill-top.45', 18, 416576.47, 365987.61, 207.99);
insert into STATION_FLAG values(638, 'fix');
insert into STATION values (639, 'Lathkill.lathkillheadcave.lathkill-top.44', 18, 416577.85, 365987.03, 207.45);
insert into STATION_FLAG values(639, 'fix');
insert into STATION values (640, 'Lathkill.lathkillheadcave.lathkill-top.43', 18, 416579.88, 365987.15, 207.24);
insert into STATION_FLAG values(640, 'fix');
insert into STATION values (641, 'Lathkill.lathkillheadcave.lathkill-top.42', 18, 416591.82, 365978.86, 207.99);
insert into STATION_FLAG values(641, 'fix');
insert into STATION values (642, 'Lathkill.lathkillheadcave.lathkill-top.41', 18, 416600.22, 365975.23, 207.68);
insert into STATION_FLAG values(642, 'fix');
insert into STATION values (643, 'Lathkill.lathkillheadcave.lathkill-top.40', 18, 416600.71, 365972.56, 207.72);
insert into STATION_FLAG values(643, 'fix');
insert into STATION values (644, 'Lathkill.lathkillheadcave.lathkill-top.39', 18, 416601.04, 365971.90, 208.69);
insert into STATION_FLAG values(644, 'fix');
insert into STATION values (645, 'Lathkill.lathkillheadcave.lathkill-top.38', 18, 416601.06, 365971.90, 208.83);
insert into STATION_FLAG values(645, 'fix');
insert into STATION values (646, 'Lathkill.lathkillheadcave.lathkill-top.37', 18, 416606.73, 365967.41, 209.15);
insert into STATION_FLAG values(646, 'fix');
insert into STATION values (647, 'Lathkill.lathkillheadcave.lathkill-top.36', 18, 416613.66, 365959.58, 209.79);
insert into STATION_FLAG values(647, 'fix');
insert into STATION values (648, 'Lathkill.lathkillheadcave.lathkill-top.35', 18, 416615.53, 365956.34, 210.15);
insert into STATION_FLAG values(648, 'fix');
insert into STATION values (649, 'Lathkill.lathkillheadcave.lathkill-top.34', 18, 416619.33, 365954.00, 210.53);
insert into STATION_FLAG values(649, 'fix');
insert into STATION values (650, 'Lathkill.lathkillheadcave.lathkill-top.33', 18, 416619.20, 365951.96, 210.43);
insert into STATION_FLAG values(650, 'fix');
insert into STATION values (651, 'Lathkill.lathkillheadcave.lathkill-top.32', 18, 416620.32, 365951.40, 210.12);
insert into STATION_FLAG values(651, 'fix');
insert into STATION values (652, 'Lathkill.lathkillheadcave.lathkill-top.31', 18, 416623.49, 365948.54, 209.86);
insert into STATION_FLAG values(652, 'fix');
insert into STATION values (653, 'Lathkill.lathkillheadcave.lathkill-top.30', 18, 416630.02, 365938.74, 209.56);
insert into STATION_FLAG values(653, 'fix');
insert into STATION values (654, 'Lathkill.lathkillheadcave.lathkill-top.29', 18, 416639.02, 365929.01, 209.22);
insert into STATION_FLAG values(654, 'fix');
insert into STATION values (655, 'Lathkill.lathkillheadcave.lathkill-top.28', 18, 416643.43, 365924.83, 210.45);
insert into STATION_FLAG values(655, 'fix');
insert into STATION values (656, 'Lathkill.lathkillheadcave.lathkill-top.27', 18, 416643.58, 365923.32, 210.07);
insert into STATION_FLAG values(656, 'fix');
insert into STATION values (657, 'Lathkill.lathkillheadcave.lathkill-top.26', 18, 416647.94, 365918.16, 209.36);
insert into STATION_FLAG values(657, 'fix');
insert into STATION values (658, 'Lathkill.lathkillheadcave.lathkill-top.25', 18, 416661.02, 365911.38, 208.86);
insert into STATION_FLAG values(658, 'fix');
insert into STATION values (659, 'Lathkill.lathkillheadcave.lathkill-top.24', 18, 416666.04, 365908.56, 209.26);
insert into STATION_FLAG values(659, 'fix');
insert into STATION values (660, 'Lathkill.lathkillheadcave.lathkill-top.23', 18, 416667.46, 365906.37, 210.59);
insert into STATION_FLAG values(660, 'fix');
insert into STATION values (661, 'Lathkill.lathkillheadcave.lathkill-top.22', 18, 416671.55, 365907.65, 210.59);
insert into STATION_FLAG values(661, 'fix');
insert into STATION values (662, 'Lathkill.lathkillheadcave.lathkill-top.21', 18, 416673.27, 365905.99, 210.69);
insert into STATION_FLAG values(662, 'fix');
insert into STATION values (663, 'Lathkill.lathkillheadcave.lathkill-top.20', 18, 416677.39, 365905.05, 210.44);
insert into STATION_FLAG values(663, 'fix');
insert into STATION values (664, 'Lathkill.lathkillheadcave.lathkill-top.19', 18, 416684.64, 365909.43, 209.71);
insert into STATION_FLAG values(664, 'fix');
insert into STATION values (665, 'Lathkill.lathkillheadcave.lathkill-top.18', 18, 416686.07, 365910.67, 209.11);
insert into STATION_FLAG values(665, 'fix');
insert into STATION values (666, 'Lathkill.lathkillheadcave.lathkill-top.17', 18, 416687.31, 365919.57, 209.50);
insert into STATION_FLAG values(666, 'fix');
insert into STATION values (667, 'Lathkill.lathkillheadcave.lathkill-top.16', 18, 416697.34, 365925.55, 210.10);
insert into STATION_FLAG values(667, 'fix');
insert into STATION values (668, 'Lathkill.lathkillheadcave.lathkill-top.15', 18, 416708.02, 365937.44, 208.89);
insert into STATION_FLAG values(668, 'fix');
insert into STATION values (669, 'Lathkill.lathkillheadcave.lathkill-top.14', 18, 416712.11, 365936.69, 209.76);
insert into STATION_FLAG values(669, 'fix');
insert into STATION values (670, 'Lathkill.lathkillheadcave.lathkill-top.13', 18, 416716.95, 365938.18, 210.15);
insert into STATION_FLAG values(670, 'fix');
insert into STATION values (671, 'Lathkill.lathkillheadcave.lathkill-top.12', 18, 416717.30, 365940.01, 211.40);
insert into STATION_FLAG values(671, 'fix');
insert into STATION values (672, 'Lathkill.lathkillheadcave.lathkill-top.11', 18, 416719.72, 365940.28, 212.81);
insert into STATION_FLAG values(672, 'fix');
insert into STATION values (673, 'Lathkill.lathkillheadcave.lathkill-top.10', 18, 416721.26, 365938.84, 214.76);
insert into STATION_FLAG values(673, 'fix');
insert into STATION values (674, 'Lathkill.lathkillheadcave.lathkill-top.9', 18, 416718.97, 365940.35, 219.79);
insert into STATION_FLAG values(674, 'fix');
insert into STATION values (675, 'Lathkill.lathkillheadcave.lathkill-top.8', 18, 416716.57, 365953.75, 225.33);
insert into STATION_FLAG values(675, 'fix');
insert into STATION values (676, 'Lathkill.lathkillheadcave.lathkill-top.7', 18, 416713.89, 365951.73, 224.73);
insert into STATION_FLAG values(676, 'fix');
insert into STATION values (677, 'Lathkill.lathkillheadcave.lathkill-top.6', 18, 416713.96, 365951.76, 235.44);
insert into STATION_FLAG values(677, 'fix');
insert into STATION values (678, 'Lathkill.lathkillheadcave.lathkill-top.5', 18, 416714.00, 365952.54, 235.69);
insert into STATION_FLAG values(678, 'fix');
insert into STATION values (679, 'Lathkill.lathkillheadcave.lathkill-top.4', 18, 416714.05, 365952.56, 243.49);
insert into STATION_FLAG values(679, 'fix');
insert into STATION values (680, 'Lathkill.lathkillheadcave.lathkill-top.3', 18, 416715.74, 365952.81, 244.26);
insert into STATION_FLAG values(680, 'fix');
insert into STATION values (681, 'Lathkill.lathkillheadcave.lathkill-top.2', 18, 416716.69, 365955.08, 248.27);
insert into STATION_FLAG values(681, 'ent');
insert into STATION_FLAG values(681, 'fix');
insert into STATION values (682, 'Lathkill.lathkillheadcave.lathkill-top.wall', 18, 416707.08, 365961.30, 248.47);
insert into STATION_FLAG values(682, 'fix');
insert into STATION values (683, 'Lathkill.lathkillheadcave.lathkill-top.111', 18, 416510.06, 365961.16, 210.25);
insert into STATION_FLAG values(683, 'fix');
insert into STATION values (684, 'Lathkill.lathkillheadcave.lathkill-top.102', 18, 416508.33, 365961.52, 209.31);
insert into STATION_FLAG values(684, 'fix');
insert into STATION values (685, 'Lathkill.lathkillheadcave.lathkill-top.112', 18, 416506.60, 365962.14, 216.84);
insert into STATION_FLAG values(685, 'fix');
insert into STATION values (686, 'Lathkill.lathkillheadcave.lathkill-top.113', 18, 416502.90, 365964.68, 216.83);
insert into STATION_FLAG values(686, 'fix');
insert into STATION values (687, 'Lathkill.lathkillheadcave.lathkill-top.114', 18, 416505.13, 365966.00, 219.43);
insert into STATION_FLAG values(687, 'fix');
insert into STATION values (688, 'Lathkill.lathkillheadcave.lathkill-top.115', 18, 416505.97, 365967.50, 219.24);
insert into STATION_FLAG values(688, 'fix');
insert into STATION values (689, 'Lathkill.lathkillheadcave.lathkill-top.120', 18, 416505.91, 365972.46, 219.57);
insert into STATION_FLAG values(689, 'fix');
insert into STATION values (690, 'Lathkill.lathkillheadcave.lathkill-top.x3', 18, 416500.92, 365975.29, 223.98);
insert into STATION_FLAG values(690, 'fix');
insert into STATION values (691, 'Lathkill.lathkillheadcave.lathkill-top.x4', 18, 416500.91, 365975.29, 226.90);
insert into STATION_FLAG values(691, 'fix');
insert into STATION values (692, 'Lathkill.lathkillheadcave.lathkill-top.x5', 18, 416502.44, 365974.96, 226.90);
insert into STATION_FLAG values(692, 'ent');
insert into STATION_FLAG values(692, 'fix');
insert into STATION values (693, 'Lathkill.lathkillheadcave.lathkill-top.101', 18, 416509.65, 365962.05, 208.14);
insert into STATION_FLAG values(693, 'fix');
insert into STATION values (694, 'Lathkill.lathkillheadcave.lathkill-top.100', 18, 416512.11, 365965.30, 208.11);
insert into STATION_FLAG values(694, 'fix');
insert into STATION values (695, 'Lathkill.lathkillheadcave.lathkill-top.99', 18, 416514.46, 365965.43, 208.40);
insert into STATION_FLAG values(695, 'fix');
insert into STATION values (696, 'Lathkill.lathkillheadcave.lathkill-top.98', 18, 416515.90, 365964.77, 209.39);
insert into STATION_FLAG values(696, 'fix');
insert into STATION values (697, 'Lathkill.lathkillheadcave.lathkill-top.97', 18, 416515.92, 365964.76, 210.20);
insert into STATION_FLAG values(697, 'fix');
insert into STATION values (698, 'Lathkill.lathkillheadcave.lathkill-top.96', 18, 416514.77, 365965.69, 210.31);
insert into STATION_FLAG values(698, 'fix');
insert into STATION values (699, 'Lathkill.lathkillheadcave.lathkill-top.95', 18, 416515.40, 365966.53, 210.30);
insert into STATION_FLAG values(699, 'fix');
insert into STATION values (700, 'Lathkill.lathkillheadcave.lathkill-top.94', 18, 416515.53, 365967.00, 210.68);
insert into STATION_FLAG values(700, 'fix');
insert into STATION values (701, 'Lathkill.lathkillheadcave.lathkill-top.93', 18, 416515.81, 365968.15, 210.85);
insert into STATION_FLAG values(701, 'fix');
insert into STATION values (702, 'Lathkill.lathkillheadcave.lathkill-top.92', 18, 416516.46, 365970.26, 211.61);
insert into STATION_FLAG values(702, 'fix');
insert into STATION values (703, 'Lathkill.lathkillheadcave.lathkill-top.91', 18, 416516.48, 365970.25, 209.72);
insert into STATION_FLAG values(703, 'fix');
insert into STATION values (704, 'Lathkill.lathkillheadcave.lathkill-top.90', 18, 416514.67, 365973.05, 208.10);
insert into STATION_FLAG values(704, 'fix');
insert into STATION values (705, 'Lathkill.lathkillheadcave.lathkill-top.89x', 18, 416513.66, 365974.22, 208.08);
insert into STATION_FLAG values(705, 'fix');
insert into STATION values (706, 'Lathkill.lathkillheadcave.lathkill-top.88x', 18, 416511.01, 365976.77, 207.89);
insert into STATION_FLAG values(706, 'fix');
insert into STATION values (707, 'Lathkill.lathkillheadcave.lathkill-top.87x', 18, 416510.30, 365979.68, 207.48);
insert into STATION_FLAG values(707, 'fix');
insert into STATION values (708, 'Lathkill.lathkillheadcave.lathkill-top.86x', 18, 416510.11, 365982.44, 206.42);
insert into STATION_FLAG values(708, 'fix');
insert into STATION values (709, 'Lathkill.lathkillheadcave.lathkill-top.85x', 18, 416512.21, 365984.26, 206.52);
insert into STATION_FLAG values(709, 'fix');
insert into STATION values (710, 'Lathkill.lathkillheadcave.lathkill-top.84x', 18, 416511.98, 365989.08, 206.62);
insert into STATION_FLAG values(710, 'fix');
insert into STATION values (711, 'Lathkill.lathkillheadcave.lathkill-top.82x', 18, 416516.81, 365995.64, 206.36);
insert into STATION_FLAG values(711, 'fix');
insert into STATION values (712, 'Lathkill.lathkillheadcave.lathkill-top.81x', 18, 416523.93, 366000.23, 206.24);
insert into STATION_FLAG values(712, 'fix');
insert into STATION values (713, 'Lathkill.lathkillheadcave.lathkill-top.130', 18, 416471.10, 365923.07, 208.82);
insert into STATION_FLAG values(713, 'fix');
insert into STATION values (714, 'Lathkill.lathkillheadcave.lathkill-top.129', 18, 416475.88, 365924.75, 209.30);
insert into STATION_FLAG values(714, 'fix');
insert into STATION values (715, 'Lathkill.lathkillheadcave.lathkill-top.131', 18, 416469.27, 365921.69, 208.82);
insert into STATION_FLAG values(715, 'fix');
insert into STATION values (716, 'Lathkill.lathkillheadcave.lathkill-top.132', 18, 416468.57, 365919.71, 208.92);
insert into STATION_FLAG values(716, 'fix');
insert into STATION values (717, 'Lathkill.lathkillheadcave.lathkill-top.133', 18, 416463.78, 365916.36, 208.88);
insert into STATION_FLAG values(717, 'fix');
insert into STATION values (718, 'Lathkill.lathkillheadcave.lathkill-top.134', 18, 416461.28, 365914.23, 209.62);
insert into STATION_FLAG values(718, 'fix');
insert into STATION values (719, 'Lathkill.lathkillheadcave.lathkill-top.135', 18, 416459.36, 365910.43, 210.27);
insert into STATION_FLAG values(719, 'fix');
insert into STATION values (720, 'Lathkill.lathkillheadcave.lathkill-top.136', 18, 416455.94, 365903.18, 210.56);
insert into STATION_FLAG values(720, 'fix');
insert into STATION values (721, 'Lathkill.lathkillheadcave.lathkill-top.137', 18, 416445.41, 365905.17, 210.25);
insert into STATION_FLAG values(721, 'fix');
insert into STATION values (722, 'Lathkill.lathkillheadcave.lathkill-top.138', 18, 416440.70, 365913.49, 208.99);
insert into STATION_FLAG values(722, 'fix');
insert into STATION values (723, 'Lathkill.lathkillheadcave.lathkill-top.160', 18, 416441.24, 365917.93, 208.61);
insert into STATION_FLAG values(723, 'fix');
insert into STATION values (724, 'Lathkill.lathkillheadcave.lathkill-top.161', 18, 416444.40, 365923.06, 207.52);
insert into STATION_FLAG values(724, 'fix');
insert into STATION values (725, 'Lathkill.lathkillheadcave.lathkill-top.162', 18, 416457.49, 365930.94, 207.29);
insert into STATION_FLAG values(725, 'fix');
insert into STATION values (726, 'Lathkill.lathkillheadcave.lathkill-top.164', 18, 416462.32, 365929.81, 207.51);
insert into STATION_FLAG values(726, 'fix');
insert into STATION values (727, 'Lathkill.lathkillheadcave.lathkill-top.200', 18, 416463.31, 365929.94, 207.63);
insert into STATION_FLAG values(727, 'fix');
insert into STATION values (728, 'Lathkill.lathkillheadcave.lathkill-top.201', 18, 416466.12, 365929.51, 207.94);
insert into STATION_FLAG values(728, 'fix');
insert into STATION values (729, 'Lathkill.lathkillheadcave.lathkill-top.202', 18, 416466.12, 365929.52, 208.91);
insert into STATION_FLAG values(729, 'fix');
insert into STATION values (730, 'Lathkill.lathkillheadcave.lathkill-top.203', 18, 416467.00, 365929.44, 209.23);
insert into STATION_FLAG values(730, 'fix');
insert into STATION values (731, 'Lathkill.lathkillheadcave.lathkill-top.128', 18, 416480.97, 365927.09, 209.35);
insert into STATION_FLAG values(731, 'fix');
insert into STATION values (732, 'Lathkill.lathkillheadcave.lathkill-top.127', 18, 416483.58, 365930.53, 208.27);
insert into STATION_FLAG values(732, 'fix');
insert into STATION values (733, 'Lathkill.lathkillheadcave.lathkill-top.126', 18, 416483.58, 365930.53, 207.82);
insert into STATION_FLAG values(733, 'fix');
insert into STATION values (734, 'Lathkill.lathkillheadcave.lathkill-top.125', 18, 416485.63, 365933.27, 207.40);
insert into STATION_FLAG values(734, 'fix');
insert into STATION values (735, 'Lathkill.lathkillheadcave.lathkill-top.124', 18, 416487.99, 365936.11, 207.73);
insert into STATION_FLAG values(735, 'fix');
insert into STATION values (736, 'Lathkill.lathkillheadcave.lathkill-top.110', 18, 416489.03, 365940.72, 207.56);
insert into STATION_FLAG values(736, 'fix');
insert into STATION values (737, 'Lathkill.lathkillheadcave.lathkill-top.109', 18, 416492.55, 365942.53, 207.56);
insert into STATION_FLAG values(737, 'fix');
insert into STATION values (738, 'Lathkill.lathkillheadcave.lathkill-top.108', 18, 416495.32, 365947.37, 207.37);
insert into STATION_FLAG values(738, 'fix');
insert into STATION values (739, 'Lathkill.lathkillheadcave.lathkill-top.107', 18, 416495.74, 365950.87, 207.92);
insert into STATION_FLAG values(739, 'fix');
insert into STATION values (740, 'Lathkill.lathkillheadcave.lathkill-top.106', 18, 416500.16, 365961.42, 208.42);
insert into STATION_FLAG values(740, 'fix');
insert into STATION values (741, 'Lathkill.lathkillheadcave.lathkill-top.106a', 18, 416499.71, 365963.93, 208.92);
insert into STATION_FLAG values(741, 'fix');
insert into STATION values (742, 'Lathkill.lathkillheadcave.lathkill-top.105', 18, 416500.84, 365959.37, 208.42);
insert into STATION_FLAG values(742, 'fix');
insert into STATION values (743, 'Lathkill.lathkillheadcave.lathkill-top.104', 18, 416505.81, 365957.87, 208.51);
insert into STATION_FLAG values(743, 'fix');
insert into STATION values (744, 'Lathkill.lathkillheadcave.lathkill-top.103', 18, 416506.71, 365959.57, 209.49);
insert into STATION_FLAG values(744, 'fix');
insert into STATION values (745, 'Lathkill.lathkillheadcave.lathkill-river.1', 18, 417073.45, 365874.45, 206.41);
insert into STATION_FLAG values(745, 'fix');
insert into STATION values (746, 'Lathkill.lathkillheadcave.lathkill-river.0', 18, 417075.88, 365886.12, 206.51);
insert into STATION_FLAG values(746, 'ent');
insert into STATION_FLAG values(746, 'fix');
insert into STATION values (747, 'Lathkill.lathkillheadcave.lathkill-river.2', 18, 417075.18, 365870.01, 205.86);
insert into STATION_FLAG values(747, 'fix');
insert into STATION values (748, 'Lathkill.lathkillheadcave.lathkill-river.3', 18, 417074.18, 365861.58, 204.78);
insert into STATION_FLAG values(748, 'fix');
insert into STATION values (749, 'Lathkill.lathkillheadcave.lathkill-river.4', 18, 417073.97, 365856.32, 204.83);
insert into STATION_FLAG values(749, 'fix');
insert into STATION values (750, 'Lathkill.lathkillheadcave.lathkill-river.5', 18, 417073.27, 365849.30, 205.32);
insert into STATION_FLAG values(750, 'fix');
insert into STATION values (751, 'Lathkill.lathkillheadcave.lathkill-river.6', 18, 417075.03, 365844.98, 205.53);
insert into STATION_FLAG values(751, 'fix');
insert into STATION values (752, 'Lathkill.lathkillheadcave.lathkill-river.7', 18, 417074.32, 365840.58, 205.74);
insert into STATION_FLAG values(752, 'fix');
insert into STATION values (753, 'Lathkill.lathkillheadcave.lathkill-river.8', 18, 417073.61, 365839.04, 207.22);
insert into STATION_FLAG values(753, 'fix');
insert into STATION values (754, 'Lathkill.lathkillheadcave.lathkill-river.10', 18, 417070.40, 365840.16, 206.68);
insert into STATION_FLAG values(754, 'fix');
insert into STATION values (755, 'Lathkill.lathkillheadcave.lathkill-river.11', 18, 417066.03, 365842.27, 206.80);
insert into STATION_FLAG values(755, 'fix');
insert into STATION values (756, 'Lathkill.lathkillheadcave.lathkill-river.12', 18, 417064.47, 365842.10, 206.23);
insert into STATION_FLAG values(756, 'fix');
insert into STATION values (757, 'Lathkill.lathkillheadcave.lathkill-river.13', 18, 417064.47, 365842.10, 205.16);
insert into STATION_FLAG values(757, 'fix');
insert into STATION values (758, 'Lathkill.lathkillheadcave.lathkill-river.14', 18, 417064.19, 365841.74, 205.16);
insert into STATION_FLAG values(758, 'fix');
insert into STATION values (759, 'Lathkill.lathkillheadcave.lathkill-river.15', 18, 417064.06, 365840.95, 204.99);
insert into STATION_FLAG values(759, 'fix');
insert into STATION values (760, 'Lathkill.lathkillheadcave.lathkill-river.16', 18, 417062.81, 365839.40, 204.78);
insert into STATION_FLAG values(760, 'fix');
insert into STATION values (761, 'Lathkill.lathkillheadcave.lathkill-river.17', 18, 417062.65, 365839.24, 204.71);
insert into STATION_FLAG values(761, 'fix');
insert into STATION values (762, 'Lathkill.lathkillheadcave.lathkill-river.18', 18, 417061.50, 365840.76, 204.07);
insert into STATION_FLAG values(762, 'fix');
insert into STATION values (763, 'Lathkill.lathkillheadcave.entrance.h', 18, 417061.50, 365840.76, 203.21);
insert into STATION_FLAG values(763, 'fix');
insert into STATION values (764, 'Lathkill.lathkillheadcave.entrance.i', 18, 417058.53, 365840.34, 202.68);
insert into STATION_FLAG values(764, 'fix');
insert into STATION values (765, 'Lathkill.lathkillheadcave.entrance.j', 18, 417057.12, 365837.02, 202.04);
insert into STATION_FLAG values(765, 'fix');
insert into STATION values (766, 'Lathkill.lathkillheadcave.entrance.k', 18, 417041.57, 365838.38, 199.29);
insert into STATION_FLAG values(766, 'fix');
insert into STATION values (767, 'Lathkill.lathkillheadcave.entrance.l', 18, 417038.46, 365838.11, 195.95);
insert into STATION_FLAG values(767, 'fix');
insert into STATION values (768, 'Lathkill.lathkillheadcave.entrance.l1', 18, 417022.45, 365822.09, 191.95);
insert into STATION_FLAG values(768, 'fix');
insert into STATION values (769, 'Lathkill.lathkillheadcave.entrance.l2', 18, 417015.59, 365813.00, 190.35);
insert into STATION_FLAG values(769, 'fix');
insert into STATION values (770, 'Lathkill.lathkillheadcave.dawkescrawl.dc1', 18, 417009.61, 365807.02, 189.47);
insert into STATION_FLAG values(770, 'fix');
insert into STATION values (771, 'Lathkill.lathkillheadcave.entrance.l4', 18, 416995.28, 365813.70, 188.36);
insert into STATION_FLAG values(771, 'fix');
insert into STATION values (772, 'Lathkill.lathkillheadcave.entrance.m', 18, 417012.81, 365834.51, 198.21);
insert into STATION_FLAG values(772, 'fix');
insert into STATION values (773, 'Lathkill.lathkillheadcave.entrance.n', 18, 416994.09, 365827.69, 199.96);
insert into STATION_FLAG values(773, 'fix');
insert into STATION values (774, 'Lathkill.lathkillheadcave.entrance.o', 18, 416994.09, 365827.69, 203.63);
insert into STATION_FLAG values(774, 'fix');
insert into STATION values (775, 'Lathkill.lathkillheadcave.entrance.p', 18, 416984.70, 365827.69, 199.25);
insert into STATION_FLAG values(775, 'fix');
insert into STATION values (776, 'Lathkill.lathkillheadcave.entrance.q', 18, 416981.91, 365821.70, 198.08);
insert into STATION_FLAG values(776, 'fix');
insert into STATION values (777, 'Lathkill.lathkillheadcave.entrance.r', 18, 416959.32, 365832.72, 188.93);
insert into STATION_FLAG values(777, 'fix');
insert into STATION values (778, 'Lathkill.lathkillheadcave.entrance.s', 18, 416935.36, 365844.40, 186.60);
insert into STATION_FLAG values(778, 'fix');
insert into STATION values (779, 'Lathkill.lathkillheadcave.entrance.t', 18, 416891.71, 365874.97, 191.27);
insert into STATION_FLAG values(779, 'fix');
insert into STATION values (780, 'Lathkill.lathkillheadcave.entrance.u', 18, 416885.59, 365879.26, 197.53);
insert into STATION_FLAG values(780, 'fix');
insert into STATION values (781, 'Lathkill.lathkillheadcave.entrance.v', 18, 416873.10, 365888.00, 197.53);
insert into STATION_FLAG values(781, 'fix');
insert into STATION values (782, 'Lathkill.lathkillheadcave.entrance.w', 18, 416871.40, 365887.70, 193.82);
insert into STATION_FLAG values(782, 'fix');
insert into STATION values (783, 'Lathkill.lathkillheadcave.entrance.x', 18, 416866.23, 365887.70, 194.73);
insert into STATION_FLAG values(783, 'fix');
insert into STATION values (784, 'Lathkill.lathkillheadcave.entrance.y', 18, 416863.51, 365889.08, 200.01);
insert into STATION_FLAG values(784, 'fix');
insert into STATION values (785, 'Lathkill.lathkillheadcave.entrance.z', 18, 416859.93, 365890.91, 196.64);
insert into STATION_FLAG values(785, 'fix');
insert into STATION values (786, 'Lathkill.lathkillheadcave.dawkescrawl.dc2', 18, 417007.53, 365801.29, 189.47);
insert into STATION_FLAG values(786, 'fix');
insert into STATION values (787, 'Lathkill.lathkillheadcave.dawkescrawl.dc3', 18, 417009.89, 365791.83, 189.47);
insert into STATION_FLAG values(787, 'fix');
insert into STATION values (788, 'Lathkill.lathkillheadcave.dawkescrawl.dc4', 18, 417007.75, 365784.83, 189.47);
insert into STATION_FLAG values(788, 'fix');
insert into STATION values (789, 'Lathkill.lathkillheadcave.dawkescrawl.dc5', 18, 417007.96, 365772.95, 189.67);
insert into STATION_FLAG values(789, 'fix');
insert into STATION values (790, 'Lathkill.lathkillheadcave.dawkescrawl.dc6', 18, 417009.93, 365767.53, 189.17);
insert into STATION_FLAG values(790, 'fix');
insert into STATION values (791, 'Lathkill.lathkillheadcave.dawkescrawl.dc7', 18, 417009.29, 365763.92, 189.17);
insert into STATION_FLAG values(791, 'fix');
insert into STATION values (792, 'Lathkill.lathkillheadcave.dawkescrawl.dc8', 18, 417011.59, 365757.95, 189.17);
insert into STATION_FLAG values(792, 'fix');
insert into STATION values (793, 'Lathkill.lathkillheadcave.dawkescrawl.dc9', 18, 417007.08, 365752.58, 189.17);
insert into STATION_FLAG values(793, 'fix');
insert into STATION values (794, 'Lathkill.lathkillheadcave.dawkescrawl.dc10', 18, 417003.75, 365743.41, 189.17);
insert into STATION_FLAG values(794, 'fix');
insert into STATION values (795, 'Lathkill.lathkillheadcave.dawkescrawl.dc11', 18, 417003.75, 365737.62, 189.17);
insert into STATION_FLAG values(795, 'fix');
insert into STATION values (796, 'Lathkill.lathkillheadcave.dawkescrawl.dc12', 18, 417006.13, 365730.70, 189.17);
insert into STATION_FLAG values(796, 'fix');
insert into STATION values (797, 'Lathkill.lathkillheadcave.dawkescrawl.dc13', 18, 417005.15, 365719.47, 189.17);
insert into STATION_FLAG values(797, 'fix');
insert into STATION values (798, 'Lathkill.lathkillheadcave.dawkescrawl.dc14', 18, 417005.68, 365713.39, 189.17);
insert into STATION_FLAG values(798, 'fix');
insert into STATION values (799, 'Lathkill.lathkillheadcave.dawkescrawl.dc15', 18, 416999.62, 365700.40, 189.17);
insert into STATION_FLAG values(799, 'fix');
insert into STATION values (800, 'Lathkill.lathkillheadcave.dawkescrawl.dc16', 18, 416998.28, 365693.52, 189.17);
insert into STATION_FLAG values(800, 'fix');
insert into STATION values (801, 'Lathkill.lathkillheadcave.dawkescrawl.dc17', 18, 416994.02, 365691.88, 189.17);
insert into STATION_FLAG values(801, 'fix');
insert into STATION values (802, 'Lathkill.lathkillheadcave.dawkescrawl.dc18', 18, 416988.27, 365684.78, 189.17);
insert into STATION_FLAG values(802, 'fix');
insert into STATION values (803, 'Lathkill.lathkillheadcave.dawkescrawl.dc19', 18, 416983.75, 365677.55, 189.17);
insert into STATION_FLAG values(803, 'fix');
insert into STATION values (804, 'Lathkill.lathkillheadcave.dawkescrawl.dc20', 18, 416976.73, 365670.77, 189.17);
insert into STATION_FLAG values(804, 'fix');
insert into STATION values (805, 'Lathkill.lathkillheadcave.lathkill-river.9', 18, 417067.34, 365842.77, 211.09);
insert into STATION_FLAG values(805, 'fix');
insert into STATION values (806, 'Lathkill.lathkillheadcave.lathkill-top.32a', 18, 416624.77, 365955.11, 209.72);
insert into STATION_FLAG values(806, 'fix');
insert into STATION values (807, 'Lathkill.lathkillheadcave.lathkill-top.32b', 18, 416627.69, 365955.12, 209.66);
insert into STATION_FLAG values(807, 'fix');
insert into STATION values (808, 'Lathkill.lathkillheadcave.lathkill-top.32c', 18, 416631.78, 365955.61, 209.16);
insert into STATION_FLAG values(808, 'fix');
insert into STATION values (809, 'Lathkill.lathkillheadcave.lathkill-top.32d', 18, 416654.49, 365975.52, 209.16);
insert into STATION_FLAG values(809, 'fix');
insert into STATION values (810, 'Lathkill.lathkillheadcave.lathkill-top.32e', 18, 416657.69, 365978.43, 210.16);
insert into STATION_FLAG values(810, 'fix');
insert into STATION values (811, 'Lathkill.lathkillheadcave.lathkill-top.32f', 18, 416668.05, 365980.68, 212.22);
insert into STATION_FLAG values(811, 'fix');
insert into STATION values (812, 'Lathkill.lathkillheadcave.lathkill-top.32g', 18, 416668.05, 365980.68, 212.42);
insert into STATION_FLAG values(812, 'fix');
insert into STATION values (813, 'Lathkill.lathkillheadcave.lathkill-top.32h', 18, 416672.65, 365978.05, 212.33);
insert into STATION_FLAG values(813, 'fix');
insert into STATION values (814, 'Lathkill.lathkillheadcave.lathkill-top.32i', 18, 416691.23, 365983.64, 212.33);
insert into STATION_FLAG values(814, 'fix');
insert into STATION values (815, 'Lathkill.lathkillheadcave.lathkill-top.32j', 18, 416691.23, 365983.64, 212.63);
insert into STATION_FLAG values(815, 'fix');
insert into STATION values (816, 'Lathkill.lathkillheadcave.lathkill-top.32k', 18, 416697.54, 365980.03, 213.26);
insert into STATION_FLAG values(816, 'fix');
insert into STATION values (817, 'Lathkill.lathkillheadcave.lathkill-top.32l', 18, 416702.31, 365980.43, 212.93);
insert into STATION_FLAG values(817, 'fix');
insert into STATION values (818, 'Lathkill.lathkillheadcave.lathkill-top.32m', 18, 416715.64, 365983.57, 213.29);
insert into STATION_FLAG values(818, 'fix');
insert into STATION values (819, 'Lathkill.lathkillheadcave.lathkill-top.32n', 18, 416719.74, 365989.05, 213.64);
insert into STATION_FLAG values(819, 'fix');
insert into STATION values (820, 'Lathkill.lathkillheadcave.lathkill-top.15a', 18, 416709.61, 365939.22, 208.33);
insert into STATION_FLAG values(820, 'fix');
insert into STATION values (821, 'Lathkill.lathkillheadcave.lathkill-top.15b', 18, 416710.13, 365941.05, 205.40);
insert into STATION_FLAG values(821, 'fix');
insert into STATION values (822, 'Lathkill.lathkillheadcave.lathkill-top.15c', 18, 416710.67, 365941.66, 205.26);
insert into STATION_FLAG values(822, 'fix');
insert into STATION values (823, 'Lathkill.lathkillheadcave.lathkill-top.15d', 18, 416711.87, 365940.78, 204.40);
insert into STATION_FLAG values(823, 'fix');
insert into STATION values (824, 'Lathkill.lathkillheadcave.lathkill-top.15e', 18, 416712.74, 365938.40, 204.29);
insert into STATION_FLAG values(824, 'fix');
insert into STATION values (825, 'Lathkill.lathkillheadcave.lathkill-top.15f', 18, 416713.50, 365937.37, 203.36);
insert into STATION_FLAG values(825, 'fix');
insert into STATION values (826, 'Lathkill.lathkillheadcave.lathkill-top.15g', 18, 416714.83, 365938.32, 202.49);
insert into STATION_FLAG values(826, 'fix');
insert into STATION values (827, 'Lathkill.lathkillheadcave.lathkill-top.15h', 18, 416715.76, 365941.24, 203.08);
insert into STATION_FLAG values(827, 'fix');
insert into STATION values (828, 'Lathkill.lathkillheadcave.lathkill-top.15i', 18, 416715.19, 365944.58, 201.65);
insert into STATION_FLAG values(828, 'fix');
insert into STATION values (829, 'Lathkill.lathkillheadcave.lathkill-top.15j', 18, 416715.62, 365946.49, 199.61);
insert into STATION_FLAG values(829, 'fix');
insert into STATION values (830, 'Lathkill.lathkillheadcave.lathkill-top.15k', 18, 416717.52, 365949.34, 199.13);
insert into STATION_FLAG values(830, 'fix');
insert into STATION values (831, 'Lathkill.lathkillheadcave.lathkill-top.15l', 18, 416721.05, 365950.26, 198.75);
insert into STATION_FLAG values(831, 'fix');
insert into STATION values (832, 'Lathkill.lathkillheadcave.lathkill-top.gc14', 18, 416718.31, 365952.98, 197.71);
insert into STATION_FLAG values(832, 'fix');
insert into STATION values (833, 'Lathkill.lathkillheadcave.lathkill-top.gc15', 18, 416715.88, 365959.55, 197.71);
insert into STATION_FLAG values(833, 'fix');
insert into STATION values (834, 'Lathkill.lathkillheadcave.lathkill-top.gc16', 18, 416718.18, 365971.64, 197.71);
insert into STATION_FLAG values(834, 'fix');
insert into STATION values (835, 'Lathkill.lathkillheadcave.lathkill-top.gc17', 18, 416713.35, 365973.56, 197.71);
insert into STATION_FLAG values(835, 'fix');
insert into STATION values (836, 'Lathkill.lathkillheadcave.lathkill-top.gc18', 18, 416711.98, 365979.37, 197.08);
insert into STATION_FLAG values(836, 'fix');
insert into STATION values (837, 'Lathkill.lathkillheadcave.lathkill-top.gc19', 18, 416706.35, 365982.59, 196.63);
insert into STATION_FLAG values(837, 'fix');
insert into STATION values (838, 'Lathkill.lathkillheadcave.lathkill-top.gc20', 18, 416698.62, 365993.53, 196.63);
insert into STATION_FLAG values(838, 'fix');
insert into STATION values (839, 'Lathkill.lathkillheadcave.lathkill-top.gc21', 18, 416692.70, 365992.57, 196.63);
insert into STATION_FLAG values(839, 'fix');
insert into STATION values (840, 'Lathkill.lathkillheadcave.lathkill-top.gc22', 18, 416691.63, 365989.23, 196.63);
insert into STATION_FLAG values(840, 'fix');
insert into STATION values (841, 'Lathkill.lathkillheadcave.lathkill-top.gc23', 18, 416691.63, 365989.23, 206.93);
insert into STATION_FLAG values(841, 'fix');
insert into STATION values (842, 'Lathkill.lathkillheadcave.lathkill-top.gc24', 18, 416688.51, 365991.40, 206.93);
insert into STATION_FLAG values(842, 'fix');
insert into STATION values (843, 'Lathkill.lathkillheadcave.lathkill-top.gc25', 18, 416692.49, 365996.54, 206.93);
insert into STATION_FLAG values(843, 'fix');
insert into STATION values (844, 'Lathkill.lathkillheadcave.lathkill-top.gc26', 18, 416684.54, 365992.44, 206.93);
insert into STATION_FLAG values(844, 'fix');
insert into STATION values (845, 'Lathkill.lathkillheadcave.lathkill-top.gc27', 18, 416683.53, 365987.14, 206.93);
insert into STATION_FLAG values(845, 'fix');
insert into STATION values (846, 'Lathkill.lathkillheadcave.lathkill-top.gc28', 18, 416674.46, 365982.26, 206.93);
insert into STATION_FLAG values(846, 'fix');
insert into STATION values (847, 'Lathkill.lathkillheadcave.lathkill-top.gc29', 18, 416674.22, 365979.37, 206.93);
insert into STATION_FLAG values(847, 'fix');
insert into STATION values (848, 'Lathkill.lathkillheadcave.lathkill-top.gc30', 18, 416667.56, 365980.52, 210.83);
insert into STATION_FLAG values(848, 'fix');
insert into STATION values (849, 'Lathkill.lathkillheadcave.lathkill-top.gp12', 18, 416728.48, 365954.60, 198.60);
insert into STATION_FLAG values(849, 'fix');
insert into STATION values (850, 'Lathkill.lathkillheadcave.lathkill-top.gp11', 18, 416742.35, 365961.74, 198.60);
insert into STATION_FLAG values(850, 'fix');
insert into STATION values (851, 'Lathkill.lathkillheadcave.lathkill-top.gp1o', 18, 416756.37, 365956.70, 198.60);
insert into STATION_FLAG values(851, 'fix');
insert into STATION values (852, 'Lathkill.lathkillheadcave.lathkill-top.gp9', 18, 416766.38, 365960.20, 198.60);
insert into STATION_FLAG values(852, 'fix');
insert into STATION values (853, 'Lathkill.lathkillheadcave.lathkill-top.gp8', 18, 416770.45, 365956.81, 198.60);
insert into STATION_FLAG values(853, 'fix');
insert into STATION values (854, 'Lathkill.lathkillheadcave.lathkill-top.gp7', 18, 416790.68, 365960.10, 198.24);
insert into STATION_FLAG values(854, 'fix');
insert into STATION values (855, 'Lathkill.lathkillheadcave.lathkill-top.gp6', 18, 416793.33, 365950.38, 198.94);
insert into STATION_FLAG values(855, 'fix');
insert into STATION values (856, 'Lathkill.lathkillheadcave.lathkill-top.gp5', 18, 416801.30, 365942.49, 200.32);
insert into STATION_FLAG values(856, 'fix');
insert into STATION values (857, 'Lathkill.lathkillheadcave.lathkill-top.gp4', 18, 416806.28, 365937.55, 199.21);
insert into STATION_FLAG values(857, 'fix');
insert into STATION values (858, 'Lathkill.lathkillheadcave.lathkill-top.gp3', 18, 416814.36, 365926.12, 199.21);
insert into STATION_FLAG values(858, 'fix');
insert into STATION values (859, 'Lathkill.lathkillheadcave.lathkill-top.gp2', 18, 416820.98, 365917.71, 199.21);
insert into STATION_FLAG values(859, 'fix');
insert into STATION values (860, 'Lathkill.lathkillheadcave.lathkill-top.gp1', 18, 416834.21, 365906.72, 199.21);
insert into STATION_FLAG values(860, 'fix');
insert into STATION values (861, 'Lathkill.lathkillheadcave.lathkill-top.64', 18, 416529.19, 366036.64, 206.61);
insert into STATION_FLAG values(861, 'fix');
insert into STATION values (862, 'Lathkill.lathkillheadcave.lathkill-top.65', 18, 416530.58, 366037.24, 206.64);
insert into STATION_FLAG values(862, 'fix');
insert into STATION values (863, 'Lathkill.lathkillheadcave.lathkill-top.66', 18, 416532.90, 366037.87, 206.76);
insert into STATION_FLAG values(863, 'fix');
insert into STATION values (864, 'Lathkill.lathkillheadcave.lathkill-top.67', 18, 416533.91, 366041.03, 207.17);
insert into STATION_FLAG values(864, 'fix');
insert into STATION values (865, 'Lathkill.lathkillheadcave.lathkill-top.68', 18, 416535.09, 366042.23, 207.20);
insert into STATION_FLAG values(865, 'fix');
insert into STATION values (866, 'Lathkill.lathkillheadcave.lathkill-top.69', 18, 416534.97, 366043.82, 207.20);
insert into STATION_FLAG values(866, 'fix');
insert into STATION values (867, 'Lathkill.lathkillheadcave.lathkill-top.70', 18, 416535.66, 366048.28, 207.20);
insert into STATION_FLAG values(867, 'fix');
insert into STATION values (868, 'Lathkill.lathkillheadcave.lathkill-top.71', 18, 416535.05, 366051.35, 207.20);
insert into STATION_FLAG values(868, 'fix');
insert into STATION values (869, 'Lathkill.lathkillheadcave.lathkill-top.72', 18, 416536.41, 366050.51, 207.34);
insert into STATION_FLAG values(869, 'fix');
insert into STATION values (870, 'Lathkill.lathkillheadcave.lathkill-top.73', 18, 416537.84, 366051.91, 207.66);
insert into STATION_FLAG values(870, 'fix');
insert into STATION values (871, 'Lathkill.lathkillheadcave.lathkill-top.74', 18, 416538.38, 366058.33, 207.88);
insert into STATION_FLAG values(871, 'fix');
insert into STATION values (872, 'Lathkill.lathkillheadcave.lathkill-top.75', 18, 416537.94, 366059.25, 208.06);
insert into STATION_FLAG values(872, 'fix');
insert into STATION values (873, 'Lathkill.lathkillheadcave.lathkill-top.76', 18, 416538.35, 366062.66, 208.42);
insert into STATION_FLAG values(873, 'fix');
insert into STATION values (874, 'Lathkill.lathkillheadcave.lathkill-top.77', 18, 416538.60, 366064.30, 208.57);
insert into STATION_FLAG values(874, 'fix');
insert into STATION values (875, 'Lathkill.lathkillheadcave.lathkill-top.78', 18, 416538.89, 366065.33, 208.48);
insert into STATION_FLAG values(875, 'fix');
insert into STATION values (876, 'Lathkill.lathkillheadcave.lathkill-top.79', 18, 416541.75, 366067.50, 208.85);
insert into STATION_FLAG values(876, 'fix');
insert into STATION values (877, 'Lathkill.lathkillheadcave.lathkill-top.8ox', 18, 416541.75, 366067.50, 209.15);
insert into STATION_FLAG values(877, 'fix');
insert into STATION values (878, 'Lathkill.lathkillheadcave.lathkill-top.83x', 18, 416522.14, 365999.15, 206.09);
insert into STATION_FLAG values(878, 'fix');
insert into STATION values (879, 'Lathkill.lathkillheadcave.lathkill-top.93x', 18, 416519.79, 365981.69, 206.66);
insert into STATION_FLAG values(879, 'fix');
insert into STATION values (880, 'Lathkill.lathkillheadcave.lathkill-top.90x', 18, 416515.70, 365971.80, 208.52);
insert into STATION_FLAG values(880, 'fix');
insert into STATION values (881, 'Lathkill.lathkillheadcave.lathkill-top.91x', 18, 416512.98, 365975.46, 207.98);
insert into STATION_FLAG values(881, 'fix');
insert into STATION values (882, 'Lathkill.lathkillheadcave.lathkill-top.92x', 18, 416509.80, 365974.60, 208.04);
insert into STATION_FLAG values(882, 'fix');
insert into STATION values (883, 'Lathkill.lathkillheadcave.lathkill-top.107x', 18, 416490.70, 366062.62, 205.43);
insert into STATION_FLAG values(883, 'fix');
insert into STATION values (884, 'Lathkill.lathkillheadcave.lathkill-top.123', 18, 416506.56, 365972.71, 219.22);
insert into STATION_FLAG values(884, 'fix');
insert into STATION values (885, 'Lathkill.lathkillheadcave.lathkill-top.121', 18, 416512.65, 365970.88, 235.80);
insert into STATION_FLAG values(885, 'fix');
insert into STATION values (886, 'Lathkill.lathkillheadcave.lathkill-top.117', 18, 416511.09, 365972.49, 216.16);
insert into STATION_FLAG values(886, 'fix');
insert into STATION values (887, 'Lathkill.lathkillheadcave.lathkill-top.119', 18, 416503.32, 365974.49, 222.21);
insert into STATION_FLAG values(887, 'fix');
insert into STATION values (888, 'Lathkill.lathkillheadcave.lathkill-top.118', 18, 416498.97, 365976.40, 225.54);
insert into STATION_FLAG values(888, 'fix');
insert into STATION values (889, 'Lathkill.lathkillheadcave.lathkill-top.122', 18, 416515.61, 365969.28, 218.71);
insert into STATION_FLAG values(889, 'fix');
insert into STATION values (890, 'Lathkill.lathkillheadcave.lathkill-top.116', 18, 416521.00, 365965.81, 222.41);
insert into STATION_FLAG values(890, 'fix');
insert into STATION values (891, 'Lathkill.lathkillheadcave.lathkill-top.139', 18, 416441.76, 365917.25, 209.75);
insert into STATION_FLAG values(891, 'fix');
insert into STATION values (892, 'Lathkill.lathkillheadcave.lathkill-top.140', 18, 416430.88, 365907.99, 209.77);
insert into STATION_FLAG values(892, 'fix');
insert into STATION values (893, 'Lathkill.lathkillheadcave.lathkill-top.141', 18, 416415.72, 365914.98, 209.19);
insert into STATION_FLAG values(893, 'fix');
insert into STATION values (894, 'Lathkill.lathkillheadcave.lathkill-top.142', 18, 416408.40, 365916.50, 206.17);
insert into STATION_FLAG values(894, 'fix');
insert into STATION values (895, 'Lathkill.lathkillheadcave.lathkill-top.143', 18, 416404.12, 365915.73, 204.67);
insert into STATION_FLAG values(895, 'fix');
insert into STATION values (896, 'Lathkill.lathkillheadcave.lathkill-top.144', 18, 416399.27, 365914.13, 205.17);
insert into STATION_FLAG values(896, 'fix');
insert into STATION values (897, 'Lathkill.lathkillheadcave.lathkill-top.145', 18, 416393.59, 365912.95, 205.62);
insert into STATION_FLAG values(897, 'fix');
insert into STATION values (898, 'Lathkill.lathkillheadcave.lathkill-top.146', 18, 416380.90, 365917.50, 205.39);
insert into STATION_FLAG values(898, 'fix');
insert into STATION values (899, 'Lathkill.lathkillheadcave.lathkill-top.147', 18, 416374.81, 365918.88, 205.28);
insert into STATION_FLAG values(899, 'fix');
insert into STATION values (900, 'Lathkill.lathkillheadcave.lathkill-top.148', 18, 416370.60, 365919.53, 205.92);
insert into STATION_FLAG values(900, 'fix');
insert into STATION values (901, 'Lathkill.lathkillheadcave.lathkill-top.149', 18, 416366.26, 365919.06, 206.11);
insert into STATION_FLAG values(901, 'fix');
insert into STATION values (902, 'Lathkill.lathkillheadcave.lathkill-top.150', 18, 416359.29, 365921.98, 206.04);
insert into STATION_FLAG values(902, 'fix');
insert into STATION values (903, 'Lathkill.lathkillheadcave.lathkill-top.151', 18, 416353.34, 365926.93, 206.38);
insert into STATION_FLAG values(903, 'fix');
insert into STATION values (904, 'Lathkill.lathkillheadcave.lathkill-top.152', 18, 416349.92, 365930.57, 207.81);
insert into STATION_FLAG values(904, 'fix');
insert into STATION values (905, 'Lathkill.lathkillheadcave.lathkill-top.153', 18, 416347.27, 365934.38, 206.82);
insert into STATION_FLAG values(905, 'fix');
insert into STATION values (906, 'Lathkill.lathkillheadcave.lathkill-top.154', 18, 416345.77, 365937.29, 205.51);
insert into STATION_FLAG values(906, 'fix');
insert into STATION values (907, 'Lathkill.lathkillheadcave.lathkill-top.155', 18, 416342.91, 365939.54, 205.31);
insert into STATION_FLAG values(907, 'fix');
insert into STATION values (908, 'Lathkill.lathkillheadcave.lathkill-top.156', 18, 416341.40, 365940.80, 205.49);
insert into STATION_FLAG values(908, 'fix');
insert into STATION values (909, 'Lathkill.lathkillheadcave.lathkill-top.157', 18, 416328.90, 365948.24, 205.49);
insert into STATION_FLAG values(909, 'fix');
insert into STATION values (910, 'Lathkill.lathkillheadcave.lathkill-top.163', 18, 416458.76, 365934.46, 207.02);
insert into STATION_FLAG values(910, 'fix');
insert into STATION values (911, 'Lathkill.lathkillheadcave.lathkill-top.204', 18, 416470.91, 365927.71, 209.40);
insert into STATION_FLAG values(911, 'fix');
insert into STATION values (912, 'Lathkill.lathkillheadcave.lathkill-top.205', 18, 416470.59, 365928.77, 210.33);
insert into STATION_FLAG values(912, 'fix');
insert into STATION values (913, 'Lathkill.lathkillheadcave.lathkill-top.206', 18, 416473.64, 365933.34, 210.33);
insert into STATION_FLAG values(913, 'fix');
insert into STATION values (914, 'Lathkill.lathkillheadcave.lathkill-top.106b', 18, 416502.50, 365960.86, 211.62);
insert into STATION_FLAG values(914, 'fix');
insert into STATION values (915, 'Lathkill.lathkillheadcave.lathkill-top.106c', 18, 416507.37, 365958.07, 215.85);
insert into STATION_FLAG values(915, 'fix');
insert into STATION values (916, 'Lathkill.lathkillheadcave.lathkill-top.300', 18, 416501.15, 365960.04, 208.50);
insert into STATION_FLAG values(916, 'fix');
insert into STATION values (917, 'Lathkill.lathkillheadcave.lathkill-top.301', 18, 416504.20, 365958.08, 208.50);
insert into STATION_FLAG values(917, 'fix');
insert into STATION values (918, 'Lathkill.lathkillheadcave.lathkill-top.302', 18, 416506.58, 365959.21, 208.87);
insert into STATION_FLAG values(918, 'fix');
insert into STATION values (919, 'Lathkill.lathkillheadcave.lathkill-top.303', 18, 416507.85, 365961.62, 209.35);
insert into STATION_FLAG values(919, 'fix');
insert into STATION values (920, 'Lathkill.lathkillheadcave.lathkill-top.304', 18, 416507.20, 365962.14, 209.13);
insert into STATION_FLAG values(920, 'fix');
insert into STATION values (921, 'Lathkill.lathkillheadcave.lathkill-top.305', 18, 416507.20, 365962.14, 213.88);
insert into STATION_FLAG values(921, 'fix');
insert into STATION values (922, 'Lathkill.lathkillheadcave.lathkill-top.306', 18, 416507.20, 365962.14, 214.50);
insert into STATION_FLAG values(922, 'fix');
insert into STATION values (923, 'Lathkill.lathkillheadcave.lathkill-top.307', 18, 416506.51, 365962.39, 214.76);
insert into STATION_FLAG values(923, 'fix');
insert into STATION values (924, 'Lathkill.lathkillheadcave.lathkill-top.308', 18, 416506.46, 365963.06, 214.89);
insert into STATION_FLAG values(924, 'fix');
insert into STATION values (925, 'Lathkill.lathkillheadcave.lathkill-top.309', 18, 416506.46, 365963.06, 215.57);
insert into STATION_FLAG values(925, 'fix');
insert into STATION values (926, 'Lathkill.lathkillheadcave.lathkill-top.310', 18, 416502.36, 365965.31, 217.09);
insert into STATION_FLAG values(926, 'fix');
insert into STATION values (927, 'Lathkill.lathkillheadcave.lathkill-top.311', 18, 416504.73, 365964.98, 218.26);
insert into STATION_FLAG values(927, 'fix');
insert into STATION values (928, 'Lathkill.lathkillheadcave.lathkill-top.312', 18, 416505.89, 365966.73, 218.90);
insert into STATION_FLAG values(928, 'fix');
insert into STATION values (929, 'Lathkill.lathkillheadcave.lathkill-top.313', 18, 416505.87, 365971.65, 219.20);
insert into STATION_FLAG values(929, 'fix');
insert into STATION values (930, 'Lathkill.lathkillheadcave.lathkill-top.314', 18, 416519.44, 365965.10, 220.65);
insert into STATION_FLAG values(930, 'fix');
insert into STATION values (931, 'Lathkill.lathkillheadcave.lathkill-top.170', 18, 416341.22, 365941.47, 205.49);
insert into STATION_FLAG values(931, 'fix');
insert into STATION values (932, 'Lathkill.lathkillheadcave.lathkill-top.171', 18, 416329.28, 365947.76, 205.26);
insert into STATION_FLAG values(932, 'fix');
insert into STATION values (933, 'Lathkill.lathkillheadcave.lathkill-top.172', 18, 416327.24, 365950.00, 205.77);
insert into STATION_FLAG values(933, 'fix');
insert into STATION values (934, 'Lathkill.lathkillheadcave.lathkill-top.173', 18, 416322.87, 365954.18, 205.87);
insert into STATION_FLAG values(934, 'fix');
insert into STATION values (935, 'Lathkill.lathkillheadcave.lathkill-top.174', 18, 416317.05, 365958.37, 205.87);
insert into STATION_FLAG values(935, 'fix');
insert into STATION values (936, 'Lathkill.lathkillheadcave.lathkill-top.175', 18, 416313.39, 365962.33, 205.78);
insert into STATION_FLAG values(936, 'fix');
insert into STATION values (937, 'Lathkill.lathkillheadcave.lathkill-top.176', 18, 416312.59, 365962.95, 205.65);
insert into STATION_FLAG values(937, 'fix');
insert into STATION values (938, 'Lathkill.lathkillheadcave.lathkill-top.177', 18, 416304.95, 365971.66, 205.85);
insert into STATION_FLAG values(938, 'fix');
insert into STATION values (939, 'Lathkill.lathkillheadcave.lathkill-top.178', 18, 416296.40, 365977.37, 205.72);
insert into STATION_FLAG values(939, 'fix');
insert into STATION values (940, 'Lathkill.lathkillheadcave.lathkill-top.179', 18, 416290.04, 365980.17, 205.72);
insert into STATION_FLAG values(940, 'fix');
insert into STATION values (941, 'Lathkill.lathkillheadcave.lathkill-top.180', 18, 416286.47, 365982.13, 205.58);
insert into STATION_FLAG values(941, 'fix');
insert into STATION values (942, 'Lathkill.lathkillheadcave.lathkill-top.181', 18, 416285.14, 365982.56, 206.11);
insert into STATION_FLAG values(942, 'fix');
insert into STATION values (943, 'Lathkill.lathkillheadcave.lathkill-top.182', 18, 416284.03, 365984.57, 206.09);
insert into STATION_FLAG values(943, 'fix');
insert into STATION values (944, 'Lathkill.lathkillheadcave.lathkill-top.183', 18, 416284.03, 365984.57, 205.03);
insert into STATION_FLAG values(944, 'fix');
insert into STATION values (945, 'Lathkill.lathkillheadcave.lathkill-top.184', 18, 416281.98, 365983.93, 204.44);
insert into STATION_FLAG values(945, 'fix');
insert into STATION values (946, 'Lathkill.lathkillheadcave.lathkill-top.185', 18, 416279.10, 365982.07, 204.95);
insert into STATION_FLAG values(946, 'fix');
insert into STATION values (947, 'Lathkill.lathkillheadcave.lathkill-top.186', 18, 416277.52, 365978.67, 205.21);
insert into STATION_FLAG values(947, 'fix');
insert into STATION values (948, 'Lathkill.lathkillheadcave.lathkill-top.187', 18, 416272.14, 365974.27, 205.09);
insert into STATION_FLAG values(948, 'fix');
insert into STATION values (949, 'Lathkill.lathkillheadcave.lathkill-top.188', 18, 416265.34, 365974.48, 205.51);
insert into STATION_FLAG values(949, 'fix');
insert into STATION values (950, 'Lathkill.lathkillheadcave.lathkill-top.189', 18, 416257.32, 365971.99, 205.51);
insert into STATION_FLAG values(950, 'fix');
insert into STATION values (951, 'Lathkill.lathkillheadcave.lathkill-top.190', 18, 416244.15, 365974.25, 205.98);
insert into STATION_FLAG values(951, 'fix');
insert into STATION values (952, 'Lathkill.lathkillheadcave.lathkill-top.191', 18, 416236.19, 365974.56, 206.25);
insert into STATION_FLAG values(952, 'fix');
insert into STATION values (953, 'Lathkill.lathkillheadcave.lathkill-top.192', 18, 416227.74, 365971.44, 206.57);
insert into STATION_FLAG values(953, 'fix');
insert into STATION values (954, 'Lathkill.lathkillheadcave.lathkill-top.193', 18, 416224.77, 365969.10, 206.40);
insert into STATION_FLAG values(954, 'fix');
insert into STATION values (955, 'Lathkill.lathkillheadcave.lathkill-top.194', 18, 416217.96, 365966.79, 207.03);
insert into STATION_FLAG values(955, 'fix');
insert into STATION values (956, 'Lathkill.lathkillheadcave.lathkill-top.195', 18, 416210.72, 365967.65, 207.16);
insert into STATION_FLAG values(956, 'fix');
insert into STATION values (957, 'Lathkill.lathkillheadcave.lathkill-top.r2x', 18, 416487.48, 366073.21, 220.66);
insert into STATION_FLAG values(957, 'fix');
insert into STATION values (958, 'Lathkill.lathkillheadcave.lathkill-top.r5a', 18, 416484.66, 366065.45, 221.25);
insert into STATION_FLAG values(958, 'fix');
insert into STATION values (959, 'Lathkill.lathkillheadcave.lathkill-top.r4a', 18, 416484.09, 366063.94, 221.25);
insert into STATION_FLAG values(959, 'fix');
insert into STATION values (960, 'Lathkill.lathkillheadcave.lathkill-top.r3a', 18, 416485.15, 366060.55, 221.25);
insert into STATION_FLAG values(960, 'fix');
insert into STATION values (961, 'Lathkill.lathkillheadcave.lathkill-top.r2a', 18, 416485.28, 366059.36, 221.24);
insert into STATION_FLAG values(961, 'fix');
insert into STATION values (962, 'Lathkill.lathkillheadcave.lathkill-top.r1a', 18, 416486.79, 366056.77, 221.24);
insert into STATION_FLAG values(962, 'fix');
insert into STATION values (963, 'Lathkill.lathkillheadcave.lathkill-top.r2c', 18, 416487.05, 366067.91, 220.66);
insert into STATION_FLAG values(963, 'fix');
insert into STATION values (964, 'Lathkill.lathkillheadcave.lathkill-top.r7b', 18, 416482.98, 366061.11, 212.95);
insert into STATION_FLAG values(964, 'fix');
insert into STATION values (965, 'Lathkill.lathkillheadcave.lathkill-top.r7c', 18, 416480.71, 366057.84, 212.60);
insert into STATION_FLAG values(965, 'fix');
insert into STATION values (966, 'Lathkill.lathkillheadcave.lathkill-top.r7d', 18, 416476.73, 366057.47, 212.39);
insert into STATION_FLAG values(966, 'fix');
insert into STATION values (967, 'Lathkill.lathkillheadcave.lathkill-top.r8b', 18, 416487.60, 366059.60, 213.10);
insert into STATION_FLAG values(967, 'fix');
insert into STATION values (968, 'Lathkill.lathkillheadcave.lathkill-top.r8c', 18, 416486.09, 366060.39, 213.10);
insert into STATION_FLAG values(968, 'fix');
insert into STATION values (969, 'Lathkill.lathkillheadcave.lathkill-top.r8d', 18, 416485.16, 366058.17, 213.75);
insert into STATION_FLAG values(969, 'fix');
insert into STATION values (970, 'Lathkill.lathkillheadcave.lathkill-top.r8e', 18, 416485.16, 366058.17, 219.25);
insert into STATION_FLAG values(970, 'fix');
insert into STATION values (971, 'Lathkill.lathkillheadcave.lathkill-top.r8f', 18, 416486.97, 366057.33, 219.25);
insert into STATION_FLAG values(971, 'fix');
insert into STATION values (972, 'Lathkill.lathkillheadcave.lathkill-top.sump1', 18, 416483.78, 366061.36, 209.10);
insert into STATION_FLAG values(972, 'fix');
insert into STATION values (973, 'Lathkill.lathkillheadcave.lathkill-top.sump2', 18, 416482.42, 366061.99, 209.10);
insert into STATION_FLAG values(973, 'fix');
insert into STATION values (974, 'Lathkill.lathkillheadcave.lathkill-top.sump3', 18, 416482.42, 366061.99, 206.60);
insert into STATION_FLAG values(974, 'fix');
insert into STATION values (975, 'Lathkill.lathkillheadcave.lathkill-top.sump4', 18, 416480.61, 366062.83, 206.60);
insert into STATION_FLAG values(975, 'fix');
insert into STATION values (976, 'Lathkill.lathkillheadcave.lathkill-top.r112a', 18, 416459.32, 366065.44, 218.26);
insert into STATION_FLAG values(976, 'fix');
insert into STATION values (977, 'Lathkill.lathkillresurgencecave.A2', 18, 418083.14, 365707.90, 183.00);
insert into STATION_FLAG values(977, 'fix');
insert into STATION values (978, 'Lathkill.lathkillresurgencecave.A1', 18, 418085.00, 365707.00, 183.00);
insert into STATION_FLAG values(978, 'ent');
insert into STATION_FLAG values(978, 'fix');
insert into STATION values (979, 'Lathkill.lathkillresurgencecave.A3', 18, 418080.56, 365705.27, 183.00);
insert into STATION_FLAG values(979, 'fix');
insert into STATION values (980, 'Lathkill.lathkillresurgencecave.A4', 18, 418070.21, 365711.82, 183.00);
insert into STATION_FLAG values(980, 'fix');
insert into STATION values (981, 'Lathkill.lathkillresurgencecave.A5', 18, 418066.16, 365709.46, 183.00);
insert into STATION_FLAG values(981, 'fix');
insert into STATION values (982, 'Lathkill.lathkillresurgencecave.A6', 18, 418056.96, 365719.48, 183.00);
insert into STATION_FLAG values(982, 'fix');
insert into STATION values (983, 'Lathkill.lathkillresurgencecave.A7', 18, 418051.64, 365721.16, 183.00);
insert into STATION_FLAG values(983, 'fix');
insert into STATION values (984, 'Lathkill.lathkillresurgencecave.A8', 18, 418043.65, 365730.76, 183.00);
insert into STATION_FLAG values(984, 'fix');
insert into STATION values (985, 'Lathkill.lathkillresurgencecave.A9', 18, 418039.45, 365744.71, 183.00);
insert into STATION_FLAG values(985, 'fix');
insert into STATION values (986, 'Lathkill.lathkillresurgencecave.A10', 18, 418035.02, 365749.20, 183.00);
insert into STATION_FLAG values(986, 'fix');
insert into STATION values (987, 'Lathkill.lathkillresurgencecave.A11', 18, 418030.19, 365750.57, 183.00);
insert into STATION_FLAG values(987, 'fix');
insert into STATION values (988, 'Lathkill.lathkillresurgencecave.A12', 18, 418021.22, 365760.02, 183.00);
insert into STATION_FLAG values(988, 'fix');
insert into STATION values (989, 'Lathkill.lathkillresurgencecave.A13', 18, 418014.70, 365776.95, 183.00);
insert into STATION_FLAG values(989, 'fix');
insert into STATION values (990, 'Lathkill.lathkillresurgencecave.A14', 18, 418006.21, 365770.95, 183.00);
insert into STATION_FLAG values(990, 'fix');
insert into STATION values (991, 'Lathkill.lathkillresurgencecave.A15', 18, 418010.30, 365763.47, 183.00);
insert into STATION_FLAG values(991, 'fix');
insert into STATION values (992, 'Lathkill.lowercalesdalecave.ent21', 18, 417353.93, 365413.12, 203.00);
insert into STATION_FLAG values(992, 'fix');
insert into STATION values (993, 'Lathkill.lowercalesdalecave.ent22', 18, 417366.00, 365408.00, 203.00);
insert into STATION_FLAG values(993, 'ent');
insert into STATION_FLAG values(993, 'fix');
insert into STATION values (994, 'Lathkill.lowercalesdalecave.ent20', 18, 417343.56, 365416.69, 203.00);
insert into STATION_FLAG values(994, 'fix');
insert into STATION values (995, 'Lathkill.lowercalesdalecave.ent19', 18, 417335.03, 365425.84, 203.00);
insert into STATION_FLAG values(995, 'fix');
insert into STATION values (996, 'Lathkill.lowercalesdalecave.ent16', 18, 417330.94, 365428.49, 203.00);
insert into STATION_FLAG values(996, 'fix');
insert into STATION values (997, 'Lathkill.lowercalesdalecave.ent15', 18, 417324.92, 365422.88, 203.00);
insert into STATION_FLAG values(997, 'fix');
insert into STATION values (998, 'Lathkill.lowercalesdalecave.ent12', 18, 417320.89, 365421.49, 203.00);
insert into STATION_FLAG values(998, 'fix');
insert into STATION values (999, 'Lathkill.lowercalesdalecave.ent11', 18, 417318.31, 365420.55, 203.00);
insert into STATION_FLAG values(999, 'fix');
insert into STATION values (1000, 'Lathkill.lowercalesdalecave.ent10', 18, 417318.31, 365420.55, 200.56);
insert into STATION_FLAG values(1000, 'fix');
insert into STATION values (1001, 'Lathkill.lowercalesdalecave.ent9', 18, 417314.37, 365420.90, 200.56);
insert into STATION_FLAG values(1001, 'fix');
insert into STATION values (1002, 'Lathkill.lowercalesdalecave.ent8', 18, 417309.12, 365419.29, 200.56);
insert into STATION_FLAG values(1002, 'fix');
insert into STATION values (1003, 'Lathkill.lowercalesdalecave.ent7', 18, 417306.39, 365415.25, 200.56);
insert into STATION_FLAG values(1003, 'fix');
insert into STATION values (1004, 'Lathkill.lowercalesdalecave.ent6', 18, 417305.20, 365412.44, 200.56);
insert into STATION_FLAG values(1004, 'fix');
insert into STATION values (1005, 'Lathkill.lowercalesdalecave.ent4', 18, 417304.22, 365405.50, 200.56);
insert into STATION_FLAG values(1005, 'fix');
insert into STATION values (1006, 'Lathkill.lowercalesdalecave.ent3', 18, 417304.22, 365405.50, 204.22);
insert into STATION_FLAG values(1006, 'fix');
insert into STATION values (1007, 'Lathkill.lowercalesdalecave.ent2', 18, 417301.36, 365402.33, 204.22);
insert into STATION_FLAG values(1007, 'fix');
insert into STATION values (1008, 'Lathkill.lowercalesdalecave.ent1', 18, 417299.22, 365398.29, 204.22);
insert into STATION_FLAG values(1008, 'fix');
insert into STATION values (1009, 'Lathkill.lowercalesdalecave.ent17', 18, 417338.09, 365437.98, 203.00);
insert into STATION_FLAG values(1009, 'fix');
insert into STATION values (1010, 'Lathkill.lowercalesdalecave.ent18', 18, 417340.25, 365439.67, 203.00);
insert into STATION_FLAG values(1010, 'fix');
insert into STATION values (1011, 'Lathkill.lowercalesdalecave.ent13', 18, 417317.91, 365425.73, 203.00);
insert into STATION_FLAG values(1011, 'fix');
insert into STATION values (1012, 'Lathkill.lowercalesdalecave.ent14', 18, 417314.18, 365427.80, 203.00);
insert into STATION_FLAG values(1012, 'fix');
insert into STATION values (1013, 'Lathkill.lowercalesdalecave.b', 18, 417309.27, 365431.12, 208.93);
insert into STATION_FLAG values(1013, 'fix');
insert into STATION values (1014, 'Lathkill.lowercalesdalecave.c', 18, 417309.98, 365433.45, 208.93);
insert into STATION_FLAG values(1014, 'fix');
insert into STATION values (1015, 'Lathkill.lowercalesdalecave.d', 18, 417309.98, 365433.45, 218.68);
insert into STATION_FLAG values(1015, 'fix');
insert into STATION values (1016, 'Lathkill.lowercalesdalecave.e', 18, 417312.73, 365437.10, 218.68);
insert into STATION_FLAG values(1016, 'fix');
insert into STATION values (1017, 'Lathkill.lowercalesdalecave.ent5', 18, 417303.95, 365397.88, 200.56);
insert into STATION_FLAG values(1017, 'fix');
insert into STATION values (1018, 'Lathkill.lowercalesdalecave.13', 18, 417300.57, 365391.52, 200.31);
insert into STATION_FLAG values(1018, 'fix');
insert into STATION values (1019, 'Lathkill.lowercalesdalecave.12', 18, 417293.44, 365385.95, 199.99);
insert into STATION_FLAG values(1019, 'fix');
insert into STATION values (1020, 'Lathkill.lowercalesdalecave.11', 18, 417293.33, 365379.59, 199.77);
insert into STATION_FLAG values(1020, 'fix');
insert into STATION values (1021, 'Lathkill.lowercalesdalecave.10', 18, 417288.39, 365378.63, 199.59);
insert into STATION_FLAG values(1021, 'fix');
insert into STATION values (1022, 'Lathkill.lowercalesdalecave.15', 18, 417286.21, 365380.46, 199.59);
insert into STATION_FLAG values(1022, 'fix');
insert into STATION values (1023, 'Lathkill.lowercalesdalecave.16', 18, 417284.63, 365381.78, 200.43);
insert into STATION_FLAG values(1023, 'fix');
insert into STATION values (1024, 'Lathkill.lowercalesdalecave.17', 18, 417283.94, 365383.07, 199.44);
insert into STATION_FLAG values(1024, 'fix');
insert into STATION values (1025, 'Lathkill.lowercalesdalecave.18', 18, 417276.46, 365390.29, 199.44);
insert into STATION_FLAG values(1025, 'fix');
insert into STATION values (1026, 'Lathkill.lowercalesdalecave.19', 18, 417270.02, 365401.91, 199.44);
insert into STATION_FLAG values(1026, 'fix');
insert into STATION values (1027, 'Lathkill.lowercalesdalecave.20', 18, 417268.41, 365403.58, 199.44);
insert into STATION_FLAG values(1027, 'fix');
insert into STATION values (1028, 'Lathkill.lowercalesdalecave.21', 18, 417262.73, 365406.35, 199.44);
insert into STATION_FLAG values(1028, 'fix');
insert into STATION values (1029, 'Lathkill.lowercalesdalecave.22', 18, 417263.21, 365410.27, 199.44);
insert into STATION_FLAG values(1029, 'fix');
insert into STATION values (1030, 'Lathkill.lowercalesdalecave.23', 18, 417273.18, 365421.34, 199.44);
insert into STATION_FLAG values(1030, 'fix');
insert into STATION values (1031, 'Lathkill.lowercalesdalecave.24', 18, 417280.02, 365435.36, 199.44);
insert into STATION_FLAG values(1031, 'fix');
insert into STATION values (1032, 'Lathkill.lowercalesdalecave.25', 18, 417277.14, 365446.91, 199.44);
insert into STATION_FLAG values(1032, 'fix');
insert into STATION values (1033, 'Lathkill.lowercalesdalecave.26', 18, 417273.85, 365454.31, 199.44);
insert into STATION_FLAG values(1033, 'fix');
insert into STATION values (1034, 'Lathkill.lowercalesdalecave.27', 18, 417271.16, 365458.45, 201.64);
insert into STATION_FLAG values(1034, 'fix');
insert into STATION values (1035, 'Lathkill.lowercalesdalecave.28', 18, 417269.19, 365458.55, 199.86);
insert into STATION_FLAG values(1035, 'fix');
insert into STATION values (1036, 'Lathkill.lowercalesdalecave.29', 18, 417266.85, 365466.20, 199.86);
insert into STATION_FLAG values(1036, 'fix');
insert into STATION values (1037, 'Lathkill.lowercalesdalecave.30', 18, 417259.27, 365466.73, 199.86);
insert into STATION_FLAG values(1037, 'fix');
insert into STATION values (1038, 'Lathkill.lowercalesdalecave.31', 18, 417252.87, 365469.58, 199.86);
insert into STATION_FLAG values(1038, 'fix');
insert into STATION values (1039, 'Lathkill.lowercalesdalecave.32', 18, 417252.72, 365478.48, 199.86);
insert into STATION_FLAG values(1039, 'fix');
insert into STATION values (1040, 'Lathkill.lowercalesdalecave.33', 18, 417246.67, 365483.55, 199.86);
insert into STATION_FLAG values(1040, 'fix');
insert into STATION values (1041, 'Lathkill.lowercalesdalecave.34', 18, 417230.45, 365481.85, 199.86);
insert into STATION_FLAG values(1041, 'fix');
insert into STATION values (1042, 'Lathkill.lowercalesdalecave.35', 18, 417213.85, 365488.23, 199.86);
insert into STATION_FLAG values(1042, 'fix');
insert into STATION values (1043, 'Lathkill.lowercalesdalecave.36', 18, 417195.38, 365485.96, 199.86);
insert into STATION_FLAG values(1043, 'fix');
insert into STATION values (1044, 'Lathkill.lowercalesdalecave.37', 18, 417199.91, 365491.97, 199.86);
insert into STATION_FLAG values(1044, 'fix');
insert into STATION values (1045, 'Lathkill.lowercalesdalecave.38', 18, 417200.75, 365496.72, 199.86);
insert into STATION_FLAG values(1045, 'fix');
insert into STATION values (1046, 'Lathkill.lowercalesdalecave.39', 18, 417181.16, 365496.04, 199.86);
insert into STATION_FLAG values(1046, 'fix');
insert into STATION values (1047, 'Lathkill.lowercalesdalecave.40', 18, 417173.40, 365497.97, 199.86);
insert into STATION_FLAG values(1047, 'fix');
insert into STATION values (1048, 'Lathkill.lowercalesdalecave.41', 18, 417161.51, 365506.61, 199.86);
insert into STATION_FLAG values(1048, 'fix');
insert into STATION values (1049, 'Lathkill.lowercalesdalecave.42', 18, 417158.31, 365517.76, 199.86);
insert into STATION_FLAG values(1049, 'fix');
insert into STATION values (1050, 'Lathkill.lowercalesdalecave.43', 18, 417150.33, 365520.83, 199.86);
insert into STATION_FLAG values(1050, 'fix');
insert into STATION values (1051, 'Lathkill.lowercalesdalecave.44', 18, 417137.84, 365527.47, 199.86);
insert into STATION_FLAG values(1051, 'fix');
insert into STATION values (1052, 'Lathkill.lowercalesdalecave.45', 18, 417130.97, 365534.84, 199.86);
insert into STATION_FLAG values(1052, 'fix');
insert into STATION values (1053, 'Lathkill.lowercalesdalecave.46', 18, 417130.18, 365542.29, 200.51);
insert into STATION_FLAG values(1053, 'fix');
insert into STATION values (1054, 'Lathkill.lowercalesdalecave.47', 18, 417119.18, 365543.25, 200.51);
insert into STATION_FLAG values(1054, 'fix');
insert into STATION values (1055, 'Lathkill.lowercalesdalecave.48', 18, 417116.25, 365542.58, 200.51);
insert into STATION_FLAG values(1055, 'fix');
insert into STATION values (1056, 'Lathkill.lowercalesdalecave.49', 18, 417112.77, 365544.84, 200.51);
insert into STATION_FLAG values(1056, 'fix');
insert into STATION values (1057, 'Lathkill.lowercalesdalecave.50', 18, 417109.64, 365545.28, 202.49);
insert into STATION_FLAG values(1057, 'fix');
insert into STATION values (1058, 'Lathkill.lowercalesdalecave.51', 18, 417109.64, 365545.28, 204.24);
insert into STATION_FLAG values(1058, 'fix');
insert into STATION values (1059, 'Lathkill.lowercalesdalecave.52', 18, 417106.08, 365545.03, 203.93);
insert into STATION_FLAG values(1059, 'fix');
insert into STATION values (1060, 'Lathkill.lowercalesdalecave.53', 18, 417106.12, 365544.43, 200.54);
insert into STATION_FLAG values(1060, 'fix');
insert into STATION values (1061, 'Lathkill.lowercalesdalecave.54', 18, 417096.49, 365543.59, 200.54);
insert into STATION_FLAG values(1061, 'fix');
insert into STATION values (1062, 'Lathkill.lowercalesdalecave.55', 18, 417087.06, 365542.93, 200.54);
insert into STATION_FLAG values(1062, 'fix');
insert into STATION values (1063, 'Lathkill.lowercalesdalecave.56', 18, 417075.58, 365546.22, 200.54);
insert into STATION_FLAG values(1063, 'fix');
insert into STATION values (1064, 'Lathkill.lowercalesdalecave.57', 18, 417070.33, 365544.62, 200.54);
insert into STATION_FLAG values(1064, 'fix');
insert into STATION values (1065, 'Lathkill.lowercalesdalecave.58', 18, 417050.76, 365544.28, 200.54);
insert into STATION_FLAG values(1065, 'fix');
insert into STATION values (1066, 'Lathkill.lowercalesdalecave.59', 18, 417047.79, 365542.73, 200.54);
insert into STATION_FLAG values(1066, 'fix');
insert into STATION values (1067, 'Lathkill.lowercalesdalecave.60', 18, 417040.86, 365538.89, 200.54);
insert into STATION_FLAG values(1067, 'fix');
insert into STATION values (1068, 'Lathkill.lowercalesdalecave.61', 18, 417034.80, 365537.71, 200.54);
insert into STATION_FLAG values(1068, 'fix');
insert into STATION values (1069, 'Lathkill.lowercalesdalecave.62', 18, 417028.09, 365536.29, 200.54);
insert into STATION_FLAG values(1069, 'fix');
insert into STATION values (1070, 'Lathkill.lowercalesdalecave.63', 18, 417020.06, 365531.46, 200.54);
insert into STATION_FLAG values(1070, 'fix');
insert into STATION values (1071, 'Lathkill.lowercalesdalecave.63a', 18, 417017.56, 365535.63, 200.12);
insert into STATION_FLAG values(1071, 'fix');
insert into STATION values (1072, 'Lathkill.lowercalesdalecave.63b', 18, 417012.40, 365542.23, 200.12);
insert into STATION_FLAG values(1072, 'fix');
insert into STATION values (1073, 'Lathkill.lowercalesdalecave.63c', 18, 417006.31, 365550.61, 200.12);
insert into STATION_FLAG values(1073, 'fix');
insert into STATION values (1074, 'Lathkill.lowercalesdalecave.63d', 18, 416999.71, 365554.42, 200.12);
insert into STATION_FLAG values(1074, 'fix');
insert into STATION values (1075, 'Lathkill.lowercalesdalecave.63e', 18, 416988.39, 365567.00, 200.12);
insert into STATION_FLAG values(1075, 'fix');
insert into STATION values (1076, 'Lathkill.lowercalesdalecave.63f', 18, 416984.79, 365571.14, 200.12);
insert into STATION_FLAG values(1076, 'fix');
insert into STATION values (1077, 'Lathkill.lowercalesdalecave.63g', 18, 416976.94, 365574.47, 200.12);
insert into STATION_FLAG values(1077, 'fix');
insert into STATION values (1078, 'Lathkill.lowercalesdalecave.63l', 18, 416973.88, 365577.22, 200.12);
insert into STATION_FLAG values(1078, 'fix');
insert into STATION values (1079, 'Lathkill.lowercalesdalecave.63i', 18, 416974.61, 365580.96, 200.12);
insert into STATION_FLAG values(1079, 'fix');
insert into STATION values (1080, 'Lathkill.lowercalesdalecave.64', 18, 417014.56, 365529.01, 200.54);
insert into STATION_FLAG values(1080, 'fix');
insert into STATION values (1081, 'Lathkill.lowercalesdalecave.65', 18, 417005.47, 365517.16, 200.54);
insert into STATION_FLAG values(1081, 'fix');
insert into STATION values (1082, 'Lathkill.lowercalesdalecave.66', 18, 417001.50, 365514.06, 200.54);
insert into STATION_FLAG values(1082, 'fix');
insert into STATION values (1083, 'Lathkill.lowercalesdalecave.67', 18, 416991.02, 365507.26, 200.54);
insert into STATION_FLAG values(1083, 'fix');
insert into STATION values (1084, 'Lathkill.lowercalesdalecave.68', 18, 416984.94, 365500.73, 200.54);
insert into STATION_FLAG values(1084, 'fix');
insert into STATION values (1085, 'Lathkill.lowercalesdalecave.69', 18, 416974.72, 365493.03, 200.54);
insert into STATION_FLAG values(1085, 'fix');
insert into STATION values (1086, 'Lathkill.lowercalesdalecave.70', 18, 416969.41, 365490.89, 200.54);
insert into STATION_FLAG values(1086, 'fix');
insert into STATION values (1087, 'Lathkill.lowercalesdalecave.71', 18, 416964.63, 365490.47, 200.54);
insert into STATION_FLAG values(1087, 'fix');
insert into STATION values (1088, 'Lathkill.lowercalesdalecave.72', 18, 416958.75, 365486.65, 200.54);
insert into STATION_FLAG values(1088, 'fix');
insert into STATION values (1089, 'Lathkill.lowercalesdalecave.73', 18, 416945.07, 365485.69, 200.54);
insert into STATION_FLAG values(1089, 'fix');
insert into STATION values (1090, 'Lathkill.lowercalesdalecave.74', 18, 416942.03, 365485.53, 200.54);
insert into STATION_FLAG values(1090, 'fix');
insert into STATION values (1091, 'Lathkill.lowercalesdalecave.75', 18, 416942.03, 365485.53, 203.28);
insert into STATION_FLAG values(1091, 'fix');
insert into STATION values (1092, 'Lathkill.lowercalesdalecave.76', 18, 416939.17, 365485.03, 203.28);
insert into STATION_FLAG values(1092, 'fix');
insert into STATION values (1093, 'Lathkill.lowercalesdalecave.77', 18, 416939.17, 365485.03, 201.76);
insert into STATION_FLAG values(1093, 'fix');
insert into STATION values (1094, 'Lathkill.lowercalesdalecave.78', 18, 416936.22, 365483.25, 201.76);
insert into STATION_FLAG values(1094, 'fix');
insert into STATION values (1095, 'Lathkill.lowercalesdalecave.79', 18, 416931.43, 365482.92, 201.76);
insert into STATION_FLAG values(1095, 'fix');
insert into STATION values (1096, 'Lathkill.lowercalesdalecave.80', 18, 416925.34, 365480.94, 201.76);
insert into STATION_FLAG values(1096, 'fix');
insert into STATION values (1097, 'Lathkill.lowercalesdalecave.81', 18, 416909.50, 365471.80, 201.76);
insert into STATION_FLAG values(1097, 'fix');
insert into STATION values (1098, 'Lathkill.lowercalesdalecave.82', 18, 416903.36, 365470.93, 201.76);
insert into STATION_FLAG values(1098, 'fix');
insert into STATION values (1099, 'Lathkill.lowercalesdalecave.83', 18, 416899.43, 365467.86, 201.76);
insert into STATION_FLAG values(1099, 'fix');
insert into STATION values (1100, 'Lathkill.lowercalesdalecave.84', 18, 416881.09, 365443.52, 201.76);
insert into STATION_FLAG values(1100, 'fix');
insert into STATION values (1101, 'Lathkill.lowercalesdalecave.9', 18, 417286.50, 365372.81, 199.38);
insert into STATION_FLAG values(1101, 'fix');
insert into STATION values (1102, 'Lathkill.lowercalesdalecave.8', 18, 417283.30, 365368.40, 199.19);
insert into STATION_FLAG values(1102, 'fix');
insert into STATION values (1103, 'Lathkill.lowercalesdalecave.7', 18, 417283.47, 365363.39, 199.02);
insert into STATION_FLAG values(1103, 'fix');
insert into STATION values (1104, 'Lathkill.lowercalesdalecave.6', 18, 417282.61, 365358.97, 198.86);
insert into STATION_FLAG values(1104, 'fix');
insert into STATION values (1105, 'Lathkill.lowercalesdalecave.5', 18, 417279.90, 365357.71, 198.75);
insert into STATION_FLAG values(1105, 'fix');
insert into STATION values (1106, 'Lathkill.lowercalesdalecave.4', 18, 417268.85, 365352.55, 198.33);
insert into STATION_FLAG values(1106, 'fix');
insert into STATION values (1107, 'Lathkill.lowercalesdalecave.3', 18, 417262.05, 365348.94, 198.06);
insert into STATION_FLAG values(1107, 'fix');
insert into STATION values (1108, 'Lathkill.lowercalesdalecave.2', 18, 417257.12, 365346.64, 197.87);
insert into STATION_FLAG values(1108, 'fix');
insert into STATION values (1109, 'Lathkill.lowercalesdalecave.1', 18, 417252.89, 365343.79, 197.69);
insert into STATION_FLAG values(1109, 'fix');
insert into STATION values (1110, 'Lathkill.mandalesough.A2', 18, 419662.68, 366137.23, 172.00);
insert into STATION_FLAG values(1110, 'fix');
insert into STATION values (1111, 'Lathkill.mandalesough.A1', 18, 419706.00, 366113.00, 172.00);
insert into STATION_FLAG values(1111, 'ent');
insert into STATION_FLAG values(1111, 'fix');
insert into STATION values (1112, 'Lathkill.mandalesough.A3', 18, 419645.44, 366146.67, 172.00);
insert into STATION_FLAG values(1112, 'fix');
insert into STATION values (1113, 'Lathkill.mandalesough.A4', 18, 419634.92, 366148.14, 172.00);
insert into STATION_FLAG values(1113, 'fix');
insert into STATION values (1114, 'Lathkill.mandalesough.A5', 18, 419632.60, 366149.55, 172.00);
insert into STATION_FLAG values(1114, 'fix');
insert into STATION values (1115, 'Lathkill.mandalesough.A6', 18, 419627.66, 366153.50, 172.00);
insert into STATION_FLAG values(1115, 'fix');
insert into STATION values (1116, 'Lathkill.mandalesough.A7', 18, 419613.82, 366158.65, 172.00);
insert into STATION_FLAG values(1116, 'fix');
insert into STATION values (1117, 'Lathkill.mandalesough.A8', 18, 419599.71, 366160.19, 172.00);
insert into STATION_FLAG values(1117, 'fix');
insert into STATION values (1118, 'Lathkill.mandalesough.A9', 18, 419595.66, 366161.15, 172.00);
insert into STATION_FLAG values(1118, 'fix');
insert into STATION values (1119, 'Lathkill.mandalesough.A10', 18, 419588.45, 366164.10, 172.00);
insert into STATION_FLAG values(1119, 'fix');
insert into STATION values (1120, 'Lathkill.raven.8', 18, 415831.98, 365983.26, 266.57);
insert into STATION_FLAG values(1120, 'ent');
insert into STATION_FLAG values(1120, 'fix');
insert into STATION values (1121, 'Lathkill.raven.9', 18, 415831.71, 365980.43, 267.66);
insert into STATION_FLAG values(1121, 'fix');
insert into STATION values (1122, 'Lathkill.raven.7', 18, 415831.98, 365983.26, 254.35);
insert into STATION_FLAG values(1122, 'fix');
insert into STATION values (1123, 'Lathkill.raven.5', 18, 415832.33, 365982.29, 254.38);
insert into STATION_FLAG values(1123, 'fix');
insert into STATION values (1124, 'Lathkill.raven.4', 18, 415834.60, 365981.70, 253.24);
insert into STATION_FLAG values(1124, 'fix');
insert into STATION values (1125, 'Lathkill.raven.3', 18, 415834.60, 365981.70, 244.45);
insert into STATION_FLAG values(1125, 'fix');
insert into STATION values (1126, 'Lathkill.raven.2', 18, 415833.75, 365981.52, 244.45);
insert into STATION_FLAG values(1126, 'fix');
insert into STATION values (1127, 'Lathkill.raven.1', 18, 415833.75, 365981.52, 239.07);
insert into STATION_FLAG values(1127, 'fix');
insert into STATION values (1128, 'Lathkill.raven.10', 18, 415833.75, 365981.52, 230.43);
insert into STATION_FLAG values(1128, 'fix');
insert into STATION values (1129, 'Lathkill.raven.11', 18, 415833.34, 365979.97, 230.20);
insert into STATION_FLAG values(1129, 'fix');
insert into STATION values (1130, 'Lathkill.raven.12', 18, 415833.34, 365979.97, 227.68);
insert into STATION_FLAG values(1130, 'fix');
insert into STATION values (1131, 'Lathkill.raven.13', 18, 415834.59, 365981.59, 227.29);
insert into STATION_FLAG values(1131, 'fix');
insert into STATION values (1132, 'Lathkill.raven.14', 18, 415835.73, 365981.82, 227.56);
insert into STATION_FLAG values(1132, 'fix');
insert into STATION values (1133, 'Lathkill.raven.15', 18, 415835.73, 365981.82, 212.78);
insert into STATION_FLAG values(1133, 'fix');
insert into STATION values (1134, 'Lathkill.raven.16', 18, 415838.76, 365982.28, 211.08);
insert into STATION_FLAG values(1134, 'fix');
insert into STATION values (1135, 'Lathkill.raven.17', 18, 415838.76, 365982.28, 212.01);
insert into STATION_FLAG values(1135, 'fix');
insert into STATION values (1136, 'Lathkill.raven.18', 18, 415845.95, 365981.46, 210.32);
insert into STATION_FLAG values(1136, 'fix');
insert into STATION values (1137, 'Lathkill.raven.19', 18, 415848.34, 365978.24, 208.62);
insert into STATION_FLAG values(1137, 'fix');
insert into STATION values (1138, 'Lathkill.raven.20', 18, 415848.34, 365978.24, 209.89);
insert into STATION_FLAG values(1138, 'fix');
insert into STATION values (1139, 'Lathkill.raven.21', 18, 415836.14, 365988.03, 210.86);
insert into STATION_FLAG values(1139, 'fix');
insert into STATION values (1140, 'Lathkill.raven.22', 18, 415834.11, 365987.91, 211.14);
insert into STATION_FLAG values(1140, 'fix');
insert into STATION values (1141, 'Lathkill.raven.d1', 18, 415834.01, 365982.21, 228.13);
insert into STATION_FLAG values(1141, 'fix');
insert into STATION values (1142, 'Lathkill.raven.d2', 18, 415833.21, 365983.47, 228.67);
insert into STATION_FLAG values(1142, 'fix');
insert into STATION values (1143, 'Lathkill.raven.d3', 18, 415832.09, 365984.69, 228.62);
insert into STATION_FLAG values(1143, 'fix');
insert into STATION values (1144, 'Lathkill.raven.d4', 18, 415829.02, 365986.43, 228.06);
insert into STATION_FLAG values(1144, 'fix');
insert into STATION values (1145, 'Lathkill.raven.d5', 18, 415826.85, 365989.72, 228.72);
insert into STATION_FLAG values(1145, 'fix');
insert into STATION values (1146, 'Lathkill.raven.d6', 18, 415823.86, 365995.97, 225.49);
insert into STATION_FLAG values(1146, 'fix');
insert into STATION values (1147, 'Lathkill.raven.d7', 18, 415822.94, 365998.43, 227.26);
insert into STATION_FLAG values(1147, 'fix');
insert into STATION values (1148, 'Lathkill.raven.d8', 18, 415822.94, 365998.43, 228.58);
insert into STATION_FLAG values(1148, 'fix');
insert into STATION values (1149, 'Lathkill.raven.d8a', 18, 415821.56, 366000.78, 229.57);
insert into STATION_FLAG values(1149, 'fix');
insert into STATION values (1150, 'Lathkill.raven.d9a', 18, 415821.56, 366000.78, 227.37);
insert into STATION_FLAG values(1150, 'fix');
insert into STATION values (1151, 'Lathkill.raven.d10a', 18, 415822.18, 366000.99, 226.83);
insert into STATION_FLAG values(1151, 'fix');
insert into STATION values (1152, 'Lathkill.raven.d11a', 18, 415822.40, 366000.86, 226.84);
insert into STATION_FLAG values(1152, 'fix');
insert into STATION values (1153, 'Lathkill.raven.d12a', 18, 415822.40, 366000.86, 222.48);
insert into STATION_FLAG values(1153, 'fix');
insert into STATION values (1154, 'Lathkill.raven.d13a', 18, 415823.62, 366000.82, 221.47);
insert into STATION_FLAG values(1154, 'fix');
insert into STATION values (1155, 'Lathkill.raven.d14a', 18, 415823.95, 365999.88, 220.92);
insert into STATION_FLAG values(1155, 'fix');
insert into STATION values (1156, 'Lathkill.raven.d9', 18, 415819.21, 366001.85, 233.63);
insert into STATION_FLAG values(1156, 'fix');
insert into STATION values (1157, 'Lathkill.raven.d10', 18, 415814.43, 366007.26, 237.00);
insert into STATION_FLAG values(1157, 'fix');
insert into STATION values (1158, 'Lathkill.raven.m29', 18, 415814.43, 366007.26, 236.69);
insert into STATION_FLAG values(1158, 'fix');
insert into STATION values (1159, 'Lathkill.raven.m28', 18, 415811.06, 366008.26, 238.72);
insert into STATION_FLAG values(1159, 'fix');
insert into STATION values (1160, 'Lathkill.raven.m31', 18, 415810.55, 366009.09, 239.08);
insert into STATION_FLAG values(1160, 'fix');
insert into STATION values (1161, 'Lathkill.raven.m32', 18, 415806.71, 366012.61, 239.08);
insert into STATION_FLAG values(1161, 'fix');
insert into STATION values (1162, 'Lathkill.raven.m33', 18, 415804.89, 366014.46, 239.93);
insert into STATION_FLAG values(1162, 'fix');
insert into STATION values (1163, 'Lathkill.raven.m34', 18, 415804.69, 366014.94, 239.95);
insert into STATION_FLAG values(1163, 'fix');
insert into STATION values (1164, 'Lathkill.raven.m35', 18, 415802.48, 366016.74, 241.06);
insert into STATION_FLAG values(1164, 'fix');
insert into STATION values (1165, 'Lathkill.raven.m27', 18, 415811.50, 366007.30, 239.09);
insert into STATION_FLAG values(1165, 'fix');
insert into STATION values (1166, 'Lathkill.raven.m26', 18, 415811.50, 366007.30, 244.64);
insert into STATION_FLAG values(1166, 'fix');
insert into STATION values (1167, 'Lathkill.raven.m25', 18, 415810.35, 366008.08, 244.98);
insert into STATION_FLAG values(1167, 'fix');
insert into STATION values (1168, 'Lathkill.raven.m24', 18, 415809.44, 366009.76, 247.11);
insert into STATION_FLAG values(1168, 'fix');
insert into STATION values (1169, 'Lathkill.raven.m23', 18, 415809.44, 366009.76, 246.74);
insert into STATION_FLAG values(1169, 'fix');
insert into STATION values (1170, 'Lathkill.raven.m18', 18, 415806.92, 366010.05, 247.71);
insert into STATION_FLAG values(1170, 'fix');
insert into STATION values (1171, 'Lathkill.raven.m19', 18, 415808.33, 366007.08, 247.77);
insert into STATION_FLAG values(1171, 'fix');
insert into STATION values (1172, 'Lathkill.raven.m20', 18, 415810.28, 366005.29, 247.86);
insert into STATION_FLAG values(1172, 'fix');
insert into STATION values (1173, 'Lathkill.raven.m21', 18, 415813.00, 366001.34, 247.70);
insert into STATION_FLAG values(1173, 'fix');
insert into STATION values (1174, 'Lathkill.raven.m22', 18, 415815.10, 365999.67, 248.02);
insert into STATION_FLAG values(1174, 'fix');
insert into STATION values (1175, 'Lathkill.raven.m17', 18, 415805.11, 366012.68, 247.94);
insert into STATION_FLAG values(1175, 'fix');
insert into STATION values (1176, 'Lathkill.raven.m16', 18, 415799.61, 366017.90, 247.41);
insert into STATION_FLAG values(1176, 'fix');
insert into STATION values (1177, 'Lathkill.raven.m15', 18, 415797.37, 366021.85, 248.29);
insert into STATION_FLAG values(1177, 'fix');
insert into STATION values (1178, 'Lathkill.raven.m14', 18, 415794.71, 366024.97, 248.14);
insert into STATION_FLAG values(1178, 'fix');
insert into STATION values (1179, 'Lathkill.raven.m11', 18, 415792.64, 366026.93, 248.70);
insert into STATION_FLAG values(1179, 'fix');
insert into STATION values (1180, 'Lathkill.raven.m13', 18, 415791.11, 366028.39, 249.47);
insert into STATION_FLAG values(1180, 'fix');
insert into STATION values (1181, 'Lathkill.raven.m10', 18, 415792.46, 366029.89, 249.96);
insert into STATION_FLAG values(1181, 'fix');
insert into STATION values (1182, 'Lathkill.raven.m9', 18, 415792.46, 366029.89, 252.25);
insert into STATION_FLAG values(1182, 'fix');
insert into STATION values (1183, 'Lathkill.raven.m8', 18, 415791.40, 366030.89, 254.11);
insert into STATION_FLAG values(1183, 'fix');
insert into STATION values (1184, 'Lathkill.raven.m7', 18, 415790.87, 366031.46, 254.37);
insert into STATION_FLAG values(1184, 'fix');
insert into STATION values (1185, 'Lathkill.raven.m3', 18, 415786.96, 366034.80, 255.27);
insert into STATION_FLAG values(1185, 'fix');
insert into STATION values (1186, 'Lathkill.raven.m4', 18, 415786.96, 366034.80, 250.97);
insert into STATION_FLAG values(1186, 'fix');
insert into STATION values (1187, 'Lathkill.raven.m5', 18, 415788.67, 366033.28, 251.17);
insert into STATION_FLAG values(1187, 'fix');
insert into STATION values (1188, 'Lathkill.raven.m6', 18, 415782.97, 366037.64, 251.06);
insert into STATION_FLAG values(1188, 'fix');
insert into STATION values (1189, 'Lathkill.raven.m2', 18, 415785.35, 366036.27, 254.69);
insert into STATION_FLAG values(1189, 'fix');
insert into STATION values (1190, 'Lathkill.raven.m1', 18, 415777.84, 366041.83, 255.51);
insert into STATION_FLAG values(1190, 'fix');
insert into STATION values (1191, 'Lathkill.raven.6', 18, 415835.04, 365981.38, 254.53);
insert into STATION_FLAG values(1191, 'fix');
insert into STATION values (1192, 'Lathkill.raven.23', 18, 415835.04, 365981.38, 248.54);
insert into STATION_FLAG values(1192, 'fix');
insert into STATION values (1193, 'Lathkill.raven.24', 18, 415838.38, 365977.98, 248.96);
insert into STATION_FLAG values(1193, 'fix');
insert into STATION values (1194, 'Lathkill.raven.25', 18, 415836.96, 365978.19, 246.36);
insert into STATION_FLAG values(1194, 'fix');
insert into STATION values (1195, 'Lathkill.raven.26', 18, 415837.51, 365975.71, 245.12);
insert into STATION_FLAG values(1195, 'fix');
insert into STATION values (1196, 'Lathkill.raven.27', 18, 415838.46, 365972.03, 244.65);
insert into STATION_FLAG values(1196, 'fix');
insert into STATION values (1197, 'Lathkill.raven.28', 18, 415840.82, 365969.94, 245.04);
insert into STATION_FLAG values(1197, 'fix');
insert into STATION values (1198, 'Lathkill.raven.29', 18, 415842.51, 365965.87, 245.82);
insert into STATION_FLAG values(1198, 'fix');
insert into STATION values (1199, 'Lathkill.raven.30', 18, 415843.04, 365965.52, 246.27);
insert into STATION_FLAG values(1199, 'fix');
insert into STATION values (1200, 'Lathkill.raven.31', 18, 415844.11, 365964.31, 246.04);
insert into STATION_FLAG values(1200, 'fix');
insert into STATION values (1201, 'Lathkill.raven.32', 18, 415844.11, 365964.31, 244.32);
insert into STATION_FLAG values(1201, 'fix');
insert into STATION values (1202, 'Lathkill.raven.33', 18, 415846.08, 365963.98, 244.25);
insert into STATION_FLAG values(1202, 'fix');
insert into STATION values (1203, 'Lathkill.raven.34', 18, 415846.76, 365962.42, 243.79);
insert into STATION_FLAG values(1203, 'fix');
insert into STATION values (1204, 'Lathkill.raven.35', 18, 415849.84, 365962.12, 243.79);
insert into STATION_FLAG values(1204, 'fix');
insert into STATION values (1205, 'Lathkill.raven.36', 18, 415856.11, 365960.62, 243.57);
insert into STATION_FLAG values(1205, 'fix');
insert into STATION values (1206, 'Lathkill.raven.37', 18, 415856.11, 365960.62, 244.01);
insert into STATION_FLAG values(1206, 'fix');
insert into STATION values (1207, 'Lathkill.raven.38', 18, 415842.51, 365965.87, 248.49);
insert into STATION_FLAG values(1207, 'fix');
insert into STATION values (1208, 'Lathkill.upper_calesdale.101', 18, 417284.20, 365414.30, 242.92);
insert into STATION_FLAG values(1208, 'fix');
insert into STATION values (1209, 'Lathkill.upper_calesdale.100', 18, 417294.06, 365419.17, 243.69);
insert into STATION_FLAG values(1209, 'ent');
insert into STATION_FLAG values(1209, 'fix');
insert into STATION values (1210, 'Lathkill.upper_calesdale.102', 18, 417279.26, 365410.25, 243.14);
insert into STATION_FLAG values(1210, 'fix');
insert into STATION values (1211, 'Lathkill.upper_calesdale.103', 18, 417276.39, 365410.64, 243.09);
insert into STATION_FLAG values(1211, 'fix');
insert into STATION values (1212, 'Lathkill.upper_calesdale.104', 18, 417271.44, 365409.24, 243.04);
insert into STATION_FLAG values(1212, 'fix');
insert into STATION values (1213, 'Lathkill.upper_calesdale.105', 18, 417267.51, 365407.79, 242.86);
insert into STATION_FLAG values(1213, 'fix');
insert into STATION values (1214, 'Lathkill.watericicle.10/1', 18, 416105.00, 364580.00, 307.00);
insert into STATION_FLAG values(1214, 'fix');
insert into STATION values (1215, 'Lathkill.watericicle.gate', 18, 416105.00, 364580.00, 339.00);
insert into STATION_FLAG values(1215, 'ent');
insert into STATION_FLAG values(1215, 'fix');
insert into STATION values (1216, 'Lathkill.watericicle.10/2', 18, 416102.60, 364581.26, 306.77);
insert into STATION_FLAG values(1216, 'fix');
insert into STATION values (1217, 'Lathkill.watericicle.10/3', 18, 416097.24, 364575.88, 306.31);
insert into STATION_FLAG values(1217, 'fix');
insert into STATION values (1218, 'Lathkill.watericicle.10/4', 18, 416079.74, 364568.94, 307.92);
insert into STATION_FLAG values(1218, 'fix');
insert into STATION values (1219, 'Lathkill.watericicle.10/5', 18, 416077.33, 364571.10, 309.94);
insert into STATION_FLAG values(1219, 'fix');
insert into STATION values (1220, 'Lathkill.watericicle.10/6', 18, 416074.68, 364571.82, 310.60);
insert into STATION_FLAG values(1220, 'fix');
insert into STATION values (1221, 'Lathkill.watericicle.10/7', 18, 416070.57, 364573.40, 308.89);
insert into STATION_FLAG values(1221, 'fix');
insert into STATION values (1222, 'Lathkill.watericicle.10/8', 18, 416064.19, 364571.44, 307.49);
insert into STATION_FLAG values(1222, 'fix');
insert into STATION values (1223, 'Lathkill.watericicle.10/9', 18, 416044.32, 364577.42, 307.75);
insert into STATION_FLAG values(1223, 'fix');
insert into STATION values (1224, 'Lathkill.watericicle.10/10', 18, 416039.11, 364577.47, 307.36);
insert into STATION_FLAG values(1224, 'fix');
insert into STATION values (1225, 'Lathkill.watericicle.10/11', 18, 416031.95, 364578.05, 307.14);
insert into STATION_FLAG values(1225, 'fix');
insert into STATION values (1226, 'Lathkill.watericicle.10/12', 18, 416026.32, 364584.91, 309.22);
insert into STATION_FLAG values(1226, 'fix');
insert into STATION values (1227, 'Lathkill.watericicle.10/13', 18, 416020.23, 364593.66, 308.08);
insert into STATION_FLAG values(1227, 'fix');
insert into STATION values (1228, 'Lathkill.watericicle.10/14', 18, 416010.14, 364599.95, 307.40);
insert into STATION_FLAG values(1228, 'fix');
insert into STATION values (1229, 'Lathkill.watericicle.1/0', 18, 415998.73, 364599.85, 307.48);
insert into STATION_FLAG values(1229, 'fix');
insert into STATION values (1230, 'Lathkill.watericicle.1/1', 18, 415995.69, 364600.95, 307.99);
insert into STATION_FLAG values(1230, 'fix');
insert into STATION values (1231, 'Lathkill.watericicle.1/2', 18, 415992.76, 364600.26, 310.10);
insert into STATION_FLAG values(1231, 'fix');
insert into STATION values (1232, 'Lathkill.watericicle.2/1', 18, 415991.39, 364602.61, 312.30);
insert into STATION_FLAG values(1232, 'fix');
insert into STATION values (1233, 'Lathkill.watericicle.2/3', 18, 415987.68, 364604.16, 314.91);
insert into STATION_FLAG values(1233, 'fix');
insert into STATION values (1234, 'Lathkill.watericicle.3/1', 18, 415991.65, 364600.47, 309.11);
insert into STATION_FLAG values(1234, 'fix');
insert into STATION values (1235, 'Lathkill.watericicle.3/2', 18, 415992.21, 364598.67, 307.79);
insert into STATION_FLAG values(1235, 'fix');
insert into STATION values (1236, 'Lathkill.watericicle.3/3', 18, 415988.44, 364602.40, 307.79);
insert into STATION_FLAG values(1236, 'fix');
insert into STATION values (1237, 'Lathkill.watericicle.3/4', 18, 415988.70, 364603.33, 307.84);
insert into STATION_FLAG values(1237, 'fix');
insert into STATION values (1238, 'Lathkill.watericicle.3/6', 18, 415987.26, 364604.67, 308.12);
insert into STATION_FLAG values(1238, 'fix');
insert into STATION values (1239, 'Lathkill.watericicle.4/1', 18, 415992.79, 364604.03, 306.45);
insert into STATION_FLAG values(1239, 'fix');
insert into STATION values (1240, 'Lathkill.watericicle.4/2', 18, 415991.61, 364603.39, 307.02);
insert into STATION_FLAG values(1240, 'fix');
insert into STATION values (1241, 'Lathkill.watericicle.4/3', 18, 415991.11, 364604.37, 307.02);
insert into STATION_FLAG values(1241, 'fix');
insert into STATION values (1242, 'Lathkill.watericicle.4/5', 18, 415989.26, 364603.62, 307.02);
insert into STATION_FLAG values(1242, 'fix');
insert into STATION values (1243, 'Lathkill.watericicle.1/3', 18, 415992.05, 364603.26, 317.72);
insert into STATION_FLAG values(1243, 'fix');
insert into STATION values (1244, 'Lathkill.watericicle.1/4', 18, 415987.47, 364605.37, 317.98);
insert into STATION_FLAG values(1244, 'fix');
insert into STATION values (1245, 'Lathkill.watericicle.1/5', 18, 415985.89, 364605.05, 314.36);
insert into STATION_FLAG values(1245, 'fix');
insert into STATION values (1246, 'Lathkill.watericicle.1/6', 18, 415986.12, 364602.50, 311.00);
insert into STATION_FLAG values(1246, 'fix');
insert into STATION values (1247, 'Lathkill.watericicle.1/7', 18, 415987.18, 364602.67, 309.74);
insert into STATION_FLAG values(1247, 'fix');
insert into STATION values (1248, 'Lathkill.watericicle.1/8', 18, 415988.69, 364603.98, 308.00);
insert into STATION_FLAG values(1248, 'fix');
insert into STATION values (1249, 'Lathkill.watericicle.1/9', 18, 415985.08, 364606.47, 306.95);
insert into STATION_FLAG values(1249, 'fix');
insert into STATION values (1250, 'Lathkill.watericicle.1/10', 18, 415982.66, 364615.80, 306.46);
insert into STATION_FLAG values(1250, 'fix');
insert into STATION values (1251, 'Lathkill.watericicle.1/11', 18, 415973.02, 364619.09, 308.00);
insert into STATION_FLAG values(1251, 'fix');
insert into STATION values (1252, 'Lathkill.watericicle.1/12', 18, 415972.12, 364626.26, 305.36);
insert into STATION_FLAG values(1252, 'fix');
insert into STATION values (1253, 'Lathkill.watericicle.1/13', 18, 415973.05, 364635.39, 304.94);
insert into STATION_FLAG values(1253, 'fix');
insert into STATION values (1254, 'Lathkill.watericicle.1/14', 18, 415970.40, 364640.48, 304.97);
insert into STATION_FLAG values(1254, 'fix');
insert into STATION values (1255, 'Lathkill.watericicle.1/15', 18, 415973.27, 364645.45, 306.20);
insert into STATION_FLAG values(1255, 'fix');
insert into STATION values (1256, 'Lathkill.watericicle.1/16', 18, 415992.89, 364642.36, 305.19);
insert into STATION_FLAG values(1256, 'fix');
insert into STATION values (1257, 'Lathkill.watericicle.1/17', 18, 415998.28, 364641.06, 305.36);
insert into STATION_FLAG values(1257, 'fix');
insert into STATION values (1258, 'Lathkill.watericicle.1/18', 18, 416005.29, 364650.84, 305.02);
insert into STATION_FLAG values(1258, 'fix');
insert into STATION values (1259, 'Lathkill.watericicle.1/19', 18, 416009.08, 364655.45, 304.30);
insert into STATION_FLAG values(1259, 'fix');
insert into STATION values (1260, 'Lathkill.watericicle.1/20', 18, 416013.84, 364659.53, 303.93);
insert into STATION_FLAG values(1260, 'fix');
insert into STATION values (1261, 'Lathkill.watericicle.1/21', 18, 416015.61, 364659.36, 304.70);
insert into STATION_FLAG values(1261, 'fix');
insert into STATION values (1262, 'Lathkill.watericicle.1/22', 18, 416025.61, 364666.02, 304.34);
insert into STATION_FLAG values(1262, 'fix');
insert into STATION values (1263, 'Lathkill.watericicle.1/23', 18, 416033.20, 364672.71, 303.58);
insert into STATION_FLAG values(1263, 'fix');
insert into STATION values (1264, 'Lathkill.watericicle.1/24', 18, 416038.52, 364686.68, 303.32);
insert into STATION_FLAG values(1264, 'fix');
insert into STATION values (1265, 'Lathkill.watericicle.1/25', 18, 416042.46, 364696.46, 302.75);
insert into STATION_FLAG values(1265, 'fix');
insert into STATION values (1266, 'Lathkill.watericicle.1/26', 18, 416044.32, 364704.01, 302.63);
insert into STATION_FLAG values(1266, 'fix');
insert into STATION values (1267, 'Lathkill.watericicle.1/27', 18, 416036.48, 364712.03, 302.17);
insert into STATION_FLAG values(1267, 'fix');
insert into STATION values (1268, 'Lathkill.watericicle.1/28', 18, 416034.57, 364722.66, 302.48);
insert into STATION_FLAG values(1268, 'fix');
insert into STATION values (1269, 'Lathkill.watericicle.1/29', 18, 416035.27, 364730.67, 302.50);
insert into STATION_FLAG values(1269, 'fix');
insert into STATION values (1270, 'Lathkill.watericicle.1/30', 18, 416038.60, 364740.73, 303.43);
insert into STATION_FLAG values(1270, 'fix');
insert into STATION values (1271, 'Lathkill.watericicle.1/31', 18, 416040.94, 364746.93, 303.35);
insert into STATION_FLAG values(1271, 'fix');
insert into STATION values (1272, 'Lathkill.watericicle.1/33', 18, 416042.77, 364750.97, 303.45);
insert into STATION_FLAG values(1272, 'fix');
insert into STATION values (1273, 'Lathkill.watericicle.5/1', 18, 416039.56, 364698.03, 301.85);
insert into STATION_FLAG values(1273, 'fix');
insert into STATION values (1274, 'Lathkill.watericicle.5/2', 18, 416039.56, 364698.03, 280.84);
insert into STATION_FLAG values(1274, 'fix');
insert into STATION values (1275, 'Lathkill.watericicle.5/4', 18, 416036.06, 364714.15, 280.84);
insert into STATION_FLAG values(1275, 'fix');
insert into STATION values (1276, 'Lathkill.watericicle.6/1', 18, 415965.37, 364624.53, 309.29);
insert into STATION_FLAG values(1276, 'fix');
insert into STATION values (1277, 'Lathkill.watericicle.6/2', 18, 415962.06, 364628.20, 309.14);
insert into STATION_FLAG values(1277, 'fix');
insert into STATION values (1278, 'Lathkill.watericicle.6/3', 18, 415959.14, 364627.46, 309.45);
insert into STATION_FLAG values(1278, 'fix');
insert into STATION values (1279, 'Lathkill.watericicle.6/4', 18, 415954.14, 364630.48, 309.47);
insert into STATION_FLAG values(1279, 'fix');
insert into STATION values (1280, 'Lathkill.watericicle.6/5', 18, 415947.36, 364636.00, 309.93);
insert into STATION_FLAG values(1280, 'fix');
insert into STATION values (1281, 'Lathkill.watericicle.6/6', 18, 415940.50, 364635.31, 311.15);
insert into STATION_FLAG values(1281, 'fix');
insert into STATION values (1282, 'Lathkill.watericicle.6/7', 18, 415935.67, 364636.11, 311.67);
insert into STATION_FLAG values(1282, 'fix');
insert into STATION values (1283, 'Lathkill.watericicle.6/8', 18, 415933.99, 364634.01, 311.93);
insert into STATION_FLAG values(1283, 'fix');
insert into STATION values (1284, 'Lathkill.watericicle.6/9', 18, 415931.68, 364635.44, 312.97);
insert into STATION_FLAG values(1284, 'fix');
insert into STATION values (1285, 'Lathkill.watericicle.6/10', 18, 415930.98, 364637.69, 312.43);
insert into STATION_FLAG values(1285, 'fix');
insert into STATION values (1286, 'Lathkill.watericicle.6/11', 18, 415930.21, 364638.46, 313.14);
insert into STATION_FLAG values(1286, 'fix');
insert into STATION values (1287, 'Lathkill.watericicle.6/12', 18, 415929.14, 364638.34, 313.37);
insert into STATION_FLAG values(1287, 'fix');
insert into STATION values (1288, 'Lathkill.watericicle.6/13', 18, 415927.84, 364639.46, 313.15);
insert into STATION_FLAG values(1288, 'fix');
insert into STATION values (1289, 'Lathkill.watericicle.6/14', 18, 415925.45, 364639.11, 312.64);
insert into STATION_FLAG values(1289, 'fix');
insert into STATION values (1290, 'Lathkill.watericicle.6/15', 18, 415922.51, 364638.63, 312.28);
insert into STATION_FLAG values(1290, 'fix');
insert into STATION values (1291, 'Lathkill.watericicle.6/16', 18, 415917.55, 364638.00, 312.28);
insert into STATION_FLAG values(1291, 'fix');
insert into STATION values (1292, 'Lathkill.watericicle.6/17', 18, 415915.47, 364639.45, 311.40);
insert into STATION_FLAG values(1292, 'fix');
insert into STATION values (1293, 'Lathkill.watericicle.6/18', 18, 415913.90, 364643.48, 313.90);
insert into STATION_FLAG values(1293, 'fix');
insert into STATION values (1294, 'Lathkill.watericicle.6/19', 18, 415910.57, 364648.37, 312.86);
insert into STATION_FLAG values(1294, 'fix');
insert into STATION values (1295, 'Lathkill.watericicle.6/20', 18, 415911.47, 364649.05, 313.00);
insert into STATION_FLAG values(1295, 'fix');
insert into STATION values (1296, 'Lathkill.watericicle.6/21', 18, 415911.84, 364652.20, 313.44);
insert into STATION_FLAG values(1296, 'fix');
insert into STATION values (1297, 'Lathkill.watericicle.6/22', 18, 415910.66, 364654.40, 313.44);
insert into STATION_FLAG values(1297, 'fix');
insert into STATION values (1298, 'Lathkill.watericicle.6/23', 18, 415911.47, 364655.66, 313.44);
insert into STATION_FLAG values(1298, 'fix');
insert into STATION values (1299, 'Lathkill.watericicle.6/24', 18, 415909.76, 364655.38, 313.04);
insert into STATION_FLAG values(1299, 'fix');
insert into STATION values (1300, 'Lathkill.watericicle.6/25', 18, 415903.27, 364658.24, 313.42);
insert into STATION_FLAG values(1300, 'fix');
insert into STATION values (1301, 'Lathkill.watericicle.6/26', 18, 415896.86, 364661.90, 313.42);
insert into STATION_FLAG values(1301, 'fix');
insert into STATION values (1302, 'Lathkill.watericicle.6/27', 18, 415887.42, 364665.66, 313.59);
insert into STATION_FLAG values(1302, 'fix');
insert into STATION values (1303, 'Lathkill.watericicle.6/28', 18, 415884.43, 364667.17, 313.42);
insert into STATION_FLAG values(1303, 'fix');
insert into STATION values (1304, 'Lathkill.watericicle.6/30', 18, 415882.92, 364659.91, 313.16);
insert into STATION_FLAG values(1304, 'fix');
insert into STATION values (1305, 'Lathkill.watericicle.7/1', 18, 415883.83, 364667.77, 313.46);
insert into STATION_FLAG values(1305, 'fix');
insert into STATION values (1306, 'Lathkill.watericicle.7/2', 18, 415880.56, 364670.12, 314.93);
insert into STATION_FLAG values(1306, 'fix');
insert into STATION values (1307, 'Lathkill.watericicle.7/3', 18, 415878.65, 364671.88, 314.93);
insert into STATION_FLAG values(1307, 'fix');
insert into STATION values (1308, 'Lathkill.watericicle.7/4', 18, 415875.28, 364675.58, 314.93);
insert into STATION_FLAG values(1308, 'fix');
insert into STATION values (1309, 'Lathkill.watericicle.7/5', 18, 415870.78, 364677.75, 314.93);
insert into STATION_FLAG values(1309, 'fix');
insert into STATION values (1310, 'Lathkill.watericicle.7/6', 18, 415869.77, 364678.99, 314.93);
insert into STATION_FLAG values(1310, 'fix');
insert into STATION values (1311, 'Lathkill.watericicle.7/7', 18, 415868.36, 364680.55, 314.93);
insert into STATION_FLAG values(1311, 'fix');
insert into STATION values (1312, 'Lathkill.watericicle.7/8', 18, 415866.55, 364681.80, 314.93);
insert into STATION_FLAG values(1312, 'fix');
insert into STATION values (1313, 'Lathkill.watericicle.7/9', 18, 415863.38, 364682.52, 314.93);
insert into STATION_FLAG values(1313, 'fix');
insert into STATION values (1314, 'Lathkill.watericicle.7/10', 18, 415858.92, 364684.30, 314.93);
insert into STATION_FLAG values(1314, 'fix');
insert into STATION values (1315, 'Lathkill.watericicle.7/12', 18, 415857.97, 364683.74, 314.93);
insert into STATION_FLAG values(1315, 'fix');
insert into STATION values (1316, 'Lathkill.watericicle.8/1', 18, 415912.91, 364637.70, 312.92);
insert into STATION_FLAG values(1316, 'fix');
insert into STATION values (1317, 'Lathkill.watericicle.8/2', 18, 415911.42, 364639.59, 315.99);
insert into STATION_FLAG values(1317, 'fix');
insert into STATION values (1318, 'Lathkill.watericicle.8/4', 18, 415912.28, 364639.65, 320.91);
insert into STATION_FLAG values(1318, 'fix');
insert into STATION values (1319, 'Lathkill.watericicle.9/1', 18, 415924.15, 364635.31, 307.36);
insert into STATION_FLAG values(1319, 'fix');
insert into STATION values (1320, 'Lathkill.watericicle.9/3', 18, 415914.49, 364636.45, 306.16);
insert into STATION_FLAG values(1320, 'fix');
insert into STATION values (1321, 'Lathkill.watericicle.11/1', 18, 416039.34, 364574.12, 305.96);
insert into STATION_FLAG values(1321, 'fix');
insert into STATION values (1322, 'Lathkill.watericicle.11/2', 18, 416041.02, 364573.24, 301.38);
insert into STATION_FLAG values(1322, 'fix');
insert into STATION values (1323, 'Lathkill.watericicle.11/3', 18, 416043.05, 364573.43, 300.52);
insert into STATION_FLAG values(1323, 'fix');
insert into STATION values (1324, 'Lathkill.watericicle.11/5', 18, 416043.24, 364572.43, 300.37);
insert into STATION_FLAG values(1324, 'fix');
insert into STATION values (1325, 'Lathkill.watericicle.12/1', 18, 416106.99, 364578.26, 306.77);
insert into STATION_FLAG values(1325, 'fix');
insert into STATION values (1326, 'Lathkill.watericicle.12/2', 18, 416110.02, 364573.66, 305.91);
insert into STATION_FLAG values(1326, 'fix');
insert into STATION values (1327, 'Lathkill.watericicle.12/3', 18, 416106.33, 364559.93, 306.70);
insert into STATION_FLAG values(1327, 'fix');
insert into STATION values (1328, 'Lathkill.watericicle.12/4', 18, 416110.69, 364545.90, 306.99);
insert into STATION_FLAG values(1328, 'fix');
insert into STATION values (1329, 'Lathkill.watericicle.12/5', 18, 416115.09, 364541.82, 308.50);
insert into STATION_FLAG values(1329, 'fix');
insert into STATION values (1330, 'Lathkill.watericicle.12/6', 18, 416118.27, 364540.80, 309.85);
insert into STATION_FLAG values(1330, 'fix');
insert into STATION values (1331, 'Lathkill.watericicle.12/7', 18, 416116.69, 364538.15, 310.18);
insert into STATION_FLAG values(1331, 'fix');
insert into STATION values (1332, 'Lathkill.watericicle.12/8', 18, 416114.31, 364535.57, 310.36);
insert into STATION_FLAG values(1332, 'fix');
insert into STATION values (1333, 'Lathkill.watericicle.12/9', 18, 416112.56, 364533.55, 312.85);
insert into STATION_FLAG values(1333, 'fix');
insert into STATION values (1334, 'Lathkill.watericicle.12/11', 18, 416102.96, 364525.70, 315.83);
insert into STATION_FLAG values(1334, 'fix');
insert into STATION values (1335, 'Lathkill.watericicle.13/1', 18, 416122.49, 364544.51, 310.15);
insert into STATION_FLAG values(1335, 'fix');
insert into STATION values (1336, 'Lathkill.watericicle.13/3', 18, 416128.09, 364551.24, 324.72);
insert into STATION_FLAG values(1336, 'fix');
insert into STATION values (1337, 'Lathkill.watericicle.14/1', 18, 416108.16, 364588.35, 302.84);
insert into STATION_FLAG values(1337, 'fix');
insert into STATION values (1338, 'Lathkill.watericicle.14/2', 18, 416112.84, 364596.88, 302.24);
insert into STATION_FLAG values(1338, 'fix');
insert into STATION values (1339, 'Lathkill.watericicle.14/3', 18, 416106.44, 364603.23, 302.71);
insert into STATION_FLAG values(1339, 'fix');
insert into STATION values (1340, 'Lathkill.watericicle.14/4', 18, 416108.04, 364608.56, 302.81);
insert into STATION_FLAG values(1340, 'fix');
insert into STATION values (1341, 'Lathkill.watericicle.14/5', 18, 416104.93, 364609.56, 302.64);
insert into STATION_FLAG values(1341, 'fix');
insert into STATION values (1342, 'Lathkill.watericicle.14/6', 18, 416101.50, 364616.21, 303.43);
insert into STATION_FLAG values(1342, 'fix');
insert into STATION values (1343, 'Lathkill.watericicle.14/7', 18, 416102.91, 364622.44, 303.09);
insert into STATION_FLAG values(1343, 'fix');
insert into STATION values (1344, 'Lathkill.watericicle.14/8', 18, 416109.10, 364623.67, 302.76);
insert into STATION_FLAG values(1344, 'fix');
insert into STATION values (1345, 'Lathkill.watericicle.14/9', 18, 416111.07, 364630.21, 302.76);
insert into STATION_FLAG values(1345, 'fix');
insert into STATION values (1346, 'Lathkill.watericicle.14/10', 18, 416113.45, 364636.51, 302.41);
insert into STATION_FLAG values(1346, 'fix');
insert into STATION values (1347, 'Lathkill.watericicle.14/11', 18, 416115.82, 364642.43, 302.96);
insert into STATION_FLAG values(1347, 'fix');
insert into STATION values (1348, 'Lathkill.watericicle.14/13', 18, 416117.91, 364642.37, 303.15);
insert into STATION_FLAG values(1348, 'fix');
insert into STATION values (1349, 'Lathkill.watericicle.15/1', 18, 416107.65, 364549.48, 306.74);
insert into STATION_FLAG values(1349, 'fix');
insert into STATION values (1350, 'Lathkill.watericicle.15/2', 18, 416106.33, 364548.28, 305.29);
insert into STATION_FLAG values(1350, 'fix');
insert into STATION values (1351, 'Lathkill.watericicle.15/3', 18, 416105.87, 364547.36, 304.07);
insert into STATION_FLAG values(1351, 'fix');
insert into STATION values (1352, 'Lathkill.watericicle.15/4', 18, 416104.28, 364547.55, 305.27);
insert into STATION_FLAG values(1352, 'fix');
insert into STATION values (1353, 'Lathkill.watericicle.15/5', 18, 416103.93, 364544.97, 305.27);
insert into STATION_FLAG values(1353, 'fix');
insert into STATION values (1354, 'Lathkill.watericicle.15/6', 18, 416099.93, 364543.49, 305.37);
insert into STATION_FLAG values(1354, 'fix');
insert into STATION values (1355, 'Lathkill.watericicle.15/7', 18, 416099.38, 364540.88, 305.32);
insert into STATION_FLAG values(1355, 'fix');
insert into STATION values (1356, 'Lathkill.watericicle.15/8', 18, 416096.55, 364539.89, 305.65);
insert into STATION_FLAG values(1356, 'fix');
insert into STATION values (1357, 'Lathkill.watericicle.15/9', 18, 416095.63, 364536.11, 305.95);
insert into STATION_FLAG values(1357, 'fix');
insert into STATION values (1358, 'Lathkill.watericicle.15/11', 18, 416093.37, 364533.19, 306.26);
insert into STATION_FLAG values(1358, 'fix');
insert into STATION values (1359, 'Lathkill.watericicle.16/2', 18, 416097.14, 364533.29, 306.01);
insert into STATION_FLAG values(1359, 'fix');
insert into STATION values (1360, 'Lathkill.watericicle.20/3', 18, 416122.72, 364544.26, 309.32);
insert into STATION_FLAG values(1360, 'fix');
insert into STATION values (1361, 'Lathkill.watericicle.20/4', 18, 416125.79, 364547.16, 308.61);
insert into STATION_FLAG values(1361, 'fix');
insert into STATION values (1362, 'Lathkill.watericicle.20/5', 18, 416127.80, 364546.91, 308.61);
insert into STATION_FLAG values(1362, 'fix');
insert into STATION values (1363, 'Lathkill.watericicle.20/6', 18, 416128.89, 364546.53, 307.31);
insert into STATION_FLAG values(1363, 'fix');
insert into STATION values (1364, 'Lathkill.watericicle.20/7', 18, 416130.14, 364546.83, 307.74);
insert into STATION_FLAG values(1364, 'fix');
insert into STATION values (1365, 'Lathkill.watericicle.20/8', 18, 416132.69, 364547.24, 307.58);
insert into STATION_FLAG values(1365, 'fix');
insert into STATION values (1366, 'Lathkill.watericicle.20/9', 18, 416135.09, 364544.59, 308.84);
insert into STATION_FLAG values(1366, 'fix');
insert into STATION values (1367, 'Lathkill.watericicle.20/10', 18, 416138.29, 364541.82, 308.59);
insert into STATION_FLAG values(1367, 'fix');
insert into STATION values (1368, 'Lathkill.watericicle.20/11', 18, 416144.70, 364536.12, 308.14);
insert into STATION_FLAG values(1368, 'fix');
insert into STATION values (1369, 'Lathkill.watericicle.20/12', 18, 416148.71, 364536.25, 308.23);
insert into STATION_FLAG values(1369, 'fix');
insert into STATION values (1370, 'Lathkill.watericicle.20/13', 18, 416153.23, 364534.19, 307.70);
insert into STATION_FLAG values(1370, 'fix');
insert into STATION values (1371, 'Lathkill.watericicle.20/14', 18, 416156.96, 364532.73, 307.80);
insert into STATION_FLAG values(1371, 'fix');
insert into STATION values (1372, 'Lathkill.watericicle.20/15', 18, 416157.39, 364529.71, 307.54);
insert into STATION_FLAG values(1372, 'fix');
insert into STATION values (1373, 'Lathkill.watericicle.20/16', 18, 416164.20, 364523.19, 308.54);
insert into STATION_FLAG values(1373, 'fix');
insert into STATION values (1374, 'Lathkill.watericicle.20/17', 18, 416168.89, 364516.49, 308.61);
insert into STATION_FLAG values(1374, 'fix');
insert into STATION values (1375, 'Lathkill.watericicle.20/18', 18, 416172.83, 364516.28, 307.23);
insert into STATION_FLAG values(1375, 'fix');
insert into STATION values (1376, 'Lathkill.watericicle.20/19', 18, 416185.53, 364519.80, 307.54);
insert into STATION_FLAG values(1376, 'fix');
insert into STATION values (1377, 'Lathkill.watericicle.20/20', 18, 416190.08, 364515.79, 307.84);
insert into STATION_FLAG values(1377, 'fix');
insert into STATION values (1378, 'Lathkill.watericicle.20/22', 18, 416194.65, 364513.35, 309.13);
insert into STATION_FLAG values(1378, 'fix');
insert into STATION values (1379, 'Lathkill.watericicle.21/1', 18, 416187.56, 364518.89, 305.82);
insert into STATION_FLAG values(1379, 'fix');
insert into STATION values (1380, 'Lathkill.watericicle.21/2', 18, 416186.81, 364521.25, 305.55);
insert into STATION_FLAG values(1380, 'fix');
insert into STATION values (1381, 'Lathkill.watericicle.21/3', 18, 416185.10, 364523.35, 305.34);
insert into STATION_FLAG values(1381, 'fix');
insert into STATION values (1382, 'Lathkill.watericicle.21/4', 18, 416186.40, 364524.66, 305.20);
insert into STATION_FLAG values(1382, 'fix');
insert into STATION values (1383, 'Lathkill.watericicle.21/5', 18, 416186.29, 364526.81, 304.70);
insert into STATION_FLAG values(1383, 'fix');
insert into STATION values (1384, 'Lathkill.watericicle.21/6', 18, 416185.46, 364527.67, 305.04);
insert into STATION_FLAG values(1384, 'fix');
insert into STATION values (1385, 'Lathkill.watericicle.21/7', 18, 416182.39, 364530.03, 304.27);
insert into STATION_FLAG values(1385, 'fix');
insert into STATION values (1386, 'Lathkill.watericicle.21/8', 18, 416183.25, 364532.04, 304.39);
insert into STATION_FLAG values(1386, 'fix');
insert into STATION values (1387, 'Lathkill.watericicle.21/9', 18, 416182.94, 364535.55, 304.28);
insert into STATION_FLAG values(1387, 'fix');
insert into STATION values (1388, 'Lathkill.watericicle.21/10', 18, 416181.90, 364540.50, 304.46);
insert into STATION_FLAG values(1388, 'fix');
insert into STATION values (1389, 'Lathkill.watericicle.21/11', 18, 416184.26, 364545.65, 303.78);
insert into STATION_FLAG values(1389, 'fix');
insert into STATION values (1390, 'Lathkill.watericicle.21/12', 18, 416182.96, 364547.28, 304.20);
insert into STATION_FLAG values(1390, 'fix');
insert into STATION values (1391, 'Lathkill.watericicle.21/13', 18, 416182.68, 364552.21, 303.25);
insert into STATION_FLAG values(1391, 'fix');
insert into STATION values (1392, 'Lathkill.watericicle.21/14', 18, 416179.20, 364557.41, 302.97);
insert into STATION_FLAG values(1392, 'fix');
insert into STATION values (1393, 'Lathkill.watericicle.21/15', 18, 416178.04, 364559.36, 302.96);
insert into STATION_FLAG values(1393, 'fix');
insert into STATION values (1394, 'Lathkill.watericicle.21/16', 18, 416178.03, 364561.03, 302.89);
insert into STATION_FLAG values(1394, 'fix');
insert into STATION values (1395, 'Lathkill.watericicle.21/17', 18, 416176.54, 364564.84, 303.09);
insert into STATION_FLAG values(1395, 'fix');
insert into STATION values (1396, 'Lathkill.watericicle.21/18', 18, 416176.15, 364565.95, 303.49);
insert into STATION_FLAG values(1396, 'fix');
insert into STATION values (1397, 'Lathkill.watericicle.21/19', 18, 416176.54, 364565.17, 303.66);
insert into STATION_FLAG values(1397, 'fix');
insert into STATION values (1398, 'Lathkill.watericicle.21/20', 18, 416173.98, 364566.29, 302.61);
insert into STATION_FLAG values(1398, 'fix');
insert into STATION values (1399, 'Lathkill.watericicle.21/21', 18, 416171.03, 364566.93, 302.43);
insert into STATION_FLAG values(1399, 'fix');
insert into STATION values (1400, 'Lathkill.watericicle.21/23', 18, 416170.44, 364570.64, 302.53);
insert into STATION_FLAG values(1400, 'fix');
insert into STATION values (1401, 'Lathkill.watericicle.22/1', 18, 416141.61, 364533.12, 308.94);
insert into STATION_FLAG values(1401, 'fix');
insert into STATION values (1402, 'Lathkill.watericicle.22/2', 18, 416142.29, 364530.74, 313.28);
insert into STATION_FLAG values(1402, 'fix');
insert into STATION values (1403, 'Lathkill.watericicle.22/4', 18, 416143.14, 364527.77, 323.62);
insert into STATION_FLAG values(1403, 'fix');
insert into STATION values (1404, 'Lathkill.watericicle.23/2', 18, 416137.97, 364531.14, 310.76);
insert into STATION_FLAG values(1404, 'fix');
insert into STATION values (1405, 'Lathkill.watericicle.24/1', 18, 416196.68, 364513.51, 308.10);
insert into STATION_FLAG values(1405, 'fix');
insert into STATION values (1406, 'Lathkill.watericicle.24/2', 18, 416199.83, 364513.62, 309.06);
insert into STATION_FLAG values(1406, 'fix');
insert into STATION values (1407, 'Lathkill.watericicle.24/3', 18, 416200.92, 364513.26, 309.72);
insert into STATION_FLAG values(1407, 'fix');
insert into STATION values (1408, 'Lathkill.watericicle.24/4', 18, 416201.58, 364513.73, 309.86);
insert into STATION_FLAG values(1408, 'fix');
insert into STATION values (1409, 'Lathkill.watericicle.24/5', 18, 416203.47, 364513.32, 309.43);
insert into STATION_FLAG values(1409, 'fix');
insert into STATION values (1410, 'Lathkill.watericicle.24/6', 18, 416203.30, 364510.94, 307.58);
insert into STATION_FLAG values(1410, 'fix');
insert into STATION values (1411, 'Lathkill.watericicle.24/7', 18, 416204.55, 364510.51, 307.63);
insert into STATION_FLAG values(1411, 'fix');
insert into STATION values (1412, 'Lathkill.watericicle.24/9', 18, 416205.55, 364510.61, 306.62);
insert into STATION_FLAG values(1412, 'fix');
insert into STATION values (1413, 'Lathkill.Magpie.Shaft', 18, 417200.00, 368200.00, 330.00);
insert into STATION_FLAG values(1413, 'ent');
insert into STATION_FLAG values(1413, 'fix');
insert into STATION values (1414, 'Lathkill.Magpie.2', 18, 417199.29, 368197.84, 150.00);
insert into STATION_FLAG values(1414, 'fix');
insert into STATION values (1415, 'Lathkill.Magpie.Sough', 18, 417922.00, 369575.00, 144.00);
insert into STATION_FLAG values(1415, 'ent');
insert into STATION_FLAG values(1415, 'fix');
insert into STATION values (1416, 'Lathkill.boulderpot.11/5', 18, 416401.69, 366512.29, 218.76);
insert into STATION_FLAG values(1416, 'fix');
insert into STATION values (1417, 'Lathkill.boulderpot.2/2', 18, 416414.74, 366499.87, 251.20);
insert into STATION_FLAG values(1417, 'fix');
insert into STATION values (1418, 'Lathkill.boulderpot.3/1', 18, 416415.12, 366501.49, 249.90);
insert into STATION_FLAG values(1418, 'fix');
insert into STATION values (1419, 'Lathkill.boulderpot.4/3', 18, 416407.11, 366505.65, 248.34);
insert into STATION_FLAG values(1419, 'fix');
insert into STATION values (1420, 'Lathkill.boulderpot.5/1', 18, 416408.49, 366502.74, 249.24);
insert into STATION_FLAG values(1420, 'fix');
insert into STATION values (1421, 'Lathkill.boulderpot.6/1', 18, 416412.66, 366500.76, 251.19);
insert into STATION_FLAG values(1421, 'fix');
insert into STATION values (1422, 'Lathkill.boulderpot.7/11', 18, 416407.94, 366491.78, 224.03);
insert into STATION_FLAG values(1422, 'fix');
insert into STATION values (1423, 'Lathkill.boulderpot.8/2', 18, 416412.21, 366507.51, 231.60);
insert into STATION_FLAG values(1423, 'fix');
insert into STATION values (1424, 'Lathkill.boulderpot.9/1', 18, 416411.91, 366504.03, 232.10);
insert into STATION_FLAG values(1424, 'fix');
insert into STATION values (1425, 'Lathkill.boulderpot.10/1', 18, 416407.89, 366507.70, 233.46);
insert into STATION_FLAG values(1425, 'fix');
insert into STATION values (1426, 'Lathkill.boulderpot.12/1', 18, 416407.36, 366514.57, 214.95);
insert into STATION_FLAG values(1426, 'fix');
insert into STATION values (1427, 'Lathkill.boulderpot.11/7', 18, 416403.14, 366514.22, 218.90);
insert into STATION_FLAG values(1427, 'fix');
insert into STATION values (1428, 'Lathkill.boulderpot.1/32', 18, 416401.99, 366523.17, 206.13);
insert into STATION_FLAG values(1428, 'fix');
insert into STATION values (1429, 'Lathkill.boulderpot.13/2', 18, 416405.96, 366519.20, 208.12);
insert into STATION_FLAG values(1429, 'fix');
insert into STATION values (1430, 'Lathkill.critchlow-cave.critchlow1.74', 18, 416942.30, 366118.38, 205.64);
insert into STATION_FLAG values(1430, 'fix');
insert into STATION values (1431, 'Lathkill.hillocks-knotlow.knotlow.m38', 18, 414456.70, 367335.81, 245.04);
insert into STATION_FLAG values(1431, 'fix');
insert into STATION values (1432, 'Lathkill.lathkillheadcave.lathkill-river.19', 18, 417061.50, 365840.76, 203.21);
insert into STATION_FLAG values(1432, 'fix');
insert into STATION values (1433, 'Lathkill.lathkillheadcave.entrance.l3', 18, 417009.61, 365807.02, 189.47);
insert into STATION_FLAG values(1433, 'fix');
insert into STATION values (1434, 'Lathkill.watericicle.2/2', 18, 415987.68, 364604.16, 314.91);
insert into STATION_FLAG values(1434, 'fix');
insert into STATION values (1435, 'Lathkill.watericicle.3/5', 18, 415987.26, 364604.67, 308.12);
insert into STATION_FLAG values(1435, 'fix');
insert into STATION values (1436, 'Lathkill.watericicle.4/4', 18, 415989.26, 364603.62, 307.02);
insert into STATION_FLAG values(1436, 'fix');
insert into STATION values (1437, 'Lathkill.watericicle.1/32', 18, 416042.77, 364750.97, 303.45);
insert into STATION_FLAG values(1437, 'fix');
insert into STATION values (1438, 'Lathkill.watericicle.5/3', 18, 416036.06, 364714.15, 280.84);
insert into STATION_FLAG values(1438, 'fix');
insert into STATION values (1439, 'Lathkill.watericicle.6/29', 18, 415882.92, 364659.91, 313.16);
insert into STATION_FLAG values(1439, 'fix');
insert into STATION values (1440, 'Lathkill.watericicle.7/11', 18, 415857.97, 364683.74, 314.93);
insert into STATION_FLAG values(1440, 'fix');
insert into STATION values (1441, 'Lathkill.watericicle.8/3', 18, 415912.28, 364639.65, 320.91);
insert into STATION_FLAG values(1441, 'fix');
insert into STATION values (1442, 'Lathkill.watericicle.9/2', 18, 415914.49, 364636.45, 306.16);
insert into STATION_FLAG values(1442, 'fix');
insert into STATION values (1443, 'Lathkill.watericicle.11/4', 18, 416043.24, 364572.43, 300.37);
insert into STATION_FLAG values(1443, 'fix');
insert into STATION values (1444, 'Lathkill.watericicle.12/10', 18, 416102.96, 364525.70, 315.83);
insert into STATION_FLAG values(1444, 'fix');
insert into STATION values (1445, 'Lathkill.watericicle.13/2', 18, 416128.09, 364551.24, 324.72);
insert into STATION_FLAG values(1445, 'fix');
insert into STATION values (1446, 'Lathkill.watericicle.14/12', 18, 416117.91, 364642.37, 303.15);
insert into STATION_FLAG values(1446, 'fix');
insert into STATION values (1447, 'Lathkill.watericicle.15/10', 18, 416093.37, 364533.19, 306.26);
insert into STATION_FLAG values(1447, 'fix');
insert into STATION values (1448, 'Lathkill.watericicle.16/1', 18, 416097.14, 364533.29, 306.01);
insert into STATION_FLAG values(1448, 'fix');
insert into STATION values (1449, 'Lathkill.watericicle.20/21', 18, 416194.65, 364513.35, 309.13);
insert into STATION_FLAG values(1449, 'fix');
insert into STATION values (1450, 'Lathkill.watericicle.21/22', 18, 416170.44, 364570.64, 302.53);
insert into STATION_FLAG values(1450, 'fix');
insert into STATION values (1451, 'Lathkill.watericicle.22/3', 18, 416143.14, 364527.77, 323.62);
insert into STATION_FLAG values(1451, 'fix');
insert into STATION values (1452, 'Lathkill.watericicle.23/1', 18, 416137.97, 364531.14, 310.76);
insert into STATION_FLAG values(1452, 'fix');
insert into STATION values (1453, 'Lathkill.watericicle.24/8', 18, 416205.55, 364510.61, 306.62);
insert into STATION_FLAG values(1453, 'fix');
insert into STATION values (1454, 'Lathkill.boulderpot.13/4', 18, 416405.96, 366519.20, 208.12);
insert into STATION_FLAG values(1454, 'fix');
insert into STATION values (1455, 'Lathkill.hillocks-knotlow.hillocks.wharfclimbingshaft', 18, 414495.00, 367295.00, 288.00);
insert into STATION_FLAG values(1455, 'fix');
insert into STATION values (1456, 'Lathkill.watericicle.16/3', 18, 416097.14, 364533.29, 306.01);
insert into STATION_FLAG values(1456, 'fix');
insert into STATION values (1457, 'Lathkill.watericicle.9/4', 18, 415914.49, 364636.45, 306.16);
insert into STATION_FLAG values(1457, 'fix');
insert into STATION values (1458, 'Lathkill.AlportTufa', 18, 422100.00, 364600.00, 137.00);
insert into STATION_FLAG values(1458, 'ent');
insert into STATION_FLAG values(1458, 'fix');
insert into STATION values (1459, 'Lathkill.BubbleSprings', 18, 420600.00, 366100.00, 157.30);
insert into STATION_FLAG values(1459, 'ent');
insert into STATION_FLAG values(1459, 'fix');
insert into STATION values (1460, 'Lathkill.EagleMine', 18, 415800.00, 366100.00, 270.00);
insert into STATION_FLAG values(1460, 'ent');
insert into STATION_FLAG values(1460, 'fix');
insert into STATION values (1461, 'Lathkill.FoxCub', 18, 416550.00, 366000.00, 255.00);
insert into STATION_FLAG values(1461, 'ent');
insert into STATION_FLAG values(1461, 'fix');
insert into STATION values (1462, 'Lathkill.GreenCowden', 18, 420028.00, 367812.00, 250.00);
insert into STATION_FLAG values(1462, 'ent');
insert into STATION_FLAG values(1462, 'fix');
insert into STATION values (1463, 'Lathkill.Lynx', 18, 417225.00, 365097.00, 233.00);
insert into STATION_FLAG values(1463, 'ent');
insert into STATION_FLAG values(1463, 'fix');
insert into STATION values (1464, 'Lathkill.MandaleMineIncline', 18, 419680.00, 366140.00, 180.00);
insert into STATION_FLAG values(1464, 'ent');
insert into STATION_FLAG values(1464, 'fix');
insert into STATION values (1465, 'Lathkill.MandaleFounderShaft', 18, 419121.00, 366354.00, 248.00);
insert into STATION_FLAG values(1465, 'ent');
insert into STATION_FLAG values(1465, 'fix');
insert into STATION values (1466, 'Lathkill.OneAshCave', 18, 417215.00, 365096.00, 245.00);
insert into STATION_FLAG values(1466, 'ent');
insert into STATION_FLAG values(1466, 'fix');
insert into STATION values (1467, 'Lathkill.OneAshShelter', 18, 417305.00, 365545.00, 245.00);
insert into STATION_FLAG values(1467, 'ent');
insert into STATION_FLAG values(1467, 'fix');
insert into STATION values (1468, 'Lathkill.WhimMine', 18, 413811.00, 366417.00, 329.00);
insert into STATION_FLAG values(1468, 'ent');
insert into STATION_FLAG values(1468, 'fix');
