create table SURVEY (ID integer, PARENT_ID integer, NAME varchar(6), FULL_NAME varchar(13), TITLE varchar(8));
create table CENTRELINE (ID integer, SURVEY_ID integer, TITLE varchar(4), TOPO_DATE date, EXPLO_DATE date, LENGTH real, SURFACE_LENGTH real, DUPLICATE_LENGTH real);
create table PERSON (ID integer, NAME varchar(1), SURNAME varchar(1));
create table EXPLO (PERSON_ID integer, CENTRELINE_ID integer);
create table TOPO (PERSON_ID integer, CENTRELINE_ID integer);
create table STATION (ID integer, NAME varchar(11), SURVEY_ID integer, X real, Y real, Z real);
create table STATION_FLAG (STATION_ID integer, FLAG char(3));
create table SHOT (ID integer, FROM_ID integer, TO_ID integer, CENTRELINE_ID integer, LENGTH real, BEARING real, GRADIENT real, ADJ_LENGTH real, ADJ_BEARING real, ADJ_GRADIENT real, ERR_LENGTH real, ERR_BEARING real, ERR_GRADIENT real);
create table SHOT_FLAG (SHOT_ID integer, FLAG char(3));
create table MAPS (ID integer, SURVEY_ID integer, NAME varchar(6), TITLE varchar(8), PROJID integer, LENGTH real, DEPTH real);
create table SCRAPS (ID integer, SURVEY_ID integer, NAME varchar(6), PROJID integer, MAX_DISTORTION real, AVG_DISTORTION real);
create table MAPITEMS (ID integer, TYPE integer, ITEMID integer);
insert into SURVEY values (1, 0, '', '', NULL);
 insert into CENTRELINE values (2, 1, NULL, NULL, NULL, 0.00, 0.00, 0.00);
 insert into SURVEY values (40, 1, 'cochon', 'cochon', 'cochon');
 insert into CENTRELINE values (41, 40, NULL, NULL, NULL, 0.00, 0.00, 0.00);
 insert into SURVEY values (42, 40, 'cochon', 'cochon.cochon', 'cochon');
 insert into CENTRELINE values (43, 42, NULL, NULL, NULL, 0.00, 0.00, 0.00);
 insert into CENTRELINE values (44, 42, NULL, NULL, NULL, 547.01, 0.00, 0.00);
 insert into SHOT values (1, 1, 2, 44, 2.840, 9.20, -22.71, 2.845, 9.21, -22.75, 0.005, 15.47, -41.46);
insert into SHOT values (2, 2, 3, 44, 2.460, 319.30, -32.80, 2.455, 319.13, -32.81, 0.008, 191.98, 18.30);
insert into SHOT values (3, 3, 4, 44, 4.890, 327.72, -39.09, 4.890, 327.69, -39.04, 0.005, 289.97, 45.25);
insert into SHOT values (4, 4, 5, 44, 5.880, 14.48, -15.49, 5.884, 14.50, -15.48, 0.005, 39.96, 4.53);
insert into SHOT values (5, 5, 6, 44, 2.740, 255.50, -54.25, 2.745, 255.53, -54.33, 0.006, 350.07, -82.81);
insert into SHOT values (6, 6, 7, 44, 3.210, 169.40, -5.60, 3.210, 169.36, -5.54, 0.004, 85.77, 53.28);
insert into SHOT values (7, 7, 8, 44, 3.710, 11.40, -2.00, 3.705, 11.37, -2.01, 0.005, 212.83, -5.49);
insert into SHOT values (8, 6, 9, 44, 18.300, 28.18, -81.80, 18.297, 28.14, -81.80, 0.004, 255.29, 46.55);
insert into SHOT values (9, 9, 10, 44, 3.670, 178.16, 28.59, 3.671, 178.04, 28.65, 0.008, 82.71, 29.46);
insert into SHOT values (10, 10, 11, 44, 2.340, 185.85, -16.35, 2.347, 185.86, -16.34, 0.007, 189.75, -11.27);
insert into SHOT values (11, 11, 12, 44, 7.850, 190.76, 10.78, 7.845, 190.77, 10.80, 0.006, 358.83, 16.64);
insert into SHOT values (12, 12, 13, 44, 12.170, 177.96, 4.49, 12.175, 177.97, 4.48, 0.006, 197.58, -27.36);
insert into SHOT values (13, 13, 14, 44, 2.040, 188.27, -1.44, 2.031, 188.21, -1.41, 0.009, 22.58, 8.17);
insert into SHOT values (14, 14, 15, 44, 7.150, 264.82, 2.80, 7.158, 264.78, 2.80, 0.009, 234.88, 4.41);
insert into SHOT values (15, 15, 16, 44, 5.270, 306.39, -0.41, 5.270, 306.44, -0.43, 0.005, 32.33, -29.64);
insert into SHOT values (16, 16, 17, 44, 10.480, 297.00, 9.75, 10.477, 297.01, 9.73, 0.006, 76.22, -59.28);
insert into SHOT values (17, 17, 18, 44, 1.560, 353.55, 1.85, 1.561, 353.38, 1.84, 0.005, 277.90, -4.19);
insert into SHOT values (18, 18, 19, 44, 6.710, 295.07, -40.68, 6.706, 295.00, -40.67, 0.007, 187.59, 30.97);
insert into SHOT values (19, 14, 20, 44, 5.090, 114.22, 10.13, 5.091, 114.26, 10.07, 0.007, 174.04, -50.40);
insert into SHOT values (20, 20, 21, 44, 1.450, 114.59, -29.31, 1.452, 114.74, -29.28, 0.004, 175.47, -2.60);
insert into SHOT values (21, 21, 22, 44, 6.200, 95.31, 5.24, 6.193, 95.30, 5.28, 0.009, 281.39, 25.98);
insert into SHOT values (22, 22, 23, 44, 4.100, 89.78, -16.96, 4.100, 89.71, -17.02, 0.007, 341.79, -37.12);
insert into SHOT values (23, 23, 24, 44, 5.500, 97.15, 9.69, 5.502, 97.20, 9.73, 0.007, 172.74, 39.80);
insert into SHOT values (24, 24, 25, 44, 4.690, 87.06, -17.84, 4.692, 87.05, -17.87, 0.004, 50.95, -60.64);
insert into SHOT values (25, 25, 26, 44, 3.260, 132.23, 30.52, 3.264, 132.26, 30.57, 0.005, 166.04, 60.45);
insert into SHOT values (26, 26, 27, 44, 3.200, 171.81, 15.69, 3.199, 171.79, 15.59, 0.006, 118.25, -75.80);
insert into SHOT values (27, 27, 28, 44, 1.400, 159.59, 1.97, 1.400, 159.49, 2.05, 0.003, 57.23, 36.99);
insert into SHOT values (28, 28, 29, 44, 6.910, 143.00, 7.40, 6.906, 143.01, 7.40, 0.005, 305.67, 0.28);
insert into SHOT values (29, 9, 30, 44, 15.190, 3.44, 18.37, 15.191, 3.46, 18.38, 0.005, 89.25, 31.42);
insert into SHOT values (30, 31, 32, 44, 4.860, 193.25, 16.34, 4.859, 193.26, 16.26, 0.007, 243.76, -81.59);
insert into SHOT values (31, 32, 33, 44, 3.960, 191.18, -36.40, 3.955, 191.24, -36.46, 0.007, 344.43, -0.49);
insert into SHOT values (32, 33, 34, 44, 3.240, 144.05, -52.79, 3.241, 144.12, -52.74, 0.004, 183.83, 6.19);
insert into SHOT values (33, 34, 35, 44, 13.720, 123.37, -71.38, 13.719, 123.36, -71.37, 0.002, 102.49, 48.33);
insert into SHOT values (34, 35, 30, 44, 1.320, 331.18, 12.56, 1.321, 331.25, 12.68, 0.003, 42.54, 61.94);
insert into SHOT values (35, 9, 36, 44, 5.080, 7.90, -17.41, 5.079, 7.95, -17.41, 0.004, 108.98, -0.40);
insert into SHOT values (36, 36, 37, 44, 3.170, 63.38, -27.77, 3.175, 63.34, -27.79, 0.005, 36.28, -36.71);
insert into SHOT values (37, 37, 38, 44, 8.400, 144.77, -45.69, 8.401, 144.85, -45.67, 0.008, 214.54, 5.42);
insert into SHOT values (38, 38, 39, 44, 6.920, 269.43, -34.39, 6.921, 269.50, -34.40, 0.007, 1.60, -12.05);
insert into SHOT values (39, 39, 40, 44, 6.050, 283.52, -72.79, 6.041, 283.57, -72.77, 0.009, 16.17, 80.46);
insert into SHOT values (40, 40, 41, 44, 4.880, 98.51, -53.10, 4.888, 98.63, -53.12, 0.010, 160.69, -48.32);
insert into SHOT values (41, 41, 42, 44, 2.470, 10.57, -21.34, 2.469, 10.53, -21.38, 0.003, 232.39, -23.90);
insert into SHOT values (42, 42, 43, 44, 2.790, 356.45, -16.91, 2.795, 356.57, -16.85, 0.008, 42.24, 11.11);
insert into SHOT values (43, 43, 44, 44, 2.680, 305.15, -1.09, 2.678, 305.11, -1.07, 0.003, 162.31, 19.10);
insert into SHOT values (44, 44, 45, 44, 3.960, 354.67, 1.74, 3.959, 354.64, 1.74, 0.003, 246.12, -5.23);
insert into SHOT values (45, 45, 46, 44, 9.160, 342.11, -13.80, 9.162, 342.14, -13.76, 0.007, 28.62, 44.33);
insert into SHOT values (46, 46, 47, 44, 5.170, 358.77, 6.97, 5.169, 358.77, 6.89, 0.007, 176.86, -85.24);
insert into SHOT values (47, 47, 48, 44, 1.690, 218.40, -18.75, 1.697, 218.44, -18.56, 0.009, 225.34, 21.16);
insert into SHOT values (48, 48, 49, 44, 2.570, 244.40, -46.95, 2.568, 244.61, -47.07, 0.009, 15.18, -13.24);
insert into SHOT values (49, 48, 50, 44, 6.050, 333.09, 21.75, 6.047, 333.12, 21.74, 0.004, 106.00, -30.00);
insert into SHOT values (50, 50, 51, 44, 3.980, 306.69, -6.74, 3.985, 306.78, -6.63, 0.011, 355.68, 40.28);
insert into SHOT values (51, 51, 52, 44, 7.610, 351.95, 31.74, 7.602, 351.91, 31.75, 0.010, 205.35, -20.47);
insert into SHOT values (52, 52, 53, 44, 3.550, 31.24, -3.67, 3.552, 31.27, -3.71, 0.004, 68.66, -44.88);
insert into SHOT values (53, 51, 54, 44, 3.580, 287.48, -73.70, 3.584, 287.35, -73.70, 0.005, 221.45, -57.88);
insert into SHOT values (54, 54, 55, 44, 9.250, 353.22, -0.87, 9.246, 353.23, -0.87, 0.005, 158.56, 5.59);
insert into SHOT values (55, 55, 56, 44, 6.310, 329.14, -16.25, 6.312, 329.12, -16.28, 0.005, 263.20, -56.92);
insert into SHOT values (56, 56, 57, 44, 2.900, 30.46, -4.23, 2.908, 30.46, -4.14, 0.009, 28.35, 25.85);
insert into SHOT values (57, 57, 58, 44, 5.640, 48.19, -70.73, 5.634, 48.06, -70.77, 0.008, 263.55, 28.39);
insert into SHOT values (58, 57, 59, 44, 7.980, 8.14, -9.22, 7.972, 8.11, -9.24, 0.009, 216.19, -8.54);
insert into SHOT values (59, 59, 60, 44, 8.980, 355.92, 6.62, 8.983, 355.95, 6.65, 0.007, 60.99, 43.07);
insert into SHOT values (60, 60, 61, 44, 15.060, 331.46, -10.59, 15.064, 331.48, -10.60, 0.006, 24.57, -21.70);
insert into SHOT values (61, 61, 62, 44, 9.950, 343.91, -7.69, 9.948, 343.86, -7.68, 0.009, 239.78, 9.53);
insert into SHOT values (62, 62, 63, 44, 4.960, 23.56, 1.11, 4.967, 23.62, 1.04, 0.011, 60.51, -34.51);
insert into SHOT values (63, 63, 64, 44, 2.460, 354.55, 41.65, 2.464, 354.38, 41.73, 0.007, 271.55, 43.23);
insert into SHOT values (64, 64, 65, 44, 1.470, 342.95, 50.85, 1.465, 342.94, 51.08, 0.008, 163.96, 0.16);
insert into SHOT values (65, 65, 66, 44, 2.770, 356.69, 14.19, 2.770, 356.58, 14.21, 0.005, 258.65, 10.72);
insert into SHOT values (66, 66, 67, 44, 10.740, 335.76, 9.34, 10.745, 335.78, 9.32, 0.007, 6.19, -24.39);
insert into SHOT values (67, 67, 68, 44, 9.400, 121.22, 8.25, 9.408, 121.25, 8.25, 0.009, 150.09, 7.25);
insert into SHOT values (68, 68, 69, 44, 4.810, 96.68, 1.44, 4.803, 96.58, 1.43, 0.011, 328.38, -4.51);
insert into SHOT values (69, 69, 70, 44, 7.110, 29.39, 4.23, 7.103, 29.42, 4.20, 0.009, 179.21, -29.07);
insert into SHOT values (70, 70, 71, 44, 15.260, 121.66, 23.61, 15.270, 121.65, 23.63, 0.012, 93.66, 44.11);
insert into SHOT values (71, 71, 72, 44, 6.530, 76.35, 9.10, 6.526, 76.27, 9.08, 0.011, 326.10, -15.09);
insert into SHOT values (72, 72, 73, 44, 4.030, 88.02, 48.08, 4.030, 88.08, 48.10, 0.003, 195.25, 23.98);
insert into SHOT values (73, 71, 74, 44, 10.160, 323.18, -21.50, 10.167, 323.17, -21.52, 0.008, 296.73, -48.89);
insert into SHOT values (74, 74, 75, 44, 10.400, 307.23, 6.37, 10.399, 307.21, 6.40, 0.007, 190.58, 59.72);
insert into SHOT values (75, 75, 76, 44, 8.040, 338.54, 17.33, 8.046, 338.54, 17.28, 0.009, 342.13, -33.77);
insert into SHOT values (76, 76, 77, 44, 11.640, 311.81, 17.91, 11.634, 311.81, 17.92, 0.007, 127.42, 3.68);
insert into SHOT values (77, 77, 78, 44, 5.230, 247.64, -34.41, 5.232, 247.66, -34.46, 0.005, 17.94, -72.13);
insert into SHOT values (78, 78, 79, 44, 6.980, 307.65, -30.61, 6.981, 307.63, -30.57, 0.006, 275.69, 48.03);
insert into SHOT values (79, 79, 80, 44, 7.870, 299.00, 10.08, 7.866, 299.05, 10.10, 0.008, 64.65, 18.55);
insert into SHOT values (80, 79, 81, 44, 3.290, 282.30, -43.52, 3.286, 282.35, -43.46, 0.006, 28.07, 70.56);
insert into SHOT values (81, 81, 82, 44, 1.430, 298.44, -49.67, 1.428, 298.51, -49.78, 0.004, 101.50, 1.95);
insert into SHOT values (82, 82, 83, 44, 4.640, 304.22, 24.58, 4.639, 304.18, 24.58, 0.003, 198.18, -1.26);
insert into SHOT values (83, 82, 84, 44, 5.230, 100.58, -34.47, 5.231, 100.55, -34.46, 0.002, 41.90, 1.14);
insert into SHOT values (84, 78, 85, 44, 10.050, 197.38, -39.51, 10.049, 197.41, -39.49, 0.005, 264.73, 46.47);
insert into SHOT values (85, 85, 86, 44, 5.810, 117.99, 3.28, 5.807, 117.98, 3.26, 0.004, 321.09, -38.24);
insert into SHOT values (86, 86, 87, 44, 2.780, 149.86, 16.10, 2.784, 149.70, 16.06, 0.009, 90.73, -5.98);
insert into SHOT values (87, 87, 88, 44, 7.360, 107.00, -25.50, 7.353, 106.99, -25.45, 0.009, 311.37, 67.12);
insert into SHOT values (88, 67, 89, 44, 6.290, 323.47, -25.50, 6.290, 323.45, -25.52, 0.003, 200.56, -44.04);
insert into SHOT values (89, 89, 90, 44, 6.220, 280.10, -25.93, 6.214, 280.10, -25.96, 0.007, 98.83, -1.30);
insert into SHOT values (90, 90, 91, 44, 5.260, 25.05, 11.00, 5.261, 24.98, 11.07, 0.009, 290.51, 43.21);
insert into SHOT values (91, 90, 92, 44, 6.070, 264.79, -50.78, 6.067, 264.77, -50.78, 0.004, 125.42, 43.48);
insert into SHOT values (92, 92, 93, 44, 5.550, 168.33, -33.99, 5.543, 168.32, -34.00, 0.007, 353.97, 22.27);
insert into SHOT values (93, 93, 94, 44, 3.980, 2.27, -23.97, 3.978, 2.21, -24.03, 0.006, 226.67, -28.54);
insert into CENTRELINE values (45, 42, NULL, NULL, NULL, 213.55, 0.00, 0.00);
 insert into SHOT values (94, 95, 96, 45, 12.840, 192.43, 88.63, 12.844, 193.13, 88.63, 0.005, 267.04, 42.92);
insert into SHOT values (95, 96, 97, 45, 4.330, 241.38, 42.80, 4.332, 241.26, 42.74, 0.008, 188.75, -13.72);
insert into SHOT values (96, 97, 98, 45, 6.950, 290.47, -3.53, 6.953, 290.50, -3.55, 0.005, 346.85, -24.24);
insert into SHOT values (97, 98, 99, 45, 9.150, 302.40, 4.49, 9.150, 302.42, 4.51, 0.005, 38.95, 46.44);
insert into SHOT values (98, 99, 100, 45, 7.070, 296.77, -1.75, 7.069, 296.75, -1.78, 0.005, 191.03, -58.04);
insert into SHOT values (99, 100, 101, 45, 10.960, 26.80, 36.06, 10.962, 26.83, 36.04, 0.006, 76.55, -13.50);
insert into SHOT values (100, 101, 102, 45, 14.030, 292.06, 2.21, 14.035, 292.03, 2.25, 0.012, 234.57, 48.57);
insert into SHOT values (101, 102, 103, 45, 4.220, 239.07, 4.75, 4.213, 239.04, 4.77, 0.008, 76.02, 4.16);
insert into SHOT values (102, 103, 104, 45, 11.540, 308.99, -1.18, 11.542, 308.99, -1.19, 0.003, 304.93, -45.41);
insert into SHOT values (103, 104, 105, 45, 13.910, 298.11, -0.50, 13.909, 298.09, -0.49, 0.003, 195.60, 24.92);
insert into SHOT values (104, 105, 106, 45, 4.400, 257.87, -3.03, 4.404, 257.92, -3.12, 0.009, 309.55, -53.01);
insert into SHOT values (105, 106, 107, 45, 19.380, 254.38, 3.73, 19.376, 254.37, 3.73, 0.005, 110.77, -9.21);
insert into SHOT values (106, 107, 108, 45, 9.320, 217.13, 6.55, 9.320, 217.14, 6.59, 0.007, 329.56, 67.95);
insert into SHOT values (107, 108, 109, 45, 11.960, 278.58, -3.64, 11.958, 278.58, -3.64, 0.003, 88.85, -16.04);
insert into SHOT values (108, 109, 110, 45, 7.090, 292.07, -0.68, 7.089, 292.04, -0.73, 0.007, 176.73, -59.98);
insert into SHOT values (109, 110, 111, 45, 5.330, 208.27, -9.95, 5.328, 208.32, -9.94, 0.005, 314.88, 10.09);
insert into SHOT values (110, 111, 112, 45, 6.220, 238.38, 5.25, 6.218, 238.34, 5.26, 0.005, 118.83, 10.23);
insert into SHOT values (111, 112, 113, 45, 7.440, 177.77, 9.75, 7.443, 177.81, 9.75, 0.007, 242.34, 0.35);
insert into SHOT values (112, 113, 114, 45, 4.440, 256.43, -9.49, 4.431, 256.50, -9.48, 0.011, 41.61, 11.12);
insert into SHOT values (113, 114, 115, 45, 2.800, 260.92, 36.61, 2.801, 260.79, 36.60, 0.005, 186.53, 1.97);
insert into SHOT values (114, 115, 116, 45, 6.810, 238.35, 0.45, 6.811, 238.39, 0.42, 0.006, 318.33, -35.36);
insert into SHOT values (115, 116, 117, 45, 7.410, 231.39, -0.87, 7.414, 231.35, -0.85, 0.007, 186.50, 21.93);
insert into SHOT values (116, 117, 118, 45, 7.840, 236.17, 9.16, 7.841, 236.17, 9.17, 0.002, 235.59, 66.43);
insert into SHOT values (117, 118, 119, 45, 4.640, 256.67, -4.83, 4.640, 256.75, -4.82, 0.006, 349.97, 6.13);
insert into SHOT values (118, 112, 120, 45, 0.000, 0.91, 0.00, 0.000, 90.00, 0.00, 0.000, 90.00, 0.00);
insert into SHOT values (119, 120, 121, 45, 4.590, 154.16, -2.54, 4.593, 154.16, -2.50, 0.005, 160.53, 45.89);
insert into SHOT values (120, 121, 122, 45, 3.210, 122.51, -25.34, 3.208, 122.59, -25.48, 0.009, 261.88, -42.58);
insert into SHOT values (121, 122, 123, 45, 2.140, 118.02, -2.90, 2.141, 117.88, -2.68, 0.010, 39.21, 58.55);
insert into SHOT values (122, 123, 124, 45, 3.530, 343.95, 32.66, 3.530, 344.00, 32.56, 0.007, 24.47, -48.32);
insert into CENTRELINE values (46, 42, NULL, NULL, NULL, 69.69, 0.00, 0.00);
 insert into SHOT values (123, 66, 125, 46, 0.000, 1.09, 0.00, 0.000, 90.00, 0.00, 0.000, 90.00, 0.00);
insert into SHOT values (124, 125, 126, 46, 10.670, 335.82, 9.00, 10.673, 335.87, 9.00, 0.010, 49.35, 5.01);
insert into SHOT values (125, 126, 127, 46, 6.960, 5.29, 25.49, 6.953, 5.30, 25.47, 0.008, 168.42, -41.64);
insert into SHOT values (126, 127, 95, 46, 2.420, 18.31, -8.29, 2.426, 18.21, -8.30, 0.007, 341.50, -8.95);
insert into SHOT values (127, 95, 128, 46, 11.210, 102.34, 14.87, 11.208, 102.37, 14.89, 0.008, 220.28, 25.17);
insert into SHOT values (128, 128, 129, 46, 2.340, 93.99, 2.65, 2.338, 93.93, 2.70, 0.004, 323.54, 30.28);
insert into SHOT values (129, 129, 130, 46, 7.240, 124.84, -8.36, 7.241, 124.82, -8.42, 0.008, 19.71, -75.63);
insert into SHOT values (130, 130, 131, 46, 12.450, 134.14, 16.14, 12.459, 134.12, 16.17, 0.012, 105.65, 51.40);
insert into SHOT values (131, 131, 132, 46, 1.020, 199.13, 5.45, 1.022, 199.50, 5.05, 0.010, 264.83, -43.14);
insert into SHOT values (132, 126, 133, 46, 0.000, 1.09, 0.00, 0.000, 90.00, 0.00, 0.000, 90.00, 0.00);
insert into SHOT values (133, 133, 134, 46, 4.140, 340.01, -12.64, 4.135, 339.99, -12.71, 0.008, 168.71, -32.78);
insert into SHOT values (134, 134, 135, 46, 6.430, 295.79, -34.21, 6.437, 295.84, -34.22, 0.009, 343.64, -34.48);
insert into SHOT values (135, 135, 136, 46, 4.810, 328.54, -20.77, 4.804, 328.47, -20.72, 0.009, 202.40, 40.63);
insert into CENTRELINE values (47, 42, NULL, NULL, NULL, 384.87, 0.00, 0.00);
 insert into SHOT values (136, 91, 137, 47, 2.700, 69.53, -26.35, 2.702, 69.69, -26.37, 0.007, 151.64, -12.91);
insert into SHOT values (137, 137, 138, 47, 3.290, 16.27, -66.16, 3.292, 16.12, -66.12, 0.004, 323.79, -9.33);
insert into SHOT values (138, 138, 139, 47, 2.350, 280.59, -39.47, 2.351, 280.50, -39.64, 0.008, 136.71, -52.87);
insert into SHOT values (139, 139, 140, 47, 2.590, 267.58, -81.24, 2.590, 268.53, -81.34, 0.008, 31.60, -1.56);
insert into SHOT values (140, 140, 141, 47, 3.710, 48.98, -43.51, 3.704, 49.07, -43.50, 0.007, 180.75, 35.59);
insert into SHOT values (141, 141, 142, 47, 6.020, 352.24, -63.81, 6.022, 352.23, -63.74, 0.008, 350.37, 14.61);
insert into SHOT values (142, 142, 143, 47, 4.570, 268.51, -33.63, 4.575, 268.50, -33.58, 0.006, 260.21, 9.02);
insert into SHOT values (143, 143, 144, 47, 5.970, 217.97, -5.43, 5.970, 217.89, -5.48, 0.010, 126.06, -31.95);
insert into SHOT values (144, 143, 145, 47, 5.540, 269.23, -49.07, 5.544, 269.21, -49.09, 0.005, 215.30, -71.36);
insert into SHOT values (145, 145, 146, 47, 7.650, 291.73, -51.34, 7.648, 291.73, -51.32, 0.004, 315.38, 75.43);
insert into SHOT values (146, 146, 147, 47, 4.810, 315.20, -4.00, 4.806, 315.17, -4.06, 0.007, 167.72, -42.75);
insert into SHOT values (147, 147, 148, 47, 3.720, 338.74, 37.99, 3.718, 338.78, 38.02, 0.004, 126.58, 3.76);
insert into SHOT values (148, 148, 149, 47, 4.180, 313.41, -58.62, 4.182, 313.51, -58.61, 0.005, 15.61, -17.68);
insert into SHOT values (149, 148, 150, 47, 4.260, 8.91, 7.37, 4.266, 8.84, 7.41, 0.008, 324.80, 25.11);
insert into SHOT values (150, 147, 151, 47, 10.470, 225.47, 30.61, 10.467, 225.45, 30.61, 0.004, 100.73, -17.60);
insert into SHOT values (151, 151, 152, 47, 16.180, 92.22, 11.30, 16.175, 92.20, 11.30, 0.006, 316.26, -3.64);
insert into SHOT values (152, 152, 153, 47, 5.800, 272.15, 27.32, 5.804, 272.11, 27.39, 0.009, 189.83, 67.19);
insert into SHOT values (153, 147, 154, 47, 4.760, 145.23, -15.90, 4.758, 145.23, -15.86, 0.004, 306.07, 78.11);
insert into SHOT values (154, 154, 155, 47, 2.900, 254.77, -61.44, 2.898, 254.85, -61.62, 0.009, 61.48, -18.12);
insert into SHOT values (155, 155, 156, 47, 2.410, 349.20, -30.88, 2.411, 349.12, -30.96, 0.004, 234.51, -45.98);
insert into SHOT values (156, 156, 157, 47, 2.110, 21.78, -19.37, 2.112, 21.80, -19.36, 0.002, 42.65, -5.00);
insert into SHOT values (157, 157, 158, 47, 4.090, 341.01, -28.63, 4.087, 340.96, -28.66, 0.005, 201.96, -3.16);
insert into SHOT values (158, 158, 159, 47, 1.930, 352.28, 33.24, 1.932, 352.17, 33.28, 0.004, 277.45, 33.07);
insert into SHOT values (159, 159, 160, 47, 2.510, 18.60, 16.24, 2.515, 18.58, 16.16, 0.006, 12.66, -17.53);
insert into SHOT values (160, 160, 161, 47, 6.830, 306.52, -37.40, 6.820, 306.45, -37.37, 0.012, 176.96, 43.07);
insert into SHOT values (161, 161, 162, 47, 2.440, 324.37, 4.03, 2.442, 324.35, 3.99, 0.003, 308.66, -28.84);
insert into SHOT values (162, 162, 163, 47, 6.740, 1.45, 12.23, 6.746, 1.48, 12.24, 0.006, 33.10, 20.15);
insert into SHOT values (163, 163, 164, 47, 3.150, 18.88, 38.78, 3.144, 18.80, 38.79, 0.006, 232.87, -27.01);
insert into SHOT values (164, 164, 165, 47, 12.290, 6.71, 26.36, 12.295, 6.73, 26.37, 0.006, 44.65, 33.75);
insert into SHOT values (165, 165, 166, 47, 15.780, 319.02, -21.17, 15.781, 319.02, -21.17, 0.002, 2.77, -51.12);
insert into SHOT values (166, 166, 167, 47, 11.440, 351.22, -32.68, 11.436, 351.21, -32.71, 0.007, 182.13, -25.87);
insert into SHOT values (167, 167, 168, 47, 7.930, 42.29, -7.13, 7.932, 42.32, -7.10, 0.007, 98.97, 38.64);
insert into SHOT values (168, 168, 169, 47, 11.360, 2.36, 0.78, 11.360, 2.32, 0.76, 0.009, 275.07, -30.81);
insert into SHOT values (169, 169, 170, 47, 6.210, 310.60, -1.68, 6.208, 310.62, -1.66, 0.004, 82.11, 33.87);
insert into SHOT values (170, 170, 171, 47, 11.620, 356.92, 9.50, 11.626, 356.90, 9.51, 0.008, 324.39, 16.44);
insert into SHOT values (171, 171, 172, 47, 5.610, 20.61, 3.48, 5.612, 20.70, 3.47, 0.009, 98.09, -3.37);
insert into SHOT values (172, 172, 173, 47, 4.210, 352.31, -8.69, 4.207, 352.26, -8.75, 0.007, 216.33, -36.65);
insert into SHOT values (173, 173, 174, 47, 6.840, 290.98, -40.95, 6.836, 291.00, -40.95, 0.005, 85.27, 38.82);
insert into SHOT values (174, 174, 175, 47, 10.970, 306.51, -43.99, 10.976, 306.51, -43.97, 0.008, 303.60, -7.24);
insert into SHOT values (175, 175, 176, 47, 6.070, 357.49, -18.02, 6.064, 357.51, -18.06, 0.008, 157.53, -17.20);
insert into SHOT values (176, 176, 177, 47, 4.640, 334.36, 9.92, 4.649, 334.39, 9.91, 0.010, 346.72, 3.86);
insert into SHOT values (177, 177, 178, 47, 5.040, 332.79, -37.49, 5.037, 332.73, -37.55, 0.007, 192.45, -20.91);
insert into SHOT values (178, 178, 179, 47, 5.750, 210.18, -46.38, 5.747, 210.12, -46.37, 0.005, 102.59, 31.35);
insert into SHOT values (179, 179, 180, 47, 10.180, 329.42, -11.90, 10.185, 329.42, -11.90, 0.005, 330.83, -9.97);
insert into SHOT values (180, 180, 181, 47, 3.950, 325.37, 15.06, 3.953, 325.35, 15.10, 0.005, 300.34, 52.67);
insert into SHOT values (181, 181, 182, 47, 5.070, 358.54, -10.20, 5.072, 358.62, -10.22, 0.008, 76.22, -16.54);
insert into SHOT values (182, 182, 183, 47, 9.640, 341.82, -65.87, 9.641, 341.80, -65.90, 0.005, 185.84, -29.07);
insert into SHOT values (183, 181, 184, 47, 5.350, 332.74, 21.13, 5.343, 332.77, 21.17, 0.008, 136.80, 9.58);
insert into SHOT values (184, 184, 185, 47, 6.520, 286.03, -61.83, 6.523, 286.02, -61.83, 0.003, 270.97, -54.02);
insert into SHOT values (185, 185, 186, 47, 5.010, 329.18, 17.49, 5.014, 329.20, 17.41, 0.009, 344.01, -40.54);
insert into SHOT values (186, 186, 187, 47, 7.010, 290.90, -27.89, 7.012, 290.89, -27.89, 0.002, 261.68, -25.09);
insert into SHOT values (187, 187, 188, 47, 6.270, 334.65, -4.09, 6.265, 334.71, -4.03, 0.011, 103.49, 42.52);
insert into SHOT values (188, 188, 189, 47, 7.820, 330.98, -22.47, 7.823, 330.95, -22.47, 0.005, 282.12, -14.84);
insert into SHOT values (189, 189, 190, 47, 11.760, 269.57, -21.86, 11.757, 269.58, -21.87, 0.005, 65.25, -15.83);
insert into SHOT values (190, 190, 191, 47, 8.320, 140.78, -46.15, 8.320, 140.84, -46.15, 0.006, 224.36, 0.16);
insert into SHOT values (191, 190, 192, 47, 13.240, 334.09, 45.17, 13.237, 334.07, 45.19, 0.006, 192.38, 1.58);
insert into SHOT values (192, 192, 193, 47, 7.240, 340.31, 15.39, 7.240, 340.24, 15.38, 0.009, 254.53, -9.51);
insert into SHOT values (193, 179, 194, 47, 1.990, 133.97, -25.92, 1.990, 133.87, -25.93, 0.003, 35.25, -2.47);
insert into SHOT values (194, 194, 195, 47, 2.050, 206.66, -75.13, 2.049, 207.05, -75.08, 0.004, 272.23, 18.82);
insert into SHOT values (195, 195, 196, 47, 5.470, 128.13, 20.70, 5.473, 128.10, 20.65, 0.006, 96.69, -34.82);
insert into SHOT values (196, 196, 197, 47, 2.220, 54.65, 44.91, 2.221, 54.59, 44.99, 0.004, 278.42, 48.28);
insert into SHOT values (197, 197, 198, 47, 2.930, 339.90, 56.86, 2.925, 339.86, 56.89, 0.005, 173.68, -38.58);
insert into SHOT values (198, 198, 199, 47, 3.390, 160.52, 58.50, 3.390, 160.54, 58.50, 0.001, 259.94, -33.23);
insert into CENTRELINE values (48, 42, NULL, '2019-12-31', NULL, 122.98, 0.00, 0.00);
 insert into SHOT values (199, 119, 200, 48, 3.020, 349.98, -18.99, 3.016, 350.11, -18.96, 0.007, 107.73, 21.32);
insert into SHOT values (200, 200, 201, 48, 8.080, 287.36, -77.25, 8.091, 287.22, -77.22, 0.012, 254.64, -47.94);
insert into SHOT values (201, 119, 202, 48, 6.990, 263.89, 1.81, 6.984, 263.83, 1.81, 0.010, 135.18, -4.57);
insert into SHOT values (202, 202, 203, 48, 2.920, 298.28, -6.00, 2.925, 298.33, -6.08, 0.007, 325.35, -44.96);
insert into SHOT values (203, 203, 204, 48, 4.240, 24.75, -39.10, 4.240, 24.78, -39.03, 0.005, 48.70, 54.38);
insert into SHOT values (204, 204, 205, 48, 9.780, 323.08, -37.50, 9.775, 323.07, -37.49, 0.005, 174.63, 46.40);
insert into SHOT values (205, 205, 206, 48, 4.120, 339.17, 5.61, 4.118, 339.13, 5.57, 0.004, 223.50, -39.95);
insert into SHOT values (206, 206, 207, 48, 6.330, 291.68, -52.30, 6.333, 291.66, -52.29, 0.003, 264.08, -27.48);
insert into SHOT values (207, 207, 208, 48, 5.930, 292.90, -69.50, 5.925, 292.98, -69.50, 0.006, 59.76, 52.24);
insert into SHOT values (208, 208, 209, 48, 6.730, 228.62, -75.01, 6.739, 228.72, -75.01, 0.010, 278.99, -67.03);
insert into SHOT values (209, 208, 210, 48, 5.530, 336.69, 36.37, 5.530, 336.72, 36.38, 0.002, 72.44, 22.54);
insert into SHOT values (210, 210, 211, 48, 1.490, 272.89, 58.95, 1.486, 272.97, 58.74, 0.007, 295.84, -67.23);
insert into SHOT values (211, 211, 212, 48, 8.970, 327.03, -33.60, 8.971, 327.01, -33.57, 0.006, 288.93, 38.78);
insert into SHOT values (212, 212, 213, 48, 8.440, 303.37, -34.87, 8.441, 303.39, -34.90, 0.005, 75.35, -59.50);
insert into SHOT values (213, 213, 214, 48, 2.660, 314.50, -7.95, 2.663, 314.54, -7.99, 0.004, 341.28, -30.68);
insert into SHOT values (214, 214, 215, 48, 3.360, 296.99, -56.83, 3.358, 296.84, -56.81, 0.005, 203.72, 27.22);
insert into SHOT values (215, 214, 216, 48, 2.660, 314.50, -7.95, 2.655, 314.38, -7.79, 0.010, 189.69, 49.51);
insert into SHOT values (216, 207, 217, 48, 2.430, 155.44, -48.30, 2.426, 155.50, -48.25, 0.005, 279.95, 67.37);
insert into SHOT values (217, 217, 218, 48, 6.980, 177.53, -67.94, 6.978, 177.37, -68.01, 0.012, 38.46, -4.91);
insert into SHOT values (218, 218, 219, 48, 8.490, 201.17, -68.10, 8.496, 201.23, -68.05, 0.010, 220.84, -15.81);
insert into SHOT values (219, 206, 220, 48, 11.300, 111.78, 29.04, 11.292, 111.76, 29.03, 0.009, 329.03, -35.06);
insert into SHOT values (220, 220, 221, 48, 2.530, 146.07, 15.92, 2.534, 146.05, 16.04, 0.007, 119.65, 67.89);
insert into CENTRELINE values (49, 42, NULL, NULL, NULL, 259.27, 0.00, 21.94);
 insert into SHOT values (221, 169, 222, 49, 5.260, 131.32, 31.40, 5.262, 131.21, 31.38, 0.009, 61.60, -3.17);
insert into SHOT values (222, 222, 223, 49, 11.330, 112.89, 43.39, 11.324, 112.89, 43.40, 0.007, 296.65, -29.89);
insert into SHOT values (223, 223, 224, 49, 10.700, 169.87, 14.76, 10.705, 169.87, 14.77, 0.006, 177.19, 42.10);
insert into SHOT values (224, 223, 225, 49, 5.680, 106.05, 9.01, 5.679, 106.04, 9.02, 0.002, 309.93, 16.35);
insert into SHOT values (225, 225, 226, 49, 4.500, 68.15, 0.00, 4.501, 68.22, 0.00, 0.006, 145.66, 0.00);
insert into SHOT values (226, 226, 227, 49, 2.250, 64.35, -35.47, 2.244, 64.42, -35.40, 0.007, 210.25, 56.57);
insert into SHOT values (227, 227, 228, 49, 14.690, 130.10, -74.55, 14.690, 130.12, -74.56, 0.004, 281.82, -13.67);
insert into SHOT values (228, 228, 229, 49, 10.760, 195.30, 27.85, 10.756, 195.31, 27.88, 0.007, 4.03, 27.37);
insert into SHOT_FLAG values(228, 'dpl');
insert into SHOT values (229, 228, 230, 49, 11.180, 129.75, 39.20, 11.175, 129.75, 39.18, 0.006, 272.88, -79.52);
insert into SHOT_FLAG values(229, 'dpl');
insert into SHOT values (230, 228, 231, 49, 15.290, 344.19, -25.50, 15.290, 344.19, -25.49, 0.003, 354.76, 58.75);
insert into SHOT values (231, 231, 232, 49, 4.360, 3.53, -3.54, 4.357, 3.56, -3.55, 0.004, 149.21, -11.22);
insert into SHOT values (232, 232, 233, 49, 4.750, 335.01, 5.52, 4.755, 335.01, 5.43, 0.009, 330.35, -52.32);
insert into SHOT values (233, 231, 234, 49, 7.700, 128.53, -6.86, 7.698, 128.52, -6.86, 0.002, 349.12, -7.17);
insert into SHOT values (234, 234, 235, 49, 5.190, 342.32, -36.54, 5.186, 342.39, -36.57, 0.007, 114.59, 0.34);
insert into SHOT values (235, 235, 236, 49, 5.730, 19.84, -46.31, 5.732, 19.81, -46.39, 0.008, 227.32, -55.77);
insert into SHOT values (236, 236, 237, 49, 12.210, 125.81, 39.20, 12.207, 125.79, 39.23, 0.008, 331.96, 22.29);
insert into SHOT values (237, 237, 238, 49, 13.490, 138.61, 25.55, 13.492, 138.60, 25.55, 0.004, 73.00, 30.06);
insert into SHOT values (238, 238, 239, 49, 18.100, 152.96, 37.25, 18.102, 152.97, 37.22, 0.009, 178.61, -38.80);
insert into SHOT values (239, 239, 240, 49, 9.750, 179.33, 25.20, 9.752, 179.35, 25.25, 0.009, 295.13, 68.31);
insert into SHOT values (240, 240, 241, 49, 8.110, 149.58, 29.64, 8.111, 149.58, 29.63, 0.002, 147.58, -23.48);
insert into SHOT values (241, 241, 242, 49, 13.020, 148.98, 24.75, 13.020, 148.94, 24.74, 0.007, 65.34, -7.35);
insert into SHOT values (242, 242, 243, 49, 10.690, 171.59, 32.65, 10.682, 171.63, 32.63, 0.010, 302.17, -44.19);
insert into SHOT values (243, 243, 244, 49, 6.050, 150.83, 48.45, 6.057, 150.82, 48.41, 0.008, 145.66, 17.42);
insert into SHOT values (244, 244, 245, 49, 10.270, 166.45, 11.67, 10.264, 166.42, 11.69, 0.009, 24.80, 17.14);
insert into SHOT values (245, 245, 246, 49, 8.050, 134.61, 33.76, 8.045, 134.64, 33.75, 0.006, 270.65, -38.41);
insert into SHOT values (246, 246, 247, 49, 17.450, 171.40, 20.13, 17.452, 171.40, 20.14, 0.005, 149.64, 87.80);
insert into SHOT values (247, 247, 248, 49, 12.630, 281.66, 17.80, 12.632, 281.66, 17.79, 0.003, 261.06, -18.36);
insert into SHOT values (248, 248, 249, 49, 15.080, 353.95, -8.39, 15.074, 353.96, -8.39, 0.006, 157.49, 3.14);
insert into SHOT values (249, 249, 250, 49, 6.940, 245.35, 27.85, 6.942, 245.36, 27.82, 0.004, 255.17, -33.86);
insert into CENTRELINE values (50, 42, NULL, NULL, NULL, 146.16, 0.00, 10.62);
 insert into SHOT values (250, 119, 251, 50, 3.760, 339.06, -33.17, 3.761, 339.15, -33.22, 0.006, 82.77, -28.90);
insert into SHOT_FLAG values(250, 'dpl');
insert into SHOT values (251, 251, 252, 50, 6.860, 245.89, -84.90, 6.857, 245.94, -84.87, 0.005, 255.93, 39.01);
insert into SHOT_FLAG values(251, 'dpl');
insert into SHOT values (252, 119, 253, 50, 7.050, 242.58, 1.14, 7.046, 242.53, 1.14, 0.007, 118.80, -2.04);
insert into SHOT values (253, 253, 254, 50, 9.020, 242.95, 19.50, 9.027, 242.95, 19.48, 0.008, 250.97, -6.50);
insert into SHOT values (254, 254, 255, 50, 3.180, 174.77, 8.97, 3.173, 174.69, 9.07, 0.010, 23.18, 25.65);
insert into SHOT values (255, 255, 256, 50, 4.780, 129.48, 27.13, 4.776, 129.56, 27.02, 0.012, 214.08, -55.80);
insert into SHOT values (256, 256, 257, 50, 3.500, 190.51, 44.87, 3.501, 190.45, 44.87, 0.003, 115.82, 16.55);
insert into SHOT values (257, 257, 258, 50, 4.120, 160.66, 37.77, 4.122, 160.62, 37.86, 0.007, 22.61, 64.33);
insert into SHOT values (258, 258, 259, 50, 2.470, 290.04, 15.63, 2.463, 289.96, 15.55, 0.009, 136.35, -38.77);
insert into SHOT values (259, 259, 260, 50, 3.880, 198.01, 55.08, 3.878, 198.11, 55.08, 0.004, 303.22, -18.88);
insert into SHOT values (260, 260, 261, 50, 5.080, 326.83, 10.03, 5.085, 326.82, 10.08, 0.007, 317.30, 52.27);
insert into SHOT values (261, 260, 262, 50, 4.640, 256.66, 12.13, 4.636, 256.73, 12.20, 0.009, 29.16, 31.83);
insert into SHOT values (262, 262, 263, 50, 8.690, 240.63, 4.08, 8.700, 240.60, 4.09, 0.011, 218.11, 9.31);
insert into SHOT values (263, 263, 264, 50, 3.440, 261.17, 8.77, 3.440, 261.20, 8.70, 0.005, 345.50, -63.78);
insert into SHOT values (264, 264, 265, 50, 4.820, 269.40, -6.41, 4.821, 269.40, -6.43, 0.002, 323.28, -70.49);
insert into SHOT values (265, 260, 266, 50, 4.430, 132.88, 34.74, 4.431, 132.77, 34.82, 0.009, 17.94, 37.37);
insert into SHOT values (266, 266, 267, 50, 2.540, 163.86, 47.83, 2.539, 164.01, 47.78, 0.005, 243.55, -28.72);
insert into SHOT values (267, 267, 268, 50, 3.420, 140.21, 30.83, 3.421, 140.24, 30.77, 0.005, 173.79, -37.10);
insert into SHOT values (268, 265, 269, 50, 1.980, 151.85, 32.65, 1.982, 151.75, 32.67, 0.004, 92.26, 27.83);
insert into SHOT values (269, 269, 270, 50, 8.470, 173.43, -14.55, 8.466, 173.41, -14.57, 0.005, 16.64, -24.63);
insert into SHOT values (270, 270, 271, 50, 6.270, 172.03, -19.79, 6.276, 172.02, -19.74, 0.008, 168.32, 20.82);
insert into SHOT values (271, 265, 272, 50, 1.370, 200.92, -5.41, 1.364, 200.70, -5.47, 0.008, 59.72, -5.96);
insert into SHOT values (272, 272, 273, 50, 2.160, 77.76, -62.73, 2.148, 77.66, -62.77, 0.012, 270.84, 54.19);
insert into SHOT values (273, 273, 274, 50, 8.730, 292.97, -87.20, 8.730, 292.31, -87.23, 0.007, 157.43, -3.49);
insert into SHOT values (274, 253, 275, 50, 1.520, 90.02, -47.83, 1.522, 90.00, -47.93, 0.003, 302.96, -81.62);
insert into SHOT values (275, 275, 276, 50, 5.320, 291.35, -81.14, 5.315, 291.29, -81.05, 0.010, 284.39, 42.81);
insert into SHOT values (276, 276, 277, 50, 3.660, 156.56, -45.78, 3.665, 156.45, -45.86, 0.008, 67.76, -55.54);
insert into SHOT values (277, 277, 278, 50, 1.980, 209.65, -42.12, 1.985, 209.70, -42.07, 0.005, 224.72, -21.99);
insert into SHOT values (278, 278, 279, 50, 16.850, 229.95, -70.29, 16.848, 229.92, -70.28, 0.004, 183.45, 42.73);
insert into SHOT values (279, 279, 280, 50, 2.920, 260.21, -38.28, 2.922, 260.21, -38.28, 0.002, 266.93, -40.28);
insert into SHOT values (280, 280, 281, 50, 3.200, 263.43, 5.80, 3.198, 263.50, 5.92, 0.008, 30.75, 51.60);
insert into SHOT values (281, 281, 282, 50, 4.430, 275.38, -73.63, 4.429, 275.53, -73.66, 0.004, 45.22, 5.51);
insert into SHOT values (282, 282, 283, 50, 2.240, 300.03, -1.74, 2.241, 300.00, -1.79, 0.003, 256.97, -52.27);
insert into CENTRELINE values (51, 42, NULL, '2020-02-16', NULL, 106.96, 0.00, 0.00);
 insert into SHOT values (283, 176, 284, 51, 0.000, 181.21, -0.00, 0.000, 90.00, 0.00, 0.000, 90.00, 0.00);
insert into SHOT values (284, 284, 285, 51, 2.410, 121.71, -25.30, 2.405, 121.64, -25.36, 0.006, 324.17, -0.62);
insert into SHOT values (285, 285, 286, 51, 3.410, 156.71, -21.70, 3.412, 156.59, -21.67, 0.007, 89.45, 6.77);
insert into SHOT values (286, 286, 287, 51, 1.020, 174.18, 7.37, 1.023, 174.35, 7.30, 0.005, 216.09, -10.56);
insert into SHOT values (287, 287, 288, 51, 3.670, 122.78, -20.23, 3.664, 122.77, -20.28, 0.007, 307.83, -7.95);
insert into SHOT values (288, 288, 289, 51, 1.230, 91.81, -16.70, 1.231, 91.94, -16.51, 0.005, 139.52, 42.31);
insert into SHOT values (289, 289, 290, 51, 6.700, 347.64, -17.40, 6.707, 347.64, -17.44, 0.008, 348.95, -52.22);
insert into SHOT values (290, 290, 291, 51, 4.620, 337.37, -20.48, 4.612, 337.41, -20.43, 0.010, 129.39, 41.43);
insert into SHOT values (291, 289, 292, 51, 4.080, 134.44, -27.00, 4.078, 134.33, -26.97, 0.007, 39.79, 19.00);
insert into SHOT values (292, 292, 293, 51, 4.790, 174.73, -2.23, 4.794, 174.73, -2.27, 0.005, 180.25, -42.87);
insert into SHOT values (293, 293, 294, 51, 6.500, 109.55, -7.49, 6.499, 109.59, -7.52, 0.006, 218.78, -27.98);
insert into SHOT values (294, 294, 295, 51, 5.900, 170.75, 1.19, 5.898, 170.73, 1.17, 0.003, 34.65, -46.95);
insert into SHOT values (295, 295, 296, 51, 4.180, 143.69, -23.42, 4.178, 143.70, -23.41, 0.002, 293.29, 40.20);
insert into SHOT values (296, 296, 297, 51, 4.300, 167.97, -21.19, 4.298, 167.91, -21.14, 0.006, 74.21, 45.51);
insert into SHOT values (297, 297, 298, 51, 2.850, 88.31, 4.20, 2.849, 88.39, 4.23, 0.004, 195.20, 16.81);
insert into SHOT values (298, 298, 299, 51, 2.530, 131.12, -12.37, 2.525, 131.05, -12.35, 0.006, 340.15, 20.32);
insert into SHOT values (299, 299, 300, 51, 6.340, 24.32, -17.43, 6.338, 24.32, -17.44, 0.003, 196.28, -20.76);
insert into SHOT values (300, 300, 301, 51, 8.000, 131.21, -10.00, 8.002, 131.19, -10.00, 0.003, 89.86, -17.36);
insert into SHOT values (301, 300, 302, 51, 2.810, 299.55, 3.10, 2.812, 299.67, 3.06, 0.007, 9.15, -16.87);
insert into SHOT values (302, 302, 303, 51, 2.650, 359.85, -14.78, 2.649, 359.78, -14.88, 0.006, 233.15, -45.83);
insert into SHOT values (303, 303, 304, 51, 3.190, 277.91, -66.10, 3.184, 278.00, -66.05, 0.007, 3.05, 70.81);
insert into SHOT values (304, 302, 305, 51, 3.500, 223.52, 63.37, 3.502, 223.45, 63.36, 0.003, 175.31, 28.78);
insert into SHOT values (305, 305, 306, 51, 2.820, 201.41, -3.00, 2.819, 201.46, -3.05, 0.004, 310.38, -39.67);
insert into SHOT values (306, 306, 307, 51, 1.340, 194.48, -22.17, 1.349, 194.37, -22.21, 0.010, 178.74, -27.17);
insert into SHOT values (307, 294, 308, 51, 5.790, 321.83, -7.17, 5.792, 321.85, -7.14, 0.005, 8.63, 34.09);
insert into SHOT values (308, 308, 309, 51, 3.990, 357.13, -23.11, 3.996, 357.19, -23.14, 0.007, 40.13, -32.06);
insert into SHOT values (309, 309, 310, 51, 1.710, 330.91, -17.78, 1.711, 330.60, -17.70, 0.009, 250.83, 14.01);
insert into SHOT values (310, 310, 311, 51, 2.830, 290.44, -27.46, 2.826, 290.53, -27.39, 0.007, 43.96, 48.04);
insert into SHOT values (311, 310, 312, 51, 0.640, 128.58, -17.48, 0.641, 128.37, -17.24, 0.004, 76.96, 38.32);
insert into SHOT values (312, 312, 313, 51, 3.160, 81.57, -64.88, 3.160, 81.87, -64.84, 0.008, 155.81, 8.65);
insert into CENTRELINE values (52, 42, NULL, NULL, NULL, 368.14, 0.00, 0.00);
 insert into SHOT values (313, 193, 314, 52, 6.780, 355.61, 23.58, 6.783, 355.66, 23.55, 0.008, 53.11, -16.85);
insert into SHOT values (314, 314, 315, 52, 6.730, 326.45, -39.62, 6.731, 326.40, -39.60, 0.005, 266.02, 19.02);
insert into SHOT values (315, 314, 316, 52, 5.450, 256.13, -0.89, 5.450, 256.09, -0.84, 0.006, 173.29, 52.50);
insert into SHOT values (316, 316, 317, 52, 8.030, 214.89, -34.68, 8.028, 214.94, -34.70, 0.007, 335.62, -7.83);
insert into SHOT values (317, 316, 318, 52, 15.620, 357.49, 11.68, 15.627, 357.49, 11.67, 0.008, 2.08, -15.12);
insert into SHOT values (318, 316, 319, 52, 3.760, 295.86, 1.92, 3.759, 295.88, 1.83, 0.006, 58.50, -72.29);
insert into SHOT values (319, 319, 320, 52, 6.020, 296.84, -29.10, 6.023, 296.86, -29.00, 0.011, 308.58, 42.97);
insert into SHOT values (320, 320, 321, 52, 4.230, 351.30, -41.12, 4.229, 351.34, -41.10, 0.003, 87.92, 40.86);
insert into SHOT values (321, 321, 322, 52, 4.900, 297.91, 1.60, 4.900, 297.87, 1.52, 0.007, 211.19, -65.93);
insert into SHOT values (322, 322, 323, 52, 4.610, 317.89, -45.78, 4.602, 317.91, -45.82, 0.009, 130.47, 26.10);
insert into SHOT values (323, 323, 324, 52, 4.870, 288.01, -24.12, 4.874, 288.07, -24.10, 0.007, 333.33, 1.06);
insert into SHOT values (324, 321, 325, 52, 5.520, 216.02, -22.64, 5.518, 215.97, -22.71, 0.008, 83.39, -40.91);
insert into SHOT values (325, 325, 326, 52, 6.620, 348.27, -43.00, 6.617, 348.20, -42.97, 0.007, 265.63, 40.76);
insert into SHOT values (326, 326, 327, 52, 2.190, 337.95, 16.88, 2.187, 337.84, 16.74, 0.007, 233.92, -56.07);
insert into SHOT values (327, 321, 328, 52, 8.090, 16.41, 34.11, 8.081, 16.40, 34.09, 0.009, 201.55, -49.19);
insert into SHOT values (328, 328, 329, 52, 8.010, 231.75, 0.59, 8.011, 231.74, 0.57, 0.003, 183.72, -64.99);
insert into SHOT values (329, 329, 330, 52, 4.910, 253.61, 42.92, 4.914, 253.68, 42.98, 0.008, 353.63, 53.67);
insert into SHOT values (330, 330, 331, 52, 2.500, 278.81, 15.16, 2.495, 278.84, 15.10, 0.006, 83.81, -39.69);
insert into SHOT values (331, 331, 332, 52, 2.350, 349.19, -10.90, 2.352, 349.27, -10.78, 0.006, 40.39, 44.78);
insert into SHOT values (332, 331, 333, 52, 2.940, 297.93, 57.38, 2.942, 297.86, 57.44, 0.004, 173.35, 58.31);
insert into SHOT values (333, 333, 334, 52, 1.210, 29.10, 16.61, 1.204, 29.01, 16.40, 0.008, 230.85, -49.60);
insert into SHOT values (334, 334, 335, 52, 0.790, 346.29, 62.26, 0.791, 347.47, 62.22, 0.008, 68.88, 5.92);
insert into SHOT values (335, 335, 336, 52, 1.670, 237.58, 51.57, 1.675, 237.53, 51.47, 0.005, 227.46, 19.02);
insert into SHOT values (336, 336, 337, 52, 9.650, 3.91, 10.60, 9.658, 3.93, 10.62, 0.009, 27.12, 32.76);
insert into SHOT values (337, 336, 338, 52, 3.060, 178.72, 31.91, 3.056, 178.67, 32.02, 0.008, 15.40, 19.38);
insert into SHOT values (338, 338, 339, 52, 3.110, 276.87, 34.67, 3.110, 276.74, 34.68, 0.006, 185.45, 8.46);
insert into SHOT values (339, 339, 340, 52, 6.630, 4.74, 2.81, 6.631, 4.76, 2.77, 0.006, 78.47, -58.95);
insert into SHOT values (340, 340, 341, 52, 6.390, 11.21, 3.10, 6.391, 11.20, 3.14, 0.005, 345.66, 76.23);
insert into SHOT values (341, 339, 342, 52, 7.030, 287.63, 7.52, 7.028, 287.63, 7.52, 0.002, 106.87, -0.78);
insert into SHOT values (342, 342, 343, 52, 3.170, 265.20, -20.04, 3.173, 265.38, -20.09, 0.010, 345.59, -21.21);
insert into SHOT values (343, 343, 344, 52, 3.480, 291.60, 12.10, 3.485, 291.52, 12.09, 0.007, 247.91, 4.49);
insert into SHOT values (344, 344, 345, 52, 5.010, 327.50, 18.96, 5.003, 327.52, 19.01, 0.009, 135.71, 14.59);
insert into SHOT values (345, 345, 346, 52, 2.610, 89.72, 35.55, 2.609, 89.73, 35.64, 0.004, 262.93, 35.51);
insert into SHOT values (346, 346, 347, 52, 5.180, 117.27, 59.86, 5.179, 117.26, 59.89, 0.003, 310.94, 7.45);
insert into SHOT values (347, 345, 348, 52, 3.250, 341.60, -20.02, 3.250, 341.68, -19.97, 0.005, 57.38, 29.32);
insert into SHOT values (348, 348, 349, 52, 3.510, 308.55, 13.45, 3.510, 308.58, 13.34, 0.007, 355.99, -67.57);
insert into SHOT values (349, 349, 350, 52, 3.460, 32.60, -3.18, 3.459, 32.59, -3.15, 0.002, 249.62, 56.53);
insert into SHOT values (350, 350, 351, 52, 4.740, 343.65, -40.52, 4.743, 343.57, -40.49, 0.006, 294.07, -3.36);
insert into SHOT values (351, 351, 352, 52, 3.740, 336.51, -45.60, 3.738, 336.57, -45.59, 0.004, 87.45, 34.72);
insert into SHOT values (352, 351, 353, 52, 3.260, 30.66, 6.28, 3.253, 30.69, 6.35, 0.009, 197.50, 23.38);
insert into SHOT values (353, 353, 354, 52, 3.260, 78.31, -19.50, 3.263, 78.18, -19.52, 0.008, 5.84, -13.74);
insert into SHOT values (354, 354, 355, 52, 6.490, 343.35, -32.39, 6.491, 343.35, -32.42, 0.003, 141.91, -79.93);
insert into SHOT values (355, 355, 356, 52, 5.790, 347.47, 19.00, 5.786, 347.54, 19.06, 0.010, 117.76, 29.22);
insert into SHOT values (356, 356, 357, 52, 3.310, 312.52, -25.26, 3.309, 312.43, -25.22, 0.005, 229.45, 27.40);
insert into SHOT values (357, 357, 358, 52, 6.460, 259.49, -21.39, 6.466, 259.57, -21.41, 0.010, 321.16, -22.72);
insert into SHOT values (358, 358, 359, 52, 6.010, 202.18, 7.22, 6.008, 202.18, 7.17, 0.006, 31.72, -75.12);
insert into SHOT values (359, 359, 360, 52, 4.870, 185.04, -30.87, 4.870, 184.93, -30.75, 0.013, 130.45, 43.12);
insert into SHOT values (360, 358, 361, 52, 11.820, 2.91, 8.15, 11.815, 2.94, 8.17, 0.009, 131.38, 27.32);
insert into SHOT values (361, 361, 362, 52, 4.250, 336.18, 41.45, 4.253, 336.17, 41.36, 0.008, 329.85, -26.34);
insert into SHOT values (362, 362, 363, 52, 8.160, 38.67, -15.85, 8.164, 38.69, -15.85, 0.006, 78.28, -13.76);
insert into SHOT values (363, 363, 364, 52, 3.550, 41.53, 3.22, 3.548, 41.57, 3.23, 0.003, 178.45, 9.87);
insert into SHOT values (364, 364, 365, 52, 2.840, 13.78, -22.74, 2.837, 13.72, -22.82, 0.006, 224.64, -22.00);
insert into SHOT values (365, 365, 366, 52, 2.690, 9.52, 2.83, 2.689, 9.43, 2.77, 0.005, 273.61, -33.19);
insert into SHOT values (366, 366, 367, 52, 5.090, 336.15, -12.51, 5.090, 336.27, -12.48, 0.011, 60.82, 13.35);
insert into SHOT values (367, 367, 368, 52, 6.840, 343.91, -39.89, 6.835, 343.84, -39.85, 0.009, 244.50, 48.06);
insert into SHOT values (368, 368, 369, 52, 5.250, 3.22, 25.54, 5.249, 3.27, 25.50, 0.005, 83.26, -40.58);
insert into SHOT values (369, 369, 370, 52, 7.030, 358.71, -19.12, 7.029, 358.71, -19.10, 0.003, 210.19, 77.73);
insert into SHOT values (370, 370, 371, 52, 2.840, 24.10, -18.26, 2.838, 24.09, -18.28, 0.002, 211.79, -3.62);
insert into SHOT values (371, 371, 372, 52, 2.960, 336.26, 3.31, 2.965, 336.29, 3.29, 0.005, 357.04, -10.21);
insert into SHOT values (372, 372, 373, 52, 4.480, 8.21, -5.90, 4.478, 8.13, -5.90, 0.006, 264.38, 4.65);
insert into SHOT values (373, 373, 374, 52, 7.820, 3.11, -35.10, 7.823, 3.14, -35.11, 0.005, 64.15, -45.49);
insert into SHOT values (374, 373, 375, 52, 5.120, 26.12, 0.54, 5.116, 26.21, 0.45, 0.012, 138.68, -41.65);
insert into SHOT values (375, 375, 376, 52, 4.070, 18.54, 26.64, 4.074, 18.58, 26.69, 0.006, 75.97, 55.81);
insert into SHOT values (376, 376, 377, 52, 2.640, 73.65, 42.89, 2.639, 73.44, 43.00, 0.009, 312.33, 21.75);
insert into SHOT values (377, 377, 378, 52, 9.670, 330.59, 44.13, 9.665, 330.55, 44.14, 0.007, 193.97, -25.97);
insert into SHOT values (378, 378, 379, 52, 4.010, 4.18, -38.46, 4.014, 4.19, -38.34, 0.009, 8.23, 25.89);
insert into SHOT values (379, 379, 380, 52, 2.150, 336.19, 45.39, 2.149, 336.15, 45.40, 0.002, 196.68, -22.48);
insert into SHOT values (380, 380, 381, 52, 5.740, 73.98, -39.29, 5.742, 74.05, -39.34, 0.008, 179.28, -40.20);
insert into SHOT values (381, 339, 382, 52, 13.850, 160.01, 17.80, 13.847, 160.00, 17.79, 0.005, 34.16, -53.36);
insert into SHOT values (382, 382, 383, 52, 6.230, 170.14, 16.55, 6.228, 170.16, 16.61, 0.007, 322.70, 49.40);
insert into SHOT values (383, 383, 384, 52, 1.920, 177.91, -1.60, 1.922, 177.91, -1.79, 0.007, 181.25, -72.40);
insert into SHOT values (384, 384, 385, 52, 5.850, 153.61, -34.25, 5.848, 153.59, -34.24, 0.003, 20.39, 55.05);
insert into CENTRELINE values (53, 42, NULL, '2020-09-13', NULL, 56.52, 0.00, 0.00);
 insert into SHOT values (385, 386, 387, 53, 4.930, 355.17, 5.96, 4.934, 355.21, 5.93, 0.005, 36.74, -20.50);
insert into SHOT values (386, 387, 388, 53, 1.850, 77.12, 38.89, 1.846, 77.12, 38.93, 0.004, 254.45, -21.03);
insert into SHOT values (387, 388, 389, 53, 3.500, 333.36, 41.47, 3.497, 333.43, 41.57, 0.008, 124.40, 16.85);
insert into SHOT values (388, 389, 390, 53, 3.050, 345.03, -9.15, 3.051, 345.00, -9.05, 0.006, 296.67, 65.28);
insert into SHOT values (389, 390, 391, 53, 3.060, 305.10, 5.42, 3.063, 305.25, 5.43, 0.009, 15.93, 6.27);
insert into SHOT values (390, 391, 392, 53, 6.350, 342.72, -18.78, 6.352, 342.68, -18.83, 0.007, 262.60, -54.84);
insert into SHOT values (391, 392, 393, 53, 5.620, 349.28, -15.82, 5.618, 349.23, -15.80, 0.005, 235.86, 23.39);
insert into SHOT values (392, 393, 394, 53, 5.410, 327.69, -12.25, 5.409, 327.75, -12.28, 0.007, 72.78, -18.72);
insert into SHOT values (393, 394, 395, 53, 3.210, 13.17, -6.69, 3.204, 13.08, -6.63, 0.009, 235.47, 27.45);
insert into SHOT values (394, 395, 396, 53, 2.670, 232.29, -16.99, 2.669, 232.32, -16.99, 0.002, 1.02, 5.49);
insert into SHOT values (395, 396, 397, 53, 3.420, 353.76, -34.38, 3.414, 353.88, -34.43, 0.009, 130.19, 7.58);
insert into SHOT values (396, 397, 398, 53, 5.320, 216.34, -25.92, 5.321, 216.41, -25.97, 0.008, 312.46, -35.12);
insert into SHOT values (397, 389, 399, 53, 3.550, 99.33, 60.92, 3.555, 99.02, 61.04, 0.013, 344.98, 36.89);
insert into SHOT values (398, 399, 400, 53, 3.550, 79.25, 50.40, 3.544, 79.29, 50.39, 0.007, 235.37, -54.47);
insert into SHOT values (399, 400, 336, 53, 1.030, 162.18, 55.70, 1.034, 162.18, 55.32, 0.008, 162.42, -6.46);
insert into CENTRELINE values (54, 42, NULL, NULL, NULL, 213.21, 0.00, 0.00);
 insert into SHOT values (400, 381, 401, 54, 0.000, 1.09, 0.00, 0.000, 90.00, 0.00, 0.000, 90.00, 0.00);
insert into SHOT values (401, 401, 402, 54, 2.380, 161.82, 27.18, 2.380, 161.82, 27.26, 0.003, 338.81, 60.54);
insert into SHOT values (402, 402, 403, 54, 5.490, 334.82, 74.34, 5.484, 334.82, 74.33, 0.006, 155.10, -79.10);
insert into SHOT values (403, 403, 404, 54, 1.890, 26.53, 66.58, 1.899, 26.57, 66.40, 0.011, 29.50, 32.20);
insert into SHOT values (404, 404, 405, 54, 2.060, 27.13, 21.23, 2.048, 27.10, 21.18, 0.012, 212.19, -29.43);
insert into SHOT values (405, 405, 406, 54, 1.320, 321.76, 22.94, 1.325, 322.00, 23.12, 0.008, 24.74, 43.69);
insert into SHOT values (406, 406, 407, 54, 0.850, 312.30, 6.89, 0.848, 312.59, 6.77, 0.005, 63.44, -23.00);
insert into SHOT values (407, 407, 408, 54, 2.480, 178.30, 52.15, 2.481, 178.49, 52.20, 0.006, 281.51, 18.34);
insert into SHOT values (408, 408, 409, 54, 6.450, 166.71, 41.83, 6.452, 166.66, 41.80, 0.006, 117.19, -15.90);
insert into SHOT values (409, 409, 410, 54, 4.220, 202.74, 24.75, 4.226, 202.69, 24.76, 0.007, 165.96, 29.76);
insert into SHOT values (410, 410, 411, 54, 9.610, 233.12, 30.33, 9.608, 233.19, 30.32, 0.010, 327.29, -16.67);
insert into SHOT values (411, 411, 412, 54, 5.430, 239.52, 26.35, 5.428, 239.48, 26.36, 0.004, 118.70, -1.84);
insert into SHOT values (412, 412, 413, 54, 4.200, 209.44, 53.25, 4.206, 209.52, 53.25, 0.007, 252.56, 42.90);
insert into SHOT values (413, 413, 414, 54, 8.350, 205.73, 36.97, 8.347, 205.68, 36.97, 0.006, 91.88, -15.11);
insert into SHOT values (414, 414, 415, 54, 3.410, 208.03, 30.11, 3.408, 208.13, 30.11, 0.005, 315.67, -7.04);
insert into SHOT values (415, 415, 416, 54, 7.600, 173.33, 2.80, 7.600, 173.34, 2.79, 0.002, 255.23, -35.09);
insert into SHOT values (416, 416, 417, 54, 2.270, 186.63, 1.97, 2.276, 186.56, 2.01, 0.007, 163.56, 16.15);
insert into SHOT values (417, 417, 418, 54, 3.010, 206.13, 10.05, 3.010, 206.22, 9.95, 0.007, 280.91, -47.60);
insert into SHOT values (418, 418, 419, 54, 3.650, 230.40, 7.94, 3.644, 230.40, 8.05, 0.009, 51.42, 40.04);
insert into SHOT values (419, 419, 420, 54, 2.050, 269.02, 21.23, 2.049, 268.80, 21.17, 0.008, 175.34, -17.64);
insert into SHOT values (420, 420, 421, 54, 3.980, 334.35, 28.76, 3.981, 334.39, 28.67, 0.007, 3.89, -45.80);
insert into SHOT values (421, 421, 422, 54, 3.900, 73.41, 15.84, 3.896, 73.40, 15.94, 0.008, 257.50, 43.13);
insert into SHOT values (422, 422, 423, 54, 6.530, 48.04, 31.40, 6.534, 48.05, 31.36, 0.007, 58.03, -19.14);
insert into SHOT values (423, 408, 424, 54, 7.490, 6.26, 23.44, 7.489, 6.27, 23.45, 0.001, 142.28, 25.56);
insert into SHOT values (424, 424, 425, 54, 4.150, 9.17, 25.31, 4.145, 9.21, 25.28, 0.006, 149.85, -44.48);
insert into SHOT values (425, 425, 426, 54, 11.220, 347.50, 7.97, 11.223, 347.48, 7.99, 0.007, 289.78, 39.25);
insert into SHOT values (426, 426, 427, 54, 7.580, 16.42, 33.78, 7.575, 16.42, 33.77, 0.006, 195.24, -52.18);
insert into SHOT values (427, 427, 428, 54, 8.230, 339.95, -20.17, 8.227, 340.02, -20.12, 0.012, 71.14, 40.57);
insert into SHOT values (428, 428, 429, 54, 8.520, 357.70, -5.64, 8.518, 357.70, -5.66, 0.003, 170.76, -53.93);
insert into SHOT values (429, 429, 430, 54, 4.570, 335.65, -6.64, 4.578, 335.58, -6.65, 0.010, 298.11, -9.39);
insert into SHOT values (430, 430, 431, 54, 7.540, 349.16, 4.39, 7.536, 349.18, 4.41, 0.006, 133.64, 27.85);
insert into SHOT values (431, 431, 432, 54, 3.300, 358.99, -2.47, 3.304, 358.96, -2.60, 0.009, 332.44, -62.58);
insert into SHOT values (432, 432, 433, 54, 3.940, 15.13, 13.12, 3.937, 15.12, 13.21, 0.007, 200.07, 52.01);
insert into SHOT values (433, 433, 434, 54, 9.800, 357.23, -5.39, 9.805, 357.24, -5.38, 0.005, 18.24, 6.39);
insert into SHOT values (434, 434, 435, 54, 8.050, 7.83, 19.51, 8.045, 7.88, 19.53, 0.010, 138.14, 9.18);
insert into SHOT values (435, 435, 436, 54, 4.470, 9.27, -23.93, 4.478, 9.14, -23.98, 0.013, 312.99, -31.71);
insert into SHOT values (436, 436, 437, 54, 5.320, 24.10, -6.31, 5.314, 24.14, -6.27, 0.008, 172.80, 34.22);
insert into SHOT values (437, 437, 438, 54, 3.480, 11.16, 5.94, 3.484, 11.15, 5.93, 0.004, 1.14, -1.86);
insert into SHOT values (438, 438, 439, 54, 10.170, 352.00, -5.73, 10.170, 351.99, -5.76, 0.005, 246.79, -69.02);
insert into SHOT values (439, 439, 440, 54, 4.050, 353.20, -15.97, 4.052, 353.22, -15.90, 0.006, 15.84, 48.15);
insert into SHOT values (440, 440, 441, 54, 4.300, 281.01, 5.55, 4.298, 280.92, 5.61, 0.008, 171.70, 29.09);
insert into SHOT values (441, 441, 442, 54, 5.900, 19.52, -0.27, 5.899, 19.51, -0.29, 0.003, 237.94, -54.05);
insert into CENTRELINE values (55, 42, NULL, NULL, NULL, 128.24, 0.00, 0.00);
 insert into SHOT values (442, 443, 444, 55, 6.890, 289.38, -14.07, 6.885, 289.41, -14.04, 0.007, 61.19, 42.87);
insert into SHOT values (443, 444, 445, 55, 4.430, 144.54, -28.78, 4.430, 144.55, -28.88, 0.008, 312.65, -62.92);
insert into SHOT values (444, 445, 446, 55, 7.520, 163.73, -45.12, 7.512, 163.68, -45.09, 0.010, 39.87, 60.56);
insert into SHOT values (445, 446, 447, 55, 3.660, 207.77, -25.44, 3.668, 207.73, -25.52, 0.010, 182.35, -54.88);
insert into SHOT values (446, 447, 448, 55, 4.880, 186.38, -1.01, 4.882, 186.47, -0.94, 0.010, 263.29, 36.55);
insert into SHOT values (447, 448, 449, 55, 4.100, 200.55, 0.28, 4.098, 200.43, 0.28, 0.009, 95.52, -0.23);
insert into SHOT values (448, 449, 450, 55, 2.480, 185.10, -9.89, 2.478, 185.17, -9.99, 0.006, 319.79, -41.54);
insert into SHOT values (449, 450, 451, 55, 4.940, 163.80, 12.31, 4.947, 163.78, 12.37, 0.009, 148.60, 47.61);
insert into SHOT values (450, 451, 452, 55, 4.170, 189.85, 14.94, 4.169, 189.86, 14.87, 0.005, 251.77, -78.66);
insert into SHOT values (451, 452, 453, 55, 5.270, 185.68, 30.76, 5.267, 185.71, 30.84, 0.008, 342.38, 35.00);
insert into SHOT values (452, 453, 454, 55, 7.200, 153.93, 35.80, 7.204, 153.92, 35.76, 0.006, 143.81, -16.51);
insert into SHOT values (453, 454, 455, 55, 4.120, 122.68, 23.84, 4.114, 122.63, 23.80, 0.007, 336.25, -46.14);
insert into SHOT values (454, 455, 456, 55, 8.300, 157.51, 17.20, 8.304, 157.54, 17.23, 0.008, 217.35, 45.69);
insert into SHOT values (455, 456, 457, 55, 6.540, 171.18, -9.52, 6.536, 171.17, -9.51, 0.004, 10.87, 24.35);
insert into SHOT values (456, 457, 458, 55, 9.580, 183.63, 3.09, 9.583, 183.65, 3.05, 0.009, 237.47, -48.11);
insert into SHOT values (457, 458, 459, 55, 5.910, 146.47, -4.48, 5.912, 146.42, -4.46, 0.006, 75.59, 16.99);
insert into SHOT values (458, 459, 460, 55, 3.630, 149.30, 5.80, 3.624, 149.31, 5.86, 0.007, 322.74, 25.90);
insert into SHOT values (459, 460, 461, 55, 13.880, 132.06, 53.33, 13.883, 132.07, 53.29, 0.010, 143.36, -18.15);
insert into SHOT values (460, 461, 462, 55, 10.510, 173.97, 71.29, 10.505, 174.04, 71.30, 0.007, 301.98, -41.93);
insert into SHOT values (461, 462, 463, 55, 4.640, 156.75, 46.72, 4.641, 156.66, 46.74, 0.005, 57.74, 22.36);
insert into SHOT values (462, 463, 442, 55, 5.590, 221.10, 24.47, 5.599, 221.10, 24.48, 0.009, 223.85, 29.50);
insert into CENTRELINE values (56, 42, NULL, NULL, NULL, 186.88, 0.00, 0.00);
 insert into SHOT values (463, 443, 464, 56, 0.000, 1.09, 0.00, 0.000, 90.00, 0.00, 0.000, 90.00, 0.00);
insert into SHOT values (464, 464, 465, 56, 4.030, 133.29, 17.35, 4.025, 133.21, 17.35, 0.008, 359.79, -13.31);
insert into SHOT values (465, 465, 466, 56, 5.840, 293.86, 33.75, 5.841, 293.82, 33.81, 0.007, 168.01, 53.00);
insert into SHOT values (466, 466, 467, 56, 10.730, 22.43, 3.91, 10.736, 22.45, 3.90, 0.008, 50.80, -12.64);
insert into SHOT values (467, 467, 468, 56, 5.290, 2.90, -8.05, 5.288, 2.85, -8.04, 0.005, 256.32, 9.12);
insert into SHOT values (468, 468, 469, 56, 5.350, 342.18, -5.32, 5.349, 342.18, -5.36, 0.004, 164.66, -70.83);
insert into SHOT values (469, 469, 470, 56, 4.140, 5.64, 17.03, 4.143, 5.65, 17.13, 0.008, 58.23, 80.20);
insert into SHOT values (470, 470, 471, 56, 9.260, 2.75, 2.62, 9.260, 2.73, 2.60, 0.005, 275.18, -43.07);
insert into SHOT values (471, 471, 472, 56, 5.080, 354.41, -8.62, 5.081, 354.40, -8.60, 0.002, 335.53, 44.62);
insert into SHOT values (472, 472, 473, 56, 6.030, 19.42, 1.26, 6.027, 19.49, 1.24, 0.008, 134.33, -17.88);
insert into SHOT values (473, 473, 474, 56, 2.580, 350.05, 20.45, 2.579, 349.99, 20.43, 0.003, 245.17, -30.23);
insert into SHOT values (474, 474, 475, 56, 4.300, 60.65, 16.50, 4.296, 60.63, 16.50, 0.004, 255.49, -18.58);
insert into SHOT values (475, 475, 476, 56, 4.120, 54.76, 1.96, 4.128, 54.77, 1.94, 0.008, 60.33, -6.39);
insert into SHOT values (476, 476, 477, 56, 7.060, 70.65, 2.25, 7.055, 70.61, 2.27, 0.007, 291.33, 23.75);
insert into SHOT values (477, 477, 478, 56, 11.140, 117.11, 4.21, 11.144, 117.14, 4.22, 0.008, 176.17, 16.17);
insert into SHOT values (478, 478, 479, 56, 4.370, 93.62, 5.58, 4.369, 93.56, 5.52, 0.007, 352.05, -47.49);
insert into SHOT values (479, 479, 480, 56, 6.350, 88.84, -20.29, 6.354, 88.85, -20.26, 0.006, 98.39, 20.68);
insert into SHOT values (480, 480, 481, 56, 3.660, 107.66, -0.83, 3.653, 107.69, -0.78, 0.008, 270.75, 22.77);
insert into SHOT values (481, 481, 482, 56, 2.010, 53.87, 17.88, 2.016, 53.91, 17.91, 0.006, 67.70, 28.03);
insert into SHOT values (482, 482, 483, 56, 3.870, 77.56, -8.27, 3.870, 77.63, -8.32, 0.006, 177.93, -33.16);
insert into SHOT values (483, 483, 484, 56, 4.140, 117.27, 27.29, 4.138, 117.19, 27.33, 0.006, 356.50, 17.96);
insert into SHOT values (484, 484, 485, 56, 6.550, 140.37, 21.23, 6.545, 140.39, 21.23, 0.005, 296.42, -20.52);
insert into SHOT values (485, 485, 486, 56, 6.970, 173.85, 12.70, 6.969, 173.84, 12.68, 0.003, 76.55, -59.47);
insert into SHOT values (486, 486, 487, 56, 2.760, 95.40, -52.01, 2.755, 95.41, -51.96, 0.005, 262.16, 75.73);
insert into SHOT values (487, 487, 488, 56, 3.120, 89.57, 8.12, 3.121, 89.63, 8.10, 0.004, 157.39, -10.98);
insert into SHOT values (488, 488, 489, 56, 8.370, 72.79, 24.92, 8.368, 72.76, 24.88, 0.008, 348.40, -59.65);
insert into SHOT values (489, 489, 490, 56, 7.490, 94.75, 17.69, 7.490, 94.74, 17.72, 0.004, 296.47, 69.61);
insert into SHOT values (490, 490, 491, 56, 3.560, 114.42, 26.25, 3.560, 114.40, 26.17, 0.005, 91.98, -59.06);
insert into SHOT values (491, 491, 492, 56, 8.630, 85.80, 9.20, 8.634, 85.83, 9.20, 0.006, 137.01, 2.25);
insert into SHOT values (492, 492, 493, 56, 7.820, 70.59, -34.05, 7.814, 70.61, -34.01, 0.009, 195.23, 67.43);
insert into SHOT values (493, 493, 494, 56, 6.680, 77.04, -23.38, 6.680, 76.98, -23.47, 0.012, 311.48, -52.46);
insert into SHOT values (494, 494, 495, 56, 6.580, 120.60, -14.68, 6.579, 120.59, -14.61, 0.008, 91.55, 81.71);
insert into SHOT values (495, 495, 496, 56, 4.090, 165.93, -4.00, 4.092, 165.96, -4.06, 0.006, 220.06, -56.27);
insert into SHOT values (496, 496, 497, 56, 4.910, 152.52, -26.69, 4.908, 152.44, -26.63, 0.008, 72.10, 42.43);
insert into CENTRELINE values (57, 42, NULL, NULL, NULL, 106.01, 0.00, 0.00);
 insert into SHOT values (497, 474, 498, 57, 0.000, 1.09, 0.00, 0.000, 90.00, 0.00, 0.000, 90.00, 0.00);
insert into SHOT values (498, 498, 499, 57, 7.200, 262.93, -6.08, 7.204, 262.94, -6.06, 0.006, 286.18, 26.71);
insert into SHOT values (499, 499, 500, 57, 6.600, 248.46, 0.47, 6.591, 248.46, 0.43, 0.010, 69.30, -23.80);
insert into SHOT values (500, 500, 501, 57, 1.740, 227.70, -3.16, 1.744, 227.79, -2.96, 0.008, 262.13, 49.32);
insert into SHOT values (501, 501, 502, 57, 4.600, 269.19, -10.55, 4.598, 269.11, -10.53, 0.007, 163.22, 19.83);
insert into SHOT values (502, 502, 503, 57, 2.970, 240.56, -7.61, 2.973, 240.74, -7.73, 0.012, 317.90, -35.25);
insert into SHOT values (503, 503, 504, 57, 3.860, 236.68, 6.50, 3.858, 236.60, 6.55, 0.006, 124.15, 28.26);
insert into SHOT values (504, 504, 505, 57, 4.890, 269.74, 5.76, 4.895, 269.76, 5.75, 0.005, 295.29, -8.34);
insert into SHOT values (505, 505, 506, 57, 3.890, 265.27, 0.80, 3.884, 265.27, 0.74, 0.008, 82.23, -33.88);
insert into SHOT values (506, 506, 507, 57, 7.470, 281.29, 20.56, 7.474, 281.29, 20.60, 0.007, 310.43, 77.67);
insert into SHOT values (507, 507, 508, 57, 11.360, 216.02, 12.00, 11.359, 215.99, 11.99, 0.005, 120.60, -21.20);
insert into SHOT values (508, 508, 509, 57, 4.300, 236.35, 15.50, 4.303, 236.31, 15.50, 0.004, 191.46, 12.60);
insert into SHOT values (509, 509, 510, 57, 6.650, 233.80, -24.04, 6.646, 233.85, -24.06, 0.007, 5.71, -7.75);
insert into SHOT values (510, 510, 511, 57, 5.510, 235.07, 33.91, 5.509, 235.06, 33.87, 0.004, 213.30, -64.48);
insert into SHOT values (511, 511, 512, 57, 7.790, 148.77, 44.39, 7.788, 148.82, 44.41, 0.006, 269.49, 5.35);
insert into SHOT values (512, 510, 513, 57, 3.380, 158.59, -0.76, 3.382, 158.67, -0.85, 0.007, 227.05, -44.65);
insert into SHOT values (513, 513, 514, 57, 2.310, 173.20, -32.26, 2.309, 173.24, -32.19, 0.003, 256.21, 64.96);
insert into SHOT values (514, 514, 515, 57, 3.390, 161.42, -22.24, 3.385, 161.39, -22.22, 0.005, 1.45, 35.98);
insert into SHOT values (515, 515, 516, 57, 5.090, 264.34, -7.43, 5.088, 264.31, -7.45, 0.004, 127.80, -28.16);
insert into SHOT values (516, 516, 517, 57, 2.810, 296.11, -19.79, 2.813, 295.98, -19.74, 0.007, 238.26, 11.65);
insert into SHOT values (517, 517, 518, 57, 4.000, 306.56, -21.85, 3.998, 306.56, -21.88, 0.003, 122.37, -26.37);
insert into SHOT values (518, 518, 519, 57, 0.900, 253.54, -50.38, 0.897, 253.78, -50.30, 0.004, 8.57, 50.73);
insert into SHOT values (519, 519, 520, 57, 5.300, 321.70, 0.78, 5.298, 321.75, 0.76, 0.005, 75.80, -24.08);
insert into CENTRELINE values (58, 42, NULL, '2021-01-30', NULL, 358.74, 0.00, 0.00);
 insert into SHOT values (520, 521, 370, 58, 4.840, 339.95, -43.66, 4.839, 339.96, -43.64, 0.002, 34.34, 58.01);
insert into SHOT values (521, 522, 523, 58, 2.930, 319.45, -1.39, 2.930, 319.57, -1.37, 0.006, 44.63, 9.96);
insert into SHOT values (522, 523, 524, 58, 5.640, 271.31, -11.60, 5.638, 271.25, -11.67, 0.009, 151.62, -39.93);
insert into SHOT values (523, 524, 525, 58, 6.200, 261.99, 21.50, 6.206, 262.04, 21.46, 0.009, 296.95, -14.95);
insert into SHOT values (524, 525, 526, 58, 2.560, 282.68, -35.66, 2.552, 282.83, -35.72, 0.010, 69.48, 13.73);
insert into SHOT values (525, 526, 527, 58, 7.110, 339.89, 16.27, 7.102, 339.84, 16.27, 0.010, 199.44, -11.50);
insert into SHOT values (526, 527, 528, 58, 6.570, 240.92, 11.53, 6.571, 241.01, 11.59, 0.012, 335.09, 34.75);
insert into SHOT values (527, 528, 529, 58, 6.930, 277.17, -12.68, 6.931, 277.14, -12.67, 0.004, 206.45, 15.62);
insert into SHOT values (528, 529, 530, 58, 3.260, 270.70, -20.94, 3.258, 270.75, -21.05, 0.007, 57.47, -42.81);
insert into SHOT values (529, 530, 531, 58, 6.490, 284.29, -3.25, 6.491, 284.29, -3.27, 0.002, 309.70, -60.49);
insert into SHOT values (530, 531, 532, 58, 7.350, 221.07, 6.67, 7.351, 221.00, 6.72, 0.011, 135.80, 35.99);
insert into SHOT values (531, 532, 533, 58, 7.920, 223.12, -4.54, 7.921, 223.15, -4.56, 0.006, 309.80, -33.96);
insert into SHOT values (532, 533, 534, 58, 2.920, 172.40, -13.93, 2.919, 172.50, -13.87, 0.006, 260.94, 30.87);
insert into SHOT values (533, 534, 535, 58, 1.590, 117.94, -31.45, 1.593, 118.07, -31.40, 0.005, 159.47, -4.92);
insert into SHOT values (534, 535, 536, 58, 4.130, 149.40, 12.03, 4.126, 149.30, 12.03, 0.008, 29.18, -5.83);
insert into SHOT values (535, 536, 537, 58, 6.740, 172.31, 12.13, 6.738, 172.32, 12.08, 0.007, 277.41, -73.33);
insert into SHOT values (536, 537, 538, 58, 10.860, 174.66, 7.18, 10.862, 174.68, 7.19, 0.004, 236.53, 36.93);
insert into SHOT values (537, 538, 539, 58, 4.980, 185.81, -2.31, 4.979, 185.77, -2.30, 0.004, 83.73, 11.20);
insert into SHOT values (538, 539, 540, 58, 7.460, 204.23, -8.60, 7.465, 204.24, -8.63, 0.006, 219.00, -43.73);
insert into SHOT values (539, 540, 541, 58, 4.730, 252.91, 1.38, 4.730, 252.91, 1.45, 0.006, 211.16, 86.57);
insert into SHOT values (540, 541, 542, 58, 7.340, 142.56, -20.87, 7.338, 142.53, -20.92, 0.008, 4.90, -43.11);
insert into SHOT values (541, 541, 543, 58, 5.140, 287.90, 23.90, 5.139, 287.97, 23.88, 0.006, 17.63, -22.03);
insert into SHOT values (542, 543, 544, 58, 9.870, 209.03, -3.76, 9.869, 209.04, -3.78, 0.003, 330.22, -58.10);
insert into SHOT values (543, 544, 545, 58, 8.080, 185.88, -16.01, 8.081, 185.84, -15.94, 0.011, 127.49, 50.65);
insert into SHOT values (544, 545, 546, 58, 14.780, 190.65, 12.39, 14.783, 190.66, 12.38, 0.004, 219.54, -18.93);
insert into SHOT values (545, 546, 547, 58, 8.690, 166.20, 32.55, 8.685, 166.17, 32.53, 0.007, 36.77, -51.47);
insert into SHOT values (546, 547, 548, 58, 1.810, 183.08, 51.46, 1.816, 183.04, 51.45, 0.006, 171.56, 47.35);
insert into SHOT values (547, 548, 549, 58, 3.500, 88.42, 47.57, 3.497, 88.30, 47.54, 0.006, 353.97, -34.53);
insert into SHOT values (548, 549, 550, 58, 2.810, 256.21, 30.84, 2.816, 256.14, 30.75, 0.008, 234.71, -3.57);
insert into SHOT values (549, 550, 551, 58, 3.080, 207.95, 20.21, 3.077, 207.90, 20.35, 0.008, 55.22, 46.36);
insert into SHOT values (550, 551, 552, 58, 1.430, 191.41, 37.31, 1.431, 191.60, 36.95, 0.010, 224.51, -43.40);
insert into SHOT values (551, 552, 553, 58, 1.830, 193.46, 32.43, 1.828, 193.50, 32.43, 0.003, 347.36, -31.49);
insert into SHOT values (552, 553, 554, 58, 1.850, 214.72, 14.44, 1.850, 214.76, 14.72, 0.009, 8.57, 73.27);
insert into SHOT values (553, 554, 555, 58, 1.750, 160.00, -26.16, 1.758, 159.95, -26.34, 0.010, 145.43, -60.17);
insert into SHOT values (554, 555, 556, 58, 3.140, 164.35, -41.60, 3.135, 164.42, -41.56, 0.006, 286.56, 52.68);
insert into SHOT values (555, 556, 557, 58, 2.820, 122.90, -43.32, 2.826, 122.68, -43.34, 0.010, 59.35, -31.59);
insert into SHOT values (556, 557, 558, 58, 5.360, 140.82, -10.53, 5.364, 140.85, -10.53, 0.005, 171.84, -5.05);
insert into SHOT values (557, 558, 559, 58, 3.010, 142.38, -32.53, 3.001, 142.54, -32.45, 0.013, 270.49, 43.27);
insert into SHOT values (558, 559, 560, 58, 4.140, 142.31, -4.90, 4.142, 142.19, -4.99, 0.011, 63.04, -35.21);
insert into SHOT values (559, 531, 561, 58, 4.620, 200.81, 4.79, 4.624, 200.72, 4.84, 0.009, 139.29, 26.34);
insert into SHOT values (560, 561, 562, 58, 3.140, 146.93, 19.60, 3.138, 147.01, 19.55, 0.005, 254.40, -37.65);
insert into SHOT values (561, 562, 563, 58, 3.950, 171.32, 2.64, 3.950, 171.25, 2.61, 0.005, 82.26, -23.32);
insert into SHOT values (562, 522, 564, 58, 5.010, 148.12, 30.61, 5.010, 148.08, 30.60, 0.003, 61.97, -19.19);
insert into SHOT values (563, 564, 565, 58, 4.610, 119.40, 35.27, 4.610, 119.42, 35.24, 0.003, 159.23, -37.36);
insert into SHOT values (564, 565, 566, 58, 5.190, 129.37, 31.31, 5.191, 129.33, 31.34, 0.004, 37.67, 41.04);
insert into SHOT values (565, 522, 567, 58, 2.930, 110.33, 18.79, 2.936, 110.19, 18.68, 0.010, 67.66, -21.25);
insert into SHOT values (566, 567, 568, 58, 1.830, 119.09, -3.14, 1.825, 119.24, -3.14, 0.007, 256.34, 1.97);
insert into SHOT values (567, 568, 569, 58, 1.080, 71.98, -3.66, 1.084, 72.24, -3.70, 0.006, 124.06, -9.79);
insert into SHOT values (568, 569, 570, 58, 3.870, 99.96, -5.31, 3.864, 99.88, -5.35, 0.009, 320.35, -12.52);
insert into SHOT values (569, 570, 571, 58, 2.040, 47.96, -11.54, 2.039, 48.25, -11.60, 0.010, 146.67, -10.56);
insert into SHOT values (570, 571, 572, 58, 3.300, 79.47, -2.61, 3.300, 79.34, -2.60, 0.008, 352.02, 2.07);
insert into SHOT values (571, 572, 573, 58, 2.530, 67.10, -1.72, 2.529, 67.19, -1.59, 0.007, 173.48, 55.36);
insert into SHOT values (572, 573, 574, 58, 2.340, 54.37, -7.54, 2.335, 54.32, -7.63, 0.006, 255.60, -27.55);
insert into SHOT values (573, 574, 575, 58, 4.160, 38.67, 26.47, 4.166, 38.68, 26.52, 0.007, 52.20, 54.70);
insert into SHOT values (574, 575, 576, 58, 2.840, 36.64, 1.41, 2.839, 36.55, 1.41, 0.005, 293.12, 1.43);
insert into SHOT values (575, 576, 577, 58, 1.220, 331.79, 27.57, 1.215, 331.77, 27.45, 0.006, 157.75, -55.14);
insert into SHOT values (576, 577, 578, 58, 2.320, 15.00, -8.72, 2.326, 15.12, -8.65, 0.008, 52.79, 11.91);
insert into SHOT values (577, 578, 579, 58, 1.910, 31.45, -2.31, 1.900, 31.43, -2.41, 0.010, 215.20, -16.91);
insert into SHOT values (578, 579, 580, 58, 2.810, 351.23, -54.47, 2.816, 351.23, -54.41, 0.007, 350.74, -27.21);
insert into SHOT values (579, 580, 581, 58, 2.130, 10.77, -40.66, 2.128, 11.03, -40.43, 0.012, 71.78, 42.65);
insert into SHOT values (580, 581, 582, 58, 2.510, 0.98, -38.83, 2.510, 0.88, -39.01, 0.009, 214.16, -45.57);
insert into SHOT values (581, 582, 583, 58, 1.050, 41.49, -3.49, 1.051, 41.13, -3.27, 0.008, 318.79, 30.91);
insert into SHOT values (582, 583, 584, 58, 1.450, 358.25, -8.58, 1.447, 358.40, -8.74, 0.006, 129.18, -36.80);
insert into SHOT values (583, 584, 585, 58, 1.430, 300.09, -0.76, 1.434, 300.14, -0.80, 0.004, 318.19, -13.78);
insert into SHOT values (584, 585, 586, 58, 1.810, 344.14, 72.73, 1.809, 344.65, 73.00, 0.010, 135.12, 9.36);
insert into SHOT values (585, 586, 587, 58, 3.270, 13.61, -2.28, 3.272, 13.44, -2.28, 0.010, 296.15, 0.53);
insert into SHOT values (586, 587, 588, 58, 1.680, 324.90, -29.08, 1.674, 325.01, -28.94, 0.008, 105.91, 55.89);
insert into SHOT values (587, 588, 589, 58, 1.510, 12.53, -28.55, 1.510, 12.67, -28.90, 0.010, 154.78, -57.52);
insert into SHOT values (588, 589, 590, 58, 2.460, 11.52, -3.30, 2.463, 11.49, -3.26, 0.004, 353.00, 24.23);
insert into SHOT values (589, 590, 591, 58, 0.470, 68.75, 12.97, 0.466, 67.96, 13.65, 0.009, 300.19, 29.60);
insert into SHOT values (590, 591, 592, 58, 1.300, 112.60, -28.87, 1.309, 112.54, -28.76, 0.010, 105.68, -14.02);
insert into SHOT values (591, 592, 593, 58, 0.900, 70.93, 34.61, 0.899, 71.08, 34.57, 0.002, 182.22, -30.39);
insert into SHOT values (592, 593, 594, 58, 1.730, 31.48, -13.09, 1.732, 31.43, -13.01, 0.003, 1.73, 31.64);
insert into SHOT values (593, 594, 595, 58, 0.800, 136.16, 40.15, 0.800, 136.33, 40.53, 0.006, 286.40, 48.38);
insert into SHOT values (594, 595, 596, 58, 2.010, 65.04, -37.80, 2.015, 65.05, -37.98, 0.008, 149.23, -88.15);
insert into SHOT values (595, 596, 597, 58, 1.860, 46.10, -6.61, 1.858, 46.10, -6.49, 0.004, 227.83, 66.92);
insert into SHOT values (596, 597, 598, 58, 1.510, 31.57, -26.88, 1.513, 31.69, -26.71, 0.006, 63.19, 26.30);
insert into SHOT values (597, 598, 599, 58, 1.990, 69.83, 26.18, 1.979, 69.93, 26.07, 0.012, 227.47, -42.91);
insert into SHOT values (598, 599, 600, 58, 2.620, 134.49, -12.57, 2.623, 134.37, -12.55, 0.006, 70.60, 1.85);
insert into SHOT values (599, 600, 601, 58, 1.660, 144.82, -59.51, 1.659, 145.18, -59.55, 0.006, 253.27, 4.68);
insert into SHOT values (600, 601, 602, 58, 2.420, 128.29, 34.72, 2.419, 128.25, 34.79, 0.003, 333.74, 30.50);
insert into SHOT values (601, 602, 603, 58, 2.260, 55.10, 28.24, 2.266, 55.20, 28.18, 0.007, 83.31, 5.16);
insert into SHOT values (602, 603, 604, 58, 1.640, 76.52, 18.73, 1.640, 76.59, 18.85, 0.004, 189.77, 58.14);
insert into SHOT values (603, 604, 605, 58, 2.670, 103.66, 5.78, 2.669, 103.72, 5.80, 0.003, 205.65, 20.29);
insert into SHOT values (604, 605, 606, 58, 4.110, 87.71, 8.00, 4.103, 87.60, 7.98, 0.010, 317.29, -11.37);
insert into SHOT values (605, 606, 607, 58, 2.150, 62.48, 1.81, 2.152, 62.60, 1.86, 0.006, 124.91, 22.03);
insert into SHOT values (606, 607, 608, 58, 5.380, 31.64, -21.67, 5.375, 31.65, -21.73, 0.008, 202.23, -25.19);
insert into SHOT values (607, 608, 609, 58, 2.800, 231.60, -49.83, 2.797, 231.54, -49.92, 0.006, 70.67, -4.20);
insert into SHOT values (608, 609, 610, 58, 2.040, 87.43, -80.13, 2.040, 86.73, -80.11, 0.004, 8.81, -2.54);
insert into SHOT values (609, 610, 611, 58, 3.220, 110.73, -16.85, 3.217, 110.73, -16.80, 0.004, 289.26, 54.68);
insert into SHOT values (610, 611, 612, 58, 0.960, 222.70, 38.56, 0.961, 222.84, 38.66, 0.003, 331.22, 39.65);
insert into SHOT values (611, 612, 613, 58, 1.220, 137.54, 35.28, 1.219, 137.84, 35.04, 0.007, 203.99, -38.85);
insert into SHOT values (612, 613, 614, 58, 1.790, 130.81, -14.10, 1.792, 130.57, -14.21, 0.009, 52.49, -27.51);
insert into SHOT values (613, 614, 615, 58, 1.770, 100.66, 14.64, 1.768, 100.78, 14.74, 0.005, 222.64, 30.95);
insert into SHOT values (614, 615, 616, 58, 0.780, 82.86, 48.08, 0.781, 83.42, 47.93, 0.006, 148.49, -3.89);
insert into SHOT values (615, 616, 617, 58, 0.990, 92.86, 0.63, 0.981, 92.34, 0.58, 0.013, 317.12, -3.96);
insert into SHOT values (616, 617, 618, 58, 1.710, 80.55, -6.90, 1.713, 80.87, -6.70, 0.012, 148.20, 27.82);
insert into SHOT values (617, 618, 619, 58, 1.250, 30.39, -9.05, 1.253, 30.09, -9.19, 0.008, 319.13, -26.34);
insert into SHOT values (618, 619, 620, 58, 1.390, 56.52, -14.25, 1.393, 56.78, -14.13, 0.007, 116.96, 16.90);
insert into SHOT values (619, 620, 621, 58, 1.360, 129.17, -53.81, 1.358, 128.88, -54.09, 0.008, 340.31, -17.37);
insert into SHOT values (620, 621, 622, 58, 1.310, 85.74, -39.25, 1.309, 86.04, -39.35, 0.006, 197.08, -11.62);
insert into SHOT values (621, 622, 623, 58, 1.430, 40.17, -53.07, 1.431, 40.31, -52.79, 0.007, 59.17, 24.74);
insert into SHOT values (622, 623, 624, 58, 4.030, 317.00, -80.91, 4.031, 316.27, -80.91, 0.008, 225.72, -4.33);
insert into SHOT values (623, 624, 625, 58, 2.960, 176.87, -15.82, 2.958, 176.78, -15.89, 0.007, 50.82, -27.99);
insert into SHOT values (624, 625, 626, 58, 4.670, 146.90, -42.74, 4.667, 146.91, -42.78, 0.004, 316.15, -7.66);
insert into SHOT values (625, 626, 521, 58, 2.940, 172.93, -31.97, 2.941, 172.87, -31.81, 0.009, 148.59, 49.27);
insert into CENTRELINE values (59, 42, NULL, '2021-02-03', NULL, 120.50, 0.00, 0.00);
 insert into SHOT values (626, 271, 627, 59, 1.060, 96.33, -39.53, 1.055, 96.34, -39.42, 0.005, 273.40, 61.01);
insert into SHOT values (627, 627, 628, 59, 15.470, 190.95, -82.93, 15.478, 190.90, -82.93, 0.008, 109.18, -76.62);
insert into SHOT values (628, 628, 629, 59, 2.050, 125.70, -21.23, 2.045, 125.61, -21.21, 0.006, 340.82, 23.36);
insert into SHOT values (629, 629, 630, 59, 5.420, 146.37, -4.14, 5.417, 146.40, -4.13, 0.004, 286.43, 17.85);
insert into SHOT values (630, 630, 631, 59, 2.160, 155.81, -42.50, 2.161, 155.53, -42.50, 0.008, 70.17, -5.22);
insert into SHOT values (631, 631, 632, 59, 5.250, 139.06, -41.15, 5.249, 139.10, -41.09, 0.006, 185.46, 51.25);
insert into SHOT values (632, 632, 633, 59, 7.680, 145.60, 1.75, 7.673, 145.63, 1.72, 0.009, 300.27, -29.86);
insert into SHOT values (633, 633, 634, 59, 5.820, 155.67, -33.87, 5.823, 155.71, -33.81, 0.008, 186.96, 27.47);
insert into SHOT values (634, 634, 635, 59, 5.930, 152.17, -37.56, 5.937, 152.13, -37.57, 0.008, 117.60, -39.54);
insert into SHOT values (635, 635, 636, 59, 6.650, 140.64, -51.20, 6.646, 140.65, -51.21, 0.004, 305.04, 39.61);
insert into SHOT values (636, 636, 637, 59, 1.510, 162.03, -36.69, 1.506, 162.16, -36.69, 0.005, 296.61, 29.03);
insert into SHOT values (637, 637, 638, 59, 6.790, 196.88, -78.72, 6.791, 196.66, -78.74, 0.006, 80.78, -11.44);
insert into SHOT values (638, 638, 639, 59, 6.760, 138.00, 51.02, 6.754, 138.05, 51.02, 0.007, 271.85, -43.04);
insert into SHOT values (639, 639, 640, 59, 2.020, 118.20, 10.76, 2.022, 118.24, 10.83, 0.004, 153.85, 49.51);
insert into SHOT values (640, 640, 641, 59, 1.860, 176.99, -17.14, 1.856, 176.77, -17.24, 0.009, 53.57, -12.49);
insert into SHOT values (641, 641, 642, 59, 9.000, 149.50, -32.67, 8.995, 149.54, -32.63, 0.010, 247.40, 56.12);
insert into SHOT values (642, 627, 643, 59, 7.130, 137.71, 0.03, 7.128, 137.67, 0.00, 0.006, 28.41, -36.23);
insert into SHOT values (643, 643, 644, 59, 5.290, 176.48, 3.04, 5.287, 176.53, 3.04, 0.005, 301.40, -6.25);
insert into SHOT values (644, 644, 645, 59, 4.970, 145.68, -49.43, 4.965, 145.72, -49.40, 0.006, 261.73, 65.15);
insert into SHOT values (645, 271, 646, 59, 5.170, 341.64, 11.32, 5.180, 341.64, 11.36, 0.011, 339.16, 29.41);
insert into SHOT values (646, 646, 647, 59, 12.510, 145.58, 48.83, 12.506, 145.63, 48.80, 0.011, 217.09, -40.70);
insert into CENTRELINE values (60, 42, NULL, '2021-02-13', NULL, 105.23, 0.00, 0.00);
 insert into SHOT values (647, 242, 648, 60, 0.000, 1.37, 0.00, 0.000, 90.00, 0.00, 0.000, 90.00, 0.00);
insert into SHOT values (648, 648, 649, 60, 7.520, 146.50, 10.04, 7.512, 146.52, 10.04, 0.009, 300.68, -6.56);
insert into SHOT values (649, 649, 650, 60, 6.220, 181.62, 3.56, 6.224, 181.57, 3.50, 0.009, 131.82, -42.87);
insert into SHOT values (650, 650, 651, 60, 2.200, 132.35, -7.53, 2.198, 132.40, -7.32, 0.009, 246.54, 75.32);
insert into SHOT values (651, 247, 652, 60, 0.000, 1.37, 0.00, 0.000, 90.00, 0.00, 0.000, 90.00, 0.00);
insert into SHOT values (652, 652, 653, 60, 9.140, 128.73, -23.43, 9.142, 128.76, -23.46, 0.007, 216.60, -51.77);
insert into SHOT values (653, 653, 654, 60, 11.210, 143.13, 11.07, 11.210, 143.13, 11.11, 0.008, 290.16, 77.43);
insert into SHOT values (654, 654, 655, 60, 9.030, 238.55, 10.53, 9.026, 238.55, 10.53, 0.004, 50.90, -3.13);
insert into SHOT values (655, 654, 656, 60, 8.610, 16.99, 4.61, 8.613, 17.00, 4.60, 0.004, 52.95, -28.72);
insert into SHOT values (656, 656, 657, 60, 4.260, 95.55, 9.87, 4.263, 95.60, 9.86, 0.005, 148.75, -2.43);
insert into SHOT values (657, 657, 658, 60, 10.250, 134.18, -14.98, 10.249, 134.18, -14.98, 0.002, 271.29, -19.51);
insert into SHOT values (658, 658, 659, 60, 12.510, 172.70, 11.79, 12.514, 172.68, 11.80, 0.006, 138.19, 41.22);
insert into SHOT values (659, 658, 660, 60, 14.050, 123.37, 8.46, 14.052, 123.35, 8.47, 0.005, 47.83, 33.08);
insert into SHOT values (660, 660, 661, 60, 10.230, 138.33, -4.65, 10.233, 138.34, -4.65, 0.004, 173.55, -9.32);
insert into CENTRELINE values (61, 42, NULL, '2021-05-18', NULL, 128.05, 0.00, 0.00);
 insert into SHOT values (661, 497, 662, 61, 0.000, 1.41, 0.00, 0.000, 90.00, 0.00, 0.000, 90.00, 0.00);
insert into SHOT values (662, 662, 663, 61, 3.590, 156.69, -29.25, 3.596, 156.71, -29.31, 0.007, 173.65, -59.16);
insert into SHOT values (663, 663, 664, 61, 6.660, 86.99, -33.28, 6.657, 87.01, -33.25, 0.005, 181.19, 59.55);
insert into SHOT values (664, 664, 665, 61, 7.400, 136.48, -5.37, 7.396, 136.49, -5.35, 0.005, 300.74, 31.06);
insert into SHOT values (665, 665, 666, 61, 9.570, 69.01, 15.65, 9.575, 69.03, 15.63, 0.007, 102.36, -13.64);
insert into SHOT values (666, 666, 667, 61, 7.940, 110.33, 44.60, 7.935, 110.29, 44.59, 0.007, 339.83, -50.97);
insert into SHOT values (667, 667, 668, 61, 7.150, 18.59, 0.07, 7.153, 18.59, 0.08, 0.003, 18.86, 22.18);
insert into SHOT values (668, 668, 669, 61, 2.050, 128.23, -3.78, 2.047, 128.44, -3.64, 0.010, 238.29, 32.37);
insert into SHOT values (669, 669, 670, 61, 3.860, 112.64, 3.53, 3.862, 112.57, 3.41, 0.009, 55.33, -56.82);
insert into SHOT values (670, 670, 671, 61, 7.390, 133.99, 35.26, 7.391, 133.99, 35.29, 0.004, 294.21, 65.04);
insert into SHOT values (671, 671, 672, 61, 7.420, 53.94, 34.61, 7.417, 53.99, 34.58, 0.008, 146.28, -36.54);
insert into SHOT values (672, 672, 673, 61, 3.220, 17.13, 18.49, 3.224, 17.13, 18.63, 0.009, 23.13, 78.57);
insert into SHOT values (673, 673, 674, 61, 2.060, 39.08, 39.85, 2.058, 38.83, 39.90, 0.007, 288.14, -0.05);
insert into SHOT values (674, 674, 675, 61, 2.510, 61.98, -25.28, 2.520, 61.97, -25.37, 0.011, 60.48, -47.51);
insert into SHOT values (675, 675, 676, 61, 1.810, 90.09, -10.36, 1.809, 90.32, -10.19, 0.009, 183.84, 36.91);
insert into SHOT values (676, 676, 677, 61, 2.630, 166.39, 44.08, 2.625, 166.48, 44.20, 0.008, 323.11, 3.00);
insert into SHOT values (677, 672, 678, 61, 2.170, 311.36, -15.91, 2.172, 311.31, -15.76, 0.006, 287.19, 52.40);
insert into SHOT values (678, 678, 679, 61, 6.620, 330.21, -13.54, 6.625, 330.21, -13.53, 0.005, 335.45, -1.09);
insert into SHOT values (679, 679, 680, 61, 7.610, 356.89, -13.72, 7.609, 356.90, -13.76, 0.006, 142.48, -64.19);
insert into SHOT values (680, 680, 681, 61, 11.710, 343.67, -11.43, 11.706, 343.65, -11.43, 0.005, 205.74, 6.52);
insert into SHOT values (681, 681, 682, 61, 4.470, 6.08, -17.10, 4.471, 6.18, -17.04, 0.009, 78.20, 28.94);
insert into SHOT values (682, 682, 683, 61, 4.090, 349.93, -36.61, 4.089, 349.82, -36.63, 0.006, 246.65, -7.86);
insert into SHOT values (683, 683, 684, 61, 6.710, 342.21, -19.86, 6.711, 342.20, -19.86, 0.002, 302.52, -14.51);
insert into SHOT values (684, 684, 685, 61, 6.240, 358.14, -7.08, 6.241, 358.15, -7.09, 0.002, 57.39, -29.28);
insert into SHOT values (685, 685, 686, 61, 3.170, 339.16, -32.75, 3.166, 339.12, -32.69, 0.005, 220.31, 66.53);
insert into CENTRELINE values (62, 42, NULL, '2021-12-26', NULL, 62.91, 0.00, 0.00);
 insert into SHOT values (686, 190, 687, 62, 4.030, 158.82, -36.02, 4.028, 158.95, -36.04, 0.007, 265.59, -0.67);
insert into SHOT values (687, 687, 688, 62, 4.780, 82.70, -32.99, 4.781, 82.70, -32.94, 0.004, 74.23, 39.21);
insert into SHOT values (688, 688, 689, 62, 2.320, 19.73, -8.87, 2.312, 19.70, -8.96, 0.009, 207.80, -14.77);
insert into SHOT values (689, 689, 690, 62, 1.710, 355.63, -15.73, 1.708, 355.82, -15.63, 0.006, 102.65, 33.55);
insert into SHOT values (690, 690, 691, 62, 14.420, 32.35, -86.67, 14.425, 32.37, -86.66, 0.005, 35.69, -55.49);
insert into SHOT values (691, 691, 692, 62, 5.640, 117.55, -45.00, 5.636, 117.53, -45.07, 0.008, 310.47, -14.33);
insert into SHOT values (692, 692, 693, 62, 9.440, 118.70, -81.39, 9.437, 118.74, -81.38, 0.004, 160.40, 70.22);
insert into SHOT values (693, 693, 694, 62, 1.770, 254.42, -36.82, 1.766, 254.39, -36.89, 0.005, 84.76, 8.87);
insert into SHOT values (694, 694, 695, 62, 1.870, 200.80, -61.96, 1.870, 201.32, -61.92, 0.008, 282.66, 3.58);
insert into SHOT values (695, 695, 696, 62, 1.110, 220.65, -39.51, 1.109, 220.24, -39.82, 0.009, 92.23, -25.60);
insert into SHOT values (696, 693, 697, 62, 2.700, 107.99, 72.30, 2.698, 108.43, 72.26, 0.007, 186.55, -18.74);
insert into SHOT values (697, 697, 698, 62, 1.110, 201.21, 72.91, 1.108, 201.80, 73.05, 0.005, 334.41, -12.27);
insert into SHOT values (698, 698, 699, 62, 3.020, 179.61, 63.14, 3.023, 179.58, 63.26, 0.007, 10.53, 52.17);
insert into SHOT values (699, 699, 700, 62, 1.660, 182.96, 61.81, 1.661, 182.90, 61.55, 0.008, 175.35, -24.22);
insert into SHOT values (700, 700, 701, 62, 1.640, 121.27, 81.59, 1.638, 119.74, 81.51, 0.007, 47.85, -19.34);
insert into SHOT values (701, 701, 702, 62, 2.650, 170.81, 51.27, 2.654, 170.99, 51.26, 0.006, 234.81, 25.58);
insert into SHOT values (702, 702, 703, 62, 1.550, 310.45, 69.97, 1.544, 311.19, 69.87, 0.009, 35.65, -42.54);
insert into SHOT values (703, 703, 704, 62, 1.490, 330.80, 59.53, 1.496, 330.72, 59.61, 0.006, 286.34, 75.36);
insert into CENTRELINE values (63, 42, NULL, '2022-01-11', NULL, 16.23, 0.00, 23.80);
 insert into SHOT values (704, 66, 705, 63, 2.990, 335.13, 5.64, 2.989, 335.16, 5.57, 0.004, 74.07, -70.61);
insert into SHOT_FLAG values(704, 'dpl');
insert into SHOT values (705, 705, 706, 63, 6.000, 84.05, 21.33, 6.000, 84.04, 21.30, 0.003, 53.01, -60.82);
insert into SHOT_FLAG values(705, 'dpl');
insert into SHOT values (706, 706, 707, 63, 6.750, 80.71, 10.78, 6.757, 80.72, 10.83, 0.010, 92.13, 51.02);
insert into SHOT_FLAG values(706, 'dpl');
insert into SHOT values (707, 707, 708, 63, 8.060, 59.46, 11.54, 8.062, 59.41, 11.52, 0.008, 347.26, -17.68);
insert into SHOT_FLAG values(707, 'dpl');
insert into SHOT values (708, 708, 709, 63, 1.150, 201.71, -79.67, 2.032, 5.62, -49.26, 1.579, 7.77, -15.00);
insert into SHOT values (709, 708, 709, 63, 3.460, 6.85, -34.35, 2.032, 5.62, -49.26, 1.585, 187.92, 15.07);
insert into SHOT values (710, 709, 710, 63, 1.460, 216.88, -52.34, 1.468, 216.87, -52.19, 0.009, 215.54, -27.71);
insert into SHOT values (711, 710, 711, 63, 1.720, 80.60, -31.11, 1.727, 80.67, -31.03, 0.007, 93.78, -10.34);
insert into SHOT values (712, 711, 712, 63, 3.300, 166.40, 31.77, 3.296, 166.36, 31.87, 0.007, 3.17, 19.96);
insert into SHOT values (713, 712, 713, 63, 1.170, 68.03, -22.63, 1.167, 68.20, -22.68, 0.004, 200.72, 2.56);
insert into SHOT values (714, 713, 714, 63, 1.550, 18.64, -66.22, 1.551, 18.73, -66.31, 0.003, 174.36, -35.68);
insert into SHOT values (715, 714, 715, 63, 2.420, 35.48, -80.42, 2.424, 34.88, -80.45, 0.006, 298.44, -41.15);
insert into CENTRELINE values (64, 42, NULL, '2022-03-05', NULL, 82.22, 0.00, 0.00);
 insert into SHOT values (716, 686, 716, 64, 0.000, 1.54, 0.00, 0.000, 90.00, 0.00, 0.000, 90.00, 0.00);
insert into SHOT values (717, 716, 717, 64, 3.580, 0.57, -17.21, 3.581, 0.67, -17.22, 0.006, 85.85, -6.97);
insert into SHOT values (718, 717, 718, 64, 11.500, 323.99, -42.10, 11.506, 324.00, -42.07, 0.009, 341.05, -0.62);
insert into SHOT values (719, 718, 719, 64, 3.450, 342.67, -20.91, 3.444, 342.64, -20.93, 0.007, 177.80, 11.53);
insert into SHOT values (720, 719, 720, 64, 5.820, 255.19, -22.05, 5.827, 255.19, -22.08, 0.007, 262.05, -45.10);
insert into SHOT values (721, 720, 721, 64, 6.270, 330.66, -17.26, 6.268, 330.69, -17.26, 0.004, 81.51, 4.71);
insert into SHOT values (722, 721, 722, 64, 11.520, 343.16, -38.85, 11.525, 343.16, -38.85, 0.005, 356.74, -48.38);
insert into SHOT values (723, 722, 723, 64, 10.820, 332.72, -30.36, 10.818, 332.72, -30.31, 0.009, 356.65, 73.82);
insert into SHOT values (724, 723, 724, 64, 7.880, 352.85, -12.69, 7.875, 352.82, -12.77, 0.012, 198.20, -48.02);
insert into SHOT values (725, 724, 725, 64, 8.960, 147.28, -7.91, 8.956, 147.24, -7.89, 0.007, 20.35, 25.06);
insert into SHOT values (726, 725, 726, 64, 4.530, 157.90, -62.39, 4.528, 157.95, -62.32, 0.006, 180.24, 40.27);
insert into SHOT values (727, 724, 727, 64, 2.070, 328.95, 56.01, 2.075, 329.46, 55.98, 0.012, 38.91, 18.40);
insert into SHOT values (728, 727, 728, 64, 5.820, 325.02, 44.64, 5.821, 324.93, 44.64, 0.006, 243.18, 5.22);
insert into CENTRELINE values (65, 42, NULL, '2022-03-05', NULL, 45.31, 0.00, 0.00);
 insert into SHOT values (729, 492, 729, 65, 12.500, 112.84, 21.99, 12.499, 112.85, 21.99, 0.003, 229.29, -10.91);
insert into SHOT values (730, 729, 730, 65, 8.150, 171.99, 40.27, 8.153, 171.96, 40.27, 0.004, 127.06, 27.35);
insert into SHOT values (731, 730, 731, 65, 5.590, 172.60, 22.24, 5.590, 172.67, 22.29, 0.008, 278.24, 31.64);
insert into SHOT values (732, 730, 732, 65, 3.840, 110.71, 66.26, 3.841, 110.56, 66.40, 0.010, 317.24, 28.83);
insert into SHOT values (733, 732, 733, 65, 2.050, 138.95, 27.98, 2.053, 139.02, 27.88, 0.005, 168.54, -19.92);
insert into SHOT values (734, 733, 734, 65, 5.280, 118.26, 13.07, 5.277, 118.21, 13.03, 0.006, 355.32, -39.91);
insert into SHOT values (735, 733, 735, 65, 1.150, 149.51, 22.42, 1.146, 149.31, 22.58, 0.006, 5.04, 13.01);
insert into SHOT values (736, 735, 736, 65, 2.330, 178.27, 39.12, 2.333, 178.10, 39.07, 0.006, 120.87, -0.99);
insert into SHOT values (737, 736, 737, 65, 4.420, 165.35, 79.15, 4.420, 165.47, 79.09, 0.005, 185.60, -10.98);
insert into CENTRELINE values (66, 42, NULL, '2022-04-30', NULL, 138.98, 0.00, 0.00);
 insert into SHOT values (738, 667, 738, 66, 0.000, 1.56, 0.00, 0.000, 90.00, 0.00, 0.000, 90.00, 0.00);
insert into SHOT values (739, 738, 739, 66, 4.010, 147.69, 40.94, 4.012, 147.67, 40.96, 0.003, 81.99, 68.61);
insert into SHOT values (740, 739, 740, 66, 7.850, 144.86, 33.29, 7.850, 144.93, 33.30, 0.008, 239.25, 9.38);
insert into SHOT values (741, 740, 741, 66, 2.170, 165.44, 40.00, 2.161, 165.29, 40.04, 0.010, 13.24, -27.86);
insert into SHOT values (742, 741, 742, 66, 2.190, 170.36, 15.31, 2.197, 170.49, 15.31, 0.009, 206.24, 11.74);
insert into SHOT values (743, 742, 743, 66, 4.170, 178.48, -34.77, 4.168, 178.33, -34.82, 0.010, 65.13, -10.79);
insert into SHOT values (744, 743, 744, 66, 3.290, 168.15, 4.18, 3.288, 168.21, 4.19, 0.004, 289.09, 2.72);
insert into SHOT values (745, 744, 745, 66, 9.990, 0.18, -85.94, 9.985, 0.00, -85.98, 0.009, 196.92, 32.87);
insert into SHOT values (746, 745, 746, 66, 1.950, 254.52, 0.47, 1.951, 254.54, 0.29, 0.006, 298.99, -81.29);
insert into SHOT values (747, 746, 747, 66, 11.240, 181.21, -64.73, 11.233, 181.20, -64.75, 0.008, 10.46, 31.33);
insert into SHOT values (748, 747, 748, 66, 2.310, 326.11, 11.56, 2.309, 326.17, 11.49, 0.004, 55.14, -51.02);
insert into SHOT values (749, 748, 749, 66, 2.120, 310.33, -72.64, 2.114, 309.81, -72.81, 0.010, 166.71, 19.60);
insert into SHOT values (750, 749, 750, 66, 4.440, 289.13, 2.81, 4.443, 289.21, 2.84, 0.007, 358.05, 19.15);
insert into SHOT values (751, 750, 751, 66, 2.800, 285.44, -11.70, 2.807, 285.40, -11.72, 0.007, 270.42, -17.12);
insert into SHOT values (752, 751, 752, 66, 9.770, 30.40, -81.11, 9.768, 30.64, -81.10, 0.007, 110.68, 22.39);
insert into SHOT values (753, 752, 753, 66, 17.020, 333.77, -76.83, 17.028, 333.70, -76.82, 0.010, 283.53, -50.77);
insert into SHOT values (754, 753, 754, 66, 1.180, 297.40, 11.94, 1.176, 297.46, 12.27, 0.008, 104.53, 48.91);
insert into SHOT values (755, 754, 755, 66, 10.160, 144.54, -88.73, 10.162, 144.16, -88.75, 0.004, 349.43, -35.67);
insert into SHOT values (756, 755, 756, 66, 3.420, 324.41, -30.44, 3.415, 324.26, -30.44, 0.009, 207.01, 17.12);
insert into SHOT values (757, 756, 757, 66, 3.400, 231.70, -36.17, 3.399, 231.67, -36.25, 0.005, 74.28, -39.21);
insert into SHOT values (758, 757, 758, 66, 3.580, 204.29, -11.71, 3.573, 204.29, -11.62, 0.009, 21.11, 49.94);
insert into SHOT values (759, 758, 759, 66, 3.810, 194.02, -29.72, 3.810, 193.99, -29.74, 0.002, 80.63, -35.42);
insert into SHOT values (760, 759, 760, 66, 3.600, 155.86, -12.19, 3.599, 155.84, -12.19, 0.001, 39.44, 6.21);
insert into SHOT values (761, 759, 761, 66, 3.750, 232.22, 57.47, 3.753, 232.22, 57.36, 0.008, 233.38, -12.14);
insert into SHOT values (762, 761, 762, 66, 1.670, 225.60, 48.73, 1.662, 225.37, 48.75, 0.009, 84.21, -36.31);
insert into SHOT values (763, 762, 763, 66, 4.890, 167.82, -19.60, 4.887, 167.84, -19.61, 0.004, 326.79, 5.78);
insert into SHOT values (764, 763, 764, 66, 4.290, 37.10, -45.59, 4.284, 37.14, -45.59, 0.006, 191.26, 45.34);
insert into SHOT values (765, 763, 765, 66, 2.000, 195.67, -11.80, 2.005, 195.66, -11.80, 0.005, 193.71, -11.02);
insert into SHOT values (766, 765, 766, 66, 2.470, 194.77, -9.29, 2.462, 194.78, -9.12, 0.011, 11.50, 50.49);
insert into SHOT values (767, 766, 767, 66, 2.130, 144.86, 3.58, 2.129, 144.96, 3.50, 0.005, 246.00, -37.39);
insert into SHOT values (768, 767, 768, 66, 3.310, 178.09, -2.39, 3.315, 178.10, -2.42, 0.005, 182.81, -22.63);
insert into CENTRELINE values (67, 42, NULL, '2023-01-14', NULL, 48.90, 0.00, 0.00);
 insert into SHOT values (769, 769, 770, 67, 5.890, 176.50, 33.35, 5.885, 176.50, 33.29, 0.008, 358.77, -83.43);
insert into SHOT values (770, 770, 771, 67, 1.680, 115.28, 1.33, 1.682, 115.35, 1.36, 0.003, 153.05, 18.65);
insert into SHOT values (771, 771, 772, 67, 4.440, 124.12, 33.11, 4.434, 124.12, 33.24, 0.012, 305.99, 23.37);
insert into SHOT values (772, 772, 773, 67, 4.170, 120.10, 23.50, 4.171, 120.12, 23.45, 0.004, 138.93, -47.53);
insert into SHOT values (773, 773, 774, 67, 3.140, 138.63, 14.29, 3.138, 138.60, 14.39, 0.006, 346.00, 52.67);
insert into SHOT values (774, 774, 775, 67, 3.230, 208.86, 38.18, 3.228, 208.68, 38.06, 0.011, 138.54, -37.53);
insert into SHOT values (775, 775, 776, 67, 2.530, 120.70, 6.73, 2.529, 120.65, 6.81, 0.005, 353.24, 49.98);
insert into SHOT values (776, 776, 777, 67, 4.230, 243.15, 22.98, 4.234, 243.17, 22.93, 0.006, 255.94, -14.43);
insert into SHOT values (777, 777, 778, 67, 0.750, 337.27, 32.11, 0.752, 337.86, 32.13, 0.007, 53.25, 11.20);
insert into SHOT values (778, 778, 658, 67, 4.990, 261.17, 16.06, 4.992, 261.13, 16.05, 0.005, 199.80, -5.73);
insert into SHOT values (779, 772, 779, 67, 1.000, 238.74, 31.15, 1.003, 238.35, 31.23, 0.007, 164.94, 23.82);
insert into SHOT values (780, 779, 780, 67, 1.700, 238.74, 31.15, 1.690, 238.83, 30.98, 0.011, 37.29, -56.77);
insert into SHOT values (781, 771, 781, 67, 5.320, 72.00, -51.31, 5.317, 71.95, -51.31, 0.005, 311.75, 32.67);
insert into SHOT values (782, 781, 782, 67, 2.310, 18.38, -34.97, 2.311, 18.43, -34.83, 0.006, 39.22, 39.94);
insert into SHOT values (783, 782, 783, 67, 3.520, 311.10, -23.82, 3.528, 311.10, -23.91, 0.010, 309.95, -61.11);
insert into CENTRELINE values (68, 42, NULL, '2023-01-14', NULL, 19.11, 0.00, 0.00);
 insert into SHOT values (784, 661, 784, 68, 4.190, 190.49, 10.20, 4.185, 190.49, 10.19, 0.005, 12.62, -21.96);
insert into SHOT values (785, 784, 785, 68, 5.270, 170.57, 16.08, 5.273, 170.69, 16.07, 0.010, 243.95, 1.76);
insert into SHOT values (786, 785, 786, 68, 1.890, 182.24, -77.76, 1.893, 181.43, -77.80, 0.006, 86.12, -27.46);
insert into SHOT values (787, 786, 787, 68, 1.800, 302.00, -67.59, 1.797, 302.54, -67.49, 0.008, 16.90, 31.60);
insert into SHOT values (788, 787, 788, 68, 2.260, 188.23, -23.67, 2.263, 188.33, -23.71, 0.005, 247.64, -34.86);
insert into SHOT values (789, 788, 789, 68, 3.700, 160.86, -8.56, 3.703, 160.87, -8.54, 0.004, 169.81, 11.92);
insert into CENTRELINE values (69, 42, NULL, '2023-05-15', NULL, 31.89, 0.00, 0.00);
 insert into SHOT values (790, 789, 790, 69, 3.020, 180.63, -35.97, 3.015, 180.70, -35.96, 0.006, 321.08, 36.60);
insert into SHOT values (791, 790, 791, 69, 6.070, 172.71, -77.74, 6.079, 172.43, -77.74, 0.011, 103.00, -52.16);
insert into SHOT values (792, 791, 792, 69, 10.960, 160.73, -41.33, 10.954, 160.77, -41.30, 0.010, 259.81, 50.40);
insert into SHOT values (793, 792, 793, 69, 6.370, 146.01, -40.31, 6.373, 145.98, -40.28, 0.005, 121.71, 10.21);
insert into SHOT values (794, 793, 794, 69, 5.470, 157.74, -8.10, 5.469, 157.75, -8.20, 0.010, 316.48, -75.45);
insert into CENTRELINE values (70, 42, NULL, '2023-04-15', NULL, 50.03, 0.00, 0.00);
 insert into SHOT values (795, 795, 796, 70, 4.850, 286.59, 5.93, 4.848, 286.63, 5.92, 0.004, 53.70, -15.37);
insert into SHOT values (796, 795, 797, 70, 7.860, 130.92, 16.67, 7.861, 130.91, 16.71, 0.006, 17.51, 64.81);
insert into SHOT values (797, 797, 798, 70, 3.180, 122.09, 15.86, 3.181, 122.18, 15.87, 0.005, 197.17, 10.77);
insert into SHOT values (798, 798, 799, 70, 3.790, 201.36, 22.78, 3.786, 201.34, 22.84, 0.006, 34.97, 26.02);
insert into SHOT values (799, 799, 769, 70, 4.770, 185.50, 28.70, 4.774, 185.48, 28.66, 0.006, 166.08, -6.95);
insert into SHOT values (800, 796, 800, 70, 3.880, 293.60, -4.40, 3.884, 293.59, -4.28, 0.009, 280.78, 55.90);
insert into SHOT values (801, 800, 801, 70, 1.500, 328.64, 31.21, 1.489, 328.80, 31.14, 0.012, 126.23, -37.76);
insert into SHOT values (802, 801, 802, 70, 3.490, 293.59, -1.13, 3.493, 293.63, -0.98, 0.010, 324.97, 64.91);
insert into SHOT values (803, 802, 803, 70, 2.210, 260.93, 3.40, 2.212, 260.88, 3.37, 0.003, 211.32, -20.94);
insert into SHOT values (804, 803, 804, 70, 2.160, 316.62, -8.62, 2.162, 316.52, -8.78, 0.007, 235.30, -57.26);
insert into SHOT values (805, 804, 805, 70, 1.740, 264.38, -31.32, 1.730, 264.17, -31.34, 0.011, 115.99, 23.40);
insert into SHOT values (806, 804, 805, 70, 1.730, 264.12, -31.43, 1.730, 264.17, -31.34, 0.003, 305.29, 47.50);
insert into SHOT values (807, 805, 806, 70, 1.860, 300.76, -9.83, 1.866, 300.75, -9.87, 0.006, 296.29, -22.90);
insert into SHOT values (808, 806, 807, 70, 5.230, 306.69, 3.33, 5.225, 306.74, 3.40, 0.009, 88.86, 43.54);
insert into SHOT values (809, 807, 808, 70, 1.780, 229.65, 53.97, 1.782, 229.64, 53.90, 0.003, 223.04, 9.54);
insert into CENTRELINE values (71, 42, NULL, '2023-05-15', NULL, 34.17, 0.00, 0.00);
 insert into SHOT values (810, 809, 810, 71, 4.420, 48.86, -27.46, 4.425, 48.92, -27.45, 0.007, 93.87, -15.66);
insert into SHOT values (811, 810, 811, 71, 4.320, 56.41, -50.77, 4.319, 56.37, -50.86, 0.007, 254.28, -31.20);
insert into SHOT values (812, 811, 812, 71, 1.680, 194.64, 21.56, 1.678, 194.48, 21.68, 0.006, 70.13, 27.21);
insert into SHOT values (813, 812, 813, 71, 7.340, 226.82, -47.14, 7.341, 226.78, -47.13, 0.003, 170.15, 5.93);
insert into SHOT values (814, 813, 814, 71, 6.680, 183.42, -34.30, 6.679, 183.43, -34.26, 0.005, 215.82, 67.32);
insert into SHOT values (815, 814, 795, 71, 9.730, 218.12, 19.38, 9.729, 218.14, 19.33, 0.010, 287.26, -63.01);
insert into CENTRELINE values (72, 42, NULL, '2023-06-03', NULL, 183.10, 0.00, 0.00);
 insert into SHOT values (816, 228, 815, 72, 2.540, 323.09, -11.45, 2.538, 323.18, -11.59, 0.008, 94.39, -47.85);
insert into SHOT values (817, 815, 816, 72, 14.160, 11.33, -41.45, 14.159, 11.30, -41.43, 0.006, 307.24, 32.42);
insert into SHOT values (818, 816, 817, 72, 5.440, 347.85, -49.19, 5.445, 347.84, -49.17, 0.005, 341.75, -29.16);
insert into SHOT values (819, 817, 818, 72, 3.260, 330.93, -50.98, 3.253, 331.05, -51.04, 0.009, 117.45, 18.47);
insert into SHOT values (820, 818, 819, 72, 2.990, 271.82, -45.73, 2.992, 271.92, -45.66, 0.006, 314.74, 10.45);
insert into SHOT values (821, 819, 820, 72, 1.630, 255.11, -23.96, 1.631, 254.85, -23.86, 0.007, 184.05, 15.19);
insert into SHOT values (822, 820, 821, 72, 6.280, 321.74, -69.85, 6.285, 321.75, -69.85, 0.005, 349.32, -71.51);
insert into SHOT values (823, 820, 822, 72, 2.430, 158.31, -11.53, 2.429, 158.29, -11.64, 0.005, 356.66, -61.58);
insert into SHOT values (824, 822, 823, 72, 4.820, 161.67, -50.29, 4.820, 161.62, -50.33, 0.004, 22.29, -30.56);
insert into SHOT values (825, 823, 824, 72, 4.830, 97.38, 29.33, 4.835, 97.36, 29.35, 0.006, 81.93, 45.37);
insert into SHOT values (826, 824, 825, 72, 2.660, 151.02, -50.43, 2.664, 151.17, -50.32, 0.008, 188.02, 3.31);
insert into SHOT values (827, 825, 826, 72, 2.490, 74.05, -54.85, 2.495, 73.84, -54.84, 0.007, 15.72, -33.23);
insert into SHOT values (828, 826, 827, 72, 1.750, 120.37, 0.56, 1.753, 120.52, 0.65, 0.006, 178.48, 28.25);
insert into SHOT values (829, 827, 828, 72, 2.620, 94.12, -28.01, 2.613, 93.98, -28.08, 0.009, 310.08, 2.57);
insert into SHOT values (830, 828, 829, 72, 3.140, 125.37, -3.47, 3.147, 125.41, -3.46, 0.007, 145.29, 0.41);
insert into SHOT values (831, 829, 830, 72, 3.440, 127.36, 23.26, 3.435, 127.27, 23.33, 0.008, 344.18, 10.94);
insert into SHOT values (832, 831, 832, 72, 0.000, 1.74, 0.00, 0.996, 316.33, -23.67, 0.996, 316.33, -23.67);
insert into SHOT values (833, 830, 832, 72, 1.740, 117.48, 37.79, 1.744, 117.68, 37.84, 0.007, 179.58, 34.09);
insert into SHOT values (834, 832, 833, 72, 4.400, 163.10, 32.35, 1.239, 224.24, 31.10, 3.752, 326.93, -27.19);
insert into SHOT values (835, 833, 834, 72, 5.500, 137.71, 22.57, 1.516, 140.40, 19.66, 3.989, 316.65, -23.66);
insert into SHOT values (836, 834, 831, 72, 2.930, 89.28, -1.54, 1.488, 20.97, -30.27, 2.810, 295.22, -13.82);
insert into SHOT values (837, 832, 835, 72, 1.500, 235.74, -40.51, 1.501, 235.75, -40.75, 0.007, 50.39, -59.89);
insert into SHOT values (838, 835, 836, 72, 2.110, 168.47, -17.50, 2.107, 168.52, -17.40, 0.005, 305.61, 56.91);
insert into SHOT values (839, 836, 837, 72, 1.820, 117.33, 5.15, 1.818, 117.27, 5.05, 0.004, 349.65, -57.72);
insert into SHOT values (840, 837, 838, 72, 5.980, 163.10, 14.38, 5.987, 163.06, 14.31, 0.011, 143.56, -28.42);
insert into SHOT values (841, 838, 839, 72, 1.370, 110.36, -7.83, 1.366, 110.31, -7.57, 0.007, 310.46, 63.95);
insert into SHOT values (842, 839, 840, 72, 1.340, 39.16, -7.95, 1.343, 39.20, -8.14, 0.005, 65.82, -64.65);
insert into SHOT values (843, 840, 841, 72, 1.790, 11.42, 59.21, 1.793, 11.31, 59.21, 0.003, 323.58, 45.21);
insert into SHOT values (844, 841, 842, 72, 5.060, 176.31, -3.60, 5.060, 176.37, -3.63, 0.006, 264.93, -22.84);
insert into SHOT values (845, 842, 843, 72, 3.370, 138.35, 12.91, 3.380, 138.32, 12.99, 0.011, 129.94, 38.59);
insert into SHOT values (846, 843, 844, 72, 1.490, 118.05, 30.19, 1.478, 117.97, 30.04, 0.013, 309.72, -46.94);
insert into SHOT values (847, 844, 845, 72, 1.420, 130.44, 39.24, 1.421, 130.21, 39.29, 0.005, 41.22, 21.63);
insert into SHOT values (848, 845, 846, 72, 2.640, 167.84, 20.19, 2.646, 167.92, 20.11, 0.008, 195.04, -8.08);
insert into SHOT values (849, 846, 847, 72, 4.720, 177.66, 25.52, 4.718, 177.57, 25.62, 0.011, 44.20, 38.17);
insert into SHOT values (850, 847, 848, 72, 4.620, 150.92, 19.30, 4.617, 150.91, 19.22, 0.007, 39.34, -84.27);
insert into SHOT values (851, 848, 849, 72, 4.270, 104.05, -4.21, 4.270, 104.13, -4.16, 0.007, 190.14, 27.76);
insert into SHOT values (852, 849, 850, 72, 4.870, 136.38, 14.94, 4.863, 136.38, 15.02, 0.010, 313.88, 26.88);
insert into SHOT values (853, 850, 851, 72, 2.140, 59.81, -41.57, 2.142, 60.08, -41.52, 0.008, 130.11, -0.25);
insert into SHOT values (854, 851, 852, 72, 2.840, 182.11, -64.34, 2.841, 182.33, -64.32, 0.005, 257.98, -0.96);
insert into SHOT values (855, 852, 853, 72, 1.030, 208.53, -48.84, 1.029, 208.47, -49.29, 0.008, 33.65, -33.95);
insert into SHOT values (856, 853, 854, 72, 1.680, 152.74, 8.86, 1.684, 152.82, 8.88, 0.005, 185.36, 15.53);
insert into SHOT values (857, 854, 855, 72, 2.650, 151.42, -35.02, 2.646, 151.31, -35.06, 0.006, 16.17, 7.06);
insert into SHOT values (858, 855, 856, 72, 3.750, 164.17, -0.96, 3.752, 164.22, -0.92, 0.005, 227.62, 34.24);
insert into SHOT values (859, 856, 857, 72, 4.210, 138.20, -9.17, 4.211, 138.22, -9.16, 0.002, 194.26, 25.63);
insert into SHOT values (860, 857, 858, 72, 2.790, 116.16, -19.16, 2.794, 116.08, -19.22, 0.006, 68.56, -42.17);
insert into SHOT values (861, 858, 859, 72, 4.840, 139.96, 6.92, 4.840, 139.98, 6.88, 0.004, 216.18, -55.44);
insert into SHOT values (862, 859, 860, 72, 2.510, 142.77, 15.49, 2.503, 142.75, 15.52, 0.007, 328.31, -2.91);
insert into SHOT values (863, 860, 861, 72, 8.720, 133.65, 2.96, 8.719, 133.65, 2.96, 0.002, 287.12, -10.04);
insert into SHOT values (864, 861, 862, 72, 3.750, 50.10, -5.94, 3.746, 50.12, -5.82, 0.009, 204.39, 69.58);
insert into SHOT values (865, 862, 863, 72, 1.840, 90.74, 2.59, 1.842, 90.93, 2.49, 0.007, 162.39, -25.11);
insert into SHOT values (866, 863, 864, 72, 1.510, 146.95, 24.93, 1.507, 146.66, 25.13, 0.009, 22.19, 22.97);
insert into SHOT values (867, 864, 865, 72, 2.430, 62.04, -8.89, 2.428, 62.15, -9.01, 0.007, 184.82, -37.58);
insert into SHOT values (868, 857, 866, 72, 1.090, 200.75, 48.15, 1.089, 200.92, 48.05, 0.003, 271.84, -38.85);
insert into SHOT values (869, 866, 867, 72, 3.190, 189.09, 9.39, 3.191, 188.95, 9.38, 0.007, 107.71, -3.59);
insert into SHOT values (870, 867, 868, 72, 4.710, 184.16, 14.29, 4.708, 184.27, 14.26, 0.010, 283.78, -15.10);
insert into STATION values (1, '19FG1.1', 42, 733775.43, 6300479.98, 645.00);
insert into STATION_FLAG values(1, 'ent');
insert into STATION_FLAG values(1, 'fix');
insert into STATION values (2, '19FG1.2', 42, 733775.85, 6300482.57, 643.90);
insert into STATION values (3, '19FG1.3', 42, 733774.50, 6300484.13, 642.57);
insert into STATION values (4, '19FG1.4', 42, 733772.47, 6300487.34, 639.49);
insert into STATION values (5, '19FG1.5', 42, 733773.89, 6300492.83, 637.92);
insert into STATION values (6, '19FG1.6', 42, 733772.34, 6300492.43, 635.69);
insert into STATION values (7, '19FG1.17C', 42, 733772.93, 6300489.29, 635.38);
insert into STATION values (8, '19FG1.7B', 42, 733773.66, 6300492.92, 635.25);
insert into STATION values (9, '19FG1.7', 42, 733773.57, 6300494.73, 617.58);
insert into STATION values (10, '19FG1.8', 42, 733773.68, 6300491.51, 619.34);
insert into STATION values (11, '19FG1.9', 42, 733773.45, 6300489.27, 618.68);
insert into STATION values (12, '19FG1.10', 42, 733772.01, 6300481.70, 620.15);
insert into STATION values (13, '19FG1.11', 42, 733772.44, 6300469.57, 621.10);
insert into STATION values (14, '19FG1.12', 42, 733772.15, 6300467.56, 621.05);
insert into STATION values (15, '19FG1.13', 42, 733765.03, 6300466.91, 621.40);
insert into STATION values (16, '19FG1.14', 42, 733760.79, 6300470.04, 621.36);
insert into STATION values (17, '19FG1.15', 42, 733751.59, 6300474.73, 623.13);
insert into STATION values (18, '19FG1.16', 42, 733751.41, 6300476.28, 623.18);
insert into STATION values (19, '19FG1.17', 42, 733746.80, 6300478.43, 618.81);
insert into STATION values (20, '19FG1.18', 42, 733776.72, 6300465.50, 621.94);
insert into STATION values (21, '19FG1.19', 42, 733777.87, 6300464.97, 621.23);
insert into STATION values (22, '19FG1.20', 42, 733784.01, 6300464.40, 621.80);
insert into STATION values (23, '19FG1.21', 42, 733787.93, 6300464.42, 620.60);
insert into STATION values (24, '19FG1.22', 42, 733793.31, 6300463.74, 621.53);
insert into STATION values (25, '19FG1.23', 42, 733797.77, 6300463.97, 620.09);
insert into STATION values (26, '19FG1.24', 42, 733799.85, 6300462.08, 621.75);
insert into STATION values (27, '19FG1.25', 42, 733800.29, 6300459.03, 622.61);
insert into STATION values (28, '19FG1.26', 42, 733800.78, 6300457.72, 622.66);
insert into STATION values (29, '19FG1.27', 42, 733804.90, 6300452.25, 623.55);
insert into STATION values (30, '19FG1.28', 42, 733774.44, 6300509.12, 622.37);
insert into STATION values (31, '19FG1.33', 42, 733771.94, 6300519.65, 638.65);
insert into STATION values (32, '19FG1.32', 42, 733770.87, 6300515.11, 640.01);
insert into STATION values (33, '19FG1.31', 42, 733770.25, 6300511.99, 637.66);
insert into STATION values (34, '19FG1.29b', 42, 733771.40, 6300510.40, 635.08);
insert into STATION values (35, '19FG1.29', 42, 733775.06, 6300507.99, 622.08);
insert into STATION values (36, '19FG1.35', 42, 733774.24, 6300499.53, 616.06);
insert into STATION values (37, '19FG1.36', 42, 733776.75, 6300500.79, 614.58);
insert into STATION values (38, '19FG1.37', 42, 733780.13, 6300495.99, 608.57);
insert into STATION values (39, '19FG1.38', 42, 733774.42, 6300495.94, 604.66);
insert into STATION values (40, '19FG1.39', 42, 733772.68, 6300496.36, 598.89);
insert into STATION values (41, '19FG1.40', 42, 733775.58, 6300495.92, 594.98);
insert into STATION values (42, '19FG1.41', 42, 733776.00, 6300498.18, 594.08);
insert into STATION values (43, '19FG1.42', 42, 733775.84, 6300500.85, 593.27);
insert into STATION values (44, '19FG1.43', 42, 733773.65, 6300502.39, 593.22);
insert into STATION values (45, '19FG1.44', 42, 733773.28, 6300506.33, 593.34);
insert into STATION values (46, '19FG1.45', 42, 733770.55, 6300514.80, 591.16);
insert into STATION values (47, '19FG1.46', 42, 733770.44, 6300519.93, 591.78);
insert into STATION values (48, '19FG1.47', 42, 733769.44, 6300518.67, 591.24);
insert into STATION values (49, '19FG1.48', 42, 733767.86, 6300517.92, 589.36);
insert into STATION values (50, '19FG1.49', 42, 733766.90, 6300523.68, 593.48);
insert into STATION values (51, '19FG1.50', 42, 733763.73, 6300526.05, 593.02);
insert into STATION values (52, '19FG1.51', 42, 733762.82, 6300532.45, 597.02);
insert into STATION values (53, '19FG1.52', 42, 733764.66, 6300535.48, 596.79);
insert into STATION values (54, '19FG1.53', 42, 733762.77, 6300526.35, 589.58);
insert into STATION values (55, '19FG1.54', 42, 733761.68, 6300535.53, 589.44);
insert into STATION values (56, '19FG1.55', 42, 733758.57, 6300540.73, 587.67);
insert into STATION values (57, '19FG1.56', 42, 733760.04, 6300543.23, 587.46);
insert into STATION values (58, '19FG1.57', 42, 733761.42, 6300544.47, 582.14);
insert into STATION values (59, '19FG1.58', 42, 733761.15, 6300551.02, 586.18);
insert into STATION values (60, '19FG1.59', 42, 733760.52, 6300559.92, 587.22);
insert into STATION values (61, '19FG1.60', 42, 733753.45, 6300572.93, 584.45);
insert into STATION values (62, '19FG1.61', 42, 733750.71, 6300582.40, 583.12);
insert into STATION values (63, '19FG1.62', 42, 733752.70, 6300586.95, 583.21);
insert into STATION values (64, '19FG1.63', 42, 733752.52, 6300588.78, 584.85);
insert into STATION values (65, '19FG1.64', 42, 733752.25, 6300589.66, 585.99);
insert into STATION values (66, '19FG1.65', 42, 733752.09, 6300592.34, 586.67);
insert into STATION values (67, '19FG1.66', 42, 733747.74, 6300602.01, 588.41);
insert into STATION values (68, '19FG1.67', 42, 733755.70, 6300597.18, 589.76);
insert into STATION values (69, '19FG1.68', 42, 733760.47, 6300596.63, 589.88);
insert into STATION values (70, '19FG1.69', 42, 733763.95, 6300602.80, 590.40);
insert into STATION values (71, '19FG1.70', 42, 733775.86, 6300595.46, 596.52);
insert into STATION values (72, '19FG1.71', 42, 733782.12, 6300596.99, 597.55);
insert into STATION values (73, '19FG1.72', 42, 733784.81, 6300597.08, 600.55);
insert into STATION values (74, '19FG1.73', 42, 733770.19, 6300603.03, 592.79);
insert into STATION values (75, '19FG1.74', 42, 733761.96, 6300609.28, 593.95);
insert into STATION values (76, '19FG1.75', 42, 733759.15, 6300616.43, 596.34);
insert into STATION values (77, '19FG1.76', 42, 733750.90, 6300623.81, 599.92);
insert into STATION values (78, '19FG1.77', 42, 733746.91, 6300622.17, 596.96);
insert into STATION values (79, '19FG1.78', 42, 733742.15, 6300625.84, 593.41);
insert into STATION values (80, '19FG1.79', 42, 733735.38, 6300629.60, 594.79);
insert into STATION values (81, '19FG1.80', 42, 733739.82, 6300626.35, 591.15);
insert into STATION values (82, '19FG1.81', 42, 733739.01, 6300626.79, 590.06);
insert into STATION values (83, '19FG1.82', 42, 733735.52, 6300629.16, 591.99);
insert into STATION values (84, '19FG1.83', 42, 733743.25, 6300626.00, 587.10);
insert into STATION values (85, '19FG1.84', 42, 733744.59, 6300614.77, 590.57);
insert into STATION values (86, '19FG1.85', 42, 733749.71, 6300612.05, 590.90);
insert into STATION values (87, '19FG1.86', 42, 733751.06, 6300609.74, 591.67);
insert into STATION values (88, '19FG1.66b', 42, 733757.41, 6300607.80, 588.51);
insert into STATION values (89, '19FG1.88', 42, 733744.36, 6300606.57, 585.70);
insert into STATION values (90, '19FG1.89', 42, 733738.86, 6300607.55, 582.98);
insert into STATION values (91, '19FG1.90', 42, 733741.04, 6300612.23, 583.99);
insert into STATION values (92, '19FG1.91', 42, 733735.04, 6300607.20, 578.28);
insert into STATION values (93, '19FG1.92', 42, 733735.97, 6300602.70, 575.18);
insert into STATION values (94, '19FG1.93', 42, 733736.11, 6300606.33, 573.56);
insert into STATION values (95, '20cont1.3', 42, 733749.11, 6300610.49, 590.98);
insert into STATION values (96, '19JC1_1', 42, 733749.04, 6300610.19, 603.82);
insert into STATION values (97, '19JC1_2', 42, 733746.25, 6300608.66, 606.76);
insert into STATION values (98, '19JC1_3', 42, 733739.75, 6300611.09, 606.33);
insert into STATION values (99, '19JC1_4', 42, 733732.05, 6300615.98, 607.05);
insert into STATION values (100, '19JC1_5', 42, 733725.74, 6300619.16, 606.83);
insert into STATION values (101, '19JC1_6', 42, 733729.74, 6300627.07, 613.28);
insert into STATION values (102, '19JC1_7', 42, 733716.74, 6300632.33, 613.83);
insert into STATION values (103, '19JC1_8', 42, 733713.14, 6300630.17, 614.18);
insert into STATION values (104, '19JC1_9', 42, 733704.17, 6300637.43, 613.94);
insert into STATION values (105, '19JC1_10', 42, 733691.90, 6300643.98, 613.82);
insert into STATION values (106, '19JC1_11', 42, 733687.60, 6300643.06, 613.58);
insert into STATION values (107, '19JC1_12', 42, 733668.98, 6300637.85, 614.84);
insert into STATION values (108, '19JC1_13', 42, 733663.39, 6300630.47, 615.91);
insert into STATION values (109, '19JC1_14', 42, 733651.59, 6300632.25, 615.15);
insert into STATION values (110, '19JC1_15', 42, 733645.02, 6300634.91, 615.06);
insert into STATION values (111, '19JC1_16', 42, 733642.53, 6300630.29, 614.14);
insert into STATION values (112, '19JC1_17', 42, 733637.26, 6300627.04, 614.71);
insert into STATION values (113, '19JC1_18', 42, 733637.54, 6300619.71, 615.97);
insert into STATION values (114, '19JC1_19', 42, 733633.29, 6300618.69, 615.24);
insert into STATION values (115, '19JC1_20', 42, 733631.07, 6300618.33, 616.91);
insert into STATION values (116, '19JC1_21', 42, 733625.27, 6300614.76, 616.96);
insert into STATION values (117, '19JC1_22', 42, 733619.48, 6300610.13, 616.85);
insert into STATION values (118, '19JC1_23', 42, 733613.05, 6300605.82, 618.10);
insert into STATION values (119, '19FG3.1', 42, 733608.55, 6300604.76, 617.71);
insert into STATION values (120, '19JC2.0', 42, 733637.26, 6300627.04, 614.71);
insert into STATION values (121, '19JC2.1', 42, 733639.26, 6300622.91, 614.51);
insert into STATION values (122, '19JC2.2', 42, 733641.70, 6300621.35, 613.13);
insert into STATION values (123, '19JC2.3', 42, 733643.59, 6300620.35, 613.03);
insert into STATION values (124, '19JC2.4', 42, 733642.77, 6300623.21, 614.93);
insert into STATION values (125, '20cont1.0', 42, 733752.09, 6300592.34, 586.67);
insert into STATION values (126, '20cont1.1', 42, 733747.78, 6300601.96, 588.34);
insert into STATION values (127, '20cont1.2', 42, 733748.36, 6300608.21, 591.33);
insert into STATION values (128, '20cont1.4', 42, 733759.69, 6300608.17, 593.86);
insert into STATION values (129, '20cont1.5', 42, 733762.02, 6300608.01, 593.97);
insert into STATION values (130, '20cont1.6', 42, 733767.90, 6300603.92, 592.91);
insert into STATION values (131, '20cont1.7', 42, 733776.49, 6300595.59, 596.38);
insert into STATION values (132, '20cont1.8', 42, 733776.15, 6300594.63, 596.47);
insert into STATION values (133, '20cont2.0', 42, 733747.78, 6300601.96, 588.34);
insert into STATION values (134, '20cont2.1', 42, 733746.40, 6300605.75, 587.43);
insert into STATION values (135, '20cont2.2', 42, 733741.61, 6300608.07, 583.81);
insert into STATION values (136, '20cont2.3', 42, 733739.26, 6300611.90, 582.11);
insert into STATION values (137, '19FG2.2', 42, 733743.31, 6300613.07, 582.79);
insert into STATION values (138, '19FG2.3', 42, 733743.68, 6300614.35, 579.78);
insert into STATION values (139, '19FG2.4', 42, 733741.90, 6300614.68, 578.28);
insert into STATION values (140, '19FG2.5', 42, 733741.51, 6300614.67, 575.72);
insert into STATION values (141, '19FG2.6', 42, 733743.54, 6300616.43, 573.17);
insert into STATION values (142, '19FG2.7', 42, 733743.18, 6300619.07, 567.77);
insert into STATION values (143, '19FG2.8', 42, 733739.37, 6300618.97, 565.24);
insert into STATION values (144, '19FG2.9', 42, 733735.72, 6300614.28, 564.67);
insert into STATION values (145, '19FG2.10', 42, 733735.74, 6300618.92, 561.05);
insert into STATION values (146, '19FG2.11', 42, 733731.30, 6300620.69, 555.08);
insert into STATION values (147, '19FG2.12', 42, 733727.92, 6300624.09, 554.74);
insert into STATION values (148, '19FG2.13', 42, 733726.86, 6300626.82, 557.03);
insert into STATION values (149, '19FG2.14', 42, 733725.28, 6300628.32, 553.46);
insert into STATION values (150, '19FG2.15', 42, 733727.51, 6300631.00, 557.58);
insert into STATION values (151, '19FG2.16', 42, 733721.50, 6300617.77, 560.07);
insert into STATION values (152, '19FG2.17', 42, 733737.35, 6300617.16, 563.24);
insert into STATION values (153, '19FG2.18', 42, 733732.20, 6300617.35, 565.91);
insert into STATION values (154, '19FG2.19', 42, 733730.53, 6300620.33, 553.44);
insert into STATION values (155, '19FG2.20', 42, 733729.20, 6300619.97, 550.89);
insert into STATION values (156, '19FG2.21', 42, 733728.81, 6300622.00, 549.65);
insert into STATION values (157, '19FG2.22', 42, 733729.55, 6300623.85, 548.95);
insert into STATION values (158, '19FG2.23', 42, 733728.38, 6300627.24, 546.99);
insert into STATION values (159, '19FG2.24', 42, 733728.16, 6300628.84, 548.05);
insert into STATION values (160, '19FG2.25', 42, 733728.93, 6300631.13, 548.75);
insert into STATION values (161, '19FG2.26', 42, 733724.57, 6300634.35, 544.61);
insert into STATION values (162, '19FG2.27', 42, 733723.15, 6300636.33, 544.78);
insert into STATION values (163, '19FG2.28', 42, 733723.32, 6300642.92, 546.21);
insert into STATION values (164, '19FG2.29', 42, 733724.11, 6300645.24, 548.18);
insert into STATION values (165, '19FG2.30', 42, 733725.40, 6300656.18, 553.64);
insert into STATION values (166, '19FG2.31', 42, 733715.75, 6300667.29, 547.94);
insert into STATION values (167, '19FG2.32', 42, 733714.28, 6300676.80, 541.76);
insert into STATION values (168, '19FG2.33', 42, 733719.58, 6300682.62, 540.78);
insert into STATION values (169, '19FG2.34', 42, 733720.04, 6300693.97, 540.93);
insert into STATION values (170, '19FG2.35', 42, 733715.33, 6300698.01, 540.75);
insert into STATION values (171, '19FG2.36', 42, 733714.71, 6300709.46, 542.67);
insert into STATION values (172, '19FG2.37', 42, 733716.69, 6300714.70, 543.01);
insert into STATION values (173, '19FG2.38', 42, 733716.13, 6300718.82, 542.37);
insert into STATION values (174, '19FG2.39', 42, 733711.31, 6300720.67, 537.89);
insert into STATION values (175, '19FG2.40', 42, 733704.96, 6300725.37, 530.27);
insert into STATION values (176, '19FG2.41', 42, 733704.71, 6300731.13, 528.39);
insert into STATION values (177, '19FG2.42', 42, 733702.73, 6300735.26, 529.19);
insert into STATION values (178, '19FG2.43', 42, 733700.90, 6300738.81, 526.12);
insert into STATION values (179, '19FG2.44', 42, 733698.91, 6300735.38, 521.96);
insert into STATION values (180, '19FG2.45', 42, 733693.84, 6300743.96, 519.86);
insert into STATION values (181, '19FG2.46', 42, 733691.67, 6300747.10, 520.89);
insert into STATION values (182, '19FG2.47', 42, 733691.55, 6300752.09, 519.99);
insert into STATION values (183, '19FG2.48', 42, 733690.32, 6300755.83, 511.19);
insert into STATION values (184, '19FG2.49', 42, 733689.39, 6300751.53, 522.82);
insert into STATION values (185, '19FG2.50', 42, 733686.43, 6300752.38, 517.07);
insert into STATION values (186, '19FG2.51', 42, 733683.98, 6300756.49, 518.57);
insert into STATION values (187, '19FG2.52', 42, 733678.19, 6300758.70, 515.29);
insert into STATION values (188, '19FG2.54', 42, 733675.52, 6300764.35, 514.85);
insert into STATION values (189, '19FG2.55', 42, 733672.01, 6300770.67, 511.86);
insert into STATION values (190, '19FG2.56', 42, 733661.10, 6300770.59, 507.48);
insert into STATION values (191, '19FG2.57', 42, 733664.74, 6300766.12, 501.48);
insert into STATION values (192, '19FG2.58', 42, 733657.02, 6300778.98, 516.87);
insert into STATION values (193, '19FG2.59', 42, 733654.66, 6300785.55, 518.79);
insert into STATION values (194, '19FG2.60', 42, 733700.20, 6300734.14, 521.09);
insert into STATION values (195, '19FG2.61', 42, 733699.96, 6300733.67, 519.11);
insert into STATION values (196, '19FG2.62B', 42, 733703.99, 6300730.51, 521.04);
insert into STATION values (197, '19FG2.63', 42, 733705.27, 6300731.42, 522.61);
insert into STATION values (198, '19FG2.64', 42, 733704.72, 6300732.92, 525.06);
insert into STATION values (199, '19FG2.65', 42, 733705.31, 6300731.25, 527.95);
insert into STATION values (200, '19FG3.2', 42, 733608.06, 6300607.57, 616.73);
insert into STATION values (201, '19FG3.3', 42, 733606.35, 6300608.10, 608.84);
insert into STATION values (202, '19FG3.4', 42, 733601.61, 6300604.01, 617.93);
insert into STATION values (203, '19FG3.5', 42, 733599.05, 6300605.39, 617.62);
insert into STATION values (204, '19FG3.6', 42, 733600.43, 6300608.38, 614.95);
insert into STATION values (205, '19FG3.7', 42, 733595.77, 6300614.58, 609.00);
insert into STATION values (206, '19FG3.8', 42, 733594.31, 6300618.41, 609.40);
insert into STATION values (207, '19FG3.9', 42, 733590.71, 6300619.84, 604.39);
insert into STATION values (208, '19FG3.10', 42, 733588.80, 6300620.65, 598.84);
insert into STATION values (209, '19FG3.11', 42, 733587.49, 6300619.50, 592.33);
insert into STATION values (210, '19FG3.12', 42, 733587.04, 6300624.74, 602.12);
insert into STATION values (211, '19FG3.13', 42, 733586.27, 6300624.78, 603.39);
insert into STATION values (212, '19FG3.14', 42, 733582.20, 6300631.05, 598.43);
insert into STATION values (213, '19FG3.15', 42, 733576.42, 6300634.86, 593.60);
insert into STATION values (214, '19FG3.16', 42, 733574.54, 6300636.71, 593.23);
insert into STATION values (215, '19FG3.17', 42, 733572.90, 6300637.54, 590.42);
insert into STATION values (216, '19FG3.18', 42, 733572.66, 6300638.55, 592.87);
insert into STATION values (217, '19FG3.19', 42, 733591.38, 6300618.37, 602.58);
insert into STATION values (218, '19FG3.20', 42, 733591.50, 6300615.76, 596.11);
insert into STATION values (219, '19FG3.21', 42, 733590.35, 6300612.80, 588.23);
insert into STATION values (220, '19FG3.22', 42, 733603.48, 6300614.75, 614.88);
insert into STATION values (221, '19FG3.23', 42, 733604.84, 6300612.73, 615.58);
insert into STATION values (222, '3_1', 42, 733723.42, 6300691.01, 543.67);
insert into STATION values (223, '3_2', 42, 733731.00, 6300687.81, 551.45);
insert into STATION values (224, '3_3', 42, 733732.82, 6300677.62, 554.18);
insert into STATION values (225, '3_4', 42, 733736.39, 6300686.26, 552.34);
insert into STATION values (226, '3_5', 42, 733740.57, 6300687.93, 552.34);
insert into STATION values (227, '3_6', 42, 733742.22, 6300688.72, 551.04);
insert into STATION values (228, '3_7', 42, 733745.21, 6300686.20, 536.88);
insert into STATION values (229, '3_8', 42, 733742.70, 6300677.03, 541.91);
insert into STATION values (230, '3_9', 42, 733751.87, 6300680.66, 543.94);
insert into STATION values (231, '3_10', 42, 733741.45, 6300699.48, 530.30);
insert into STATION values (232, '3_11', 42, 733741.72, 6300703.82, 530.03);
insert into STATION values (233, '3_12', 42, 733739.72, 6300708.11, 530.48);
insert into STATION values (234, '3_13', 42, 733747.43, 6300694.72, 529.38);
insert into STATION values (235, '3_14', 42, 733746.17, 6300698.69, 526.29);
insert into STATION values (236, '3_15', 42, 733747.51, 6300702.41, 522.14);
insert into STATION values (237, '3_16', 42, 733755.18, 6300696.88, 529.86);
insert into STATION values (238, '3_17', 42, 733763.23, 6300687.75, 535.68);
insert into STATION values (239, '3_18', 42, 733769.78, 6300674.91, 546.63);
insert into STATION values (240, '3_19', 42, 733769.88, 6300666.09, 550.79);
insert into STATION values (241, '3_20', 42, 733773.45, 6300660.01, 554.80);
insert into STATION values (242, '3_21', 42, 733779.55, 6300649.88, 560.25);
insert into STATION values (243, '3_22', 42, 733780.86, 6300640.98, 566.01);
insert into STATION values (244, '3_23', 42, 733782.82, 6300637.47, 570.54);
insert into STATION values (245, '3_24', 42, 733785.18, 6300627.70, 572.62);
insert into STATION values (246, '3_25', 42, 733789.94, 6300623.00, 577.09);
insert into STATION values (247, '3_26', 42, 733792.39, 6300606.80, 583.10);
insert into STATION values (248, '3_34', 42, 733780.61, 6300609.23, 586.96);
insert into STATION values (249, '3_35', 42, 733779.04, 6300624.06, 584.76);
insert into STATION values (250, '3_36', 42, 733773.46, 6300621.50, 588.00);
insert into STATION values (251, '20JC2_1', 42, 733607.43, 6300607.70, 615.65);
insert into STATION values (252, '20JC2_2', 42, 733606.87, 6300607.45, 608.82);
insert into STATION values (253, '20JC2_3', 42, 733602.30, 6300601.51, 617.85);
insert into STATION values (254, '20JC2_4', 42, 733594.72, 6300597.64, 620.86);
insert into STATION values (255, '20JC2_5', 42, 733595.01, 6300594.52, 621.36);
insert into STATION values (256, '20JC2_6', 42, 733598.29, 6300591.81, 623.53);
insert into STATION values (257, '20JC2_7', 42, 733597.84, 6300589.37, 626.00);
insert into STATION values (258, '20JC2_8', 42, 733598.92, 6300586.30, 628.53);
insert into STATION values (259, '20JC2_9', 42, 733596.69, 6300587.11, 629.19);
insert into STATION values (260, '20JC2_10', 42, 733596.00, 6300585.00, 632.37);
insert into STATION values (261, '20JC2_11', 42, 733593.26, 6300589.19, 633.26);
insert into STATION values (262, '20JC2_12', 42, 733591.59, 6300583.96, 633.35);
insert into STATION values (263, '20JC2_13', 42, 733584.03, 6300579.70, 633.97);
insert into STATION values (264, '20JC2_14', 42, 733580.67, 6300579.18, 634.49);
insert into STATION values (265, '20JC2_15', 42, 733575.88, 6300579.13, 633.95);
insert into STATION values (266, '20JC2_16', 42, 733598.67, 6300582.53, 634.90);
insert into STATION values (267, '20JC2_17', 42, 733599.14, 6300580.89, 636.78);
insert into STATION values (268, '20JC2_18', 42, 733601.02, 6300578.63, 638.53);
insert into STATION values (269, '20JC2_19', 42, 733576.67, 6300577.66, 635.02);
insert into STATION values (270, '20JC2_20', 42, 733577.61, 6300569.52, 632.89);
insert into STATION values (271, '20JC2_21', 42, 733578.43, 6300563.67, 630.77);
insert into STATION values (272, '20JC2_22', 42, 733575.40, 6300577.86, 633.82);
insert into STATION values (273, '20JC2_23', 42, 733576.36, 6300578.07, 631.91);
insert into STATION values (274, '20JC2_24', 42, 733575.97, 6300578.23, 623.19);
insert into STATION values (275, '20JC2_25', 42, 733603.32, 6300601.51, 616.72);
insert into STATION values (276, '20JC2_26', 42, 733602.55, 6300601.81, 611.47);
insert into STATION values (277, '20JC2_27', 42, 733603.57, 6300599.47, 608.84);
insert into STATION values (278, '20JC2_28', 42, 733602.84, 6300598.19, 607.51);
insert into STATION values (279, '20JC2_29', 42, 733598.49, 6300594.53, 591.65);
insert into STATION values (280, '20JC2_30', 42, 733596.23, 6300594.14, 589.84);
insert into STATION values (281, '20JC2_31', 42, 733593.07, 6300593.78, 590.17);
insert into STATION values (282, '20JC2_32', 42, 733591.83, 6300593.90, 585.92);
insert into STATION values (283, '20JC2_33', 42, 733589.89, 6300595.02, 585.85);
insert into STATION values (284, '20FG1.1', 42, 733704.71, 6300731.13, 528.39);
insert into STATION values (285, '20FG1.2', 42, 733706.56, 6300729.99, 527.36);
insert into STATION values (286, '20FG1.3', 42, 733707.82, 6300727.08, 526.10);
insert into STATION values (287, '20FG1.4', 42, 733707.92, 6300726.07, 526.23);
insert into STATION values (288, '20FG1.5', 42, 733710.81, 6300724.21, 524.96);
insert into STATION values (289, '20FG1.6', 42, 733711.99, 6300724.17, 524.61);
insert into STATION values (290, '20FG1.7', 42, 733710.62, 6300730.42, 522.60);
insert into STATION values (291, '20FG1.8', 42, 733708.96, 6300734.41, 520.99);
insert into STATION values (292, '20FG1.9', 42, 733714.59, 6300721.63, 522.76);
insert into STATION values (293, '20FG1.10', 42, 733715.03, 6300716.86, 522.57);
insert into STATION values (294, '20FG1.11', 42, 733721.10, 6300714.70, 521.72);
insert into STATION values (295, '20FG1.12', 42, 733722.05, 6300708.88, 521.84);
insert into STATION values (296, '20FG1.13', 42, 733724.32, 6300705.79, 520.18);
insert into STATION values (297, '20FG1.14', 42, 733725.16, 6300701.87, 518.63);
insert into STATION values (298, '20FG1.15', 42, 733728.00, 6300701.95, 518.84);
insert into STATION values (299, '20FG1.16', 42, 733729.86, 6300700.33, 518.30);
insert into STATION values (300, '20FG1.17', 42, 733732.35, 6300705.84, 516.40);
insert into STATION values (301, '20FG1.18', 42, 733738.28, 6300700.65, 515.01);
insert into STATION values (302, '20FG1.19', 42, 733729.91, 6300707.23, 516.55);
insert into STATION values (303, '20FG1.20', 42, 733729.90, 6300709.79, 515.87);
insert into STATION values (304, '20FG1.21', 42, 733728.62, 6300709.97, 512.96);
insert into STATION values (305, '20FG1.22', 42, 733728.83, 6300706.09, 519.68);
insert into STATION values (306, '20FG1.23', 42, 733727.80, 6300703.47, 519.53);
insert into STATION values (307, '20FG1.15J', 42, 733727.49, 6300702.26, 519.02);
insert into STATION values (308, '20FG1.24', 42, 733717.55, 6300719.22, 521.00);
insert into STATION values (309, '20FG1.25', 42, 733717.37, 6300722.89, 519.43);
insert into STATION values (310, '20FG1.26', 42, 733716.57, 6300724.31, 518.91);
insert into STATION values (311, '20FG1.27', 42, 733714.22, 6300725.19, 517.61);
insert into STATION values (312, '20FG1.28', 42, 733717.05, 6300723.93, 518.72);
insert into STATION values (313, '20FG1.29', 42, 733718.38, 6300724.12, 515.86);
insert into STATION values (314, '20FG1.31', 42, 733654.19, 6300791.75, 521.50);
insert into STATION values (315, '20FG1.32', 42, 733651.32, 6300796.07, 517.21);
insert into STATION values (316, '20FG1.33', 42, 733648.90, 6300790.44, 521.42);
insert into STATION values (317, '20FG1.34', 42, 733645.12, 6300785.03, 516.85);
insert into STATION values (318, '20FG1.35', 42, 733648.23, 6300805.73, 524.58);
insert into STATION values (319, '20FG1.36', 42, 733645.52, 6300792.08, 521.54);
insert into STATION values (320, '20FG1.37', 42, 733640.82, 6300794.46, 518.62);
insert into STATION values (321, '20FG1.38', 42, 733640.34, 6300797.61, 515.84);
insert into STATION values (322, '20FG1.39', 42, 733636.01, 6300799.90, 515.97);
insert into STATION values (323, '20FG1.40', 42, 733633.86, 6300802.28, 512.67);
insert into STATION values (324, '20FG1.41', 42, 733629.63, 6300803.66, 510.68);
insert into STATION values (325, '20FG1.42', 42, 733637.35, 6300793.49, 513.71);
insert into STATION values (326, '20FG1.43', 42, 733636.36, 6300798.23, 509.20);
insert into STATION values (327, '20FG1.44', 42, 733635.57, 6300800.17, 509.83);
insert into STATION values (328, '20FG1.45', 42, 733642.23, 6300804.03, 520.37);
insert into STATION values (329, '20FG1.46', 42, 733635.94, 6300799.07, 520.45);
insert into STATION values (330, '20FG1.47', 42, 733632.49, 6300798.06, 523.80);
insert into STATION values (331, '20FG1.48', 42, 733630.11, 6300798.43, 524.45);
insert into STATION values (332, '20FG1.49', 42, 733629.68, 6300800.70, 524.01);
insert into STATION values (333, '20FG1.50', 42, 733628.71, 6300799.17, 526.93);
insert into STATION values (334, '20FG1.51', 42, 733629.27, 6300800.18, 527.27);
insert into STATION values (335, '20FG1.52', 42, 733629.19, 6300800.54, 527.97);
insert into STATION values (336, '20FG1.53', 42, 733628.31, 6300799.98, 529.28);
insert into STATION values (337, '20FG1.54', 42, 733628.96, 6300809.45, 531.06);
insert into STATION values (338, '20FG1.55', 42, 733628.37, 6300797.39, 530.90);
insert into STATION values (339, '20FG1.56', 42, 733625.83, 6300797.69, 532.67);
insert into STATION values (340, '20FG1.57', 42, 733626.38, 6300804.29, 532.99);
insert into STATION values (341, '20FG1.58', 42, 733627.62, 6300810.55, 533.34);
insert into STATION values (342, '20FG1.59', 42, 733619.19, 6300799.80, 533.59);
insert into STATION values (343, '20FG1.60', 42, 733616.22, 6300799.56, 532.50);
insert into STATION values (344, '20FG1.61', 42, 733613.05, 6300800.81, 533.23);
insert into STATION values (345, '20FG1.62', 42, 733610.51, 6300804.80, 534.86);
insert into STATION values (346, '20FG1.63', 42, 733612.63, 6300804.81, 536.38);
insert into STATION values (347, '20FG1.64', 42, 733614.94, 6300803.62, 540.86);
insert into STATION values (348, '20FG1.65', 42, 733609.55, 6300807.70, 533.75);
insert into STATION values (349, '20FG1.66', 42, 733606.88, 6300809.83, 534.56);
insert into STATION values (350, '20FG1.67', 42, 733608.74, 6300812.74, 534.37);
insert into STATION values (351, '20FG1.68', 42, 733607.72, 6300816.20, 531.29);
insert into STATION values (352, '20FG1.69', 42, 733606.68, 6300818.60, 528.62);
insert into STATION values (353, '20FG1.70', 42, 733609.37, 6300818.98, 531.65);
insert into STATION values (354, '20FG1.71', 42, 733612.38, 6300819.61, 530.56);
insert into STATION values (355, '20FG1.72', 42, 733610.81, 6300824.86, 527.08);
insert into STATION values (356, '20FG1.73', 42, 733609.63, 6300830.20, 528.97);
insert into STATION values (357, '20FG1.74', 42, 733607.42, 6300832.22, 527.56);
insert into STATION values (358, '20FG1.75', 42, 733601.50, 6300831.13, 525.20);
insert into STATION values (359, '20FG1.76', 42, 733599.25, 6300825.61, 525.95);
insert into STATION values (360, '20FG1.77', 42, 733598.89, 6300821.44, 523.46);
insert into STATION values (361, '20FG1.78', 42, 733602.10, 6300842.81, 526.88);
insert into STATION values (362, '20FG1.79', 42, 733600.81, 6300845.73, 529.69);
insert into STATION values (363, '20FG1.80', 42, 733605.72, 6300851.86, 527.46);
insert into STATION values (364, '20FG1.81', 42, 733608.07, 6300854.51, 527.66);
insert into STATION values (365, '20FG1.82', 42, 733608.69, 6300857.05, 526.56);
insert into STATION values (366, '20FG1.83', 42, 733609.13, 6300859.70, 526.69);
insert into STATION values (367, '20FG1.84', 42, 733607.13, 6300864.25, 525.59);
insert into STATION values (368, '20FG1.85', 42, 733605.67, 6300869.29, 521.21);
insert into STATION values (369, '20FG1.86', 42, 733605.94, 6300874.02, 523.47);
insert into STATION values (370, '20FG1.87', 42, 733605.79, 6300880.66, 521.17);
insert into STATION values (371, '20FG1.88', 42, 733606.89, 6300883.12, 520.28);
insert into STATION values (372, '20FG1.89', 42, 733605.70, 6300885.83, 520.45);
insert into STATION values (373, '20FG1.90', 42, 733606.33, 6300890.24, 519.99);
insert into STATION values (374, '20FG1.91', 42, 733606.68, 6300896.63, 515.49);
insert into STATION values (375, '20FG1.92', 42, 733608.59, 6300894.83, 520.03);
insert into STATION values (376, '20FG1.93', 42, 733609.75, 6300898.28, 521.86);
insert into STATION values (377, '20FG1.94', 42, 733611.60, 6300898.83, 523.66);
insert into STATION values (378, '20FG1.95', 42, 733608.19, 6300904.87, 530.39);
insert into STATION values (379, '20FG1.96', 42, 733608.42, 6300908.01, 527.90);
insert into STATION values (380, '20FG1.97', 42, 733607.81, 6300909.39, 529.43);
insert into STATION values (381, '20FG1.98', 42, 733612.08, 6300910.61, 525.79);
insert into STATION values (382, '20FG1.99', 42, 733630.34, 6300785.30, 536.90);
insert into STATION values (383, '20FG1.100', 42, 733631.36, 6300779.42, 538.68);
insert into STATION values (384, '20FG1.101', 42, 733631.43, 6300777.50, 538.62);
insert into STATION values (385, '20FG1.102', 42, 733633.58, 6300773.17, 535.33);
insert into STATION values (386, '20jc2_0', 42, 733624.39, 6300792.84, 518.60);
insert into STATION values (387, '20jc2_1', 42, 733623.98, 6300797.73, 519.11);
insert into STATION values (388, '20jc2_2', 42, 733625.38, 6300798.05, 520.27);
insert into STATION values (389, '20jc2_3', 42, 733624.21, 6300800.39, 522.59);
insert into STATION values (390, '20jc2_4', 42, 733623.43, 6300803.30, 522.11);
insert into STATION values (391, '20jc2_5', 42, 733620.94, 6300805.06, 522.40);
insert into STATION values (392, '20jc2_6', 42, 733619.15, 6300810.80, 520.35);
insert into STATION values (393, '20jc2_7', 42, 733618.14, 6300816.11, 518.82);
insert into STATION values (394, '20jc2_8', 42, 733615.32, 6300820.58, 517.67);
insert into STATION values (395, '20jc2_9', 42, 733616.04, 6300823.68, 517.30);
insert into STATION values (396, '20jc2_10', 42, 733614.02, 6300822.12, 516.52);
insert into STATION values (397, '20jc2_11', 42, 733613.72, 6300824.92, 514.59);
insert into STATION values (398, '20jc2_12', 42, 733610.88, 6300821.07, 512.26);
insert into STATION values (399, '20jc2_13', 42, 733625.91, 6300800.12, 525.70);
insert into STATION values (400, '20jc2_14', 42, 733628.13, 6300800.54, 528.43);
insert into STATION values (401, '20jc1_0', 42, 733612.08, 6300910.61, 525.79);
insert into STATION values (402, '20jc1_1', 42, 733612.74, 6300908.60, 526.88);
insert into STATION values (403, '20jc1_2', 42, 733612.11, 6300909.94, 532.16);
insert into STATION values (404, '20jc1_3', 42, 733612.45, 6300910.62, 533.90);
insert into STATION values (405, '20jc1_4', 42, 733613.32, 6300912.32, 534.64);
insert into STATION values (406, '20jc1_5', 42, 733612.57, 6300913.28, 535.16);
insert into STATION values (407, '20jc1_6', 42, 733611.95, 6300913.85, 535.26);
insert into STATION values (408, '20jc1_7', 42, 733611.99, 6300912.33, 537.22);
insert into STATION values (409, '20jc1_8', 42, 733613.10, 6300907.65, 541.52);
insert into STATION values (410, '20jc1_9', 42, 733611.62, 6300904.11, 543.29);
insert into STATION values (411, '20jc1_10', 42, 733604.98, 6300899.14, 548.14);
insert into STATION values (412, '20jc1_11', 42, 733600.79, 6300896.67, 550.55);
insert into STATION values (413, '20jc1_12', 42, 733599.55, 6300894.48, 553.92);
insert into STATION values (414, '20jc1_13', 42, 733596.66, 6300888.47, 558.94);
insert into STATION values (415, '20jc1_14', 42, 733595.27, 6300885.87, 560.65);
insert into STATION values (416, '20jc1_15', 42, 733596.15, 6300878.33, 561.02);
insert into STATION values (417, '20jc1_16', 42, 733595.89, 6300876.07, 561.10);
insert into STATION values (418, '20jc1_17', 42, 733594.58, 6300873.41, 561.62);
insert into STATION values (419, '20jc1_18', 42, 733591.80, 6300871.11, 562.13);
insert into STATION values (420, '20jc1_19', 42, 733589.89, 6300871.07, 562.87);
insert into STATION values (421, '20jc1_20', 42, 733588.38, 6300874.22, 564.78);
insert into STATION values (422, '20jc1_21', 42, 733591.97, 6300875.29, 565.85);
insert into STATION values (423, '20jc1_22', 42, 733596.12, 6300879.02, 569.25);
insert into STATION values (424, '20jc1_23', 42, 733612.74, 6300919.16, 540.20);
insert into STATION values (425, '20jc1_24', 42, 733613.34, 6300922.86, 541.97);
insert into STATION values (426, '20jc1_25', 42, 733610.93, 6300933.71, 543.53);
insert into STATION values (427, '20jc1_26', 42, 733612.71, 6300939.75, 547.74);
insert into STATION values (428, '20jc1_27', 42, 733610.07, 6300947.01, 544.91);
insert into STATION values (429, '20jc1_28', 42, 733609.73, 6300955.48, 544.07);
insert into STATION values (430, '20jc1_29', 42, 733607.85, 6300959.62, 543.54);
insert into STATION values (431, '20jc1_30', 42, 733606.44, 6300967.00, 544.12);
insert into STATION values (432, '20jc1_31', 42, 733606.38, 6300970.30, 543.97);
insert into STATION values (433, '20jc1_32', 42, 733607.38, 6300974.00, 544.87);
insert into STATION values (434, '20jc1_33', 42, 733606.91, 6300983.75, 543.95);
insert into STATION values (435, '20jc1_34', 42, 733607.95, 6300991.26, 546.64);
insert into STATION values (436, '20jc1_35', 42, 733608.60, 6300995.30, 544.82);
insert into STATION values (437, '20jc1_36', 42, 733610.76, 6301000.12, 544.24);
insert into STATION values (438, '20jc1_37', 42, 733611.43, 6301003.52, 544.60);
insert into STATION values (439, '20jc1_38', 42, 733610.02, 6301013.54, 543.58);
insert into STATION values (440, '20jc1_39', 42, 733609.56, 6301017.41, 542.47);
insert into STATION values (441, '20jc1_40', 42, 733605.36, 6301018.22, 542.89);
insert into STATION values (442, '20jc1_41', 42, 733607.33, 6301023.78, 542.86);
insert into STATION values (443, '21lg1_0', 42, 733594.75, 6301111.18, 514.78);
insert into STATION values (444, '21lg1_1', 42, 733588.45, 6301113.40, 513.11);
insert into STATION values (445, '21lg1_2', 42, 733590.70, 6301110.24, 510.97);
insert into STATION values (446, '21lg1_3', 42, 733592.19, 6301105.15, 505.65);
insert into STATION values (447, '21lg1_4', 42, 733590.65, 6301102.22, 504.07);
insert into STATION values (448, '21lg1_5', 42, 733590.10, 6301097.37, 503.99);
insert into STATION values (449, '21lg1_6', 42, 733588.67, 6301093.53, 504.01);
insert into STATION values (450, '21lg1_7', 42, 733588.45, 6301091.10, 503.58);
insert into STATION values (451, '21lg1_8', 42, 733589.80, 6301086.46, 504.64);
insert into STATION values (452, '21lg1_9', 42, 733589.11, 6301082.49, 505.71);
insert into STATION values (453, '21lg1_10', 42, 733588.66, 6301077.99, 508.41);
insert into STATION values (454, '21lg1_11', 42, 733591.23, 6301072.74, 512.62);
insert into STATION values (455, '21lg1_12', 42, 733594.40, 6301070.71, 514.28);
insert into STATION values (456, '21lg1_13', 42, 733597.43, 6301063.38, 516.74);
insert into STATION values (457, '21lg1_14', 42, 733598.42, 6301057.01, 515.66);
insert into STATION values (458, '21lg1_15', 42, 733597.81, 6301047.46, 516.17);
insert into STATION values (459, '21lg1_16', 42, 733601.07, 6301042.55, 515.71);
insert into STATION values (460, '21lg1_17', 42, 733602.91, 6301039.45, 516.08);
insert into STATION values (461, '21lg1_18', 42, 733609.07, 6301033.89, 527.21);
insert into STATION values (462, '21lg1_19', 42, 733609.42, 6301030.54, 537.16);
insert into STATION values (463, '21lg1_20', 42, 733610.68, 6301027.62, 540.54);
insert into STATION values (464, '21jc1_0', 42, 733594.75, 6301111.18, 514.78);
insert into STATION values (465, '21jc1_1', 42, 733597.55, 6301108.55, 515.98);
insert into STATION values (466, '21jc1_2', 42, 733593.11, 6301110.51, 519.23);
insert into STATION values (467, '21jc1_3', 42, 733597.20, 6301120.41, 519.96);
insert into STATION values (468, '21jc1_4', 42, 733597.46, 6301125.64, 519.22);
insert into STATION values (469, '21jc1_5', 42, 733595.83, 6301130.71, 518.72);
insert into STATION values (470, '21jc1_6', 42, 733596.22, 6301134.65, 519.94);
insert into STATION values (471, '21jc1_7', 42, 733596.66, 6301143.89, 520.36);
insert into STATION values (472, '21jc1_8', 42, 733596.17, 6301148.89, 519.60);
insert into STATION values (473, '21jc1_9', 42, 733598.18, 6301154.57, 519.73);
insert into STATION values (474, '21jc1_10', 42, 733597.76, 6301156.95, 520.63);
insert into STATION values (475, '21jc1_11', 42, 733601.35, 6301158.97, 521.85);
insert into STATION values (476, '21jc1_12', 42, 733604.72, 6301161.35, 521.99);
insert into STATION values (477, '21jc1_13', 42, 733611.37, 6301163.69, 522.27);
insert into STATION values (478, '21jc1_14', 42, 733621.26, 6301158.62, 523.09);
insert into STATION values (479, '21jc1_15', 42, 733625.60, 6301158.35, 523.51);
insert into STATION values (480, '21jc1_16', 42, 733631.56, 6301158.47, 521.31);
insert into STATION values (481, '21jc1_17', 42, 733635.04, 6301157.36, 521.26);
insert into STATION values (482, '21jc1_18', 42, 733636.59, 6301158.49, 521.88);
insert into STATION values (483, '21jc1_19', 42, 733640.33, 6301159.31, 521.32);
insert into STATION values (484, '21jc1_20', 42, 733643.60, 6301157.63, 523.22);
insert into STATION values (485, '21jc1_21', 42, 733647.49, 6301152.93, 525.59);
insert into STATION values (486, '21jc1_22', 42, 733648.22, 6301146.17, 527.12);
insert into STATION values (487, '21jc1_23', 42, 733649.91, 6301146.01, 524.95);
insert into STATION values (488, '21jc1_24', 42, 733653.00, 6301146.03, 525.39);
insert into STATION values (489, '21jc1_25', 42, 733660.25, 6301148.28, 528.91);
insert into STATION values (490, '21jc1_26', 42, 733667.36, 6301147.69, 531.19);
insert into STATION values (491, '21jc1_27', 42, 733670.27, 6301146.37, 532.76);
insert into STATION values (492, '21jc1_28', 42, 733678.77, 6301146.99, 534.14);
insert into STATION values (493, '21jc1_29', 42, 733684.88, 6301149.14, 529.77);
insert into STATION values (494, '21jc1_30', 42, 733690.85, 6301150.52, 527.11);
insert into STATION values (495, '21jc1_31', 42, 733696.33, 6301147.28, 525.45);
insert into STATION values (496, '21jc1_32', 42, 733697.32, 6301143.32, 525.16);
insert into STATION values (497, '21jc1_33', 42, 733699.35, 6301139.43, 522.96);
insert into STATION values (498, '21lg2_0', 42, 733597.76, 6301156.95, 520.63);
insert into STATION values (499, '21lg2_1', 42, 733590.65, 6301156.07, 519.87);
insert into STATION values (500, '21lg2_2', 42, 733584.52, 6301153.65, 519.92);
insert into STATION values (501, '21lg2_3', 42, 733583.23, 6301152.48, 519.83);
insert into STATION values (502, '21lg2_4', 42, 733578.71, 6301152.41, 518.99);
insert into STATION values (503, '21lg2_5', 42, 733576.14, 6301150.97, 518.59);
insert into STATION values (504, '21lg2_6', 42, 733572.94, 6301148.86, 519.03);
insert into STATION values (505, '21lg2_7', 42, 733568.07, 6301148.84, 519.52);
insert into STATION values (506, '21lg2_8', 42, 733564.20, 6301148.52, 519.57);
insert into STATION values (507, '21lg2_9', 42, 733557.34, 6301149.89, 522.20);
insert into STATION values (508, '21lg2_10', 42, 733550.81, 6301140.90, 524.56);
insert into STATION values (509, '21lg2_11', 42, 733547.36, 6301138.60, 525.71);
insert into STATION values (510, '21lg2_12', 42, 733542.46, 6301135.02, 523.00);
insert into STATION values (511, '21lg2_13', 42, 733538.71, 6301132.40, 526.07);
insert into STATION values (512, '21lg2_14', 42, 733541.59, 6301127.64, 531.52);
insert into STATION values (513, '21lg2_15', 42, 733543.69, 6301131.87, 522.95);
insert into STATION values (514, '21lg2_16', 42, 733543.92, 6301129.93, 521.72);
insert into STATION values (515, '21lg2_17', 42, 733544.92, 6301126.96, 520.44);
insert into STATION values (516, '21lg2_18', 42, 733539.90, 6301126.46, 519.78);
insert into STATION values (517, '21lg2_19', 42, 733537.52, 6301127.62, 518.83);
insert into STATION values (518, '21lg2_20', 42, 733534.54, 6301129.83, 517.34);
insert into STATION values (519, '21lg2_21', 42, 733533.99, 6301129.67, 516.65);
insert into STATION values (520, '21lg2_22', 42, 733530.71, 6301133.83, 516.72);
insert into STATION values (521, '21jc2_105', 42, 733606.99, 6300877.37, 524.51);
insert into STATION values (522, '21jc2_0', 42, 733543.05, 6300851.69, 546.35);
insert into STATION values (523, '21jc2_1', 42, 733541.15, 6300853.92, 546.28);
insert into STATION values (524, '21jc2_2', 42, 733535.63, 6300854.04, 545.14);
insert into STATION values (525, '21jc2_3', 42, 733529.91, 6300853.24, 547.41);
insert into STATION values (526, '21jc2_4', 42, 733527.89, 6300853.70, 545.92);
insert into STATION values (527, '21jc2_5', 42, 733525.54, 6300860.10, 547.91);
insert into STATION values (528, '21jc2_6', 42, 733519.91, 6300856.98, 549.23);
insert into STATION values (529, '21jc2_7', 42, 733513.20, 6300857.82, 547.71);
insert into STATION values (530, '21jc2_8', 42, 733510.16, 6300857.86, 546.54);
insert into STATION values (531, '21jc2_9', 42, 733503.88, 6300859.46, 546.17);
insert into STATION values (532, '21jc2_10', 42, 733499.09, 6300853.95, 547.03);
insert into STATION values (533, '21jc2_11', 42, 733493.69, 6300848.19, 546.40);
insert into STATION values (534, '21jc2_12', 42, 733494.06, 6300845.38, 545.70);
insert into STATION values (535, '21jc2_13', 42, 733495.26, 6300844.74, 544.87);
insert into STATION values (536, '21jc2_14', 42, 733497.32, 6300841.27, 545.73);
insert into STATION values (537, '21jc2_15', 42, 733498.20, 6300834.74, 547.14);
insert into STATION values (538, '21jc2_16', 42, 733499.20, 6300824.01, 548.50);
insert into STATION values (539, '21jc2_17', 42, 733498.70, 6300819.06, 548.30);
insert into STATION values (540, '21jc2_18', 42, 733495.67, 6300812.33, 547.18);
insert into STATION values (541, '21jc2_19', 42, 733491.15, 6300810.94, 547.30);
insert into STATION values (542, '21jc2_20', 42, 733495.32, 6300805.50, 544.68);
insert into STATION values (543, '21jc2_21', 42, 733486.68, 6300812.39, 549.38);
insert into STATION values (544, '21jc2_22', 42, 733481.90, 6300803.78, 548.73);
insert into STATION values (545, '21jc2_23', 42, 733481.11, 6300796.05, 546.51);
insert into STATION values (546, '21jc2_24', 42, 733478.44, 6300781.86, 549.68);
insert into STATION values (547, '21jc2_25', 42, 733480.19, 6300774.75, 554.35);
insert into STATION values (548, '21jc2_26', 42, 733480.13, 6300773.62, 555.77);
insert into STATION values (549, '21jc2_27', 42, 733482.49, 6300773.69, 558.35);
insert into STATION values (550, '21jc2_28', 42, 733480.14, 6300773.11, 559.79);
insert into STATION values (551, '21jc2_29', 42, 733478.79, 6300770.56, 560.86);
insert into STATION values (552, '21jc2_30', 42, 733478.56, 6300769.44, 561.72);
insert into STATION values (553, '21jc2_31', 42, 733478.20, 6300767.94, 562.70);
insert into STATION values (554, '21jc2_32', 42, 733477.18, 6300766.47, 563.17);
insert into STATION values (555, '21jc2_33', 42, 733477.72, 6300764.99, 562.39);
insert into STATION values (556, '21jc2_34', 42, 733478.35, 6300762.73, 560.31);
insert into STATION values (557, '21jc2_35', 42, 733480.08, 6300761.62, 558.37);
insert into STATION values (558, '21jc2_36', 42, 733483.41, 6300757.53, 557.39);
insert into STATION values (559, '21jc2_37', 42, 733484.95, 6300755.52, 555.78);
insert into STATION values (560, '21jc2_38', 42, 733487.48, 6300752.26, 555.42);
insert into STATION values (561, '21jc2_39', 42, 733502.25, 6300855.15, 546.56);
insert into STATION values (562, '21jc2_40', 42, 733503.86, 6300852.67, 547.61);
insert into STATION values (563, '21jc2_41', 42, 733504.46, 6300848.77, 547.79);
insert into STATION values (564, '21jc2_42', 42, 733545.33, 6300848.03, 548.90);
insert into STATION values (565, '21jc2_43', 42, 733548.61, 6300846.18, 551.56);
insert into STATION values (566, '21jc2_44', 42, 733552.04, 6300843.37, 554.26);
insert into STATION values (567, '21jc2_45', 42, 733545.66, 6300850.73, 547.29);
insert into STATION values (568, '21jc2_46', 42, 733547.25, 6300849.84, 547.19);
insert into STATION values (569, '21jc2_47', 42, 733548.28, 6300850.17, 547.12);
insert into STATION values (570, '21jc2_48', 42, 733552.07, 6300849.51, 546.76);
insert into STATION values (571, '21jc2_49', 42, 733553.56, 6300850.84, 546.35);
insert into STATION values (572, '21jc2_50', 42, 733556.80, 6300851.45, 546.20);
insert into STATION values (573, '21jc2_51', 42, 733559.13, 6300852.43, 546.13);
insert into STATION values (574, '21jc2_52', 42, 733561.01, 6300853.78, 545.82);
insert into STATION values (575, '21jc2_53', 42, 733563.34, 6300856.69, 547.68);
insert into STATION values (576, '21jc2_54', 42, 733565.03, 6300858.97, 547.75);
insert into STATION values (577, '21jc2_55', 42, 733564.52, 6300859.92, 548.31);
insert into STATION values (578, '21jc2_56', 42, 733565.12, 6300862.14, 547.96);
insert into STATION values (579, '21jc2_57', 42, 733566.11, 6300863.76, 547.88);
insert into STATION values (580, '21jc2_58', 42, 733565.86, 6300865.38, 545.59);
insert into STATION values (581, '21jc2_59', 42, 733566.17, 6300866.97, 544.21);
insert into STATION values (582, '21jc2_60', 42, 733566.20, 6300868.92, 542.63);
insert into STATION values (583, '21jc2_61', 42, 733566.89, 6300869.71, 542.57);
insert into STATION values (584, '21jc2_62', 42, 733566.85, 6300871.14, 542.35);
insert into STATION values (585, '21jc2_63', 42, 733565.61, 6300871.86, 542.33);
insert into STATION values (586, '21jc2_64', 42, 733565.47, 6300872.37, 544.06);
insert into STATION values (587, '21jc2_65', 42, 733566.23, 6300875.55, 543.93);
insert into STATION values (588, '21jc2_66', 42, 733565.39, 6300876.75, 543.12);
insert into STATION values (589, '21jc2_67', 42, 733565.68, 6300878.04, 542.39);
insert into STATION values (590, '21jc2_68', 42, 733566.17, 6300880.45, 542.25);
insert into STATION values (591, '21jc2_69', 42, 733566.59, 6300880.62, 542.36);
insert into STATION values (592, '21jc2_70', 42, 733567.65, 6300880.18, 541.73);
insert into STATION values (593, '21jc2_71', 42, 733568.35, 6300880.42, 542.24);
insert into STATION values (594, '21jc2_72', 42, 733569.23, 6300881.86, 541.85);
insert into STATION values (595, '21jc2_73', 42, 733569.65, 6300881.42, 542.37);
insert into STATION values (596, '21jc2_74', 42, 733571.09, 6300882.09, 541.13);
insert into STATION values (597, '21jc2_75', 42, 733572.42, 6300883.37, 540.92);
insert into STATION values (598, '21jc2_76', 42, 733573.13, 6300884.52, 540.24);
insert into STATION values (599, '21jc2_77', 42, 733574.80, 6300885.13, 541.11);
insert into STATION values (600, '21jc2_78', 42, 733576.63, 6300883.34, 540.54);
insert into STATION values (601, '21jc2_79', 42, 733577.11, 6300882.65, 539.11);
insert into STATION values (602, '21jc2_80', 42, 733578.67, 6300881.42, 540.49);
insert into STATION values (603, '21jc2_81', 42, 733580.31, 6300882.56, 541.56);
insert into STATION values (604, '21jc2_82', 42, 733581.82, 6300882.92, 542.09);
insert into STATION values (605, '21jc2_83', 42, 733584.40, 6300882.29, 542.36);
insert into STATION values (606, '21jc2_84', 42, 733588.46, 6300882.46, 542.93);
insert into STATION values (607, '21jc2_85', 42, 733590.37, 6300883.45, 543.00);
insert into STATION values (608, '21jc2_86', 42, 733592.99, 6300887.70, 541.01);
insert into STATION values (609, '21jc2_87', 42, 733591.58, 6300886.58, 538.87);
insert into STATION values (610, '21jc2_88', 42, 733591.93, 6300886.60, 536.86);
insert into STATION values (611, '21jc2_89', 42, 733594.81, 6300885.51, 535.93);
insert into STATION values (612, '21jc2_90', 42, 733594.30, 6300884.96, 536.53);
insert into STATION values (613, '21jc2_91', 42, 733594.97, 6300884.22, 537.23);
insert into STATION values (614, '21jc2_92', 42, 733596.29, 6300883.09, 536.79);
insert into STATION values (615, '21jc2_93', 42, 733597.97, 6300882.77, 537.24);
insert into STATION values (616, '21jc2_94', 42, 733598.49, 6300882.83, 537.82);
insert into STATION values (617, '21jc2_95', 42, 733599.47, 6300882.79, 537.83);
insert into STATION values (618, '21jc2_96', 42, 733601.15, 6300883.06, 537.63);
insert into STATION values (619, '21jc2_97', 42, 733601.77, 6300884.13, 537.43);
insert into STATION values (620, '21jc2_98', 42, 733602.90, 6300884.87, 537.09);
insert into STATION values (621, '21jc2_99', 42, 733603.52, 6300884.37, 535.99);
insert into STATION values (622, '21jc2_100', 42, 733604.53, 6300884.44, 535.16);
insert into STATION values (623, '21jc2_101', 42, 733605.09, 6300885.10, 534.02);
insert into STATION values (624, '21jc2_102', 42, 733604.65, 6300885.56, 530.04);
insert into STATION values (625, '21jc2_103', 42, 733604.81, 6300882.72, 529.23);
insert into STATION values (626, '21jc2_104', 42, 733606.68, 6300879.85, 526.06);
insert into STATION values (627, '21jc3_1', 42, 733579.24, 6300563.58, 630.10);
insert into STATION values (628, '21jc3_2', 42, 733578.88, 6300561.71, 614.74);
insert into STATION values (629, '21jc3_3', 42, 733580.43, 6300560.60, 614.00);
insert into STATION values (630, '21jc3_4', 42, 733583.42, 6300556.10, 613.61);
insert into STATION values (631, '21jc3_5', 42, 733584.08, 6300554.65, 612.15);
insert into STATION values (632, '21jc3_6', 42, 733586.67, 6300551.66, 608.70);
insert into STATION values (633, '21jc3_7', 42, 733591.00, 6300545.33, 608.93);
insert into STATION values (634, '21jc3_8', 42, 733592.99, 6300540.92, 605.69);
insert into STATION values (635, '21jc3_9', 42, 733595.19, 6300536.76, 602.07);
insert into STATION values (636, '21jc3_10', 42, 733597.83, 6300533.54, 596.89);
insert into STATION values (637, '21jc3_11', 42, 733598.20, 6300532.39, 595.99);
insert into STATION values (638, '21jc3_12', 42, 733597.82, 6300531.12, 589.33);
insert into STATION values (639, '21jc3_13', 42, 733600.66, 6300527.96, 594.58);
insert into STATION values (640, '21jc3_14', 42, 733602.41, 6300527.02, 594.96);
insert into STATION values (641, '21jc3_15', 42, 733602.51, 6300525.25, 594.41);
insert into STATION values (642, '21jc3_16', 42, 733606.35, 6300518.72, 589.56);
insert into STATION values (643, '21jc3_17', 42, 733584.04, 6300558.31, 630.10);
insert into STATION values (644, '21jc3_18', 42, 733584.36, 6300553.04, 630.38);
insert into STATION values (645, '21jc3_19', 42, 733586.18, 6300550.37, 626.61);
insert into STATION values (646, '21jc3_20', 42, 733576.83, 6300568.49, 631.79);
insert into STATION values (647, '21jc3_21', 42, 733581.48, 6300561.69, 641.20);
insert into STATION values (648, '21jc4_1', 42, 733779.55, 6300649.88, 560.25);
insert into STATION values (649, '21jc4_2', 42, 733783.63, 6300643.71, 561.56);
insert into STATION values (650, '21jc4_3', 42, 733783.46, 6300637.50, 561.94);
insert into STATION values (651, '21jc4_4', 42, 733785.07, 6300636.03, 561.66);
insert into STATION values (652, '21jc4_5', 42, 733792.39, 6300606.80, 583.10);
insert into STATION values (653, '21jc4_6', 42, 733798.93, 6300601.55, 579.46);
insert into STATION values (654, '21jc4_7', 42, 733805.53, 6300592.75, 581.62);
insert into STATION values (655, '21jc4_8', 42, 733797.96, 6300588.12, 583.27);
insert into STATION values (656, '21jc4_9', 42, 733808.04, 6300600.96, 582.31);
insert into STATION values (657, '21jc4_10', 42, 733812.22, 6300600.55, 583.04);
insert into STATION values (658, '21jc4_11', 42, 733819.32, 6300593.65, 580.39);
insert into STATION values (659, '21jc4_12', 42, 733820.88, 6300581.50, 582.95);
insert into STATION values (660, '21jc4_13', 42, 733830.93, 6300586.01, 582.46);
insert into STATION values (661, '21jc4_14', 42, 733837.71, 6300578.39, 581.63);
insert into STATION values (662, '21lg3_0', 42, 733699.35, 6301139.43, 522.96);
insert into STATION values (663, '21lg3_8', 42, 733700.59, 6301136.55, 521.20);
insert into STATION values (664, '21lg3_9', 42, 733706.15, 6301136.84, 517.55);
insert into STATION values (665, '21lg3_10', 42, 733711.22, 6301131.50, 516.86);
insert into STATION values (666, '21lg3_11', 42, 733719.83, 6301134.80, 519.44);
insert into STATION values (667, '21lg3_12', 42, 733725.13, 6301132.84, 525.01);
insert into STATION values (668, '21lg3_13', 42, 733727.41, 6301139.62, 525.02);
insert into STATION values (669, '21lg3_14', 42, 733729.01, 6301138.35, 524.89);
insert into STATION values (670, '21lg3_15', 42, 733732.57, 6301136.87, 525.12);
insert into STATION values (671, '21lg3_16', 42, 733736.91, 6301132.68, 529.39);
insert into STATION values (672, '21lg3_17', 42, 733741.85, 6301136.27, 533.60);
insert into STATION values (673, '21lg3_18', 42, 733742.75, 6301139.19, 534.63);
insert into STATION values (674, '21lg3_19', 42, 733743.74, 6301140.42, 535.95);
insert into STATION values (675, '21lg3_20', 42, 733745.75, 6301141.49, 534.87);
insert into STATION values (676, '21lg3_21', 42, 733747.53, 6301141.48, 534.55);
insert into STATION values (677, '21lg3_22', 42, 733747.97, 6301139.65, 536.38);
insert into STATION values (678, '21lg3_23', 42, 733740.28, 6301137.65, 533.01);
insert into STATION values (679, '21lg3_24', 42, 733737.08, 6301143.24, 531.46);
insert into STATION values (680, '21lg3_25', 42, 733736.68, 6301150.62, 529.65);
insert into STATION values (681, '21lg3_26', 42, 733733.45, 6301161.63, 527.33);
insert into STATION values (682, '21lg3_27', 42, 733733.91, 6301165.88, 526.02);
insert into STATION values (683, '21lg3_28', 42, 733733.33, 6301169.11, 523.58);
insert into STATION values (684, '21lg3_29', 42, 733731.40, 6301175.12, 521.30);
insert into STATION values (685, '21lg3_30', 42, 733731.20, 6301181.31, 520.53);
insert into STATION values (686, '21lg3_31', 42, 733730.25, 6301183.80, 518.82);
insert into STATION values (687, '21jc1.1', 42, 733662.27, 6300767.55, 505.11);
insert into STATION values (688, '21jc1.2', 42, 733666.25, 6300768.06, 502.51);
insert into STATION values (689, '21jc1.3', 42, 733667.02, 6300770.21, 502.15);
insert into STATION values (690, '21jc1.4', 42, 733666.90, 6300771.85, 501.69);
insert into STATION values (691, '21jc1.5', 42, 733667.35, 6300772.56, 487.29);
insert into STATION values (692, '21jc1.6', 42, 733670.88, 6300770.72, 483.30);
insert into STATION values (693, '21jc1.7', 42, 733672.12, 6300770.04, 473.97);
insert into STATION values (694, '21jc1.8', 42, 733670.76, 6300769.66, 472.91);
insert into STATION values (695, '21jc1.9', 42, 733670.44, 6300768.84, 471.26);
insert into STATION values (696, '21jc1.10', 42, 733669.89, 6300768.19, 470.55);
insert into STATION values (697, '21jc1.11', 42, 733672.90, 6300769.78, 476.54);
insert into STATION values (698, '21jc1.12', 42, 733672.78, 6300769.48, 477.60);
insert into STATION values (699, '21jc1.13', 42, 733672.79, 6300768.12, 480.30);
insert into STATION values (700, '21jc1.14', 42, 733672.75, 6300767.33, 481.76);
insert into STATION values (701, '21jc1.15', 42, 733672.96, 6300767.21, 483.38);
insert into STATION values (702, '21jc1.16', 42, 733673.22, 6300765.57, 485.45);
insert into STATION values (703, '21jc1.17', 42, 733672.82, 6300765.92, 486.90);
insert into STATION values (704, '21jc1.18', 42, 733672.45, 6300766.58, 488.19);
insert into STATION values (705, 'shunt2', 42, 733750.84, 6300595.04, 586.96);
insert into STATION values (706, 'shunt3', 42, 733756.40, 6300595.62, 589.14);
insert into STATION values (707, 'shunt4', 42, 733762.95, 6300596.69, 590.41);
insert into STATION values (708, 'shunt5', 42, 733769.75, 6300600.71, 592.02);
insert into STATION values (709, 'shunt6', 42, 733769.88, 6300602.03, 590.48);
insert into STATION values (710, 'shunt7', 42, 733769.34, 6300601.31, 589.32);
insert into STATION values (711, 'shunt8', 42, 733770.80, 6300601.55, 588.43);
insert into STATION values (712, 'shunt9', 42, 733771.46, 6300598.83, 590.17);
insert into STATION values (713, 'shunt10', 42, 733772.46, 6300599.23, 589.72);
insert into STATION values (714, 'shunt11', 42, 733772.66, 6300599.82, 588.30);
insert into STATION values (715, 'shunt12', 42, 733772.89, 6300600.15, 585.91);
insert into STATION values (716, '22_jc1_0', 42, 733730.25, 6301183.80, 518.82);
insert into STATION values (717, '22_jc1_1', 42, 733730.29, 6301187.22, 517.76);
insert into STATION values (718, '22_jc1_2', 42, 733725.27, 6301194.13, 510.05);
insert into STATION values (719, '22_jc1_3', 42, 733724.31, 6301197.20, 508.82);
insert into STATION values (720, '22_jc1_4', 42, 733719.09, 6301195.82, 506.63);
insert into STATION values (721, '22_jc1_5', 42, 733716.16, 6301201.04, 504.77);
insert into STATION values (722, '22_jc1_6', 42, 733713.56, 6301209.63, 497.54);
insert into STATION values (723, '22_jc1_7', 42, 733709.28, 6301217.93, 492.08);
insert into STATION values (724, '22_jc1_8', 42, 733708.32, 6301225.55, 490.34);
insert into STATION values (725, '22_jc1_9', 42, 733713.12, 6301218.09, 489.11);
insert into STATION values (726, '22_jc1_10', 42, 733713.91, 6301216.14, 485.10);
insert into STATION values (727, '22_jc1_11', 42, 733707.73, 6301226.55, 492.06);
insert into STATION values (728, '22_jc1_12', 42, 733705.35, 6301229.94, 496.15);
insert into STATION values (729, '22jc2_1', 42, 733689.45, 6301142.49, 538.82);
insert into STATION values (730, '22jc2_2', 42, 733690.32, 6301136.33, 544.09);
insert into STATION values (731, '22jc2_3', 42, 733690.98, 6301131.20, 546.21);
insert into STATION values (732, '22jc2_4', 42, 733691.76, 6301135.79, 547.61);
insert into STATION values (733, '22jc2_5', 42, 733692.95, 6301134.42, 548.57);
insert into STATION values (734, '22jc2_6', 42, 733697.48, 6301131.99, 549.76);
insert into STATION values (735, '22jc2_7', 42, 733693.49, 6301133.51, 549.01);
insert into STATION values (736, '22jc2_8', 42, 733693.55, 6301131.70, 550.48);
insert into STATION values (737, '22jc2_9', 42, 733693.76, 6301130.89, 554.82);
insert into STATION values (738, '22jc7_0', 42, 733725.13, 6301132.84, 525.01);
insert into STATION values (739, '22jc7_1', 42, 733726.75, 6301130.28, 527.64);
insert into STATION values (740, '22jc7_2', 42, 733730.52, 6301124.91, 531.95);
insert into STATION values (741, '22jc7_3', 42, 733730.94, 6301123.31, 533.34);
insert into STATION values (742, '22jc7_4', 42, 733731.29, 6301121.22, 533.92);
insert into STATION values (743, '22jc7_5', 42, 733731.39, 6301117.80, 531.54);
insert into STATION values (744, '22jc7_6', 42, 733732.06, 6301114.59, 531.78);
insert into STATION values (745, '22jc7_7', 42, 733732.06, 6301115.29, 521.82);
insert into STATION values (746, '22jc7_8', 42, 733730.18, 6301114.77, 521.83);
insert into STATION values (747, '22jc7_9', 42, 733730.08, 6301109.98, 511.67);
insert into STATION values (748, '22jc7_10', 42, 733728.82, 6301111.86, 512.13);
insert into STATION values (749, '22jc7_11', 42, 733728.34, 6301112.26, 510.11);
insert into STATION values (750, '22jc7_12', 42, 733724.15, 6301113.72, 510.33);
insert into STATION values (751, '22jc7_13', 42, 733721.50, 6301114.45, 509.76);
insert into STATION values (752, '22jc7_14', 42, 733722.27, 6301115.75, 500.11);
insert into STATION values (753, '22jc7_15', 42, 733720.55, 6301119.23, 483.53);
insert into STATION values (754, '22jc7_16', 42, 733719.53, 6301119.76, 483.78);
insert into STATION values (755, '22jc7_17', 42, 733719.66, 6301119.58, 473.62);
insert into STATION values (756, '22jc7_18', 42, 733717.94, 6301121.97, 471.89);
insert into STATION values (757, '22jc7_19', 42, 733715.79, 6301120.27, 469.88);
insert into STATION values (758, '22jc7_20', 42, 733714.35, 6301117.08, 469.16);
insert into STATION values (759, '22jc7_21', 42, 733713.55, 6301113.87, 467.27);
insert into STATION values (760, '22jc7_22', 42, 733714.99, 6301110.66, 466.51);
insert into STATION values (761, '22jc7_23', 42, 733711.95, 6301112.63, 470.43);
insert into STATION values (762, '22jc7_24', 42, 733711.17, 6301111.86, 471.68);
insert into STATION values (763, '22jc7_25', 42, 733712.14, 6301107.36, 470.04);
insert into STATION values (764, '22jc7_26', 42, 733713.95, 6301109.75, 466.98);
insert into STATION values (765, '22jc7_27', 42, 733711.61, 6301105.47, 469.63);
insert into STATION values (766, '22jc7_28', 42, 733710.99, 6301103.12, 469.24);
insert into STATION values (767, '22jc7_29', 42, 733712.21, 6301101.38, 469.37);
insert into STATION values (768, '22jc7_30', 42, 733712.32, 6301098.07, 469.23);
insert into STATION values (769, '23jc1_0', 42, 733816.63, 6300610.98, 566.53);
insert into STATION values (770, '23jc1_1', 42, 733816.93, 6300606.07, 569.76);
insert into STATION values (771, '23jc1_2', 42, 733818.45, 6300605.35, 569.80);
insert into STATION values (772, '23jc1_6', 42, 733821.52, 6300603.27, 572.23);
insert into STATION values (773, '23jc1_8', 42, 733824.83, 6300601.35, 573.89);
insert into STATION values (774, '23jc1_9', 42, 733826.84, 6300599.07, 574.67);
insert into STATION values (775, '23jc1_10', 42, 733825.62, 6300596.84, 576.66);
insert into STATION values (776, '23jc1_11', 42, 733827.78, 6300595.56, 576.96);
insert into STATION values (777, '23jc1_12', 42, 733824.30, 6300593.80, 578.61);
insert into STATION values (778, '23jc1_13', 42, 733824.06, 6300594.39, 579.01);
insert into STATION values (779, '23jc1_61', 42, 733820.79, 6300602.82, 572.75);
insert into STATION values (780, '23jc1_7', 42, 733819.55, 6300602.07, 573.62);
insert into STATION values (781, '23jc1_3', 42, 733821.61, 6300606.38, 565.65);
insert into STATION values (782, '23jc1_4', 42, 733822.21, 6300608.18, 564.33);
insert into STATION values (783, '23jc1_5', 42, 733819.78, 6300610.30, 562.90);
insert into STATION values (784, '23jc1_17', 42, 733836.96, 6300574.34, 582.37);
insert into STATION values (785, '23jc1_18', 42, 733837.78, 6300569.34, 583.83);
insert into STATION values (786, '23jc1_19', 42, 733837.77, 6300568.94, 581.98);
insert into STATION values (787, '23jc1_20', 42, 733837.19, 6300569.31, 580.32);
insert into STATION values (788, '23jc1_21', 42, 733836.89, 6300567.26, 579.41);
insert into STATION values (789, '23jc1_22', 42, 733838.09, 6300563.80, 578.86);
insert into STATION values (790, '23jc1_23', 42, 733838.06, 6300561.36, 577.09);
insert into STATION values (791, '23jc1_24', 42, 733838.23, 6300560.08, 571.15);
insert into STATION values (792, '23jc1_25', 42, 733840.94, 6300552.31, 563.92);
insert into STATION values (793, '23jc1_26', 42, 733843.66, 6300548.28, 559.80);
insert into STATION values (794, '23jc1_27', 42, 733845.71, 6300543.27, 559.02);
insert into STATION values (795, '23jc3_0', 42, 733810.02, 6300624.96, 559.64);
insert into STATION values (796, '23jc3_1', 42, 733805.40, 6300626.34, 560.14);
insert into STATION values (797, '23jc3_2', 42, 733815.71, 6300620.03, 561.90);
insert into STATION values (798, '23jc3_3', 42, 733818.30, 6300618.40, 562.77);
insert into STATION values (799, '23jc3_4', 42, 733817.03, 6300615.15, 564.24);
insert into STATION values (800, '23jc3_6', 42, 733801.85, 6300627.89, 559.85);
insert into STATION values (801, '23jc3_7', 42, 733801.19, 6300628.98, 560.62);
insert into STATION values (802, '23jc3_8', 42, 733797.99, 6300630.38, 560.56);
insert into STATION values (803, '23jc3_9', 42, 733795.81, 6300630.03, 560.69);
insert into STATION values (804, '23jc3_10', 42, 733794.34, 6300631.58, 560.36);
insert into STATION values (805, '23jc3_11', 42, 733792.87, 6300631.43, 559.46);
insert into STATION values (806, '23jc3_12', 42, 733791.29, 6300632.37, 559.14);
insert into STATION values (807, '23jc3_13', 42, 733787.11, 6300635.49, 559.45);
insert into STATION values (808, '23jc3_14', 42, 733786.31, 6300634.81, 560.89);
insert into STATION values (809, '23jc4_0', 42, 733814.82, 6300638.53, 570.33);
insert into STATION values (810, '23jc4_1', 42, 733817.78, 6300641.11, 568.29);
insert into STATION values (811, '23jc4_2', 42, 733820.05, 6300642.62, 564.94);
insert into STATION values (812, '23jc4_3', 42, 733819.66, 6300641.11, 565.56);
insert into STATION values (813, '23jc4_4', 42, 733816.02, 6300637.69, 560.18);
insert into STATION values (814, '23jc4_5', 42, 733815.69, 6300632.18, 556.42);
insert into STATION values (815, '23ag1_1', 42, 733743.72, 6300688.19, 536.37);
insert into STATION values (816, '23ag1_2', 42, 733745.80, 6300698.60, 527.00);
insert into STATION values (817, '23ag1_3', 42, 733745.05, 6300702.08, 522.88);
insert into STATION values (818, '23ag1_4', 42, 733744.06, 6300703.87, 520.35);
insert into STATION values (819, '23ag1_5', 42, 733741.97, 6300703.94, 518.21);
insert into STATION values (820, '23ag1_6', 42, 733740.53, 6300703.55, 517.55);
insert into STATION values (821, '23ag1_7', 42, 733739.19, 6300705.25, 511.65);
insert into STATION values (822, '23ag1_8', 42, 733741.41, 6300701.34, 517.06);
insert into STATION values (823, '23ag1_9', 42, 733742.38, 6300698.42, 513.35);
insert into STATION values (824, '23ag1_10', 42, 733746.56, 6300697.88, 515.72);
insert into STATION values (825, '23ag1_11', 42, 733747.38, 6300696.39, 513.67);
insert into STATION values (826, '23ag1_12', 42, 733748.76, 6300696.79, 511.63);
insert into STATION values (827, '23ag1_13', 42, 733750.27, 6300695.90, 511.65);
insert into STATION values (828, '23ag1_14', 42, 733752.57, 6300695.74, 510.42);
insert into STATION values (829, '23ag1_15', 42, 733755.13, 6300693.92, 510.23);
insert into STATION values (830, '23ag1_16', 42, 733757.64, 6300692.01, 511.59);
insert into STATION values (831, '23ag1_20', 42, 733759.49, 6300690.71, 513.06);
insert into STATION values (832, '23ag1_17', 42, 733758.86, 6300691.37, 512.66);
insert into STATION values (833, '23ag1_18', 42, 733758.12, 6300690.61, 513.30);
insert into STATION values (834, '23ag1_19', 42, 733759.03, 6300689.51, 513.81);
insert into STATION values (835, '23ag1_21', 42, 733757.92, 6300690.73, 511.68);
insert into STATION values (836, '23ag1_22', 42, 733758.32, 6300688.76, 511.05);
insert into STATION values (837, '23ag1_23', 42, 733759.93, 6300687.93, 511.21);
insert into STATION values (838, '23ag1_24', 42, 733761.62, 6300682.38, 512.69);
insert into STATION values (839, '23ag1_25', 42, 733762.89, 6300681.91, 512.51);
insert into STATION values (840, '23ag1_26', 42, 733763.73, 6300682.94, 512.32);
insert into STATION values (841, '23ag1_27', 42, 733763.91, 6300683.84, 513.86);
insert into STATION values (842, '23ag1_28', 42, 733764.23, 6300678.80, 513.54);
insert into STATION values (843, '23ag1_29', 42, 733766.42, 6300676.34, 514.30);
insert into STATION values (844, '23ag1_30', 42, 733767.55, 6300675.74, 515.04);
insert into STATION values (845, '23ag1_31', 42, 733768.39, 6300675.03, 515.94);
insert into STATION values (846, '23ag1_32', 42, 733768.91, 6300672.60, 516.85);
insert into STATION values (847, '23ag1_33', 42, 733769.09, 6300668.35, 518.89);
insert into STATION values (848, '23ag1_34', 42, 733771.21, 6300664.54, 520.41);
insert into STATION values (849, '23ag1_35', 42, 733775.34, 6300663.50, 520.10);
insert into STATION values (850, '23ag1_36', 42, 733778.58, 6300660.10, 521.36);
insert into STATION values (851, '23ag1_37', 42, 733779.97, 6300660.90, 519.94);
insert into STATION values (852, '23ag1_38', 42, 733779.92, 6300659.67, 517.38);
insert into STATION values (853, '23ag1_39', 42, 733779.60, 6300659.08, 516.60);
insert into STATION values (854, '23ag1_40', 42, 733780.36, 6300657.60, 516.86);
insert into STATION values (855, '23ag1_41', 42, 733781.40, 6300655.70, 515.34);
insert into STATION values (856, '23ag1_42', 42, 733782.42, 6300652.09, 515.28);
insert into STATION values (857, '23ag1_43', 42, 733785.19, 6300648.99, 514.61);
insert into STATION values (858, '23ag1_44', 42, 733787.56, 6300647.83, 513.69);
insert into STATION values (859, '23ag1_45', 42, 733790.65, 6300644.15, 514.27);
insert into STATION values (860, '23ag1_46', 42, 733792.11, 6300642.23, 514.94);
insert into STATION values (861, '23ag1_47', 42, 733798.41, 6300636.22, 515.39);
insert into STATION values (862, '23ag1_48', 42, 733801.27, 6300638.61, 515.01);
insert into STATION values (863, '23ag1_49', 42, 733803.11, 6300638.58, 515.09);
insert into STATION values (864, '23ag1_50', 42, 733803.86, 6300637.44, 515.73);
insert into STATION values (865, '23ag1_51', 42, 733805.98, 6300638.56, 515.35);
insert into STATION values (866, '23ag1_52', 42, 733784.93, 6300648.31, 515.42);
insert into STATION values (867, '23ag1_53', 42, 733784.44, 6300645.20, 515.94);
insert into STATION values (868, '23ag1_54', 42, 733784.10, 6300640.65, 517.10);
