create table SURVEY (ID integer, PARENT_ID integer, NAME varchar(12), FULL_NAME varchar(15), TITLE varchar(56));
create table CENTRELINE (ID integer, SURVEY_ID integer, TITLE varchar(4), TOPO_DATE date, EXPLO_DATE date, LENGTH real, SURFACE_LENGTH real, DUPLICATE_LENGTH real);
create table PERSON (ID integer, NAME varchar(4), SURNAME varchar(14));
create table EXPLO (PERSON_ID integer, CENTRELINE_ID integer);
create table TOPO (PERSON_ID integer, CENTRELINE_ID integer);
create table STATION (ID integer, NAME varchar(4), SURVEY_ID integer, X real, Y real, Z real);
create table STATION_FLAG (STATION_ID integer, FLAG char(3));
create table SHOT (ID integer, FROM_ID integer, TO_ID integer, CENTRELINE_ID integer, LENGTH real, BEARING real, GRADIENT real, ADJ_LENGTH real, ADJ_BEARING real, ADJ_GRADIENT real, ERR_LENGTH real, ERR_BEARING real, ERR_GRADIENT real);
create table SHOT_FLAG (SHOT_ID integer, FLAG char(3));
create table MAPS (ID integer, SURVEY_ID integer, NAME varchar(12), TITLE varchar(56), PROJID integer, LENGTH real, DEPTH real);
create table SCRAPS (ID integer, SURVEY_ID integer, NAME varchar(12), PROJID integer, MAX_DISTORTION real, AVG_DISTORTION real);
create table MAPITEMS (ID integer, TYPE integer, ITEMID integer);
insert into SURVEY values (1, 0, '', '', NULL);
 insert into CENTRELINE values (2, 1, NULL, NULL, NULL, 0.00, 0.00, 0.00);
 insert into SURVEY values (19, 1, 'NarinesBoeuf', 'NarinesBoeuf', NULL);
 insert into CENTRELINE values (20, 19, NULL, NULL, NULL, 0.00, 0.00, 0.00);
 insert into CENTRELINE values (21, 19, NULL, NULL, NULL, 0.00, 0.00, 0.00);
 insert into SURVEY values (22, 19, '1', '1.NarinesBoeuf', 'Entree  - cayon et gal. remontante au fond. ');
 insert into CENTRELINE values (23, 22, NULL, NULL, NULL, 0.00, 0.00, 0.00);
 insert into CENTRELINE values (24, 22, NULL, '1979-02-18', NULL, 183.40, 0.00, 0.00);
 insert into PERSON values (1, NULL, 'A.Gogniat;');
insert into TOPO values (1, 24);
 insert into PERSON values (2, NULL, 'Ph.Rouiller');
insert into TOPO values (2, 24);
 insert into SHOT values (1, 1, 2, 24, 2.400, 294.71, -58.50, 2.403, 294.52, -58.57, 0.006, 190.81, -41.15);
insert into SHOT values (2, 2, 3, 24, 9.500, 312.71, -90.00, 9.500, 90.00, -90.00, 0.000, 312.71, 0.00);
insert into SHOT values (3, 3, 4, 24, 14.400, 357.71, -90.00, 14.400, 90.00, -90.00, 0.000, 357.71, -60.97);
insert into SHOT values (4, 5, 6, 24, 12.400, 6.71, -27.00, 12.407, 6.70, -26.99, 0.007, 358.96, -4.17);
insert into SHOT values (5, 7, 8, 24, 19.600, 101.21, -34.20, 19.595, 101.21, -34.19, 0.007, 279.05, 75.60);
insert into SHOT values (6, 8, 9, 24, 11.800, 110.21, -72.00, 11.816, 109.27, -73.01, 0.216, 306.40, -21.07);
insert into SHOT values (7, 9, 10, 24, 3.300, 42.71, -40.50, 3.390, 41.69, -40.68, 0.102, 6.07, -41.16);
insert into SHOT values (8, 10, 11, 24, 4.100, 33.71, -90.00, 4.170, 0.00, -89.59, 0.076, 0.00, -66.80);
insert into SHOT values (9, 11, 12, 24, 1.900, 29.21, 0.00, 2.009, 28.22, -0.29, 0.114, 11.60, -5.02);
insert into SHOT values (10, 12, 13, 24, 3.300, 357.71, -90.00, 3.370, 341.57, -89.46, 0.077, 341.57, -65.69);
insert into SHOT values (11, 13, 14, 24, 2.800, 353.21, 0.00, 3.005, 352.54, -0.19, 0.208, 343.60, -2.75);
insert into SHOT values (12, 14, 15, 24, 2.900, 357.71, -90.00, 2.970, 341.57, -89.39, 0.077, 341.57, -65.69);
insert into SHOT values (13, 15, 16, 24, 2.100, 24.71, 0.00, 2.103, 24.74, 0.00, 0.003, 45.87, 0.00);
insert into SHOT values (14, 16, 17, 24, 8.200, 24.71, -90.00, 8.200, 90.00, -90.00, 0.000, 24.71, -58.21);
insert into SHOT values (15, 17, 18, 24, 4.800, 24.71, -22.50, 4.796, 24.83, -22.56, 0.011, 143.19, -16.01);
insert into SHOT values (16, 18, 19, 24, 6.300, 24.71, -90.00, 6.300, 90.00, -90.00, 0.000, 24.71, -72.17);
insert into SHOT values (17, 19, 20, 24, 2.600, 26.51, 11.70, 2.599, 26.36, 11.77, 0.007, 284.64, 23.12);
insert into SHOT values (18, 20, 21, 24, 12.000, 13.91, -22.50, 12.003, 13.94, -22.53, 0.010, 106.21, -53.09);
insert into SHOT values (19, 21, 22, 24, 12.000, 358.61, -50.40, 11.997, 358.58, -50.37, 0.008, 309.32, 50.85);
insert into SHOT values (20, 22, 23, 24, 6.400, 49.01, -63.00, 6.398, 48.91, -62.99, 0.006, 322.96, 25.90);
insert into SHOT values (21, 24, 25, 24, 13.400, 69.71, -36.00, 13.404, 69.71, -36.01, 0.004, 91.49, -59.88);
insert into SHOT values (22, 25, 26, 24, 10.200, 332.51, -2.70, 10.191, 332.50, -2.70, 0.009, 154.97, 3.17);
insert into SHOT values (23, 26, 27, 24, 5.600, 330.71, 18.90, 5.605, 330.78, 18.84, 0.010, 13.82, -22.03);
insert into SHOT values (24, 27, 28, 24, 11.400, 8.51, 40.50, 11.401, 8.49, 40.54, 0.007, 213.34, 58.01);
insert into SURVEY values (26, 19, '2', '2.NarinesBoeuf', 'Point bas du gouffre -116m');
 insert into CENTRELINE values (27, 26, NULL, NULL, NULL, 0.00, 0.00, 0.00);
 insert into CENTRELINE values (28, 26, NULL, '1979-02-18', NULL, 7.80, 0.00, 0.00);
 insert into TOPO values (1, 28);
 insert into TOPO values (2, 28);
 insert into SHOT values (25, 29, 30, 28, 7.800, 240.71, -48.60, 7.799, 240.75, -48.60, 0.004, 340.09, 11.80);
insert into SURVEY values (30, 19, '3', '3.NarinesBoeuf', 'Affluent, a l''est de la grande salle (-85 a -77m).');
 insert into CENTRELINE values (31, 30, NULL, NULL, NULL, 0.00, 0.00, 0.00);
 insert into CENTRELINE values (32, 30, NULL, '1979-02-18', NULL, 32.00, 0.00, 0.00);
 insert into TOPO values (1, 32);
 insert into TOPO values (2, 32);
 insert into SHOT values (26, 31, 32, 32, 8.000, 100.31, 9.00, 7.997, 100.29, 9.07, 0.010, 311.61, 57.67);
insert into SHOT values (27, 32, 33, 32, 8.500, 195.71, 38.70, 8.501, 195.73, 38.65, 0.007, 226.94, -37.84);
insert into SHOT values (28, 33, 34, 32, 3.600, 195.71, 3.60, 3.591, 195.70, 3.67, 0.010, 16.45, 23.42);
insert into SHOT values (29, 34, 35, 32, 4.300, 168.71, 15.30, 4.301, 168.74, 15.23, 0.006, 220.17, -52.54);
insert into SHOT values (30, 35, 36, 32, 4.000, 137.21, 11.70, 4.010, 137.17, 11.65, 0.011, 122.81, -6.13);
insert into SHOT values (31, 36, 37, 32, 3.600, 40.91, 10.80, 3.603, 40.76, 10.88, 0.011, 322.80, 30.44);
insert into SURVEY values (34, 19, '4', '4.NarinesBoeuf', 'Passage depuis le col par le grand puits de 42m.');
 insert into CENTRELINE values (35, 34, NULL, NULL, NULL, 0.00, 0.00, 0.00);
 insert into CENTRELINE values (36, 34, NULL, '1979-02-18', NULL, 35.30, 0.00, 0.00);
 insert into TOPO values (1, 36);
 insert into TOPO values (2, 36);
 insert into SHOT values (32, 38, 39, 36, 4.800, 50.81, 28.80, 4.809, 52.34, 28.98, 0.114, 141.51, 8.87);
insert into SHOT values (33, 39, 40, 36, 4.300, 33.71, -3.60, 4.205, 35.20, -3.41, 0.147, 164.63, 7.84);
insert into SHOT values (34, 40, 41, 36, 26.200, 33.71, -90.00, 26.124, 212.28, -89.01, 0.457, 212.28, 10.09);
insert into SURVEY values (38, 19, '5', '5.NarinesBoeuf', 'Puits parallele, puits en gradin.');
 insert into CENTRELINE values (39, 38, NULL, NULL, NULL, 0.00, 0.00, 0.00);
 insert into CENTRELINE values (40, 38, NULL, '1979-02-18', NULL, 69.60, 0.00, 0.00);
 insert into TOPO values (1, 40);
 insert into TOPO values (2, 40);
 insert into SHOT values (35, 42, 43, 40, 4.200, 325.31, 10.80, 4.198, 325.27, 10.71, 0.008, 219.55, -68.96);
insert into SHOT values (36, 43, 44, 40, 2.300, 42.71, -90.00, 2.300, 90.00, -90.00, 0.000, 42.71, -83.30);
insert into SHOT values (37, 44, 45, 40, 8.600, 35.51, -51.30, 8.603, 35.55, -51.26, 0.008, 68.81, 12.64);
insert into SHOT values (38, 45, 46, 40, 6.500, 7.61, -90.00, 6.500, 90.00, -90.00, 0.000, 7.61, 0.00);
insert into SHOT values (39, 46, 47, 40, 5.500, 33.71, -27.90, 5.492, 33.66, -27.90, 0.009, 243.76, 23.82);
insert into SHOT values (40, 47, 48, 40, 5.700, 20.21, -90.00, 5.700, 90.00, -90.00, 0.000, 20.21, -66.28);
insert into SHOT values (41, 48, 49, 40, 5.000, 4.91, -32.40, 5.004, 5.02, -32.38, 0.010, 66.93, -5.07);
insert into SHOT values (42, 49, 50, 40, 7.400, 325.31, -31.50, 7.401, 325.20, -31.53, 0.012, 228.23, -16.88);
insert into SHOT values (43, 50, 51, 40, 6.600, 350.51, -3.60, 6.602, 350.57, -3.56, 0.009, 63.48, 31.24);
insert into SHOT values (44, 51, 52, 40, 4.100, 357.71, -90.00, 4.100, 90.00, -90.00, 0.000, 357.71, -58.21);
insert into SHOT values (45, 52, 53, 40, 4.000, 6.71, -90.00, 4.000, 90.00, -90.00, 0.000, 6.71, 0.00);
insert into SHOT values (46, 53, 54, 40, 6.700, 26.51, -55.80, 6.699, 26.50, -55.80, 0.002, 260.40, 63.80);
insert into SHOT values (47, 54, 55, 40, 1.000, 21.11, -40.50, 1.000, 20.82, -40.55, 0.004, 279.00, -8.13);
insert into SHOT values (48, 55, 56, 40, 2.000, 22.91, -40.50, 2.000, 22.85, -40.55, 0.002, 245.16, -27.50);
insert into SURVEY values (42, 19, '6', '6.NarinesBoeuf', 'Gal.  laterale entree, pt.  haut du gouffre (+2m).');
 insert into CENTRELINE values (43, 42, NULL, NULL, NULL, 0.00, 0.00, 0.00);
 insert into CENTRELINE values (44, 42, NULL, '1979-02-18', NULL, 24.70, 0.00, 0.00);
 insert into TOPO values (1, 44);
 insert into TOPO values (2, 44);
 insert into SHOT values (49, 57, 58, 44, 10.700, 137.21, 16.20, 10.701, 137.21, 16.23, 0.005, 258.32, 82.67);
insert into SHOT values (50, 58, 59, 44, 14.000, 200.21, 40.50, 13.999, 200.22, 40.49, 0.004, 279.86, -36.12);
insert into SURVEY values (46, 19, '7', '7.NarinesBoeuf', 'Gal. laterale dans puits en gradins, vers -76m.');
 insert into CENTRELINE values (47, 46, NULL, NULL, NULL, 0.00, 0.00, 0.00);
 insert into CENTRELINE values (48, 46, NULL, '1979-02-18', NULL, 8.60, 0.00, 0.00);
 insert into TOPO values (1, 48);
 insert into TOPO values (2, 48);
 insert into SHOT values (51, 60, 61, 48, 4.600, 26.51, 8.10, 4.603, 26.45, 8.12, 0.006, 331.92, 19.68);
insert into SHOT values (52, 61, 62, 48, 4.000, 285.71, 0.00, 3.999, 285.67, 0.00, 0.003, 166.69, 0.00);
insert into SURVEY values (50, 19, '8', '8.NarinesBoeuf', 'Reseau de Rouiller, laterale dans puits d''entree.');
 insert into CENTRELINE values (51, 50, NULL, NULL, NULL, 0.00, 0.00, 0.00);
 insert into CENTRELINE values (52, 50, NULL, '1979-02-18', NULL, 50.60, 0.00, 0.00);
 insert into TOPO values (1, 52);
 insert into TOPO values (2, 52);
 insert into SHOT values (53, 63, 64, 52, 3.300, 193.91, 2.70, 3.299, 193.87, 2.61, 0.006, 97.04, -67.95);
insert into SHOT values (54, 64, 65, 52, 2.100, 132.71, -90.00, 2.100, 90.00, -90.00, 0.000, 132.71, -72.06);
insert into SHOT values (55, 65, 66, 52, 0.700, 96.71, 0.00, 0.695, 96.61, 0.00, 0.005, 288.45, 0.00);
insert into SHOT values (56, 66, 67, 52, 2.400, 141.71, -90.00, 2.400, 90.00, -90.00, 0.000, 141.71, 69.70);
insert into SHOT values (57, 67, 68, 52, 1.700, 177.71, -33.30, 1.698, 177.58, -33.20, 0.005, 94.88, 46.84);
insert into SHOT values (58, 68, 69, 52, 13.600, 222.71, -90.00, 13.600, 90.00, -90.00, 0.000, 222.71, -25.93);
insert into SHOT values (59, 69, 70, 52, 8.800, 222.71, -90.00, 8.800, 90.00, -90.00, 0.000, 222.71, 56.37);
insert into SHOT values (60, 70, 71, 52, 1.300, 278.51, 0.00, 1.296, 278.88, 0.00, 0.010, 36.45, 0.00);
insert into SHOT values (61, 71, 72, 52, 8.800, 177.71, -90.00, 8.800, 90.00, -90.00, 0.000, 177.71, 56.37);
insert into SHOT values (62, 72, 73, 52, 0.800, 105.71, 0.00, 0.801, 105.95, 0.00, 0.003, 182.19, 0.00);
insert into SHOT values (63, 73, 74, 52, 7.100, 28.31, -40.50, 7.097, 28.32, -40.51, 0.004, 180.35, 17.94);
insert into SURVEY values (54, 19, '9', '9.NarinesBoeuf', 'Gal. de jonction entre puits  Rouiller et grand puits.');
 insert into CENTRELINE values (55, 54, NULL, NULL, NULL, 0.00, 0.00, 0.00);
 insert into CENTRELINE values (56, 54, NULL, '1979-02-18', NULL, 25.60, 0.00, 0.00);
 insert into TOPO values (1, 56);
 insert into TOPO values (2, 56);
 insert into SHOT values (64, 75, 76, 56, 6.700, 46.31, 9.00, 6.703, 46.35, 9.01, 0.006, 105.25, 18.98);
insert into SHOT values (65, 76, 77, 56, 1.900, 355.01, -18.00, 1.901, 354.92, -18.08, 0.004, 266.87, -46.81);
insert into SHOT values (66, 77, 78, 56, 1.800, 61.61, -18.90, 1.801, 61.63, -18.79, 0.004, 84.54, 57.72);
insert into SHOT values (67, 78, 79, 56, 3.800, 354.11, -45.90, 3.800, 354.14, -45.92, 0.002, 107.26, -34.28);
insert into SHOT values (68, 79, 80, 56, 5.500, 31.91, -33.30, 5.501, 31.75, -33.30, 0.012, 308.29, -1.76);
insert into SHOT values (69, 80, 81, 56, 5.900, 45.41, 0.00, 5.905, 45.48, 0.00, 0.009, 104.82, 0.00);
insert into SURVEY values (58, 19, '10', '10.NarinesBoeuf', 'Gal. jonction grand puits par P.10 incline (-33m).');
 insert into CENTRELINE values (59, 58, NULL, NULL, NULL, 0.00, 0.00, 0.00);
 insert into CENTRELINE values (60, 58, NULL, '1979-02-18', NULL, 13.10, 0.00, 0.00);
 insert into TOPO values (1, 60);
 insert into TOPO values (2, 60);
 insert into SHOT values (70, 82, 83, 60, 5.500, 111.11, 0.00, 5.499, 111.10, 0.00, 0.001, 295.27, 0.00);
insert into SHOT values (71, 83, 84, 60, 1.900, 31.91, -24.30, 1.897, 31.76, -24.28, 0.006, 269.51, 19.76);
insert into SHOT values (72, 84, 85, 60, 2.500, 117.41, -12.60, 2.503, 117.30, -12.69, 0.007, 53.25, -42.72);
insert into SHOT values (73, 85, 86, 60, 3.200, 42.71, 13.50, 3.203, 42.66, 13.54, 0.005, 353.76, 40.50);
insert into SURVEY values (62, 19, '11', '11.NarinesBoeuf', 'Debut du reseau 1998, Fol Epi');
 insert into CENTRELINE values (63, 62, NULL, NULL, NULL, 0.00, 0.00, 0.00);
 insert into CENTRELINE values (64, 62, NULL, '1998-04-03', NULL, 79.20, 0.00, 0.00);
 insert into PERSON values (3, NULL, 'D.Linder');
insert into TOPO values (3, 64);
 insert into PERSON values (4, NULL, 'E.Weber, T.F');
insert into TOPO values (4, 64);
 insert into SHOT values (74, 87, 88, 64, 7.000, 32.22, 0.00, 6.997, 32.21, 0.00, 0.003, 218.36, 0.00);
insert into SHOT values (75, 88, 89, 64, 16.470, 44.82, 90.00, 16.470, 90.00, 90.00, 0.000, 44.82, 26.30);
insert into SHOT values (76, 89, 90, 64, 5.920, 80.82, 90.00, 5.920, 90.00, 90.00, 0.000, 80.82, 74.16);
insert into SHOT values (77, 90, 91, 64, 4.310, 116.82, 90.00, 4.310, 90.00, 90.00, 0.000, 116.82, -74.48);
insert into SHOT values (78, 91, 92, 64, 7.490, 138.42, 33.30, 7.490, 138.37, 33.28, 0.006, 63.13, -21.18);
insert into SHOT values (79, 92, 93, 64, 2.580, 9.72, 32.40, 2.581, 9.76, 32.32, 0.004, 39.31, -33.16);
insert into SHOT values (80, 93, 94, 64, 2.630, 92.52, -3.60, 2.628, 92.62, -3.49, 0.007, 205.57, 44.22);
insert into SHOT values (81, 94, 95, 64, 3.980, 151.02, -32.40, 3.985, 151.00, -32.48, 0.008, 104.90, -76.89);
insert into SHOT values (82, 95, 96, 64, 4.020, 73.62, -49.50, 4.012, 73.51, -49.48, 0.009, 306.89, 48.89);
insert into SHOT values (83, 96, 97, 64, 5.460, 85.32, -46.80, 5.463, 85.25, -46.76, 0.007, 45.31, 1.42);
insert into SHOT values (84, 97, 98, 64, 1.670, 147.42, -50.40, 1.673, 147.65, -50.45, 0.006, 226.97, -35.98);
insert into SHOT values (85, 98, 99, 64, 2.050, 340.92, -44.10, 2.051, 340.95, -44.20, 0.004, 133.44, -61.68);
insert into SHOT values (86, 99, 100, 64, 0.850, 180.72, -28.80, 0.846, 180.77, -28.99, 0.005, 351.84, -5.99);
insert into SHOT values (87, 100, 101, 64, 1.900, 51.12, -62.10, 1.898, 51.44, -62.29, 0.008, 194.32, -5.77);
insert into SHOT values (88, 101, 102, 64, 2.920, 45.72, -26.10, 2.919, 45.77, -26.01, 0.005, 107.68, 57.91);
insert into SHOT values (89, 102, 103, 64, 7.050, 303.12, 3.60, 7.050, 303.17, 3.58, 0.007, 28.24, -21.74);
insert into SHOT values (90, 103, 104, 64, 2.900, 354.42, -47.70, 2.895, 354.41, -47.67, 0.006, 182.20, 63.32);
insert into SURVEY values (66, 19, '12', '12.NarinesBoeuf', 'Grande galerie montante depuis la salle');
 insert into CENTRELINE values (67, 66, NULL, NULL, NULL, 0.00, 0.00, 0.00);
 insert into CENTRELINE values (68, 66, NULL, '1998-04-03', NULL, 40.58, 0.00, 0.00);
 insert into TOPO values (3, 68);
 insert into TOPO values (4, 68);
 insert into SHOT values (91, 105, 106, 68, 7.530, 162.72, 53.10, 7.524, 162.73, 53.14, 0.008, 335.10, -11.87);
insert into SHOT values (92, 106, 107, 68, 5.430, 166.32, 50.40, 5.439, 166.32, 50.38, 0.009, 170.25, 40.60);
insert into SHOT values (93, 107, 108, 68, 6.020, 133.92, 27.90, 6.020, 133.93, 27.93, 0.004, 273.97, 50.95);
insert into SHOT values (94, 108, 109, 68, 8.000, 145.62, 34.20, 7.997, 145.59, 34.15, 0.007, 80.82, -62.93);
insert into SHOT values (95, 109, 110, 68, 2.230, 194.22, 14.40, 2.228, 194.23, 14.56, 0.007, 6.67, 54.83);
insert into SHOT values (96, 110, 111, 68, 6.370, 274.32, 36.90, 6.367, 274.28, 36.87, 0.006, 187.68, -53.88);
insert into SHOT values (97, 111, 112, 68, 5.000, 260.82, 31.50, 5.000, 260.82, 31.47, 0.003, 285.87, -58.90);
insert into SURVEY values (70, 19, '13', '13.NarinesBoeuf', 'Meandre des Grottes Brother''s - Fond');
 insert into CENTRELINE values (71, 70, NULL, NULL, NULL, 0.00, 0.00, 0.00);
 insert into CENTRELINE values (72, 70, NULL, '1998-09-16', NULL, 50.08, 0.00, 0.00);
 insert into TOPO values (3, 72);
 insert into PERSON values (5, NULL, 'E.Weber');
insert into TOPO values (5, 72);
 insert into SHOT values (98, 113, 114, 72, 5.000, 161.87, 34.20, 4.998, 161.96, 34.21, 0.007, 270.46, -3.44);
insert into SHOT values (99, 114, 115, 72, 1.610, 119.57, 26.10, 1.611, 119.40, 26.15, 0.005, 35.52, 21.78);
insert into SHOT values (100, 115, 116, 72, 1.630, 106.97, -0.90, 1.632, 107.10, -1.05, 0.006, 165.17, -44.32);
insert into SHOT values (101, 117, 118, 72, 3.010, 84.47, -28.80, 3.014, 84.35, -28.75, 0.007, 38.71, 0.61);
insert into SHOT values (102, 118, 119, 72, 3.050, 91.67, -12.60, 3.046, 91.74, -12.71, 0.008, 237.72, -36.72);
insert into SHOT values (103, 119, 120, 72, 0.950, 150.17, -32.40, 0.949, 150.26, -31.81, 0.010, 166.69, 64.60);
insert into SHOT values (104, 120, 121, 72, 1.670, 112.37, 12.60, 1.672, 112.32, 12.44, 0.005, 85.39, -56.37);
insert into SHOT values (105, 121, 122, 72, 1.670, 177.17, -36.90, 1.665, 177.42, -36.91, 0.008, 302.75, 20.83);
insert into SHOT values (106, 122, 123, 72, 2.200, 83.57, -29.70, 2.200, 83.69, -29.69, 0.004, 165.67, 0.12);
insert into SHOT values (107, 123, 124, 72, 2.390, 167.27, 3.60, 2.384, 167.13, 3.61, 0.008, 33.06, -0.50);
insert into SHOT values (108, 124, 125, 72, 2.070, 56.57, -34.20, 2.073, 56.68, -34.36, 0.007, 159.49, -61.91);
insert into SHOT values (109, 125, 126, 72, 3.950, 104.27, -9.00, 3.947, 104.25, -8.89, 0.008, 326.65, 76.82);
insert into SHOT values (110, 126, 127, 72, 3.460, 147.47, -36.90, 3.467, 147.51, -36.86, 0.008, 164.15, -18.71);
insert into SHOT values (111, 127, 128, 72, 0.730, 163.67, 18.90, 0.724, 163.94, 18.51, 0.008, 303.42, -52.04);
insert into SHOT values (112, 128, 129, 72, 1.800, 234.77, -12.60, 1.794, 234.77, -12.56, 0.007, 55.27, 24.12);
insert into SHOT values (113, 129, 130, 72, 4.140, 133.97, -12.60, 4.137, 134.10, -12.56, 0.010, 237.76, 18.45);
insert into SHOT values (114, 130, 131, 72, 1.330, 223.07, -20.70, 1.331, 223.05, -20.68, 0.001, 200.45, 5.88);
insert into SHOT values (115, 131, 132, 72, 1.720, 184.37, -28.80, 1.718, 184.19, -28.89, 0.006, 59.16, -13.89);
insert into SHOT values (116, 132, 133, 72, 1.700, 164.57, -27.00, 1.698, 164.68, -26.96, 0.004, 271.95, 30.34);
insert into SHOT values (117, 133, 134, 72, 3.000, 179.87, -9.00, 2.997, 179.81, -9.02, 0.004, 46.25, -8.95);
insert into SHOT values (118, 134, 135, 72, 3.000, 269.87, -36.00, 3.000, 269.76, -35.91, 0.006, 213.74, 32.24);
insert into SURVEY values (74, 19, '14', '14.NarinesBoeuf', 'Meandre Grotte Brother''s - grande faille');
 insert into CENTRELINE values (75, 74, NULL, NULL, NULL, 0.00, 0.00, 0.00);
 insert into CENTRELINE values (76, 74, NULL, '1998-05-28', NULL, 9.10, 0.00, 0.00);
 insert into TOPO values (3, 76);
 insert into TOPO values (5, 76);
 insert into SHOT values (119, 136, 137, 76, 1.280, 138.43, -19.80, 1.282, 138.37, -20.07, 0.007, 41.61, -77.52);
insert into SHOT values (120, 137, 138, 76, 2.150, 78.13, 9.90, 2.148, 78.00, 9.92, 0.005, 328.69, 3.85);
insert into SHOT values (121, 138, 139, 76, 0.600, 12.43, -5.40, 0.596, 12.63, -4.81, 0.007, 157.34, 60.85);
insert into SHOT values (122, 139, 140, 76, 5.070, 115.03, -16.20, 5.070, 115.04, -16.26, 0.006, 277.69, -76.37);
insert into SURVEY values (78, 19, '15', '15.NarinesBoeuf', 'Entree faille - fond');
 insert into CENTRELINE values (79, 78, NULL, NULL, NULL, 0.00, 0.00, 0.00);
 insert into CENTRELINE values (80, 78, NULL, '1998-05-28', NULL, 5.29, 0.00, 0.00);
 insert into TOPO values (3, 80);
 insert into TOPO values (5, 80);
 insert into SHOT values (123, 141, 142, 80, 5.290, 83.53, -48.60, 5.288, 83.42, -48.66, 0.009, 314.66, -12.61);
insert into SURVEY values (82, 19, '16', '16.NarinesBoeuf', 'Galerie de la jonction avec grande salle.');
 insert into CENTRELINE values (83, 82, NULL, NULL, NULL, 0.00, 0.00, 0.00);
 insert into CENTRELINE values (84, 82, NULL, '1998-11-21', NULL, 25.67, 0.00, 0.00);
 insert into PERSON values (6, NULL, 'D.Joye');
insert into TOPO values (6, 84);
 insert into TOPO values (3, 84);
 insert into SHOT values (124, 143, 144, 84, 11.170, 343.69, -41.40, 11.178, 343.73, -41.39, 0.010, 20.43, -19.16);
insert into SHOT values (125, 144, 145, 84, 6.670, 289.69, -34.20, 6.673, 289.58, -34.19, 0.011, 214.34, -4.94);
insert into SHOT values (126, 145, 146, 84, 3.350, 323.89, -1.80, 3.352, 323.99, -1.71, 0.008, 34.10, 41.19);
insert into SHOT values (127, 146, 147, 84, 2.680, 269.89, 0.00, 2.680, 269.79, 0.00, 0.005, 180.06, 0.00);
insert into SHOT values (128, 147, 148, 84, 1.800, 305.89, 0.00, 1.804, 305.98, 0.00, 0.005, 340.27, 0.00);
insert into SURVEY values (86, 19, '17', '17.NarinesBoeuf', 'Amont tremie');
 insert into CENTRELINE values (87, 86, NULL, NULL, NULL, 0.00, 0.00, 0.00);
 insert into CENTRELINE values (88, 86, NULL, '1998-05-21', NULL, 14.10, 0.00, 0.00);
 insert into PERSON values (7, NULL, 'E.Weber, D.L');
insert into TOPO values (7, 88);
 insert into PERSON values (8, NULL, 'T.Konrad, Ph');
insert into TOPO values (8, 88);
 insert into SHOT values (129, 149, 150, 88, 6.000, 169.03, 36.00, 6.001, 168.97, 35.92, 0.010, 125.56, -40.47);
insert into SHOT values (130, 150, 151, 88, 1.000, 283.33, 9.00, 1.000, 283.47, 9.21, 0.004, 25.43, 54.97);
insert into SHOT values (131, 151, 152, 88, 0.100, 269.83, -2.70, 0.100, 270.00, 0.00, 0.005, 339.24, 86.18);
insert into SHOT values (132, 152, 153, 88, 7.000, 267.13, 2.70, 7.007, 267.13, 2.70, 0.007, 269.46, 2.23);
insert into CENTRELINE values (90, 19, NULL, NULL, NULL, 0.00, 0.00, 0.00);
 insert into STATION values (1, '0', 22, 579600.00, 233250.00, 970.00);
insert into STATION_FLAG values(1, 'fix');
insert into STATION values (2, '1', 22, 579598.86, 233250.52, 967.95);
insert into STATION values (3, '2', 22, 579598.86, 233250.52, 958.45);
insert into STATION values (4, '3', 22, 579598.86, 233250.52, 944.05);
insert into STATION values (5, '4', 22, 579598.86, 233250.52, 944.05);
insert into STATION values (6, '5', 22, 579600.15, 233261.50, 938.42);
insert into STATION values (7, '6', 22, 579600.15, 233261.50, 938.42);
insert into STATION values (8, '7', 22, 579616.05, 233258.35, 927.41);
insert into STATION values (9, '8', 22, 579619.31, 233257.21, 916.11);
insert into STATION values (10, '9', 22, 579621.02, 233259.13, 913.90);
insert into STATION values (11, '10', 22, 579621.02, 233259.16, 909.73);
insert into STATION values (12, '11', 22, 579621.97, 233260.93, 909.72);
insert into STATION values (13, '12', 22, 579621.96, 233260.96, 906.35);
insert into STATION values (14, '13', 22, 579621.57, 233263.94, 906.34);
insert into STATION values (15, '14', 22, 579621.56, 233263.97, 903.37);
insert into STATION values (16, '15', 22, 579622.44, 233265.88, 903.37);
insert into STATION values (17, '16', 22, 579622.44, 233265.88, 895.17);
insert into STATION values (18, '17', 22, 579624.30, 233269.90, 893.33);
insert into STATION values (19, '18', 22, 579624.30, 233269.90, 887.03);
insert into STATION values (20, '19', 22, 579625.43, 233272.18, 887.56);
insert into STATION values (21, '20', 22, 579628.10, 233282.94, 882.96);
insert into STATION values (22, '21', 22, 579627.91, 233290.59, 873.72);
insert into STATION values (23, '22', 22, 579630.10, 233292.50, 868.02);
insert into STATION values (24, '23', 22, 579630.10, 233292.50, 868.02);
insert into STATION values (25, '24', 22, 579640.27, 233296.26, 860.14);
insert into STATION values (26, '25', 22, 579635.57, 233305.29, 859.66);
insert into STATION values (27, '26', 22, 579632.98, 233309.92, 861.47);
insert into STATION values (28, '27', 22, 579634.26, 233318.49, 868.88);
insert into STATION values (29, '0', 26, 579635.57, 233305.29, 859.66);
insert into STATION values (30, '1', 26, 579631.07, 233302.77, 853.81);
insert into STATION values (31, '0', 30, 579628.10, 233282.94, 882.96);
insert into STATION values (32, '1', 30, 579635.87, 233281.53, 884.22);
insert into STATION values (33, '2', 30, 579634.07, 233275.14, 889.53);
insert into STATION values (34, '3', 30, 579633.10, 233271.69, 889.76);
insert into STATION values (35, '4', 30, 579633.91, 233267.62, 890.89);
insert into STATION values (36, '5', 30, 579636.58, 233264.74, 891.70);
insert into STATION values (37, '6', 30, 579638.89, 233267.42, 892.38);
insert into STATION values (38, '0', 34, 579616.05, 233258.35, 927.41);
insert into STATION values (39, '1', 34, 579619.38, 233260.92, 929.74);
insert into STATION values (40, '2', 34, 579621.80, 233264.35, 929.49);
insert into STATION values (41, '3', 34, 579621.56, 233263.97, 903.37);
insert into STATION values (42, '0', 38, 579616.05, 233258.35, 927.41);
insert into STATION values (43, '1', 38, 579613.70, 233261.74, 928.19);
insert into STATION values (44, '2', 38, 579613.70, 233261.74, 925.89);
insert into STATION values (45, '3', 38, 579616.83, 233266.12, 919.18);
insert into STATION values (46, '4', 38, 579616.83, 233266.12, 912.68);
insert into STATION values (47, '5', 38, 579619.52, 233270.16, 910.11);
insert into STATION values (48, '6', 38, 579619.52, 233270.16, 904.41);
insert into STATION values (49, '7', 38, 579619.89, 233274.37, 901.73);
insert into STATION values (50, '8', 38, 579616.29, 233279.55, 897.86);
insert into STATION values (51, '9', 38, 579615.21, 233286.05, 897.45);
insert into STATION values (52, '10', 38, 579615.21, 233286.05, 893.35);
insert into STATION values (53, '11', 38, 579615.21, 233286.05, 889.35);
insert into STATION values (54, '12', 38, 579616.89, 233289.42, 883.81);
insert into STATION values (55, '13', 38, 579617.16, 233290.13, 883.16);
insert into STATION values (56, '14', 38, 579617.75, 233291.53, 881.86);
insert into STATION values (57, '1', 42, 579598.86, 233250.52, 958.45);
insert into STATION values (58, '2', 42, 579605.84, 233242.98, 961.44);
insert into STATION values (59, '3', 42, 579602.16, 233232.99, 970.53);
insert into STATION values (60, '0', 46, 579615.21, 233286.05, 893.35);
insert into STATION values (61, '1', 46, 579617.24, 233290.13, 894.00);
insert into STATION values (62, '2', 46, 579613.39, 233291.21, 894.00);
insert into STATION values (63, '0', 50, 579605.84, 233242.98, 961.44);
insert into STATION values (64, '1', 50, 579605.05, 233239.78, 961.59);
insert into STATION values (65, '2', 50, 579605.05, 233239.78, 959.49);
insert into STATION values (66, '3', 50, 579605.74, 233239.70, 959.49);
insert into STATION values (67, '4', 50, 579605.74, 233239.70, 957.09);
insert into STATION values (68, '5', 50, 579605.80, 233238.28, 956.16);
insert into STATION values (69, '6', 50, 579605.80, 233238.28, 942.56);
insert into STATION values (70, '7', 50, 579605.80, 233238.28, 933.76);
insert into STATION values (71, '8', 50, 579604.52, 233238.48, 933.76);
insert into STATION values (72, '9', 50, 579604.52, 233238.48, 924.96);
insert into STATION values (73, '10', 50, 579605.29, 233238.26, 924.96);
insert into STATION values (74, '11', 50, 579607.85, 233243.01, 920.35);
insert into STATION values (75, '0', 54, 579605.80, 233238.28, 942.56);
insert into STATION values (76, '1', 54, 579610.59, 233242.85, 943.61);
insert into STATION values (77, '2', 54, 579610.43, 233244.65, 943.02);
insert into STATION values (78, '3', 54, 579611.93, 233245.46, 942.44);
insert into STATION values (79, '4', 54, 579611.66, 233248.09, 939.71);
insert into STATION values (80, '5', 54, 579614.08, 233252.00, 936.69);
insert into STATION values (81, '6', 54, 579618.29, 233256.14, 936.69);
insert into STATION values (82, '0', 58, 579610.43, 233244.65, 943.02);
insert into STATION values (83, '1', 58, 579615.56, 233242.67, 943.02);
insert into STATION values (84, '2', 58, 579616.47, 233244.14, 942.24);
insert into STATION values (85, '3', 58, 579618.64, 233243.02, 941.69);
insert into STATION values (86, '4', 58, 579620.75, 233245.31, 942.44);
insert into STATION values (87, '0', 62, 579625.43, 233272.18, 887.56);
insert into STATION values (88, '1', 62, 579629.16, 233278.10, 887.56);
insert into STATION values (89, '2', 62, 579629.16, 233278.10, 904.03);
insert into STATION values (90, '3', 62, 579629.16, 233278.10, 909.95);
insert into STATION values (91, '4', 62, 579629.16, 233278.10, 914.26);
insert into STATION values (92, '5', 62, 579633.32, 233273.42, 918.37);
insert into STATION values (93, '6', 62, 579633.69, 233275.57, 919.75);
insert into STATION values (94, '7', 62, 579636.31, 233275.45, 919.59);
insert into STATION values (95, '8', 62, 579637.94, 233272.51, 917.45);
insert into STATION values (96, '9', 62, 579640.44, 233273.25, 914.40);
insert into STATION values (97, '10', 62, 579644.17, 233273.56, 910.42);
insert into STATION values (98, '11', 62, 579644.74, 233272.66, 909.13);
insert into STATION values (99, '12', 62, 579644.26, 233274.05, 907.70);
insert into STATION values (100, '13', 62, 579644.25, 233273.31, 907.29);
insert into STATION values (101, '14', 62, 579644.94, 233273.86, 905.61);
insert into STATION values (102, '15', 62, 579646.82, 233275.69, 904.33);
insert into STATION values (103, '16', 62, 579640.93, 233279.54, 904.77);
insert into STATION values (104, '17', 62, 579640.74, 233281.48, 902.63);
insert into STATION values (105, '0', 66, 579637.94, 233272.51, 917.45);
insert into STATION values (106, '1', 66, 579639.28, 233268.20, 923.47);
insert into STATION values (107, '2', 66, 579640.10, 233264.83, 927.66);
insert into STATION values (108, '3', 66, 579643.93, 233261.14, 930.48);
insert into STATION values (109, '4', 66, 579647.67, 233255.68, 934.97);
insert into STATION values (110, '5', 66, 579647.14, 233253.59, 935.53);
insert into STATION values (111, '6', 66, 579642.06, 233253.97, 939.35);
insert into STATION values (112, '7', 66, 579637.85, 233253.29, 941.96);
insert into STATION values (113, '0', 70, 579647.14, 233253.59, 935.53);
insert into STATION values (114, '1', 70, 579648.42, 233249.66, 938.34);
insert into STATION values (115, '2', 70, 579649.68, 233248.95, 939.05);
insert into STATION values (116, '3', 70, 579651.24, 233248.47, 939.02);
insert into STATION values (117, '4', 70, 579651.24, 233248.47, 939.02);
insert into STATION values (118, '5', 70, 579653.87, 233248.73, 937.57);
insert into STATION values (119, '6', 70, 579656.84, 233248.64, 936.90);
insert into STATION values (120, '7', 70, 579657.24, 233247.94, 936.40);
insert into STATION values (121, '8', 70, 579658.75, 233247.32, 936.76);
insert into STATION values (122, '9', 70, 579658.81, 233245.99, 935.76);
insert into STATION values (123, '10', 70, 579660.71, 233246.20, 934.67);
insert into STATION values (124, '11', 70, 579661.24, 233243.88, 934.82);
insert into STATION values (125, '12', 70, 579662.67, 233244.82, 933.65);
insert into STATION values (126, '13', 70, 579666.45, 233243.86, 933.04);
insert into STATION values (127, '14', 70, 579667.94, 233241.52, 930.96);
insert into STATION values (128, '15', 70, 579668.13, 233240.86, 931.19);
insert into STATION values (129, '16', 70, 579666.70, 233239.85, 930.80);
insert into STATION values (130, '17', 70, 579669.60, 233237.04, 929.90);
insert into STATION values (131, '18', 70, 579668.75, 233236.13, 929.43);
insert into STATION values (132, '19', 70, 579668.64, 233234.63, 928.60);
insert into STATION values (133, '20', 70, 579669.04, 233233.17, 927.83);
insert into STATION values (134, '21', 70, 579669.05, 233230.21, 927.36);
insert into STATION values (135, '22', 70, 579666.62, 233230.20, 925.60);
insert into STATION values (136, '0', 74, 579667.94, 233241.52, 930.96);
insert into STATION values (137, '1', 74, 579668.74, 233240.62, 930.52);
insert into STATION values (138, '2', 74, 579670.81, 233241.06, 930.89);
insert into STATION values (139, '3', 74, 579670.94, 233241.64, 930.84);
insert into STATION values (140, '4', 74, 579675.35, 233239.58, 929.42);
insert into STATION values (141, '0', 78, 579670.94, 233241.64, 930.84);
insert into STATION values (142, '1', 78, 579674.41, 233242.04, 926.87);
insert into STATION values (143, '0', 82, 579646.82, 233275.69, 904.33);
insert into STATION values (144, '1', 82, 579644.47, 233283.74, 896.94);
insert into STATION values (145, '2', 82, 579639.27, 233285.59, 893.19);
insert into STATION values (146, '3', 82, 579637.30, 233288.30, 893.09);
insert into STATION values (147, '4', 82, 579634.62, 233288.29, 893.09);
insert into STATION values (148, '5', 82, 579633.16, 233289.35, 893.09);
insert into STATION values (149, '0', 86, 579648.42, 233249.66, 938.34);
insert into STATION values (150, '1', 86, 579649.35, 233244.89, 941.86);
insert into STATION values (151, '2', 86, 579648.39, 233245.12, 942.02);
insert into STATION values (152, '3', 86, 579648.29, 233245.12, 942.02);
insert into STATION values (153, '4', 86, 579641.30, 233244.77, 942.35);
insert into STATION values (154, '0', 42, 579598.86, 233250.52, 958.45);
