id;cswidth;csheight
3745;1.458;1.103
1139;0.504;0.604
3897;0.45;0.45
7046;0.217;1.539
3814;2.351;2.351
4708;3.544;3.544
2716;1.39;1.39
3219;0.0;0.998
5483;2.864;1.094
6012;1.02;1.02
1380;1.383;0.638
1123;0.357;0.291
3922;1.055;3.349
2173;1.481;1.481
5066;1.418;1.418
645;0.907;5.987
3677;1.062;4.071
229;0.485;2.134
3371;2.543;2.543
5281;1.989;1.989
768;0.399;0.688
2686;0.841;4.516
6011;1.416;1.416
5069;0.736;1.607
884;0.372;0.566
6564;0.681;0.681
785;1.27;1.27
4398;0.941;0.941
1560;0.715;0.293
2993;2.295;5.522
6978;1.821;1.821
3390;1.673;2.667
5287;0.523;0.284
2925;0.746;2.227
6877;0.876;1.008
3786;1.14;2.417
5802;0.523;0.523
3481;0.417;0.436
6361;0.434;0.746
3504;0.258;0.989
2269;3.475;3.475
6530;1.277;1.459
3492;0.925;1.281
182;0.553;0.553
786;0.812;0.388
6919;0.878;0.3
2399;0.523;2.139
223;0.901;1.715
1034;0.818;0.818
1477;0.766;0.766
4770;1.103;1.313
3138;0.52;0.582
4503;3.59;1.864
2165;0.596;0.509
1512;0.949;0.949
3274;1.653;0.342
4098;0.543;0.543
4500;0.964;0.964
7291;1.103;1.24
2422;0.997;1.114
6252;1.043;0.614
3224;0.347;0.347
2633;0.845;0.533
3112;0.9;0.137
5585;1.006;0.972
3229;0.938;0.594
1522;1.317;1.317
3975;1.183;0.476
1362;0.994;0.994
959;1.254;0.72
2070;1.748;1.748
197;0.938;0.938
3078;3.519;2.034
6238;0.805;0.805
2073;0.025;0.087
2651;1.272;1.272
6723;1.443;1.443
6943;1.753;2.347
1864;0.772;0.772
6960;2.648;1.413
2582;1.233;1.233
615;1.484;1.011
1490;0.521;0.38
6010;1.435;1.435
7080;2.357;2.4
650;1.222;1.222
1815;1.558;1.558
3322;0.592;0.592
3817;1.769;0.609
7189;0.667;0.667
566;0.543;0.543
6883;0.912;0.765
6034;0.065;0.622
3926;1.742;0.314
3724;0.529;0.529
6982;0.156;0.358
5164;0.254;0.256
6386;0.114;0.456
5594;4.572;0.583
4033;0.553;0.553
1399;1.88;0.515
5291;0.162;0.401
3434;0.27;0.274
2418;0.096;0.733
7256;0.325;1.748
4823;0.514;0.609
5588;5.312;2.591
5828;0.368;3.516
1896;1.448;1.448
6284;1.156;1.156
37;0.226;1.129
22;1.8;1.8
6336;0.135;7.174
4063;1.829;2.126
5893;0.431;1.043
6540;0.265;5.921
3923;0.481;5.232
1147;1.457;3.209
6709;1.221;1.221
837;1.052;1.052
3596;1.215;1.215
6955;1.203;1.203
2669;7.788;11.32
5254;0.451;1.317
3503;4.292;4.292
6119;4.498;4.498
6727;2.893;2.893
1838;3.956;3.152
5499;2.342;2.342
6209;0.341;0.818
5497;0.917;0.917
5048;0.121;0.675
1331;5.38;2.585
304;1.679;0.601
3014;1.83;1.83
6079;3.537;2.995
3723;1.91;1.583
5306;0.524;0.352
4501;1.398;1.398
6327;0.342;0.715
1693;0.72;0.917
7140;1.287;1.733
293;1.4;1.778
112;0.752;1.109
1849;0.726;4.086
2136;0.56;0.56
5722;1.448;1.448
2671;0.687;0.745
6904;0.213;2.188
5248;1.049;1.049
6401;0.822;0.822
5964;0.707;0.707
4502;1.305;1.182
2790;1.182;1.182
872;4.084;2.986
3386;2.29;2.29
1814;3.187;3.187
316;2.917;3.288
5216;6.642;6.642
7184;10.525;6.183
742;3.714;3.361
4974;3.404;3.404
4946;5.037;2.605
6555;6.773;2.497
5693;8.371;4.905
3986;2.959;2.959
3823;4.935;10.92
7001;5.348;5.348
1725;0.408;0.714
1589;3.239;3.239
482;7.439;7.439
168;1.228;1.382
3266;1.844;1.921
2598;2.118;1.285
7021;0.688;0.42
5886;0.993;0.993
5938;1.386;1.213
1184;3.179;2.453
3767;0.111;2.244
4140;2.61;1.122
7213;1.02;1.02
2833;4.178;2.56
366;4.228;3.526
740;0.402;0.402
1868;1.368;1.368
444;0.255;2.127
2453;0.134;1.588
2480;0.061;0.415
825;0.04;0.209
299;0.262;0.578
3247;5.23;1.122
680;0.316;1.019
1827;1.885;0.704
2455;0.521;0.375
6577;1.317;1.317
4550;3.085;3.085
7365;0.226;4.708
5889;4.738;2.117
1338;1.934;1.922
3972;5.616;1.694
145;1.399;0.976
6681;0.28;1.635
4034;0.06;0.769
870;0.214;0.423
191;1.218;0.827
5034;2.219;1.091
6275;3.31;2.064
943;2.817;2.817
1926;0.182;0.866
202;1.267;1.52
3321;1.936;1.326
1294;2.747;0.715
5319;2.127;2.127
6000;5.75;2.272
6759;10.901;1.403
1612;1.85;1.918
5900;0.6;0.242
6242;0.747;1.711
5790;1.615;0.689
7154;0.517;0.983
1400;1.305;2.339
5724;2.17;1.218
6936;0.813;1.414
2291;1.182;2.228
1061;0.379;0.683
2018;1.971;1.134
6913;0.745;0.745
2420;0.915;0.915
5701;0.439;0.758
5028;2.218;2.218
3782;0.154;1.235
731;3.439;1.542
3053;1.864;1.864
6446;3.071;3.071
3755;2.482;2.482
4728;1.865;2.275
6592;3.669;1.333
1666;3.153;1.367
4581;7.299;6.888
3542;1.029;2.472
6688;3.295;3.295
4078;3.015;2.09
3651;2.79;2.846
5167;0.311;2.005
2672;4.365;4.558
402;0.569;4.592
1611;0.623;3.745
1978;1.72;1.72
6673;2.693;1.06
5123;0.903;0.903
241;0.855;0.656
859;0.457;1.64
4172;3.351;3.351
228;1.615;1.615
326;3.079;1.827
684;1.852;0.8
1660;0.228;1.165
6952;4.063;9.064
2770;3.439;3.405
2625;0.789;2.001
5694;0.591;2.264
3144;0.153;2.187
7388;2.356;2.147
1954;2.6;2.6
5089;2.995;1.54
4406;0.336;1.1
3406;0.127;0.567
4182;8.845;4.654
5106;1.334;3.659
5903;6.41;2.404
1010;0.75;2.527
2846;2.683;1.816
5993;11.358;3.21
604;2.05;2.05
4057;2.718;2.718
7307;1.695;1.695
1207;4.197;4.197
1367;0.243;2.36
2411;4.476;4.476
6794;10.667;4.296
3146;6.086;2.553
2464;3.206;3.206
4090;4.683;4.683
6218;5.231;5.231
2302;17.572;3.439
977;20.587;4.848
5184;0.628;0.497
4542;0.041;0.34
2167;3.795;2.936
237;1.543;1.543
1692;2.325;2.596
289;1.841;1.055
5865;0.937;2.696
5998;3.168;3.168
3976;0.445;1.098
5335;3.292;2.378
3535;1.737;1.198
766;0.224;0.689
2560;1.486;1.486
4276;2.505;2.699
6247;2.947;2.947
5570;0.548;0.107
2390;4.513;1.332
2162;10.244;0.876
7369;2.178;1.273
6482;2.507;2.507
5956;0.061;0.799
4998;2.965;2.965
2581;3.277;3.622
4870;5.373;1.916
519;6.281;5.385
6118;1.658;1.658
5965;1.905;3.597
3179;0.531;3.206
4937;1.005;3.213
2719;4.955;2.965
4662;1.521;1.521
446;2.731;3.013
4149;1.046;1.114
63;0.086;1.708
2763;0.499;4.165
6732;1.776;1.776
2355;1.475;0.277
1135;1.077;0.004
381;0.669;0.669
5753;1.747;1.747
3455;0.456;0.456
4813;3.003;3.003
672;3.091;2.972
3769;1.567;2.041
154;0.371;2.185
1765;0.722;5.083
5380;2.195;2.195
232;1.796;1.104
2180;0.789;0.789
677;0.393;0.109
3880;2.928;2.928
6171;1.763;2.174
3305;10.664;3.373
4120;3.782;2.669
5994;1.385;1.385
1429;1.893;1.893
1977;2.94;2.94
5171;2.394;2.394
2557;0.977;0.977
5282;0.228;0.747
3995;0.57;0.314
5017;1.785;1.51
6582;4.237;4.237
2914;0.874;0.497
6488;2.041;2.041
6104;1.67;1.67
3616;1.066;1.066
6453;3.235;0.734
6683;3.713;1.507
4211;1.689;5.901
1070;0.121;2.909
385;3.63;3.63
1962;2.625;2.625
1981;2.157;2.157
2609;0.338;2.131
2130;3.033;6.878
2425;1.549;1.549
2613;1.685;1.685
2237;2.214;2.214
252;2.734;4.835
408;1.545;1.545
2767;2.032;2.032
4979;0.349;0.852
3190;1.582;1.582
2836;8.954;1.545
7172;1.77;12.358
2774;1.84;1.84
4155;10.273;8.051
6821;1.408;1.408
290;7.951;3.595
6106;1.556;5.189
5115;5.736;0.841
3646;4.607;4.607
7315;1.144;2.547
4722;2.283;2.283
3818;6.19;6.19
5818;3.674;3.674
2602;10.315;10.601
4740;2.946;2.946
5611;4.642;4.642
5983;2.465;3.425
3377;0.209;0.992
4851;4.251;5.329
6578;3.282;3.282
3890;6.275;6.275
5547;6.342;3.267
7238;3.379;7.607
2434;1.054;1.054
1786;1.928;1.928
4024;4.021;1.528
3602;2.985;1.075
6542;2.222;2.754
5669;3.608;3.151
5806;0.355;1.547
2351;2.811;3.866
1196;7.755;6.41
449;0.791;1.419
5603;0.731;0.796
7143;3.235;3.235
970;15.028;7.388
6539;6.264;5.505
3129;3.887;3.887
3851;1.464;1.464
349;9.239;10.75
7070;13.64;10.018
772;6.0;10.993
3428;0.173;9.572
5566;3.855;3.855
5621;4.325;12.76
7235;8.48;8.48
1067;1.964;1.964
6210;0.092;3.141
6956;2.963;4.216
1939;2.165;4.704
3399;0.51;4.603
5416;3.45;7.972
6744;2.133;2.133
3164;4.094;3.729
4376;1.635;1.635
1506;2.216;1.569
1281;3.367;2.652
4323;0.901;1.825
3275;0.445;2.99
1018;0.49;3.663
3578;0.513;1.725
2876;0.414;2.651
6368;2.476;0.817
5317;2.407;1.414
4162;2.874;2.874
3610;16.735;4.832
2775;5.038;5.628
2139;4.577;2.939
6138;2.993;2.993
5970;5.916;5.053
6406;4.02;4.02
1872;4.25;4.25
3192;5.287;5.287
5813;15.018;2.113
1261;2.418;3.823
2807;13.238;2.672
1411;7.779;8.383
1998;12.019;3.205
1840;0.349;6.583
1248;4.304;0.803
2968;0.385;3.594
7022;5.269;5.269
5188;0.563;3.773
361;2.092;3.503
2043;0.698;1.774
3526;6.621;1.408
1832;0.156;0.656
4193;5.056;3.525
5656;0.221;0.636
4196;1.704;5.472
377;1.403;1.403
3893;1.719;2.719
5979;2.229;1.392
3912;1.208;1.515
579;0.389;0.393
2179;1.579;1.111
6999;1.68;1.68
1295;1.757;2.275
1580;1.082;0.868
4649;1.162;1.328
1925;2.644;1.996
4088;5.025;2.677
1005;2.154;1.459
874;5.309;2.9
2313;1.197;3.743
2926;7.212;0.649
722;7.892;1.313
4916;2.395;2.395
4982;4.951;2.702
3110;2.759;2.661
6032;0.183;2.16
1437;3.164;2.094
3896;2.967;2.967
1822;2.175;4.851
6062;3.461;3.845
4797;2.414;1.428
4485;2.029;2.029
4277;3.216;1.89
2934;3.653;3.653
2197;2.904;2.904
4214;8.898;3.179
2725;2.622;1.172
468;3.526;0.773
5128;1.14;1.304
816;2.574;3.092
2753;1.814;0.992
6240;1.652;0.501
5442;0.372;0.46
5172;1.825;1.876
47;1.029;1.029
6353;0.914;0.857
6918;0.839;0.839
3080;0.955;0.955
2011;2.326;0.956
6369;0.575;0.538
1704;1.095;1.763
3072;1.603;1.603
4552;1.082;1.139
2172;0.469;0.871
1554;2.006;2.591
6963;0.821;1.2
2372;0.859;0.859
6261;0.472;1.046
5684;0.904;0.315
456;0.162;1.78
1919;0.21;0.429
1198;0.566;0.382
2063;0.748;0.748
266;1.392;0.97
787;2.9;0.58
5977;0.842;0.842
1009;0.924;0.924
5681;2.755;1.936
7127;2.517;4.99
6691;1.042;1.717
5459;0.679;0.215
51;0.315;2.016
6589;1.622;4.602
6779;0.585;1.67
1570;1.257;3.617
7240;0.449;1.138
217;1.344;3.774
5009;1.26;0.762
3243;1.282;1.282
3657;2.639;0.269
3548;2.137;0.903
4881;1.077;1.077
6286;3.451;1.201
956;1.613;1.613
6797;0.936;0.829
4239;0.996;0.996
209;0.592;0.926
5214;3.364;2.208
6046;1.346;1.346
1000;0.254;0.664
1632;0.158;1.08
2254;2.802;3.395
3558;0.407;0.676
4288;1.788;1.788
4938;1.82;5.201
5779;1.601;4.559
159;1.296;4.082
2497;1.513;1.368
6819;1.625;5.223
1966;0.642;0.472
2818;0.488;1.149
368;0.261;1.184
7306;0.715;1.789
4605;0.653;0.843
5578;0.892;3.844
4016;1.065;1.065
2031;1.416;1.247
865;1.943;1.943
4765;1.77;3.306
4754;1.906;1.906
6814;0.61;0.825
4158;0.063;0.564
1438;1.14;1.726
4443;3.177;1.121
1262;0.529;0.637
2641;0.432;0.432
6356;0.661;1.066
5144;0.36;0.236
6403;0.528;0.195
2572;0.367;0.296
1284;0.524;0.767
3134;2.088;1.938
904;1.213;3.068
4357;0.683;0.729
3077;0.76;0.075
5468;2.562;2.562
6021;5.393;6.803
7364;2.919;2.919
2878;3.271;15.19
2755;2.352;2.352
5858;0.872;0.415
5132;2.457;2.457
336;0.256;1.038
4976;0.48;5.421
1816;17.763;18.405
6671;4.362;1.404
4099;1.197;1.197
2014;2.044;2.044
4273;0.653;0.653
6420;6.204;4.714
369;3.26;1.518
5517;1.363;1.363
6285;6.612;10.364
4731;1.06;1.06
1213;4.626;5.25
5654;11.332;7.46
7037;1.716;4.505
7072;1.473;4.124
6874;1.024;1.024
3563;2.377;4.054
13;5.423;2.217
1516;1.757;2.15
2016;0.204;2.235
6596;5.18;0.691
6430;3.186;0.146
6389;2.324;2.199
4954;0.406;1.322
2371;0.562;1.335
648;2.334;2.334
295;2.913;1.958
3754;0.71;0.819
745;0.361;0.357
1095;0.162;0.479
6354;3.252;3.252
1573;2.046;3.245
649;0.598;1.854
1774;1.218;1.035
7308;0.776;0.776
255;0.854;0.375
6068;0.536;0.453
7122;0.893;0.39
7017;0.937;1.396
5950;0.532;0.532
4561;1.173;1.173
6557;1.204;0.584
1227;0.819;0.819
4056;0.224;1.033
2397;0.19;0.727
1258;1.161;1.684
3476;2.13;2.13
5568;1.384;2.363
6670;1.032;1.032
4913;0.518;0.475
3672;0.971;1.25
4952;2.447;1.254
1216;0.566;0.621
1110;1.06;1.06
5305;1.221;2.245
1984;0.197;1.996
2541;1.389;0.817
5249;0.463;2.338
6574;0.601;0.601
927;0.492;1.794
2364;0.691;0.691
5253;0.416;0.416
4835;0.623;0.623
1515;0.729;0.729
4380;1.295;1.765
4577;1.913;0.774
1391;0.716;1.097
4587;0.658;0.658
6728;0.506;0.657
7244;0.558;0.558
5955;0.485;0.485
6773;0.759;0.53
5292;0.636;0.636
1620;0.577;0.577
2499;0.524;0.524
6451;0.449;0.514
565;0.225;0.698
220;0.718;0.718
1942;0.595;0.595
5941;0.625;0.625
851;0.604;0.884
2093;0.406;0.815
3941;0.257;0.356
741;0.774;0.497
4904;0.602;0.41
1894;0.511;0.864
3363;1.587;1.587
1809;0.897;0.897
1066;1.024;0.946
6606;1.016;1.016
910;0.699;1.718
715;0.551;0.551
4822;0.607;0.607
3562;1.36;1.81
2743;0.917;0.828
6102;1.998;2.38
886;0.48;0.696
2039;1.557;0.712
2515;0.691;2.331
5;2.064;2.064
2052;0.688;1.375
1824;1.064;3.639
1610;1.932;2.85
1358;1.644;2.073
7264;0.625;0.712
1059;1.414;1.976
5221;1.142;1.142
3380;1.807;1.807
3902;2.536;7.526
5885;0.766;0.766
5987;0.492;3.195
1099;0.452;1.077
5215;0.354;1.295
4440;0.787;0.787
3037;0.404;1.539
6042;2.726;3.738
2693;1.752;1.752
3194;1.51;1.51
6703;0.989;0.989
7243;0.335;1.069
6811;0.268;1.467
6315;0.096;0.575
20;0.925;1.13
3267;0.923;0.923
7088;0.398;1.951
125;0.338;1.865
2410;0.36;1.603
15;0.228;2.494
5859;0.479;2.112
6745;0.463;0.463
4028;1.412;1.412
572;0.398;1.209
1582;2.865;0.459
6538;0.588;0.588
7095;1.233;2.148
440;2.376;5.686
6990;4.303;4.303
6489;2.408;2.408
6253;1.977;1.08
6697;2.464;0.734
4198;0.859;0.859
3030;0.63;0.893
356;0.967;0.967
1937;1.696;1.696
2461;5.13;1.95
666;0.758;0.758
946;0.582;0.582
5636;0.248;0.756
4144;0.556;2.119
2611;1.692;2.574
3311;0.702;0.702
5257;2.717;2.53
6780;0.736;0.736
1090;0.506;1.235
3385;1.115;1.115
4225;0.597;0.546
422;2.219;3.099
3808;1.146;1.146
4658;0.435;0.779
2754;1.899;2.536
3298;1.209;1.209
5006;1.023;1.023
840;0.921;1.199
1221;2.401;2.04
262;0.341;0.32
1476;1.378;1.378
460;1.661;1.661
311;1.278;1.278
345;0.748;0.434
1466;1.598;1.598
2874;0.615;1.013
6280;0.958;3.416
5837;2.101;2.101
6025;0.984;0.984
4107;0.61;3.996
4245;0.817;1.98
6019;0.826;0.728
4195;1.597;1.597
1826;2.017;2.017
4420;1.614;1.614
6256;0.554;0.554
803;0.579;0.975
5709;0.975;2.175
1007;1.252;1.252
6230;3.18;2.876
2817;1.317;1.423
2233;0.6;2.804
3427;0.865;0.865
705;0.863;0.863
1924;0.882;0.882
2634;1.302;0.818
4077;0.654;0.654
4009;0.462;0.145
3663;0.712;1.004
448;0.96;0.96
6456;0.547;1.374
7276;1.143;1.143
679;0.739;2.039
3881;0.925;0.925
6267;0.309;0.991
1670;0.882;1.819
436;1.83;1.816
6543;0.205;0.682
3889;0.688;0.688
198;0.326;0.249
5926;0.94;2.919
1203;4.995;4.995
3482;2.187;2.187
6278;0.523;2.177
1257;0.397;1.058
2759;1.892;2.625
2998;1.255;1.255
2409;3.135;3.135
2829;0.814;2.021
5939;1.752;1.406
4474;3.887;3.887
4007;2.712;2.712
2077;0.448;0.915
6129;1.401;1.401
4424;1.663;3.005
6675;3.699;3.699
3632;2.782;4.752
4632;4.55;4.55
5682;3.771;3.771
5797;3.448;3.448
5949;1.248;1.348
6993;1.079;1.139
4959;1.045;0.657
4490;1.447;0.85
5579;0.653;0.554
1432;0.884;1.698
82;0.879;1.987
931;0.568;0.568
4065;0.562;0.21
5899;0.653;0.653
6358;0.747;0.269
6687;0.873;0.533
1169;0.739;0.596
978;0.218;1.1
4648;0.465;1.119
146;2.39;2.223
5363;1.677;0.503
6037;1.47;1.137
6677;0.408;0.794
4599;3.058;2.149
1562;4.413;6.189
6481;3.477;3.477
6287;2.677;3.923
6531;7.464;9.027
3775;2.387;3.75
6662;2.382;2.382
7029;4.153;4.408
4022;3.973;2.388
1089;14.254;8.653
5952;6.861;6.861
4035;2.62;2.62
5463;0.316;0.864
622;4.262;6.128
991;6.56;6.56
4124;10.386;9.571
4270;0.025;1.663
6967;0.314;1.286
3807;2.29;1.588
7338;1.824;5.055
332;0.102;1.377
2892;1.372;1.372
3218;0.942;0.628
3387;5.561;5.561
225;1.509;1.509
3538;1.532;1.532
2278;5.521;5.521
4799;5.569;5.569
3087;0.705;1.522
2971;2.195;2.195
2579;7.632;9.115
3784;1.494;0.347
2643;2.856;2.962
5689;3.561;3.561
5190;11.136;1.255
3673;0.333;0.849
6148;1.683;1.683
2996;2.378;2.378
466;0.605;0.726
1164;1.958;1.758
152;0.715;0.83
4616;0.356;1.342
681;0.893;0.658
5849;0.896;1.197
795;0.952;0.265
3620;1.663;2.196
1784;0.325;0.938
5674;0.713;1.375
1993;4.506;4.506
1158;5.569;7.246
1447;3.715;3.715
1803;0.726;0.726
1049;0.929;1.187
1414;3.569;1.19
7289;2.914;2.651
305;0.677;0.498
2832;1.484;1.484
1509;3.661;1.267
3393;3.283;3.283
1028;5.623;5.623
2353;6.617;3.401
398;0.474;2.26
4945;7.41;7.41
184;1.875;1.875
1072;2.712;2.756
1617;2.35;2.39
3997;5.792;3.779
246;7.151;7.151
6630;3.311;6.226
6189;1.656;1.656
610;1.832;2.762
7116;5.409;5.409
292;2.375;2.375
5718;3.651;3.651
7166;1.983;1.983
3032;1.827;1.827
6121;0.613;0.175
212;0.55;0.373
1866;2.497;2.497
5165;1.021;0.898
7173;2.572;2.572
3544;1.487;0.389
6136;0.337;2.044
5712;0.715;0.715
1967;0.994;3.286
4748;2.479;2.479
5274;4.822;4.103
1635;0.696;0.696
2931;4.516;1.707
4029;1.836;1.836
1094;6.011;1.143
4775;3.895;3.895
2212;3.998;3.998
4508;3.813;2.068
2875;3.159;2.713
6940;0.232;0.858
4002;0.552;0.597
6109;0.788;0.556
2119;2.872;3.244
5355;2.286;2.286
4899;4.852;4.488
1042;3.475;3.146
1404;5.602;4.111
1820;2.777;2.568
5308;0.224;0.07
1238;1.46;1.185
3555;0.827;3.948
5714;2.645;1.511
2394;0.781;0.914
313;0.767;0.568
6861;1.67;1.67
2838;0.747;1.681
4620;0.565;0.112
1644;0.497;0.811
3255;2.282;0.709
5946;2.488;2.263
2247;1.014;1.014
4102;5.115;1.385
3131;2.61;1.935
3201;1.167;0.6
1384;0.857;0.857
5370;1.341;1.341
4545;1.261;2.778
857;2.101;2.101
2895;0.554;3.494
1354;1.008;3.017
1235;3.944;0.725
3174;3.51;3.51
909;3.941;3.017
5001;2.936;1.831
6416;1.463;1.086
6868;1.15;0.265
162;0.507;0.971
7094;2.824;2.824
4040;6.424;6.424
2079;3.039;8.397
474;3.753;3.28
7245;5.825;12.997
3621;0.681;3.033
4327;5.018;5.018
5577;2.715;2.715
879;2.871;5.347
1194;4.665;2.745
5719;4.41;4.129
57;2.081;4.571
6299;4.621;4.621
2259;4.24;4.24
5064;0.439;3.25
3093;4.351;4.351
1062;2.447;2.447
6729;0.3;1.533
3665;3.33;8.101
3882;2.931;2.931
4388;9.155;9.592
6346;2.894;1.509
3401;0.613;1.455
5888;2.941;2.941
279;1.223;1.223
2687;1.894;6.586
1835;5.494;3.587
4633;0.328;0.499
3252;0.711;0.711
3370;0.44;0.44
3907;1.807;1.807
2885;3.56;0.833
6771;0.737;0.737
2354;1.318;0.383
2758;0.811;1.505
4486;6.545;0.727
6741;1.273;1.657
4962;0.802;0.802
58;0.303;0.627
5356;0.722;2.277
5158;0.021;2.681
5922;3.885;3.885
3280;2.841;2.841
36;8.353;2.904
5023;3.314;3.314
2610;7.64;1.935
3843;10.199;2.789
407;13.719;5.204
3265;2.146;2.146
2867;7.581;2.549
2713;6.35;6.35
1750;1.119;1.119
987;5.833;5.833
7377;5.346;7.551
21;6.492;3.859
1493;0.209;3.313
2847;0.545;0.823
4565;2.785;4.057
1883;0.292;0.942
5230;0.473;0.681
5398;0.185;0.4
4997;1.208;3.046
2304;0.196;0.618
1343;2.688;4.646
2786;1.895;1.895
7348;0.518;0.96
908;0.603;0.603
2243;0.595;0.986
5590;0.127;0.545
2108;0.32;0.775
4305;0.193;1.138
3696;0.525;0.571
574;0.893;0.089
3500;0.898;1.852
4430;1.429;0.966
2860;1.487;1.487
2841;1.398;0.482
756;1.654;0.653
5173;0.218;0.421
552;1.072;0.781
6968;3.91;1.355
5088;1.971;1.068
91;2.572;1.037
556;10.236;18.898
941;3.807;3.807
2681;3.746;3.583
1915;1.068;3.011
5225;2.704;4.696
5716;5.599;3.594
2085;5.149;5.285
373;3.245;3.245
1751;4.326;4.326
325;1.544;2.209
4159;5.043;7.605
1416;3.168;2.094
2528;4.315;1.519
5264;1.145;0.608
3398;1.147;1.147
2648;5.16;5.607
4847;1.638;1.638
698;1.626;0.736
4253;1.879;0.618
2799;1.797;8.14
4109;0.347;1.046
2056;0.093;0.955
1557;0.238;0.575
1106;0.919;1.21
6545;1.107;0.828
5156;0.526;0.874
4777;0.668;0.793
2253;0.542;0.599
4682;0.555;0.795
274;1.818;0.094
1189;2.326;2.326
4846;1.626;1.938
4264;1.241;3.803
4563;2.676;2.204
7114;3.329;1.801
4763;1.963;1.955
7254;1.333;1.333
7144;4.399;5.874
871;0.408;0.711
1920;0.141;0.873
2090;2.228;1.754
5053;0.694;2.721
1605;0.33;0.456
1342;3.277;2.056
1443;2.96;1.438
111;0.001;0.909
2882;3.148;1.279
4598;0.253;1.141
5012;0.592;0.905
27;1.043;1.043
2287;0.168;0.554
5770;1.997;0.107
4289;3.131;9.932
4854;6.079;7.26
2951;23.813;28.374
5331;2.99;2.99
4463;9.387;7.715
1145;3.158;1.863
172;1.79;1.79
3597;1.517;1.517
5840;2.638;2.638
3006;4.161;2.055
2406;6.395;2.535
3879;3.687;1.295
6282;6.852;5.741
6832;2.492;2.164
61;0.662;1.981
636;2.74;2.74
4284;3.384;4.846
1844;8.14;16.47
6758;3.563;3.563
6584;3.014;3.014
2470;1.236;1.008
4839;7.595;5.772
418;5.088;5.088
7330;7.726;2.645
3354;1.516;0.32
3583;6.546;6.546
7382;1.642;1.642
5726;2.555;2.555
6603;2.563;2.563
1969;2.005;2.005
4499;2.247;0.767
5479;5.653;2.132
3771;11.114;2.644
244;5.962;2.578
3412;10.324;3.544
5055;3.042;1.906
6141;13.357;2.284
7078;2.376;2.376
5774;1.916;1.916
5330;1.326;1.326
6931;0.832;0.758
7304;1.269;1.269
6554;1.788;1.788
124;7.207;1.328
6914;3.867;4.168
1532;1.487;1.487
5141;0.28;0.889
758;6.903;1.0
5697;1.99;1.99
7014;1.209;1.209
4951;4.88;1.605
5151;1.788;2.663
6686;4.447;4.447
472;6.718;7.356
1017;3.467;3.467
1022;1.756;1.756
2520;0.857;1.45
2548;1.234;1.234
5344;1.867;1.867
6295;5.696;0.932
1239;3.929;9.325
2546;2.827;2.827
6076;1.641;2.289
6165;2.397;3.017
4300;1.686;1.686
7103;3.071;3.071
4023;2.524;8.257
4686;0.614;2.092
2036;0.31;2.494
2792;2.13;1.672
6026;1.071;1.071
2035;1.006;0.732
1101;3.939;2.505
6517;1.565;3.143
835;3.997;7.918
7073;7.668;6.082
7228;2.126;5.126
7343;1.414;4.675
1021;4.274;5.552
570;2.744;4.076
3419;2.452;2.452
5481;0.693;1.192
4588;2.62;2.62
7195;1.287;2.054
1078;1.805;1.805
6887;4.067;2.361
5978;1.869;0.781
3589;1.499;0.921
1121;2.304;2.304
3338;0.851;0.282
1702;1.121;1.121
3209;1.068;0.169
2385;0.673;2.222
1314;0.57;0.111
1036;1.365;1.365
7261;1.595;1.595
2118;2.755;2.755
2825;1.192;1.192
1011;1.127;1.216
553;3.368;2.33
863;0.328;4.241
3938;2.307;2.307
4229;1.91;1.91
2195;2.319;0.588
966;0.519;0.619
4940;0.933;0.661
3491;1.193;1.193
3085;4.781;4.74
6077;0.99;1.064
5275;1.092;1.092
1992;4.137;5.647
1491;1.642;1.642
2098;2.724;0.739
475;0.388;1.279
3263;0.487;1.119
5047;0.137;0.593
3874;0.26;0.848
3577;0.163;0.56
4468;0.15;0.644
3627;0.037;1.085
2151;0.073;1.185
132;0.171;1.343
126;0.227;0.766
3849;10.775;6.038
1001;4.224;4.224
6168;0.74;5.04
300;0.438;2.546
3132;2.789;4.808
1210;1.629;1.464
207;2.192;5.434
1526;10.257;9.213
2086;1.095;6.186
5178;2.367;2.367
2478;0.521;1.147
2214;1.644;1.2
6892;7.469;3.678
1225;3.073;3.073
7360;2.22;1.138
1465;1.542;1.542
3286;1.663;1.546
5440;1.947;1.947
3584;1.154;2.589
1149;0.411;1.884
2604;1.815;1.815
7064;5.584;2.316
6255;0.509;4.29
455;0.305;0.956
3586;0.198;0.678
5192;1.926;1.313
4481;1.367;1.367
4256;1.922;3.002
686;0.484;1.413
6714;1.079;0.552
6733;1.327;1.026
4926;1.431;1.431
1650;0.251;2.001
6519;0.224;0.6
4990;1.58;1.58
1473;0.159;1.267
5801;0.709;0.683
2558;0.894;0.894
5093;2.14;2.22
4084;1.575;1.575
4745;1.384;1.384
5738;1.023;1.023
3613;1.992;0.971
3565;0.85;0.85
4606;0.161;1.625
7132;0.475;0.475
4863;1.029;0.657
5931;0.744;0.744
2088;1.218;2.744
113;0.882;0.241
7155;0.833;1.022
4556;1.349;1.482
5997;0.773;0.773
5610;2.113;0.596
7076;1.276;1.276
2417;0.122;0.397
6031;0.486;0.486
1685;12.551;4.071
1718;5.295;1.54
5532;1.088;4.148
205;4.201;1.515
5283;0.82;1.594
352;0.638;0.812
7357;0.58;0.772
6331;0.233;0.177
6756;1.23;1.392
6326;2.55;2.888
7287;2.073;1.161
5295;4.929;2.623
5072;3.603;1.524
3919;1.665;2.082
6536;1.266;1.665
765;0.759;1.536
420;0.548;0.342
190;1.246;3.906
2584;4.438;4.438
5593;2.992;2.992
3619;0.716;2.367
1182;2.38;2.38
7139;3.006;4.041
5907;1.07;6.676
1987;0.423;1.355
1463;2.944;3.83
1777;3.624;3.624
5960;3.05;3.05
6992;6.172;6.362
4924;23.773;5.724
2474;10.072;10.072
6057;2.139;10.697
1117;3.576;3.576
4782;9.668;15.399
6372;5.036;23.102
6460;3.052;3.052
4335;1.556;1.556
3397;2.906;2.906
3678;0.328;3.373
2439;2.313;13.322
3315;2.648;4.609
7356;2.414;2.414
3202;2.807;1.517
3604;2.282;2.282
2126;2.664;4.436
5051;1.979;20.317
6311;3.14;32.976
6177;3.42;7.795
1735;1.517;2.495
5516;3.345;3.345
6646;0.388;2.98
691;1.45;1.45
1131;1.054;1.054
1714;3.366;3.366
5589;6.174;6.174
6206;0.815;0.815
6994;8.707;8.707
5556;1.884;1.884
1782;7.379;7.379
286;1.618;4.171
4526;1.403;1.403
3933;1.742;1.742
4655;0.928;2.228
3752;0.98;1.367
3456;3.288;0.875
2673;2.031;2.031
2110;1.45;2.112
6905;0.849;0.471
5199;2.539;9.464
6324;2.207;2.207
5405;1.799;4.091
6259;2.639;8.631
3303;5.165;5.165
4254;9.365;14.314
5085;18.891;12.489
6631;10.589;9.289
761;8.769;8.769
2640;18.0;4.192
5777;12.843;16.875
3839;12.664;16.867
457;8.542;7.97
2248;19.111;13.168
3945;0.504;0.36
6484;0.603;0.603
1934;1.612;0.829
6972;4.361;7.443
1931;2.092;2.169
1247;2.041;0.949
6329;2.115;2.413
7059;9.448;10.991
2112;0.688;1.859
4207;0.973;2.157
2101;0.267;1.732
3207;0.936;0.658
7071;1.455;0.207
394;0.864;0.364
2083;1.822;1.822
7316;1.237;3.889
3330;6.705;6.705
176;3.134;7.5
4612;3.37;3.37
147;0.969;0.969
2595;1.801;0.531
7349;5.621;6.683
4477;2.143;2.218
804;0.987;0.987
219;1.461;4.048
7326;0.603;0.683
2303;0.893;0.893
6264;0.638;1.374
2402;0.277;0.15
4114;2.12;2.12
2042;1.504;1.504
6717;1.286;0.397
881;0.638;0.77
7225;1.259;0.999
3293;0.27;0.955
6052;3.168;3.168
3528;3.95;3.95
7074;1.882;1.882
942;0.291;0.528
4836;8.147;7.973
789;0.221;2.154
1748;1.373;5.335
5559;3.316;3.316
2144;1.513;1.513
6170;1.473;1.473
5796;0.801;1.244
4776;0.418;4.721
1828;0.924;2.995
427;2.028;2.028
3962;2.122;1.63
2159;2.246;2.246
1810;1.824;2.73
6853;1.651;0.754
829;1.944;1.575
5968;1.245;1.245
2242;0.471;0.471
6643;0.627;1.843
4901;0.34;0.668
2982;0.425;0.238
3101;0.663;1.12
4814;1.701;1.701
6385;1.447;3.463
2748;0.769;2.921
5601;0.554;1.471
575;0.497;0.497
7138;1.1;1.629
6033;0.374;0.374
499;2.651;2.651
6319;1.222;1.222
4048;0.397;0.586
5444;0.522;0.618
6701;0.579;1.78
5212;0.503;3.129
3540;2.027;2.027
4238;0.534;2.797
1234;1.17;1.061
7242;0.758;0.628
3908;0.792;1.227
1921;0.626;1.962
1837;0.399;1.057
4153;1.234;1.234
2938;1.859;3.361
6767;1.03;0.793
6103;2.395;1.192
1163;1.561;2.532
2739;2.206;0.691
6815;1.503;1.503
5024;2.983;2.983
547;1.625;2.018
4393;2.14;3.049
2012;0.912;1.144
3376;0.61;0.61
3092;0.813;0.813
347;1.738;2.832
7370;0.583;0.583
3993;9.082;9.541
4810;4.669;4.842
6263;1.43;14.005
5544;2.296;13.387
486;3.899;3.899
3736;1.483;1.483
6886;2.573;0.659
6706;0.773;0.773
5815;1.246;0.961
2937;0.677;0.352
3772;0.724;0.52
4709;9.301;9.553
5762;3.66;8.728
6175;1.341;1.341
6812;1.176;1.176
5587;0.959;0.959
6224;3.272;3.272
5450;4.076;4.076
3721;1.757;1.757
3244;2.809;13.586
4593;2.215;12.179
1160;1.367;2.304
6622;0.595;1.029
521;0.388;1.538
3145;1.802;1.802
1716;1.305;3.391
5671;2.868;2.868
2580;2.988;2.988
4112;7.558;17.929
4989;1.825;1.33
3661;2.797;2.797
5153;2.51;1.424
250;1.172;1.172
532;0.852;2.853
2675;2.105;2.503
2403;2.717;2.717
4999;0.062;1.386
947;0.234;0.934
5482;1.042;1.042
9;0.769;0.237
3815;1.029;0.165
3238;0.814;0.292
4930;0.837;0.519
1776;2.123;8.32
961;1.754;8.871
838;4.849;19.514
5423;3.637;3.637
1002;0.766;5.2
4126;1.296;1.562
3379;1.283;0.413
5637;1.116;0.923
6623;1.243;2.439
533;0.986;2.323
2789;0.755;0.763
2444;1.069;1.069
2952;1.073;3.15
2556;0.929;0.161
5334;0.653;0.109
3236;0.761;1.438
6749;0.767;0.767
3623;0.832;1.129
3625;2.176;3.178
2983;0.6;0.896
5054;1.225;1.225
2105;0.92;0.92
6338;1.873;1.286
4753;0.898;2.198
5452;1.147;1.147
2607;1.485;2.034
603;0.811;1.609
7232;0.425;3.542
2856;0.59;0.69
7197;0.267;0.561
4242;1.094;0.176
3805;0.872;1.593
5793;0.626;0.436
4661;0.329;0.499
5754;1.792;1.792
3691;1.309;1.309
1260;1.414;0.765
1282;0.823;1.144
2289;2.329;3.299
7383;1.665;1.665
6535;1.985;1.985
3488;0.278;0.97
1951;0.127;1.435
3984;2.784;2.711
1119;0.439;2.462
2718;0.16;1.051
4217;0.058;0.719
1723;0.207;0.952
3400;0.161;1.776
1943;0.233;2.442
512;2.558;2.558
6363;6.779;3.575
912;1.067;1.526
3064;0.184;0.608
7115;8.909;3.707
4458;9.622;1.057
4106;0.872;1.017
1167;0.297;0.84
4885;0.151;1.257
7215;0.1;0.793
309;0.358;0.913
3634;0.272;0.674
3916;4.272;3.199
3335;0.36;5.084
5700;2.69;4.544
1853;1.82;1.82
4433;3.631;3.829
6462;1.029;0.336
1647;0.62;0.829
3961;0.17;1.133
5385;0.883;0.306
120;1.008;0.956
1781;1.25;1.985
1945;2.882;0.467
1008;1.195;1.195
1862;1.797;0.358
6115;2.146;3.058
4352;4.722;1.005
2263;11.172;1.292
108;5.208;1.37
6225;2.9;2.9
6823;5.544;0.041
5417;8.422;1.311
3662;4.324;0.755
6497;2.954;2.954
2813;7.758;1.283
4879;0.338;0.15
7251;1.378;1.378
875;0.796;0.796
333;1.462;1.462
3460;1.225;3.836
7314;0.171;0.82
671;0.383;1.802
6822;1.134;1.134
4640;1.467;1.954
4390;2.334;2.334
3233;3.832;3.832
517;2.929;2.929
6180;1.706;1.706
5623;0.964;0.964
6995;1.331;0.849
2781;2.056;2.056
5972;1.216;0.662
4414;0.136;0.073
2826;4.989;4.989
7284;3.6;2.12
3185;3.18;0.409
3855;4.164;1.862
6867;2.485;2.485
3098;2.472;2.472
2430;2.237;2.643
7201;4.138;1.161
5142;5.936;5.936
4698;0.55;2.775
3824;0.424;2.42
4744;2.277;2.277
7203;2.85;2.85
1378;1.583;6.031
5340;3.984;3.984
2880;13.463;3.189
6151;3.618;1.968
3660;9.795;9.139
1703;5.683;5.683
6969;2.31;5.457
4368;0.881;0.297
6366;1.47;1.47
5567;1.745;1.316
6367;0.048;0.655
239;0.359;1.483
6140;0.743;0.743
4733;3.316;2.16
2574;1.338;1.338
4949;0.841;0.375
5157;2.416;0.443
4205;1.361;1.21
3408;0.824;1.807
5864;0.524;1.559
6958;0.178;0.725
5759;0.19;0.89
3609;0.677;0.677
591;3.54;1.739
3845;1.563;4.063
269;0.885;1.716
3703;0.598;0.678
2404;0.231;0.809
45;5.038;5.038
1639;4.537;4.537
3552;6.808;8.758
3272;2.917;2.917
3036;1.648;6.299
3193;2.078;2.439
4018;1.959;2.783
844;0.732;0.624
634;2.207;1.652
7277;1.889;1.889
2710;2.096;1.621
5294;0.147;2.314
6450;1.672;1.672
2561;0.896;0.896
1373;0.156;1.426
5494;0.165;0.448
6654;0.158;0.718
1084;1.551;0.582
1914;0.457;0.457
2742;1.087;1.087
6332;2.124;2.124
2839;1.238;1.734
1356;1.828;6.122
5296;0.329;3.089
6174;2.271;1.355
3258;1.005;1.005
814;1.826;1.826
7199;1.491;1.491
6692;3.285;3.285
4383;2.039;2.039
794;1.564;1.564
2954;0.31;2.449
5550;0.663;3.762
5839;0.37;4.095
4209;0.175;1.022
562;4.977;2.365
76;1.816;0.877
3226;0.63;1.715
6527;1.065;1.46
7313;0.393;0.393
137;2.225;1.458
6748;1.833;0.966
3135;4.891;1.418
5075;3.71;4.535
1172;0.899;1.306
1013;2.864;0.698
6201;0.144;0.64
6657;2.194;0.834
6639;0.079;0.207
656;0.19;0.165
1879;3.123;0.096
3421;2.016;2.016
4768;1.673;1.673
6433;0.159;1.147
1805;2.105;1.11
4736;2.148;2.148
986;1.276;1.276
7030;1.195;1.195
4394;3.607;1.575
1065;0.715;2.628
4920;0.264;3.209
169;0.354;3.151
2479;0.164;2.685
4845;0.088;1.143
7312;0.071;0.689
6930;2.553;0.644
1;0.075;0.732
1949;1.482;1.482
4095;0.644;3.686
4615;0.12;0.976
1859;0.329;2.029
3223;0.085;1.403
3502;0.542;4.622
4869;0.15;1.958
4818;0.048;1.042
257;0.794;0.794
1027;0.769;0.769
1482;0.116;1.135
4199;1.208;1.208
797;0.365;2.302
5343;0.782;4.644
5309;0.486;1.554
3435;0.916;0.916
5730;2.928;2.928
2467;0.716;5.464
3543;2.117;2.117
3854;0.105;1.354
2443;0.234;0.829
5703;0.395;2.474
1305;2.069;4.222
5418;0.302;2.082
5688;1.963;1.963
2138;0.459;1.568
2573;0.082;1.322
5467;0.26;2.488
7247;1.752;1.752
3159;0.055;0.84
5333;0.083;0.758
2591;0.718;0.718
4030;0.516;0.516
1637;0.726;1.399
6294;2.649;4.151
2903;2.58;2.58
6854;2.082;2.082
1760;0.284;1.673
4572;1.008;1.008
4345;1.332;1.332
1909;1.208;1.289
2185;0.373;0.373
1162;1.442;1.442
2038;0.532;1.477
1088;1.104;1.332
4397;3.758;2.401
7032;2.451;2.764
4282;0.301;1.659
746;0.484;2.517
4073;6.901;4.968
1471;3.085;3.439
5861;1.587;3.202
899;0.208;2.318
1146;0.411;0.873
5120;0.685;0.685
2128;5.682;5.682
5388;2.078;1.263
4604;1.474;2.798
781;2.437;2.437
84;1.625;1.625
5477;1.413;1.413
2969;0.356;1.489
4482;5.364;6.802
6550;2.487;7.353
7346;1.524;7.639
808;0.84;2.488
3705;9.868;3.176
4432;0.833;0.833
614;3.652;2.775
4447;5.333;3.223
178;1.7;1.7
3362;7.533;5.934
1291;4.326;7.716
4505;3.165;7.426
4340;4.114;4.114
2477;0.334;11.84
329;4.968;1.716
7321;2.53;2.53
571;4.408;2.045
3349;7.176;2.465
2615;2.282;2.282
1720;1.21;0.216
355;2.438;2.438
75;1.918;1.918
2802;0.825;0.825
4983;1.242;2.765
6569;1.827;0.617
2908;0.089;0.667
4094;0.116;0.926
6147;0.703;0.703
2551;1.165;1.165
2129;1.016;2.297
4591;1.313;1.701
3490;0.867;0.867
6818;2.274;3.998
1361;0.45;0.924
2530;1.044;2.48
2511;0.653;0.653
1031;1.049;1.156
2378;0.317;1.245
3301;0.988;1.243
7234;0.727;0.62
7137;1.011;0.839
5974;2.392;0.982
1148;2.478;0.744
6443;1.765;2.729
1732;0.489;0.489
2190;0.297;0.201
384;0.32;2.394
379;0.163;0.702
6788;0.883;0.883
665;2.277;4.033
6795;0.946;0.946
4290;1.907;0.498
4403;0.444;1.099
2344;1.729;1.729
3121;1.934;2.122
1387;1.291;1.291
287;0.392;0.392
3240;0.186;1.783
2435;1.327;0.077
3484;0.874;0.207
1659;1.345;2.004
