create table SURVEY (ID integer, PARENT_ID integer, NAME varchar(15), FULL_NAME varchar(15), TITLE varchar(31));
create table CENTRELINE (ID integer, SURVEY_ID integer, TITLE varchar(4), TOPO_DATE date, EXPLO_DATE date, LENGTH real, SURFACE_LENGTH real, DUPLICATE_LENGTH real);
create table PERSON (ID integer, NAME varchar(1), SURNAME varchar(1));
create table EXPLO (PERSON_ID integer, CENTRELINE_ID integer);
create table TOPO (PERSON_ID integer, CENTRELINE_ID integer);
create table STATION (ID integer, NAME varchar(57), SURVEY_ID integer, X real, Y real, Z real);
create table STATION_FLAG (STATION_ID integer, FLAG char(3));
create table SHOT (ID integer, FROM_ID integer, TO_ID integer, CENTRELINE_ID integer, LENGTH real, BEARING real, GRADIENT real, ADJ_LENGTH real, ADJ_BEARING real, ADJ_GRADIENT real, ERR_LENGTH real, ERR_BEARING real, ERR_GRADIENT real);
create table SHOT_FLAG (SHOT_ID integer, FLAG char(3));
create table MAPS (ID integer, SURVEY_ID integer, NAME varchar(15), TITLE varchar(31), PROJID integer, LENGTH real, DEPTH real);
create table SCRAPS (ID integer, SURVEY_ID integer, NAME varchar(15), PROJID integer, MAX_DISTORTION real, AVG_DISTORTION real);
create table MAPITEMS (ID integer, TYPE integer, ITEMID integer);
insert into SURVEY values (1, 0, '', '', NULL);
 insert into CENTRELINE values (2, 1, NULL, NULL, NULL, 0.00, 0.00, 0.00);
 insert into SURVEY values (18, 1, 'BurringtonCombe', 'BurringtonCombe', 'Burrington Combe cave network');
 insert into CENTRELINE values (19, 18, NULL, NULL, NULL, 5518.70, 233.02, 18.32);
 insert into SHOT values (1, 1, 2, 19, 7.262, 277.60, 8.47, 7.262, 97.60, -8.47, 14.525, 97.60, -8.47);
insert into SHOT values (2, 3, 4, 19, 8.232, 168.87, 14.21, 8.232, 348.87, -14.21, 16.463, 348.87, -14.21);
insert into SHOT values (3, 5, 3, 19, 7.738, 149.79, 20.34, 7.738, 149.79, 20.34, 0.000, 180.00, 0.00);
insert into SHOT values (4, 5, 4, 19, 2.708, 53.52, 14.32, 2.708, 53.52, 14.32, 0.000, 3.69, 0.00);
insert into SHOT values (5, 6, 7, 19, 8.357, 104.64, 28.29, 8.357, 284.64, -28.29, 16.714, 284.64, -28.29);
insert into SHOT values (6, 8, 9, 19, 1.501, 313.26, -21.08, 1.501, 133.26, 21.08, 3.002, 133.26, 21.08);
insert into SHOT values (7, 10, 11, 19, 6.179, 283.42, 8.09, 6.179, 103.42, -8.09, 12.357, 103.42, -8.09);
insert into SHOT values (8, 12, 11, 19, 1.740, 163.58, 47.85, 1.740, 163.58, 47.85, 0.000, 63.43, 0.00);
insert into SHOT values (9, 12, 11, 19, 1.740, 163.58, 47.85, 1.740, 163.58, 47.85, 0.000, 63.43, 0.00);
insert into SHOT values (10, 13, 11, 19, 2.290, 270.33, 40.93, 2.290, 270.33, 40.93, 0.000, 0.00, 0.00);
insert into SHOT values (11, 14, 13, 19, 1.588, 96.30, -12.73, 1.588, 96.30, -12.73, 0.000, 180.00, 0.00);
insert into SHOT values (12, 14, 12, 19, 1.101, 331.56, -7.31, 1.101, 331.56, -7.31, 0.000, 190.30, 0.00);
insert into SHOT values (13, 14, 11, 19, 1.177, 229.90, 77.81, 1.177, 229.90, 77.81, 0.000, 180.00, 0.00);
insert into SHOT values (14, 15, 16, 19, 0.337, 127.69, 34.35, 0.337, 307.69, -34.35, 0.673, 307.69, -34.35);
insert into SHOT values (15, 17, 16, 19, 0.549, 59.22, 5.22, 0.549, 59.22, 5.22, 0.000, 90.00, 0.00);
insert into SHOT values (16, 18, 17, 19, 3.720, 285.12, -1.39, 3.720, 285.12, -1.39, 0.000, 354.81, 0.00);
insert into SHOT values (17, 19, 18, 19, 3.541, 301.33, -13.56, 3.541, 301.33, -13.56, 0.000, 116.57, 0.00);
insert into SHOT values (18, 20, 13, 19, 1.489, 0.00, -14.78, 1.489, 0.00, -14.78, 0.000, 180.00, 0.00);
insert into SHOT values (19, 21, 20, 19, 4.858, 272.53, 32.78, 4.858, 272.53, 32.78, 0.000, 0.00, 0.00);
insert into SHOT values (20, 22, 23, 19, 1.865, 99.73, 17.80, 1.865, 279.73, -17.80, 3.730, 279.73, -17.80);
insert into SHOT values (21, 24, 25, 19, 3.617, 273.26, 13.59, 3.617, 93.26, -13.59, 7.234, 93.26, -13.59);
insert into SHOT values (22, 26, 25, 19, 3.358, 259.37, 42.07, 3.358, 259.37, 42.07, 0.000, 2.86, 0.00);
insert into SHOT values (23, 27, 24, 19, 3.127, 87.45, -30.56, 3.127, 87.45, -30.56, 0.000, 180.00, 0.00);
insert into SHOT values (24, 28, 27, 19, 1.066, 358.87, 18.60, 1.066, 358.87, 18.60, 0.000, 0.00, 0.00);
insert into SHOT values (25, 29, 24, 19, 0.732, 27.98, -7.86, 0.732, 27.98, -7.86, 0.000, 0.00, 0.00);
insert into SHOT values (26, 30, 29, 19, 2.313, 31.01, -2.73, 2.313, 31.01, -2.73, 0.000, 180.00, 0.00);
insert into SHOT values (27, 31, 10, 19, 3.148, 263.27, 29.91, 3.148, 263.27, 29.91, 0.000, 0.00, 0.00);
insert into SHOT values (28, 31, 26, 19, 3.789, 297.01, -23.32, 3.789, 297.01, -23.32, 0.000, 356.19, 0.00);
insert into SHOT values (29, 32, 27, 19, 6.935, 88.64, -12.83, 6.935, 88.64, -12.83, 0.000, 0.00, 0.00);
insert into SHOT values (30, 32, 33, 19, 1.491, 11.61, -1.92, 1.491, 191.61, 1.92, 2.983, 191.61, 1.92);
insert into SHOT values (31, 34, 1, 19, 3.949, 96.71, -4.50, 3.949, 96.71, -4.50, 0.000, 165.96, 0.00);
insert into SHOT values (32, 35, 34, 19, 5.160, 356.44, 0.11, 5.160, 356.44, 0.11, 0.000, 180.00, 0.00);
insert into SHOT values (33, 36, 37, 19, 0.461, 258.69, 4.98, 0.461, 78.69, -4.98, 0.921, 78.69, -4.98);
insert into SHOT values (34, 38, 39, 19, 2.083, 271.66, 6.06, 2.083, 91.66, -6.06, 4.165, 91.66, -6.06);
insert into SHOT values (35, 40, 38, 19, 3.859, 343.87, -37.52, 3.859, 343.87, -37.52, 0.000, 186.01, 0.00);
insert into SHOT values (36, 41, 40, 19, 3.669, 4.09, -43.38, 3.669, 4.09, -43.38, 0.000, 0.00, 0.00);
insert into SHOT values (37, 42, 41, 19, 2.525, 256.02, -0.23, 2.525, 256.02, -0.23, 0.000, 180.00, 0.00);
insert into SHOT values (38, 43, 44, 19, 0.508, 202.44, -11.36, 0.508, 22.44, 11.36, 1.015, 22.44, 11.36);
insert into SHOT values (39, 45, 43, 19, 0.702, 37.06, 28.98, 0.702, 37.06, 28.98, 0.000, 176.19, 0.00);
insert into SHOT values (40, 45, 44, 19, 1.187, 30.52, 21.75, 1.187, 30.52, 21.75, 0.000, 180.00, 0.00);
insert into SHOT values (41, 46, 43, 19, 4.877, 21.00, 22.04, 4.877, 21.00, 22.04, 0.000, 168.69, 0.00);
insert into SHOT values (42, 47, 46, 19, 4.702, 27.43, 35.20, 4.702, 27.43, 35.20, 0.000, 180.00, 0.00);
insert into SHOT values (43, 47, 48, 19, 7.643, 91.89, 37.38, 7.643, 271.89, -37.38, 15.286, 271.89, -37.38);
insert into SHOT values (44, 49, 3, 19, 3.461, 354.19, -14.05, 3.461, 354.19, -14.05, 0.000, 6.34, 0.00);
insert into SHOT values (45, 50, 51, 19, 2.452, 14.10, -17.32, 2.452, 194.10, 17.32, 4.903, 194.10, 17.32);
insert into SHOT values (46, 52, 50, 19, 1.971, 95.19, 17.72, 1.971, 95.19, 17.72, 0.000, 0.00, 0.00);
insert into SHOT values (47, 53, 52, 19, 1.520, 216.40, 15.26, 1.520, 216.40, 15.26, 0.000, 180.00, 0.00);
insert into SHOT values (48, 54, 53, 19, 3.950, 202.80, 1.74, 3.950, 202.80, 1.74, 0.000, 180.00, 0.00);
insert into SHOT values (49, 55, 54, 19, 4.346, 276.94, 17.68, 4.346, 276.94, 17.68, 0.000, 0.00, 0.00);
insert into SHOT values (50, 56, 55, 19, 1.114, 216.29, 28.40, 1.114, 216.29, 28.40, 0.000, 0.00, 0.00);
insert into SHOT values (51, 57, 56, 19, 5.736, 257.97, 40.43, 5.736, 257.97, 40.43, 0.000, 180.00, 0.00);
insert into SHOT values (52, 58, 57, 19, 5.667, 188.02, 48.89, 5.667, 188.02, 48.89, 0.000, 184.76, 0.00);
insert into SHOT values (53, 59, 58, 19, 5.914, 189.03, 14.29, 5.914, 189.03, 14.29, 0.000, 164.05, 0.00);
insert into SHOT values (54, 60, 59, 19, 1.960, 86.10, 63.25, 1.960, 86.10, 63.25, 0.000, 0.00, 0.00);
insert into SHOT values (55, 61, 60, 19, 1.172, 193.32, 0.49, 1.172, 193.32, 0.49, 0.000, 180.00, 0.00);
insert into SHOT values (56, 62, 51, 19, 1.772, 195.26, 25.75, 1.772, 195.26, 25.75, 0.000, 0.00, 0.00);
insert into SHOT values (57, 63, 62, 19, 1.411, 125.63, 9.79, 1.411, 125.63, 9.79, 0.000, 0.00, 0.00);
insert into SHOT values (58, 64, 63, 19, 1.381, 165.11, 45.21, 1.381, 165.11, 45.21, 0.000, 171.87, 0.00);
insert into SHOT values (59, 65, 64, 19, 3.247, 220.41, -26.13, 3.247, 220.41, -26.13, 0.000, 338.20, 0.00);
insert into SHOT values (60, 66, 65, 19, 3.095, 301.03, 15.17, 3.095, 301.03, 15.17, 0.000, 0.00, 0.00);
insert into SHOT values (61, 67, 66, 19, 2.733, 172.68, 18.56, 2.733, 172.68, 18.56, 0.000, 180.00, 0.00);
insert into SHOT values (62, 68, 67, 19, 2.240, 102.38, 79.20, 2.240, 102.38, 79.20, 0.000, 180.00, 0.00);
insert into SHOT values (63, 69, 68, 19, 4.338, 212.46, 26.71, 4.338, 212.46, 26.71, 0.000, 356.73, 0.00);
insert into SHOT values (64, 70, 69, 19, 2.076, 155.15, 37.72, 2.076, 155.15, 37.72, 0.000, 177.66, 0.00);
insert into SHOT values (65, 71, 70, 19, 3.017, 211.55, 52.08, 3.017, 211.55, 52.08, 0.000, 180.00, 0.00);
insert into SHOT values (66, 72, 71, 19, 2.188, 239.68, 32.64, 2.188, 239.68, 32.64, 0.000, 180.00, 0.00);
insert into SHOT values (67, 73, 72, 19, 2.851, 228.77, 33.89, 2.851, 228.77, 33.89, 0.000, 6.34, 0.00);
insert into SHOT values (68, 74, 73, 19, 2.522, 216.50, 9.36, 2.522, 216.50, 9.36, 0.000, 336.04, 0.00);
insert into SHOT values (69, 75, 61, 19, 0.997, 44.42, 45.40, 0.997, 44.42, 45.40, 0.000, 0.00, 0.00);
insert into SHOT values (70, 75, 74, 19, 2.608, 204.30, 66.97, 2.608, 204.30, 66.97, 0.000, 146.31, 0.00);
insert into SHOT values (71, 76, 77, 19, 5.736, 293.94, -20.51, 5.736, 113.94, 20.51, 11.472, 113.94, 20.51);
insert into SHOT values (72, 76, 77, 19, 5.736, 293.94, -20.51, 5.736, 113.94, 20.51, 11.472, 113.94, 20.51);
insert into SHOT values (73, 78, 79, 19, 1.929, 281.49, -15.64, 1.929, 101.49, 15.64, 3.857, 101.49, 15.64);
insert into SHOT values (74, 80, 78, 19, 5.737, 256.35, 36.35, 5.737, 256.35, 36.35, 0.000, 180.00, 0.00);
insert into SHOT values (75, 81, 80, 19, 2.089, 224.39, -16.69, 2.089, 224.39, -16.69, 0.000, 357.34, 0.00);
insert into SHOT values (76, 82, 81, 19, 3.065, 161.06, 35.50, 3.065, 161.06, 35.50, 0.000, 167.47, 0.00);
insert into SHOT values (77, 83, 77, 19, 3.218, 251.57, -33.36, 3.218, 251.57, -33.36, 0.000, 180.00, 0.00);
insert into SHOT values (78, 83, 82, 19, 3.282, 165.29, 55.67, 3.282, 165.29, 55.67, 0.000, 0.00, 0.00);
insert into SHOT values (79, 84, 77, 19, 4.235, 330.19, -43.40, 4.235, 330.19, -43.40, 0.000, 0.00, 0.00);
insert into SHOT values (80, 84, 79, 19, 7.747, 206.70, 59.43, 7.747, 206.70, 59.43, 0.000, 0.00, 0.00);
insert into SHOT values (81, 85, 79, 19, 3.171, 5.98, 2.89, 3.171, 5.98, 2.89, 0.000, 90.00, 0.00);
insert into SHOT values (82, 86, 85, 19, 2.852, 36.87, -10.92, 2.852, 36.87, -10.92, 0.000, 180.00, 0.00);
insert into SHOT values (83, 87, 86, 19, 0.974, 329.96, 10.05, 0.974, 329.96, 10.05, 0.000, 1.35, 0.00);
insert into SHOT values (84, 88, 87, 19, 4.104, 28.92, -22.04, 4.104, 28.92, -22.04, 0.000, 181.76, 0.00);
insert into SHOT values (85, 89, 88, 19, 1.704, 338.00, -17.07, 1.704, 338.00, -17.07, 0.000, 180.00, 0.00);
insert into SHOT values (86, 90, 61, 19, 2.226, 192.86, 32.01, 2.226, 192.86, 32.01, 0.000, 0.00, 0.00);
insert into SHOT values (87, 90, 89, 19, 1.523, 63.95, -13.67, 1.523, 63.95, -13.67, 0.000, 0.00, 0.00);
insert into SHOT values (88, 91, 92, 19, 8.630, 124.99, 33.00, 8.630, 304.99, -33.00, 17.260, 304.99, -33.00);
insert into SHOT_FLAG values(88, 'srf');
insert into SHOT values (89, 93, 91, 19, 11.798, 288.00, -10.01, 11.798, 288.00, -10.01, 0.000, 0.00, 0.00);
insert into SHOT_FLAG values(89, 'srf');
insert into SHOT values (90, 94, 93, 19, 16.001, 295.00, -1.00, 16.001, 295.00, -1.00, 0.000, 173.99, 0.00);
insert into SHOT_FLAG values(90, 'srf');
insert into SHOT values (91, 95, 94, 19, 15.732, 293.01, 0.00, 15.732, 293.01, 0.00, 0.000, 189.09, 0.00);
insert into SHOT_FLAG values(91, 'srf');
insert into SHOT values (92, 96, 95, 19, 27.403, 235.00, 7.00, 27.403, 235.00, 7.00, 0.000, 174.29, 0.00);
insert into SHOT_FLAG values(92, 'srf');
insert into SHOT values (93, 97, 96, 19, 13.052, 187.97, 17.02, 13.052, 187.97, 17.02, 0.000, 3.58, 0.00);
insert into SHOT_FLAG values(93, 'srf');
insert into SHOT values (94, 98, 51, 19, 6.571, 12.91, -6.03, 6.571, 12.91, -6.03, 0.000, 0.00, 0.00);
insert into SHOT_FLAG values(94, 'srf');
insert into SHOT values (95, 98, 97, 19, 4.889, 142.05, 31.99, 4.889, 142.05, 31.99, 0.000, 351.25, 0.00);
insert into SHOT_FLAG values(95, 'srf');
insert into SHOT values (96, 99, 100, 19, 9.997, 262.62, 22.03, 9.997, 82.62, -22.03, 19.993, 82.62, -22.03);
insert into SHOT values (97, 101, 99, 19, 11.695, 96.01, -22.58, 11.695, 96.01, -22.58, 0.000, 0.00, 0.00);
insert into SHOT values (98, 102, 101, 19, 6.096, 115.97, -8.49, 6.096, 115.97, -8.49, 0.000, 0.00, 0.00);
insert into SHOT values (99, 103, 104, 19, 3.261, 276.91, 5.98, 3.261, 96.91, -5.98, 6.523, 96.91, -5.98);
insert into SHOT values (100, 105, 103, 19, 1.379, 102.21, -6.24, 1.379, 102.21, -6.24, 0.000, 180.00, 0.00);
insert into SHOT values (101, 106, 105, 19, 0.342, 166.37, 6.72, 0.342, 166.37, 6.72, 0.000, 0.00, 0.00);
insert into SHOT values (102, 107, 104, 19, 4.383, 101.23, -5.37, 4.383, 101.23, -5.37, 0.000, 180.00, 0.00);
insert into SHOT values (103, 107, 106, 19, 0.396, 293.96, 5.80, 0.396, 293.96, 5.80, 0.000, 0.00, 0.00);
insert into SHOT values (104, 108, 104, 19, 2.398, 278.91, 5.02, 2.398, 278.91, 5.02, 0.000, 180.00, 0.00);
insert into SHOT values (105, 109, 100, 19, 6.130, 120.05, -4.49, 6.130, 120.05, -4.49, 0.000, 177.46, 0.00);
insert into SHOT values (106, 109, 108, 19, 2.199, 302.01, -30.92, 2.199, 302.01, -30.92, 0.000, 177.27, 0.00);
insert into SHOT values (107, 110, 111, 19, 1.112, 104.04, 31.45, 1.112, 284.04, -31.45, 2.223, 284.04, -31.45);
insert into SHOT values (108, 112, 110, 19, 1.092, 4.24, -7.37, 1.092, 4.24, -7.37, 0.000, 0.00, 0.00);
insert into SHOT values (109, 113, 112, 19, 3.914, 250.48, 19.86, 3.914, 250.48, 19.86, 0.000, 90.00, 0.00);
insert into SHOT values (110, 114, 113, 19, 2.983, 300.01, -2.69, 2.983, 300.01, -2.69, 0.000, 4.76, 0.00);
insert into SHOT values (111, 115, 114, 19, 0.950, 203.28, 9.70, 0.950, 203.28, 9.70, 0.000, 180.00, 0.00);
insert into SHOT values (112, 116, 115, 19, 4.140, 287.78, 4.57, 4.140, 287.78, 4.57, 0.000, 338.20, 0.00);
insert into SHOT values (113, 117, 116, 19, 3.110, 252.00, -20.52, 3.110, 252.00, -20.52, 0.000, 18.43, 0.00);
insert into SHOT values (114, 118, 117, 19, 2.362, 279.73, -25.58, 2.362, 279.73, -25.58, 0.000, 194.04, 0.00);
insert into SHOT values (115, 119, 118, 19, 4.015, 10.05, -2.43, 4.015, 10.05, -2.43, 0.000, 4.57, 0.00);
insert into SHOT values (116, 120, 119, 19, 1.893, 334.96, -44.64, 1.893, 334.96, -44.64, 0.000, 0.00, 0.00);
insert into SHOT values (117, 121, 120, 19, 8.158, 26.12, -38.78, 8.158, 26.12, -38.78, 0.000, 183.18, 0.00);
insert into SHOT values (118, 122, 121, 19, 4.679, 333.43, -24.09, 4.679, 333.43, -24.09, 0.000, 90.00, 0.00);
insert into SHOT values (119, 123, 100, 19, 4.348, 256.28, 2.50, 4.348, 256.28, 2.50, 0.000, 173.66, 0.00);
insert into SHOT values (120, 123, 122, 19, 10.294, 76.83, -25.86, 10.294, 76.83, -25.86, 0.000, 158.20, 0.00);
insert into SHOT values (121, 124, 37, 19, 5.449, 83.61, -31.04, 5.449, 83.61, -31.04, 0.000, 33.69, 0.00);
insert into SHOT values (122, 125, 124, 19, 4.962, 43.42, -34.22, 4.962, 43.42, -34.22, 0.000, 0.00, 0.00);
insert into SHOT values (123, 126, 125, 19, 3.081, 61.77, -25.99, 3.081, 61.77, -25.99, 0.000, 194.04, 0.00);
insert into SHOT values (124, 127, 126, 19, 4.136, 43.42, -36.33, 4.136, 43.42, -36.33, 0.000, 0.00, 0.00);
insert into SHOT values (125, 128, 127, 19, 3.366, 131.22, -33.95, 3.366, 131.22, -33.95, 0.000, 180.00, 0.00);
insert into SHOT values (126, 129, 128, 19, 2.518, 58.71, -13.78, 2.518, 58.71, -13.78, 0.000, 180.00, 0.00);
insert into SHOT_FLAG values(126, 'srf');
insert into SHOT values (127, 130, 129, 19, 1.995, 124.20, 19.02, 1.995, 124.20, 19.02, 0.000, 180.00, 0.00);
insert into SHOT_FLAG values(127, 'srf');
insert into SHOT values (128, 131, 130, 19, 16.165, 308.42, -20.16, 16.165, 308.42, -20.16, 0.000, 90.00, 0.00);
insert into SHOT_FLAG values(128, 'srf');
insert into SHOT values (129, 132, 102, 19, 3.805, 107.29, -28.92, 3.805, 107.29, -28.92, 0.000, 177.51, 0.00);
insert into SHOT_FLAG values(129, 'srf');
insert into SHOT values (130, 132, 131, 19, 2.863, 252.09, -32.78, 2.863, 252.09, -32.78, 0.000, 165.96, 0.00);
insert into SHOT_FLAG values(130, 'srf');
insert into SHOT values (131, 133, 111, 19, 11.358, 86.32, -21.16, 11.358, 86.32, -21.16, 0.000, 0.00, 0.00);
insert into SHOT values (132, 133, 134, 19, 2.234, 46.64, 4.11, 2.234, 226.64, -4.11, 4.468, 226.64, -4.11);
insert into SHOT values (133, 135, 36, 19, 2.542, 1.87, -32.61, 2.542, 1.87, -32.61, 0.000, 177.46, 0.00);
insert into SHOT values (134, 136, 39, 19, 1.078, 210.38, 20.65, 1.078, 210.38, 20.65, 0.000, 0.00, 0.00);
insert into SHOT values (135, 136, 135, 19, 2.130, 359.46, -5.39, 2.130, 359.46, -5.39, 0.000, 357.84, 0.00);
insert into SHOT values (136, 137, 38, 19, 1.017, 176.51, -36.14, 1.017, 176.51, -36.14, 0.000, 184.76, 0.00);
insert into SHOT values (137, 138, 36, 19, 6.444, 92.35, -24.48, 6.444, 92.35, -24.48, 0.000, 180.00, 0.00);
insert into SHOT values (138, 138, 137, 19, 5.503, 144.69, 1.04, 5.503, 144.69, 1.04, 0.000, 180.00, 0.00);
insert into SHOT values (139, 139, 41, 19, 3.776, 95.69, -36.76, 3.776, 95.69, -36.76, 0.000, 180.00, 0.00);
insert into SHOT values (140, 140, 41, 19, 3.556, 332.64, -24.24, 3.556, 332.64, -24.24, 0.000, 180.00, 0.00);
insert into SHOT values (141, 140, 139, 19, 5.568, 305.25, 8.26, 5.568, 305.25, 8.26, 0.000, 0.00, 0.00);
insert into SHOT values (142, 141, 42, 19, 2.316, 331.99, -23.14, 2.316, 331.99, -23.14, 0.000, 182.44, 0.00);
insert into SHOT values (143, 141, 140, 19, 2.593, 230.60, 12.02, 2.593, 230.60, 12.02, 0.000, 347.47, 0.00);
insert into SHOT values (144, 142, 40, 19, 2.099, 249.20, -24.19, 2.099, 249.20, -24.19, 0.000, 180.00, 0.00);
insert into SHOT values (145, 142, 42, 19, 3.235, 170.23, 31.08, 3.235, 170.23, 31.08, 0.000, 180.00, 0.00);
insert into SHOT values (146, 143, 42, 19, 7.126, 246.40, 22.79, 7.126, 246.40, 22.79, 0.000, 0.00, 0.00);
insert into SHOT values (147, 144, 143, 19, 3.366, 333.36, -17.46, 3.366, 333.36, -17.46, 0.000, 175.43, 0.00);
insert into SHOT values (148, 145, 144, 19, 2.947, 309.86, 8.00, 2.947, 309.86, 8.00, 0.000, 180.00, 0.00);
insert into SHOT values (149, 146, 145, 19, 2.439, 50.81, -13.27, 2.439, 50.81, -13.27, 0.000, 356.99, 0.00);
insert into SHOT values (150, 147, 146, 19, 2.796, 60.42, -19.65, 2.796, 60.42, -19.65, 0.000, 180.00, 0.00);
insert into SHOT values (151, 148, 147, 19, 2.607, 81.56, -23.75, 2.607, 81.56, -23.75, 0.000, 0.00, 0.00);
insert into SHOT values (152, 149, 148, 19, 1.591, 104.91, -25.30, 1.591, 104.91, -25.30, 0.000, 180.00, 0.00);
insert into SHOT values (153, 150, 140, 19, 1.378, 351.44, -33.97, 1.378, 351.44, -33.97, 0.000, 0.00, 0.00);
insert into SHOT values (154, 150, 149, 19, 2.865, 95.91, -23.67, 2.865, 95.91, -23.67, 0.000, 0.00, 0.00);
insert into SHOT values (155, 151, 39, 19, 0.297, 263.42, -28.14, 0.297, 263.42, -28.14, 0.000, 2.94, 0.00);
insert into SHOT values (156, 152, 42, 19, 4.074, 163.09, 40.58, 4.074, 163.09, 40.58, 0.000, 175.91, 0.00);
insert into SHOT values (157, 152, 151, 19, 3.058, 3.43, -49.06, 3.058, 3.43, -49.06, 0.000, 180.00, 0.00);
insert into SHOT values (158, 153, 39, 19, 8.155, 263.81, 31.41, 8.155, 263.81, 31.41, 0.000, 344.05, 0.00);
insert into SHOT values (159, 154, 134, 19, 4.242, 59.38, 1.35, 4.242, 59.38, 1.35, 0.000, 0.00, 0.00);
insert into SHOT values (160, 154, 153, 19, 2.131, 218.94, 24.39, 2.131, 218.94, 24.39, 0.000, 116.57, 0.00);
insert into SHOT values (161, 155, 124, 19, 2.235, 132.01, 24.59, 2.235, 132.01, 24.59, 0.000, 243.43, 0.00);
insert into SHOT values (162, 156, 155, 19, 1.347, 218.66, -3.40, 1.347, 218.66, -3.40, 0.000, 11.31, 0.00);
insert into SHOT values (163, 156, 37, 19, 5.967, 109.59, -19.17, 5.967, 109.59, -19.17, 0.000, 0.00, 0.00);
insert into SHOT values (164, 157, 37, 19, 4.990, 264.41, 22.13, 4.990, 264.41, 22.13, 0.000, 0.00, 0.00);
insert into SHOT values (165, 158, 134, 19, 2.913, 101.15, -6.50, 2.913, 101.15, -6.50, 0.000, 0.00, 0.00);
insert into SHOT values (166, 158, 157, 19, 3.510, 281.67, 13.68, 3.510, 281.67, 13.68, 0.000, 0.00, 0.00);
insert into SHOT values (167, 159, 2, 19, 2.052, 45.00, -9.82, 2.052, 45.00, -9.82, 0.000, 180.00, 0.00);
insert into SHOT values (168, 160, 8, 19, 1.466, 52.50, -3.91, 1.466, 52.50, -3.91, 0.000, 180.00, 0.00);
insert into SHOT values (169, 160, 159, 19, 1.647, 331.02, 25.54, 1.647, 331.02, 25.54, 0.000, 0.00, 0.00);
insert into SHOT values (170, 161, 2, 19, 6.201, 89.04, -29.99, 6.201, 89.04, -29.99, 0.000, 180.00, 0.00);
insert into SHOT values (171, 162, 161, 19, 0.879, 3.01, -30.03, 0.879, 3.01, -30.03, 0.000, 3.95, 0.00);
insert into SHOT values (172, 163, 161, 19, 0.391, 290.56, -29.07, 0.391, 290.56, -29.07, 0.000, 8.75, 0.00);
insert into SHOT values (173, 163, 162, 19, 0.776, 209.36, 18.80, 0.776, 209.36, 18.80, 0.000, 180.00, 0.00);
insert into SHOT values (174, 164, 165, 19, 2.424, 5.16, 46.56, 2.424, 185.16, -46.56, 4.848, 185.16, -46.56);
insert into SHOT values (175, 166, 164, 19, 0.643, 109.33, 20.01, 0.643, 109.33, 20.01, 0.000, 183.69, 0.00);
insert into SHOT values (176, 167, 9, 19, 1.378, 154.00, -6.67, 1.378, 154.00, -6.67, 0.000, 243.43, 0.00);
insert into SHOT values (177, 167, 166, 19, 4.001, 89.25, -17.30, 4.001, 89.25, -17.30, 0.000, 3.69, 0.00);
insert into SHOT values (178, 168, 165, 19, 2.170, 94.42, -26.26, 2.170, 94.42, -26.26, 0.000, 180.00, 0.00);
insert into SHOT values (179, 169, 9, 19, 0.744, 305.91, 15.60, 0.744, 305.91, 15.60, 0.000, 188.13, 0.00);
insert into SHOT values (180, 169, 168, 19, 1.801, 90.51, -51.54, 1.801, 90.51, -51.54, 0.000, 0.00, 0.00);
insert into SHOT values (181, 170, 30, 19, 9.126, 53.46, -43.83, 9.126, 53.46, -43.83, 0.000, 0.00, 0.00);
insert into SHOT values (182, 171, 165, 19, 1.557, 55.62, -81.50, 1.557, 55.62, -81.50, 0.000, 180.00, 0.00);
insert into SHOT values (183, 171, 170, 19, 2.639, 234.09, 65.98, 2.639, 234.09, 65.98, 0.000, 180.00, 0.00);
insert into SHOT values (184, 172, 173, 19, 0.777, 107.70, 50.57, 0.777, 287.70, -50.57, 1.554, 287.70, -50.57);
insert into SHOT values (185, 174, 172, 19, 3.489, 301.27, -50.18, 3.489, 301.27, -50.18, 0.000, 180.00, 0.00);
insert into SHOT values (186, 175, 155, 19, 1.857, 173.66, 28.64, 1.857, 173.66, 28.64, 0.000, 116.57, 0.00);
insert into SHOT values (187, 175, 174, 19, 1.046, 246.25, 74.87, 1.046, 246.25, 74.87, 0.000, 180.00, 0.00);
insert into SHOT values (188, 176, 1, 19, 2.645, 332.95, -4.12, 2.645, 332.95, -4.12, 0.000, 2.54, 0.00);
insert into SHOT values (189, 176, 173, 19, 0.552, 50.19, 64.89, 0.552, 50.19, 64.89, 0.000, 357.56, 0.00);
insert into SHOT values (190, 177, 173, 19, 3.819, 45.21, -7.07, 3.819, 45.21, -7.07, 0.000, 206.57, 0.00);
insert into SHOT values (191, 177, 35, 19, 2.443, 274.51, -20.61, 2.443, 274.51, -20.61, 0.000, 345.96, 0.00);
insert into SHOT values (192, 178, 34, 19, 4.973, 29.21, -6.81, 4.973, 29.21, -6.81, 0.000, 353.66, 0.00);
insert into SHOT values (193, 179, 178, 19, 1.022, 297.35, -16.49, 1.022, 297.35, -16.49, 0.000, 5.71, 0.00);
insert into SHOT values (194, 180, 35, 19, 1.662, 66.16, -31.96, 1.662, 66.16, -31.96, 0.000, 358.64, 0.00);
insert into SHOT values (195, 180, 179, 19, 1.117, 329.30, 0.51, 1.117, 329.30, 0.51, 0.000, 356.82, 0.00);
insert into SHOT values (196, 181, 34, 19, 2.724, 214.36, 38.08, 2.724, 214.36, 38.08, 0.000, 90.00, 0.00);
insert into SHOT values (197, 182, 181, 19, 9.419, 85.34, -23.79, 9.419, 85.34, -23.79, 0.000, 10.30, 0.00);
insert into SHOT values (198, 183, 182, 19, 2.463, 359.72, -34.08, 2.463, 359.72, -34.08, 0.000, 350.54, 0.00);
insert into SHOT values (199, 184, 34, 19, 8.721, 74.73, -28.41, 8.721, 74.73, -28.41, 0.000, 0.00, 0.00);
insert into SHOT values (200, 184, 183, 19, 1.235, 1.64, -31.75, 1.235, 1.64, -31.75, 0.000, 0.00, 0.00);
insert into SHOT values (201, 185, 1, 19, 4.846, 195.99, 47.62, 4.846, 195.99, 47.62, 0.000, 3.09, 0.00);
insert into SHOT values (202, 185, 34, 19, 6.742, 240.87, 35.24, 6.742, 240.87, 35.24, 0.000, 0.00, 0.00);
insert into SHOT values (203, 186, 32, 19, 2.792, 95.33, -15.37, 2.792, 95.33, -15.37, 0.000, 0.00, 0.00);
insert into SHOT values (204, 187, 186, 19, 3.529, 100.45, 0.00, 3.529, 100.45, 0.00, 0.000, 173.29, 0.00);
insert into SHOT values (205, 188, 187, 19, 1.818, 125.05, 14.66, 1.818, 125.05, 14.66, 0.000, 356.05, 0.00);
insert into SHOT values (206, 189, 34, 19, 5.269, 245.64, 37.26, 5.269, 245.64, 37.26, 0.000, 180.00, 0.00);
insert into SHOT values (207, 189, 188, 19, 1.371, 49.76, 6.28, 1.371, 49.76, 6.28, 0.000, 180.00, 0.00);
insert into SHOT values (208, 190, 8, 19, 1.236, 142.87, 44.74, 1.236, 142.87, 44.74, 0.000, 180.00, 0.00);
insert into SHOT values (209, 190, 33, 19, 2.235, 33.69, -14.51, 2.235, 33.69, -14.51, 0.000, 12.53, 0.00);
insert into SHOT values (210, 191, 33, 19, 1.608, 264.25, 6.43, 1.608, 264.25, 6.43, 0.000, 3.63, 0.00);
insert into SHOT values (211, 191, 28, 19, 5.780, 85.31, -17.62, 5.780, 85.31, -17.62, 0.000, 2.44, 0.00);
insert into SHOT values (212, 192, 30, 19, 1.126, 130.18, -58.47, 1.126, 130.18, -58.47, 0.000, 14.04, 0.00);
insert into SHOT values (213, 192, 28, 19, 1.309, 328.13, 3.50, 1.309, 328.13, 3.50, 0.000, 171.25, 0.00);
insert into SHOT values (214, 193, 24, 19, 2.231, 283.79, 4.37, 2.231, 283.79, 4.37, 0.000, 180.00, 0.00);
insert into SHOT values (215, 194, 10, 19, 2.985, 113.39, 23.08, 2.985, 113.39, 23.08, 0.000, 171.25, 0.00);
insert into SHOT values (216, 194, 193, 19, 1.962, 270.69, 31.66, 1.962, 270.69, 31.66, 0.000, 5.19, 0.00);
insert into SHOT values (217, 195, 31, 19, 2.291, 61.20, 31.59, 2.291, 61.20, 31.59, 0.000, 180.00, 0.00);
insert into SHOT values (218, 196, 195, 19, 0.705, 116.94, 13.95, 0.705, 116.94, 13.95, 0.000, 180.00, 0.00);
insert into SHOT values (219, 197, 196, 19, 1.667, 129.26, -12.47, 1.667, 129.26, -12.47, 0.000, 0.00, 0.00);
insert into SHOT values (220, 198, 197, 19, 2.092, 76.79, -15.81, 2.092, 76.79, -15.81, 0.000, 3.47, 0.00);
insert into SHOT values (221, 199, 25, 19, 1.321, 358.09, 24.61, 1.321, 358.09, 24.61, 0.000, 0.00, 0.00);
insert into SHOT values (222, 199, 198, 19, 0.641, 303.69, -86.78, 0.641, 303.69, -86.78, 0.000, 225.00, 0.00);
insert into SHOT values (223, 200, 111, 19, 1.320, 135.32, 18.55, 1.320, 135.32, 18.55, 0.000, 0.00, 0.00);
insert into SHOT values (224, 200, 11, 19, 3.313, 312.34, -29.08, 3.313, 312.34, -29.08, 0.000, 0.00, 0.00);
insert into SHOT values (225, 201, 10, 19, 5.128, 23.57, 0.78, 5.128, 23.57, 0.78, 0.000, 0.00, 0.00);
insert into SHOT values (226, 202, 201, 19, 2.340, 143.69, -28.32, 2.340, 143.69, -28.32, 0.000, 45.00, 0.00);
insert into SHOT values (227, 203, 29, 19, 3.156, 334.25, 2.36, 3.156, 334.25, 2.36, 0.000, 180.00, 0.00);
insert into SHOT values (228, 203, 202, 19, 2.593, 120.34, 23.64, 2.593, 120.34, 23.64, 0.000, 182.94, 0.00);
insert into SHOT values (229, 204, 13, 19, 2.995, 29.92, -13.91, 2.995, 29.92, -13.91, 0.000, 180.00, 0.00);
insert into SHOT values (230, 204, 205, 19, 1.908, 198.59, 51.34, 1.908, 18.59, -51.34, 3.816, 18.59, -51.34);
insert into SHOT values (231, 206, 205, 19, 1.841, 280.42, -16.08, 1.841, 280.42, -16.08, 0.000, 180.00, 0.00);
insert into SHOT values (232, 206, 20, 19, 0.965, 291.95, 41.54, 0.965, 291.95, 41.54, 0.000, 180.00, 0.00);
insert into SHOT values (233, 207, 205, 19, 1.172, 290.74, 19.96, 1.172, 290.74, 19.96, 0.000, 0.00, 0.00);
insert into SHOT values (234, 208, 21, 19, 2.104, 42.18, 17.14, 2.104, 42.18, 17.14, 0.000, 180.00, 0.00);
insert into SHOT values (235, 208, 207, 19, 3.512, 295.65, 28.95, 3.512, 295.65, 28.95, 0.000, 180.00, 0.00);
insert into SHOT values (236, 209, 21, 19, 0.624, 2.44, 41.07, 0.624, 2.44, 41.07, 0.000, 0.00, 0.00);
insert into SHOT values (237, 210, 19, 19, 2.319, 350.90, -37.76, 2.319, 350.90, -37.76, 0.000, 180.00, 0.00);
insert into SHOT values (238, 210, 209, 19, 2.635, 239.74, 61.68, 2.635, 239.74, 61.68, 0.000, 180.00, 0.00);
insert into SHOT values (239, 211, 19, 19, 6.787, 322.00, -48.84, 6.787, 322.00, -48.84, 0.000, 0.00, 0.00);
insert into SHOT values (240, 212, 21, 19, 2.702, 310.06, -19.45, 2.702, 310.06, -19.45, 0.000, 180.00, 0.00);
insert into SHOT values (241, 212, 211, 19, 1.574, 86.72, 2.18, 1.574, 86.72, 2.18, 0.000, 180.00, 0.00);
insert into SHOT values (242, 213, 207, 19, 7.793, 241.20, 55.99, 7.793, 241.20, 55.99, 0.000, 0.00, 0.00);
insert into SHOT values (243, 213, 22, 19, 0.318, 357.95, 28.16, 0.318, 357.95, 28.16, 0.000, 0.00, 0.00);
insert into SHOT values (244, 214, 19, 19, 0.364, 136.40, 37.18, 0.364, 136.40, 37.18, 0.000, 180.00, 0.00);
insert into SHOT values (245, 214, 22, 19, 1.231, 272.60, -44.31, 1.231, 272.60, -44.31, 0.000, 180.00, 0.00);
insert into SHOT values (246, 215, 216, 19, 2.677, 199.80, 7.08, 2.677, 19.80, -7.08, 5.355, 19.80, -7.08);
insert into SHOT values (247, 217, 215, 19, 1.493, 332.17, 18.76, 1.493, 332.17, 18.76, 0.000, 0.00, 0.00);
insert into SHOT values (248, 218, 217, 19, 3.634, 245.08, 35.30, 3.634, 245.08, 35.30, 0.000, 180.00, 0.00);
insert into SHOT values (249, 219, 216, 19, 2.516, 307.34, 60.99, 2.516, 307.34, 60.99, 0.000, 0.00, 0.00);
insert into SHOT values (250, 219, 218, 19, 2.300, 139.94, -1.25, 2.300, 139.94, -1.25, 0.000, 0.00, 0.00);
insert into SHOT values (251, 220, 217, 19, 2.027, 22.38, -57.02, 2.027, 22.38, -57.02, 0.000, 180.00, 0.00);
insert into SHOT values (252, 221, 220, 19, 0.876, 146.94, -30.91, 0.876, 146.94, -30.91, 0.000, 180.00, 0.00);
insert into SHOT values (253, 222, 221, 19, 1.031, 93.58, -21.04, 1.031, 93.58, -21.04, 0.000, 3.81, 0.00);
insert into SHOT values (254, 223, 26, 19, 1.670, 153.43, 42.58, 1.670, 153.43, 42.58, 0.000, 315.00, 0.00);
insert into SHOT values (255, 223, 222, 19, 3.405, 190.91, 6.75, 3.405, 190.91, 6.75, 0.000, 356.05, 0.00);
insert into SHOT values (256, 224, 23, 19, 3.042, 138.87, -1.70, 3.042, 138.87, -1.70, 0.000, 0.00, 0.00);
insert into SHOT values (257, 225, 224, 19, 3.108, 110.25, 5.91, 3.108, 110.25, 5.91, 0.000, 180.00, 0.00);
insert into SHOT values (258, 226, 216, 19, 5.755, 263.81, 48.65, 5.755, 263.81, 48.65, 0.000, 2.34, 0.00);
insert into SHOT values (259, 226, 225, 19, 1.465, 156.96, -6.27, 1.465, 156.96, -6.27, 0.000, 2.49, 0.00);
insert into SHOT values (260, 227, 23, 19, 3.057, 119.63, -9.60, 3.057, 119.63, -9.60, 0.000, 90.00, 0.00);
insert into SHOT values (261, 228, 217, 19, 5.909, 259.11, 31.64, 5.909, 259.11, 31.64, 0.000, 180.00, 0.00);
insert into SHOT values (262, 228, 227, 19, 1.991, 90.00, -14.25, 1.991, 90.00, -14.25, 0.000, 90.00, 0.00);
insert into SHOT values (263, 229, 16, 19, 2.379, 130.74, 16.35, 2.379, 130.74, 16.35, 0.000, 180.00, 0.00);
insert into SHOT values (264, 230, 229, 19, 2.041, 148.43, -28.38, 2.041, 148.43, -28.38, 0.000, 180.00, 0.00);
insert into SHOT values (265, 231, 230, 19, 2.459, 121.41, 7.71, 2.459, 121.41, 7.71, 0.000, 0.00, 0.00);
insert into SHOT values (266, 232, 231, 19, 1.547, 53.55, -26.90, 1.547, 53.55, -26.90, 0.000, 177.61, 0.00);
insert into SHOT values (267, 233, 232, 19, 2.613, 297.53, -23.21, 2.613, 297.53, -23.21, 0.000, 0.00, 0.00);
insert into SHOT values (268, 234, 233, 19, 3.655, 302.06, -16.53, 3.655, 302.06, -16.53, 0.000, 185.71, 0.00);
insert into SHOT values (269, 235, 234, 19, 1.569, 305.77, -22.08, 1.569, 305.77, -22.08, 0.000, 180.00, 0.00);
insert into SHOT values (270, 236, 235, 19, 1.205, 337.43, -46.22, 1.205, 337.43, -46.22, 0.000, 0.00, 0.00);
insert into SHOT values (271, 237, 13, 19, 3.558, 152.73, 52.16, 3.558, 152.73, 52.16, 0.000, 180.00, 0.00);
insert into SHOT values (272, 237, 236, 19, 0.676, 58.09, -22.61, 0.676, 58.09, -22.61, 0.000, 180.00, 0.00);
insert into SHOT values (273, 238, 239, 19, 1.650, 69.96, -56.75, 1.650, 249.96, 56.75, 3.300, 249.96, 56.75);
insert into SHOT values (274, 240, 15, 19, 4.270, 278.79, 23.17, 4.270, 278.79, 23.17, 0.000, 0.00, 0.00);
insert into SHOT values (275, 240, 238, 19, 1.269, 181.89, -17.43, 1.269, 181.89, -17.43, 0.000, 0.00, 0.00);
insert into SHOT values (276, 241, 239, 19, 1.917, 75.00, -34.29, 1.917, 75.00, -34.29, 0.000, 0.00, 0.00);
insert into SHOT values (277, 241, 18, 19, 2.116, 44.80, -15.06, 2.116, 44.80, -15.06, 0.000, 174.56, 0.00);
insert into SHOT values (278, 242, 18, 19, 4.120, 75.39, -7.81, 4.120, 75.39, -7.81, 0.000, 176.31, 0.00);
insert into SHOT values (279, 243, 242, 19, 0.797, 161.10, 14.53, 0.797, 161.10, 14.53, 0.000, 180.00, 0.00);
insert into SHOT values (280, 244, 18, 19, 3.181, 96.50, 0.90, 3.181, 96.50, 0.90, 0.000, 177.21, 0.00);
insert into SHOT values (281, 244, 243, 19, 1.298, 237.60, 18.41, 1.298, 237.60, 18.41, 0.000, 0.00, 0.00);
insert into SHOT values (282, 245, 17, 19, 2.532, 285.35, 2.26, 2.532, 285.35, 2.26, 0.000, 180.00, 0.00);
insert into SHOT values (283, 246, 239, 19, 1.693, 221.09, 47.61, 1.693, 221.09, 47.61, 0.000, 0.00, 0.00);
insert into SHOT values (284, 246, 245, 19, 2.592, 283.56, 37.84, 2.592, 283.56, 37.84, 0.000, 0.00, 0.00);
insert into SHOT values (285, 247, 248, 19, 0.929, 271.91, 14.33, 0.929, 91.91, -14.33, 1.859, 91.91, -14.33);
insert into SHOT values (286, 249, 17, 19, 2.754, 264.71, 10.04, 2.754, 264.71, 10.04, 0.000, 0.00, 0.00);
insert into SHOT values (287, 249, 247, 19, 4.206, 89.86, -19.30, 4.206, 89.86, -19.30, 0.000, 0.00, 0.00);
insert into SHOT values (288, 250, 15, 19, 5.891, 276.78, 7.51, 5.891, 276.78, 7.51, 0.000, 0.00, 0.00);
insert into SHOT values (289, 250, 248, 19, 2.071, 53.13, -49.31, 2.071, 53.13, -49.31, 0.000, 0.00, 0.00);
insert into SHOT values (290, 251, 252, 19, 3.200, 92.45, -42.95, 3.200, 272.45, 42.95, 6.399, 272.45, 42.95);
insert into SHOT values (291, 253, 251, 19, 1.908, 194.83, 22.82, 1.908, 194.83, 22.82, 0.000, 173.29, 0.00);
insert into SHOT values (292, 254, 253, 19, 2.826, 219.99, 46.51, 2.826, 219.99, 46.51, 0.000, 184.24, 0.00);
insert into SHOT values (293, 255, 254, 19, 1.195, 8.53, 59.50, 1.195, 8.53, 59.50, 0.000, 0.00, 0.00);
insert into SHOT values (294, 256, 255, 19, 4.019, 109.23, -70.13, 4.019, 109.23, -70.13, 0.000, 0.00, 0.00);
insert into SHOT values (295, 257, 256, 19, 2.178, 37.23, -43.88, 2.178, 37.23, -43.88, 0.000, 180.00, 0.00);
insert into SHOT values (296, 258, 248, 19, 2.567, 251.18, 43.59, 2.567, 251.18, 43.59, 0.000, 0.00, 0.00);
insert into SHOT values (297, 258, 257, 19, 2.195, 108.93, -4.44, 2.195, 108.93, -4.44, 0.000, 0.00, 0.00);
insert into SHOT values (298, 259, 252, 19, 4.538, 52.43, -52.09, 4.538, 52.43, -52.09, 0.000, 176.31, 0.00);
insert into SHOT values (299, 259, 19, 19, 1.269, 298.23, 31.86, 1.269, 298.23, 31.86, 0.000, 178.03, 0.00);
insert into SHOT values (300, 260, 252, 19, 5.385, 85.15, -50.41, 5.385, 85.15, -50.41, 0.000, 180.00, 0.00);
insert into SHOT values (301, 260, 19, 19, 0.942, 163.89, 6.09, 0.942, 163.89, 6.09, 0.000, 180.00, 0.00);
insert into SHOT values (302, 261, 262, 19, 5.939, 202.97, -18.35, 5.939, 22.97, 18.35, 11.878, 22.97, 18.35);
insert into SHOT values (303, 263, 261, 19, 3.342, 147.35, -68.53, 3.342, 147.35, -68.53, 0.000, 0.00, 0.00);
insert into SHOT values (304, 264, 263, 19, 1.748, 187.67, -25.77, 1.748, 187.67, -25.77, 0.000, 198.43, 0.00);
insert into SHOT values (305, 265, 262, 19, 2.593, 63.33, 11.57, 2.593, 63.33, 11.57, 0.000, 176.05, 0.00);
insert into SHOT values (306, 265, 264, 19, 2.937, 194.59, 59.09, 2.937, 194.59, 59.09, 0.000, 165.96, 0.00);
insert into SHOT values (307, 266, 267, 19, 4.630, 33.05, -67.90, 4.630, 213.05, 67.90, 9.260, 213.05, 67.90);
insert into SHOT values (308, 268, 266, 19, 3.449, 130.09, 11.03, 3.449, 130.09, 11.03, 0.000, 355.03, 0.00);
insert into SHOT values (309, 269, 268, 19, 3.500, 208.10, 51.78, 3.500, 208.10, 51.78, 0.000, 180.00, 0.00);
insert into SHOT values (310, 270, 269, 19, 7.150, 141.21, 21.07, 7.150, 141.21, 21.07, 0.000, 0.00, 0.00);
insert into SHOT values (311, 271, 270, 19, 2.229, 316.70, -15.89, 2.229, 316.70, -15.89, 0.000, 0.00, 0.00);
insert into SHOT values (312, 272, 271, 19, 5.551, 43.75, -62.20, 5.551, 43.75, -62.20, 0.000, 167.47, 0.00);
insert into SHOT values (313, 273, 272, 19, 3.725, 36.64, -48.26, 3.725, 36.64, -48.26, 0.000, 356.05, 0.00);
insert into SHOT values (314, 274, 273, 19, 2.934, 331.49, -25.87, 2.934, 331.49, -25.87, 0.000, 180.00, 0.00);
insert into SHOT values (315, 275, 267, 19, 1.023, 260.86, -30.55, 1.023, 260.86, -30.55, 0.000, 180.00, 0.00);
insert into SHOT values (316, 275, 274, 19, 6.947, 294.80, -10.03, 6.947, 294.80, -10.03, 0.000, 0.00, 0.00);
insert into SHOT values (317, 276, 262, 19, 2.619, 41.92, 41.04, 2.619, 41.92, 41.04, 0.000, 0.00, 0.00);
insert into SHOT values (318, 277, 276, 19, 2.267, 219.85, 43.14, 2.267, 219.85, 43.14, 0.000, 0.00, 0.00);
insert into SHOT values (319, 278, 267, 19, 1.885, 310.04, 3.95, 1.885, 310.04, 3.95, 0.000, 175.03, 0.00);
insert into SHOT values (320, 278, 277, 19, 2.322, 145.01, 18.85, 2.322, 145.01, 18.85, 0.000, 165.96, 0.00);
insert into SHOT values (321, 279, 262, 19, 6.522, 318.91, -28.98, 6.522, 318.91, -28.98, 0.000, 0.00, 0.00);
insert into SHOT values (322, 280, 279, 19, 3.022, 44.75, 57.91, 3.022, 44.75, 57.91, 0.000, 180.00, 0.00);
insert into SHOT values (323, 281, 280, 19, 2.529, 296.89, -22.07, 2.529, 296.89, -22.07, 0.000, 0.00, 0.00);
insert into SHOT values (324, 282, 281, 19, 1.950, 353.76, 7.96, 1.950, 353.76, 7.96, 0.000, 180.00, 0.00);
insert into SHOT values (325, 283, 282, 19, 5.202, 350.93, -45.97, 5.202, 350.93, -45.97, 0.000, 180.00, 0.00);
insert into SHOT values (326, 284, 283, 19, 3.394, 285.97, 12.94, 3.394, 285.97, 12.94, 0.000, 0.00, 0.00);
insert into SHOT values (327, 285, 284, 19, 4.141, 283.83, -0.97, 4.141, 283.83, -0.97, 0.000, 180.00, 0.00);
insert into SHOT values (328, 286, 285, 19, 2.349, 38.77, 1.95, 2.349, 38.77, 1.95, 0.000, 180.00, 0.00);
insert into SHOT values (329, 287, 286, 19, 5.354, 340.04, -40.96, 5.354, 340.04, -40.96, 0.000, 0.00, 0.00);
insert into SHOT values (330, 288, 287, 19, 3.104, 119.74, -87.02, 3.104, 119.74, -87.02, 0.000, 0.00, 0.00);
insert into SHOT values (331, 289, 288, 19, 3.745, 317.98, -19.01, 3.745, 317.98, -19.01, 0.000, 180.00, 0.00);
insert into SHOT_FLAG values(331, 'srf');
insert into SHOT values (332, 290, 289, 19, 3.957, 305.02, 1.01, 3.957, 305.02, 1.01, 0.000, 0.00, 0.00);
insert into SHOT_FLAG values(332, 'srf');
insert into SHOT values (333, 291, 290, 19, 3.401, 352.90, -36.02, 3.401, 352.90, -36.02, 0.000, 0.00, 0.00);
insert into SHOT_FLAG values(333, 'srf');
insert into SHOT values (334, 292, 291, 19, 2.133, 274.93, 22.03, 2.133, 274.93, 22.03, 0.000, 180.00, 0.00);
insert into SHOT_FLAG values(334, 'srf');
insert into SHOT values (335, 293, 292, 19, 10.497, 344.93, 10.98, 10.497, 344.93, 10.98, 0.000, 90.00, 0.00);
insert into SHOT_FLAG values(335, 'srf');
insert into SHOT values (336, 294, 293, 19, 10.656, 330.93, -23.98, 10.656, 330.93, -23.98, 0.000, 15.95, 0.00);
insert into SHOT_FLAG values(336, 'srf');
insert into SHOT values (337, 295, 294, 19, 8.505, 9.94, -21.02, 8.505, 9.94, -21.02, 0.000, 182.79, 0.00);
insert into SHOT_FLAG values(337, 'srf');
insert into SHOT values (338, 296, 295, 19, 16.358, 350.91, -19.98, 16.358, 350.91, -19.98, 0.000, 344.05, 0.00);
insert into SHOT_FLAG values(338, 'srf');
insert into SHOT values (339, 297, 296, 19, 9.954, 299.90, -22.01, 9.954, 299.90, -22.01, 0.000, 0.00, 0.00);
insert into SHOT_FLAG values(339, 'srf');
insert into SHOT values (340, 298, 297, 19, 8.802, 328.98, -16.03, 8.802, 328.98, -16.03, 0.000, 175.91, 0.00);
insert into SHOT_FLAG values(340, 'srf');
insert into SHOT values (341, 299, 102, 19, 3.627, 111.01, -26.88, 3.627, 111.01, -26.88, 0.000, 180.00, 0.00);
insert into SHOT_FLAG values(341, 'srf');
insert into SHOT values (342, 299, 298, 19, 2.929, 261.75, -21.85, 2.929, 261.75, -21.85, 0.000, 180.00, 0.00);
insert into SHOT_FLAG values(342, 'srf');
insert into SHOT values (343, 300, 47, 19, 8.106, 148.04, 29.08, 8.106, 148.04, 29.08, 0.000, 180.00, 0.00);
insert into SHOT values (344, 300, 6, 19, 0.607, 34.51, -16.27, 0.607, 34.51, -16.27, 0.000, 180.00, 0.00);
insert into SHOT values (345, 301, 302, 19, 3.611, 308.25, -23.51, 3.611, 128.25, 23.51, 7.221, 128.25, 23.51);
insert into SHOT values (346, 303, 45, 19, 3.301, 151.61, 35.99, 3.301, 151.61, 35.99, 0.000, 1.51, 0.00);
insert into SHOT values (347, 303, 301, 19, 2.879, 19.47, 14.28, 2.879, 19.47, 14.28, 0.000, 5.44, 0.00);
insert into SHOT values (348, 304, 44, 19, 2.279, 187.59, 5.04, 2.279, 187.59, 5.04, 0.000, 180.00, 0.00);
insert into SHOT values (349, 304, 302, 19, 1.426, 100.92, -1.21, 1.426, 100.92, -1.21, 0.000, 180.00, 0.00);
insert into SHOT values (350, 305, 302, 19, 9.290, 325.99, -42.03, 9.290, 325.99, -42.03, 0.000, 180.00, 0.00);
insert into SHOT values (351, 306, 305, 19, 1.525, 332.03, -32.97, 1.525, 332.03, -32.97, 0.000, 1.40, 0.00);
insert into SHOT values (352, 307, 306, 19, 3.050, 332.03, -32.97, 3.050, 332.03, -32.97, 0.000, 195.95, 0.00);
insert into SHOT values (353, 308, 46, 19, 1.688, 193.36, -13.01, 1.688, 193.36, -13.01, 0.000, 225.00, 0.00);
insert into SHOT values (354, 309, 308, 19, 10.555, 137.82, 42.57, 10.555, 137.82, 42.57, 0.000, 45.00, 0.00);
insert into SHOT values (355, 310, 6, 19, 2.718, 164.84, 16.90, 2.718, 164.84, 16.90, 0.000, 182.05, 0.00);
insert into SHOT values (356, 310, 309, 19, 2.217, 30.20, 22.54, 2.217, 30.20, 22.54, 0.000, 184.57, 0.00);
insert into SHOT values (357, 311, 312, 19, 1.090, 190.07, 4.21, 1.090, 10.07, -4.21, 2.179, 10.07, -4.21);
insert into SHOT values (358, 313, 311, 19, 2.673, 135.77, 11.00, 2.673, 135.77, 11.00, 0.000, 0.00, 0.00);
insert into SHOT values (359, 314, 313, 19, 0.854, 115.67, 0.00, 0.854, 115.67, 0.00, 0.000, 180.00, 0.00);
insert into SHOT values (360, 315, 314, 19, 1.040, 0.00, 90.00, 1.040, 90.00, 90.00, 0.000, 90.00, 0.00);
insert into SHOT values (361, 316, 315, 19, 4.948, 108.76, -2.55, 4.948, 108.76, -2.55, 0.000, 177.27, 0.00);
insert into SHOT values (362, 317, 316, 19, 2.232, 69.93, -37.21, 2.232, 69.93, -37.21, 0.000, 356.42, 0.00);
insert into SHOT values (363, 318, 317, 19, 5.894, 8.00, 49.77, 5.894, 8.00, 49.77, 0.000, 0.00, 0.00);
insert into SHOT values (364, 319, 318, 19, 0.980, 0.00, 90.00, 0.980, 90.00, 90.00, 0.000, 90.00, 0.00);
insert into SHOT values (365, 320, 319, 19, 3.528, 125.75, 9.96, 3.528, 125.75, 9.96, 0.000, 180.00, 0.00);
insert into SHOT values (366, 321, 320, 19, 4.588, 99.79, -1.00, 4.588, 99.79, -1.00, 0.000, 180.00, 0.00);
insert into SHOT values (367, 322, 321, 19, 0.608, 99.46, -0.94, 0.608, 99.46, -0.94, 0.000, 2.05, 0.00);
insert into SHOT values (368, 323, 322, 19, 4.734, 185.85, -29.48, 4.734, 185.85, -29.48, 0.000, 182.44, 0.00);
insert into SHOT values (369, 324, 323, 19, 1.463, 112.77, -53.10, 1.463, 112.77, -53.10, 0.000, 0.00, 0.00);
insert into SHOT values (370, 325, 324, 19, 2.801, 222.23, -71.74, 2.801, 222.23, -71.74, 0.000, 180.00, 0.00);
insert into SHOT values (371, 326, 325, 19, 2.262, 193.85, -4.31, 2.262, 193.85, -4.31, 0.000, 0.00, 0.00);
insert into SHOT values (372, 327, 326, 19, 2.734, 272.14, -11.18, 2.734, 272.14, -11.18, 0.000, 180.00, 0.00);
insert into SHOT values (373, 328, 327, 19, 11.580, 278.33, 16.25, 11.580, 278.33, 16.25, 0.000, 352.41, 0.00);
insert into SHOT values (374, 329, 7, 19, 5.338, 140.18, 30.01, 5.338, 140.18, 30.01, 0.000, 0.00, 0.00);
insert into SHOT values (375, 329, 328, 19, 3.065, 268.15, -35.96, 3.065, 268.15, -35.96, 0.000, 173.66, 0.00);
insert into SHOT values (376, 330, 7, 19, 0.206, 14.04, 2.78, 0.206, 14.04, 2.78, 0.000, 0.00, 0.00);
insert into SHOT values (377, 330, 312, 19, 4.453, 214.51, -29.31, 4.453, 214.51, -29.31, 0.000, 0.00, 0.00);
insert into SHOT values (378, 331, 312, 19, 1.963, 333.85, -20.58, 1.963, 333.85, -20.58, 0.000, 0.00, 0.00);
insert into SHOT values (379, 332, 331, 19, 1.196, 286.56, -14.52, 1.196, 286.56, -14.52, 0.000, 180.00, 0.00);
insert into SHOT values (380, 333, 332, 19, 2.596, 222.16, 48.70, 2.596, 222.16, 48.70, 0.000, 180.00, 0.00);
insert into SHOT values (381, 334, 333, 19, 1.237, 301.13, -17.41, 1.237, 301.13, -17.41, 0.000, 3.69, 0.00);
insert into SHOT values (382, 335, 334, 19, 4.880, 311.24, -35.16, 4.880, 311.24, -35.16, 0.000, 180.00, 0.00);
insert into SHOT values (383, 336, 335, 19, 0.961, 249.74, -21.35, 0.961, 249.74, -21.35, 0.000, 192.53, 0.00);
insert into SHOT values (384, 337, 48, 19, 1.647, 227.75, 10.14, 1.647, 227.75, 10.14, 0.000, 0.00, 0.00);
insert into SHOT values (385, 337, 336, 19, 2.760, 0.00, -89.58, 2.760, 0.00, -89.58, 0.000, 180.00, 0.00);
insert into SHOT values (386, 338, 47, 19, 2.895, 8.93, 11.76, 2.895, 8.93, 11.76, 0.000, 0.00, 0.00);
insert into SHOT values (387, 339, 48, 19, 1.901, 330.83, 10.92, 1.901, 330.83, 10.92, 0.000, 0.00, 0.00);
insert into SHOT values (388, 339, 338, 19, 6.603, 106.19, 41.90, 6.603, 106.19, 41.90, 0.000, 180.00, 0.00);
insert into SHOT values (389, 340, 341, 19, 2.899, 279.85, 32.09, 2.899, 99.85, -32.09, 5.798, 99.85, -32.09);
insert into SHOT values (390, 342, 340, 19, 2.009, 70.13, -50.95, 2.009, 70.13, -50.95, 0.000, 184.24, 0.00);
insert into SHOT values (391, 343, 344, 19, 1.228, 229.96, 0.00, 1.228, 49.96, 0.00, 2.456, 49.96, 0.00);
insert into SHOT values (392, 345, 343, 19, 4.558, 116.99, -21.09, 4.558, 116.99, -21.09, 0.000, 3.09, 0.00);
insert into SHOT values (393, 346, 341, 19, 0.444, 0.00, 7.77, 0.444, 0.00, 7.77, 0.000, 0.00, 0.00);
insert into SHOT values (394, 346, 345, 19, 0.597, 180.00, -8.67, 0.597, 180.00, -8.67, 0.000, 183.69, 0.00);
insert into SHOT values (395, 347, 341, 19, 4.118, 280.22, 1.95, 4.118, 280.22, 1.95, 0.000, 2.49, 0.00);
insert into SHOT values (396, 347, 344, 19, 2.293, 154.72, -46.02, 2.293, 154.72, -46.02, 0.000, 29.74, 0.00);
insert into SHOT values (397, 348, 49, 19, 3.868, 14.97, -22.98, 3.868, 14.97, -22.98, 0.000, 187.59, 0.00);
insert into SHOT values (398, 349, 348, 19, 2.591, 15.01, -20.09, 2.591, 15.01, -20.09, 0.000, 180.00, 0.00);
insert into SHOT values (399, 350, 344, 19, 4.598, 170.01, 21.96, 4.598, 170.01, 21.96, 0.000, 178.21, 0.00);
insert into SHOT values (400, 350, 349, 19, 0.305, 14.04, -19.11, 0.305, 14.04, -19.11, 0.000, 180.00, 0.00);
insert into SHOT values (401, 351, 49, 19, 3.929, 158.23, 11.15, 3.929, 158.23, 11.15, 0.000, 185.71, 0.00);
insert into SHOT values (402, 351, 3, 19, 1.119, 102.42, -4.10, 1.119, 102.42, -4.10, 0.000, 180.00, 0.00);
insert into SHOT values (403, 352, 5, 19, 5.149, 185.82, 20.11, 5.149, 185.82, 20.11, 0.000, 2.20, 0.00);
insert into SHOT values (404, 353, 4, 19, 6.353, 142.08, 45.22, 6.353, 142.08, 45.22, 0.000, 0.00, 0.00);
insert into SHOT values (405, 353, 352, 19, 2.375, 103.92, 60.65, 2.375, 103.92, 60.65, 0.000, 284.04, 0.00);
insert into SHOT values (406, 354, 92, 19, 2.271, 96.34, 68.97, 2.271, 96.34, 68.97, 0.000, 180.00, 0.00);
insert into SHOT values (407, 355, 354, 19, 0.969, 244.23, 4.14, 0.969, 244.23, 4.14, 0.000, 0.00, 0.00);
insert into SHOT values (408, 356, 355, 19, 3.286, 149.04, 52.89, 3.286, 149.04, 52.89, 0.000, 15.95, 0.00);
insert into SHOT values (409, 357, 356, 19, 6.470, 185.04, 48.03, 6.470, 185.04, 48.03, 0.000, 187.13, 0.00);
insert into SHOT values (410, 358, 357, 19, 1.500, 126.15, 18.26, 1.500, 126.15, 18.26, 0.000, 180.00, 0.00);
insert into SHOT values (411, 359, 358, 19, 6.487, 150.01, 47.99, 6.487, 150.01, 47.99, 0.000, 6.34, 0.00);
insert into SHOT values (412, 360, 359, 19, 1.675, 158.00, 19.90, 1.675, 158.00, 19.90, 0.000, 358.03, 0.00);
insert into SHOT values (413, 361, 360, 19, 2.321, 147.72, -67.22, 2.321, 147.72, -67.22, 0.000, 180.00, 0.00);
insert into SHOT values (414, 362, 361, 19, 3.230, 85.18, -31.97, 3.230, 85.18, -31.97, 0.000, 180.00, 0.00);
insert into SHOT values (415, 363, 362, 19, 5.002, 177.08, 45.04, 5.002, 177.08, 45.04, 0.000, 0.00, 0.00);
insert into SHOT values (416, 364, 362, 19, 2.899, 295.15, -3.16, 2.899, 295.15, -3.16, 0.000, 175.43, 0.00);
insert into SHOT values (417, 365, 360, 19, 2.463, 184.27, 74.17, 2.463, 184.27, 74.17, 0.000, 180.00, 0.00);
insert into SHOT values (418, 366, 365, 19, 0.877, 97.04, 21.41, 0.877, 97.04, 21.41, 0.000, 180.00, 0.00);
insert into SHOT values (419, 367, 366, 19, 4.239, 140.07, 0.95, 4.239, 140.07, 0.95, 0.000, 0.00, 0.00);
insert into SHOT values (420, 368, 367, 19, 1.526, 182.09, 26.05, 1.526, 182.09, 26.05, 0.000, 180.00, 0.00);
insert into SHOT values (421, 369, 368, 19, 4.808, 207.94, 81.06, 4.808, 207.94, 81.06, 0.000, 171.87, 0.00);
insert into SHOT values (422, 370, 369, 19, 4.121, 185.91, 46.92, 4.121, 185.91, 46.92, 0.000, 0.00, 0.00);
insert into SHOT values (423, 371, 370, 19, 3.873, 293.04, -5.04, 3.873, 293.04, -5.04, 0.000, 188.75, 0.00);
insert into SHOT values (424, 372, 371, 19, 3.558, 20.07, -1.93, 3.558, 20.07, -1.93, 0.000, 176.19, 0.00);
insert into SHOT values (425, 373, 371, 19, 5.883, 145.07, 76.08, 5.883, 145.07, 76.08, 0.000, 180.00, 0.00);
insert into SHOT values (426, 374, 373, 19, 5.071, 209.90, 57.99, 5.071, 209.90, 57.99, 0.000, 9.09, 0.00);
insert into SHOT values (427, 375, 374, 19, 7.046, 198.01, -24.04, 7.046, 198.01, -24.04, 0.000, 180.00, 0.00);
insert into SHOT values (428, 376, 375, 19, 1.850, 325.93, -24.93, 1.850, 325.93, -24.93, 0.000, 358.03, 0.00);
insert into SHOT values (429, 377, 376, 19, 2.504, 244.93, 16.00, 2.504, 244.93, 16.00, 0.000, 176.05, 0.00);
insert into SHOT values (430, 378, 377, 19, 2.877, 275.01, 5.99, 2.877, 275.01, 5.99, 0.000, 190.30, 0.00);
insert into SHOT values (431, 379, 378, 19, 10.382, 18.99, -59.99, 10.382, 18.99, -59.99, 0.000, 180.00, 0.00);
insert into SHOT values (432, 380, 378, 19, 7.089, 162.04, -60.99, 7.089, 162.04, -60.99, 0.000, 350.54, 0.00);
insert into SHOT values (433, 381, 377, 19, 6.564, 303.02, -20.05, 6.564, 303.02, -20.05, 0.000, 203.96, 0.00);
insert into SHOT values (434, 382, 381, 19, 5.150, 257.00, 7.03, 5.150, 257.00, 7.03, 0.000, 164.05, 0.00);
insert into SHOT values (435, 383, 381, 19, 0.920, 91.85, -47.63, 0.920, 91.85, -47.63, 0.000, 175.03, 0.00);
insert into SHOT values (436, 384, 383, 19, 6.891, 353.04, -40.00, 6.891, 353.04, -40.00, 0.000, 180.00, 0.00);
insert into SHOT values (437, 385, 384, 19, 3.864, 16.99, -13.01, 3.864, 16.99, -13.01, 0.000, 0.00, 0.00);
insert into SHOT values (438, 386, 385, 19, 4.000, 284.04, -66.94, 4.000, 284.04, -66.94, 0.000, 0.00, 0.00);
insert into SHOT values (439, 387, 386, 19, 4.073, 258.97, 8.90, 4.073, 258.97, 8.90, 0.000, 172.41, 0.00);
insert into SHOT values (440, 388, 385, 19, 2.866, 16.03, -3.40, 2.866, 16.03, -3.40, 0.000, 0.00, 0.00);
insert into SHOT values (441, 389, 381, 19, 2.879, 184.98, -32.82, 2.879, 184.98, -32.82, 0.000, 26.57, 0.00);
insert into SHOT values (442, 390, 389, 19, 4.434, 45.84, -70.91, 4.434, 45.84, -70.91, 0.000, 183.95, 0.00);
insert into SHOT values (443, 391, 390, 19, 2.714, 297.84, -42.12, 2.714, 297.84, -42.12, 0.000, 190.30, 0.00);
insert into SHOT values (444, 392, 391, 19, 2.675, 279.04, -1.93, 2.675, 279.04, -1.93, 0.000, 6.34, 0.00);
insert into SHOT values (445, 393, 392, 19, 2.601, 263.00, 27.97, 2.601, 263.00, 27.97, 0.000, 189.46, 0.00);
insert into SHOT values (446, 394, 392, 19, 6.103, 318.12, -78.96, 6.103, 318.12, -78.96, 0.000, 333.43, 0.00);
insert into SHOT values (447, 395, 392, 19, 2.243, 189.20, -36.05, 2.243, 189.20, -36.05, 0.000, 189.87, 0.00);
insert into SHOT values (448, 396, 391, 19, 3.776, 325.06, -61.86, 3.776, 325.06, -61.86, 0.000, 2.79, 0.00);
insert into SHOT values (449, 397, 390, 19, 3.304, 186.12, -39.91, 3.304, 186.12, -39.91, 0.000, 0.00, 0.00);
insert into SHOT values (450, 398, 390, 19, 8.797, 349.93, -67.03, 8.797, 349.93, -67.03, 0.000, 2.94, 0.00);
insert into SHOT values (451, 399, 371, 19, 0.786, 151.70, 20.09, 0.786, 151.70, 20.09, 0.000, 175.91, 0.00);
insert into SHOT values (452, 400, 399, 19, 3.513, 287.92, 2.12, 3.513, 287.92, 2.12, 0.000, 0.00, 0.00);
insert into SHOT values (453, 401, 400, 19, 1.346, 192.90, -2.98, 1.346, 192.90, -2.98, 0.000, 0.00, 0.00);
insert into SHOT values (454, 402, 401, 19, 10.585, 204.05, 67.94, 10.585, 204.05, 67.94, 0.000, 0.00, 0.00);
insert into SHOT values (455, 403, 400, 19, 3.878, 287.11, -8.00, 3.878, 287.11, -8.00, 0.000, 180.00, 0.00);
insert into SHOT values (456, 404, 77, 19, 5.097, 208.93, -4.05, 5.097, 208.93, -4.05, 0.000, 183.81, 0.00);
insert into SHOT values (457, 405, 404, 19, 4.067, 296.00, -26.90, 4.067, 296.00, -26.90, 0.000, 156.04, 0.00);
insert into SHOT values (458, 406, 405, 19, 2.803, 172.87, 26.94, 2.803, 172.87, 26.94, 0.000, 0.00, 0.00);
insert into SHOT values (459, 407, 406, 19, 1.422, 294.73, 53.96, 1.422, 294.73, 53.96, 0.000, 356.05, 0.00);
insert into SHOT values (460, 408, 407, 19, 1.325, 111.90, 33.95, 1.325, 111.90, 33.95, 0.000, 180.00, 0.00);
insert into SHOT values (461, 409, 408, 19, 2.260, 212.92, 49.96, 2.260, 212.92, 49.96, 0.000, 180.00, 0.00);
insert into SHOT values (462, 410, 409, 19, 3.018, 265.07, 32.01, 3.018, 265.07, 32.01, 0.000, 0.00, 0.00);
insert into SHOT values (463, 411, 410, 19, 6.253, 259.92, 63.99, 6.253, 259.92, 63.99, 0.000, 180.00, 0.00);
insert into SHOT values (464, 412, 411, 19, 1.498, 190.93, 53.24, 1.498, 190.93, 53.24, 0.000, 0.00, 0.00);
insert into SHOT values (465, 413, 412, 19, 4.002, 270.00, 6.02, 4.002, 270.00, 6.02, 0.000, 184.76, 0.00);
insert into SHOT values (466, 414, 413, 19, 3.398, 288.01, -2.02, 3.398, 288.01, -2.02, 0.000, 7.13, 0.00);
insert into SHOT values (467, 415, 414, 19, 2.529, 270.00, -10.02, 2.529, 270.00, -10.02, 0.000, 180.00, 0.00);
insert into SHOT values (468, 416, 415, 19, 1.496, 316.90, 3.83, 1.496, 316.90, 3.83, 0.000, 0.00, 0.00);
insert into SHOT values (469, 417, 416, 19, 5.177, 277.04, -6.99, 5.177, 277.04, -6.99, 0.000, 180.00, 0.00);
insert into SHOT values (470, 418, 417, 19, 1.449, 245.92, 3.96, 1.449, 245.92, 3.96, 0.000, 0.00, 0.00);
insert into SHOT values (471, 419, 418, 19, 2.090, 223.03, -11.03, 2.090, 223.03, -11.03, 0.000, 181.91, 0.00);
insert into SHOT values (472, 420, 419, 19, 1.904, 266.86, -16.79, 1.904, 266.86, -16.79, 0.000, 26.57, 0.00);
insert into SHOT values (473, 421, 420, 19, 1.193, 244.08, -4.33, 1.193, 244.08, -4.33, 0.000, 225.00, 0.00);
insert into SHOT values (474, 422, 421, 19, 1.597, 27.90, -61.21, 1.597, 27.90, -61.21, 0.000, 180.00, 0.00);
insert into SHOT values (475, 423, 422, 19, 5.073, 53.13, -80.93, 5.073, 53.13, -80.93, 0.000, 2.12, 0.00);
insert into SHOT values (476, 424, 423, 19, 0.706, 278.49, -16.45, 0.706, 278.49, -16.45, 0.000, 203.96, 0.00);
insert into SHOT values (477, 425, 424, 19, 1.447, 4.04, -53.93, 1.447, 4.04, -53.93, 0.000, 171.87, 0.00);
insert into SHOT values (478, 426, 425, 19, 1.618, 348.11, -68.91, 1.618, 348.11, -68.91, 0.000, 0.00, 0.00);
insert into SHOT values (479, 427, 426, 19, 4.750, 276.00, 22.01, 4.750, 276.00, 22.01, 0.000, 180.00, 0.00);
insert into SHOT values (480, 428, 427, 19, 4.003, 12.01, -5.02, 4.003, 12.01, -5.02, 0.000, 0.00, 0.00);
insert into SHOT values (481, 429, 428, 19, 0.829, 351.67, -1.38, 0.829, 351.67, -1.38, 0.000, 175.60, 0.00);
insert into SHOT values (482, 430, 429, 19, 1.279, 317.35, -66.18, 1.279, 317.35, -66.18, 0.000, 0.00, 0.00);
insert into SHOT values (483, 431, 430, 19, 8.100, 16.96, -61.98, 8.100, 16.96, -61.98, 0.000, 192.53, 0.00);
insert into SHOT values (484, 432, 431, 19, 10.717, 16.02, -61.97, 10.717, 16.02, -61.97, 0.000, 180.00, 0.00);
insert into SHOT values (485, 433, 432, 19, 3.328, 71.18, -56.03, 3.328, 71.18, -56.03, 0.000, 0.00, 0.00);
insert into SHOT values (486, 434, 433, 19, 2.371, 65.94, -75.01, 2.371, 65.94, -75.01, 0.000, 8.13, 0.00);
insert into SHOT values (487, 435, 434, 19, 2.153, 284.93, -30.10, 2.153, 284.93, -30.10, 0.000, 356.05, 0.00);
insert into SHOT values (488, 436, 435, 19, 3.739, 31.90, -17.91, 3.739, 31.90, -17.91, 0.000, 180.00, 0.00);
insert into SHOT values (489, 437, 436, 19, 3.741, 123.99, 1.99, 3.741, 123.99, 1.99, 0.000, 3.95, 0.00);
insert into SHOT values (490, 438, 437, 19, 2.459, 189.00, 8.89, 2.459, 189.00, 8.89, 0.000, 0.00, 0.00);
insert into SHOT values (491, 439, 438, 19, 3.402, 59.39, -75.96, 3.402, 59.39, -75.96, 0.000, 183.01, 0.00);
insert into SHOT values (492, 440, 439, 19, 2.684, 1.06, -52.87, 2.684, 1.06, -52.87, 0.000, 0.00, 0.00);
insert into SHOT values (493, 441, 79, 19, 1.748, 78.84, 30.99, 1.748, 78.84, 30.99, 0.000, 0.00, 0.00);
insert into SHOT values (494, 442, 441, 19, 2.231, 58.10, -6.95, 2.231, 58.10, -6.95, 0.000, 180.00, 0.00);
insert into SHOT values (495, 443, 442, 19, 1.279, 96.74, 0.00, 1.279, 96.74, 0.00, 0.000, 0.00, 0.00);
insert into SHOT values (496, 444, 443, 19, 2.507, 60.11, -10.11, 2.507, 60.11, -10.11, 0.000, 90.00, 0.00);
insert into SHOT values (497, 445, 444, 19, 2.331, 283.14, 0.00, 2.331, 283.14, 0.00, 0.000, 0.00, 0.00);
insert into SHOT values (498, 446, 445, 19, 1.722, 36.00, -4.00, 1.722, 36.00, -4.00, 0.000, 180.00, 0.00);
insert into SHOT values (499, 447, 446, 19, 4.034, 279.14, -1.99, 4.034, 279.14, -1.99, 0.000, 180.00, 0.00);
insert into SHOT values (500, 448, 444, 19, 1.825, 87.76, -11.06, 1.825, 87.76, -11.06, 0.000, 341.57, 0.00);
insert into SHOT values (501, 449, 448, 19, 1.617, 126.16, 5.32, 1.617, 126.16, 5.32, 0.000, 90.00, 0.00);
insert into SHOT values (502, 450, 449, 19, 1.998, 76.10, 0.00, 1.998, 76.10, 0.00, 0.000, 357.88, 0.00);
insert into SHOT values (503, 451, 76, 19, 6.521, 104.04, 6.96, 6.521, 104.04, 6.96, 0.000, 2.05, 0.00);
insert into SHOT values (504, 452, 451, 19, 2.627, 10.95, -53.06, 2.627, 10.95, -53.06, 0.000, 183.95, 0.00);
insert into SHOT values (505, 453, 452, 19, 5.950, 36.00, -60.92, 5.950, 36.00, -60.92, 0.000, 11.31, 0.00);
insert into SHOT values (506, 454, 453, 19, 1.002, 317.37, -31.27, 1.002, 317.37, -31.27, 0.000, 180.00, 0.00);
insert into SHOT values (507, 455, 454, 19, 2.428, 353.01, -63.90, 2.428, 353.01, -63.90, 0.000, 180.00, 0.00);
insert into SHOT values (508, 456, 455, 19, 3.625, 109.89, -4.11, 3.625, 109.89, -4.11, 0.000, 90.00, 0.00);
insert into SHOT values (509, 457, 456, 19, 1.385, 235.01, 84.95, 1.385, 235.01, 84.95, 0.000, 0.00, 0.00);
insert into SHOT values (510, 458, 457, 19, 6.029, 132.08, 33.99, 6.029, 132.08, 33.99, 0.000, 180.00, 0.00);
insert into SHOT values (511, 459, 456, 19, 5.000, 119.09, -20.98, 5.000, 119.09, -20.98, 0.000, 175.91, 0.00);
insert into SHOT values (512, 460, 84, 19, 3.899, 299.95, -57.00, 3.899, 299.95, -57.00, 0.000, 180.00, 0.00);
insert into SHOT values (513, 461, 460, 19, 3.909, 296.01, -18.03, 3.909, 296.01, -18.03, 0.000, 351.87, 0.00);
insert into SHOT values (514, 462, 75, 19, 6.000, 107.02, 9.98, 6.000, 107.02, 9.98, 0.000, 146.31, 0.00);
insert into SHOT values (515, 463, 77, 19, 2.554, 199.93, -2.02, 2.554, 199.93, -2.02, 0.000, 180.00, 0.00);
insert into SHOT values (516, 464, 77, 19, 3.398, 154.89, 10.00, 3.398, 154.89, 10.00, 0.000, 0.00, 0.00);
insert into SHOT values (517, 465, 77, 19, 5.214, 136.99, 11.95, 5.214, 136.99, 11.95, 0.000, 0.00, 0.00);
insert into SHOT values (518, 466, 77, 19, 5.352, 114.98, -1.07, 5.352, 114.98, -1.07, 0.000, 0.00, 0.00);
insert into SHOT values (519, 467, 77, 19, 5.653, 124.98, 16.97, 5.653, 124.98, 16.97, 0.000, 186.71, 0.00);
insert into SHOT values (520, 468, 77, 19, 4.708, 123.94, 20.00, 4.708, 123.94, 20.00, 0.000, 180.00, 0.00);
insert into SHOT values (521, 469, 77, 19, 1.902, 72.14, 6.04, 1.902, 72.14, 6.04, 0.000, 0.00, 0.00);
insert into SHOT values (522, 470, 77, 19, 4.203, 93.06, 10.97, 4.203, 93.06, 10.97, 0.000, 0.00, 0.00);
insert into SHOT values (523, 471, 77, 19, 5.852, 100.03, 15.97, 5.852, 100.03, 15.97, 0.000, 183.27, 0.00);
insert into SHOT values (524, 472, 76, 19, 1.224, 28.87, -3.28, 1.224, 28.87, -3.28, 0.000, 176.63, 0.00);
insert into SHOT values (525, 473, 76, 19, 1.747, 78.30, 8.89, 1.747, 78.30, 8.89, 0.000, 2.12, 0.00);
insert into SHOT values (526, 474, 76, 19, 3.118, 89.07, 8.86, 3.118, 89.07, 8.86, 0.000, 3.47, 0.00);
insert into SHOT values (527, 475, 76, 19, 5.797, 101.07, 8.93, 5.797, 101.07, 8.93, 0.000, 45.00, 0.00);
insert into SHOT values (528, 476, 76, 19, 6.959, 105.01, 8.93, 6.959, 105.01, 8.93, 0.000, 3.01, 0.00);
insert into SHOT values (529, 477, 76, 19, 4.193, 97.04, 6.99, 4.193, 97.04, 6.99, 0.000, 180.00, 0.00);
insert into SHOT values (530, 478, 477, 19, 1.689, 135.97, 8.85, 1.689, 135.97, 8.85, 0.000, 1.97, 0.00);
insert into SHOT values (531, 479, 477, 19, 0.700, 179.18, 0.00, 0.700, 179.18, 0.00, 0.000, 0.00, 0.00);
insert into SHOT values (532, 480, 477, 19, 2.609, 229.04, 0.00, 2.609, 229.04, 0.00, 0.000, 1.74, 0.00);
insert into SHOT values (533, 481, 477, 19, 4.969, 256.97, -1.04, 4.969, 256.97, -1.04, 0.000, 4.40, 0.00);
insert into SHOT values (534, 482, 77, 19, 3.850, 208.97, -4.02, 3.850, 208.97, -4.02, 0.000, 180.00, 0.00);
insert into SHOT values (535, 483, 77, 19, 3.980, 215.89, -3.02, 3.980, 215.89, -3.02, 0.000, 0.00, 0.00);
insert into SHOT values (536, 484, 77, 19, 3.021, 226.97, -17.14, 3.021, 226.97, -17.14, 0.000, 180.00, 0.00);
insert into SHOT values (537, 485, 80, 19, 6.246, 135.00, 45.96, 6.246, 135.00, 45.96, 0.000, 0.00, 0.00);
insert into SHOT values (538, 486, 80, 19, 3.750, 129.78, 38.03, 3.750, 129.78, 38.03, 0.000, 3.18, 0.00);
insert into SHOT values (539, 487, 80, 19, 3.430, 107.95, 12.97, 3.430, 107.95, 12.97, 0.000, 0.00, 0.00);
insert into SHOT values (540, 488, 80, 19, 4.469, 87.94, -20.98, 4.469, 87.94, -20.98, 0.000, 0.00, 0.00);
insert into SHOT values (541, 489, 99, 19, 4.165, 283.47, -0.96, 4.165, 283.47, -0.96, 0.000, 0.00, 0.00);
insert into SHOT values (542, 490, 489, 19, 4.402, 283.53, 0.00, 4.402, 283.53, 0.00, 0.000, 357.34, 0.00);
insert into SHOT values (543, 491, 107, 19, 4.652, 82.95, -3.08, 4.652, 82.95, -3.08, 0.000, 180.00, 0.00);
insert into SHOT values (544, 492, 491, 19, 0.998, 83.09, -2.87, 0.998, 83.09, -2.87, 0.000, 180.00, 0.00);
insert into SHOT values (545, 493, 123, 19, 4.544, 183.14, 53.01, 4.544, 183.14, 53.01, 0.000, 198.43, 0.00);
insert into SHOT values (546, 494, 493, 19, 4.871, 194.94, 31.57, 4.871, 194.94, 31.57, 0.000, 21.80, 0.00);
insert into SHOT values (547, 495, 494, 19, 2.410, 86.12, 11.00, 2.410, 86.12, 11.00, 0.000, 0.00, 0.00);
insert into SHOT values (548, 496, 495, 19, 4.264, 68.03, -30.13, 4.264, 68.03, -30.13, 0.000, 180.00, 0.00);
insert into SHOT values (549, 497, 495, 19, 1.748, 154.62, 29.84, 1.748, 154.62, 29.84, 0.000, 0.00, 0.00);
insert into SHOT values (550, 498, 123, 19, 5.176, 284.01, 20.94, 5.176, 284.01, 20.94, 0.000, 186.01, 0.00);
insert into SHOT values (551, 499, 123, 19, 2.150, 269.19, -11.00, 2.150, 269.19, -11.00, 0.000, 191.31, 0.00);
insert into SHOT values (552, 500, 123, 19, 5.267, 271.01, -13.06, 5.267, 271.01, -13.06, 0.000, 185.44, 0.00);
insert into SHOT values (553, 501, 500, 19, 0.740, 16.48, 0.00, 0.740, 16.48, 0.00, 0.000, 180.00, 0.00);
insert into SHOT values (554, 502, 501, 19, 8.305, 356.98, -23.94, 8.305, 356.98, -23.94, 0.000, 0.00, 0.00);
insert into SHOT values (555, 503, 502, 19, 3.094, 357.04, 0.00, 3.094, 357.04, 0.00, 0.000, 0.00, 0.00);
insert into SHOT values (556, 504, 122, 19, 4.900, 95.06, -31.09, 4.900, 95.06, -31.09, 0.000, 180.00, 0.00);
insert into SHOT values (557, 505, 504, 19, 5.098, 296.01, 4.05, 5.098, 296.01, 4.05, 0.000, 0.00, 0.00);
insert into SHOT values (558, 506, 504, 19, 2.152, 295.97, 4.00, 2.152, 295.97, 4.00, 0.000, 0.00, 0.00);
insert into SHOT values (559, 507, 122, 19, 5.115, 249.97, 24.00, 5.115, 249.97, 24.00, 0.000, 180.00, 0.00);
insert into SHOT values (560, 508, 507, 19, 3.525, 271.96, 4.88, 3.525, 271.96, 4.88, 0.000, 351.25, 0.00);
insert into SHOT values (561, 509, 508, 19, 1.376, 272.09, -5.00, 1.376, 272.09, -5.00, 0.000, 0.00, 0.00);
insert into SHOT values (562, 510, 122, 19, 1.342, 161.42, -24.20, 1.342, 161.42, -24.20, 0.000, 0.00, 0.00);
insert into SHOT values (563, 511, 510, 19, 6.267, 340.04, -43.96, 6.267, 340.04, -43.96, 0.000, 181.85, 0.00);
insert into SHOT values (564, 512, 510, 19, 4.021, 185.98, 28.04, 4.021, 185.98, 28.04, 0.000, 180.00, 0.00);
insert into SHOT values (565, 513, 120, 19, 1.562, 332.00, 55.05, 1.562, 332.00, 55.05, 0.000, 180.00, 0.00);
insert into SHOT values (566, 514, 513, 19, 3.025, 255.92, 12.02, 3.025, 255.92, 12.02, 0.000, 0.00, 0.00);
insert into SHOT values (567, 515, 115, 19, 3.180, 203.81, 31.89, 3.180, 203.81, 31.89, 0.000, 351.87, 0.00);
insert into SHOT values (568, 516, 115, 19, 1.361, 29.26, 12.30, 1.361, 29.26, 12.30, 0.000, 183.81, 0.00);
insert into SHOT values (569, 517, 115, 19, 4.899, 33.16, -42.99, 4.899, 33.16, -42.99, 0.000, 355.24, 0.00);
insert into SHOT values (570, 518, 112, 19, 1.560, 4.06, 25.03, 1.560, 4.06, 25.03, 0.000, 0.00, 0.00);
insert into SHOT values (571, 519, 112, 19, 2.660, 200.97, 23.95, 2.660, 200.97, 23.95, 0.000, 158.20, 0.00);
insert into SHOT values (572, 520, 134, 19, 3.794, 53.04, 1.96, 3.794, 53.04, 1.96, 0.000, 180.00, 0.00);
insert into SHOT values (573, 521, 36, 19, 6.216, 76.04, -24.02, 6.216, 76.04, -24.02, 0.000, 171.25, 0.00);
insert into SHOT values (574, 522, 40, 19, 3.296, 67.80, -43.05, 3.296, 67.80, -43.05, 0.000, 174.29, 0.00);
insert into SHOT values (575, 523, 522, 19, 4.877, 73.07, -30.02, 4.877, 73.07, -30.02, 0.000, 184.76, 0.00);
insert into SHOT values (576, 524, 40, 19, 4.104, 356.01, -19.06, 4.104, 356.01, -19.06, 0.000, 180.00, 0.00);
insert into SHOT values (577, 525, 41, 19, 4.437, 97.95, -36.99, 4.437, 97.95, -36.99, 0.000, 180.00, 0.00);
insert into SHOT values (578, 526, 525, 19, 2.056, 152.04, -26.89, 2.056, 152.04, -26.89, 0.000, 180.00, 0.00);
insert into SHOT values (579, 527, 525, 19, 3.598, 30.04, -28.01, 3.598, 30.04, -28.01, 0.000, 180.00, 0.00);
insert into SHOT values (580, 528, 140, 19, 3.795, 10.95, -35.06, 3.795, 10.95, -35.06, 0.000, 2.05, 0.00);
insert into SHOT values (581, 529, 140, 19, 2.520, 348.96, -34.02, 2.520, 348.96, -34.02, 0.000, 180.00, 0.00);
insert into SHOT values (582, 530, 529, 19, 1.893, 293.20, -40.14, 1.893, 293.20, -40.14, 0.000, 0.00, 0.00);
insert into SHOT values (583, 531, 149, 19, 1.830, 24.95, -29.81, 1.830, 24.95, -29.81, 0.000, 0.00, 0.00);
insert into SHOT values (584, 532, 147, 19, 2.402, 311.93, -7.90, 2.402, 311.93, -7.90, 0.000, 180.00, 0.00);
insert into SHOT values (585, 533, 145, 19, 1.984, 282.91, -6.95, 1.984, 282.91, -6.95, 0.000, 356.73, 0.00);
insert into SHOT values (586, 534, 145, 19, 6.084, 216.98, 29.98, 6.084, 216.98, 29.98, 0.000, 357.61, 0.00);
insert into SHOT values (587, 535, 534, 19, 2.597, 239.71, 32.09, 2.597, 239.71, 32.09, 0.000, 176.73, 0.00);
insert into SHOT values (588, 536, 144, 19, 3.636, 54.90, -15.96, 3.636, 54.90, -15.96, 0.000, 0.00, 0.00);
insert into SHOT values (589, 537, 141, 19, 7.804, 253.00, 23.00, 7.804, 253.00, 23.00, 0.000, 6.34, 0.00);
insert into SHOT values (590, 538, 42, 19, 1.075, 147.94, 2.13, 1.075, 147.94, 2.13, 0.000, 180.00, 0.00);
insert into SHOT values (591, 539, 538, 19, 2.178, 101.90, -16.81, 2.178, 101.90, -16.81, 0.000, 0.00, 0.00);
insert into SHOT values (592, 540, 42, 19, 2.462, 173.07, 28.90, 2.462, 173.07, 28.90, 0.000, 180.00, 0.00);
insert into SHOT values (593, 541, 540, 19, 4.416, 257.99, 33.07, 4.416, 257.99, 33.07, 0.000, 0.00, 0.00);
insert into SHOT values (594, 542, 175, 19, 2.299, 166.03, 28.01, 2.299, 166.03, 28.01, 0.000, 161.57, 0.00);
insert into SHOT values (595, 543, 542, 19, 0.742, 273.87, 2.32, 0.742, 273.87, 2.32, 0.000, 0.00, 0.00);
insert into SHOT values (596, 544, 543, 19, 1.952, 263.97, 21.96, 1.952, 263.97, 21.96, 0.000, 182.60, 0.00);
insert into SHOT values (597, 545, 155, 19, 1.785, 153.87, 7.08, 1.785, 153.87, 7.08, 0.000, 172.87, 0.00);
insert into SHOT values (598, 546, 545, 19, 2.140, 184.04, 21.95, 2.140, 184.04, 21.95, 0.000, 0.00, 0.00);
insert into SHOT values (599, 547, 545, 19, 0.776, 38.20, 0.00, 0.776, 38.20, 0.00, 0.000, 356.42, 0.00);
insert into SHOT values (600, 548, 547, 19, 2.514, 76.99, -30.07, 2.514, 76.99, -30.07, 0.000, 165.96, 0.00);
insert into SHOT values (601, 549, 548, 19, 4.061, 76.95, -33.99, 4.061, 76.95, -33.99, 0.000, 0.00, 0.00);
insert into SHOT values (602, 550, 124, 19, 2.803, 117.86, 10.07, 2.803, 117.86, 10.07, 0.000, 0.00, 0.00);
insert into SHOT values (603, 551, 550, 19, 1.453, 119.29, 13.94, 1.453, 119.29, 13.94, 0.000, 182.34, 0.00);
insert into SHOT values (604, 552, 138, 19, 0.790, 0.00, 90.00, 0.790, 90.00, 90.00, 0.000, 90.00, 0.00);
insert into SHOT values (605, 553, 552, 19, 1.496, 83.27, 14.31, 1.496, 83.27, 14.31, 0.000, 135.00, 0.00);
insert into SHOT values (606, 554, 553, 19, 3.208, 68.06, -17.98, 3.208, 68.06, -17.98, 0.000, 182.12, 0.00);
insert into SHOT values (607, 555, 554, 19, 1.360, 0.00, -90.00, 1.360, 90.00, -90.00, 0.000, 90.00, 0.00);
insert into SHOT values (608, 556, 555, 19, 2.471, 85.93, -24.12, 2.471, 85.93, -24.12, 0.000, 0.00, 0.00);
insert into SHOT values (609, 557, 556, 19, 1.502, 55.92, -34.93, 1.502, 55.92, -34.93, 0.000, 180.00, 0.00);
insert into SHOT values (610, 558, 552, 19, 2.119, 36.93, 13.09, 2.119, 36.93, 13.09, 0.000, 180.00, 0.00);
insert into SHOT values (611, 559, 11, 19, 2.156, 65.96, 8.00, 2.156, 65.96, 8.00, 0.000, 0.00, 0.00);
insert into SHOT values (612, 560, 559, 19, 2.197, 352.71, 55.00, 2.197, 352.71, 55.00, 0.000, 180.00, 0.00);
insert into SHOT values (613, 561, 560, 19, 3.648, 86.97, -21.04, 3.648, 86.97, -21.04, 0.000, 180.00, 0.00);
insert into SHOT values (614, 562, 561, 19, 3.398, 85.03, -18.00, 3.398, 85.03, -18.00, 0.000, 0.00, 0.00);
insert into SHOT values (615, 563, 562, 19, 1.899, 87.16, -41.97, 1.899, 87.16, -41.97, 0.000, 0.00, 0.00);
insert into SHOT values (616, 564, 120, 19, 1.782, 8.08, 4.18, 1.782, 8.08, 4.18, 0.000, 180.00, 0.00);
insert into SHOT values (617, 565, 564, 19, 1.705, 304.02, 31.87, 1.705, 304.02, 31.87, 0.000, 0.00, 0.00);
insert into SHOT values (618, 566, 565, 19, 2.860, 287.99, 5.01, 2.860, 287.99, 5.01, 0.000, 180.00, 0.00);
insert into SHOT values (619, 567, 566, 19, 1.239, 282.13, -27.92, 1.239, 282.13, -27.92, 0.000, 0.00, 0.00);
insert into SHOT values (620, 568, 567, 19, 0.717, 302.99, 18.70, 0.717, 302.99, 18.70, 0.000, 0.00, 0.00);
insert into SHOT values (621, 569, 568, 19, 2.825, 270.00, 17.09, 2.825, 270.00, 17.09, 0.000, 180.00, 0.00);
insert into SHOT values (622, 570, 569, 19, 2.368, 239.86, 62.99, 2.368, 239.86, 62.99, 0.000, 0.00, 0.00);
insert into SHOT values (623, 571, 570, 19, 1.658, 214.19, 17.19, 1.658, 214.19, 17.19, 0.000, 180.00, 0.00);
insert into SHOT values (624, 572, 571, 19, 1.555, 130.12, 24.71, 1.555, 130.12, 24.71, 0.000, 0.00, 0.00);
insert into SHOT values (625, 573, 572, 19, 1.719, 181.15, 29.24, 1.719, 181.15, 29.24, 0.000, 178.65, 0.00);
insert into SHOT values (626, 574, 573, 19, 1.770, 156.11, 22.95, 1.770, 156.11, 22.95, 0.000, 355.24, 0.00);
insert into SHOT values (627, 575, 574, 19, 1.482, 21.19, 20.96, 1.482, 21.19, 20.96, 0.000, 0.00, 0.00);
insert into SHOT values (628, 576, 575, 19, 2.329, 187.02, 24.08, 2.329, 187.02, 24.08, 0.000, 182.60, 0.00);
insert into SHOT values (629, 577, 573, 19, 2.263, 286.11, -34.13, 2.263, 286.11, -34.13, 0.000, 355.52, 0.00);
insert into SHOT values (630, 578, 573, 19, 1.569, 288.19, -20.12, 1.569, 288.19, -20.12, 0.000, 345.96, 0.00);
insert into SHOT values (631, 579, 578, 19, 2.322, 332.00, -0.99, 2.322, 332.00, -0.99, 0.000, 90.00, 0.00);
insert into SHOT values (632, 580, 571, 19, 0.850, 206.57, 26.56, 0.850, 206.57, 26.56, 0.000, 0.00, 0.00);
insert into SHOT values (633, 581, 570, 19, 2.541, 271.13, 1.13, 2.541, 271.13, 1.13, 0.000, 180.00, 0.00);
insert into SHOT values (634, 582, 567, 19, 5.857, 56.01, -35.97, 5.857, 56.01, -35.97, 0.000, 180.00, 0.00);
insert into SHOT values (635, 583, 567, 19, 4.638, 38.96, -13.97, 4.638, 38.96, -13.97, 0.000, 174.29, 0.00);
insert into SHOT values (636, 584, 583, 19, 0.500, 302.74, 2.29, 0.500, 302.74, 2.29, 0.000, 189.46, 0.00);
insert into SHOT values (637, 585, 584, 19, 2.269, 237.94, 8.87, 2.269, 237.94, 8.87, 0.000, 5.44, 0.00);
insert into SHOT values (638, 586, 583, 19, 1.120, 30.00, 1.02, 1.120, 30.00, 1.02, 0.000, 180.00, 0.00);
insert into SHOT values (639, 587, 9, 19, 1.635, 288.91, -45.70, 1.635, 288.91, -45.70, 0.000, 326.31, 0.00);
insert into SHOT values (640, 588, 167, 19, 1.353, 188.13, -19.87, 1.353, 188.13, -19.87, 0.000, 180.00, 0.00);
insert into SHOT values (641, 589, 2, 19, 0.703, 194.83, 0.00, 0.703, 194.83, 0.00, 0.000, 180.00, 0.00);
insert into SHOT values (642, 590, 159, 19, 0.957, 32.20, 1.20, 0.957, 32.20, 1.20, 0.000, 0.00, 0.00);
insert into SHOT values (643, 591, 590, 19, 4.031, 31.88, -11.01, 4.031, 31.88, -11.01, 0.000, 0.00, 0.00);
insert into SHOT values (644, 592, 590, 19, 2.780, 31.78, -8.06, 2.780, 31.78, -8.06, 0.000, 180.00, 0.00);
insert into SHOT values (645, 593, 592, 19, 1.433, 322.09, -2.00, 1.433, 322.09, -2.00, 0.000, 0.00, 0.00);
insert into SHOT values (646, 594, 592, 19, 3.694, 76.11, -38.91, 3.694, 76.11, -38.91, 0.000, 180.00, 0.00);
insert into SHOT values (647, 595, 2, 19, 4.361, 92.11, -20.96, 4.361, 92.11, -20.96, 0.000, 180.00, 0.00);
insert into SHOT values (648, 596, 162, 19, 1.788, 123.89, 28.03, 1.788, 123.89, 28.03, 0.000, 356.05, 0.00);
insert into SHOT values (649, 597, 596, 19, 2.810, 0.00, 90.00, 2.810, 90.00, 90.00, 0.000, 90.00, 0.00);
insert into SHOT values (650, 598, 163, 19, 6.664, 165.96, 57.01, 6.664, 165.96, 57.01, 0.000, 349.70, 0.00);
insert into SHOT values (651, 599, 165, 19, 1.050, 355.05, -6.02, 1.050, 355.05, -6.02, 0.000, 177.40, 0.00);
insert into SHOT values (652, 600, 599, 19, 2.444, 80.97, -36.10, 2.444, 80.97, -36.10, 0.000, 345.96, 0.00);
insert into SHOT values (653, 601, 173, 19, 5.625, 42.98, -5.00, 5.625, 42.98, -5.00, 0.000, 243.43, 0.00);
insert into SHOT values (654, 602, 173, 19, 2.649, 43.00, -4.98, 2.649, 43.00, -4.98, 0.000, 349.70, 0.00);
insert into SHOT values (655, 603, 602, 19, 1.340, 0.00, -90.00, 1.340, 90.00, -90.00, 0.000, 90.00, 0.00);
insert into SHOT values (656, 604, 603, 19, 3.081, 20.43, -45.04, 3.081, 20.43, -45.04, 0.000, 180.00, 0.00);
insert into SHOT values (657, 605, 602, 19, 3.712, 299.02, -21.99, 3.712, 299.02, -21.99, 0.000, 180.00, 0.00);
insert into SHOT values (658, 606, 602, 19, 2.984, 343.02, -2.88, 2.984, 343.02, -2.88, 0.000, 0.00, 0.00);
insert into SHOT values (659, 607, 182, 19, 2.893, 191.01, 25.16, 2.893, 191.01, 25.16, 0.000, 354.81, 0.00);
insert into SHOT values (660, 608, 607, 19, 1.130, 197.14, 7.63, 1.130, 197.14, 7.63, 0.000, 0.00, 0.00);
insert into SHOT values (661, 609, 607, 19, 3.216, 193.97, 49.90, 3.216, 193.97, 49.90, 0.000, 180.00, 0.00);
insert into SHOT values (662, 610, 607, 19, 3.462, 273.89, 39.89, 3.462, 273.89, 39.89, 0.000, 180.00, 0.00);
insert into SHOT values (663, 611, 182, 19, 6.527, 243.92, 36.04, 6.527, 243.92, 36.04, 0.000, 0.00, 0.00);
insert into SHOT values (664, 612, 34, 19, 11.990, 73.01, -32.04, 11.990, 73.01, -32.04, 0.000, 0.00, 0.00);
insert into SHOT values (665, 613, 612, 19, 0.895, 190.30, -2.56, 0.895, 190.30, -2.56, 0.000, 180.00, 0.00);
insert into SHOT values (666, 614, 613, 19, 1.668, 103.06, -31.85, 1.668, 103.06, -31.85, 0.000, 0.00, 0.00);
insert into SHOT values (667, 615, 614, 19, 1.602, 58.97, -21.22, 1.602, 58.97, -21.22, 0.000, 183.58, 0.00);
insert into SHOT values (668, 616, 615, 19, 2.563, 131.02, -40.96, 2.563, 131.02, -40.96, 0.000, 174.56, 0.00);
insert into SHOT values (669, 617, 615, 19, 1.887, 55.01, -25.09, 1.887, 55.01, -25.09, 0.000, 11.31, 0.00);
insert into SHOT values (670, 618, 617, 19, 1.033, 146.93, -6.67, 1.033, 146.93, -6.67, 0.000, 0.00, 0.00);
insert into SHOT values (671, 619, 618, 19, 1.001, 53.97, -35.40, 1.001, 53.97, -35.40, 0.000, 182.73, 0.00);
insert into SHOT values (672, 620, 189, 19, 5.776, 105.99, -13.01, 5.776, 105.99, -13.01, 0.000, 0.00, 0.00);
insert into SHOT values (673, 621, 620, 19, 1.616, 52.06, -22.18, 1.616, 52.06, -22.18, 0.000, 0.00, 0.00);
insert into SHOT values (674, 622, 621, 19, 3.868, 175.04, 51.10, 3.868, 175.04, 51.10, 0.000, 180.00, 0.00);
insert into SHOT values (675, 623, 1, 19, 5.395, 177.00, 53.03, 5.395, 177.00, 53.03, 0.000, 5.44, 0.00);
insert into SHOT values (676, 624, 623, 19, 1.288, 186.48, 69.90, 1.288, 186.48, 69.90, 0.000, 7.13, 0.00);
insert into SHOT values (677, 625, 624, 19, 1.459, 259.05, 30.03, 1.459, 259.05, 30.03, 0.000, 184.24, 0.00);
insert into SHOT values (678, 626, 625, 19, 2.275, 159.99, 45.05, 2.275, 159.99, 45.05, 0.000, 180.00, 0.00);
insert into SHOT values (679, 627, 626, 19, 3.285, 265.91, 19.94, 3.285, 265.91, 19.94, 0.000, 180.00, 0.00);
insert into SHOT values (680, 628, 627, 19, 1.761, 207.85, 47.10, 1.761, 207.85, 47.10, 0.000, 0.00, 0.00);
insert into SHOT values (681, 629, 626, 19, 3.342, 100.01, -11.04, 3.342, 100.01, -11.04, 0.000, 0.00, 0.00);
insert into SHOT values (682, 630, 626, 19, 1.513, 174.42, 27.98, 1.513, 174.42, 27.98, 0.000, 0.00, 0.00);
insert into SHOT values (683, 631, 630, 19, 0.904, 101.02, 29.84, 0.904, 101.02, 29.84, 0.000, 0.00, 0.00);
insert into SHOT values (684, 632, 631, 19, 2.439, 90.00, -20.14, 2.439, 90.00, -20.14, 0.000, 180.00, 0.00);
insert into SHOT values (685, 633, 631, 19, 4.085, 119.83, 52.03, 4.085, 119.83, 52.03, 0.000, 0.00, 0.00);
insert into SHOT values (686, 634, 633, 19, 1.166, 353.72, 30.39, 1.166, 353.72, 30.39, 0.000, 180.00, 0.00);
insert into SHOT values (687, 635, 633, 19, 1.703, 83.19, -19.91, 1.703, 83.19, -19.91, 0.000, 180.00, 0.00);
insert into SHOT values (688, 636, 630, 19, 1.970, 118.91, -4.08, 1.970, 118.91, -4.08, 0.000, 180.00, 0.00);
insert into SHOT values (689, 637, 636, 19, 5.056, 92.00, -15.02, 5.056, 92.00, -15.02, 0.000, 0.00, 0.00);
insert into SHOT values (690, 638, 637, 19, 1.128, 15.03, -7.64, 1.128, 15.03, -7.64, 0.000, 180.00, 0.00);
insert into SHOT values (691, 639, 638, 19, 2.088, 340.96, 43.99, 2.088, 340.96, 43.99, 0.000, 180.00, 0.00);
insert into SHOT values (692, 640, 636, 19, 7.449, 91.99, -15.02, 7.449, 91.99, -15.02, 0.000, 180.00, 0.00);
insert into SHOT values (693, 641, 640, 19, 3.489, 195.05, 45.06, 3.489, 195.05, 45.06, 0.000, 0.00, 0.00);
insert into SHOT values (694, 642, 202, 19, 10.711, 76.03, -32.98, 10.711, 76.03, -32.98, 0.000, 190.30, 0.00);
insert into SHOT values (695, 643, 24, 19, 4.790, 110.95, 6.96, 4.790, 110.95, 6.96, 0.000, 180.00, 0.00);
insert into SHOT values (696, 644, 29, 19, 1.676, 41.35, -6.51, 1.676, 41.35, -6.51, 0.000, 180.00, 0.00);
insert into SHOT values (697, 645, 644, 19, 2.193, 88.95, -2.87, 2.193, 88.95, -2.87, 0.000, 180.00, 0.00);
insert into SHOT values (698, 646, 645, 19, 3.982, 78.95, -14.10, 3.982, 78.95, -14.10, 0.000, 15.95, 0.00);
insert into SHOT values (699, 647, 193, 19, 1.505, 187.70, 7.25, 1.505, 187.70, 7.25, 0.000, 0.00, 0.00);
insert into SHOT values (700, 648, 647, 19, 2.737, 273.62, 29.80, 2.737, 273.62, 29.80, 0.000, 135.00, 0.00);
insert into SHOT values (701, 649, 11, 19, 3.923, 11.05, -4.09, 3.923, 11.05, -4.09, 0.000, 180.00, 0.00);
insert into SHOT values (702, 650, 649, 19, 4.622, 81.96, -34.98, 4.622, 81.96, -34.98, 0.000, 0.00, 0.00);
insert into SHOT values (703, 651, 649, 19, 2.992, 349.96, -39.91, 2.992, 349.96, -39.91, 0.000, 353.29, 0.00);
insert into SHOT values (704, 652, 204, 19, 3.764, 288.43, -0.91, 3.764, 288.43, -0.91, 0.000, 0.00, 0.00);
insert into SHOT values (705, 653, 20, 19, 3.553, 251.90, 22.51, 3.553, 251.90, 22.51, 0.000, 0.00, 0.00);
insert into SHOT values (706, 654, 207, 19, 2.559, 267.02, 11.95, 2.559, 267.02, 11.95, 0.000, 0.00, 0.00);
insert into SHOT values (707, 655, 212, 19, 2.925, 312.12, -29.94, 2.925, 312.12, -29.94, 0.000, 354.56, 0.00);
insert into SHOT values (708, 656, 655, 19, 3.095, 132.11, -25.04, 3.095, 132.11, -25.04, 0.000, 2.54, 0.00);
insert into SHOT values (709, 657, 656, 19, 2.309, 82.16, -31.03, 2.309, 82.16, -31.03, 0.000, 180.00, 0.00);
insert into SHOT values (710, 658, 657, 19, 1.598, 13.78, 3.23, 1.598, 13.78, 3.23, 0.000, 153.43, 0.00);
insert into SHOT values (711, 659, 658, 19, 1.866, 113.08, -10.18, 1.866, 113.08, -10.18, 0.000, 0.00, 0.00);
insert into SHOT values (712, 660, 659, 19, 4.945, 22.98, -32.96, 4.945, 22.98, -32.96, 0.000, 243.43, 0.00);
insert into SHOT values (713, 661, 657, 19, 2.726, 74.77, -35.93, 2.726, 74.77, -35.93, 0.000, 135.00, 0.00);
insert into SHOT values (714, 662, 656, 19, 2.703, 312.11, -28.03, 2.703, 312.11, -28.03, 0.000, 185.19, 0.00);
insert into SHOT values (715, 663, 655, 19, 3.669, 268.99, -51.97, 3.669, 268.99, -51.97, 0.000, 0.00, 0.00);
insert into SHOT values (716, 664, 663, 19, 2.928, 205.86, 6.08, 2.928, 205.86, 6.08, 0.000, 5.86, 0.00);
insert into SHOT values (717, 665, 663, 19, 2.328, 4.19, 2.22, 2.328, 4.19, 2.22, 0.000, 171.25, 0.00);
insert into SHOT values (718, 666, 212, 19, 4.543, 270.00, -40.00, 4.543, 270.00, -40.00, 0.000, 0.00, 0.00);
insert into SHOT values (719, 667, 666, 19, 4.988, 26.00, -7.02, 4.988, 26.00, -7.02, 0.000, 180.00, 0.00);
insert into SHOT values (720, 668, 666, 19, 7.802, 31.96, -45.98, 7.802, 31.96, -45.98, 0.000, 180.00, 0.00);
insert into SHOT values (721, 669, 211, 19, 2.833, 148.07, 54.97, 2.833, 148.07, 54.97, 0.000, 180.00, 0.00);
insert into SHOT values (722, 670, 210, 19, 3.964, 336.07, -27.98, 3.964, 336.07, -27.98, 0.000, 0.00, 0.00);
insert into SHOT values (723, 671, 23, 19, 2.746, 63.43, -21.81, 2.746, 63.43, -21.81, 0.000, 5.44, 0.00);
insert into SHOT values (724, 672, 671, 19, 1.897, 320.98, 38.08, 1.897, 320.98, 38.08, 0.000, 0.00, 0.00);
insert into SHOT values (725, 673, 672, 19, 8.360, 81.01, -40.06, 8.360, 81.01, -40.06, 0.000, 180.00, 0.00);
insert into SHOT values (726, 674, 673, 19, 2.868, 91.04, -39.90, 2.868, 91.04, -39.90, 0.000, 333.43, 0.00);
insert into SHOT values (727, 675, 673, 19, 2.825, 192.01, 14.13, 2.825, 192.01, 14.13, 0.000, 0.00, 0.00);
insert into SHOT values (728, 676, 220, 19, 2.202, 66.84, -34.91, 2.202, 66.84, -34.91, 0.000, 2.54, 0.00);
insert into SHOT values (729, 677, 217, 19, 3.403, 105.51, -19.04, 3.403, 105.51, -19.04, 0.000, 174.29, 0.00);
insert into SHOT values (730, 678, 219, 19, 1.553, 129.86, -23.93, 1.553, 129.86, -23.93, 0.000, 180.00, 0.00);
insert into SHOT values (731, 679, 219, 19, 2.192, 242.01, 11.04, 2.192, 242.01, 11.04, 0.000, 180.00, 0.00);
insert into SHOT values (732, 680, 18, 19, 2.791, 85.07, -1.44, 2.791, 85.07, -1.44, 0.000, 174.81, 0.00);
insert into SHOT values (733, 681, 18, 19, 2.245, 74.98, 18.98, 2.245, 74.98, 18.98, 0.000, 178.12, 0.00);
insert into SHOT values (734, 682, 681, 19, 1.595, 296.57, 57.81, 1.595, 296.57, 57.81, 0.000, 2.94, 0.00);
insert into SHOT values (735, 683, 682, 19, 3.132, 354.09, 33.09, 3.132, 354.09, 33.09, 0.000, 182.25, 0.00);
insert into SHOT values (736, 684, 682, 19, 1.803, 1.25, 40.04, 1.803, 1.25, 40.04, 0.000, 188.75, 0.00);
insert into SHOT values (737, 685, 17, 19, 2.450, 117.02, 46.94, 2.450, 117.02, 46.94, 0.000, 0.00, 0.00);
insert into SHOT values (738, 686, 16, 19, 5.203, 184.08, 0.00, 5.203, 184.08, 0.00, 0.000, 351.25, 0.00);
insert into SHOT values (739, 687, 237, 19, 1.875, 270.94, 13.89, 1.875, 270.94, 13.89, 0.000, 0.00, 0.00);
insert into SHOT values (740, 688, 238, 19, 1.072, 260.82, 20.75, 1.072, 260.82, 20.75, 0.000, 0.00, 0.00);
insert into SHOT values (741, 689, 688, 19, 2.700, 291.19, 45.01, 2.700, 291.19, 45.01, 0.000, 5.44, 0.00);
insert into SHOT values (742, 690, 689, 19, 1.573, 221.87, 25.21, 1.573, 221.87, 25.21, 0.000, 184.24, 0.00);
insert into SHOT values (743, 691, 690, 19, 0.674, 189.69, 51.88, 0.674, 189.69, 51.88, 0.000, 0.00, 0.00);
insert into SHOT values (744, 692, 691, 19, 1.248, 259.99, 14.39, 1.248, 259.99, 14.39, 0.000, 180.00, 0.00);
insert into SHOT values (745, 693, 691, 19, 1.380, 80.12, -13.84, 1.380, 80.12, -13.84, 0.000, 180.00, 0.00);
insert into SHOT values (746, 694, 238, 19, 1.598, 16.65, -40.14, 1.598, 16.65, -40.14, 0.000, 0.00, 0.00);
insert into SHOT values (747, 695, 255, 19, 3.638, 267.23, 70.05, 3.638, 267.23, 70.05, 0.000, 0.00, 0.00);
insert into SHOT values (748, 696, 695, 19, 1.083, 287.76, 2.65, 1.083, 287.76, 2.65, 0.000, 344.05, 0.00);
insert into SHOT values (749, 697, 696, 19, 0.911, 266.82, 8.21, 0.911, 266.82, 8.21, 0.000, 176.53, 0.00);
insert into SHOT values (750, 698, 697, 19, 0.860, 202.93, 10.04, 0.860, 202.93, 10.04, 0.000, 180.00, 0.00);
insert into SHOT values (751, 699, 698, 19, 1.928, 266.92, 29.86, 1.928, 266.92, 29.86, 0.000, 5.44, 0.00);
insert into SHOT values (752, 700, 696, 19, 2.009, 197.80, -64.95, 2.009, 197.80, -64.95, 0.000, 171.87, 0.00);
insert into SHOT values (753, 701, 695, 19, 2.351, 112.07, -5.12, 2.351, 112.07, -5.12, 0.000, 180.00, 0.00);
insert into SHOT values (754, 702, 695, 19, 2.077, 94.16, -6.08, 2.077, 94.16, -6.08, 0.000, 180.00, 0.00);
insert into SHOT values (755, 703, 695, 19, 2.239, 194.93, 13.95, 2.239, 194.93, 13.95, 0.000, 180.00, 0.00);
insert into SHOT values (756, 704, 251, 19, 2.004, 290.71, -28.95, 2.004, 290.71, -28.95, 0.000, 161.57, 0.00);
insert into SHOT values (757, 705, 704, 19, 1.899, 266.88, 39.18, 1.899, 266.88, 39.18, 0.000, 344.05, 0.00);
insert into SHOT values (758, 706, 705, 19, 1.911, 7.05, -20.20, 1.911, 7.05, -20.20, 0.000, 180.00, 0.00);
insert into SHOT values (759, 707, 705, 19, 2.215, 202.04, -3.11, 2.215, 202.04, -3.11, 0.000, 180.00, 0.00);
insert into SHOT values (760, 708, 707, 19, 3.363, 108.00, 10.97, 3.363, 108.00, 10.97, 0.000, 0.00, 0.00);
insert into SHOT values (761, 709, 707, 19, 3.298, 263.04, 39.11, 3.298, 263.04, 39.11, 0.000, 0.00, 0.00);
insert into SHOT values (762, 710, 705, 19, 3.770, 50.07, -40.14, 3.770, 50.07, -40.14, 0.000, 161.57, 0.00);
insert into SHOT values (763, 711, 705, 19, 4.480, 62.10, -53.05, 4.480, 62.10, -53.05, 0.000, 0.00, 0.00);
insert into SHOT values (764, 712, 711, 19, 3.613, 89.48, -24.01, 3.613, 89.48, -24.01, 0.000, 180.00, 0.00);
insert into SHOT values (765, 713, 711, 19, 4.343, 349.93, -59.97, 4.343, 349.93, -59.97, 0.000, 180.00, 0.00);
insert into SHOT values (766, 714, 705, 19, 2.342, 233.91, 20.75, 2.342, 233.91, 20.75, 0.000, 182.60, 0.00);
insert into SHOT values (767, 715, 714, 19, 2.420, 212.06, 22.09, 2.420, 212.06, 22.09, 0.000, 4.57, 0.00);
insert into SHOT values (768, 716, 715, 19, 2.022, 93.96, -59.95, 2.022, 93.96, -59.95, 0.000, 180.00, 0.00);
insert into SHOT values (769, 717, 716, 19, 0.699, 128.48, -44.52, 0.699, 128.48, -44.52, 0.000, 0.00, 0.00);
insert into SHOT values (770, 718, 717, 19, 2.278, 268.96, 13.97, 2.278, 268.96, 13.97, 0.000, 180.00, 0.00);
insert into SHOT values (771, 719, 718, 19, 2.969, 285.07, -4.06, 2.969, 285.07, -4.06, 0.000, 0.00, 0.00);
insert into SHOT values (772, 720, 719, 19, 3.813, 288.05, -3.01, 3.813, 288.05, -3.01, 0.000, 180.00, 0.00);
insert into SHOT values (773, 721, 720, 19, 3.364, 281.88, 4.94, 3.364, 281.88, 4.94, 0.000, 0.00, 0.00);
insert into SHOT values (774, 722, 720, 19, 4.051, 281.87, 4.96, 4.051, 281.87, 4.96, 0.000, 351.25, 0.00);
insert into SHOT values (775, 723, 722, 19, 2.589, 187.06, 31.95, 2.589, 187.06, 31.95, 0.000, 175.60, 0.00);
insert into SHOT values (776, 724, 723, 19, 1.985, 173.99, 73.21, 1.985, 173.99, 73.21, 0.000, 0.00, 0.00);
insert into SHOT values (777, 725, 724, 19, 1.630, 174.47, 78.98, 1.630, 174.47, 78.98, 0.000, 183.37, 0.00);
insert into SHOT values (778, 726, 725, 19, 2.195, 173.04, 12.10, 2.195, 173.04, 12.10, 0.000, 3.58, 0.00);
insert into SHOT values (779, 727, 726, 19, 0.850, 98.80, 0.00, 0.850, 98.80, 0.00, 0.000, 90.00, 0.00);
insert into SHOT values (780, 728, 724, 19, 2.287, 65.08, -34.95, 2.287, 65.08, -34.95, 0.000, 180.00, 0.00);
insert into SHOT values (781, 729, 723, 19, 1.820, 174.01, 0.00, 1.820, 174.01, 0.00, 0.000, 2.20, 0.00);
insert into SHOT values (782, 730, 722, 19, 3.307, 277.02, -8.00, 3.307, 277.02, -8.00, 0.000, 3.18, 0.00);
insert into SHOT values (783, 731, 722, 19, 1.481, 276.98, 0.00, 1.481, 276.98, 0.00, 0.000, 3.58, 0.00);
insert into SHOT values (784, 732, 722, 19, 3.570, 313.05, -40.96, 3.570, 313.05, -40.96, 0.000, 21.80, 0.00);
insert into SHOT values (785, 733, 732, 19, 3.924, 353.89, -33.05, 3.924, 353.89, -33.05, 0.000, 0.00, 0.00);
insert into SHOT values (786, 734, 732, 19, 2.884, 353.97, 7.97, 2.884, 353.97, 7.97, 0.000, 0.00, 0.00);
insert into SHOT values (787, 735, 734, 19, 1.751, 353.97, -45.07, 1.751, 353.97, -45.07, 0.000, 180.00, 0.00);
insert into SHOT values (788, 736, 732, 19, 1.250, 263.92, 11.07, 1.250, 263.92, 11.07, 0.000, 180.00, 0.00);
insert into SHOT values (789, 737, 736, 19, 0.893, 26.86, 14.92, 0.893, 26.86, 14.92, 0.000, 180.00, 0.00);
insert into SHOT values (790, 738, 737, 19, 3.565, 286.46, -11.49, 3.565, 286.46, -11.49, 0.000, 0.00, 0.00);
insert into SHOT values (791, 739, 738, 19, 2.853, 197.95, 22.90, 2.853, 197.95, 22.90, 0.000, 0.00, 0.00);
insert into SHOT values (792, 740, 739, 19, 3.634, 290.13, 2.05, 3.634, 290.13, 2.05, 0.000, 0.00, 0.00);
insert into SHOT values (793, 741, 739, 19, 1.046, 161.57, -24.88, 1.046, 161.57, -24.88, 0.000, 180.00, 0.00);
insert into SHOT values (794, 742, 741, 19, 1.480, 0.00, -90.00, 1.480, 90.00, -90.00, 0.000, 90.00, 0.00);
insert into SHOT values (795, 743, 742, 19, 2.548, 292.00, -33.06, 2.548, 292.00, -33.06, 0.000, 63.43, 0.00);
insert into SHOT values (796, 744, 742, 19, 2.304, 190.24, -42.94, 2.304, 190.24, -42.94, 0.000, 0.00, 0.00);
insert into SHOT values (797, 745, 744, 19, 3.386, 327.15, -52.04, 3.386, 327.15, -52.04, 0.000, 0.00, 0.00);
insert into SHOT values (798, 746, 745, 19, 2.550, 204.04, -23.83, 2.550, 204.04, -23.83, 0.000, 0.00, 0.00);
insert into SHOT values (799, 747, 746, 19, 1.780, 176.95, -18.00, 1.780, 176.95, -18.00, 0.000, 178.57, 0.00);
insert into SHOT values (800, 748, 745, 19, 2.831, 343.96, -53.98, 2.831, 343.96, -53.98, 0.000, 0.00, 0.00);
insert into SHOT values (801, 749, 748, 19, 3.135, 344.17, -49.96, 3.135, 344.17, -49.96, 0.000, 5.71, 0.00);
insert into SHOT values (802, 750, 749, 19, 1.065, 317.12, -26.20, 1.065, 317.12, -26.20, 0.000, 183.09, 0.00);
insert into SHOT values (803, 751, 750, 19, 4.209, 262.99, 31.03, 4.209, 262.99, 31.03, 0.000, 0.00, 0.00);
insert into SHOT values (804, 752, 751, 19, 3.802, 224.87, 32.99, 3.802, 224.87, 32.99, 0.000, 180.00, 0.00);
insert into SHOT values (805, 753, 752, 19, 4.926, 246.02, 41.90, 4.926, 246.02, 41.90, 0.000, 0.00, 0.00);
insert into SHOT values (806, 754, 751, 19, 4.129, 270.93, 41.95, 4.129, 270.93, 41.95, 0.000, 3.69, 0.00);
insert into SHOT values (807, 755, 754, 19, 4.601, 265.97, 42.02, 4.601, 265.97, 42.02, 0.000, 184.09, 0.00);
insert into SHOT values (808, 756, 288, 19, 1.695, 358.86, -27.01, 1.695, 358.86, -27.01, 0.000, 135.00, 0.00);
insert into SHOT values (809, 757, 286, 19, 2.395, 289.88, -5.99, 2.395, 289.88, -5.99, 0.000, 180.00, 0.00);
insert into SHOT values (810, 758, 757, 19, 3.610, 334.96, -27.92, 3.610, 334.96, -27.92, 0.000, 0.00, 0.00);
insert into SHOT values (811, 759, 758, 19, 2.041, 316.64, -75.96, 2.041, 316.64, -75.96, 0.000, 180.00, 0.00);
insert into SHOT values (812, 760, 759, 19, 2.432, 13.96, -39.91, 2.432, 13.96, -39.91, 0.000, 0.00, 0.00);
insert into SHOT values (813, 761, 759, 19, 2.730, 12.05, 0.00, 2.730, 12.05, 0.00, 0.000, 0.00, 0.00);
insert into SHOT values (814, 762, 758, 19, 1.899, 214.03, 41.97, 1.899, 214.03, 41.97, 0.000, 180.00, 0.00);
insert into SHOT values (815, 763, 762, 19, 1.532, 327.53, 70.09, 1.532, 327.53, 70.09, 0.000, 180.00, 0.00);
insert into SHOT values (816, 764, 763, 19, 1.747, 270.66, 7.90, 1.747, 270.66, 7.90, 0.000, 0.00, 0.00);
insert into SHOT values (817, 765, 764, 19, 2.169, 278.13, 70.97, 2.169, 278.13, 70.97, 0.000, 180.00, 0.00);
insert into SHOT values (818, 766, 765, 19, 2.313, 130.79, 1.98, 2.313, 130.79, 1.98, 0.000, 0.00, 0.00);
insert into SHOT values (819, 767, 766, 19, 2.376, 41.86, 12.15, 2.376, 41.86, 12.15, 0.000, 0.00, 0.00);
insert into SHOT values (820, 768, 284, 19, 3.688, 6.94, -22.99, 3.688, 6.94, -22.99, 0.000, 180.00, 0.00);
insert into SHOT values (821, 769, 280, 19, 2.923, 1.92, 22.96, 2.923, 1.92, 22.96, 0.000, 0.00, 0.00);
insert into SHOT values (822, 770, 279, 19, 3.911, 219.98, -18.02, 3.911, 219.98, -18.02, 0.000, 180.00, 0.00);
insert into SHOT values (823, 771, 263, 19, 5.134, 28.07, -51.01, 5.134, 28.07, -51.01, 0.000, 63.43, 0.00);
insert into SHOT values (824, 772, 277, 19, 4.039, 67.96, 4.97, 4.039, 67.96, 4.97, 0.000, 0.00, 0.00);
insert into SHOT values (825, 773, 772, 19, 2.823, 155.74, -10.61, 2.823, 155.74, -10.61, 0.000, 180.00, 0.00);
insert into SHOT values (826, 773, 278, 19, 3.806, 77.81, -13.99, 3.806, 77.81, -13.99, 0.000, 185.19, 0.00);
insert into SHOT values (827, 774, 270, 19, 3.138, 194.99, 37.96, 3.138, 194.99, 37.96, 0.000, 180.00, 0.00);
insert into SHOT values (828, 775, 270, 19, 1.300, 55.93, 12.89, 1.300, 55.93, 12.89, 0.000, 0.00, 0.00);
insert into SHOT values (829, 776, 775, 19, 2.995, 16.85, 17.09, 2.995, 16.85, 17.09, 0.000, 175.60, 0.00);
insert into SHOT values (830, 777, 775, 19, 4.544, 100.94, 4.04, 4.544, 100.94, 4.04, 0.000, 177.40, 0.00);
insert into SHOT values (831, 778, 777, 19, 3.562, 118.76, 17.99, 3.562, 118.76, 17.99, 0.000, 353.48, 0.00);
insert into SHOT values (832, 779, 777, 19, 3.002, 69.69, -50.00, 3.002, 69.69, -50.00, 0.000, 355.24, 0.00);
insert into SHOT values (833, 780, 779, 19, 2.448, 230.44, -83.00, 2.448, 230.44, -83.00, 0.000, 338.20, 0.00);
insert into SHOT values (834, 781, 302, 19, 2.893, 239.89, 28.94, 2.893, 239.89, 28.94, 0.000, 180.00, 0.00);
insert into SHOT values (835, 782, 781, 19, 6.101, 149.96, 23.06, 6.101, 149.96, 23.06, 0.000, 2.60, 0.00);
insert into SHOT values (836, 783, 46, 19, 3.361, 358.07, 13.95, 3.361, 358.07, 13.95, 0.000, 0.00, 0.00);
insert into SHOT values (837, 784, 783, 19, 5.183, 309.97, -58.09, 5.183, 309.97, -58.09, 0.000, 176.63, 0.00);
insert into SHOT values (838, 785, 333, 19, 1.520, 39.74, 44.75, 1.520, 39.74, 44.75, 0.000, 0.00, 0.00);
insert into SHOT values (839, 786, 313, 19, 0.250, 207.90, -39.75, 0.250, 207.90, -39.75, 0.000, 182.49, 0.00);
insert into SHOT values (840, 787, 786, 19, 2.380, 0.00, 90.00, 2.380, 90.00, 90.00, 0.000, 90.00, 0.00);
insert into SHOT values (841, 788, 787, 19, 0.153, 121.61, 0.00, 0.153, 121.61, 0.00, 0.000, 180.00, 0.00);
insert into SHOT values (842, 789, 788, 19, 2.200, 0.00, 90.00, 2.200, 90.00, 90.00, 0.000, 90.00, 0.00);
insert into SHOT values (843, 790, 789, 19, 0.674, 58.45, 6.82, 0.674, 58.45, 6.82, 0.000, 3.95, 0.00);
insert into SHOT values (844, 791, 790, 19, 2.137, 84.96, 16.59, 2.137, 84.96, 16.59, 0.000, 0.00, 0.00);
insert into SHOT values (845, 792, 791, 19, 3.841, 59.30, 61.02, 3.841, 59.30, 61.02, 0.000, 0.00, 0.00);
insert into SHOT values (846, 793, 792, 19, 2.797, 214.22, 41.95, 2.797, 214.22, 41.95, 0.000, 3.81, 0.00);
insert into SHOT values (847, 794, 793, 19, 3.316, 325.05, 23.65, 3.316, 325.05, 23.65, 0.000, 180.00, 0.00);
insert into SHOT values (848, 795, 794, 19, 0.760, 0.00, 54.64, 0.760, 0.00, 54.64, 0.000, 180.00, 0.00);
insert into SHOT values (849, 796, 339, 19, 4.817, 352.06, 45.06, 4.817, 352.06, 45.06, 0.000, 0.00, 0.00);
insert into SHOT values (850, 797, 796, 19, 2.380, 33.69, 59.00, 2.380, 33.69, 59.00, 0.000, 0.00, 0.00);
insert into SHOT values (851, 798, 797, 19, 3.598, 134.09, -29.47, 3.598, 134.09, -29.47, 0.000, 180.00, 0.00);
insert into SHOT values (852, 799, 327, 19, 5.798, 235.03, 45.00, 5.798, 235.03, 45.00, 0.000, 45.00, 0.00);
insert into SHOT values (853, 800, 799, 19, 4.270, 115.04, 9.98, 4.270, 115.04, 9.98, 0.000, 351.87, 0.00);
insert into SHOT values (854, 801, 801, 19, 0.000, 0.00, 0.00, 0.000, 90.00, 0.00, 0.000, 90.00, 0.00);
insert into SHOT values (855, 801, 324, 19, 0.514, 186.71, 0.00, 0.514, 186.71, 0.00, 0.000, 0.00, 0.00);
insert into SHOT values (856, 802, 801, 19, 0.334, 141.07, 0.00, 0.334, 141.07, 0.00, 0.000, 180.00, 0.00);
insert into SHOT values (857, 803, 802, 19, 1.060, 0.00, 90.00, 1.060, 90.00, 90.00, 0.000, 90.00, 0.00);
insert into SHOT values (858, 804, 803, 19, 0.608, 154.70, 0.00, 0.608, 154.70, 0.00, 0.000, 176.91, 0.00);
insert into SHOT values (859, 805, 804, 19, 4.942, 206.02, 40.05, 4.942, 206.02, 40.05, 0.000, 350.54, 0.00);
insert into SHOT values (860, 806, 805, 19, 0.909, 338.32, 10.78, 0.909, 338.32, 10.78, 0.000, 0.00, 0.00);
insert into SHOT values (861, 807, 806, 19, 1.281, 107.86, 7.17, 1.281, 107.86, 7.17, 0.000, 180.00, 0.00);
insert into SHOT values (862, 808, 807, 19, 2.346, 94.01, -13.06, 2.346, 94.01, -13.06, 0.000, 180.00, 0.00);
insert into SHOT values (863, 809, 808, 19, 4.574, 242.01, 44.92, 4.574, 242.01, 44.92, 0.000, 168.69, 0.00);
insert into SHOT values (864, 810, 809, 19, 4.029, 180.00, 42.08, 4.029, 180.00, 42.08, 0.000, 183.01, 0.00);
insert into SHOT values (865, 811, 810, 19, 1.217, 103.92, 8.03, 1.217, 103.92, 8.03, 0.000, 0.00, 0.00);
insert into SHOT values (866, 812, 811, 19, 2.129, 12.04, 18.91, 2.129, 12.04, 18.91, 0.000, 0.00, 0.00);
insert into SHOT values (867, 813, 811, 19, 2.139, 177.84, -41.95, 2.139, 177.84, -41.95, 0.000, 0.00, 0.00);
insert into SHOT values (868, 814, 811, 19, 1.371, 12.00, 18.72, 1.371, 12.00, 18.72, 0.000, 0.00, 0.00);
insert into SHOT values (869, 815, 811, 19, 1.221, 119.98, -10.38, 1.221, 119.98, -10.38, 0.000, 180.00, 0.00);
insert into SHOT values (870, 816, 811, 19, 3.109, 298.02, -15.10, 3.109, 298.02, -15.10, 0.000, 0.00, 0.00);
insert into SHOT values (871, 817, 816, 19, 3.048, 297.96, -15.02, 3.048, 297.96, -15.02, 0.000, 180.00, 0.00);
insert into SHOT values (872, 818, 806, 19, 4.573, 287.96, 0.00, 4.573, 287.96, 0.00, 0.000, 180.00, 0.00);
insert into SHOT values (873, 819, 344, 19, 1.370, 270.00, 0.00, 1.370, 270.00, 0.00, 0.000, 175.43, 0.00);
insert into SHOT values (874, 820, 344, 19, 3.812, 315.11, -5.12, 3.812, 315.11, -5.12, 0.000, 7.59, 0.00);
insert into SHOT values (875, 821, 348, 19, 2.134, 250.22, 46.19, 2.134, 250.22, 46.19, 0.000, 180.00, 0.00);
insert into SHOT values (876, 822, 821, 19, 0.917, 259.81, 9.42, 0.917, 259.81, 9.42, 0.000, 180.00, 0.00);
insert into SHOT values (877, 823, 5, 19, 10.662, 50.02, -59.96, 10.662, 50.02, -59.96, 0.000, 0.00, 0.00);
insert into SHOT values (878, 824, 353, 19, 2.624, 200.99, 0.00, 2.624, 200.99, 0.00, 0.000, 180.00, 0.00);
insert into SHOT values (879, 825, 824, 19, 2.592, 135.00, 3.10, 2.592, 135.00, 3.10, 0.000, 173.66, 0.00);
insert into SHOT values (880, 826, 825, 19, 0.917, 330.35, -35.32, 0.917, 330.35, -35.32, 0.000, 0.00, 0.00);
insert into SHOT values (881, 827, 826, 19, 5.187, 329.94, -34.93, 5.187, 329.94, -34.93, 0.000, 0.00, 0.00);
insert into SHOT values (882, 828, 825, 19, 4.021, 131.93, 37.90, 4.021, 131.93, 37.90, 0.000, 357.27, 0.00);
insert into SHOT values (883, 829, 828, 19, 3.265, 140.19, 42.13, 3.265, 140.19, 42.13, 0.000, 135.00, 0.00);
insert into SHOT values (884, 830, 829, 19, 1.979, 144.82, 41.05, 1.979, 144.82, 41.05, 0.000, 356.82, 0.00);
insert into SHOT values (885, 831, 830, 19, 3.747, 159.98, 47.90, 3.747, 159.98, 47.90, 0.000, 180.00, 0.00);
insert into SHOT values (886, 832, 831, 19, 3.660, 159.94, 48.01, 3.660, 159.94, 48.01, 0.000, 180.00, 0.00);
insert into SHOT values (887, 833, 832, 19, 0.608, 99.46, 0.00, 0.608, 99.46, 0.00, 0.000, 0.00, 0.00);
insert into SHOT values (888, 834, 833, 19, 5.485, 100.08, 0.00, 5.485, 100.08, 0.00, 0.000, 180.00, 0.00);
insert into SHOT values (889, 835, 832, 19, 4.868, 160.06, 48.04, 4.868, 160.06, 48.04, 0.000, 0.00, 0.00);
insert into SHOT values (890, 836, 835, 19, 1.830, 159.94, 48.01, 1.830, 159.94, 48.01, 0.000, 182.08, 0.00);
insert into SHOT values (891, 837, 835, 19, 0.910, 270.00, 0.00, 0.910, 270.00, 0.00, 0.000, 0.00, 0.00);
insert into SHOT values (892, 838, 837, 19, 1.830, 270.00, 0.00, 1.830, 270.00, 0.00, 0.000, 180.00, 0.00);
insert into SHOT values (893, 839, 838, 19, 1.826, 279.77, 0.00, 1.826, 279.77, 0.00, 0.000, 3.58, 0.00);
insert into SHOT values (894, 840, 830, 19, 2.132, 235.03, -8.09, 2.132, 235.03, -8.09, 0.000, 177.71, 0.00);
insert into SHOT values (895, 841, 840, 19, 0.762, 235.26, -8.29, 0.762, 235.26, -8.29, 0.000, 357.75, 0.00);
insert into SHOT values (896, 842, 841, 19, 3.563, 199.87, -27.95, 3.563, 199.87, -27.95, 0.000, 180.00, 0.00);
insert into SHOT values (897, 843, 842, 19, 1.434, 170.41, -59.86, 1.434, 170.41, -59.86, 0.000, 4.24, 0.00);
insert into SHOT values (898, 844, 843, 19, 0.917, 180.00, -27.96, 0.917, 180.00, -27.96, 0.000, 180.00, 0.00);
insert into SHOT values (899, 845, 844, 19, 3.042, 170.02, 26.98, 3.042, 170.02, 26.98, 0.000, 186.71, 0.00);
insert into SHOT values (900, 846, 845, 19, 4.266, 332.10, -39.96, 4.266, 332.10, -39.96, 0.000, 5.19, 0.00);
insert into SHOT values (901, 847, 846, 19, 2.132, 331.87, -40.00, 2.132, 331.87, -40.00, 0.000, 195.95, 0.00);
insert into SHOT values (902, 848, 845, 19, 1.522, 190.04, 41.07, 1.522, 190.04, 41.07, 0.000, 0.00, 0.00);
insert into SHOT values (903, 849, 848, 19, 8.540, 190.00, 40.97, 8.540, 190.00, 40.97, 0.000, 180.00, 0.00);
insert into SHOT values (904, 850, 849, 19, 1.830, 180.00, 89.06, 1.830, 180.00, 89.06, 0.000, 180.00, 0.00);
insert into SHOT values (905, 851, 850, 19, 0.612, 94.69, 0.00, 0.612, 94.69, 0.00, 0.000, 1.82, 0.00);
insert into SHOT values (906, 852, 851, 19, 1.516, 94.92, 0.00, 1.516, 94.92, 0.00, 0.000, 189.46, 0.00);
insert into SHOT values (907, 853, 852, 19, 1.908, 95.11, 0.00, 1.908, 95.11, 0.00, 0.000, 33.69, 0.00);
insert into SHOT values (908, 854, 853, 19, 1.526, 134.73, 12.11, 1.526, 134.73, 12.11, 0.000, 0.00, 0.00);
insert into SHOT values (909, 855, 854, 19, 4.874, 100.10, -24.10, 4.874, 100.10, -24.10, 0.000, 0.00, 0.00);
insert into SHOT values (910, 856, 854, 19, 1.214, 190.39, 59.85, 1.214, 190.39, 59.85, 0.000, 0.00, 0.00);
insert into SHOT values (911, 857, 856, 19, 3.605, 189.88, 59.92, 3.605, 189.88, 59.92, 0.000, 169.70, 0.00);
insert into SHOT values (912, 858, 857, 19, 0.667, 220.14, 0.00, 0.667, 220.14, 0.00, 0.000, 182.79, 0.00);
insert into SHOT values (913, 859, 858, 19, 2.132, 284.95, 0.00, 2.132, 284.95, 0.00, 0.000, 3.01, 0.00);
insert into SHOT values (914, 860, 859, 19, 1.980, 195.23, 0.00, 1.980, 195.23, 0.00, 0.000, 188.75, 0.00);
insert into SHOT values (915, 861, 860, 19, 5.032, 120.01, 15.92, 5.032, 120.01, 15.92, 0.000, 0.00, 0.00);
insert into SHOT values (916, 862, 861, 19, 3.049, 50.00, 10.01, 3.049, 50.00, 10.01, 0.000, 180.00, 0.00);
insert into SHOT values (917, 863, 852, 19, 1.516, 3.23, -35.01, 1.516, 3.23, -35.01, 0.000, 10.30, 0.00);
insert into SHOT values (918, 864, 863, 19, 8.228, 2.98, -35.01, 8.228, 2.98, -35.01, 0.000, 180.00, 0.00);
insert into SHOT values (919, 865, 861, 19, 0.609, 319.94, -19.18, 0.609, 319.94, -19.18, 0.000, 180.00, 0.00);
insert into SHOT values (920, 866, 865, 19, 1.531, 70.05, -20.26, 1.531, 70.05, -20.26, 0.000, 0.00, 0.00);
insert into SHOT values (921, 867, 866, 19, 3.050, 90.00, 0.00, 3.050, 90.00, 0.00, 0.000, 355.24, 0.00);
insert into SHOT values (922, 868, 867, 19, 1.830, 29.97, 30.19, 1.830, 29.97, 30.19, 0.000, 176.25, 0.00);
insert into SHOT values (923, 869, 868, 19, 6.096, 29.98, -10.01, 6.096, 29.98, -10.01, 0.000, 358.39, 0.00);
insert into SHOT values (924, 870, 868, 19, 3.653, 110.00, -10.09, 3.653, 110.00, -10.09, 0.000, 90.00, 0.00);
insert into SHOT values (925, 871, 870, 19, 2.439, 159.86, 0.00, 2.439, 159.86, 0.00, 0.000, 354.56, 0.00);
insert into SHOT values (926, 872, 871, 19, 4.568, 114.99, 0.00, 4.568, 114.99, 0.00, 0.000, 0.00, 0.00);
insert into SHOT values (927, 873, 874, 19, 11.738, 96.73, -20.34, 11.738, 276.73, 20.34, 23.476, 276.73, 20.34);
insert into SHOT values (928, 875, 873, 19, 6.575, 265.76, 30.33, 6.575, 265.76, 30.33, 0.000, 186.34, 0.00);
insert into SHOT values (929, 876, 875, 19, 4.774, 271.50, 16.30, 4.774, 271.50, 16.30, 0.000, 3.01, 0.00);
insert into SHOT values (930, 877, 876, 19, 3.699, 166.16, 20.24, 3.699, 166.16, 20.24, 0.000, 180.00, 0.00);
insert into SHOT values (931, 878, 876, 19, 3.135, 158.23, 17.26, 3.135, 158.23, 17.26, 0.000, 180.00, 0.00);
insert into SHOT values (932, 879, 876, 19, 8.197, 301.30, -26.83, 8.197, 301.30, -26.83, 0.000, 174.81, 0.00);
insert into SHOT values (933, 880, 879, 19, 8.934, 270.74, 18.33, 8.934, 270.74, 18.33, 0.000, 355.60, 0.00);
insert into SHOT values (934, 881, 880, 19, 7.755, 254.75, 39.66, 7.755, 254.75, 39.66, 0.000, 180.00, 0.00);
insert into SHOT values (935, 882, 881, 19, 1.280, 0.00, 90.00, 1.280, 90.00, 90.00, 0.000, 90.00, 0.00);
insert into SHOT values (936, 440, 883, 19, 2.342, 138.01, 62.64, 2.342, 318.01, -62.64, 4.684, 318.01, -62.64);
insert into SHOT values (937, 883, 884, 19, 1.306, 238.05, 32.93, 1.306, 58.05, -32.93, 2.612, 58.05, -32.93);
insert into SHOT values (938, 884, 885, 19, 1.828, 358.41, 66.79, 1.828, 178.41, -66.79, 3.656, 178.41, -66.79);
insert into SHOT values (939, 885, 886, 19, 1.880, 7.33, 23.51, 1.880, 187.33, -23.51, 3.760, 187.33, -23.51);
insert into SHOT values (940, 886, 887, 19, 3.225, 284.68, -19.56, 3.225, 104.68, 19.56, 6.451, 104.68, 19.56);
insert into SHOT values (941, 887, 888, 19, 2.716, 242.10, 22.97, 2.716, 62.10, -22.97, 5.432, 62.10, -22.97);
insert into SHOT values (942, 888, 889, 19, 3.121, 163.13, 35.22, 3.121, 343.13, -35.22, 6.242, 343.13, -35.22);
insert into SHOT values (943, 889, 890, 19, 5.167, 244.46, 78.87, 5.167, 64.46, -78.87, 10.334, 64.46, -78.87);
insert into SHOT values (944, 890, 891, 19, 1.760, 212.68, 44.32, 1.760, 32.68, -44.32, 3.521, 32.68, -44.32);
insert into SHOT values (945, 891, 892, 19, 8.762, 199.20, 64.52, 8.762, 19.20, -64.52, 17.525, 19.20, -64.52);
insert into SHOT values (946, 892, 893, 19, 1.416, 46.36, 32.94, 1.416, 226.36, -32.94, 2.832, 226.36, -32.94);
insert into SHOT values (947, 893, 894, 19, 3.256, 197.18, 48.28, 3.256, 17.18, -48.28, 6.511, 17.18, -48.28);
insert into SHOT values (948, 894, 895, 19, 5.814, 199.16, 64.55, 5.814, 19.16, -64.55, 11.628, 19.16, -64.55);
insert into SHOT values (949, 895, 896, 19, 1.362, 95.12, -8.87, 1.362, 275.12, 8.87, 2.723, 275.12, 8.87);
insert into SHOT values (950, 896, 897, 19, 5.351, 205.49, 11.10, 5.351, 25.49, -11.10, 10.703, 25.49, -11.10);
insert into SHOT values (951, 897, 898, 19, 3.381, 99.10, 7.48, 3.381, 279.10, -7.48, 6.762, 279.10, -7.48);
insert into SHOT values (952, 897, 899, 19, 4.199, 324.31, 14.62, 4.199, 144.31, -14.62, 8.398, 144.31, -14.62);
insert into SHOT values (953, 899, 900, 19, 5.251, 271.09, 0.00, 5.251, 91.09, 0.00, 10.502, 91.09, 0.00);
insert into SHOT values (954, 900, 901, 19, 4.426, 267.14, -18.17, 4.426, 87.14, 18.17, 8.852, 87.14, 18.17);
insert into SHOT values (955, 901, 902, 19, 1.802, 218.87, -45.70, 1.802, 38.87, 45.70, 3.605, 38.87, 45.70);
insert into SHOT values (956, 902, 903, 19, 5.396, 277.46, -14.05, 5.396, 97.46, 14.05, 10.792, 97.46, 14.05);
insert into SHOT values (957, 903, 904, 19, 4.524, 302.20, -14.86, 4.524, 122.20, 14.86, 9.048, 122.20, 14.86);
insert into SHOT values (958, 904, 905, 19, 2.539, 304.34, -15.53, 2.539, 124.34, 15.53, 5.078, 124.34, 15.53);
insert into SHOT values (959, 905, 906, 19, 1.958, 270.89, -9.70, 1.958, 90.89, 9.70, 3.916, 90.89, 9.70);
insert into SHOT values (960, 906, 907, 19, 1.648, 21.74, -2.09, 1.648, 201.74, 2.09, 3.296, 201.74, 2.09);
insert into SHOT values (961, 907, 908, 19, 2.788, 291.69, 1.64, 2.788, 111.69, -1.64, 5.577, 111.69, -1.64);
insert into SHOT values (962, 908, 909, 19, 1.669, 265.71, 16.00, 1.669, 85.71, -16.00, 3.338, 85.71, -16.00);
insert into SHOT values (963, 909, 910, 19, 2.724, 272.96, 5.05, 2.724, 92.96, -5.05, 5.448, 92.96, -5.05);
insert into SHOT values (964, 910, 911, 19, 2.226, 61.93, 72.22, 2.226, 241.93, -72.22, 4.453, 241.93, -72.22);
insert into SHOT values (965, 911, 912, 19, 1.727, 55.88, 32.19, 1.727, 235.88, -32.19, 3.454, 235.88, -32.19);
insert into SHOT values (966, 912, 913, 19, 3.045, 340.41, 78.13, 3.045, 160.41, -78.13, 6.090, 160.41, -78.13);
insert into SHOT values (967, 913, 914, 19, 1.875, 55.01, 38.62, 1.875, 235.01, -38.62, 3.749, 235.01, -38.62);
insert into SHOT values (968, 914, 915, 19, 7.723, 8.06, 29.73, 7.723, 188.06, -29.73, 15.446, 188.06, -29.73);
insert into SHOT values (969, 915, 916, 19, 1.295, 228.18, 66.81, 1.295, 48.18, -66.81, 2.589, 48.18, -66.81);
insert into SHOT values (970, 916, 916, 19, 0.000, 0.00, 0.00, 0.000, 90.00, 0.00, 0.000, 90.00, 0.00);
insert into SHOT values (971, 916, 917, 19, 3.457, 297.09, 3.98, 3.457, 117.09, -3.98, 6.913, 117.09, -3.98);
insert into SHOT values (972, 917, 918, 19, 3.665, 347.99, 58.36, 3.665, 167.99, -58.36, 7.329, 167.99, -58.36);
insert into SHOT values (973, 918, 919, 19, 1.915, 256.47, 44.41, 1.915, 76.47, -44.41, 3.830, 76.47, -44.41);
insert into SHOT values (974, 919, 920, 19, 2.727, 307.99, 12.28, 2.727, 127.99, -12.28, 5.454, 127.99, -12.28);
insert into SHOT values (975, 920, 921, 19, 2.164, 270.81, 10.11, 2.164, 90.81, -10.11, 4.328, 90.81, -10.11);
insert into SHOT values (976, 921, 922, 19, 2.240, 156.68, 55.67, 2.240, 336.68, -55.67, 4.480, 336.68, -55.67);
insert into SHOT values (977, 922, 923, 19, 2.015, 270.37, 40.17, 2.015, 90.37, -40.17, 4.031, 90.37, -40.17);
insert into SHOT values (978, 921, 921, 19, 0.000, 0.00, 0.00, 0.000, 90.00, 0.00, 0.000, 90.00, 0.00);
insert into SHOT values (979, 921, 924, 19, 4.275, 287.07, -5.23, 4.275, 107.07, 5.23, 8.551, 107.07, 5.23);
insert into SHOT values (980, 917, 917, 19, 0.000, 0.00, 0.00, 0.000, 90.00, 0.00, 0.000, 90.00, 0.00);
insert into SHOT values (981, 917, 925, 19, 1.568, 147.83, -20.92, 1.568, 327.83, 20.92, 3.137, 327.83, 20.92);
insert into SHOT values (982, 925, 926, 19, 2.474, 193.13, -5.10, 2.474, 13.13, 5.10, 4.949, 13.13, 5.10);
insert into SHOT values (983, 926, 927, 19, 3.764, 286.03, -15.88, 3.764, 106.03, 15.88, 7.529, 106.03, 15.88);
insert into SHOT values (984, 927, 928, 19, 4.622, 294.29, -2.11, 4.622, 114.29, 2.11, 9.244, 114.29, 2.11);
insert into SHOT values (985, 928, 929, 19, 2.370, 299.93, -15.42, 2.370, 119.93, 15.42, 4.740, 119.93, 15.42);
insert into SHOT values (986, 929, 930, 19, 2.328, 258.02, -29.60, 2.328, 78.02, 29.60, 4.656, 78.02, 29.60);
insert into SHOT values (987, 917, 917, 19, 0.000, 0.00, 0.00, 0.000, 90.00, 0.00, 0.000, 90.00, 0.00);
insert into SHOT values (988, 909, 909, 19, 0.000, 0.00, 0.00, 0.000, 90.00, 0.00, 0.000, 90.00, 0.00);
insert into SHOT values (989, 909, 931, 19, 1.903, 14.34, -12.44, 1.903, 194.34, 12.44, 3.805, 194.34, 12.44);
insert into SHOT values (990, 931, 932, 19, 2.585, 267.10, 5.55, 2.585, 87.10, -5.55, 5.171, 87.10, -5.55);
insert into SHOT values (991, 932, 933, 19, 2.574, 310.94, -21.42, 2.574, 130.94, 21.42, 5.148, 130.94, 21.42);
insert into SHOT values (992, 933, 934, 19, 2.044, 338.09, -4.77, 2.044, 158.09, 4.77, 4.088, 158.09, 4.77);
insert into SHOT values (993, 931, 931, 19, 0.000, 0.00, 0.00, 0.000, 90.00, 0.00, 0.000, 90.00, 0.00);
insert into SHOT values (994, 931, 935, 19, 1.652, 353.39, -1.73, 1.652, 173.39, 1.73, 3.303, 173.39, 1.73);
insert into SHOT values (995, 935, 936, 19, 1.534, 302.66, -25.07, 1.534, 122.66, 25.07, 3.068, 122.66, 25.07);
insert into SHOT values (996, 905, 905, 19, 0.000, 0.00, 0.00, 0.000, 90.00, 0.00, 0.000, 90.00, 0.00);
insert into SHOT values (997, 905, 937, 19, 0.819, 48.45, -44.11, 0.819, 228.45, 44.11, 1.638, 228.45, 44.11);
insert into SHOT values (998, 937, 938, 19, 3.553, 39.63, -54.99, 3.553, 219.63, 54.99, 7.106, 219.63, 54.99);
insert into SHOT values (999, 899, 899, 19, 0.000, 0.00, 0.00, 0.000, 90.00, 0.00, 0.000, 90.00, 0.00);
insert into SHOT values (1000, 899, 939, 19, 5.098, 218.75, 6.53, 5.098, 38.75, -6.53, 10.196, 38.75, -6.53);
insert into SHOT values (1001, 939, 940, 19, 3.554, 148.88, 58.49, 3.554, 328.88, -58.49, 7.108, 328.88, -58.49);
insert into SHOT values (1002, 940, 941, 19, 3.206, 89.42, 22.56, 3.206, 269.42, -22.56, 6.411, 269.42, -22.56);
insert into SHOT values (1003, 941, 942, 19, 0.476, 98.37, 43.84, 0.476, 278.37, -43.84, 0.953, 278.37, -43.84);
insert into SHOT values (1004, 942, 943, 19, 1.320, 45.31, 11.36, 1.320, 225.31, -11.36, 2.640, 225.31, -11.36);
insert into SHOT values (1005, 895, 944, 19, 9.875, 346.06, -63.27, 9.875, 166.06, 63.27, 19.750, 166.06, 63.27);
insert into SHOT values (1006, 944, 892, 19, 1.848, 292.74, -11.55, 1.848, 292.74, -11.55, 0.000, 353.66, 0.00);
insert into SHOT values (1007, 892, 892, 19, 0.000, 0.00, 0.00, 0.000, 90.00, 0.00, 0.000, 90.00, 0.00);
insert into SHOT values (1008, 887, 887, 19, 0.000, 0.00, 0.00, 0.000, 90.00, 0.00, 0.000, 90.00, 0.00);
insert into SHOT values (1009, 887, 945, 19, 3.357, 270.00, 3.59, 3.357, 90.00, -3.59, 6.713, 90.00, -3.59);
insert into SHOT values (1010, 945, 946, 19, 2.752, 255.53, -45.72, 2.752, 75.53, 45.72, 5.503, 75.53, 45.72);
insert into SHOT values (1011, 947, 948, 19, 2.557, 300.39, 52.92, 2.557, 120.39, -52.92, 5.114, 120.39, -52.92);
insert into SHOT_FLAG values(1011, 'srf');
insert into SHOT values (1012, 948, 949, 19, 1.200, 0.00, 90.00, 1.200, 90.00, -90.00, 2.400, 90.00, -90.00);
insert into SHOT values (1013, 949, 950, 19, 5.503, 215.52, 53.09, 5.503, 35.52, -53.09, 11.006, 35.52, -53.09);
insert into SHOT values (1014, 950, 951, 19, 2.496, 176.63, 52.12, 2.496, 356.63, -52.12, 4.992, 356.63, -52.12);
insert into SHOT values (1015, 951, 952, 19, 1.921, 250.43, 41.78, 1.921, 70.43, -41.78, 3.843, 70.43, -41.78);
insert into SHOT values (1016, 952, 953, 19, 3.155, 158.59, 46.01, 3.155, 338.59, -46.01, 6.310, 338.59, -46.01);
insert into SHOT values (1017, 953, 954, 19, 3.611, 123.60, 16.08, 3.611, 303.60, -16.08, 7.222, 303.60, -16.08);
insert into SHOT values (1018, 954, 955, 19, 3.891, 134.57, 13.98, 3.891, 314.57, -13.98, 7.783, 314.57, -13.98);
insert into SHOT values (1019, 954, 956, 19, 2.596, 145.70, 60.07, 2.596, 325.70, -60.07, 5.192, 325.70, -60.07);
insert into SHOT values (1020, 956, 957, 19, 4.935, 165.51, 52.02, 4.935, 345.51, -52.02, 9.870, 345.51, -52.02);
insert into SHOT values (1021, 957, 958, 19, 1.739, 154.60, 50.93, 1.739, 334.60, -50.93, 3.478, 334.60, -50.93);
insert into SHOT values (1022, 958, 959, 19, 2.074, 133.73, 39.89, 2.074, 313.73, -39.89, 4.148, 313.73, -39.89);
insert into SHOT values (1023, 959, 960, 19, 0.655, 303.69, -7.90, 0.655, 123.69, 7.90, 1.310, 123.69, 7.90);
insert into SHOT values (1024, 961, 962, 19, 10.882, 260.29, 29.99, 10.882, 80.29, -29.99, 21.765, 80.29, -29.99);
insert into SHOT values (1025, 962, 963, 19, 3.914, 260.70, 29.55, 3.914, 80.70, -29.55, 7.827, 80.70, -29.55);
insert into SHOT values (1026, 963, 964, 19, 2.624, 258.24, 17.52, 2.624, 78.24, -17.52, 5.249, 78.24, -17.52);
insert into SHOT values (1027, 964, 965, 19, 4.282, 262.28, 33.45, 4.282, 82.28, -33.45, 8.563, 82.28, -33.45);
insert into SHOT values (1028, 965, 966, 19, 4.999, 270.35, 5.05, 4.999, 90.35, -5.05, 9.999, 90.35, -5.05);
insert into SHOT values (1029, 967, 968, 19, 3.150, 0.00, 90.00, 3.150, 90.00, -90.00, 6.300, 90.00, -90.00);
insert into SHOT values (1030, 968, 969, 19, 5.653, 13.55, 25.01, 5.653, 193.55, -25.01, 11.305, 193.55, -25.01);
insert into SHOT values (1031, 969, 970, 19, 5.963, 5.62, 7.03, 5.963, 185.62, -7.03, 11.927, 185.62, -7.03);
insert into SHOT values (1032, 970, 971, 19, 0.704, 11.47, 0.00, 0.704, 191.47, 0.00, 1.408, 191.47, 0.00);
insert into SHOT values (1033, 971, 972, 19, 1.600, 0.00, 90.00, 1.600, 90.00, -90.00, 3.200, 90.00, -90.00);
insert into SHOT values (1034, 972, 973, 19, 2.647, 105.57, 16.91, 2.647, 285.57, -16.91, 5.295, 285.57, -16.91);
insert into SHOT values (1035, 973, 974, 19, 2.297, 11.75, -26.08, 2.297, 191.75, 26.08, 4.594, 191.75, 26.08);
insert into SHOT values (1036, 974, 975, 19, 4.600, 0.00, -90.00, 4.600, 90.00, 90.00, 9.200, 90.00, 90.00);
insert into SHOT values (1037, 975, 976, 19, 3.407, 278.67, 36.99, 3.407, 98.67, -36.99, 6.814, 98.67, -36.99);
insert into SHOT values (1038, 976, 977, 19, 2.551, 191.45, 21.87, 2.551, 11.45, -21.87, 5.101, 11.45, -21.87);
insert into SHOT values (1039, 970, 978, 19, 1.355, 327.61, 35.65, 1.355, 147.61, -35.65, 2.711, 147.61, -35.65);
insert into SHOT values (1040, 978, 979, 19, 5.141, 51.71, -45.07, 5.141, 231.71, 45.07, 10.283, 231.71, 45.07);
insert into SHOT values (1041, 979, 980, 19, 0.700, 0.00, 90.00, 0.700, 90.00, -90.00, 1.400, 90.00, -90.00);
insert into SHOT values (1042, 980, 981, 19, 1.643, 125.33, 0.00, 1.643, 305.33, 0.00, 3.285, 305.33, 0.00);
insert into SHOT values (1043, 981, 982, 19, 3.200, 0.00, 90.00, 3.200, 90.00, -90.00, 6.400, 90.00, -90.00);
insert into SHOT values (1044, 982, 983, 19, 2.700, 185.71, 35.03, 2.700, 5.71, -35.03, 5.400, 5.71, -35.03);
insert into SHOT values (1045, 983, 984, 19, 4.004, 133.56, 24.02, 4.004, 313.56, -24.02, 8.007, 313.56, -24.02);
insert into SHOT values (1046, 984, 985, 19, 2.252, 100.65, 24.11, 2.252, 280.65, -24.11, 4.504, 280.65, -24.11);
insert into SHOT values (1047, 985, 986, 19, 1.001, 107.70, 9.78, 1.001, 287.70, -9.78, 2.002, 287.70, -9.78);
insert into SHOT values (1048, 986, 987, 19, 2.200, 0.00, 90.00, 2.200, 90.00, -90.00, 4.400, 90.00, -90.00);
insert into SHOT values (1049, 987, 988, 19, 2.801, 236.74, 48.88, 2.801, 56.74, -48.88, 5.601, 56.74, -48.88);
insert into SHOT values (1050, 988, 989, 19, 1.200, 0.00, 90.00, 1.200, 90.00, -90.00, 2.400, 90.00, -90.00);
insert into SHOT values (1051, 989, 990, 19, 2.407, 27.73, 42.94, 2.407, 207.73, -42.94, 4.815, 207.73, -42.94);
insert into SHOT values (1052, 990, 991, 19, 1.348, 130.54, 35.88, 1.348, 310.54, -35.88, 2.696, 310.54, -35.88);
insert into SHOT values (1053, 991, 992, 19, 3.000, 0.00, 90.00, 3.000, 90.00, -90.00, 6.000, 90.00, -90.00);
insert into SHOT values (1054, 992, 993, 19, 1.103, 38.47, 32.33, 1.103, 218.47, -32.33, 2.207, 218.47, -32.33);
insert into SHOT values (1055, 993, 994, 19, 0.943, 72.72, 0.61, 0.943, 252.72, -0.61, 1.885, 252.72, -0.61);
insert into SHOT values (1056, 994, 995, 19, 4.300, 121.52, 35.06, 4.300, 301.52, -35.06, 8.599, 301.52, -35.06);
insert into SHOT values (1057, 995, 996, 19, 7.000, 137.61, 36.97, 7.000, 317.61, -36.97, 13.999, 317.61, -36.97);
insert into SHOT values (1058, 996, 997, 19, 3.397, 327.76, -32.99, 3.397, 147.76, 32.99, 6.794, 147.76, 32.99);
insert into SHOT values (1059, 997, 998, 19, 2.899, 348.46, -0.99, 2.899, 168.46, 0.99, 5.798, 168.46, 0.99);
insert into SHOT values (1060, 998, 999, 19, 3.643, 322.59, -2.99, 3.643, 142.59, 2.99, 7.286, 142.59, 2.99);
insert into SHOT values (1061, 999, 1000, 19, 1.706, 2.47, -18.10, 1.706, 182.47, 18.10, 3.412, 182.47, 18.10);
insert into SHOT values (1062, 1000, 1001, 19, 4.200, 333.56, -0.95, 4.200, 153.56, 0.95, 8.400, 153.56, 0.95);
insert into SHOT values (1063, 1001, 1002, 19, 2.854, 20.67, 7.04, 2.854, 200.67, -7.04, 5.708, 200.67, -7.04);
insert into SHOT values (1064, 1002, 1003, 19, 5.699, 334.61, -6.04, 5.699, 154.61, 6.04, 11.398, 154.61, 6.04);
insert into SHOT values (1065, 1003, 1004, 19, 10.002, 291.59, 0.00, 10.002, 111.59, 0.00, 20.003, 111.59, 0.00);
insert into SHOT values (1066, 1003, 1005, 19, 3.378, 37.43, -25.05, 3.378, 217.43, 25.05, 6.756, 217.43, 25.05);
insert into SHOT values (1067, 1005, 1006, 19, 4.695, 328.58, -39.08, 4.695, 148.58, 39.08, 9.390, 148.58, 39.08);
insert into SHOT values (1068, 1006, 1007, 19, 1.397, 310.65, 0.00, 1.397, 130.65, 0.00, 2.794, 130.65, 0.00);
insert into SHOT values (1069, 1007, 1008, 19, 2.388, 318.57, 0.00, 2.388, 138.57, 0.00, 4.775, 138.57, 0.00);
insert into SHOT values (1070, 1008, 1009, 19, 2.693, 320.58, 0.00, 2.693, 140.58, 0.00, 5.385, 140.58, 0.00);
insert into SHOT values (1071, 1009, 1010, 19, 4.202, 298.58, 0.00, 4.202, 118.58, 0.00, 8.404, 118.58, 0.00);
insert into SHOT values (1072, 1010, 1011, 19, 17.886, 289.60, 0.00, 17.886, 109.60, 0.00, 35.773, 109.60, 0.00);
insert into SHOT values (1073, 1011, 1012, 19, 3.994, 206.63, 0.00, 3.994, 26.63, 0.00, 7.987, 26.63, 0.00);
insert into SHOT values (1074, 1012, 1013, 19, 1.000, 180.57, 0.00, 1.000, 0.57, 0.00, 2.000, 0.57, 0.00);
insert into SHOT values (1075, 1013, 1014, 19, 2.008, 210.52, 0.00, 2.008, 30.52, 0.00, 4.017, 30.52, 0.00);
insert into SHOT values (1076, 1014, 1015, 19, 5.000, 0.00, 90.00, 5.000, 90.00, -90.00, 10.000, 90.00, -90.00);
insert into SHOT values (1077, 1015, 1016, 19, 3.003, 305.65, 0.00, 3.003, 125.65, 0.00, 6.005, 125.65, 0.00);
insert into SHOT values (1078, 1016, 1017, 19, 5.987, 303.00, -15.00, 5.987, 123.00, 15.00, 11.975, 123.00, 15.00);
insert into SHOT values (1079, 1017, 1018, 19, 1.663, 299.05, -7.95, 1.663, 119.05, 7.95, 3.327, 119.05, 7.95);
insert into SHOT values (1080, 1018, 1019, 19, 7.935, 334.02, 7.02, 7.935, 154.02, -7.02, 15.871, 154.02, -7.02);
insert into SHOT values (1081, 1019, 1020, 19, 0.620, 0.00, -90.00, 0.620, 90.00, 90.00, 1.240, 90.00, 90.00);
insert into SHOT values (1082, 1020, 1021, 19, 5.891, 296.04, -3.99, 5.891, 116.04, 3.99, 11.782, 116.04, 3.99);
insert into SHOT values (1083, 1021, 1022, 19, 0.822, 139.24, -21.39, 0.822, 319.24, 21.39, 1.645, 319.24, 21.39);
insert into SHOT values (1084, 1022, 1023, 19, 4.331, 216.90, -5.03, 4.331, 36.90, 5.03, 8.661, 36.90, 5.03);
insert into SHOT values (1085, 1023, 1024, 19, 1.694, 195.20, -7.80, 1.694, 15.20, 7.80, 3.389, 15.20, 7.80);
insert into SHOT values (1086, 1019, 1025, 19, 0.301, 148.39, 59.58, 0.301, 328.39, -59.58, 0.603, 328.39, -59.58);
insert into SHOT values (1087, 1025, 1026, 19, 8.902, 22.04, 1.03, 8.902, 202.04, -1.03, 17.804, 202.04, -1.03);
insert into SHOT values (1088, 1026, 1027, 19, 3.694, 280.00, 3.88, 3.694, 100.00, -3.88, 7.389, 100.00, -3.88);
insert into SHOT values (1089, 1027, 1028, 19, 1.522, 196.88, 5.28, 1.522, 16.88, -5.28, 3.043, 16.88, -5.28);
insert into SHOT values (1090, 1006, 1029, 19, 2.917, 207.82, -56.07, 2.917, 27.82, 56.07, 5.834, 27.82, 56.07);
insert into SHOT values (1091, 1029, 1030, 19, 4.292, 4.66, -57.00, 4.292, 184.66, 57.00, 8.585, 184.66, 57.00);
insert into SHOT values (1092, 1030, 1031, 19, 3.088, 292.08, -2.04, 3.088, 112.08, 2.04, 6.177, 112.08, 2.04);
insert into SHOT values (1093, 1031, 1032, 19, 1.931, 247.03, -31.88, 1.931, 67.03, 31.88, 3.863, 67.03, 31.88);
insert into SHOT values (1094, 1032, 1033, 19, 0.960, 0.00, -90.00, 0.960, 90.00, 90.00, 1.920, 90.00, 90.00);
insert into SHOT values (1095, 1033, 1034, 19, 1.718, 214.53, -5.01, 1.718, 34.53, 5.01, 3.436, 34.53, 5.01);
insert into SHOT values (1096, 1034, 1035, 19, 2.650, 0.00, -90.00, 2.650, 90.00, 90.00, 5.300, 90.00, 90.00);
insert into SHOT values (1097, 1035, 1036, 19, 3.310, 109.40, -46.98, 3.310, 289.40, 46.98, 6.620, 289.40, 46.98);
insert into SHOT values (1098, 1036, 1037, 19, 2.643, 192.35, -57.95, 2.643, 12.35, 57.95, 5.286, 12.35, 57.95);
insert into SHOT values (1099, 1037, 1038, 19, 4.214, 332.62, -42.01, 4.214, 152.62, 42.01, 8.427, 152.62, 42.01);
insert into SHOT values (1100, 1037, 1039, 19, 4.570, 20.66, 16.01, 4.570, 200.66, -16.01, 9.139, 200.66, -16.01);
insert into SHOT values (1101, 1003, 1040, 19, 7.102, 291.58, 2.02, 7.102, 111.58, -2.02, 14.203, 111.58, -2.02);
insert into SHOT values (1102, 1040, 1041, 19, 8.747, 289.57, 0.98, 8.747, 109.57, -0.98, 17.493, 109.57, -0.98);
insert into SHOT values (1103, 1041, 1042, 19, 0.600, 0.00, 90.00, 0.600, 90.00, -90.00, 1.200, 90.00, -90.00);
insert into SHOT values (1104, 1042, 1015, 19, 14.455, 116.69, 1.55, 14.455, 116.69, 1.55, 0.000, 182.94, 0.00);
insert into SHOT values (1105, 1003, 1043, 19, 1.344, 101.73, -8.99, 1.344, 281.73, 8.99, 2.688, 281.73, 8.99);
insert into SHOT values (1106, 1043, 1044, 19, 3.503, 26.57, -24.99, 3.503, 206.57, 24.99, 7.006, 206.57, 24.99);
insert into SHOT values (1107, 1044, 1045, 19, 6.248, 319.56, -32.97, 6.248, 139.56, 32.97, 12.496, 139.56, 32.97);
insert into SHOT values (1108, 1045, 1046, 19, 1.500, 0.00, -90.00, 1.500, 90.00, 90.00, 3.000, 90.00, 90.00);
insert into SHOT values (1109, 1046, 1047, 19, 2.343, 359.73, 26.89, 2.343, 179.73, -26.89, 4.687, 179.73, -26.89);
insert into SHOT values (1110, 1047, 1048, 19, 1.103, 359.47, -8.86, 1.103, 179.47, 8.86, 2.206, 179.47, 8.86);
insert into SHOT values (1111, 1048, 1049, 19, 0.300, 0.00, -90.00, 0.300, 90.00, 90.00, 0.600, 90.00, 90.00);
insert into SHOT values (1112, 1049, 1050, 19, 3.203, 347.55, 22.00, 3.203, 167.55, -22.00, 6.406, 167.55, -22.00);
insert into SHOT values (1113, 1050, 1051, 19, 2.145, 0.55, -12.93, 2.145, 180.55, 12.93, 4.289, 180.55, 12.93);
insert into SHOT values (1114, 1051, 1052, 19, 2.000, 348.75, 2.01, 2.000, 168.75, -2.01, 3.999, 168.75, -2.01);
insert into SHOT values (1115, 1052, 1053, 19, 1.649, 319.64, -17.28, 1.649, 139.64, 17.28, 3.299, 139.64, 17.28);
insert into SHOT values (1116, 1053, 1054, 19, 2.546, 349.56, -29.92, 2.546, 169.56, 29.92, 5.092, 169.56, 29.92);
insert into SHOT values (1117, 1054, 1055, 19, 1.855, 356.46, -15.96, 1.855, 176.46, 15.96, 3.710, 176.46, 15.96);
insert into SHOT values (1118, 1055, 1056, 19, 4.254, 55.59, 19.93, 4.254, 235.59, -19.93, 8.509, 235.59, -19.93);
insert into SHOT values (1119, 1056, 1057, 19, 2.442, 52.61, 10.14, 2.442, 232.61, -10.14, 4.885, 232.61, -10.14);
insert into SHOT values (1120, 1057, 1058, 19, 5.906, 11.62, -21.03, 5.906, 191.62, 21.03, 11.813, 191.62, 21.03);
insert into SHOT values (1121, 1058, 1059, 19, 5.352, 40.64, -50.01, 5.352, 220.64, 50.01, 10.703, 220.64, 50.01);
insert into SHOT values (1122, 1059, 1060, 19, 2.250, 0.00, -90.00, 2.250, 90.00, 90.00, 4.500, 90.00, 90.00);
insert into SHOT values (1123, 1060, 1061, 19, 0.997, 266.47, -35.55, 0.997, 86.47, 35.55, 1.995, 86.47, 35.55);
insert into SHOT values (1124, 1061, 1062, 19, 7.503, 280.61, -1.99, 7.503, 100.61, 1.99, 15.005, 100.61, 1.99);
insert into SHOT values (1125, 1062, 1063, 19, 2.702, 351.69, -3.18, 2.702, 171.69, 3.18, 5.405, 171.69, 3.18);
insert into SHOT values (1126, 1063, 1064, 19, 2.854, 278.39, 10.09, 2.854, 98.39, -10.09, 5.708, 98.39, -10.09);
insert into SHOT values (1127, 1064, 1065, 19, 3.596, 312.64, 16.98, 3.596, 132.64, -16.98, 7.192, 132.64, -16.98);
insert into SHOT values (1128, 1065, 1066, 19, 2.453, 216.73, -11.04, 2.453, 36.73, 11.04, 4.907, 36.73, 11.04);
insert into SHOT values (1129, 1066, 1067, 19, 6.494, 193.56, -18.96, 6.494, 13.56, 18.96, 12.987, 13.56, 18.96);
insert into SHOT values (1130, 1067, 1068, 19, 3.650, 263.52, -26.00, 3.650, 83.52, 26.00, 7.301, 83.52, 26.00);
insert into SHOT values (1131, 996, 1069, 19, 5.807, 118.61, 7.02, 5.807, 298.61, -7.02, 11.615, 298.61, -7.02);
insert into SHOT values (1132, 1069, 1070, 19, 5.796, 115.59, 2.97, 5.796, 295.59, -2.97, 11.591, 295.59, -2.97);
insert into SHOT values (1133, 1070, 1071, 19, 3.398, 139.48, 25.07, 3.398, 319.48, -25.07, 6.797, 319.48, -25.07);
insert into SHOT values (1134, 1071, 1072, 19, 5.453, 138.60, 6.95, 5.453, 318.60, -6.95, 10.906, 318.60, -6.95);
insert into SHOT values (1135, 1072, 1073, 19, 1.203, 193.46, 0.00, 1.203, 13.46, 0.00, 2.406, 13.46, 0.00);
insert into SHOT values (1136, 1073, 1074, 19, 0.200, 177.14, 0.00, 0.200, 357.14, 0.00, 0.400, 357.14, 0.00);
insert into SHOT values (1137, 1074, 1075, 19, 1.199, 163.53, 0.00, 1.199, 343.53, 0.00, 2.398, 343.53, 0.00);
insert into SHOT values (1138, 1075, 1076, 19, 1.097, 133.15, 0.00, 1.097, 313.15, 0.00, 2.193, 313.15, 0.00);
insert into SHOT values (1139, 1076, 1077, 19, 0.899, 118.56, 0.00, 0.899, 298.56, 0.00, 1.799, 298.56, 0.00);
insert into SHOT values (1140, 1077, 1078, 19, 1.198, 123.42, 0.00, 1.198, 303.42, 0.00, 2.396, 303.42, 0.00);
insert into SHOT values (1141, 1078, 1079, 19, 0.801, 119.12, 0.00, 0.801, 299.12, 0.00, 1.603, 299.12, 0.00);
insert into SHOT values (1142, 1079, 1080, 19, 1.898, 138.42, 0.00, 1.898, 318.42, 0.00, 3.797, 318.42, 0.00);
insert into SHOT values (1143, 1080, 1081, 19, 3.104, 113.34, 0.00, 3.104, 293.34, 0.00, 6.208, 293.34, 0.00);
insert into SHOT values (1144, 1081, 1082, 19, 1.897, 108.43, 0.00, 1.897, 288.43, 0.00, 3.795, 288.43, 0.00);
insert into SHOT values (1145, 1082, 1083, 19, 3.898, 103.50, 0.00, 3.898, 283.50, 0.00, 7.795, 283.50, 0.00);
insert into SHOT values (1146, 1083, 1084, 19, 1.602, 118.32, 0.00, 1.602, 298.32, 0.00, 3.204, 298.32, 0.00);
insert into SHOT values (1147, 1084, 1085, 19, 3.858, 119.89, -2.97, 3.858, 299.89, 2.97, 7.715, 299.89, 2.97);
insert into SHOT values (1148, 1085, 1086, 19, 5.622, 106.98, 2.96, 5.622, 286.98, -2.96, 11.245, 286.98, -2.96);
insert into SHOT values (1149, 1086, 1087, 19, 4.950, 148.04, 0.00, 4.950, 328.04, 0.00, 9.900, 328.04, 0.00);
insert into SHOT values (1150, 1087, 1088, 19, 2.513, 193.82, 1.14, 2.513, 13.82, -1.14, 5.026, 13.82, -1.14);
insert into SHOT values (1151, 1088, 1089, 19, 4.202, 130.00, -10.00, 4.202, 310.00, 10.00, 8.404, 310.00, 10.00);
insert into SHOT values (1152, 1089, 1090, 19, 0.240, 0.00, 90.00, 0.240, 90.00, -90.00, 0.480, 90.00, -90.00);
insert into SHOT values (1153, 1090, 1091, 19, 1.392, 79.92, -9.93, 1.392, 259.92, 9.93, 2.784, 259.92, 9.93);
insert into SHOT values (1154, 1091, 1092, 19, 2.395, 159.05, -6.96, 2.395, 339.05, 6.96, 4.790, 339.05, 6.96);
insert into SHOT values (1155, 1092, 1093, 19, 5.783, 235.95, 3.97, 5.783, 55.95, -3.97, 11.566, 55.95, -3.97);
insert into SHOT values (1156, 1093, 1094, 19, 3.437, 112.98, -3.00, 3.437, 292.98, 3.00, 6.874, 292.98, 3.00);
insert into SHOT values (1157, 1094, 1095, 19, 4.082, 208.01, 4.92, 4.082, 28.01, -4.92, 8.163, 28.01, -4.92);
insert into SHOT values (1158, 1095, 1096, 19, 0.310, 0.00, 90.00, 0.310, 90.00, -90.00, 0.620, 90.00, -90.00);
insert into SHOT values (1159, 1096, 1097, 19, 1.413, 157.97, 0.00, 1.413, 337.97, 0.00, 2.826, 337.97, 0.00);
insert into SHOT values (1160, 1097, 1098, 19, 0.930, 0.00, -90.00, 0.930, 90.00, 90.00, 1.860, 90.00, 90.00);
insert into SHOT values (1161, 1098, 1099, 19, 2.912, 270.20, 2.16, 2.912, 90.20, -2.16, 5.824, 90.20, -2.16);
insert into SHOT values (1162, 1099, 1100, 19, 1.991, 158.25, 8.37, 1.991, 338.25, -8.37, 3.983, 338.25, -8.37);
insert into SHOT values (1163, 1100, 1101, 19, 1.516, 217.10, 10.26, 1.516, 37.10, -10.26, 3.032, 37.10, -10.26);
insert into SHOT values (1164, 1101, 1102, 19, 3.104, 351.12, -43.08, 3.104, 171.12, 43.08, 6.208, 171.12, 43.08);
insert into SHOT values (1165, 1102, 1103, 19, 4.260, 74.18, -52.94, 4.260, 254.18, 52.94, 8.521, 254.18, 52.94);
insert into SHOT values (1166, 1103, 1104, 19, 4.738, 81.16, -22.98, 4.738, 261.16, 22.98, 9.476, 261.16, 22.98);
insert into SHOT values (1167, 1104, 1105, 19, 2.225, 126.18, 12.99, 2.225, 306.18, -12.99, 4.450, 306.18, -12.99);
insert into SHOT values (1168, 1105, 1106, 19, 9.421, 105.20, 0.97, 9.421, 285.20, -0.97, 18.842, 285.20, -0.97);
insert into SHOT values (1169, 1106, 1107, 19, 5.280, 130.12, 16.05, 5.280, 310.12, -16.05, 10.560, 310.12, -16.05);
insert into SHOT values (1170, 1107, 1108, 19, 5.814, 107.17, -15.97, 5.814, 287.17, 15.97, 11.627, 287.17, 15.97);
insert into SHOT values (1171, 1108, 1109, 19, 6.460, 167.17, 22.00, 6.460, 347.17, -22.00, 12.920, 347.17, -22.00);
insert into SHOT values (1172, 1109, 1110, 19, 4.411, 210.19, -30.06, 4.411, 30.19, 30.06, 8.823, 30.19, 30.06);
insert into SHOT values (1173, 1110, 1111, 19, 1.702, 156.31, 6.07, 1.702, 336.31, -6.07, 3.404, 336.31, -6.07);
insert into SHOT values (1174, 1111, 1112, 19, 4.344, 172.17, 18.94, 4.344, 352.17, -18.94, 8.687, 352.17, -18.94);
insert into SHOT values (1175, 1112, 1113, 19, 3.838, 193.27, -8.99, 3.838, 13.27, 8.99, 7.677, 13.27, 8.99);
insert into SHOT values (1176, 1113, 1114, 19, 10.318, 216.15, -24.02, 10.318, 36.15, 24.02, 20.636, 36.15, 24.02);
insert into SHOT values (1177, 1114, 1115, 19, 1.197, 123.96, 9.14, 1.197, 303.96, -9.14, 2.393, 303.96, -9.14);
insert into SHOT values (1178, 1115, 1116, 19, 5.726, 223.15, 40.00, 5.726, 43.15, -40.00, 11.451, 43.15, -40.00);
insert into SHOT values (1179, 1116, 1117, 19, 6.638, 242.31, 51.99, 6.638, 62.31, -51.99, 13.277, 62.31, -51.99);
insert into SHOT values (1180, 1117, 1118, 19, 5.341, 212.21, 21.99, 5.341, 32.21, -21.99, 10.682, 32.21, -21.99);
insert into SHOT values (1181, 1118, 1119, 19, 4.815, 274.33, 41.97, 4.815, 94.33, -41.97, 9.630, 94.33, -41.97);
insert into SHOT values (1182, 1119, 1120, 19, 3.020, 274.18, 2.09, 3.020, 94.18, -2.09, 6.040, 94.18, -2.09);
insert into SHOT values (1183, 1120, 1121, 19, 2.235, 230.16, 10.05, 2.235, 50.16, -10.05, 4.470, 50.16, -10.05);
insert into SHOT values (1184, 1121, 1122, 19, 1.200, 162.68, 17.95, 1.200, 342.68, -17.95, 2.400, 342.68, -17.95);
insert into SHOT values (1185, 1122, 1123, 19, 2.120, 194.19, -30.00, 2.120, 14.19, 30.00, 4.240, 14.19, 30.00);
insert into SHOT values (1186, 1123, 1124, 19, 3.373, 140.17, -1.02, 3.373, 320.17, 1.02, 6.746, 320.17, 1.02);
insert into SHOT values (1187, 1124, 1125, 19, 4.980, 204.24, -4.03, 4.980, 24.24, 4.03, 9.961, 24.24, 4.03);
insert into SHOT values (1188, 1125, 1126, 19, 5.919, 187.24, 15.08, 5.919, 7.24, -15.08, 11.839, 7.24, -15.08);
insert into SHOT values (1189, 1126, 1127, 19, 3.126, 206.00, 73.03, 3.126, 26.00, -73.03, 6.252, 26.00, -73.03);
insert into SHOT values (1190, 1127, 1128, 19, 2.920, 160.22, 33.93, 2.920, 340.22, -33.93, 5.840, 340.22, -33.93);
insert into SHOT values (1191, 1128, 1129, 19, 5.664, 202.25, -3.95, 5.664, 22.25, 3.95, 11.329, 22.25, 3.95);
insert into SHOT values (1192, 1129, 1130, 19, 2.914, 237.23, 17.99, 2.914, 57.23, -17.99, 5.827, 57.23, -17.99);
insert into SHOT values (1193, 1130, 1131, 19, 2.920, 205.37, -17.95, 2.920, 25.37, 17.95, 5.840, 25.37, 17.95);
insert into SHOT values (1194, 1131, 1132, 19, 4.509, 91.29, 9.96, 4.509, 271.29, -9.96, 9.018, 271.29, -9.96);
insert into SHOT values (1195, 1132, 1133, 19, 2.762, 109.09, -4.99, 2.762, 289.09, 4.99, 5.524, 289.09, 4.99);
insert into SHOT values (1196, 1133, 1134, 19, 4.324, 105.27, 7.04, 4.324, 285.27, -7.04, 8.648, 285.27, -7.04);
insert into SHOT values (1197, 1125, 1135, 19, 6.317, 81.16, -21.94, 6.317, 261.16, 21.94, 12.634, 261.16, 21.94);
insert into SHOT values (1198, 1135, 1136, 19, 5.501, 9.23, -13.03, 5.501, 189.23, 13.03, 11.002, 189.23, 13.03);
insert into SHOT values (1199, 1119, 1137, 19, 6.101, 289.15, -1.97, 6.101, 109.15, 1.97, 12.202, 109.15, 1.97);
insert into SHOT values (1200, 1114, 1138, 19, 7.948, 265.20, 45.00, 7.948, 85.20, -45.00, 15.895, 85.20, -45.00);
insert into SHOT values (1201, 1111, 1139, 19, 1.504, 203.15, -3.81, 1.504, 23.15, 3.81, 3.008, 23.15, 3.81);
insert into SHOT values (1202, 1139, 1140, 19, 12.251, 105.15, -8.02, 12.251, 285.15, 8.02, 24.503, 285.15, 8.02);
insert into SHOT values (1203, 1111, 1141, 19, 4.005, 250.16, 32.98, 4.005, 70.16, -32.98, 8.009, 70.16, -32.98);
insert into SHOT values (1204, 1141, 1142, 19, 3.358, 192.30, 18.04, 3.358, 12.30, -18.04, 6.717, 12.30, -18.04);
insert into SHOT values (1205, 1142, 1143, 19, 2.964, 306.21, -1.93, 2.964, 126.21, 1.93, 5.928, 126.21, 1.93);
insert into SHOT values (1206, 1143, 1144, 19, 3.381, 324.20, 53.00, 3.381, 144.20, -53.00, 6.761, 144.20, -53.00);
insert into SHOT values (1207, 1144, 1145, 19, 2.835, 287.12, 13.88, 2.835, 107.12, -13.88, 5.669, 107.12, -13.88);
insert into SHOT values (1208, 1145, 1146, 19, 0.800, 270.00, 47.53, 0.800, 90.00, -47.53, 1.600, 90.00, -47.53);
insert into SHOT values (1209, 1146, 1147, 19, 22.101, 289.19, -2.00, 22.101, 109.19, 2.00, 44.201, 109.19, 2.00);
insert into SHOT values (1210, 1147, 1148, 19, 1.924, 190.30, -8.97, 1.924, 10.30, 8.97, 3.848, 10.30, 8.97);
insert into SHOT values (1211, 1148, 1149, 19, 4.224, 289.26, 7.89, 4.224, 109.26, -7.89, 8.448, 109.26, -7.89);
insert into SHOT values (1212, 1146, 1150, 19, 5.609, 215.18, 7.99, 5.609, 35.18, -7.99, 11.218, 35.18, -7.99);
insert into SHOT values (1213, 1108, 1151, 19, 5.780, 287.16, 15.97, 5.780, 107.16, -15.97, 11.561, 107.16, -15.97);
insert into SHOT_FLAG values(1213, 'dpl');
insert into SHOT values (1214, 1151, 1152, 19, 5.821, 33.22, -8.99, 5.821, 213.22, 8.99, 11.642, 213.22, 8.99);
insert into SHOT values (1215, 1152, 1153, 19, 5.651, 0.20, -5.99, 5.651, 180.20, 5.99, 11.302, 180.20, 5.99);
insert into SHOT values (1216, 1153, 1154, 19, 3.489, 356.22, 24.02, 3.489, 176.22, -24.02, 6.978, 176.22, -24.02);
insert into SHOT values (1217, 1154, 1155, 19, 4.044, 57.18, -5.96, 4.044, 237.18, 5.96, 8.088, 237.18, 5.96);
insert into SHOT values (1218, 1155, 1156, 19, 3.462, 307.04, 8.97, 3.462, 127.04, -8.97, 6.925, 127.04, -8.97);
insert into SHOT values (1219, 1156, 1157, 19, 2.862, 12.38, 6.02, 2.862, 192.38, -6.02, 5.724, 192.38, -6.02);
insert into SHOT values (1220, 1157, 1158, 19, 4.836, 94.17, -20.08, 4.836, 274.17, 20.08, 9.672, 274.17, 20.08);
insert into SHOT values (1221, 1158, 1159, 19, 5.229, 357.25, 4.06, 5.229, 177.25, -4.06, 10.458, 177.25, -4.06);
insert into SHOT values (1222, 1159, 1160, 19, 4.634, 296.20, 23.94, 4.634, 116.20, -23.94, 9.267, 116.20, -23.94);
insert into SHOT values (1223, 1157, 1161, 19, 9.317, 93.21, -28.04, 9.317, 273.21, 28.04, 18.633, 273.21, 28.04);
insert into SHOT values (1224, 1161, 1162, 19, 4.138, 177.18, -20.95, 4.138, 357.18, 20.95, 8.277, 357.18, 20.95);
insert into SHOT values (1225, 1155, 1163, 19, 2.530, 85.35, -46.99, 2.530, 265.35, 46.99, 5.060, 265.35, 46.99);
insert into SHOT values (1226, 1163, 1164, 19, 10.545, 110.21, -2.01, 10.545, 290.21, 2.01, 21.090, 290.21, 2.01);
insert into SHOT values (1227, 1164, 1165, 19, 7.754, 99.24, -8.98, 7.754, 279.24, 8.98, 15.509, 279.24, 8.98);
insert into SHOT values (1228, 1165, 1166, 19, 5.555, 102.16, 0.00, 5.555, 282.16, 0.00, 11.109, 282.16, 0.00);
insert into SHOT values (1229, 1107, 1167, 19, 7.956, 86.19, -22.00, 7.956, 266.19, 22.00, 15.911, 266.19, 22.00);
insert into SHOT values (1230, 1103, 1168, 19, 10.842, 311.13, -17.00, 10.842, 131.13, 17.00, 21.685, 131.13, 17.00);
insert into SHOT values (1231, 1168, 1169, 19, 3.874, 306.17, -21.98, 3.874, 126.17, 21.98, 7.748, 126.17, 21.98);
insert into SHOT values (1232, 1169, 1170, 19, 9.198, 293.19, -1.99, 9.198, 113.19, 1.99, 18.397, 113.19, 1.99);
insert into SHOT values (1233, 1170, 1171, 19, 10.881, 290.14, -10.00, 10.881, 110.14, 10.00, 21.762, 110.14, 10.00);
insert into SHOT values (1234, 1171, 1172, 19, 4.468, 288.27, 12.01, 4.468, 108.27, -12.01, 8.936, 108.27, -12.01);
insert into SHOT values (1235, 1172, 1173, 19, 3.686, 229.12, 15.90, 3.686, 49.12, -15.90, 7.372, 49.12, -15.90);
insert into SHOT values (1236, 1173, 1174, 19, 5.867, 278.21, 12.00, 5.867, 98.21, -12.00, 11.734, 98.21, -12.00);
insert into SHOT values (1237, 1174, 1175, 19, 7.901, 134.23, 5.01, 7.901, 314.23, -5.01, 15.802, 314.23, -5.01);
insert into SHOT values (1238, 1175, 1176, 19, 10.376, 296.19, -9.99, 10.376, 116.19, 9.99, 20.753, 116.19, 9.99);
insert into SHOT values (1239, 1176, 1177, 19, 4.397, 284.13, -12.08, 4.397, 104.13, 12.08, 8.795, 104.13, 12.08);
insert into SHOT values (1240, 1177, 1178, 19, 1.003, 73.19, 0.00, 1.003, 253.19, 0.00, 2.006, 253.19, 0.00);
insert into SHOT_FLAG values(1240, 'dpl');
insert into SHOT values (1241, 1177, 1179, 19, 5.195, 48.20, 2.10, 5.195, 228.20, -2.10, 10.389, 228.20, -2.10);
insert into SHOT values (1242, 1179, 1180, 19, 6.241, 129.19, 18.01, 6.241, 309.19, -18.01, 12.482, 309.19, -18.01);
insert into SHOT values (1243, 1177, 1181, 19, 1.683, 280.30, 62.29, 1.683, 100.30, -62.29, 3.366, 100.30, -62.29);
insert into SHOT values (1244, 1181, 1182, 19, 4.354, 314.21, -19.04, 4.354, 134.21, 19.04, 8.708, 134.21, 19.04);
insert into SHOT values (1245, 1181, 1183, 19, 3.873, 230.28, -24.07, 3.873, 50.28, 24.07, 7.747, 50.28, 24.07);
insert into SHOT values (1246, 1183, 1184, 19, 3.606, 130.13, 36.01, 3.606, 310.13, -36.01, 7.212, 310.13, -36.01);
insert into SHOT values (1247, 1175, 1185, 19, 4.975, 127.09, 19.98, 4.975, 307.09, -19.98, 9.951, 307.09, -19.98);
insert into SHOT values (1248, 1070, 1186, 19, 4.698, 170.60, -7.95, 4.698, 350.60, 7.95, 9.395, 350.60, 7.95);
insert into SHOT values (1249, 1186, 1187, 19, 9.802, 359.65, -33.01, 9.802, 179.65, 33.01, 19.605, 179.65, 33.01);
insert into SHOT values (1250, 1187, 1188, 19, 0.450, 90.00, 0.00, 0.450, 270.00, 0.00, 0.900, 270.00, 0.00);
insert into SHOT values (1251, 1188, 1189, 19, 2.550, 0.00, -90.00, 2.550, 90.00, 90.00, 5.100, 90.00, 90.00);
insert into SHOT values (1252, 1189, 1190, 19, 1.491, 89.62, -1.92, 1.491, 269.62, 1.92, 2.982, 269.62, 1.92);
insert into SHOT values (1253, 1190, 1191, 19, 2.752, 98.57, 1.87, 2.752, 278.57, -1.87, 5.504, 278.57, -1.87);
insert into SHOT values (1254, 1191, 1192, 19, 1.757, 52.45, -15.85, 1.757, 232.45, 15.85, 3.514, 232.45, 15.85);
insert into SHOT values (1255, 1192, 1193, 19, 5.198, 104.65, 4.97, 5.198, 284.65, -4.97, 10.396, 284.65, -4.97);
insert into SHOT values (1256, 1193, 1194, 19, 0.750, 0.00, 90.00, 0.750, 90.00, -90.00, 1.500, 90.00, -90.00);
insert into SHOT values (1257, 1194, 1195, 19, 4.105, 135.49, 53.04, 4.105, 315.49, -53.04, 8.209, 315.49, -53.04);
insert into SHOT values (1258, 1195, 1196, 19, 2.200, 141.55, 37.86, 2.200, 321.55, -37.86, 4.399, 321.55, -37.86);
insert into SHOT values (1259, 1196, 1197, 19, 0.648, 133.41, 38.15, 0.648, 313.41, -38.15, 1.295, 313.41, -38.15);
insert into SHOT values (1260, 1197, 1198, 19, 0.600, 0.00, 90.00, 0.600, 90.00, -90.00, 1.200, 90.00, -90.00);
insert into SHOT values (1261, 1198, 1199, 19, 3.301, 123.63, 32.02, 3.301, 303.63, -32.02, 6.601, 303.63, -32.02);
insert into SHOT values (1262, 1197, 1200, 19, 5.703, 180.58, 29.98, 5.703, 0.58, -29.98, 11.407, 0.58, -29.98);
insert into SHOT values (1263, 986, 1201, 19, 1.950, 107.59, 10.04, 1.950, 287.59, -10.04, 3.899, 287.59, -10.04);
insert into SHOT values (1264, 1201, 1202, 19, 4.604, 78.52, -43.00, 4.604, 258.52, 43.00, 9.208, 258.52, 43.00);
insert into SHOT values (1265, 1202, 1203, 19, 4.497, 83.52, -38.02, 4.497, 263.52, 38.02, 8.994, 263.52, 38.02);
insert into SHOT values (1266, 1203, 1204, 19, 6.495, 343.62, -58.03, 6.495, 163.62, 58.03, 12.991, 163.62, 58.03);
insert into SHOT values (1267, 1204, 1205, 19, 5.698, 67.60, -47.04, 5.698, 247.60, 47.04, 11.396, 247.60, 47.04);
insert into SHOT values (1268, 984, 1206, 19, 2.326, 160.63, 23.03, 2.326, 340.63, -23.03, 4.653, 340.63, -23.03);
insert into SHOT values (1269, 1206, 1207, 19, 2.599, 193.61, -28.00, 2.599, 13.61, 28.00, 5.197, 13.61, 28.00);
insert into SHOT values (1270, 1207, 1208, 19, 3.002, 203.62, -17.04, 3.002, 23.62, 17.04, 6.005, 23.62, 17.04);
insert into SHOT values (1271, 1208, 1209, 19, 7.397, 306.60, -31.00, 7.397, 126.60, 31.00, 14.794, 126.60, 31.00);
insert into SHOT values (1272, 979, 1210, 19, 4.937, 125.49, 19.03, 4.937, 305.49, -19.03, 9.874, 305.49, -19.03);
insert into SHOT values (1273, 1210, 1211, 19, 1.856, 8.77, -27.96, 1.856, 188.77, 27.96, 3.711, 188.77, 27.96);
insert into SHOT values (1274, 1211, 1212, 19, 6.104, 21.52, -21.03, 6.104, 201.52, 21.03, 12.207, 201.52, 21.03);
insert into SHOT values (1275, 1212, 1213, 19, 3.414, 277.52, 20.04, 3.414, 97.52, -20.04, 6.829, 97.52, -20.04);
insert into SHOT values (1276, 1213, 1214, 19, 3.395, 51.58, 0.00, 3.395, 231.58, 0.00, 6.790, 231.58, 0.00);
insert into SHOT values (1277, 1214, 1215, 19, 0.650, 0.00, -90.00, 0.650, 90.00, 90.00, 1.300, 90.00, 90.00);
insert into SHOT values (1278, 1215, 1216, 19, 5.557, 91.55, -30.02, 5.557, 271.55, 30.02, 11.114, 271.55, 30.02);
insert into SHOT values (1279, 1216, 1217, 19, 1.050, 0.00, 90.00, 1.050, 90.00, -90.00, 2.100, 90.00, -90.00);
insert into SHOT values (1280, 1217, 1218, 19, 3.146, 323.53, 0.00, 3.146, 143.53, 0.00, 6.292, 143.53, 0.00);
insert into SHOT values (1281, 1218, 1219, 19, 1.902, 327.78, -24.87, 1.902, 147.78, 24.87, 3.804, 147.78, 24.87);
insert into SHOT values (1282, 1219, 1220, 19, 1.600, 0.00, -90.00, 1.600, 90.00, 90.00, 3.200, 90.00, 90.00);
insert into SHOT values (1283, 1220, 1221, 19, 5.302, 291.58, -0.97, 5.302, 111.58, 0.97, 10.605, 111.58, 0.97);
insert into SHOT values (1284, 1222, 1223, 19, 7.391, 132.39, 32.77, 7.391, 312.39, -32.77, 14.782, 312.39, -32.77);
insert into SHOT values (1285, 1223, 1224, 19, 4.357, 102.36, 24.26, 4.357, 282.36, -24.26, 8.713, 282.36, -24.26);
insert into SHOT values (1286, 1224, 1225, 19, 6.818, 216.44, 14.53, 6.818, 36.44, -14.53, 13.636, 36.44, -14.53);
insert into SHOT values (1287, 1225, 1226, 19, 8.190, 74.11, 2.52, 8.190, 254.11, -2.52, 16.381, 254.11, -2.52);
insert into SHOT values (1288, 1226, 1227, 19, 5.695, 98.59, -0.91, 5.695, 278.59, 0.91, 11.389, 278.59, 0.91);
insert into SHOT values (1289, 1227, 1228, 19, 6.549, 335.94, 0.09, 6.549, 155.94, -0.09, 13.098, 155.94, -0.09);
insert into SHOT values (1290, 1228, 1229, 19, 1.206, 110.32, -61.49, 1.206, 290.32, 61.49, 2.413, 290.32, 61.49);
insert into SHOT values (1291, 1229, 1230, 19, 1.371, 346.07, -1.25, 1.371, 166.07, 1.25, 2.741, 166.07, 1.25);
insert into SHOT values (1292, 1230, 1231, 19, 1.946, 347.54, -0.59, 1.946, 167.54, 0.59, 3.892, 167.54, 0.59);
insert into SHOT values (1293, 1231, 1232, 19, 1.774, 21.33, -27.90, 1.774, 201.33, 27.90, 3.547, 201.33, 27.90);
insert into SHOT values (1294, 1232, 1233, 19, 1.910, 18.13, 19.58, 1.910, 198.13, -19.58, 3.820, 198.13, -19.58);
insert into SHOT values (1295, 1233, 1234, 19, 1.948, 351.51, 36.92, 1.948, 171.51, -36.92, 3.895, 171.51, -36.92);
insert into SHOT values (1296, 1234, 1235, 19, 1.006, 322.43, 12.05, 1.006, 142.43, -12.05, 2.012, 142.43, -12.05);
insert into SHOT values (1297, 1235, 1236, 19, 1.917, 217.48, 9.61, 1.917, 37.48, -9.61, 3.834, 37.48, -9.61);
insert into SHOT values (1298, 1236, 1237, 19, 2.275, 250.14, 32.73, 2.275, 70.14, -32.73, 4.550, 70.14, -32.73);
insert into SHOT values (1299, 1237, 1238, 19, 0.496, 58.82, -26.35, 0.496, 238.82, 26.35, 0.991, 238.82, 26.35);
insert into SHOT values (1300, 1238, 1239, 19, 1.086, 97.98, -5.81, 1.086, 277.98, 5.81, 2.172, 277.98, 5.81);
insert into SHOT values (1301, 1239, 1240, 19, 1.652, 106.99, 62.88, 1.652, 286.99, -62.88, 3.303, 286.99, -62.88);
insert into SHOT values (1302, 1240, 1241, 19, 1.244, 359.01, 62.20, 1.244, 179.01, -62.20, 2.487, 179.01, -62.20);
insert into SHOT values (1303, 1241, 1242, 19, 1.862, 149.22, 72.92, 1.862, 329.22, -72.92, 3.724, 329.22, -72.92);
insert into SHOT values (1304, 1242, 1242, 19, 0.000, 0.00, 0.00, 0.000, 90.00, 0.00, 0.000, 90.00, 0.00);
insert into SHOT values (1305, 1242, 1243, 19, 3.229, 292.10, -11.61, 3.229, 112.10, 11.61, 6.457, 112.10, 11.61);
insert into SHOT values (1306, 1242, 1244, 19, 2.046, 201.64, 19.71, 2.046, 21.64, -19.71, 4.091, 21.64, -19.71);
insert into SHOT values (1307, 1244, 1244, 19, 0.000, 0.00, 0.00, 0.000, 90.00, 0.00, 0.000, 90.00, 0.00);
insert into SHOT values (1308, 1244, 1245, 19, 2.280, 81.91, -20.81, 2.280, 261.91, 20.81, 4.560, 261.91, 20.81);
insert into SHOT values (1309, 1245, 1246, 19, 1.251, 150.67, 15.76, 1.251, 330.67, -15.76, 2.503, 330.67, -15.76);
insert into SHOT values (1310, 1246, 1247, 19, 1.134, 105.78, -32.54, 1.134, 285.78, 32.54, 2.268, 285.78, 32.54);
insert into SHOT values (1311, 1247, 1248, 19, 1.442, 42.59, -21.14, 1.442, 222.59, 21.14, 2.883, 222.59, 21.14);
insert into SHOT values (1312, 1248, 1248, 19, 0.000, 0.00, 0.00, 0.000, 90.00, 0.00, 0.000, 90.00, 0.00);
insert into SHOT values (1313, 1248, 1249, 19, 2.280, 1.51, -5.28, 2.280, 181.51, 5.28, 4.561, 181.51, 5.28);
insert into SHOT values (1314, 1247, 1247, 19, 0.000, 0.00, 0.00, 0.000, 90.00, 0.00, 0.000, 90.00, 0.00);
insert into SHOT values (1315, 1247, 1250, 19, 1.032, 116.82, 8.92, 1.032, 296.82, -8.92, 2.064, 296.82, -8.92);
insert into SHOT values (1316, 1250, 1251, 19, 1.118, 90.00, -21.52, 1.118, 270.00, 21.52, 2.236, 270.00, 21.52);
insert into SHOT values (1317, 1245, 1245, 19, 0.000, 0.00, 0.00, 0.000, 90.00, 0.00, 0.000, 90.00, 0.00);
insert into SHOT values (1318, 1245, 1252, 19, 2.451, 358.80, -12.73, 2.451, 178.80, 12.73, 4.902, 178.80, 12.73);
insert into SHOT values (1319, 1252, 1242, 19, 1.752, 56.31, -22.14, 1.752, 56.31, -22.14, 0.000, 180.00, 0.00);
insert into SHOT values (1320, 1244, 1253, 19, 0.821, 64.44, -71.90, 0.821, 244.44, 71.90, 1.641, 244.44, 71.90);
insert into SHOT values (1321, 1253, 1254, 19, 2.283, 276.23, -14.20, 2.283, 96.23, 14.20, 4.566, 96.23, 14.20);
insert into SHOT values (1322, 1254, 1255, 19, 1.591, 315.26, -7.59, 1.591, 135.26, 7.59, 3.182, 135.26, 7.59);
insert into SHOT values (1323, 1255, 1255, 19, 0.000, 0.00, 0.00, 0.000, 90.00, 0.00, 0.000, 90.00, 0.00);
insert into SHOT values (1324, 1255, 1256, 19, 2.333, 229.88, 3.93, 2.333, 49.88, -3.93, 4.666, 49.88, -3.93);
insert into SHOT values (1325, 1256, 1257, 19, 2.216, 184.09, 67.67, 2.216, 4.09, -67.67, 4.432, 4.09, -67.67);
insert into SHOT values (1326, 1257, 1258, 19, 1.172, 126.53, 55.01, 1.172, 306.53, -55.01, 2.344, 306.53, -55.01);
insert into SHOT values (1327, 1258, 1259, 19, 2.572, 109.47, 27.56, 2.572, 289.47, -27.56, 5.144, 289.47, -27.56);
insert into SHOT values (1328, 1257, 1257, 19, 0.000, 0.00, 0.00, 0.000, 90.00, 0.00, 0.000, 90.00, 0.00);
insert into SHOT values (1329, 1257, 1260, 19, 2.007, 167.47, 29.22, 2.007, 347.47, -29.22, 4.014, 347.47, -29.22);
insert into SHOT values (1330, 1260, 1261, 19, 2.041, 259.42, 9.30, 2.041, 79.42, -9.30, 4.082, 79.42, -9.30);
insert into SHOT values (1331, 1255, 1262, 19, 1.757, 204.09, -58.00, 1.757, 24.09, 58.00, 3.514, 24.09, 58.00);
insert into SHOT values (1332, 1262, 1263, 19, 1.306, 20.22, -81.08, 1.306, 200.22, 81.08, 2.612, 200.22, 81.08);
insert into SHOT values (1333, 1263, 1263, 19, 0.000, 0.00, 0.00, 0.000, 90.00, 0.00, 0.000, 90.00, 0.00);
insert into SHOT values (1334, 1263, 1264, 19, 3.253, 164.26, -21.65, 3.253, 344.26, 21.65, 6.506, 344.26, 21.65);
insert into SHOT values (1335, 1263, 1237, 19, 1.980, 238.68, 11.07, 1.980, 238.68, 11.07, 0.000, 0.00, 0.00);
insert into SHOT values (1336, 1255, 1243, 19, 1.750, 209.66, -6.89, 1.750, 209.66, -6.89, 0.000, 0.00, 0.00);
insert into SHOT values (1337, 1230, 1230, 19, 0.000, 0.00, 0.00, 0.000, 90.00, 0.00, 0.000, 90.00, 0.00);
insert into SHOT values (1338, 1230, 1265, 19, 5.005, 272.18, 1.37, 5.005, 92.18, -1.37, 10.010, 92.18, -1.37);
insert into SHOT values (1339, 1228, 1228, 19, 0.000, 0.00, 0.00, 0.000, 90.00, 0.00, 0.000, 90.00, 0.00);
insert into SHOT values (1340, 1228, 1266, 19, 1.337, 28.44, 65.89, 1.337, 208.44, -65.89, 2.673, 208.44, -65.89);
insert into SHOT values (1341, 1266, 1267, 19, 1.467, 329.13, 46.28, 1.467, 149.13, -46.28, 2.933, 149.13, -46.28);
insert into SHOT values (1342, 1267, 1268, 19, 1.137, 126.21, 52.36, 1.137, 306.21, -52.36, 2.273, 306.21, -52.36);
insert into SHOT values (1343, 1268, 1268, 19, 0.000, 0.00, 0.00, 0.000, 90.00, 0.00, 0.000, 90.00, 0.00);
insert into SHOT values (1344, 1268, 1269, 19, 1.284, 205.37, 0.00, 1.284, 25.37, 0.00, 2.568, 25.37, 0.00);
insert into SHOT values (1345, 1269, 1270, 19, 1.194, 198.43, 11.59, 1.194, 18.43, -11.59, 2.389, 18.43, -11.59);
insert into SHOT values (1346, 1270, 1271, 19, 1.348, 192.90, -4.68, 1.348, 12.90, 4.68, 2.697, 12.90, 4.68);
insert into SHOT values (1347, 1271, 1272, 19, 1.615, 199.51, -33.45, 1.615, 19.51, 33.45, 3.230, 19.51, 33.45);
insert into SHOT values (1348, 1269, 1269, 19, 0.000, 0.00, 0.00, 0.000, 90.00, 0.00, 0.000, 90.00, 0.00);
insert into SHOT values (1349, 1269, 1273, 19, 2.275, 287.47, 5.55, 2.275, 107.47, -5.55, 4.550, 107.47, -5.55);
insert into SHOT values (1350, 1269, 1274, 19, 2.641, 115.46, -28.25, 2.641, 295.46, 28.25, 5.281, 295.46, 28.25);
insert into SHOT values (1351, 1268, 1275, 19, 2.014, 310.74, 48.56, 2.014, 130.74, -48.56, 4.028, 130.74, -48.56);
insert into SHOT values (1352, 1275, 1276, 19, 1.476, 316.83, 25.70, 1.476, 136.83, -25.70, 2.952, 136.83, -25.70);
insert into SHOT values (1353, 1276, 1277, 19, 1.076, 108.82, 64.39, 1.076, 288.82, -64.39, 2.151, 288.82, -64.39);
insert into SHOT values (1354, 1277, 1278, 19, 0.954, 205.11, 42.16, 0.954, 25.11, -42.16, 1.907, 25.11, -42.16);
insert into SHOT values (1355, 1278, 1278, 19, 0.000, 0.00, 0.00, 0.000, 90.00, 0.00, 0.000, 90.00, 0.00);
insert into SHOT values (1356, 1278, 1279, 19, 1.015, 52.43, 14.25, 1.015, 232.43, -14.25, 2.031, 232.43, -14.25);
insert into SHOT values (1357, 1279, 1280, 19, 1.325, 348.69, 15.77, 1.325, 168.69, -15.77, 2.649, 168.69, -15.77);
insert into SHOT values (1358, 1280, 1281, 19, 1.481, 313.07, -31.77, 1.481, 133.07, 31.77, 2.963, 133.07, 31.77);
insert into SHOT values (1359, 1281, 1282, 19, 0.940, 95.64, -30.00, 0.940, 275.64, 30.00, 1.880, 275.64, 30.00);
insert into SHOT values (1360, 1278, 1283, 19, 1.003, 233.84, 71.27, 1.003, 53.84, -71.27, 2.006, 53.84, -71.27);
insert into SHOT values (1361, 1283, 1284, 19, 1.321, 272.94, 27.51, 1.321, 92.94, -27.51, 2.642, 92.94, -27.51);
insert into SHOT values (1362, 1284, 1284, 19, 0.000, 0.00, 0.00, 0.000, 90.00, 0.00, 0.000, 90.00, 0.00);
insert into SHOT values (1363, 1284, 1285, 19, 2.575, 301.46, 4.45, 2.575, 121.46, -4.45, 5.150, 121.46, -4.45);
insert into SHOT values (1364, 1284, 1286, 19, 0.981, 0.75, 39.20, 0.981, 180.75, -39.20, 1.962, 180.75, -39.20);
insert into SHOT values (1365, 1286, 1287, 19, 1.347, 109.04, 27.41, 1.347, 289.04, -27.41, 2.693, 289.04, -27.41);
insert into SHOT values (1366, 1287, 1288, 19, 1.138, 196.09, 17.92, 1.138, 16.09, -17.92, 2.275, 16.09, -17.92);
insert into SHOT values (1367, 1288, 1288, 19, 0.000, 0.00, 0.00, 0.000, 90.00, 0.00, 0.000, 90.00, 0.00);
insert into SHOT values (1368, 1288, 1289, 19, 2.656, 194.68, 11.29, 2.656, 14.68, -11.29, 5.313, 14.68, -11.29);
insert into SHOT values (1369, 1288, 1290, 19, 1.043, 98.29, 3.85, 1.043, 278.29, -3.85, 2.086, 278.29, -3.85);
insert into SHOT values (1370, 1290, 1291, 19, 2.343, 140.98, -17.12, 2.343, 320.98, 17.12, 4.687, 320.98, 17.12);
insert into SHOT values (1371, 1291, 1292, 19, 1.004, 86.00, -3.43, 1.004, 266.00, 3.43, 2.008, 266.00, 3.43);
insert into SHOT values (1372, 1292, 1293, 19, 1.541, 187.45, 45.55, 1.541, 7.45, -45.55, 3.082, 7.45, -45.55);
insert into SHOT values (1373, 1293, 1294, 19, 1.199, 118.30, 82.93, 1.199, 298.30, -82.93, 2.398, 298.30, -82.93);
insert into SHOT values (1374, 1294, 1295, 19, 1.377, 243.43, 59.78, 1.377, 63.43, -59.78, 2.754, 63.43, -59.78);
insert into SHOT values (1375, 1295, 1295, 19, 0.000, 0.00, 0.00, 0.000, 90.00, 0.00, 0.000, 90.00, 0.00);
insert into SHOT values (1376, 1294, 1296, 19, 1.708, 17.78, 12.17, 1.708, 197.78, -12.17, 3.416, 197.78, -12.17);
insert into SHOT values (1377, 1296, 1297, 19, 1.840, 294.66, 18.05, 1.840, 114.66, -18.05, 3.680, 114.66, -18.05);
insert into SHOT values (1378, 1297, 1298, 19, 1.096, 180.00, 25.40, 1.096, 0.00, -25.40, 2.192, 0.00, -25.40);
insert into SHOT values (1379, 1298, 1299, 19, 1.480, 159.81, -11.70, 1.480, 339.81, 11.70, 2.959, 339.81, 11.70);
insert into SHOT values (1380, 1299, 1295, 19, 0.297, 8.13, -17.65, 0.297, 8.13, -17.65, 0.000, 180.00, 0.00);
insert into SHOT values (1381, 1298, 1300, 19, 1.480, 148.85, 44.09, 1.480, 328.85, -44.09, 2.961, 328.85, -44.09);
insert into SHOT values (1382, 1300, 1300, 19, 0.000, 0.00, 0.00, 0.000, 90.00, 0.00, 0.000, 90.00, 0.00);
insert into SHOT values (1383, 1300, 1301, 19, 2.484, 277.41, 2.77, 2.484, 97.41, -2.77, 4.967, 97.41, -2.77);
insert into SHOT values (1384, 1300, 1302, 19, 1.654, 104.04, 18.69, 1.654, 284.04, -18.69, 3.308, 284.04, -18.69);
insert into SHOT values (1385, 1302, 1303, 19, 1.469, 125.86, -1.56, 1.469, 305.86, 1.56, 2.938, 305.86, 1.56);
insert into SHOT values (1386, 1303, 1304, 19, 1.139, 160.92, 6.05, 1.139, 340.92, -6.05, 2.277, 340.92, -6.05);
insert into SHOT values (1387, 1304, 1305, 19, 1.689, 155.45, 34.23, 1.689, 335.45, -34.23, 3.377, 335.45, -34.23);
insert into SHOT values (1388, 1305, 1305, 19, 0.000, 0.00, 0.00, 0.000, 90.00, 0.00, 0.000, 90.00, 0.00);
insert into SHOT values (1389, 1305, 1306, 19, 2.647, 259.59, 25.99, 2.647, 79.59, -25.99, 5.294, 79.59, -25.99);
insert into SHOT values (1390, 1306, 1307, 19, 1.622, 234.73, -21.71, 1.622, 54.73, 21.71, 3.243, 54.73, 21.71);
insert into SHOT values (1391, 1307, 1308, 19, 1.614, 254.74, -69.32, 1.614, 74.74, 69.32, 3.228, 74.74, 69.32);
insert into SHOT values (1392, 1308, 1309, 19, 1.897, 350.91, -82.33, 1.897, 170.91, 82.33, 3.794, 170.91, 82.33);
insert into SHOT values (1393, 1309, 1310, 19, 0.993, 243.71, -21.25, 0.993, 63.71, 21.25, 1.987, 63.71, 21.25);
insert into SHOT values (1394, 1310, 1311, 19, 1.623, 325.60, -46.62, 1.623, 145.60, 46.62, 3.247, 145.60, 46.62);
insert into SHOT values (1395, 1311, 1312, 19, 1.741, 328.44, -31.13, 1.741, 148.44, 31.13, 3.482, 148.44, 31.13);
insert into SHOT values (1396, 1312, 1312, 19, 0.000, 0.00, 0.00, 0.000, 90.00, 0.00, 0.000, 90.00, 0.00);
insert into SHOT values (1397, 1312, 1313, 19, 2.216, 302.28, 59.53, 2.216, 122.28, -59.53, 4.432, 122.28, -59.53);
insert into SHOT values (1398, 1313, 1314, 19, 1.307, 11.31, 30.85, 1.307, 191.31, -30.85, 2.613, 191.31, -30.85);
insert into SHOT values (1399, 1314, 1315, 19, 1.701, 19.53, -28.43, 1.701, 199.53, 28.43, 3.402, 199.53, 28.43);
insert into SHOT values (1400, 1315, 1316, 19, 1.502, 306.87, -2.67, 1.502, 126.87, 2.67, 3.003, 126.87, 2.67);
insert into SHOT values (1401, 1316, 1317, 19, 1.346, 286.31, 17.74, 1.346, 106.31, -17.74, 2.691, 106.31, -17.74);
insert into SHOT values (1402, 1317, 1318, 19, 2.339, 213.94, 34.96, 2.339, 33.94, -34.96, 4.677, 33.94, -34.96);
insert into SHOT values (1403, 1318, 1319, 19, 1.745, 205.10, -1.31, 1.745, 25.10, 1.31, 3.490, 25.10, 1.31);
insert into SHOT values (1404, 1319, 1320, 19, 1.348, 221.67, -6.82, 1.348, 41.67, 6.82, 2.696, 41.67, 6.82);
insert into SHOT values (1405, 1320, 1321, 19, 1.210, 189.12, 47.33, 1.210, 9.12, -47.33, 2.421, 9.12, -47.33);
insert into SHOT values (1406, 1321, 1322, 19, 0.951, 52.91, 57.28, 0.951, 232.91, -57.28, 1.902, 232.91, -57.28);
insert into SHOT values (1407, 1322, 1323, 19, 0.939, 320.84, 16.07, 0.939, 140.84, -16.07, 1.879, 140.84, -16.07);
insert into SHOT values (1408, 1323, 1324, 19, 1.806, 276.52, -12.79, 1.806, 96.52, 12.79, 3.612, 96.52, 12.79);
insert into SHOT values (1409, 1324, 1325, 19, 1.783, 249.28, 20.69, 1.783, 69.28, -20.69, 3.566, 69.28, -20.69);
insert into SHOT values (1410, 1325, 1326, 19, 2.654, 162.45, 0.86, 2.654, 342.45, -0.86, 5.308, 342.45, -0.86);
insert into SHOT values (1411, 1326, 1327, 19, 6.138, 329.74, -39.69, 6.138, 149.74, 39.69, 12.276, 149.74, 39.69);
insert into SHOT values (1412, 1327, 1328, 19, 5.014, 50.38, -29.25, 5.014, 230.38, 29.25, 10.029, 230.38, 29.25);
insert into SHOT values (1413, 1328, 1329, 19, 0.997, 98.13, 6.91, 0.997, 278.13, -6.91, 1.994, 278.13, -6.91);
insert into SHOT values (1414, 1329, 1330, 19, 1.485, 109.54, 48.36, 1.485, 289.54, -48.36, 2.970, 289.54, -48.36);
insert into SHOT values (1415, 1326, 1326, 19, 0.000, 0.00, 0.00, 0.000, 90.00, 0.00, 0.000, 90.00, 0.00);
insert into SHOT values (1416, 1326, 1331, 19, 2.796, 11.68, 30.05, 2.796, 191.68, -30.05, 5.592, 191.68, -30.05);
insert into SHOT values (1417, 1331, 1332, 19, 3.855, 107.76, 73.71, 3.855, 287.76, -73.71, 7.710, 287.76, -73.71);
insert into SHOT values (1418, 1312, 1333, 19, 1.256, 218.16, -31.71, 1.256, 38.16, 31.71, 2.511, 38.16, 31.71);
insert into SHOT values (1419, 1333, 1334, 19, 1.693, 171.62, -13.32, 1.693, 351.62, 13.32, 3.386, 351.62, 13.32);
insert into SHOT values (1420, 1334, 1334, 19, 0.000, 0.00, 0.00, 0.000, 90.00, 0.00, 0.000, 90.00, 0.00);
insert into SHOT values (1421, 1334, 1334, 19, 0.000, 0.00, 0.00, 0.000, 90.00, 0.00, 0.000, 90.00, 0.00);
insert into SHOT values (1422, 1334, 1334, 19, 0.000, 0.00, 0.00, 0.000, 90.00, 0.00, 0.000, 90.00, 0.00);
insert into SHOT values (1423, 1334, 1335, 19, 2.625, 347.17, -28.93, 2.625, 167.17, 28.93, 5.250, 167.17, 28.93);
insert into SHOT values (1424, 1335, 1336, 19, 2.470, 328.73, -39.46, 2.470, 148.73, 39.46, 4.940, 148.73, 39.46);
insert into SHOT values (1425, 1336, 1337, 19, 2.176, 260.21, -23.28, 2.176, 80.21, 23.28, 4.353, 80.21, 23.28);
insert into SHOT values (1426, 1334, 1338, 19, 1.344, 76.54, -26.51, 1.344, 256.54, 26.51, 2.689, 256.54, 26.51);
insert into SHOT values (1427, 1338, 1339, 19, 2.635, 137.88, 15.86, 2.635, 317.88, -15.86, 5.270, 317.88, -15.86);
insert into SHOT values (1428, 1339, 1339, 19, 0.000, 0.00, 0.00, 0.000, 90.00, 0.00, 0.000, 90.00, 0.00);
insert into SHOT values (1429, 1339, 1340, 19, 1.283, 169.22, 0.45, 1.283, 349.22, -0.45, 2.565, 349.22, -0.45);
insert into SHOT values (1430, 1339, 1341, 19, 1.007, 49.66, 17.94, 1.007, 229.66, -17.94, 2.013, 229.66, -17.94);
insert into SHOT values (1431, 1341, 1342, 19, 1.602, 68.63, -39.56, 1.602, 248.63, 39.56, 3.203, 248.63, 39.56);
insert into SHOT values (1432, 1342, 1343, 19, 2.414, 81.63, -4.75, 2.414, 261.63, 4.75, 4.828, 261.63, 4.75);
insert into SHOT values (1433, 1343, 1344, 19, 1.209, 125.99, 13.87, 1.209, 305.99, -13.87, 2.419, 305.99, -13.87);
insert into SHOT values (1434, 1344, 1344, 19, 0.000, 0.00, 0.00, 0.000, 90.00, 0.00, 0.000, 90.00, 0.00);
insert into SHOT values (1435, 1344, 1345, 19, 0.967, 16.11, -14.37, 0.967, 196.11, 14.37, 1.934, 196.11, 14.37);
insert into SHOT values (1436, 1345, 1346, 19, 1.547, 24.23, 64.83, 1.547, 204.23, -64.83, 3.094, 204.23, -64.83);
insert into SHOT values (1437, 1346, 1346, 19, 0.000, 0.00, 0.00, 0.000, 90.00, 0.00, 0.000, 90.00, 0.00);
insert into SHOT values (1438, 1346, 1347, 19, 1.012, 65.32, 36.38, 1.012, 245.32, -36.38, 2.023, 245.32, -36.38);
insert into SHOT values (1439, 1347, 1348, 19, 1.194, 310.60, 85.57, 1.194, 130.60, -85.57, 2.387, 130.60, -85.57);
insert into SHOT values (1440, 1348, 1349, 19, 2.145, 168.95, 4.01, 2.145, 348.95, -4.01, 4.290, 348.95, -4.01);
insert into SHOT values (1441, 1349, 1350, 19, 2.426, 56.07, -36.41, 2.426, 236.07, 36.41, 4.852, 236.07, 36.41);
insert into SHOT values (1442, 1350, 1351, 19, 1.252, 280.47, -14.81, 1.252, 100.47, 14.81, 2.504, 100.47, 14.81);
insert into SHOT values (1443, 1351, 1346, 19, 1.570, 104.48, 6.58, 1.570, 104.48, 6.58, 0.000, 116.57, 0.00);
insert into SHOT values (1444, 1350, 1352, 19, 2.786, 150.62, 11.39, 2.786, 330.62, -11.39, 5.572, 330.62, -11.39);
insert into SHOT values (1445, 1352, 1353, 19, 3.448, 184.71, -8.34, 3.448, 4.71, 8.34, 6.896, 4.71, 8.34);
insert into SHOT values (1446, 1353, 1354, 19, 3.848, 129.88, 8.52, 3.848, 309.88, -8.52, 7.695, 309.88, -8.52);
insert into SHOT values (1447, 1354, 1355, 19, 3.196, 100.19, -20.32, 3.196, 280.19, 20.32, 6.392, 280.19, 20.32);
insert into SHOT values (1448, 1355, 1356, 19, 1.691, 145.21, 19.35, 1.691, 325.21, -19.35, 3.381, 325.21, -19.35);
insert into SHOT values (1449, 1356, 1357, 19, 2.101, 90.59, 23.27, 2.101, 270.59, -23.27, 4.202, 270.59, -23.27);
insert into SHOT values (1450, 1357, 1358, 19, 2.340, 111.30, -0.24, 2.340, 291.30, 0.24, 4.680, 291.30, 0.24);
insert into SHOT values (1451, 1358, 1359, 19, 1.991, 110.24, 16.63, 1.991, 290.24, -16.63, 3.982, 290.24, -16.63);
insert into SHOT values (1452, 1359, 1360, 19, 2.705, 102.60, -0.21, 2.705, 282.60, 0.21, 5.410, 282.60, 0.21);
insert into SHOT values (1453, 1353, 1353, 19, 0.000, 0.00, 0.00, 0.000, 90.00, 0.00, 0.000, 90.00, 0.00);
insert into SHOT values (1454, 1353, 1361, 19, 1.797, 192.36, -53.26, 1.797, 12.36, 53.26, 3.594, 12.36, 53.26);
insert into SHOT values (1455, 1361, 1362, 19, 1.606, 108.56, -23.10, 1.606, 288.56, 23.10, 3.211, 288.56, 23.10);
insert into SHOT values (1456, 1362, 1363, 19, 1.940, 173.49, -39.36, 1.940, 353.49, 39.36, 3.879, 353.49, 39.36);
insert into SHOT values (1457, 1363, 1364, 19, 2.424, 305.17, -13.11, 2.424, 125.17, 13.11, 4.849, 125.17, 13.11);
insert into SHOT values (1458, 1364, 1365, 19, 2.919, 284.36, -29.56, 2.919, 104.36, 29.56, 5.839, 104.36, 29.56);
insert into SHOT values (1459, 1365, 1366, 19, 3.232, 107.94, 25.28, 3.232, 287.94, -25.28, 6.463, 287.94, -25.28);
insert into SHOT values (1460, 1365, 1365, 19, 0.000, 0.00, 0.00, 0.000, 90.00, 0.00, 0.000, 90.00, 0.00);
insert into SHOT values (1461, 1365, 1367, 19, 3.719, 308.49, -13.53, 3.719, 128.49, 13.53, 7.437, 128.49, 13.53);
insert into SHOT values (1462, 1367, 1368, 19, 3.988, 218.01, -33.83, 3.988, 38.01, 33.83, 7.975, 38.01, 33.83);
insert into SHOT values (1463, 1368, 1368, 19, 0.000, 0.00, 0.00, 0.000, 90.00, 0.00, 0.000, 90.00, 0.00);
insert into SHOT values (1464, 1368, 1226, 19, 10.405, 150.09, 11.76, 10.405, 150.09, 11.76, 0.000, 5.44, 0.00);
insert into SHOT values (1465, 1365, 1369, 19, 2.627, 50.00, 30.16, 2.627, 230.00, -30.16, 5.254, 230.00, -30.16);
insert into SHOT values (1466, 1369, 1370, 19, 2.704, 325.57, 37.07, 2.704, 145.57, -37.07, 5.409, 145.57, -37.07);
insert into SHOT values (1467, 1370, 1371, 19, 2.070, 337.47, -23.03, 2.070, 157.47, 23.03, 4.141, 157.47, 23.03);
insert into SHOT values (1468, 1371, 1344, 19, 1.991, 131.46, -46.34, 1.991, 131.46, -46.34, 0.000, 180.00, 0.00);
insert into SHOT values (1469, 1371, 1371, 19, 0.000, 0.00, 0.00, 0.000, 90.00, 0.00, 0.000, 90.00, 0.00);
insert into SHOT values (1470, 1371, 1372, 19, 2.082, 305.99, 4.13, 2.082, 125.99, -4.13, 4.163, 125.99, -4.13);
insert into SHOT values (1471, 1372, 1373, 19, 2.076, 250.73, -43.15, 2.076, 70.73, 43.15, 4.153, 70.73, 43.15);
insert into SHOT values (1472, 1373, 1374, 19, 2.947, 332.87, -21.50, 2.947, 152.87, 21.50, 5.893, 152.87, 21.50);
insert into SHOT values (1473, 1374, 1375, 19, 1.392, 302.54, 8.68, 1.392, 122.54, -8.68, 2.784, 122.54, -8.68);
insert into SHOT values (1474, 1365, 1365, 19, 0.000, 0.00, 0.00, 0.000, 90.00, 0.00, 0.000, 90.00, 0.00);
insert into SHOT values (1475, 1365, 1365, 19, 0.000, 0.00, 0.00, 0.000, 90.00, 0.00, 0.000, 90.00, 0.00);
insert into SHOT values (1476, 1346, 1346, 19, 0.000, 0.00, 0.00, 0.000, 90.00, 0.00, 0.000, 90.00, 0.00);
insert into SHOT values (1477, 1346, 1376, 19, 1.302, 325.68, 14.68, 1.302, 145.68, -14.68, 2.604, 145.68, -14.68);
insert into SHOT values (1478, 1376, 1377, 19, 1.283, 43.11, -59.89, 1.283, 223.11, 59.89, 2.566, 223.11, 59.89);
insert into SHOT values (1479, 1377, 1378, 19, 1.407, 11.92, 37.67, 1.407, 191.92, -37.67, 2.815, 191.92, -37.67);
insert into SHOT values (1480, 1378, 1379, 19, 3.372, 28.62, -4.59, 3.372, 208.62, 4.59, 6.743, 208.62, 4.59);
insert into SHOT values (1481, 1379, 1380, 19, 3.484, 264.75, 32.07, 3.484, 84.75, -32.07, 6.968, 84.75, -32.07);
insert into SHOT values (1482, 1380, 1381, 19, 0.757, 38.48, 48.85, 0.757, 218.48, -48.85, 1.514, 218.48, -48.85);
insert into SHOT values (1483, 1381, 1382, 19, 1.117, 58.88, 56.35, 1.117, 238.88, -56.35, 2.234, 238.88, -56.35);
insert into SHOT values (1484, 1382, 1383, 19, 1.673, 163.99, 44.36, 1.673, 343.99, -44.36, 3.347, 343.99, -44.36);
insert into SHOT values (1485, 1383, 1384, 19, 1.532, 120.74, 73.68, 1.532, 300.74, -73.68, 3.063, 300.74, -73.68);
insert into SHOT values (1486, 1384, 1385, 19, 2.773, 104.84, 1.45, 2.773, 284.84, -1.45, 5.547, 284.84, -1.45);
insert into SHOT values (1487, 1378, 1378, 19, 0.000, 0.00, 0.00, 0.000, 90.00, 0.00, 0.000, 90.00, 0.00);
insert into SHOT values (1488, 1378, 1386, 19, 3.114, 303.18, -3.87, 3.114, 123.18, 3.87, 6.227, 123.18, 3.87);
insert into SHOT values (1489, 1377, 1377, 19, 0.000, 0.00, 0.00, 0.000, 90.00, 0.00, 0.000, 90.00, 0.00);
insert into SHOT values (1490, 1376, 1387, 19, 2.669, 292.17, 10.58, 2.669, 112.17, -10.58, 5.339, 112.17, -10.58);
insert into SHOT values (1491, 1306, 1388, 19, 2.178, 191.53, 76.73, 2.178, 11.53, -76.73, 4.356, 11.53, -76.73);
insert into SHOT values (1492, 1388, 1389, 19, 2.105, 195.76, 36.43, 2.105, 15.76, -36.43, 4.210, 15.76, -36.43);
insert into SHOT values (1493, 1389, 1390, 19, 2.021, 262.22, -23.94, 2.021, 82.22, 23.94, 4.042, 82.22, 23.94);
insert into SHOT values (1494, 1390, 1391, 19, 0.671, 204.23, 11.18, 0.671, 24.23, -11.18, 1.341, 24.23, -11.18);
insert into SHOT values (1495, 1391, 1392, 19, 1.156, 260.16, 30.68, 1.156, 80.16, -30.68, 2.313, 80.16, -30.68);
insert into SHOT values (1496, 1392, 1393, 19, 2.145, 312.51, 33.38, 2.145, 132.51, -33.38, 4.289, 132.51, -33.38);
insert into SHOT values (1497, 1393, 1394, 19, 1.530, 282.68, 36.50, 1.530, 102.68, -36.50, 3.060, 102.68, -36.50);
insert into SHOT values (1498, 1394, 1395, 19, 1.073, 291.31, -0.53, 1.073, 111.31, 0.53, 2.147, 111.31, 0.53);
insert into SHOT values (1499, 1395, 1396, 19, 0.969, 296.29, 11.91, 0.969, 116.29, -11.91, 1.938, 116.29, -11.91);
insert into SHOT values (1500, 1396, 1397, 19, 2.072, 91.47, 19.74, 2.072, 271.47, -19.74, 4.145, 271.47, -19.74);
insert into SHOT values (1501, 1397, 1398, 19, 1.296, 43.67, 45.24, 1.296, 223.67, -45.24, 2.591, 223.67, -45.24);
insert into SHOT values (1502, 1398, 1399, 19, 1.942, 174.54, 45.29, 1.942, 354.54, -45.29, 3.884, 354.54, -45.29);
insert into SHOT values (1503, 1399, 1400, 19, 0.778, 256.20, 40.99, 0.778, 76.20, -40.99, 1.555, 76.20, -40.99);
insert into SHOT values (1504, 1400, 1401, 19, 1.206, 169.32, 26.59, 1.206, 349.32, -26.59, 2.413, 349.32, -26.59);
insert into SHOT values (1505, 1401, 1402, 19, 1.152, 92.49, -1.99, 1.152, 272.49, 1.99, 2.304, 272.49, 1.99);
insert into SHOT values (1506, 1402, 1403, 19, 1.612, 307.18, 76.95, 1.612, 127.18, -76.95, 3.223, 127.18, -76.95);
insert into SHOT values (1507, 1403, 1404, 19, 1.597, 238.46, 42.08, 1.597, 58.46, -42.08, 3.193, 58.46, -42.08);
insert into SHOT values (1508, 1404, 1405, 19, 1.038, 308.35, 34.63, 1.038, 128.35, -34.63, 2.076, 128.35, -34.63);
insert into SHOT values (1509, 1405, 1406, 19, 2.020, 66.72, -62.39, 2.020, 246.72, 62.39, 4.040, 246.72, 62.39);
insert into SHOT values (1510, 1405, 1407, 19, 3.333, 245.97, 37.96, 3.333, 65.97, -37.96, 6.666, 65.97, -37.96);
insert into SHOT values (1511, 1407, 1408, 19, 1.606, 157.56, -51.69, 1.606, 337.56, 51.69, 3.211, 337.56, 51.69);
insert into SHOT values (1512, 1408, 1409, 19, 2.786, 297.12, -0.62, 2.786, 117.12, 0.62, 5.573, 117.12, 0.62);
insert into SHOT values (1513, 1409, 1410, 19, 1.843, 263.37, -19.99, 1.843, 83.37, 19.99, 3.685, 83.37, 19.99);
insert into SHOT values (1514, 1410, 1411, 19, 1.873, 32.52, 29.07, 1.873, 212.52, -29.07, 3.745, 212.52, -29.07);
insert into SHOT values (1515, 1411, 1412, 19, 2.764, 331.25, -36.40, 2.764, 151.25, 36.40, 5.527, 151.25, 36.40);
insert into SHOT values (1516, 1412, 1413, 19, 3.430, 280.01, 75.43, 3.430, 100.01, -75.43, 6.861, 100.01, -75.43);
insert into SHOT values (1517, 1413, 1414, 19, 0.944, 181.36, 27.10, 0.944, 1.36, -27.10, 1.888, 1.36, -27.10);
insert into SHOT values (1518, 1414, 1414, 19, 0.000, 0.00, 0.00, 0.000, 90.00, 0.00, 0.000, 90.00, 0.00);
insert into SHOT values (1519, 1414, 1415, 19, 1.946, 48.81, 44.75, 1.946, 228.81, -44.75, 3.892, 228.81, -44.75);
insert into SHOT values (1520, 1415, 1416, 19, 2.128, 130.98, -5.12, 2.128, 310.98, 5.12, 4.256, 310.98, 5.12);
insert into SHOT values (1521, 1416, 1417, 19, 2.348, 245.85, -18.63, 2.348, 65.85, 18.63, 4.695, 65.85, 18.63);
insert into SHOT values (1522, 1417, 1417, 19, 0.000, 0.00, 0.00, 0.000, 90.00, 0.00, 0.000, 90.00, 0.00);
insert into SHOT values (1523, 1417, 1418, 19, 1.050, 165.82, -26.60, 1.050, 345.82, 26.60, 2.099, 345.82, 26.60);
insert into SHOT values (1524, 1418, 1411, 19, 2.564, 226.61, 53.82, 2.564, 226.61, 53.82, 0.000, 353.99, 0.00);
insert into SHOT values (1525, 1417, 1419, 19, 1.535, 137.68, -9.37, 1.535, 317.68, 9.37, 3.071, 317.68, 9.37);
insert into SHOT values (1526, 1419, 1420, 19, 1.926, 132.05, 0.59, 1.926, 312.05, -0.59, 3.852, 312.05, -0.59);
insert into SHOT values (1527, 1420, 1407, 19, 2.454, 240.97, 31.99, 2.454, 240.97, 31.99, 0.000, 0.00, 0.00);
insert into SHOT values (1528, 1420, 1420, 19, 0.000, 0.00, 0.00, 0.000, 90.00, 0.00, 0.000, 90.00, 0.00);
insert into SHOT values (1529, 1420, 1421, 19, 5.449, 103.70, -2.21, 5.449, 283.70, 2.21, 10.898, 283.70, 2.21);
insert into SHOT values (1530, 1421, 1422, 19, 5.724, 98.54, -0.50, 5.724, 278.54, 0.50, 11.447, 278.54, 0.50);
insert into SHOT values (1531, 1422, 1423, 19, 4.401, 112.02, -0.26, 4.401, 292.02, 0.26, 8.802, 292.02, 0.26);
insert into SHOT values (1532, 1423, 1424, 19, 3.176, 99.79, -0.72, 3.176, 279.79, 0.72, 6.353, 279.79, 0.72);
insert into SHOT values (1533, 1424, 1425, 19, 2.218, 114.25, -2.58, 2.218, 294.25, 2.58, 4.436, 294.25, 2.58);
insert into SHOT values (1534, 1425, 1426, 19, 1.096, 78.35, -25.39, 1.096, 258.35, 25.39, 2.193, 258.35, 25.39);
insert into SHOT values (1535, 1421, 1427, 19, 2.472, 21.89, -12.38, 2.472, 201.89, 12.38, 4.943, 201.89, 12.38);
insert into SHOT values (1536, 1414, 1428, 19, 4.471, 303.76, -3.46, 4.471, 123.76, 3.46, 8.941, 123.76, 3.46);
insert into SHOT values (1537, 1428, 1429, 19, 2.794, 275.42, -9.89, 2.794, 95.42, 9.89, 5.588, 95.42, 9.89);
insert into SHOT values (1538, 1429, 1430, 19, 2.416, 63.89, 21.36, 2.416, 243.89, -21.36, 4.831, 243.89, -21.36);
insert into SHOT values (1539, 1430, 1431, 19, 1.463, 194.93, 77.75, 1.463, 14.93, -77.75, 2.927, 14.93, -77.75);
insert into SHOT values (1540, 1431, 1432, 19, 5.263, 211.93, 53.13, 5.263, 31.93, -53.13, 10.525, 31.93, -53.13);
insert into SHOT values (1541, 1432, 1433, 19, 2.989, 149.96, 44.36, 2.989, 329.96, -44.36, 5.978, 329.96, -44.36);
insert into SHOT values (1542, 1433, 1434, 19, 2.525, 130.72, 30.46, 2.525, 310.72, -30.46, 5.051, 310.72, -30.46);
insert into SHOT values (1543, 1434, 1435, 19, 2.984, 254.97, 32.88, 2.984, 74.97, -32.88, 5.968, 74.97, -32.88);
insert into SHOT values (1544, 1435, 1436, 19, 1.792, 160.30, 16.20, 1.792, 340.30, -16.20, 3.584, 340.30, -16.20);
insert into SHOT values (1545, 1436, 1437, 19, 2.214, 152.76, 59.12, 2.214, 332.76, -59.12, 4.427, 332.76, -59.12);
insert into SHOT values (1546, 1437, 1438, 19, 3.007, 133.94, 27.53, 3.007, 313.94, -27.53, 6.014, 313.94, -27.53);
insert into SHOT values (1547, 1438, 1438, 19, 0.000, 0.00, 0.00, 0.000, 90.00, 0.00, 0.000, 90.00, 0.00);
insert into SHOT values (1548, 1438, 1439, 19, 2.805, 176.91, 6.96, 2.805, 356.91, -6.96, 5.609, 356.91, -6.96);
insert into SHOT values (1549, 1439, 1439, 19, 0.000, 0.00, 0.00, 0.000, 90.00, 0.00, 0.000, 90.00, 0.00);
insert into SHOT values (1550, 1439, 1440, 19, 2.281, 185.84, 18.66, 2.281, 5.84, -18.66, 4.562, 5.84, -18.66);
insert into SHOT values (1551, 1440, 1441, 19, 2.694, 185.41, 25.03, 2.694, 5.41, -25.03, 5.388, 5.41, -25.03);
insert into SHOT values (1552, 1441, 1442, 19, 1.335, 118.51, 8.62, 1.335, 298.51, -8.62, 2.670, 298.51, -8.62);
insert into SHOT values (1553, 1442, 1443, 19, 1.352, 109.68, 15.00, 1.352, 289.68, -15.00, 2.705, 289.68, -15.00);
insert into SHOT values (1554, 1443, 1444, 19, 3.474, 130.14, 16.22, 3.474, 310.14, -16.22, 6.947, 310.14, -16.22);
insert into SHOT values (1555, 1444, 1445, 19, 4.684, 106.50, 15.86, 4.684, 286.50, -15.86, 9.368, 286.50, -15.86);
insert into SHOT values (1556, 1445, 1446, 19, 1.834, 18.60, 53.26, 1.834, 198.60, -53.26, 3.669, 198.60, -53.26);
insert into SHOT values (1557, 1443, 1447, 19, 3.372, 30.47, 17.61, 3.372, 210.47, -17.61, 6.744, 210.47, -17.61);
insert into SHOT values (1558, 1447, 1448, 19, 2.316, 113.69, 1.48, 2.316, 293.69, -1.48, 4.632, 293.69, -1.48);
insert into SHOT values (1559, 1442, 1449, 19, 1.412, 168.53, 4.47, 1.412, 348.53, -4.47, 2.825, 348.53, -4.47);
insert into SHOT values (1560, 1449, 1450, 19, 3.356, 143.17, 25.22, 3.356, 323.17, -25.22, 6.712, 323.17, -25.22);
insert into SHOT values (1561, 1439, 1451, 19, 3.812, 301.46, -43.21, 3.812, 121.46, 43.21, 7.624, 121.46, 43.21);
insert into SHOT values (1562, 1451, 1452, 19, 0.971, 77.99, -8.29, 0.971, 257.99, 8.29, 1.942, 257.99, 8.29);
insert into SHOT values (1563, 1452, 1453, 19, 3.051, 41.70, -22.14, 3.051, 221.70, 22.14, 6.102, 221.70, 22.14);
insert into SHOT values (1564, 1453, 1436, 19, 3.585, 121.73, -4.32, 3.585, 121.73, -4.32, 0.000, 357.51, 0.00);
insert into SHOT values (1565, 1436, 1454, 19, 5.829, 285.75, -9.68, 5.829, 105.75, 9.68, 11.658, 105.75, 9.68);
insert into SHOT values (1566, 1454, 1455, 19, 3.823, 25.99, -35.14, 3.823, 205.99, 35.14, 7.645, 205.99, 35.14);
insert into SHOT values (1567, 1455, 1456, 19, 2.373, 305.41, -26.54, 2.373, 125.41, 26.54, 4.745, 125.41, 26.54);
insert into SHOT values (1568, 1456, 1457, 19, 1.776, 312.25, -4.84, 1.776, 132.25, 4.84, 3.552, 132.25, 4.84);
insert into SHOT values (1569, 1457, 1458, 19, 2.744, 266.16, -11.78, 2.744, 86.16, 11.78, 5.488, 86.16, 11.78);
insert into SHOT values (1570, 1458, 1459, 19, 4.044, 9.24, -43.62, 4.044, 189.24, 43.62, 8.089, 189.24, 43.62);
insert into SHOT values (1571, 1459, 1460, 19, 1.382, 121.90, 33.36, 1.382, 301.90, -33.36, 2.764, 301.90, -33.36);
insert into SHOT values (1572, 1460, 1461, 19, 1.903, 23.96, -39.09, 1.903, 203.96, 39.09, 3.807, 203.96, 39.09);
insert into SHOT values (1573, 1461, 1462, 19, 1.824, 204.78, -30.29, 1.824, 24.78, 30.29, 3.648, 24.78, 30.29);
insert into SHOT values (1574, 1462, 1463, 19, 4.110, 78.06, 75.01, 4.110, 258.06, -75.01, 8.220, 258.06, -75.01);
insert into SHOT values (1575, 1461, 1461, 19, 0.000, 0.00, 0.00, 0.000, 90.00, 0.00, 0.000, 90.00, 0.00);
insert into SHOT values (1576, 1461, 1464, 19, 3.229, 328.04, -24.13, 3.229, 148.04, 24.13, 6.458, 148.04, 24.13);
insert into SHOT values (1577, 1460, 1460, 19, 0.000, 0.00, 0.00, 0.000, 90.00, 0.00, 0.000, 90.00, 0.00);
insert into SHOT values (1578, 1459, 1459, 19, 0.000, 0.00, 0.00, 0.000, 90.00, 0.00, 0.000, 90.00, 0.00);
insert into SHOT values (1579, 1459, 1465, 19, 4.380, 271.31, -5.37, 4.380, 91.31, 5.37, 8.761, 91.31, 5.37);
insert into SHOT values (1580, 1465, 1466, 19, 1.860, 177.08, -58.16, 1.860, 357.08, 58.16, 3.720, 357.08, 58.16);
insert into SHOT values (1581, 1466, 1467, 19, 1.879, 190.68, -73.32, 1.879, 10.68, 73.32, 3.758, 10.68, 73.32);
insert into SHOT values (1582, 1467, 1468, 19, 2.543, 305.08, -36.15, 2.543, 125.08, 36.15, 5.085, 125.08, 36.15);
insert into SHOT values (1583, 1468, 1469, 19, 2.317, 338.36, -28.63, 2.317, 158.36, 28.63, 4.633, 158.36, 28.63);
insert into SHOT values (1584, 1469, 1470, 19, 1.336, 62.58, -26.68, 1.336, 242.58, 26.68, 2.673, 242.58, 26.68);
insert into SHOT values (1585, 1470, 1471, 19, 1.938, 18.98, -31.06, 1.938, 198.98, 31.06, 3.876, 198.98, 31.06);
insert into SHOT values (1586, 1471, 1472, 19, 1.766, 60.12, -22.99, 1.766, 240.12, 22.99, 3.533, 240.12, 22.99);
insert into SHOT values (1587, 1456, 1473, 19, 4.302, 332.06, -34.55, 4.302, 152.06, 34.55, 8.604, 152.06, 34.55);
insert into SHOT values (1588, 1454, 1474, 19, 2.794, 272.32, -13.88, 2.794, 92.32, 13.88, 5.588, 92.32, 13.88);
insert into SHOT values (1589, 1474, 1475, 19, 2.940, 14.89, 7.03, 2.940, 194.89, -7.03, 5.880, 194.89, -7.03);
insert into SHOT values (1590, 1475, 1476, 19, 2.496, 335.75, -27.43, 2.496, 155.75, 27.43, 4.992, 155.75, 27.43);
insert into SHOT values (1591, 1474, 1477, 19, 3.786, 310.05, -27.53, 3.786, 130.05, 27.53, 7.572, 130.05, 27.53);
insert into SHOT values (1592, 1477, 1478, 19, 0.539, 330.95, -17.27, 0.539, 150.95, 17.27, 1.078, 150.95, 17.27);
insert into SHOT values (1593, 1478, 1479, 19, 1.674, 289.22, 15.95, 1.674, 109.22, -15.95, 3.348, 109.22, -15.95);
insert into SHOT values (1594, 1479, 1480, 19, 3.579, 288.84, -5.77, 3.579, 108.84, 5.77, 7.158, 108.84, 5.77);
insert into SHOT values (1595, 1480, 1481, 19, 1.594, 213.69, 13.42, 1.594, 33.69, -13.42, 3.188, 33.69, -13.42);
insert into SHOT values (1596, 1481, 1482, 19, 4.231, 282.98, -2.03, 4.231, 102.98, 2.03, 8.462, 102.98, 2.03);
insert into SHOT values (1597, 1482, 1483, 19, 3.227, 284.43, -5.69, 3.227, 104.43, 5.69, 6.454, 104.43, 5.69);
insert into SHOT values (1598, 1483, 1484, 19, 1.190, 346.79, 6.76, 1.190, 166.79, -6.76, 2.379, 166.79, -6.76);
insert into SHOT values (1599, 1484, 1485, 19, 1.416, 354.17, -13.48, 1.416, 174.17, 13.48, 2.832, 174.17, 13.48);
insert into SHOT values (1600, 1485, 1486, 19, 3.082, 355.76, -52.05, 3.082, 175.76, 52.05, 6.163, 175.76, 52.05);
insert into SHOT values (1601, 1486, 1487, 19, 3.168, 108.73, -15.56, 3.168, 288.73, 15.56, 6.336, 288.73, 15.56);
insert into SHOT values (1602, 1487, 1488, 19, 0.728, 84.56, -29.63, 0.728, 264.56, 29.63, 1.456, 264.56, 29.63);
insert into SHOT values (1603, 1488, 1489, 19, 4.291, 23.54, -55.12, 4.291, 203.54, 55.12, 8.582, 203.54, 55.12);
insert into SHOT values (1604, 1489, 1490, 19, 2.780, 23.87, -63.61, 2.780, 203.87, 63.61, 5.559, 203.87, 63.61);
insert into SHOT values (1605, 1490, 1491, 19, 0.948, 350.86, -21.66, 0.948, 170.86, 21.66, 1.896, 170.86, 21.66);
insert into SHOT values (1606, 1491, 1492, 19, 0.755, 189.33, -11.46, 0.755, 9.33, 11.46, 1.510, 9.33, 11.46);
insert into SHOT values (1607, 1492, 1493, 19, 1.878, 302.49, -7.65, 1.878, 122.49, 7.65, 3.756, 122.49, 7.65);
insert into SHOT values (1608, 1493, 1494, 19, 2.267, 220.60, -31.36, 2.267, 40.60, 31.36, 4.535, 40.60, 31.36);
insert into SHOT values (1609, 1494, 1495, 19, 2.255, 332.93, 26.32, 2.255, 152.93, -26.32, 4.511, 152.93, -26.32);
insert into SHOT values (1610, 1495, 1496, 19, 2.227, 299.00, -19.14, 2.227, 119.00, 19.14, 4.454, 119.00, 19.14);
insert into SHOT values (1611, 1496, 1497, 19, 1.362, 89.49, -33.92, 1.362, 269.49, 33.92, 2.724, 269.49, 33.92);
insert into SHOT values (1612, 1497, 1498, 19, 3.187, 20.70, -28.49, 3.187, 200.70, 28.49, 6.373, 200.70, 28.49);
insert into SHOT values (1613, 1498, 1499, 19, 1.758, 270.33, -5.55, 1.758, 90.33, 5.55, 3.517, 90.33, 5.55);
insert into SHOT values (1614, 1499, 1500, 19, 2.565, 58.02, -29.68, 2.565, 238.02, 29.68, 5.129, 238.02, 29.68);
insert into SHOT values (1615, 1500, 1501, 19, 3.336, 292.08, -24.63, 3.336, 112.08, 24.63, 6.672, 112.08, 24.63);
insert into SHOT values (1616, 1501, 1502, 19, 1.242, 216.59, -13.50, 1.242, 36.59, 13.50, 2.485, 36.59, 13.50);
insert into SHOT values (1617, 1502, 1503, 19, 2.932, 299.05, -87.99, 2.932, 119.05, 87.99, 5.864, 119.05, 87.99);
insert into SHOT values (1618, 1503, 1503, 19, 0.000, 0.00, 0.00, 0.000, 90.00, 0.00, 0.000, 90.00, 0.00);
insert into SHOT_FLAG values(1618, 'dpl');
insert into SHOT values (1619, 1503, 1504, 19, 0.902, 344.05, -80.71, 0.902, 164.05, 80.71, 1.804, 164.05, 80.71);
insert into SHOT_FLAG values(1619, 'dpl');
insert into SHOT values (1620, 1503, 1505, 19, 1.443, 45.56, 0.00, 1.443, 225.56, 0.00, 2.885, 225.56, 0.00);
insert into SHOT values (1621, 1505, 1506, 19, 2.793, 89.78, -17.72, 2.793, 269.78, 17.72, 5.585, 269.78, 17.72);
insert into SHOT values (1622, 1506, 1507, 19, 1.557, 104.74, -27.96, 1.557, 284.74, 27.96, 3.114, 284.74, 27.96);
insert into SHOT values (1623, 1507, 1508, 19, 2.770, 171.31, -55.02, 2.770, 351.31, 55.02, 5.541, 351.31, 55.02);
insert into SHOT values (1624, 1508, 1509, 19, 1.726, 197.10, -29.89, 1.726, 17.10, 29.89, 3.451, 17.10, 29.89);
insert into SHOT values (1625, 1509, 1510, 19, 2.980, 194.17, -44.53, 2.980, 14.17, 44.53, 5.961, 14.17, 44.53);
insert into SHOT values (1626, 1510, 1511, 19, 2.143, 37.25, 44.81, 2.143, 217.25, -44.81, 4.285, 217.25, -44.81);
insert into SHOT values (1627, 1511, 1512, 19, 1.076, 130.34, -27.09, 1.076, 310.34, 27.09, 2.152, 310.34, 27.09);
insert into SHOT values (1628, 1512, 1513, 19, 0.950, 75.47, -28.27, 0.950, 255.47, 28.27, 1.900, 255.47, 28.27);
insert into SHOT values (1629, 1513, 1514, 19, 1.919, 87.30, -4.78, 1.919, 267.30, 4.78, 3.838, 267.30, 4.78);
insert into SHOT values (1630, 1514, 1515, 19, 2.252, 70.76, 4.33, 2.252, 250.76, -4.33, 4.504, 250.76, -4.33);
insert into SHOT values (1631, 1515, 1516, 19, 2.116, 124.59, -2.44, 2.116, 304.59, 2.44, 4.231, 304.59, 2.44);
insert into SHOT values (1632, 1516, 1517, 19, 2.902, 76.34, -39.36, 2.902, 256.34, 39.36, 5.803, 256.34, 39.36);
insert into SHOT values (1633, 1517, 1518, 19, 2.472, 26.34, -62.88, 2.472, 206.34, 62.88, 4.944, 206.34, 62.88);
insert into SHOT values (1634, 1518, 1519, 19, 2.483, 101.80, -22.24, 2.483, 281.80, 22.24, 4.967, 281.80, 22.24);
insert into SHOT values (1635, 1519, 1520, 19, 0.934, 109.06, -51.44, 0.934, 289.06, 51.44, 1.867, 289.06, 51.44);
insert into SHOT values (1636, 1520, 1521, 19, 1.828, 134.52, -21.83, 1.828, 314.52, 21.83, 3.657, 314.52, 21.83);
insert into SHOT values (1637, 1518, 1518, 19, 0.000, 0.00, 0.00, 0.000, 90.00, 0.00, 0.000, 90.00, 0.00);
insert into SHOT values (1638, 1518, 1522, 19, 4.860, 231.19, -50.68, 4.860, 51.19, 50.68, 9.721, 51.19, 50.68);
insert into SHOT values (1639, 1517, 1523, 19, 3.380, 106.26, -15.97, 3.380, 286.26, 15.97, 6.761, 286.26, 15.97);
insert into SHOT values (1640, 1516, 1516, 19, 0.000, 0.00, 0.00, 0.000, 90.00, 0.00, 0.000, 90.00, 0.00);
insert into SHOT values (1641, 1516, 1524, 19, 3.094, 125.39, 2.59, 3.094, 305.39, -2.59, 6.188, 305.39, -2.59);
insert into SHOT values (1642, 1524, 1525, 19, 2.951, 354.90, 23.78, 2.951, 174.90, -23.78, 5.902, 174.90, -23.78);
insert into SHOT values (1643, 1525, 1526, 19, 1.514, 273.26, 35.54, 1.514, 93.26, -35.54, 3.028, 93.26, -35.54);
insert into SHOT values (1644, 1526, 1527, 19, 3.087, 207.29, 36.35, 3.087, 27.29, -36.35, 6.175, 27.29, -36.35);
insert into SHOT values (1645, 1527, 1528, 19, 1.491, 145.86, 61.45, 1.491, 325.86, -61.45, 2.983, 325.86, -61.45);
insert into SHOT values (1646, 1528, 1529, 19, 1.099, 138.55, 20.79, 1.099, 318.55, -20.79, 2.198, 318.55, -20.79);
insert into SHOT values (1647, 1510, 1510, 19, 0.000, 0.00, 0.00, 0.000, 90.00, 0.00, 0.000, 90.00, 0.00);
insert into SHOT values (1648, 1510, 1530, 19, 2.731, 334.02, -36.64, 2.731, 154.02, 36.64, 5.462, 154.02, 36.64);
insert into SHOT values (1649, 1530, 1531, 19, 1.512, 245.70, -63.26, 1.512, 65.70, 63.26, 3.023, 65.70, 63.26);
insert into SHOT values (1650, 1531, 1531, 19, 0.000, 0.00, 0.00, 0.000, 90.00, 0.00, 0.000, 90.00, 0.00);
insert into SHOT values (1651, 1531, 1532, 19, 1.501, 281.73, -43.85, 1.501, 101.73, 43.85, 3.002, 101.73, 43.85);
insert into SHOT values (1652, 1532, 1533, 19, 1.620, 42.41, 29.59, 1.620, 222.41, -29.59, 3.240, 222.41, -29.59);
insert into SHOT values (1653, 1533, 1534, 19, 1.095, 101.42, 14.28, 1.095, 281.42, -14.28, 2.190, 281.42, -14.28);
insert into SHOT values (1654, 1534, 1530, 19, 1.559, 21.93, -57.84, 1.559, 21.93, -57.84, 0.000, 180.00, 0.00);
insert into SHOT values (1655, 1531, 1535, 19, 1.939, 208.97, 8.00, 1.939, 28.97, -8.00, 3.878, 28.97, -8.00);
insert into SHOT values (1656, 1535, 1535, 19, 0.000, 0.00, 0.00, 0.000, 90.00, 0.00, 0.000, 90.00, 0.00);
insert into SHOT values (1657, 1535, 1536, 19, 2.464, 254.05, 31.03, 2.464, 74.05, -31.03, 4.928, 74.05, -31.03);
insert into SHOT values (1658, 1536, 1537, 19, 2.759, 342.42, 4.99, 2.759, 162.42, -4.99, 5.518, 162.42, -4.99);
insert into SHOT values (1659, 1537, 1538, 19, 2.955, 42.50, -9.35, 2.955, 222.50, 9.35, 5.911, 222.50, 9.35);
insert into SHOT values (1660, 1538, 1539, 19, 2.080, 15.31, 26.86, 2.080, 195.31, -26.86, 4.161, 195.31, -26.86);
insert into SHOT values (1661, 1539, 1540, 19, 2.080, 70.27, -19.96, 2.080, 250.27, 19.96, 4.159, 250.27, 19.96);
insert into SHOT values (1662, 1535, 1541, 19, 2.406, 150.98, -52.54, 2.406, 330.98, 52.54, 4.813, 330.98, 52.54);
insert into SHOT values (1663, 1541, 1542, 19, 4.063, 205.58, 16.73, 4.063, 25.58, -16.73, 8.127, 25.58, -16.73);
insert into SHOT values (1664, 1542, 1543, 19, 1.855, 139.60, -3.40, 1.855, 319.60, 3.40, 3.710, 319.60, 3.40);
insert into SHOT values (1665, 1543, 1544, 19, 1.381, 33.55, -36.94, 1.381, 213.55, 36.94, 2.762, 213.55, 36.94);
insert into SHOT values (1666, 1544, 1545, 19, 1.064, 131.95, -3.77, 1.064, 311.95, 3.77, 2.129, 311.95, 3.77);
insert into SHOT values (1667, 1545, 1546, 19, 2.237, 44.24, -61.70, 2.237, 224.24, 61.70, 4.475, 224.24, 61.70);
insert into SHOT values (1668, 1546, 1547, 19, 1.860, 222.51, 28.94, 1.860, 42.51, -28.94, 3.720, 42.51, -28.94);
insert into SHOT values (1669, 1547, 1548, 19, 4.216, 336.48, -20.12, 4.216, 156.48, 20.12, 8.432, 156.48, 20.12);
insert into SHOT values (1670, 1546, 1549, 19, 1.590, 99.87, -42.78, 1.590, 279.87, 42.78, 3.181, 279.87, 42.78);
insert into SHOT values (1671, 1549, 1550, 19, 6.033, 86.91, -39.78, 6.033, 266.91, 39.78, 12.066, 266.91, 39.78);
insert into SHOT values (1672, 1550, 1551, 19, 6.923, 104.93, 6.97, 6.923, 284.93, -6.97, 13.846, 284.93, -6.97);
insert into SHOT values (1673, 1551, 1552, 19, 10.656, 121.90, 3.55, 10.656, 301.90, -3.55, 21.313, 301.90, -3.55);
insert into SHOT values (1674, 1552, 1225, 19, 8.489, 262.87, 30.20, 8.489, 262.87, 30.20, 0.000, 180.00, 0.00);
insert into SHOT values (1675, 1550, 1550, 19, 0.000, 0.00, 0.00, 0.000, 90.00, 0.00, 0.000, 90.00, 0.00);
insert into SHOT values (1676, 1550, 1553, 19, 9.436, 321.19, 9.09, 9.436, 141.19, -9.09, 18.871, 141.19, -9.09);
insert into SHOT_FLAG values(1676, 'dpl');
insert into SHOT values (1677, 1550, 1554, 19, 5.207, 350.65, -11.19, 5.207, 170.65, 11.19, 10.414, 170.65, 11.19);
insert into SHOT values (1678, 1554, 1554, 19, 0.000, 0.00, 0.00, 0.000, 90.00, 0.00, 0.000, 90.00, 0.00);
insert into SHOT values (1679, 1554, 1555, 19, 2.877, 212.42, -72.26, 2.877, 32.42, 72.26, 5.754, 32.42, 72.26);
insert into SHOT values (1680, 1555, 1556, 19, 4.159, 69.83, -33.91, 4.159, 249.83, 33.91, 8.318, 249.83, 33.91);
insert into SHOT values (1681, 1556, 1557, 19, 3.515, 9.78, -39.58, 3.515, 189.78, 39.58, 7.031, 189.78, 39.58);
insert into SHOT values (1682, 1557, 1558, 19, 2.027, 238.64, -12.53, 2.027, 58.64, 12.53, 4.055, 58.64, 12.53);
insert into SHOT values (1683, 1558, 1559, 19, 1.189, 347.40, -42.92, 1.189, 167.40, 42.92, 2.379, 167.40, 42.92);
insert into SHOT values (1684, 1559, 1560, 19, 2.331, 52.19, -50.95, 2.331, 232.19, 50.95, 4.661, 232.19, 50.95);
insert into SHOT values (1685, 1560, 1560, 19, 0.000, 0.00, 0.00, 0.000, 90.00, 0.00, 0.000, 90.00, 0.00);
insert into SHOT values (1686, 1550, 1561, 19, 9.198, 325.89, 6.93, 9.198, 145.89, -6.93, 18.396, 145.89, -6.93);
insert into SHOT values (1687, 1561, 1561, 19, 0.000, 0.00, 0.00, 0.000, 90.00, 0.00, 0.000, 90.00, 0.00);
insert into SHOT values (1688, 1561, 1562, 19, 2.036, 231.50, 34.05, 2.036, 51.50, -34.05, 4.072, 51.50, -34.05);
insert into SHOT values (1689, 1562, 1563, 19, 2.051, 332.72, 45.39, 2.051, 152.72, -45.39, 4.102, 152.72, -45.39);
insert into SHOT values (1690, 1563, 1564, 19, 2.394, 309.74, 1.91, 2.394, 129.74, -1.91, 4.789, 129.74, -1.91);
insert into SHOT values (1691, 1564, 1565, 19, 1.087, 10.07, -1.05, 1.087, 190.07, 1.05, 2.174, 190.07, 1.05);
insert into SHOT values (1692, 1565, 1566, 19, 3.292, 327.04, -31.30, 3.292, 147.04, 31.30, 6.583, 147.04, 31.30);
insert into SHOT values (1693, 1566, 1566, 19, 0.000, 0.00, 0.00, 0.000, 90.00, 0.00, 0.000, 90.00, 0.00);
insert into SHOT values (1694, 1566, 1567, 19, 2.801, 22.60, -36.09, 2.801, 202.60, 36.09, 5.603, 202.60, 36.09);
insert into SHOT values (1695, 1567, 1567, 19, 0.000, 0.00, 0.00, 0.000, 90.00, 0.00, 0.000, 90.00, 0.00);
insert into SHOT values (1696, 1567, 1568, 19, 1.429, 48.30, 18.78, 1.429, 228.30, -18.78, 2.858, 228.30, -18.78);
insert into SHOT values (1697, 1568, 1569, 19, 2.046, 343.98, 56.69, 2.046, 163.98, -56.69, 4.092, 163.98, -56.69);
insert into SHOT values (1698, 1569, 1570, 19, 0.991, 90.58, -1.74, 0.991, 270.58, 1.74, 1.981, 270.58, 1.74);
insert into SHOT values (1699, 1570, 1571, 19, 1.948, 114.51, 39.91, 1.948, 294.51, -39.91, 3.897, 294.51, -39.91);
insert into SHOT values (1700, 1571, 1572, 19, 3.174, 90.90, 2.71, 3.174, 270.90, -2.71, 6.348, 270.90, -2.71);
insert into SHOT values (1701, 1569, 1573, 19, 2.254, 337.27, -23.26, 2.254, 157.27, 23.26, 4.508, 157.27, 23.26);
insert into SHOT values (1702, 1573, 1574, 19, 1.234, 50.76, -51.10, 1.234, 230.76, 51.10, 2.467, 230.76, 51.10);
insert into SHOT values (1703, 1574, 1575, 19, 2.424, 130.05, -41.94, 2.424, 310.05, 41.94, 4.847, 310.05, 41.94);
insert into SHOT values (1704, 1575, 1576, 19, 2.675, 96.61, 12.96, 2.675, 276.61, -12.96, 5.351, 276.61, -12.96);
insert into SHOT values (1705, 1575, 1577, 19, 2.190, 354.02, -55.29, 2.190, 174.02, 55.29, 4.379, 174.02, 55.29);
insert into SHOT values (1706, 1577, 1578, 19, 1.650, 213.50, 8.72, 1.650, 33.50, -8.72, 3.300, 33.50, -8.72);
insert into SHOT values (1707, 1578, 1579, 19, 2.032, 153.31, -4.52, 2.032, 333.31, 4.52, 4.064, 333.31, 4.52);
insert into SHOT values (1708, 1579, 1579, 19, 0.000, 0.00, 0.00, 0.000, 90.00, 0.00, 0.000, 90.00, 0.00);
insert into SHOT values (1709, 1579, 1580, 19, 0.874, 46.97, -76.43, 0.874, 226.97, 76.43, 1.749, 226.97, 76.43);
insert into SHOT values (1710, 1580, 1581, 19, 1.573, 74.40, -42.87, 1.573, 254.40, 42.87, 3.145, 254.40, 42.87);
insert into SHOT values (1711, 1581, 1582, 19, 3.169, 47.62, -54.19, 3.169, 227.62, 54.19, 6.339, 227.62, 54.19);
insert into SHOT values (1712, 1582, 1583, 19, 2.767, 20.24, -10.83, 2.767, 200.24, 10.83, 5.534, 200.24, 10.83);
insert into SHOT values (1713, 1579, 1584, 19, 1.902, 188.22, 23.22, 1.902, 8.22, -23.22, 3.804, 8.22, -23.22);
insert into SHOT values (1714, 1584, 1584, 19, 0.000, 0.00, 0.00, 0.000, 90.00, 0.00, 0.000, 90.00, 0.00);
insert into SHOT values (1715, 1584, 1585, 19, 1.098, 208.52, -17.49, 1.098, 28.52, 17.49, 2.196, 28.52, 17.49);
insert into SHOT values (1716, 1585, 1586, 19, 1.536, 174.08, 27.95, 1.536, 354.08, -27.95, 3.073, 354.08, -27.95);
insert into SHOT values (1717, 1586, 1587, 19, 1.454, 78.60, 33.38, 1.454, 258.60, -33.38, 2.908, 258.60, -33.38);
insert into SHOT values (1718, 1587, 1587, 19, 0.000, 0.00, 0.00, 0.000, 90.00, 0.00, 0.000, 90.00, 0.00);
insert into SHOT values (1719, 1584, 1567, 19, 2.753, 106.25, -55.16, 2.753, 106.25, -55.16, 0.000, 7.59, 0.00);
insert into SHOT values (1720, 1566, 1588, 19, 3.105, 148.84, -8.15, 3.105, 328.84, 8.15, 6.209, 328.84, 8.15);
insert into SHOT values (1721, 1588, 1589, 19, 1.622, 95.32, 4.60, 1.622, 275.32, -4.60, 3.244, 275.32, -4.60);
insert into SHOT values (1722, 1589, 1590, 19, 1.569, 138.88, -3.29, 1.569, 318.88, 3.29, 3.138, 318.88, 3.29);
insert into SHOT values (1723, 1590, 1590, 19, 0.000, 0.00, 0.00, 0.000, 90.00, 0.00, 0.000, 90.00, 0.00);
insert into SHOT values (1724, 1590, 1591, 19, 1.133, 34.13, -16.40, 1.133, 214.13, 16.40, 2.267, 214.13, 16.40);
insert into SHOT values (1725, 1591, 1592, 19, 1.405, 104.93, -77.23, 1.405, 284.93, 77.23, 2.809, 284.93, 77.23);
insert into SHOT values (1726, 1592, 1593, 19, 1.819, 338.37, -1.89, 1.819, 158.37, 1.89, 3.638, 158.37, 1.89);
insert into SHOT values (1727, 1593, 1594, 19, 1.779, 309.24, -18.01, 1.779, 129.24, 18.01, 3.557, 129.24, 18.01);
insert into SHOT values (1728, 1590, 1561, 19, 1.637, 322.91, 19.63, 1.637, 322.91, 19.63, 0.000, 0.00, 0.00);
insert into SHOT values (1729, 1500, 1595, 19, 1.022, 4.09, -15.91, 1.022, 184.09, 15.91, 2.043, 184.09, 15.91);
insert into SHOT values (1730, 1595, 1595, 19, 0.000, 0.00, 0.00, 0.000, 90.00, 0.00, 0.000, 90.00, 0.00);
insert into SHOT values (1731, 1595, 1596, 19, 1.919, 266.55, -64.33, 1.919, 86.55, 64.33, 3.839, 86.55, 64.33);
insert into SHOT values (1732, 1596, 1597, 19, 1.102, 63.43, -13.11, 1.102, 243.43, 13.11, 2.204, 243.43, 13.11);
insert into SHOT values (1733, 1597, 1598, 19, 2.667, 60.23, 21.79, 2.667, 240.23, -21.79, 5.335, 240.23, -21.79);
insert into SHOT values (1734, 1598, 1598, 19, 0.000, 0.00, 0.00, 0.000, 90.00, 0.00, 0.000, 90.00, 0.00);
insert into SHOT values (1735, 1598, 1599, 19, 1.850, 234.10, -45.52, 1.850, 54.10, 45.52, 3.700, 54.10, 45.52);
insert into SHOT values (1736, 1599, 1600, 19, 2.275, 111.07, -15.03, 2.275, 291.07, 15.03, 4.550, 291.07, 15.03);
insert into SHOT values (1737, 1600, 1601, 19, 1.055, 112.62, -42.31, 1.055, 292.62, 42.31, 2.110, 292.62, 42.31);
insert into SHOT values (1738, 1601, 1602, 19, 1.148, 63.91, -21.45, 1.148, 243.91, 21.45, 2.297, 243.91, 21.45);
insert into SHOT values (1739, 1602, 1603, 19, 3.276, 111.96, -52.25, 3.276, 291.96, 52.25, 6.551, 291.96, 52.25);
insert into SHOT values (1740, 1599, 1599, 19, 0.000, 0.00, 0.00, 0.000, 90.00, 0.00, 0.000, 90.00, 0.00);
insert into SHOT values (1741, 1599, 1604, 19, 2.500, 309.39, -22.09, 2.500, 129.39, 22.09, 4.999, 129.39, 22.09);
insert into SHOT values (1742, 1598, 1605, 19, 2.057, 246.07, 31.67, 2.057, 66.07, -31.67, 4.114, 66.07, -31.67);
insert into SHOT values (1743, 1605, 1595, 19, 1.172, 35.59, 4.41, 1.172, 35.59, 4.41, 0.000, 180.00, 0.00);
insert into SHOT values (1744, 1500, 1500, 19, 0.000, 0.00, 0.00, 0.000, 90.00, 0.00, 0.000, 90.00, 0.00);
insert into SHOT values (1745, 1499, 1606, 19, 1.276, 342.16, 18.75, 1.276, 162.16, -18.75, 2.551, 162.16, -18.75);
insert into SHOT values (1746, 1606, 1607, 19, 3.381, 301.48, 26.52, 3.381, 121.48, -26.52, 6.763, 121.48, -26.52);
insert into SHOT values (1747, 1607, 1608, 19, 1.701, 318.92, 72.29, 1.701, 138.92, -72.29, 3.401, 138.92, -72.29);
insert into SHOT values (1748, 1608, 1609, 19, 1.261, 277.24, 19.45, 1.261, 97.24, -19.45, 2.523, 97.24, -19.45);
insert into SHOT values (1749, 1609, 1610, 19, 1.067, 316.53, 5.92, 1.067, 136.53, -5.92, 2.133, 136.53, -5.92);
insert into SHOT values (1750, 1610, 1611, 19, 1.242, 245.05, 26.28, 1.242, 65.05, -26.28, 2.485, 65.05, -26.28);
insert into SHOT values (1751, 1611, 1612, 19, 2.297, 210.52, 47.37, 2.297, 30.52, -47.37, 4.594, 30.52, -47.37);
insert into SHOT values (1752, 1612, 1613, 19, 1.467, 142.95, 29.40, 1.467, 322.95, -29.40, 2.934, 322.95, -29.40);
insert into SHOT values (1753, 1608, 1614, 19, 3.507, 151.30, 44.08, 3.507, 331.30, -44.08, 7.015, 331.30, -44.08);
insert into SHOT values (1754, 1614, 1614, 19, 0.000, 0.00, 0.00, 0.000, 90.00, 0.00, 0.000, 90.00, 0.00);
insert into SHOT values (1755, 1498, 1615, 19, 0.577, 254.74, 66.72, 0.577, 74.74, -66.72, 1.154, 74.74, -66.72);
insert into SHOT values (1756, 1615, 1616, 19, 2.496, 20.48, -4.83, 2.496, 200.48, 4.83, 4.992, 200.48, 4.83);
insert into SHOT values (1757, 1616, 1617, 19, 1.404, 115.83, 4.49, 1.404, 295.83, -4.49, 2.808, 295.83, -4.49);
insert into SHOT values (1758, 1617, 1618, 19, 1.254, 61.87, 24.00, 1.254, 241.87, -24.00, 2.507, 241.87, -24.00);
insert into SHOT values (1759, 1618, 1619, 19, 1.546, 110.60, -13.08, 1.546, 290.60, 13.08, 3.093, 290.60, 13.08);
insert into SHOT values (1760, 1619, 1620, 19, 1.422, 106.83, -29.03, 1.422, 286.83, 29.03, 2.844, 286.83, 29.03);
insert into SHOT values (1761, 1620, 1621, 19, 1.374, 101.98, 10.91, 1.374, 281.98, -10.91, 2.748, 281.98, -10.91);
insert into SHOT values (1762, 1621, 1622, 19, 2.679, 52.92, 4.71, 2.679, 232.92, -4.71, 5.358, 232.92, -4.71);
insert into SHOT values (1763, 1622, 1623, 19, 1.720, 351.69, -36.38, 1.720, 171.69, 36.38, 3.439, 171.69, 36.38);
insert into SHOT values (1764, 1623, 1624, 19, 1.781, 26.57, -35.32, 1.781, 206.57, 35.32, 3.563, 206.57, 35.32);
insert into SHOT values (1765, 1624, 1625, 19, 1.749, 115.06, -13.56, 1.749, 295.06, 13.56, 3.497, 295.06, 13.56);
insert into SHOT values (1766, 1625, 1626, 19, 1.688, 174.88, -37.17, 1.688, 354.88, 37.17, 3.377, 354.88, 37.17);
insert into SHOT values (1767, 1626, 1627, 19, 3.467, 158.94, -5.63, 3.467, 338.94, 5.63, 6.934, 338.94, 5.63);
insert into SHOT values (1768, 1627, 1627, 19, 0.000, 0.00, 0.00, 0.000, 90.00, 0.00, 0.000, 90.00, 0.00);
insert into SHOT values (1769, 1627, 1628, 19, 1.248, 57.79, -18.70, 1.248, 237.79, 18.70, 2.496, 237.79, 18.70);
insert into SHOT values (1770, 1628, 1628, 19, 0.000, 0.00, 0.00, 0.000, 90.00, 0.00, 0.000, 90.00, 0.00);
insert into SHOT values (1771, 1628, 1629, 19, 1.844, 168.69, -5.29, 1.844, 348.69, 5.29, 3.687, 348.69, 5.29);
insert into SHOT values (1772, 1629, 1630, 19, 1.697, 271.91, 79.81, 1.697, 91.91, -79.81, 3.394, 91.91, -79.81);
insert into SHOT values (1773, 1630, 1631, 19, 1.501, 142.90, 6.12, 1.501, 322.90, -6.12, 3.001, 322.90, -6.12);
insert into SHOT values (1774, 1631, 1631, 19, 0.000, 0.00, 0.00, 0.000, 90.00, 0.00, 0.000, 90.00, 0.00);
insert into SHOT values (1775, 1631, 1632, 19, 3.607, 229.22, -39.41, 3.607, 49.22, 39.41, 7.213, 49.22, 39.41);
insert into SHOT values (1776, 1631, 1633, 19, 2.936, 53.37, 35.85, 2.936, 233.37, -35.85, 5.873, 233.37, -35.85);
insert into SHOT values (1777, 1633, 1633, 19, 0.000, 0.00, 0.00, 0.000, 90.00, 0.00, 0.000, 90.00, 0.00);
insert into SHOT values (1778, 1633, 1634, 19, 3.248, 212.66, 31.15, 3.248, 32.66, -31.15, 6.496, 32.66, -31.15);
insert into SHOT values (1779, 1634, 1635, 19, 2.874, 16.70, 75.27, 2.874, 196.70, -75.27, 5.749, 196.70, -75.27);
insert into SHOT values (1780, 1635, 1636, 19, 3.616, 109.17, -16.22, 3.616, 289.17, 16.22, 7.233, 289.17, 16.22);
insert into SHOT values (1781, 1636, 1636, 19, 0.000, 0.00, 0.00, 0.000, 90.00, 0.00, 0.000, 90.00, 0.00);
insert into SHOT values (1782, 1636, 1637, 19, 4.933, 30.53, -53.79, 4.933, 210.53, 53.79, 9.865, 210.53, 53.79);
insert into SHOT values (1783, 1636, 1638, 19, 4.848, 198.70, -73.56, 4.848, 18.70, 73.56, 9.697, 18.70, 73.56);
insert into SHOT values (1784, 1638, 1638, 19, 0.000, 0.00, 0.00, 0.000, 90.00, 0.00, 0.000, 90.00, 0.00);
insert into SHOT values (1785, 1633, 1639, 19, 3.852, 80.42, -50.22, 3.852, 260.42, 50.22, 7.703, 260.42, 50.22);
insert into SHOT values (1786, 1639, 1639, 19, 0.000, 0.00, 0.00, 0.000, 90.00, 0.00, 0.000, 90.00, 0.00);
insert into SHOT values (1787, 1639, 1640, 19, 3.587, 103.24, -43.08, 3.587, 283.24, 43.08, 7.174, 283.24, 43.08);
insert into SHOT values (1788, 1639, 1641, 19, 3.309, 269.82, -16.68, 3.309, 89.82, 16.68, 6.619, 89.82, 16.68);
insert into SHOT values (1789, 1641, 1642, 19, 1.698, 326.12, 13.63, 1.698, 146.12, -13.63, 3.396, 146.12, -13.63);
insert into SHOT values (1790, 1642, 1627, 19, 2.423, 69.19, -12.64, 2.423, 69.19, -12.64, 0.000, 184.40, 0.00);
insert into SHOT values (1791, 1627, 1627, 19, 0.000, 0.00, 0.00, 0.000, 90.00, 0.00, 0.000, 90.00, 0.00);
insert into SHOT values (1792, 1625, 1643, 19, 3.448, 333.11, -62.92, 3.448, 153.11, 62.92, 6.896, 153.11, 62.92);
insert into SHOT values (1793, 1625, 1644, 19, 1.628, 349.74, -49.06, 1.628, 169.74, 49.06, 3.257, 169.74, 49.06);
insert into SHOT values (1794, 1644, 1645, 19, 2.587, 353.24, -10.02, 2.587, 173.24, 10.02, 5.174, 173.24, 10.02);
insert into SHOT values (1795, 1645, 1646, 19, 2.775, 276.12, -35.72, 2.775, 96.12, 35.72, 5.550, 96.12, 35.72);
insert into SHOT values (1796, 1623, 1623, 19, 0.000, 0.00, 0.00, 0.000, 90.00, 0.00, 0.000, 90.00, 0.00);
insert into SHOT values (1797, 1623, 1647, 19, 3.480, 312.11, -43.60, 3.480, 132.11, 43.60, 6.961, 132.11, 43.60);
insert into SHOT values (1798, 1621, 1621, 19, 0.000, 0.00, 0.00, 0.000, 90.00, 0.00, 0.000, 90.00, 0.00);
insert into SHOT values (1799, 1621, 1648, 19, 1.839, 160.28, 2.49, 1.839, 340.28, -2.49, 3.679, 340.28, -2.49);
insert into SHOT values (1800, 1648, 1649, 19, 2.025, 208.86, 7.09, 2.025, 28.86, -7.09, 4.050, 28.86, -7.09);
insert into SHOT values (1801, 1649, 1650, 19, 1.361, 214.08, -25.22, 1.361, 34.08, 25.22, 2.722, 34.08, 25.22);
insert into SHOT values (1802, 1498, 1498, 19, 0.000, 0.00, 0.00, 0.000, 90.00, 0.00, 0.000, 90.00, 0.00);
insert into SHOT values (1803, 1436, 1436, 19, 0.000, 0.00, 0.00, 0.000, 90.00, 0.00, 0.000, 90.00, 0.00);
insert into SHOT values (1804, 1412, 1651, 19, 2.747, 40.60, -20.01, 2.747, 220.60, 20.01, 5.495, 220.60, 20.01);
insert into SHOT values (1805, 1651, 1652, 19, 2.676, 289.00, -33.07, 2.676, 109.00, 33.07, 5.351, 109.00, 33.07);
insert into SHOT values (1806, 1652, 1653, 19, 1.204, 237.09, -59.71, 1.204, 57.09, 59.71, 2.409, 57.09, 59.71);
insert into SHOT values (1807, 1653, 1654, 19, 3.466, 52.76, -26.93, 3.466, 232.76, 26.93, 6.932, 232.76, 26.93);
insert into SHOT values (1808, 1653, 1655, 19, 2.865, 221.07, -71.09, 2.865, 41.07, 71.09, 5.729, 41.07, 71.09);
insert into SHOT values (1809, 1412, 1656, 19, 1.923, 125.58, 33.80, 1.923, 305.58, -33.80, 3.847, 305.58, -33.80);
insert into SHOT values (1810, 1656, 1657, 19, 1.678, 94.99, 26.94, 1.678, 274.99, -26.94, 3.355, 274.99, -26.94);
insert into SHOT values (1811, 1657, 1658, 19, 2.171, 62.00, 34.50, 2.171, 242.00, -34.50, 4.343, 242.00, -34.50);
insert into SHOT values (1812, 1658, 1659, 19, 3.144, 225.73, 57.79, 3.144, 45.73, -57.79, 6.288, 45.73, -57.79);
insert into SHOT values (1813, 1656, 1656, 19, 0.000, 0.00, 0.00, 0.000, 90.00, 0.00, 0.000, 90.00, 0.00);
insert into SHOT values (1814, 1410, 1660, 19, 1.431, 315.00, -76.28, 1.431, 135.00, 76.28, 2.862, 135.00, 76.28);
insert into SHOT values (1815, 1660, 1661, 19, 3.048, 290.56, -11.16, 3.048, 110.56, 11.16, 6.096, 110.56, 11.16);
insert into SHOT values (1816, 1661, 1662, 19, 2.186, 279.51, 4.20, 2.186, 99.51, -4.20, 4.372, 99.51, -4.20);
insert into SHOT values (1817, 1662, 1663, 19, 2.559, 304.25, -6.96, 2.559, 124.25, 6.96, 5.119, 124.25, 6.96);
insert into SHOT values (1818, 1663, 1664, 19, 1.214, 292.25, 11.88, 1.214, 112.25, -11.88, 2.429, 112.25, -11.88);
insert into SHOT values (1819, 1664, 1665, 19, 1.605, 207.10, -25.46, 1.605, 27.10, 25.46, 3.210, 27.10, 25.46);
insert into SHOT values (1820, 1664, 1664, 19, 0.000, 0.00, 0.00, 0.000, 90.00, 0.00, 0.000, 90.00, 0.00);
insert into SHOT values (1821, 1664, 1666, 19, 0.946, 47.22, -15.32, 0.946, 227.22, 15.32, 1.893, 227.22, 15.32);
insert into SHOT values (1822, 1408, 1408, 19, 0.000, 0.00, 0.00, 0.000, 90.00, 0.00, 0.000, 90.00, 0.00);
insert into SHOT values (1823, 1408, 1667, 19, 3.047, 96.03, 0.19, 3.047, 276.03, -0.19, 6.094, 276.03, -0.19);
insert into SHOT values (1824, 1667, 1668, 19, 1.502, 110.38, -6.12, 1.502, 290.38, 6.12, 3.004, 290.38, 6.12);
insert into SHOT values (1825, 1668, 1669, 19, 1.569, 126.95, -25.68, 1.569, 306.95, 25.68, 3.138, 306.95, 25.68);
insert into SHOT values (1826, 1669, 1670, 19, 2.176, 101.67, 1.84, 2.176, 281.67, -1.84, 4.352, 281.67, -1.84);
insert into SHOT values (1827, 1670, 1671, 19, 0.868, 126.08, 3.30, 0.868, 306.08, -3.30, 1.735, 306.08, -3.30);
insert into SHOT values (1828, 1671, 1672, 19, 4.165, 98.11, -9.26, 4.165, 278.11, 9.26, 8.331, 278.11, 9.26);
insert into SHOT values (1829, 1672, 1673, 19, 1.720, 81.87, -19.00, 1.720, 261.87, 19.00, 3.440, 261.87, 19.00);
insert into SHOT values (1830, 1673, 1674, 19, 1.501, 105.52, -5.35, 1.501, 285.52, 5.35, 3.002, 285.52, 5.35);
insert into SHOT values (1831, 1674, 1675, 19, 2.375, 101.93, 3.14, 2.375, 281.93, -3.14, 4.749, 281.93, -3.14);
insert into SHOT values (1832, 1675, 1676, 19, 0.393, 113.63, -27.26, 0.393, 293.63, 27.26, 0.786, 293.63, 27.26);
insert into SHOT values (1833, 1676, 1677, 19, 1.203, 266.63, -7.64, 1.203, 86.63, 7.64, 2.405, 86.63, 7.64);
insert into SHOT_FLAG values(1833, 'dpl');
insert into SHOT values (1834, 1677, 1678, 19, 1.320, 113.26, -19.93, 1.320, 293.26, 19.93, 2.640, 293.26, 19.93);
insert into SHOT values (1835, 1678, 1679, 19, 1.707, 104.12, -20.58, 1.707, 284.12, 20.58, 3.414, 284.12, 20.58);
insert into SHOT values (1836, 1679, 1680, 19, 2.670, 90.43, -0.43, 2.670, 270.43, 0.43, 5.340, 270.43, 0.43);
insert into SHOT values (1837, 1680, 1681, 19, 0.640, 165.26, 22.98, 0.640, 345.26, -22.98, 1.280, 345.26, -22.98);
insert into SHOT values (1838, 1681, 1682, 19, 1.427, 119.29, 8.87, 1.427, 299.29, -8.87, 2.855, 299.29, -8.87);
insert into SHOT values (1839, 1676, 1683, 19, 1.399, 17.94, 37.93, 1.399, 197.94, -37.93, 2.798, 197.94, -37.93);
insert into SHOT values (1840, 1683, 1684, 19, 1.905, 66.94, 32.38, 1.905, 246.94, -32.38, 3.809, 246.94, -32.38);
insert into SHOT values (1841, 1684, 1685, 19, 8.044, 132.55, 61.81, 8.044, 312.55, -61.81, 16.089, 312.55, -61.81);
insert into SHOT values (1842, 1685, 1686, 19, 1.606, 57.20, 0.00, 1.606, 237.20, 0.00, 3.212, 237.20, 0.00);
insert into SHOT values (1843, 1686, 1687, 19, 2.571, 301.15, 1.34, 2.571, 121.15, -1.34, 5.143, 121.15, -1.34);
insert into SHOT values (1844, 1687, 1688, 19, 3.318, 283.24, -0.52, 3.318, 103.24, 0.52, 6.637, 103.24, 0.52);
insert into SHOT values (1845, 1688, 1689, 19, 1.707, 292.05, 3.02, 1.707, 112.05, -3.02, 3.414, 112.05, -3.02);
insert into SHOT values (1846, 1689, 1690, 19, 1.701, 275.07, -4.05, 1.701, 95.07, 4.05, 3.402, 95.07, 4.05);
insert into SHOT values (1847, 1690, 1691, 19, 2.058, 288.17, -4.18, 2.058, 108.17, 4.18, 4.116, 108.17, 4.18);
insert into SHOT values (1848, 1691, 1692, 19, 1.909, 295.49, -3.30, 1.909, 115.49, 3.30, 3.817, 115.49, 3.30);
insert into SHOT values (1849, 1692, 1693, 19, 2.335, 273.44, -1.72, 2.335, 93.44, 1.72, 4.671, 93.44, 1.72);
insert into SHOT values (1850, 1689, 1694, 19, 1.582, 180.39, -22.68, 1.582, 0.39, 22.68, 3.165, 0.39, 22.68);
insert into SHOT values (1851, 1694, 1695, 19, 1.331, 104.04, -16.14, 1.331, 284.04, 16.14, 2.661, 284.04, 16.14);
insert into SHOT values (1852, 1694, 1696, 19, 2.371, 294.81, -9.96, 2.371, 114.81, 9.96, 4.743, 114.81, 9.96);
insert into SHOT values (1853, 1686, 1697, 19, 1.214, 139.40, 24.32, 1.214, 319.40, -24.32, 2.428, 319.40, -24.32);
insert into SHOT values (1854, 1697, 1698, 19, 4.212, 108.54, 31.64, 4.212, 288.54, -31.64, 8.425, 288.54, -31.64);
insert into SHOT values (1855, 1698, 1699, 19, 5.334, 117.50, 13.00, 5.334, 297.50, -13.00, 10.668, 297.50, -13.00);
insert into SHOT values (1856, 1699, 1700, 19, 1.450, 181.61, -11.54, 1.450, 1.61, 11.54, 2.900, 1.61, 11.54);
insert into SHOT values (1857, 1700, 1701, 19, 2.562, 83.88, 56.66, 2.562, 263.88, -56.66, 5.123, 263.88, -56.66);
insert into SHOT values (1858, 1701, 1702, 19, 2.831, 168.41, 32.47, 2.831, 348.41, -32.47, 5.663, 348.41, -32.47);
insert into SHOT values (1859, 1702, 1703, 19, 1.822, 141.69, 33.66, 1.822, 321.69, -33.66, 3.644, 321.69, -33.66);
insert into SHOT values (1860, 1703, 1704, 19, 1.766, 56.84, -46.92, 1.766, 236.84, 46.92, 3.533, 236.84, 46.92);
insert into SHOT values (1861, 1704, 1705, 19, 1.218, 132.17, -19.67, 1.218, 312.17, 19.67, 2.436, 312.17, 19.67);
insert into SHOT values (1862, 1705, 1706, 19, 1.700, 86.61, 5.40, 1.700, 266.61, -5.40, 3.401, 266.61, -5.40);
insert into SHOT values (1863, 1706, 1707, 19, 0.952, 140.49, 39.08, 0.952, 320.49, -39.08, 1.903, 320.49, -39.08);
insert into SHOT values (1864, 1707, 1708, 19, 0.966, 46.77, 44.74, 0.966, 226.77, -44.74, 1.932, 226.77, -44.74);
insert into SHOT values (1865, 1708, 1709, 19, 2.354, 105.17, 8.06, 2.354, 285.17, -8.06, 4.709, 285.17, -8.06);
insert into SHOT values (1866, 1709, 1710, 19, 3.106, 119.77, 11.70, 3.106, 299.77, -11.70, 6.212, 299.77, -11.70);
insert into SHOT values (1867, 1710, 1711, 19, 3.701, 111.10, 30.35, 3.701, 291.10, -30.35, 7.403, 291.10, -30.35);
insert into SHOT values (1868, 1711, 1712, 19, 5.056, 132.79, 40.29, 5.056, 312.79, -40.29, 10.113, 312.79, -40.29);
insert into SHOT values (1869, 1712, 1713, 19, 1.361, 165.96, 88.26, 1.361, 345.96, -88.26, 2.721, 345.96, -88.26);
insert into SHOT values (1870, 1713, 1714, 19, 2.002, 171.87, 8.62, 2.002, 351.87, -8.62, 4.005, 351.87, -8.62);
insert into SHOT values (1871, 1714, 1715, 19, 1.356, 180.96, 28.64, 1.356, 0.96, -28.64, 2.712, 0.96, -28.64);
insert into SHOT values (1872, 1715, 1716, 19, 2.212, 199.58, 3.63, 2.212, 19.58, -3.63, 4.424, 19.58, -3.63);
insert into SHOT values (1873, 1716, 1717, 19, 0.884, 138.81, 15.76, 0.884, 318.81, -15.76, 1.767, 318.81, -15.76);
insert into SHOT values (1874, 1705, 1705, 19, 0.000, 0.00, 0.00, 0.000, 90.00, 0.00, 0.000, 90.00, 0.00);
insert into SHOT values (1875, 1703, 1703, 19, 0.000, 0.00, 0.00, 0.000, 90.00, 0.00, 0.000, 90.00, 0.00);
insert into SHOT values (1876, 1703, 1718, 19, 2.506, 281.08, 37.92, 2.506, 101.08, -37.92, 5.012, 101.08, -37.92);
insert into SHOT values (1877, 1718, 1719, 19, 3.472, 253.87, 28.19, 3.472, 73.87, -28.19, 6.944, 73.87, -28.19);
insert into SHOT values (1878, 1719, 1720, 19, 2.489, 256.85, 40.61, 2.489, 76.85, -40.61, 4.978, 76.85, -40.61);
insert into SHOT values (1879, 1720, 1721, 19, 2.522, 246.77, 31.30, 2.522, 66.77, -31.30, 5.043, 66.77, -31.30);
insert into SHOT values (1880, 1721, 1722, 19, 2.120, 95.60, -43.52, 2.120, 275.60, 43.52, 4.240, 275.60, 43.52);
insert into SHOT values (1881, 1722, 1723, 19, 3.262, 99.76, -38.94, 3.262, 279.76, 38.94, 6.523, 279.76, 38.94);
insert into SHOT values (1882, 1723, 1724, 19, 0.726, 162.90, -41.42, 0.726, 342.90, 41.42, 1.451, 342.90, 41.42);
insert into SHOT values (1883, 1724, 1724, 19, 0.000, 0.00, 0.00, 0.000, 90.00, 0.00, 0.000, 90.00, 0.00);
insert into SHOT values (1884, 1721, 1725, 19, 2.128, 223.57, 20.93, 2.128, 43.57, -20.93, 4.256, 43.57, -20.93);
insert into SHOT values (1885, 1725, 1726, 19, 0.925, 165.49, 18.28, 0.925, 345.49, -18.28, 1.849, 345.49, -18.28);
insert into SHOT values (1886, 1726, 1727, 19, 1.968, 212.60, 27.54, 1.968, 32.60, -27.54, 3.936, 32.60, -27.54);
insert into SHOT values (1887, 1727, 1728, 19, 0.890, 84.62, 16.32, 0.890, 264.62, -16.32, 1.779, 264.62, -16.32);
insert into SHOT values (1888, 1719, 1729, 19, 2.504, 168.89, -24.28, 2.504, 348.89, 24.28, 5.009, 348.89, 24.28);
insert into SHOT values (1889, 1700, 1730, 19, 0.714, 338.96, -78.75, 0.714, 158.96, 78.75, 1.427, 158.96, 78.75);
insert into SHOT values (1890, 1730, 1731, 19, 1.982, 78.78, -49.61, 1.982, 258.78, 49.61, 3.965, 258.78, 49.61);
insert into SHOT values (1891, 1698, 1732, 19, 2.923, 241.73, -59.16, 2.923, 61.73, 59.16, 5.847, 61.73, 59.16);
insert into SHOT values (1892, 1732, 1733, 19, 4.265, 247.84, -51.11, 4.265, 67.84, 51.11, 8.531, 67.84, 51.11);
insert into SHOT values (1893, 1733, 1734, 19, 2.205, 309.74, -19.33, 2.205, 129.74, 19.33, 4.410, 129.74, 19.33);
insert into SHOT values (1894, 1734, 1735, 19, 1.681, 291.70, -53.45, 1.681, 111.70, 53.45, 3.361, 111.70, 53.45);
insert into SHOT values (1895, 1735, 1684, 19, 4.585, 152.33, 24.34, 4.585, 152.33, 24.34, 0.000, 180.00, 0.00);
insert into SHOT values (1896, 1684, 1684, 19, 0.000, 0.00, 0.00, 0.000, 90.00, 0.00, 0.000, 90.00, 0.00);
insert into SHOT values (1897, 1684, 1736, 19, 2.965, 326.44, -65.11, 2.965, 146.44, 65.11, 5.931, 146.44, 65.11);
insert into SHOT values (1898, 1736, 1737, 19, 1.606, 346.44, -25.44, 1.606, 166.44, 25.44, 3.212, 166.44, 25.44);
insert into SHOT values (1899, 1676, 1738, 19, 2.706, 120.65, 21.91, 2.706, 300.65, -21.91, 5.413, 300.65, -21.91);
insert into SHOT values (1900, 1738, 1739, 19, 2.660, 127.22, 30.25, 2.660, 307.22, -30.25, 5.320, 307.22, -30.25);
insert into SHOT values (1901, 1668, 1740, 19, 2.871, 10.11, -49.11, 2.871, 190.11, 49.11, 5.741, 190.11, 49.11);
insert into SHOT values (1902, 1740, 1740, 19, 0.000, 0.00, 0.00, 0.000, 90.00, 0.00, 0.000, 90.00, 0.00);
insert into SHOT values (1903, 1740, 1402, 19, 2.051, 137.83, 55.99, 2.051, 137.83, 55.99, 0.000, 0.00, 0.00);
insert into SHOT values (1904, 1407, 1407, 19, 0.000, 0.00, 0.00, 0.000, 90.00, 0.00, 0.000, 90.00, 0.00);
insert into SHOT values (1905, 1405, 1405, 19, 0.000, 0.00, 0.00, 0.000, 90.00, 0.00, 0.000, 90.00, 0.00);
insert into SHOT values (1906, 1402, 1402, 19, 0.000, 0.00, 0.00, 0.000, 90.00, 0.00, 0.000, 90.00, 0.00);
insert into SHOT values (1907, 1398, 1398, 19, 0.000, 0.00, 0.00, 0.000, 90.00, 0.00, 0.000, 90.00, 0.00);
insert into SHOT values (1908, 1391, 1741, 19, 1.479, 267.68, -59.95, 1.479, 87.68, 59.95, 2.958, 87.68, 59.95);
insert into SHOT values (1909, 1741, 1742, 19, 1.584, 142.31, -28.67, 1.584, 322.31, 28.67, 3.169, 322.31, 28.67);
insert into SHOT values (1910, 1742, 1743, 19, 3.239, 36.94, -18.17, 3.239, 216.94, 18.17, 6.479, 216.94, 18.17);
insert into SHOT values (1911, 1743, 1306, 19, 1.821, 203.11, -11.72, 1.821, 203.11, -11.72, 0.000, 0.00, 0.00);
insert into SHOT values (1912, 1391, 1391, 19, 0.000, 0.00, 0.00, 0.000, 90.00, 0.00, 0.000, 90.00, 0.00);
insert into SHOT values (1913, 1389, 1389, 19, 0.000, 0.00, 0.00, 0.000, 90.00, 0.00, 0.000, 90.00, 0.00);
insert into SHOT values (1914, 1389, 1744, 19, 2.030, 41.86, 17.78, 2.030, 221.86, -17.78, 4.061, 221.86, -17.78);
insert into SHOT values (1915, 1744, 1745, 19, 2.290, 116.57, -23.41, 2.290, 296.57, 23.41, 4.581, 296.57, 23.41);
insert into SHOT values (1916, 1306, 1306, 19, 0.000, 0.00, 0.00, 0.000, 90.00, 0.00, 0.000, 90.00, 0.00);
insert into SHOT values (1917, 1306, 1746, 19, 1.282, 292.25, 21.99, 1.282, 112.25, -21.99, 2.564, 112.25, -21.99);
insert into SHOT values (1918, 1276, 1747, 19, 2.748, 121.49, 18.68, 2.748, 301.49, -18.68, 5.496, 301.49, -18.68);
insert into SHOT values (1919, 1747, 1748, 19, 2.297, 134.45, 14.11, 2.297, 314.45, -14.11, 4.594, 314.45, -14.11);
insert into SHOT values (1920, 1748, 1749, 19, 0.735, 134.36, 31.12, 0.735, 314.36, -31.12, 1.470, 314.36, -31.12);
insert into SHOT values (1921, 1276, 1276, 19, 0.000, 0.00, 0.00, 0.000, 90.00, 0.00, 0.000, 90.00, 0.00);
insert into SHOT values (1922, 1226, 1226, 19, 0.000, 0.00, 0.00, 0.000, 90.00, 0.00, 0.000, 90.00, 0.00);
insert into SHOT values (1923, 1750, 1751, 19, 5.168, 132.17, -13.77, 5.168, 312.17, 13.77, 10.336, 312.17, 13.77);
insert into SHOT_FLAG values(1923, 'srf');
insert into SHOT values (1924, 1751, 1752, 19, 4.860, 38.38, 20.85, 4.860, 218.38, -20.85, 9.720, 218.38, -20.85);
insert into SHOT_FLAG values(1924, 'srf');
insert into SHOT values (1925, 1752, 1753, 19, 2.420, 55.05, 20.31, 2.420, 235.05, -20.31, 4.840, 235.05, -20.31);
insert into SHOT values (1926, 1751, 1754, 19, 4.450, 13.24, 11.14, 4.450, 193.24, -11.14, 8.900, 193.24, -11.14);
insert into SHOT_FLAG values(1926, 'srf');
insert into SHOT values (1927, 1750, 1755, 19, 1.813, 342.12, 44.04, 1.813, 162.12, -44.04, 3.625, 162.12, -44.04);
insert into SHOT values (1928, 1755, 1756, 19, 4.417, 351.67, 0.13, 4.417, 171.67, -0.13, 8.833, 171.67, -0.13);
insert into SHOT values (1929, 1756, 1757, 19, 1.613, 25.35, 24.15, 1.613, 205.35, -24.15, 3.226, 205.35, -24.15);
insert into SHOT values (1930, 1757, 1758, 19, 2.343, 338.59, -45.46, 2.343, 158.59, 45.46, 4.686, 158.59, 45.46);
insert into SHOT values (1931, 1758, 1759, 19, 2.317, 35.96, -35.33, 2.317, 215.96, 35.33, 4.634, 215.96, 35.33);
insert into SHOT values (1932, 1759, 1760, 19, 4.066, 273.81, 3.38, 4.066, 93.81, -3.38, 8.132, 93.81, -3.38);
insert into SHOT values (1933, 1760, 1761, 19, 0.660, 235.49, 28.02, 0.660, 55.49, -28.02, 1.320, 55.49, -28.02);
insert into SHOT values (1934, 1761, 1762, 19, 3.664, 280.70, -0.16, 3.664, 100.70, 0.16, 7.327, 100.70, 0.16);
insert into SHOT values (1935, 1762, 1763, 19, 4.397, 282.61, -1.43, 4.397, 102.61, 1.43, 8.795, 102.61, 1.43);
insert into SHOT values (1936, 1763, 1764, 19, 3.471, 273.64, 2.64, 3.471, 93.64, -2.64, 6.941, 93.64, -2.64);
insert into SHOT values (1937, 1764, 1765, 19, 2.787, 297.77, 6.59, 2.787, 117.77, -6.59, 5.575, 117.77, -6.59);
insert into SHOT values (1938, 1765, 1766, 19, 1.537, 260.47, 19.38, 1.537, 80.47, -19.38, 3.074, 80.47, -19.38);
insert into SHOT values (1939, 1766, 1767, 19, 1.942, 35.93, 46.12, 1.942, 215.93, -46.12, 3.884, 215.93, -46.12);
insert into SHOT values (1940, 1767, 1768, 19, 1.789, 243.79, 37.13, 1.789, 63.79, -37.13, 3.579, 63.79, -37.13);
insert into SHOT values (1941, 1768, 1769, 19, 2.110, 216.59, 55.07, 2.110, 36.59, -55.07, 4.220, 36.59, -55.07);
insert into SHOT values (1942, 1769, 1770, 19, 4.331, 177.87, 46.85, 4.331, 357.87, -46.85, 8.662, 357.87, -46.85);
insert into SHOT values (1943, 1770, 1771, 19, 2.991, 164.42, 43.79, 2.991, 344.42, -43.79, 5.983, 344.42, -43.79);
insert into SHOT values (1944, 1771, 1772, 19, 3.905, 94.92, -46.66, 3.905, 274.92, 46.66, 7.810, 274.92, 46.66);
insert into SHOT values (1945, 1771, 1771, 19, 0.000, 0.00, 0.00, 0.000, 90.00, 0.00, 0.000, 90.00, 0.00);
insert into SHOT values (1946, 1771, 1773, 19, 3.069, 226.47, 8.62, 3.069, 46.47, -8.62, 6.138, 46.47, -8.62);
insert into SHOT values (1947, 1773, 1774, 19, 4.173, 227.24, -5.50, 4.173, 47.24, 5.50, 8.346, 47.24, 5.50);
insert into SHOT values (1948, 1774, 1775, 19, 1.231, 291.28, 34.09, 1.231, 111.28, -34.09, 2.462, 111.28, -34.09);
insert into SHOT values (1949, 1775, 1776, 19, 2.717, 121.46, 19.12, 2.717, 301.46, -19.12, 5.435, 301.46, -19.12);
insert into SHOT values (1950, 1776, 1777, 19, 2.921, 55.49, 4.32, 2.921, 235.49, -4.32, 5.842, 235.49, -4.32);
insert into SHOT values (1951, 1776, 1776, 19, 0.000, 0.00, 0.00, 0.000, 90.00, 0.00, 0.000, 90.00, 0.00);
insert into SHOT values (1952, 1776, 1778, 19, 3.640, 112.01, 12.86, 3.640, 292.01, -12.86, 7.280, 292.01, -12.86);
insert into SHOT values (1953, 1778, 1779, 19, 3.316, 113.47, 1.90, 3.316, 293.47, -1.90, 6.632, 293.47, -1.90);
insert into SHOT values (1954, 1774, 1774, 19, 0.000, 0.00, 0.00, 0.000, 90.00, 0.00, 0.000, 90.00, 0.00);
insert into SHOT values (1955, 1774, 1780, 19, 5.101, 309.25, -22.11, 5.101, 129.25, 22.11, 10.202, 129.25, 22.11);
insert into SHOT values (1956, 1780, 1781, 19, 2.870, 261.95, -5.20, 2.870, 81.95, 5.20, 5.740, 81.95, 5.20);
insert into SHOT values (1957, 1781, 1782, 19, 3.807, 283.25, -13.06, 3.807, 103.25, 13.06, 7.614, 103.25, 13.06);
insert into SHOT values (1958, 1782, 1783, 19, 3.203, 328.54, 2.15, 3.203, 148.54, -2.15, 6.405, 148.54, -2.15);
insert into SHOT values (1959, 1783, 1784, 19, 4.754, 265.05, -3.01, 4.754, 85.05, 3.01, 9.509, 85.05, 3.01);
insert into SHOT values (1960, 1784, 1785, 19, 5.058, 272.61, 4.08, 5.058, 92.61, -4.08, 10.116, 92.61, -4.08);
insert into SHOT values (1961, 1785, 1786, 19, 5.601, 297.73, -10.80, 5.601, 117.73, 10.80, 11.202, 117.73, 10.80);
insert into SHOT values (1962, 1786, 1787, 19, 4.583, 295.79, -29.83, 4.583, 115.79, 29.83, 9.167, 115.79, 29.83);
insert into SHOT values (1963, 1787, 1788, 19, 3.714, 349.72, 20.65, 3.714, 169.72, -20.65, 7.429, 169.72, -20.65);
insert into SHOT values (1964, 1788, 1789, 19, 2.347, 347.91, 37.53, 2.347, 167.91, -37.53, 4.694, 167.91, -37.53);
insert into SHOT values (1965, 1789, 1790, 19, 2.567, 336.54, -3.57, 2.567, 156.54, 3.57, 5.134, 156.54, 3.57);
insert into SHOT values (1966, 1790, 1791, 19, 3.800, 297.85, -4.38, 3.800, 117.85, 4.38, 7.600, 117.85, 4.38);
insert into SHOT values (1967, 1791, 1792, 19, 3.656, 286.88, 8.49, 3.656, 106.88, -8.49, 7.312, 106.88, -8.49);
insert into SHOT values (1968, 1792, 1793, 19, 6.080, 272.02, 12.15, 6.080, 92.02, -12.15, 12.160, 92.02, -12.15);
insert into SHOT values (1969, 1793, 1794, 19, 1.704, 232.54, -23.52, 1.704, 52.54, 23.52, 3.407, 52.54, 23.52);
insert into SHOT values (1970, 1794, 1795, 19, 5.675, 260.29, 31.09, 5.675, 80.29, -31.09, 11.349, 80.29, -31.09);
insert into SHOT values (1971, 1795, 1796, 19, 3.797, 272.27, 2.57, 3.797, 92.27, -2.57, 7.594, 92.27, -2.57);
insert into SHOT values (1972, 1796, 1797, 19, 2.957, 327.17, -3.49, 2.957, 147.17, 3.49, 5.914, 147.17, 3.49);
insert into SHOT values (1973, 1797, 1798, 19, 3.242, 278.41, -14.11, 3.242, 98.41, 14.11, 6.483, 98.41, 14.11);
insert into SHOT values (1974, 1798, 1799, 19, 2.793, 274.32, -3.49, 2.793, 94.32, 3.49, 5.586, 94.32, 3.49);
insert into SHOT values (1975, 1799, 1800, 19, 1.711, 277.75, -4.36, 1.711, 97.75, 4.36, 3.421, 97.75, 4.36);
insert into SHOT values (1976, 1800, 1801, 19, 1.511, 335.66, -23.80, 1.511, 155.66, 23.80, 3.023, 155.66, 23.80);
insert into SHOT values (1977, 1801, 1802, 19, 0.885, 345.47, -71.63, 0.885, 165.47, 71.63, 1.770, 165.47, 71.63);
insert into SHOT values (1978, 1802, 1803, 19, 0.863, 315.55, -30.65, 0.863, 135.55, 30.65, 1.726, 135.55, 30.65);
insert into SHOT values (1979, 1803, 1804, 19, 6.450, 279.55, 7.93, 6.450, 99.55, -7.93, 12.900, 99.55, -7.93);
insert into SHOT values (1980, 1804, 1805, 19, 4.377, 170.49, -29.42, 4.377, 350.49, 29.42, 8.754, 350.49, 29.42);
insert into SHOT values (1981, 1805, 1806, 19, 1.643, 38.32, -61.24, 1.643, 218.32, 61.24, 3.285, 218.32, 61.24);
insert into SHOT values (1982, 1806, 1806, 19, 0.000, 0.00, 0.00, 0.000, 90.00, 0.00, 0.000, 90.00, 0.00);
insert into SHOT values (1983, 1806, 1807, 19, 2.956, 88.33, -21.43, 2.956, 268.33, 21.43, 5.911, 268.33, 21.43);
insert into SHOT values (1984, 1807, 1808, 19, 1.590, 189.96, -19.09, 1.590, 9.96, 19.09, 3.180, 9.96, 19.09);
insert into SHOT values (1985, 1808, 1809, 19, 2.505, 63.12, -15.75, 2.505, 243.12, 15.75, 5.009, 243.12, 15.75);
insert into SHOT values (1986, 1809, 1810, 19, 2.294, 97.96, -31.84, 2.294, 277.96, 31.84, 4.588, 277.96, 31.84);
insert into SHOT values (1987, 1806, 1811, 19, 1.897, 300.96, -36.94, 1.897, 120.96, 36.94, 3.794, 120.96, 36.94);
insert into SHOT values (1988, 1811, 1812, 19, 0.508, 43.03, 36.17, 0.508, 223.03, -36.17, 1.017, 223.03, -36.17);
insert into SHOT values (1989, 1812, 1812, 19, 0.000, 0.00, 0.00, 0.000, 90.00, 0.00, 0.000, 90.00, 0.00);
insert into SHOT values (1990, 1812, 1813, 19, 4.409, 332.20, 36.62, 4.409, 152.20, -36.62, 8.817, 152.20, -36.62);
insert into SHOT values (1991, 1813, 1814, 19, 1.982, 206.04, 12.24, 1.982, 26.04, -12.24, 3.963, 26.04, -12.24);
insert into SHOT values (1992, 1814, 1804, 19, 2.848, 254.40, -28.98, 2.848, 254.40, -28.98, 0.000, 225.00, 0.00);
insert into SHOT values (1993, 1803, 1803, 19, 0.000, 0.00, 0.00, 0.000, 90.00, 0.00, 0.000, 90.00, 0.00);
insert into SHOT values (1994, 1803, 1815, 19, 4.628, 66.80, -17.35, 4.628, 246.80, 17.35, 9.255, 246.80, 17.35);
insert into SHOT values (1995, 1794, 1816, 19, 4.889, 203.80, -37.26, 4.889, 23.80, 37.26, 9.778, 23.80, 37.26);
insert into SHOT values (1996, 1783, 1783, 19, 0.000, 0.00, 0.00, 0.000, 90.00, 0.00, 0.000, 90.00, 0.00);
insert into SHOT values (1997, 1783, 1817, 19, 4.148, 46.33, -42.84, 4.148, 226.33, 42.84, 8.295, 226.33, 42.84);
insert into SHOT values (1998, 1817, 1818, 19, 2.518, 53.97, -60.91, 2.518, 233.97, 60.91, 5.035, 233.97, 60.91);
insert into SHOT values (1999, 1818, 1819, 19, 4.040, 34.07, -33.84, 4.040, 214.07, 33.84, 8.081, 214.07, 33.84);
insert into SHOT values (2000, 1819, 1820, 19, 3.060, 47.77, -16.71, 3.060, 227.77, 16.71, 6.120, 227.77, 16.71);
insert into SHOT values (2001, 1820, 1821, 19, 0.819, 153.92, 50.29, 0.819, 333.92, -50.29, 1.638, 333.92, -50.29);
insert into SHOT values (2002, 1821, 1822, 19, 2.255, 62.85, -13.60, 2.255, 242.85, 13.60, 4.509, 242.85, 13.60);
insert into SHOT values (2003, 1822, 1823, 19, 4.753, 88.88, -15.00, 4.753, 268.88, 15.00, 9.506, 268.88, 15.00);
insert into SHOT values (2004, 1823, 1824, 19, 1.919, 80.38, -51.41, 1.919, 260.38, 51.41, 3.838, 260.38, 51.41);
insert into SHOT values (2005, 1824, 1825, 19, 3.907, 80.76, -28.77, 3.907, 260.76, 28.77, 7.813, 260.76, 28.77);
insert into SHOT values (2006, 1819, 1826, 19, 6.418, 325.29, -6.71, 6.418, 145.29, 6.71, 12.837, 145.29, 6.71);
insert into SHOT values (2007, 1773, 1773, 19, 0.000, 0.00, 0.00, 0.000, 90.00, 0.00, 0.000, 90.00, 0.00);
insert into SHOT values (2008, 1773, 1827, 19, 5.398, 96.19, -4.46, 5.398, 276.19, 4.46, 10.795, 276.19, 4.46);
insert into SHOT values (2009, 1773, 1773, 19, 0.000, 0.00, 0.00, 0.000, 90.00, 0.00, 0.000, 90.00, 0.00);
insert into SHOT values (2010, 1770, 1770, 19, 0.000, 0.00, 0.00, 0.000, 90.00, 0.00, 0.000, 90.00, 0.00);
insert into SHOT values (2011, 1770, 1828, 19, 2.430, 213.37, -34.61, 2.430, 33.37, 34.61, 4.859, 33.37, 34.61);
insert into SHOT values (2012, 1765, 1765, 19, 0.000, 0.00, 0.00, 0.000, 90.00, 0.00, 0.000, 90.00, 0.00);
insert into SHOT values (2013, 1765, 1829, 19, 3.081, 269.07, 1.30, 3.081, 89.07, -1.30, 6.162, 89.07, -1.30);
insert into SHOT values (2014, 1829, 1829, 19, 0.000, 0.00, 0.00, 0.000, 90.00, 0.00, 0.000, 90.00, 0.00);
insert into SHOT values (2015, 1829, 1830, 19, 3.375, 29.53, -3.91, 3.375, 209.53, 3.91, 6.751, 209.53, 3.91);
insert into SHOT values (2016, 1756, 1756, 19, 0.000, 0.00, 0.00, 0.000, 90.00, 0.00, 0.000, 90.00, 0.00);
insert into SHOT values (2017, 1756, 1831, 19, 1.943, 142.94, -22.71, 1.943, 322.94, 22.71, 3.885, 322.94, 22.71);
insert into SHOT values (2018, 1831, 1832, 19, 2.726, 63.63, -14.88, 2.726, 243.63, 14.88, 5.451, 243.63, 14.88);
insert into STATION values (1, 'Burrington.burrington.westtwin.goatchurch.dc17', 18, 347577.09, 158256.16, 135.30);
insert into STATION_FLAG values(1, 'fix');
insert into STATION values (2, 'Burrington.burrington.westtwin.goatchurch.dc10', 18, 347584.21, 158255.21, 134.23);
insert into STATION_FLAG values(2, 'fix');
insert into STATION values (3, 'Burrington.burrington.easttwinsparpot.east-twin.et01j', 18, 347968.88, 158161.45, 140.05);
insert into STATION_FLAG values(3, 'fix');
insert into STATION values (4, 'Burrington.burrington.easttwinsparpot.east-twin.et01k1', 18, 347967.34, 158169.28, 138.03);
insert into STATION_FLAG values(4, 'fix');
insert into STATION values (5, 'Burrington.burrington.easttwinsparpot.east-twin.et01k', 18, 347965.23, 158167.72, 137.36);
insert into STATION_FLAG values(5, 'fix');
insert into STATION values (6, 'Burrington.burrington.lionels.lh01m', 18, 347945.64, 158235.53, 123.77);
insert into STATION_FLAG values(6, 'fix');
insert into STATION values (7, 'Burrington.burrington.lionels.lh01n', 18, 347938.52, 158237.39, 119.81);
insert into STATION_FLAG values(7, 'fix');
insert into STATION values (8, 'Burrington.burrington.westtwin.goatchurch.dc2', 18, 347584.66, 158253.37, 133.77);
insert into STATION_FLAG values(8, 'fix');
insert into STATION values (9, 'Burrington.burrington.westtwin.goatchurch.dc1', 18, 347585.68, 158252.41, 134.31);
insert into STATION_FLAG values(9, 'fix');
insert into STATION values (10, 'Burrington.burrington.westtwin.goatchurch.bc2', 18, 347601.43, 158255.97, 129.13);
insert into STATION_FLAG values(10, 'fix');
insert into STATION values (11, 'Burrington.burrington.westtwin.goatchurch.b1', 18, 347607.38, 158254.55, 128.26);
insert into STATION_FLAG values(11, 'fix');
insert into STATION values (12, 'Burrington.burrington.westtwin.goatchurch.b2', 18, 347607.05, 158255.67, 126.97);
insert into STATION_FLAG values(12, 'fix');
insert into STATION values (13, 'Burrington.burrington.westtwin.goatchurch.b4', 18, 347609.11, 158254.54, 126.76);
insert into STATION_FLAG values(13, 'fix');
insert into STATION values (14, 'Burrington.burrington.westtwin.goatchurch.b3', 18, 347607.57, 158254.71, 127.11);
insert into STATION_FLAG values(14, 'fix');
insert into STATION values (15, 'Burrington.burrington.westtwin.goatchurch.y6', 18, 347608.12, 158257.76, 119.68);
insert into STATION_FLAG values(15, 'fix');
insert into STATION values (16, 'Burrington.burrington.westtwin.goatchurch.y2', 18, 347607.90, 158257.93, 119.49);
insert into STATION_FLAG values(16, 'fix');
insert into STATION values (17, 'Burrington.burrington.westtwin.goatchurch.y1', 18, 347607.43, 158257.65, 119.44);
insert into STATION_FLAG values(17, 'fix');
insert into STATION values (18, 'Burrington.burrington.westtwin.goatchurch.w3', 18, 347611.02, 158256.68, 119.53);
insert into STATION_FLAG values(18, 'fix');
insert into STATION values (19, 'Burrington.burrington.westtwin.goatchurch.w2', 18, 347613.96, 158254.89, 120.36);
insert into STATION_FLAG values(19, 'fix');
insert into STATION values (20, 'Burrington.burrington.westtwin.goatchurch.b8', 18, 347609.11, 158253.10, 127.14);
insert into STATION_FLAG values(20, 'fix');
insert into STATION values (21, 'Burrington.burrington.westtwin.goatchurch.cl1', 18, 347613.19, 158252.92, 124.51);
insert into STATION_FLAG values(21, 'fix');
insert into STATION values (22, 'Burrington.burrington.westtwin.goatchurch.w5', 18, 347612.88, 158255.14, 119.28);
insert into STATION_FLAG values(22, 'fix');
insert into STATION values (23, 'Burrington.burrington.westtwin.goatchurch.w6', 18, 347611.13, 158255.44, 118.71);
insert into STATION_FLAG values(23, 'fix');
insert into STATION values (24, 'Burrington.burrington.westtwin.goatchurch.tb7', 18, 347595.08, 158257.61, 129.16);
insert into STATION_FLAG values(24, 'fix');
insert into STATION values (25, 'Burrington.burrington.westtwin.goatchurch.ls3', 18, 347598.59, 158257.41, 128.31);
insert into STATION_FLAG values(25, 'fix');
insert into STATION values (26, 'Burrington.burrington.westtwin.goatchurch.ls5', 18, 347601.04, 158257.87, 126.06);
insert into STATION_FLAG values(26, 'fix');
insert into STATION values (27, 'Burrington.burrington.westtwin.goatchurch.tb6', 18, 347592.39, 158257.49, 130.75);
insert into STATION_FLAG values(27, 'fix');
insert into STATION values (28, 'Burrington.burrington.westtwin.goatchurch.tb5', 18, 347592.41, 158256.48, 130.41);
insert into STATION_FLAG values(28, 'fix');
insert into STATION values (29, 'Burrington.burrington.westtwin.goatchurch.tb3', 18, 347594.74, 158256.97, 129.26);
insert into STATION_FLAG values(29, 'fix');
insert into STATION values (30, 'Burrington.burrington.westtwin.goatchurch.bm8', 18, 347593.55, 158254.99, 129.37);
insert into STATION_FLAG values(30, 'fix');
insert into STATION values (31, 'Burrington.burrington.westtwin.goatchurch.ls11', 18, 347604.14, 158256.29, 127.56);
insert into STATION_FLAG values(31, 'fix');
insert into STATION values (32, 'Burrington.burrington.westtwin.goatchurch.cd5', 18, 347585.63, 158257.33, 132.29);
insert into STATION_FLAG values(32, 'fix');
insert into STATION values (33, 'Burrington.burrington.westtwin.goatchurch.cd6', 18, 347585.33, 158255.87, 132.34);
insert into STATION_FLAG values(33, 'fix');
insert into STATION values (34, 'Burrington.burrington.westtwin.goatchurch.dc18', 18, 347573.18, 158256.62, 135.61);
insert into STATION_FLAG values(34, 'fix');
insert into STATION values (35, 'Burrington.burrington.westtwin.goatchurch.cb7', 18, 347573.50, 158251.47, 135.60);
insert into STATION_FLAG values(35, 'fix');
insert into STATION values (36, 'Burrington.burrington.westtwin.goatchurch.64', 18, 347586.98, 158250.21, 137.31);
insert into STATION_FLAG values(36, 'fix');
insert into STATION values (37, 'Burrington.burrington.westtwin.goatchurch.63', 18, 347587.43, 158250.30, 137.27);
insert into STATION_FLAG values(37, 'fix');
insert into STATION values (38, 'Burrington.burrington.westtwin.goatchurch.m6', 18, 347584.35, 158245.14, 139.48);
insert into STATION_FLAG values(38, 'fix');
insert into STATION values (39, 'Burrington.burrington.westtwin.goatchurch.m3', 18, 347586.42, 158245.08, 139.26);
insert into STATION_FLAG values(39, 'fix');
insert into STATION values (40, 'Burrington.burrington.westtwin.goatchurch.m7', 18, 347585.20, 158242.20, 141.83);
insert into STATION_FLAG values(40, 'fix');
insert into STATION values (41, 'Burrington.burrington.westtwin.goatchurch.m11', 18, 347585.01, 158239.54, 144.35);
insert into STATION_FLAG values(41, 'fix');
insert into STATION values (42, 'Burrington.burrington.westtwin.goatchurch.m34', 18, 347587.46, 158240.15, 144.36);
insert into STATION_FLAG values(42, 'fix');
insert into STATION values (43, 'Burrington.burrington.lionels.lh01f1', 18, 347952.45, 158236.67, 132.42);
insert into STATION_FLAG values(43, 'fix');
insert into STATION values (44, 'Burrington.burrington.lionels.lh01f', 18, 347952.64, 158237.13, 132.52);
insert into STATION_FLAG values(44, 'fix');
insert into STATION values (45, 'Burrington.burrington.lionels.lh01f2', 18, 347952.08, 158236.18, 132.08);
insert into STATION_FLAG values(45, 'fix');
insert into STATION values (46, 'Burrington.burrington.lionels.lh01j', 18, 347950.83, 158232.45, 130.59);
insert into STATION_FLAG values(46, 'fix');
insert into STATION values (47, 'Burrington.burrington.lionels.lh01k', 18, 347949.06, 158229.04, 127.88);
insert into STATION_FLAG values(47, 'fix');
insert into STATION values (48, 'Burrington.burrington.lionels.lh06a', 18, 347942.99, 158229.24, 123.24);
insert into STATION_FLAG values(48, 'fix');
insert into STATION values (49, 'Burrington.burrington.easttwinsparpot.east-twin.et01h', 18, 347969.22, 158158.11, 140.89);
insert into STATION_FLAG values(49, 'fix');
insert into STATION values (50, 'Burrington.burrington.swallets.rodsbath.r2', 18, 347209.45, 158409.22, 170.86);
insert into STATION_FLAG values(50, 'fix');
insert into STATION values (51, 'Burrington.burrington.swallets.surfacerodsdrunkards.0', 18, 347208.88, 158406.95, 171.59);
insert into STATION_FLAG values(51, 'fix');
insert into STATION values (52, 'Burrington.burrington.swallets.rodsbath.r3', 18, 347207.58, 158409.39, 170.26);
insert into STATION_FLAG values(52, 'fix');
insert into STATION values (53, 'Burrington.burrington.swallets.rodsbath.r4', 18, 347208.45, 158410.57, 169.86);
insert into STATION_FLAG values(53, 'fix');
insert into STATION values (54, 'Burrington.burrington.swallets.rodsbath.r5', 18, 347209.98, 158414.21, 169.74);
insert into STATION_FLAG values(54, 'fix');
insert into STATION values (55, 'Burrington.burrington.swallets.rodsbath.r6', 18, 347214.09, 158413.71, 168.42);
insert into STATION_FLAG values(55, 'fix');
insert into STATION values (56, 'Burrington.burrington.swallets.rodsbath.r7', 18, 347214.67, 158414.50, 167.89);
insert into STATION_FLAG values(56, 'fix');
insert into STATION values (57, 'Burrington.burrington.swallets.rodsbath.r8', 18, 347218.94, 158415.41, 164.17);
insert into STATION_FLAG values(57, 'fix');
insert into STATION values (58, 'Burrington.burrington.swallets.rodsbath.r9', 18, 347219.46, 158419.10, 159.90);
insert into STATION_FLAG values(58, 'fix');
insert into STATION values (59, 'Burrington.burrington.swallets.rodsbath.r10', 18, 347220.36, 158424.76, 158.44);
insert into STATION_FLAG values(59, 'fix');
insert into STATION values (60, 'Burrington.burrington.swallets.rodsbath.r11', 18, 347219.48, 158424.70, 156.69);
insert into STATION_FLAG values(60, 'fix');
insert into STATION values (61, 'Burrington.burrington.swallets.rodsbath.12', 18, 347219.75, 158425.84, 156.68);
insert into STATION_FLAG values(61, 'fix');
insert into STATION values (62, 'Burrington.burrington.swallets.rodsbath.a14', 18, 347209.30, 158408.49, 170.82);
insert into STATION_FLAG values(62, 'fix');
insert into STATION values (63, 'Burrington.burrington.swallets.rodsbath.a13', 18, 347208.17, 158409.30, 170.58);
insert into STATION_FLAG values(63, 'fix');
insert into STATION values (64, 'Burrington.burrington.swallets.rodsbath.a12', 18, 347207.92, 158410.24, 169.60);
insert into STATION_FLAG values(64, 'fix');
insert into STATION values (65, 'Burrington.burrington.swallets.rodsbath.a11', 18, 347209.81, 158412.46, 171.03);
insert into STATION_FLAG values(65, 'fix');
insert into STATION values (66, 'Burrington.burrington.swallets.rodsbath.a10', 18, 347212.37, 158410.92, 170.22);
insert into STATION_FLAG values(66, 'fix');
insert into STATION values (67, 'Burrington.burrington.swallets.rodsbath.a9', 18, 347212.04, 158413.49, 169.35);
insert into STATION_FLAG values(67, 'fix');
insert into STATION values (68, 'Burrington.burrington.swallets.rodsbath.a8', 18, 347211.63, 158413.58, 167.15);
insert into STATION_FLAG values(68, 'fix');
insert into STATION values (69, 'Burrington.burrington.swallets.rodsbath.a7', 18, 347213.71, 158416.85, 165.20);
insert into STATION_FLAG values(69, 'fix');
insert into STATION values (70, 'Burrington.burrington.swallets.rodsbath.a6', 18, 347213.02, 158418.34, 163.93);
insert into STATION_FLAG values(70, 'fix');
insert into STATION values (71, 'Burrington.burrington.swallets.rodsbath.a5', 18, 347213.99, 158419.92, 161.55);
insert into STATION_FLAG values(71, 'fix');
insert into STATION values (72, 'Burrington.burrington.swallets.rodsbath.a4', 18, 347215.58, 158420.85, 160.37);
insert into STATION_FLAG values(72, 'fix');
insert into STATION values (73, 'Burrington.burrington.swallets.rodsbath.a3', 18, 347217.36, 158422.41, 158.78);
insert into STATION_FLAG values(73, 'fix');
insert into STATION values (74, 'Burrington.burrington.swallets.rodsbath.a2', 18, 347218.84, 158424.41, 158.37);
insert into STATION_FLAG values(74, 'fix');
insert into STATION values (75, 'Burrington.burrington.swallets.rodsbath.a1', 18, 347219.26, 158425.34, 155.97);
insert into STATION_FLAG values(75, 'fix');
insert into STATION values (76, 'Burrington.burrington.swallets.rodsbath.s', 18, 347219.59, 158447.76, 141.30);
insert into STATION_FLAG values(76, 'fix');
insert into STATION values (77, 'Burrington.burrington.swallets.rodsbath.b', 18, 347224.50, 158445.58, 143.31);
insert into STATION_FLAG values(77, 'fix');
insert into STATION values (78, 'Burrington.burrington.swallets.rodsbath.m31', 18, 347222.44, 158439.76, 152.37);
insert into STATION_FLAG values(78, 'fix');
insert into STATION values (79, 'Burrington.burrington.swallets.rodsbath.x', 18, 347224.26, 158439.39, 152.89);
insert into STATION_FLAG values(79, 'fix');
insert into STATION values (80, 'Burrington.burrington.swallets.rodsbath.m26', 18, 347226.93, 158440.85, 148.97);
insert into STATION_FLAG values(80, 'fix');
insert into STATION values (81, 'Burrington.burrington.swallets.rodsbath.m25', 18, 347228.33, 158442.28, 149.57);
insert into STATION_FLAG values(81, 'fix');
insert into STATION values (82, 'Burrington.burrington.swallets.rodsbath.m24', 18, 347227.52, 158444.64, 147.79);
insert into STATION_FLAG values(82, 'fix');
insert into STATION values (83, 'Burrington.burrington.swallets.rodsbath.m23', 18, 347227.05, 158446.43, 145.08);
insert into STATION_FLAG values(83, 'fix');
insert into STATION values (84, 'Burrington.burrington.swallets.rodsbath.21', 18, 347226.03, 158442.91, 146.22);
insert into STATION_FLAG values(84, 'fix');
insert into STATION values (85, 'Burrington.burrington.swallets.rodsbath.18', 18, 347223.93, 158436.24, 152.73);
insert into STATION_FLAG values(85, 'fix');
insert into STATION values (86, 'Burrington.burrington.swallets.rodsbath.17', 18, 347222.25, 158434.00, 153.27);
insert into STATION_FLAG values(86, 'fix');
insert into STATION values (87, 'Burrington.burrington.swallets.rodsbath.16', 18, 347222.73, 158433.17, 153.10);
insert into STATION_FLAG values(87, 'fix');
insert into STATION values (88, 'Burrington.burrington.swallets.rodsbath.15', 18, 347220.89, 158429.84, 154.64);
insert into STATION_FLAG values(88, 'fix');
insert into STATION values (89, 'Burrington.burrington.swallets.rodsbath.14', 18, 347221.50, 158428.33, 155.14);
insert into STATION_FLAG values(89, 'fix');
insert into STATION values (90, 'Burrington.burrington.swallets.rodsbath.13', 18, 347220.17, 158427.68, 155.50);
insert into STATION_FLAG values(90, 'fix');
insert into STATION values (91, 'Burrington.burrington.swallets.surfacerodsdrunkards.307', 18, 347145.93, 158385.85, 179.70);
insert into STATION_FLAG values(91, 'fix');
insert into STATION values (92, 'Burrington.burrington.swallets.surfacerodsdrunkards.100', 18, 347140.00, 158390.00, 175.00);
insert into STATION_FLAG values(92, 'fix');
insert into STATION values (93, 'Burrington.burrington.swallets.surfacerodsdrunkards.306', 18, 347156.98, 158382.26, 181.75);
insert into STATION_FLAG values(93, 'fix');
insert into STATION values (94, 'Burrington.burrington.swallets.surfacerodsdrunkards.305', 18, 347171.48, 158375.50, 182.03);
insert into STATION_FLAG values(94, 'fix');
insert into STATION values (95, 'Burrington.burrington.swallets.surfacerodsdrunkards.304', 18, 347185.96, 158369.35, 182.03);
insert into STATION_FLAG values(95, 'fix');
insert into STATION values (96, 'Burrington.burrington.swallets.surfacerodsdrunkards.303', 18, 347208.24, 158384.95, 178.69);
insert into STATION_FLAG values(96, 'fix');
insert into STATION values (97, 'Burrington.burrington.swallets.surfacerodsdrunkards.302', 18, 347209.97, 158397.31, 174.87);
insert into STATION_FLAG values(97, 'fix');
insert into STATION values (98, 'Burrington.burrington.swallets.surfacerodsdrunkards.400', 18, 347207.42, 158400.58, 172.28);
insert into STATION_FLAG values(98, 'fix');
insert into STATION values (99, 'Burrington.burrington.westtwin.goatchurch.2', 18, 347603.01, 158231.25, 148.39);
insert into STATION_FLAG values(99, 'fix');
insert into STATION values (100, 'Burrington.burrington.westtwin.goatchurch.3', 18, 347612.20, 158232.44, 144.64);
insert into STATION_FLAG values(100, 'fix');
insert into STATION values (101, 'Burrington.burrington.westtwin.goatchurch.1', 18, 347592.27, 158232.38, 152.88);
insert into STATION_FLAG values(101, 'fix');
insert into STATION values (102, 'Burrington.burrington.westtwin.surface1.ge', 18, 347586.85, 158235.02, 153.78);
insert into STATION_FLAG values(102, 'fix');
insert into STATION values (103, 'Burrington.burrington.westtwin.goatchurch.9', 18, 347599.73, 158237.26, 144.54);
insert into STATION_FLAG values(103, 'fix');
insert into STATION values (104, 'Burrington.burrington.westtwin.goatchurch.8', 18, 347602.95, 158236.87, 144.20);
insert into STATION_FLAG values(104, 'fix');
insert into STATION values (105, 'Burrington.burrington.westtwin.goatchurch.10', 18, 347598.39, 158237.55, 144.69);
insert into STATION_FLAG values(105, 'fix');
insert into STATION values (106, 'Burrington.burrington.westtwin.goatchurch.11', 18, 347598.31, 158237.88, 144.65);
insert into STATION_FLAG values(106, 'fix');
insert into STATION values (107, 'Burrington.burrington.westtwin.goatchurch.12', 18, 347598.67, 158237.72, 144.61);
insert into STATION_FLAG values(107, 'fix');
insert into STATION values (108, 'Burrington.burrington.westtwin.goatchurch.7', 18, 347605.31, 158236.50, 143.99);
insert into STATION_FLAG values(108, 'fix');
insert into STATION values (109, 'Burrington.burrington.westtwin.goatchurch.6', 18, 347606.91, 158235.50, 145.12);
insert into STATION_FLAG values(109, 'fix');
insert into STATION values (110, 'Burrington.burrington.westtwin.goatchurch.55', 18, 347611.32, 158251.48, 130.87);
insert into STATION_FLAG values(110, 'fix');
insert into STATION values (111, 'Burrington.burrington.westtwin.goatchurch.56', 18, 347610.40, 158251.71, 130.29);
insert into STATION_FLAG values(111, 'fix');
insert into STATION values (112, 'Burrington.burrington.westtwin.goatchurch.52', 18, 347611.24, 158250.40, 131.01);
insert into STATION_FLAG values(112, 'fix');
insert into STATION values (113, 'Burrington.burrington.westtwin.goatchurch.51', 18, 347614.71, 158251.63, 129.68);
insert into STATION_FLAG values(113, 'fix');
insert into STATION values (114, 'Burrington.burrington.westtwin.goatchurch.50', 18, 347617.29, 158250.14, 129.82);
insert into STATION_FLAG values(114, 'fix');
insert into STATION values (115, 'Burrington.burrington.westtwin.goatchurch.46', 18, 347617.66, 158251.00, 129.66);
insert into STATION_FLAG values(115, 'fix');
insert into STATION values (116, 'Burrington.burrington.westtwin.goatchurch.45', 18, 347621.59, 158249.74, 129.33);
insert into STATION_FLAG values(116, 'fix');
insert into STATION values (117, 'Burrington.burrington.westtwin.goatchurch.44', 18, 347624.36, 158250.64, 130.42);
insert into STATION_FLAG values(117, 'fix');
insert into STATION values (118, 'Burrington.burrington.westtwin.goatchurch.43', 18, 347626.46, 158250.28, 131.44);
insert into STATION_FLAG values(118, 'fix');
insert into STATION values (119, 'Burrington.burrington.westtwin.goatchurch.42', 18, 347625.76, 158246.33, 131.61);
insert into STATION_FLAG values(119, 'fix');
insert into STATION values (120, 'Burrington.burrington.westtwin.goatchurch.38', 18, 347626.33, 158245.11, 132.94);
insert into STATION_FLAG values(120, 'fix');
insert into STATION values (121, 'Burrington.burrington.westtwin.goatchurch.34', 18, 347623.53, 158239.40, 138.05);
insert into STATION_FLAG values(121, 'fix');
insert into STATION values (122, 'Burrington.burrington.westtwin.goatchurch.21', 18, 347625.44, 158235.58, 139.96);
insert into STATION_FLAG values(122, 'fix');
insert into STATION values (123, 'Burrington.burrington.westtwin.goatchurch.15', 18, 347616.42, 158233.47, 144.45);
insert into STATION_FLAG values(123, 'fix');
insert into STATION values (124, 'Burrington.burrington.westtwin.goatchurch.67', 18, 347582.79, 158249.78, 140.08);
insert into STATION_FLAG values(124, 'fix');
insert into STATION values (125, 'Burrington.burrington.westtwin.goatchurch.68', 18, 347579.97, 158246.80, 142.87);
insert into STATION_FLAG values(125, 'fix');
insert into STATION values (126, 'Burrington.burrington.westtwin.goatchurch.69', 18, 347577.53, 158245.49, 144.22);
insert into STATION_FLAG values(126, 'fix');
insert into STATION values (127, 'Burrington.burrington.westtwin.goatchurch.70', 18, 347575.24, 158243.07, 146.67);
insert into STATION_FLAG values(127, 'fix');
insert into STATION values (128, 'Burrington.burrington.westtwin.goatchurch.71', 18, 347573.14, 158244.91, 148.55);
insert into STATION_FLAG values(128, 'ent');
insert into STATION_FLAG values(128, 'fix');
insert into STATION values (129, 'Burrington.burrington.westtwin.goatchurch.s01', 18, 347571.05, 158243.64, 149.15);
insert into STATION_FLAG values(129, 'fix');
insert into STATION values (130, 'Burrington.burrington.westtwin.goatchurch.s02', 18, 347569.49, 158244.70, 148.50);
insert into STATION_FLAG values(130, 'fix');
insert into STATION values (131, 'Burrington.burrington.westtwin.goatchurch.s03', 18, 347581.38, 158235.27, 154.07);
insert into STATION_FLAG values(131, 'fix');
insert into STATION values (132, 'Burrington.burrington.westtwin.goatchurch.s04', 18, 347583.67, 158236.01, 155.62);
insert into STATION_FLAG values(132, 'fix');
insert into STATION values (133, 'Burrington.burrington.westtwin.goatchurch.58', 18, 347599.83, 158251.03, 134.39);
insert into STATION_FLAG values(133, 'fix');
insert into STATION values (134, 'Burrington.burrington.westtwin.goatchurch.59', 18, 347598.21, 158249.50, 134.23);
insert into STATION_FLAG values(134, 'fix');
insert into STATION values (135, 'Burrington.burrington.westtwin.goatchurch.m5', 18, 347586.91, 158248.07, 138.68);
insert into STATION_FLAG values(135, 'fix');
insert into STATION values (136, 'Burrington.burrington.westtwin.goatchurch.m4', 18, 347586.93, 158245.95, 138.88);
insert into STATION_FLAG values(136, 'fix');
insert into STATION values (137, 'Burrington.burrington.westtwin.goatchurch.bd1', 18, 347584.30, 158245.96, 140.08);
insert into STATION_FLAG values(137, 'fix');
insert into STATION values (138, 'Burrington.burrington.westtwin.goatchurch.66', 18, 347581.12, 158250.45, 139.98);
insert into STATION_FLAG values(138, 'fix');
insert into STATION values (139, 'Burrington.burrington.westtwin.goatchurch.m15', 18, 347582.00, 158239.84, 146.61);
insert into STATION_FLAG values(139, 'fix');
insert into STATION values (140, 'Burrington.burrington.westtwin.goatchurch.m16', 18, 347586.50, 158236.66, 145.81);
insert into STATION_FLAG values(140, 'fix');
insert into STATION values (141, 'Burrington.burrington.westtwin.goatchurch.m35', 18, 347588.46, 158238.27, 145.27);
insert into STATION_FLAG values(141, 'fix');
insert into STATION values (142, 'Burrington.burrington.westtwin.goatchurch.m41', 18, 347586.99, 158242.88, 142.69);
insert into STATION_FLAG values(142, 'fix');
insert into STATION values (143, 'Burrington.burrington.westtwin.goatchurch.m33', 18, 347593.48, 158242.78, 141.60);
insert into STATION_FLAG values(143, 'fix');
insert into STATION values (144, 'Burrington.burrington.westtwin.goatchurch.m31', 18, 347594.92, 158239.91, 142.61);
insert into STATION_FLAG values(144, 'fix');
insert into STATION values (145, 'Burrington.burrington.westtwin.goatchurch.m27', 18, 347597.16, 158238.04, 142.20);
insert into STATION_FLAG values(145, 'fix');
insert into STATION values (146, 'Burrington.burrington.westtwin.goatchurch.m26', 18, 347595.32, 158236.54, 142.76);
insert into STATION_FLAG values(146, 'fix');
insert into STATION values (147, 'Burrington.burrington.westtwin.goatchurch.m24', 18, 347593.03, 158235.24, 143.70);
insert into STATION_FLAG values(147, 'fix');
insert into STATION values (148, 'Burrington.burrington.westtwin.goatchurch.m23', 18, 347590.67, 158234.89, 144.75);
insert into STATION_FLAG values(148, 'fix');
insert into STATION values (149, 'Burrington.burrington.westtwin.goatchurch.m21', 18, 347589.28, 158235.26, 145.43);
insert into STATION_FLAG values(149, 'fix');
insert into STATION values (150, 'Burrington.burrington.westtwin.goatchurch.m20', 18, 347586.67, 158235.53, 146.58);
insert into STATION_FLAG values(150, 'fix');
insert into STATION values (151, 'Burrington.burrington.westtwin.goatchurch.m43', 18, 347586.68, 158245.11, 139.40);
insert into STATION_FLAG values(151, 'fix');
insert into STATION values (152, 'Burrington.burrington.westtwin.goatchurch.m42', 18, 347586.56, 158243.11, 141.71);
insert into STATION_FLAG values(152, 'fix');
insert into STATION values (153, 'Burrington.burrington.westtwin.goatchurch.m2', 18, 347593.34, 158245.83, 135.01);
insert into STATION_FLAG values(153, 'fix');
insert into STATION values (154, 'Burrington.burrington.westtwin.goatchurch.m1', 18, 347594.56, 158247.34, 134.13);
insert into STATION_FLAG values(154, 'fix');
insert into STATION values (155, 'Burrington.burrington.westtwin.goatchurch.c1', 18, 347581.28, 158251.14, 139.15);
insert into STATION_FLAG values(155, 'fix');
insert into STATION values (156, 'Burrington.burrington.westtwin.goatchurch.c6', 18, 347582.12, 158252.19, 139.23);
insert into STATION_FLAG values(156, 'fix');
insert into STATION values (157, 'Burrington.burrington.westtwin.goatchurch.62', 18, 347592.03, 158250.75, 135.39);
insert into STATION_FLAG values(157, 'fix');
insert into STATION values (158, 'Burrington.burrington.westtwin.goatchurch.61', 18, 347595.37, 158250.06, 134.56);
insert into STATION_FLAG values(158, 'fix');
insert into STATION values (159, 'Burrington.burrington.westtwin.goatchurch.dc8', 18, 347582.78, 158253.78, 134.58);
insert into STATION_FLAG values(159, 'fix');
insert into STATION values (160, 'Burrington.burrington.westtwin.goatchurch.dc7', 18, 347583.50, 158252.48, 133.87);
insert into STATION_FLAG values(160, 'fix');
insert into STATION values (161, 'Burrington.burrington.westtwin.goatchurch.rt5', 18, 347578.84, 158255.12, 137.33);
insert into STATION_FLAG values(161, 'fix');
insert into STATION values (162, 'Burrington.burrington.westtwin.goatchurch.rt2', 18, 347578.80, 158254.36, 137.77);
insert into STATION_FLAG values(162, 'fix');
insert into STATION values (163, 'Burrington.burrington.westtwin.goatchurch.rt3', 18, 347579.16, 158255.00, 137.52);
insert into STATION_FLAG values(163, 'fix');
insert into STATION values (164, 'Burrington.burrington.westtwin.goatchurch.bm4', 18, 347589.47, 158253.49, 133.50);
insert into STATION_FLAG values(164, 'fix');
insert into STATION values (165, 'Burrington.burrington.westtwin.goatchurch.bm3', 18, 347589.32, 158251.83, 131.74);
insert into STATION_FLAG values(165, 'fix');
insert into STATION values (166, 'Burrington.burrington.westtwin.goatchurch.dc5', 18, 347588.90, 158253.69, 133.28);
insert into STATION_FLAG values(166, 'fix');
insert into STATION values (167, 'Burrington.burrington.westtwin.goatchurch.dc4', 18, 347585.08, 158253.64, 134.47);
insert into STATION_FLAG values(167, 'fix');
insert into STATION values (168, 'Burrington.burrington.westtwin.goatchurch.bm2', 18, 347587.38, 158251.98, 132.70);
insert into STATION_FLAG values(168, 'fix');
insert into STATION values (169, 'Burrington.burrington.westtwin.goatchurch.bm1', 18, 347586.26, 158251.99, 134.11);
insert into STATION_FLAG values(169, 'fix');
insert into STATION values (170, 'Burrington.burrington.westtwin.goatchurch.ms11', 18, 347588.26, 158251.07, 135.69);
insert into STATION_FLAG values(170, 'fix');
insert into STATION values (171, 'Burrington.burrington.westtwin.goatchurch.bm5', 18, 347589.13, 158251.70, 133.28);
insert into STATION_FLAG values(171, 'fix');
insert into STATION values (172, 'Burrington.burrington.westtwin.goatchurch.cb3', 18, 347578.94, 158253.81, 136.59);
insert into STATION_FLAG values(172, 'fix');
insert into STATION values (173, 'Burrington.burrington.westtwin.goatchurch.cb2', 18, 347578.47, 158253.96, 135.99);
insert into STATION_FLAG values(173, 'fix');
insert into STATION values (174, 'Burrington.burrington.westtwin.goatchurch.cb4', 18, 347580.85, 158252.65, 139.27);
insert into STATION_FLAG values(174, 'fix');
insert into STATION values (175, 'Burrington.burrington.westtwin.goatchurch.c2', 18, 347581.10, 158252.76, 138.26);
insert into STATION_FLAG values(175, 'fix');
insert into STATION values (176, 'Burrington.burrington.westtwin.goatchurch.cb1', 18, 347578.29, 158253.81, 135.49);
insert into STATION_FLAG values(176, 'fix');
insert into STATION values (177, 'Burrington.burrington.westtwin.goatchurch.cb6', 18, 347575.78, 158251.29, 136.46);
insert into STATION_FLAG values(177, 'fix');
insert into STATION values (178, 'Burrington.burrington.westtwin.goatchurch.cb10', 18, 347570.77, 158252.31, 136.20);
insert into STATION_FLAG values(178, 'fix');
insert into STATION values (179, 'Burrington.burrington.westtwin.goatchurch.cb9', 18, 347571.64, 158251.86, 136.49);
insert into STATION_FLAG values(179, 'fix');
insert into STATION values (180, 'Burrington.burrington.westtwin.goatchurch.cb8', 18, 347572.21, 158250.90, 136.48);
insert into STATION_FLAG values(180, 'fix');
insert into STATION values (181, 'Burrington.burrington.westtwin.goatchurch.td8', 18, 347574.39, 158258.39, 133.93);
insert into STATION_FLAG values(181, 'fix');
insert into STATION values (182, 'Burrington.burrington.westtwin.goatchurch.td3', 18, 347565.80, 158257.69, 137.73);
insert into STATION_FLAG values(182, 'fix');
insert into STATION values (183, 'Burrington.burrington.westtwin.goatchurch.td2', 18, 347565.81, 158255.65, 139.11);
insert into STATION_FLAG values(183, 'fix');
insert into STATION values (184, 'Burrington.burrington.westtwin.goatchurch.td1', 18, 347565.78, 158254.60, 139.76);
insert into STATION_FLAG values(184, 'fix');
insert into STATION values (185, 'Burrington.burrington.westtwin.goatchurch.dc19', 18, 347577.99, 158259.30, 131.72);
insert into STATION_FLAG values(185, 'fix');
insert into STATION values (186, 'Burrington.burrington.westtwin.goatchurch.cd4', 18, 347582.95, 158257.58, 133.03);
insert into STATION_FLAG values(186, 'fix');
insert into STATION values (187, 'Burrington.burrington.westtwin.goatchurch.cd3', 18, 347579.48, 158258.22, 133.03);
insert into STATION_FLAG values(187, 'fix');
insert into STATION values (188, 'Burrington.burrington.westtwin.goatchurch.cd2', 18, 347578.04, 158259.23, 132.57);
insert into STATION_FLAG values(188, 'fix');
insert into STATION values (189, 'Burrington.burrington.westtwin.goatchurch.sc1', 18, 347577.00, 158258.35, 132.42);
insert into STATION_FLAG values(189, 'fix');
insert into STATION values (190, 'Burrington.burrington.westtwin.goatchurch.dc3', 18, 347584.13, 158254.07, 132.90);
insert into STATION_FLAG values(190, 'fix');
insert into STATION values (191, 'Burrington.burrington.westtwin.goatchurch.cd7', 18, 347586.92, 158256.03, 132.16);
insert into STATION_FLAG values(191, 'fix');
insert into STATION values (192, 'Burrington.burrington.westtwin.goatchurch.tb4', 18, 347593.10, 158255.37, 130.33);
insert into STATION_FLAG values(192, 'fix');
insert into STATION values (193, 'Burrington.burrington.westtwin.goatchurch.bc4', 18, 347597.24, 158257.08, 128.99);
insert into STATION_FLAG values(193, 'fix');
insert into STATION values (194, 'Burrington.burrington.westtwin.goatchurch.bc3', 18, 347598.91, 158257.06, 127.96);
insert into STATION_FLAG values(194, 'fix');
insert into STATION values (195, 'Burrington.burrington.westtwin.goatchurch.ls12', 18, 347602.43, 158255.35, 126.36);
insert into STATION_FLAG values(195, 'fix');
insert into STATION values (196, 'Burrington.burrington.westtwin.goatchurch.ls8', 18, 347601.82, 158255.66, 126.19);
insert into STATION_FLAG values(196, 'fix');
insert into STATION values (197, 'Burrington.burrington.westtwin.goatchurch.ls7', 18, 347600.56, 158256.69, 126.55);
insert into STATION_FLAG values(197, 'fix');
insert into STATION values (198, 'Burrington.burrington.westtwin.goatchurch.ls6', 18, 347598.60, 158256.23, 127.12);
insert into STATION_FLAG values(198, 'fix');
insert into STATION values (199, 'Burrington.burrington.westtwin.goatchurch.ls4', 18, 347598.63, 158256.21, 127.76);
insert into STATION_FLAG values(199, 'fix');
insert into STATION values (200, 'Burrington.burrington.westtwin.goatchurch.57', 18, 347609.52, 158252.60, 129.87);
insert into STATION_FLAG values(200, 'fix');
insert into STATION values (201, 'Burrington.burrington.westtwin.goatchurch.bc1', 18, 347599.38, 158251.27, 129.06);
insert into STATION_FLAG values(201, 'fix');
insert into STATION values (202, 'Burrington.burrington.westtwin.goatchurch.tb1', 18, 347598.16, 158252.93, 130.17);
insert into STATION_FLAG values(202, 'fix');
insert into STATION values (203, 'Burrington.burrington.westtwin.goatchurch.tb2', 18, 347596.11, 158254.13, 129.13);
insert into STATION_FLAG values(203, 'fix');
insert into STATION values (204, 'Burrington.burrington.westtwin.goatchurch.b5', 18, 347607.66, 158252.02, 127.48);
insert into STATION_FLAG values(204, 'fix');
insert into STATION values (205, 'Burrington.burrington.westtwin.goatchurch.b7', 18, 347608.04, 158253.15, 125.99);
insert into STATION_FLAG values(205, 'fix');
insert into STATION values (206, 'Burrington.burrington.westtwin.goatchurch.b9', 18, 347609.78, 158252.83, 126.50);
insert into STATION_FLAG values(206, 'fix');
insert into STATION values (207, 'Burrington.burrington.westtwin.goatchurch.b11', 18, 347609.07, 158252.76, 125.59);
insert into STATION_FLAG values(207, 'fix');
insert into STATION values (208, 'Burrington.burrington.westtwin.goatchurch.b12', 18, 347611.84, 158251.43, 123.89);
insert into STATION_FLAG values(208, 'fix');
insert into STATION values (209, 'Burrington.burrington.westtwin.goatchurch.zlc1', 18, 347613.17, 158252.45, 124.10);
insert into STATION_FLAG values(209, 'fix');
insert into STATION values (210, 'Burrington.burrington.westtwin.goatchurch.zlc2', 18, 347614.25, 158253.08, 121.78);
insert into STATION_FLAG values(210, 'fix');
insert into STATION values (211, 'Burrington.burrington.westtwin.goatchurch.og2', 18, 347616.71, 158251.37, 125.47);
insert into STATION_FLAG values(211, 'fix');
insert into STATION values (212, 'Burrington.burrington.westtwin.goatchurch.og1', 18, 347615.14, 158251.28, 125.41);
insert into STATION_FLAG values(212, 'fix');
insert into STATION values (213, 'Burrington.burrington.westtwin.goatchurch.w1', 18, 347612.89, 158254.86, 119.13);
insert into STATION_FLAG values(213, 'fix');
insert into STATION values (214, 'Burrington.burrington.westtwin.goatchurch.w4', 18, 347613.76, 158255.10, 120.14);
insert into STATION_FLAG values(214, 'fix');
insert into STATION values (215, 'Burrington.burrington.westtwin.goatchurch.rw8', 18, 347600.98, 158257.23, 123.29);
insert into STATION_FLAG values(215, 'fix');
insert into STATION values (216, 'Burrington.burrington.westtwin.goatchurch.rw9', 18, 347601.88, 158259.73, 122.96);
insert into STATION_FLAG values(216, 'fix');
insert into STATION values (217, 'Burrington.burrington.westtwin.goatchurch.rw3', 18, 347601.64, 158255.98, 122.81);
insert into STATION_FLAG values(217, 'fix');
insert into STATION values (218, 'Burrington.burrington.westtwin.goatchurch.rw12', 18, 347604.33, 158257.23, 120.71);
insert into STATION_FLAG values(218, 'fix');
insert into STATION values (219, 'Burrington.burrington.westtwin.goatchurch.rw10', 18, 347602.85, 158258.99, 120.76);
insert into STATION_FLAG values(219, 'fix');
insert into STATION values (220, 'Burrington.burrington.westtwin.goatchurch.rw4', 18, 347601.22, 158254.96, 124.51);
insert into STATION_FLAG values(220, 'fix');
insert into STATION values (221, 'Burrington.burrington.westtwin.goatchurch.rw6', 18, 347600.81, 158255.59, 124.96);
insert into STATION_FLAG values(221, 'fix');
insert into STATION values (222, 'Burrington.burrington.westtwin.goatchurch.ls10', 18, 347599.85, 158255.65, 125.33);
insert into STATION_FLAG values(222, 'fix');
insert into STATION values (223, 'Burrington.burrington.westtwin.goatchurch.ls9', 18, 347600.49, 158258.97, 124.93);
insert into STATION_FLAG values(223, 'fix');
insert into STATION values (224, 'Burrington.burrington.westtwin.goatchurch.rw15', 18, 347609.13, 158257.73, 118.80);
insert into STATION_FLAG values(224, 'fix');
insert into STATION values (225, 'Burrington.burrington.westtwin.goatchurch.rw14', 18, 347606.23, 158258.80, 118.48);
insert into STATION_FLAG values(225, 'fix');
insert into STATION values (226, 'Burrington.burrington.westtwin.goatchurch.rw13', 18, 347605.66, 158260.14, 118.64);
insert into STATION_FLAG values(226, 'fix');
insert into STATION values (227, 'Burrington.burrington.westtwin.goatchurch.rw1', 18, 347608.51, 158256.93, 119.22);
insert into STATION_FLAG values(227, 'fix');
insert into STATION values (228, 'Burrington.burrington.westtwin.goatchurch.rw2', 18, 347606.58, 158256.93, 119.71);
insert into STATION_FLAG values(228, 'fix');
insert into STATION values (229, 'Burrington.burrington.westtwin.goatchurch.y9', 18, 347606.17, 158259.42, 118.82);
insert into STATION_FLAG values(229, 'fix');
insert into STATION values (230, 'Burrington.burrington.westtwin.goatchurch.t9', 18, 347605.23, 158260.95, 119.79);
insert into STATION_FLAG values(230, 'fix');
insert into STATION values (231, 'Burrington.burrington.westtwin.goatchurch.t8', 18, 347603.15, 158262.22, 119.46);
insert into STATION_FLAG values(231, 'fix');
insert into STATION values (232, 'Burrington.burrington.westtwin.goatchurch.t7', 18, 347602.04, 158261.40, 120.16);
insert into STATION_FLAG values(232, 'fix');
insert into STATION values (233, 'Burrington.burrington.westtwin.goatchurch.t6', 18, 347604.17, 158260.29, 121.19);
insert into STATION_FLAG values(233, 'fix');
insert into STATION values (234, 'Burrington.burrington.westtwin.goatchurch.t5', 18, 347607.14, 158258.43, 122.23);
insert into STATION_FLAG values(234, 'fix');
insert into STATION values (235, 'Burrington.burrington.westtwin.goatchurch.t4', 18, 347608.32, 158257.58, 122.82);
insert into STATION_FLAG values(235, 'fix');
insert into STATION values (236, 'Burrington.burrington.westtwin.goatchurch.t2', 18, 347608.64, 158256.81, 123.69);
insert into STATION_FLAG values(236, 'fix');
insert into STATION values (237, 'Burrington.burrington.westtwin.goatchurch.t1', 18, 347608.11, 158256.48, 123.95);
insert into STATION_FLAG values(237, 'fix');
insert into STATION values (238, 'Burrington.burrington.westtwin.goatchurch.g1', 18, 347611.96, 158255.95, 117.62);
insert into STATION_FLAG values(238, 'fix');
insert into STATION values (239, 'Burrington.burrington.westtwin.goatchurch.g9', 18, 347611.11, 158255.64, 119.00);
insert into STATION_FLAG values(239, 'fix');
insert into STATION values (240, 'Burrington.burrington.westtwin.goatchurch.y8', 18, 347612.00, 158257.16, 118.00);
insert into STATION_FLAG values(240, 'fix');
insert into STATION values (241, 'Burrington.burrington.westtwin.goatchurch.g12', 18, 347609.58, 158255.23, 120.08);
insert into STATION_FLAG values(241, 'fix');
insert into STATION values (242, 'Burrington.burrington.westtwin.goatchurch.ub1', 18, 347607.07, 158255.65, 120.09);
insert into STATION_FLAG values(242, 'fix');
insert into STATION values (243, 'Burrington.burrington.westtwin.goatchurch.ub4', 18, 347606.82, 158256.38, 119.89);
insert into STATION_FLAG values(243, 'fix');
insert into STATION values (244, 'Burrington.burrington.westtwin.goatchurch.ub3', 18, 347607.86, 158257.04, 119.48);
insert into STATION_FLAG values(244, 'fix');
insert into STATION values (245, 'Burrington.burrington.westtwin.goatchurch.g11', 18, 347609.87, 158256.98, 119.34);
insert into STATION_FLAG values(245, 'fix');
insert into STATION values (246, 'Burrington.burrington.westtwin.goatchurch.g10', 18, 347611.86, 158256.50, 117.75);
insert into STATION_FLAG values(246, 'fix');
insert into STATION values (247, 'Burrington.burrington.westtwin.goatchurch.y5', 18, 347614.10, 158257.91, 117.57);
insert into STATION_FLAG values(247, 'fix');
insert into STATION values (248, 'Burrington.burrington.westtwin.goatchurch.yy', 18, 347615.00, 158257.88, 117.34);
insert into STATION_FLAG values(248, 'fix');
insert into STATION values (249, 'Burrington.burrington.westtwin.goatchurch.y4', 18, 347610.13, 158257.90, 118.96);
insert into STATION_FLAG values(249, 'fix');
insert into STATION values (250, 'Burrington.burrington.westtwin.goatchurch.y7', 18, 347613.92, 158257.07, 118.91);
insert into STATION_FLAG values(250, 'fix');
insert into STATION values (251, 'Burrington.burrington.westtwin.goatchurch.z2', 18, 347619.46, 158255.98, 113.93);
insert into STATION_FLAG values(251, 'fix');
insert into STATION values (252, 'Burrington.burrington.westtwin.goatchurch.z3', 18, 347617.12, 158256.08, 116.11);
insert into STATION_FLAG values(252, 'fix');
insert into STATION values (253, 'Burrington.burrington.westtwin.goatchurch.z1', 18, 347619.91, 158257.68, 113.19);
insert into STATION_FLAG values(253, 'fix');
insert into STATION values (254, 'Burrington.burrington.westtwin.goatchurch.va', 18, 347621.16, 158259.17, 111.14);
insert into STATION_FLAG values(254, 'fix');
insert into STATION values (255, 'Burrington.burrington.westtwin.goatchurch.jj', 18, 347621.07, 158258.57, 110.11);
insert into STATION_FLAG values(255, 'fix');
insert into STATION values (256, 'Burrington.burrington.westtwin.goatchurch.vrt', 18, 347619.78, 158259.02, 113.89);
insert into STATION_FLAG values(256, 'fix');
insert into STATION values (257, 'Burrington.burrington.westtwin.goatchurch.dl2', 18, 347618.83, 158257.77, 115.40);
insert into STATION_FLAG values(257, 'fix');
insert into STATION values (258, 'Burrington.burrington.westtwin.goatchurch.dl1', 18, 347616.76, 158258.48, 115.57);
insert into STATION_FLAG values(258, 'fix');
insert into STATION values (259, 'Burrington.burrington.westtwin.goatchurch.z4', 18, 347614.91, 158254.38, 119.69);
insert into STATION_FLAG values(259, 'fix');
insert into STATION values (260, 'Burrington.burrington.westtwin.goatchurch.z5', 18, 347613.70, 158255.79, 120.26);
insert into STATION_FLAG values(260, 'fix');
insert into STATION values (261, 'Burrington.burrington.westtwin.sidcot.a.27', 18, 347537.73, 158311.15, 122.12);
insert into STATION_FLAG values(261, 'fix');
insert into STATION values (262, 'Burrington.burrington.westtwin.sidcot.b.0', 18, 347539.93, 158316.34, 123.99);
insert into STATION_FLAG values(262, 'fix');
insert into STATION values (263, 'Burrington.burrington.westtwin.sidcot.a.28', 18, 347537.07, 158312.18, 125.23);
insert into STATION_FLAG values(263, 'fix');
insert into STATION values (264, 'Burrington.burrington.westtwin.sidcot.a.30', 18, 347537.28, 158313.74, 125.99);
insert into STATION_FLAG values(264, 'fix');
insert into STATION values (265, 'Burrington.burrington.westtwin.sidcot.a.31', 18, 347537.66, 158315.20, 123.47);
insert into STATION_FLAG values(265, 'fix');
insert into STATION values (266, 'Burrington.burrington.westtwin.sidcot.b.7', 18, 347537.92, 158320.61, 115.81);
insert into STATION_FLAG values(266, 'fix');
insert into STATION values (267, 'Burrington.burrington.westtwin.sidcot.b.6', 18, 347536.97, 158319.15, 120.10);
insert into STATION_FLAG values(267, 'fix');
insert into STATION values (268, 'Burrington.burrington.westtwin.sidcot.b.8', 18, 347535.33, 158322.79, 115.15);
insert into STATION_FLAG values(268, 'fix');
insert into STATION values (269, 'Burrington.burrington.westtwin.sidcot.b.9', 18, 347536.35, 158324.70, 112.40);
insert into STATION_FLAG values(269, 'fix');
insert into STATION values (270, 'Burrington.burrington.westtwin.sidcot.b.10', 18, 347532.17, 158329.90, 109.83);
insert into STATION_FLAG values(270, 'fix');
insert into STATION values (271, 'Burrington.burrington.westtwin.sidcot.b.11', 18, 347533.64, 158328.34, 110.44);
insert into STATION_FLAG values(271, 'fix');
insert into STATION values (272, 'Burrington.burrington.westtwin.sidcot.b.19', 18, 347531.85, 158326.47, 115.35);
insert into STATION_FLAG values(272, 'fix');
insert into STATION values (273, 'Burrington.burrington.westtwin.sidcot.b.20', 18, 347530.37, 158324.48, 118.13);
insert into STATION_FLAG values(273, 'fix');
insert into STATION values (274, 'Burrington.burrington.westtwin.sidcot.b.21', 18, 347531.63, 158322.16, 119.41);
insert into STATION_FLAG values(274, 'fix');
insert into STATION values (275, 'Burrington.burrington.westtwin.sidcot.b.22', 18, 347537.84, 158319.29, 120.62);
insert into STATION_FLAG values(275, 'fix');
insert into STATION values (276, 'Burrington.burrington.westtwin.sidcot.b.1', 18, 347538.61, 158314.87, 122.27);
insert into STATION_FLAG values(276, 'fix');
insert into STATION values (277, 'Burrington.burrington.westtwin.sidcot.b.2', 18, 347539.67, 158316.14, 120.72);
insert into STATION_FLAG values(277, 'fix');
insert into STATION values (278, 'Burrington.burrington.westtwin.sidcot.b.3', 18, 347538.41, 158317.94, 119.97);
insert into STATION_FLAG values(278, 'fix');
insert into STATION values (279, 'Burrington.burrington.westtwin.sidcot.a.24', 18, 347543.68, 158312.04, 127.15);
insert into STATION_FLAG values(279, 'fix');
insert into STATION values (280, 'Burrington.burrington.westtwin.sidcot.a.22', 18, 347542.55, 158310.90, 124.59);
insert into STATION_FLAG values(280, 'fix');
insert into STATION values (281, 'Burrington.burrington.westtwin.sidcot.a.21', 18, 347544.64, 158309.84, 125.54);
insert into STATION_FLAG values(281, 'fix');
insert into STATION values (282, 'Burrington.burrington.westtwin.sidcot.a.20', 18, 347544.85, 158307.92, 125.27);
insert into STATION_FLAG values(282, 'fix');
insert into STATION values (283, 'Burrington.burrington.westtwin.sidcot.a.19', 18, 347545.42, 158304.35, 129.01);
insert into STATION_FLAG values(283, 'fix');
insert into STATION values (284, 'Burrington.burrington.westtwin.sidcot.a.17', 18, 347548.60, 158303.44, 128.25);
insert into STATION_FLAG values(284, 'fix');
insert into STATION values (285, 'Burrington.burrington.westtwin.sidcot.a.16', 18, 347552.62, 158302.45, 128.32);
insert into STATION_FLAG values(285, 'fix');
insert into STATION values (286, 'Burrington.burrington.westtwin.sidcot.a.4', 18, 347551.15, 158300.62, 128.24);
insert into STATION_FLAG values(286, 'fix');
insert into STATION values (287, 'Burrington.burrington.westtwin.sidcot.a.3', 18, 347552.53, 158296.82, 131.75);
insert into STATION_FLAG values(287, 'fix');
insert into STATION values (288, 'Burrington.burrington.westtwin.sidcot.2', 18, 347552.39, 158296.90, 134.85);
insert into STATION_FLAG values(288, 'fix');
insert into STATION values (289, 'Burrington.burrington.westtwin.sidcot.1', 18, 347554.76, 158294.27, 136.07);
insert into STATION_FLAG values(289, 'fix');
insert into STATION values (290, 'Burrington.burrington.westtwin.surface1.se', 18, 347558.00, 158292.00, 136.00);
insert into STATION_FLAG values(290, 'fix');
insert into STATION values (291, 'Burrington.burrington.westtwin.surface1.1', 18, 347558.34, 158289.27, 138.00);
insert into STATION_FLAG values(291, 'fix');
insert into STATION values (292, 'Burrington.burrington.westtwin.surface1.2', 18, 347560.31, 158289.10, 137.20);
insert into STATION_FLAG values(292, 'fix');
insert into STATION values (293, 'Burrington.burrington.westtwin.surface1.3', 18, 347562.99, 158279.15, 135.20);
insert into STATION_FLAG values(293, 'fix');
insert into STATION values (294, 'Burrington.burrington.westtwin.surface1.4', 18, 347567.72, 158270.64, 139.53);
insert into STATION_FLAG values(294, 'fix');
insert into STATION values (295, 'Burrington.burrington.westtwin.surface1.5', 18, 347566.35, 158262.82, 142.58);
insert into STATION_FLAG values(295, 'fix');
insert into STATION values (296, 'Burrington.burrington.westtwin.surface1.6', 18, 347568.78, 158247.64, 148.17);
insert into STATION_FLAG values(296, 'fix');
insert into STATION values (297, 'Burrington.burrington.westtwin.surface1.7', 18, 347576.78, 158243.04, 151.90);
insert into STATION_FLAG values(297, 'fix');
insert into STATION values (298, 'Burrington.burrington.westtwin.surface1.8', 18, 347581.14, 158235.79, 154.33);
insert into STATION_FLAG values(298, 'fix');
insert into STATION values (299, 'Burrington.burrington.westtwin.surface1.9', 18, 347583.83, 158236.18, 155.42);
insert into STATION_FLAG values(299, 'fix');
insert into STATION values (300, 'Burrington.burrington.lionels.lh01l', 18, 347945.31, 158235.05, 123.94);
insert into STATION_FLAG values(300, 'fix');
insert into STATION values (301, 'Burrington.burrington.lionels.lh03a', 18, 347951.74, 158241.16, 130.85);
insert into STATION_FLAG values(301, 'fix');
insert into STATION values (302, 'Burrington.burrington.lionels.lh01d', 18, 347954.34, 158239.11, 132.29);
insert into STATION_FLAG values(302, 'fix');
insert into STATION values (303, 'Burrington.burrington.lionels.lh03b', 18, 347950.81, 158238.53, 130.14);
insert into STATION_FLAG values(303, 'fix');
insert into STATION values (304, 'Burrington.burrington.lionels.lh01e', 18, 347952.94, 158239.38, 132.32);
insert into STATION_FLAG values(304, 'fix');
insert into STATION values (305, 'Burrington.burrington.lionels.lh01c', 18, 347958.20, 158233.39, 138.51);
insert into STATION_FLAG values(305, 'fix');
insert into STATION values (306, 'Burrington.burrington.lionels.lh01b', 18, 347958.80, 158232.26, 139.34);
insert into STATION_FLAG values(306, 'fix');
insert into STATION values (307, 'Burrington.burrington.lionels.lh01a', 18, 347960.00, 158230.00, 141.00);
insert into STATION_FLAG values(307, 'ent');
insert into STATION_FLAG values(307, 'fix');
insert into STATION values (308, 'Burrington.burrington.lionels.lh05a', 18, 347951.21, 158234.05, 130.97);
insert into STATION_FLAG values(308, 'fix');
insert into STATION values (309, 'Burrington.burrington.lionels.lh05b', 18, 347945.99, 158239.81, 123.83);
insert into STATION_FLAG values(309, 'fix');
insert into STATION values (310, 'Burrington.burrington.lionels.lh05c', 18, 347944.96, 158238.04, 122.98);
insert into STATION_FLAG values(310, 'fix');
insert into STATION values (311, 'Burrington.burrington.lionels.lh06k', 18, 347936.08, 158232.92, 117.70);
insert into STATION_FLAG values(311, 'fix');
insert into STATION values (312, 'Burrington.burrington.lionels.lh06j', 18, 347936.27, 158233.99, 117.62);
insert into STATION_FLAG values(312, 'fix');
insert into STATION values (313, 'Burrington.burrington.lionels.lh06l', 18, 347934.25, 158234.80, 117.19);
insert into STATION_FLAG values(313, 'fix');
insert into STATION values (314, 'Burrington.burrington.lionels.lh09n', 18, 347933.48, 158235.17, 117.19);
insert into STATION_FLAG values(314, 'fix');
insert into STATION values (315, 'Burrington.burrington.lionels.lh09m', 18, 347933.48, 158235.17, 116.15);
insert into STATION_FLAG values(315, 'fix');
insert into STATION values (316, 'Burrington.burrington.lionels.lh09l', 18, 347928.80, 158236.76, 116.37);
insert into STATION_FLAG values(316, 'fix');
insert into STATION values (317, 'Burrington.burrington.lionels.lh09k', 18, 347927.13, 158236.15, 117.72);
insert into STATION_FLAG values(317, 'fix');
insert into STATION values (318, 'Burrington.burrington.lionels.lh09j', 18, 347926.60, 158232.38, 113.22);
insert into STATION_FLAG values(318, 'fix');
insert into STATION values (319, 'Burrington.burrington.lionels.lh09h', 18, 347926.60, 158232.38, 112.24);
insert into STATION_FLAG values(319, 'fix');
insert into STATION values (320, 'Burrington.burrington.lionels.lh09g', 18, 347923.78, 158234.41, 111.63);
insert into STATION_FLAG values(320, 'fix');
insert into STATION values (321, 'Burrington.burrington.lionels.lh09f1', 18, 347919.26, 158235.19, 111.71);
insert into STATION_FLAG values(321, 'fix');
insert into STATION values (322, 'Burrington.burrington.lionels.lh09f', 18, 347918.66, 158235.29, 111.72);
insert into STATION_FLAG values(322, 'fix');
insert into STATION values (323, 'Burrington.burrington.lionels.lh09e', 18, 347919.08, 158239.39, 114.05);
insert into STATION_FLAG values(323, 'fix');
insert into STATION values (324, 'Burrington.burrington.lionels.lh09c', 18, 347918.27, 158239.73, 115.22);
insert into STATION_FLAG values(324, 'fix');
insert into STATION values (325, 'Burrington.burrington.lionels.lh09b', 18, 347918.86, 158240.38, 117.88);
insert into STATION_FLAG values(325, 'fix');
insert into STATION values (326, 'Burrington.burrington.lionels.lh09a', 18, 347919.40, 158242.57, 118.05);
insert into STATION_FLAG values(326, 'fix');
insert into STATION values (327, 'Burrington.burrington.lionels.lh01r', 18, 347922.08, 158242.47, 118.58);
insert into STATION_FLAG values(327, 'fix');
insert into STATION values (328, 'Burrington.burrington.lionels.lh01q', 18, 347933.08, 158240.86, 115.34);
insert into STATION_FLAG values(328, 'fix');
insert into STATION values (329, 'Burrington.burrington.lionels.lh01p', 18, 347935.56, 158240.94, 117.14);
insert into STATION_FLAG values(329, 'fix');
insert into STATION values (330, 'Burrington.burrington.lionels.lh01n1', 18, 347938.47, 158237.19, 119.80);
insert into STATION_FLAG values(330, 'fix');
insert into STATION values (331, 'Burrington.burrington.lionels.lh06h', 18, 347937.08, 158232.34, 118.31);
insert into STATION_FLAG values(331, 'fix');
insert into STATION values (332, 'Burrington.burrington.lionels.lh06g', 18, 347938.19, 158232.01, 118.61);
insert into STATION_FLAG values(332, 'fix');
insert into STATION values (333, 'Burrington.burrington.lionels.lh06f', 18, 347939.34, 158233.28, 116.66);
insert into STATION_FLAG values(333, 'fix');
insert into STATION values (334, 'Burrington.burrington.lionels.lh06e', 18, 347940.35, 158232.67, 117.03);
insert into STATION_FLAG values(334, 'fix');
insert into STATION values (335, 'Burrington.burrington.lionels.lh06d', 18, 347943.35, 158230.04, 119.84);
insert into STATION_FLAG values(335, 'fix');
insert into STATION values (336, 'Burrington.burrington.lionels.lh06c', 18, 347944.19, 158230.35, 120.19);
insert into STATION_FLAG values(336, 'fix');
insert into STATION values (337, 'Burrington.burrington.lionels.lh06b', 18, 347944.19, 158230.33, 122.95);
insert into STATION_FLAG values(337, 'fix');
insert into STATION values (338, 'Burrington.burrington.lionels.lh07a1', 18, 347948.62, 158226.24, 127.29);
insert into STATION_FLAG values(338, 'fix');
insert into STATION values (339, 'Burrington.burrington.lionels.lh07a', 18, 347943.90, 158227.61, 122.88);
insert into STATION_FLAG values(339, 'fix');
insert into STATION values (340, 'Burrington.burrington.easttwinsparpot.east-twin.et01b', 18, 347961.19, 158150.43, 148.44);
insert into STATION_FLAG values(340, 'fix');
insert into STATION values (341, 'Burrington.burrington.easttwinsparpot.east-twin.et01c', 18, 347963.61, 158150.01, 146.90);
insert into STATION_FLAG values(341, 'fix');
insert into STATION values (342, 'Burrington.burrington.easttwinsparpot.east-twin.et01a', 18, 347960.00, 158150.00, 150.00);
insert into STATION_FLAG values(342, 'ent');
insert into STATION_FLAG values(342, 'fix');
insert into STATION values (343, 'Burrington.burrington.easttwinsparpot.east-twin.et01e1', 18, 347967.40, 158147.05, 145.11);
insert into STATION_FLAG values(343, 'fix');
insert into STATION values (344, 'Burrington.burrington.easttwinsparpot.east-twin.et01e', 18, 347968.34, 158147.84, 145.11);
insert into STATION_FLAG values(344, 'fix');
insert into STATION values (345, 'Burrington.burrington.easttwinsparpot.east-twin.et01c2', 18, 347963.61, 158148.98, 146.75);
insert into STATION_FLAG values(345, 'fix');
insert into STATION values (346, 'Burrington.burrington.easttwinsparpot.east-twin.et01c1', 18, 347963.61, 158149.57, 146.84);
insert into STATION_FLAG values(346, 'fix');
insert into STATION values (347, 'Burrington.burrington.easttwinsparpot.east-twin.et01d', 18, 347967.66, 158149.28, 146.76);
insert into STATION_FLAG values(347, 'fix');
insert into STATION values (348, 'Burrington.burrington.easttwinsparpot.east-twin.et01g', 18, 347968.30, 158154.67, 142.40);
insert into STATION_FLAG values(348, 'fix');
insert into STATION values (349, 'Burrington.burrington.easttwinsparpot.east-twin.et01f1', 18, 347967.67, 158152.32, 143.29);
insert into STATION_FLAG values(349, 'fix');
insert into STATION values (350, 'Burrington.burrington.easttwinsparpot.east-twin.et01f', 18, 347967.60, 158152.04, 143.39);
insert into STATION_FLAG values(350, 'fix');
insert into STATION values (351, 'Burrington.burrington.easttwinsparpot.east-twin.et01j1', 18, 347967.79, 158161.69, 140.13);
insert into STATION_FLAG values(351, 'fix');
insert into STATION values (352, 'Burrington.burrington.easttwinsparpot.east-twin.et01l', 18, 347965.72, 158172.53, 135.59);
insert into STATION_FLAG values(352, 'fix');
insert into STATION values (353, 'Burrington.burrington.easttwinsparpot.east-twin.et01m', 18, 347964.59, 158172.81, 133.52);
insert into STATION_FLAG values(353, 'fix');
insert into STATION values (354, 'Burrington.burrington.swallets.drunkards.1', 18, 347139.19, 158390.09, 172.88);
insert into STATION_FLAG values(354, 'fix');
insert into STATION values (355, 'Burrington.burrington.swallets.drunkards.2', 18, 347140.06, 158390.51, 172.81);
insert into STATION_FLAG values(355, 'fix');
insert into STATION values (356, 'Burrington.burrington.swallets.drunkards.3', 18, 347139.04, 158392.21, 170.19);
insert into STATION_FLAG values(356, 'fix');
insert into STATION values (357, 'Burrington.burrington.swallets.drunkards.4', 18, 347139.42, 158396.52, 165.38);
insert into STATION_FLAG values(357, 'fix');
insert into STATION values (358, 'Burrington.burrington.swallets.drunkards.5', 18, 347138.27, 158397.36, 164.91);
insert into STATION_FLAG values(358, 'fix');
insert into STATION values (359, 'Burrington.burrington.swallets.drunkards.6', 18, 347136.10, 158401.12, 160.09);
insert into STATION_FLAG values(359, 'fix');
insert into STATION values (360, 'Burrington.burrington.swallets.drunkards.7', 18, 347135.51, 158402.58, 159.52);
insert into STATION_FLAG values(360, 'fix');
insert into STATION values (361, 'Burrington.burrington.swallets.drunkards.8', 18, 347135.03, 158403.34, 161.66);
insert into STATION_FLAG values(361, 'fix');
insert into STATION values (362, 'Burrington.burrington.swallets.drunkards.9', 18, 347132.30, 158403.11, 163.37);
insert into STATION_FLAG values(362, 'fix');
insert into STATION values (363, 'Burrington.burrington.swallets.drunkards.10', 18, 347132.12, 158406.64, 159.83);
insert into STATION_FLAG values(363, 'fix');
insert into STATION values (364, 'Burrington.burrington.swallets.drunkards.11', 18, 347134.92, 158401.88, 163.53);
insert into STATION_FLAG values(364, 'fix');
insert into STATION values (365, 'Burrington.burrington.swallets.drunkards.12', 18, 347135.56, 158403.25, 157.15);
insert into STATION_FLAG values(365, 'fix');
insert into STATION values (366, 'Burrington.burrington.swallets.drunkards.13', 18, 347134.75, 158403.35, 156.83);
insert into STATION_FLAG values(366, 'fix');
insert into STATION values (367, 'Burrington.burrington.swallets.drunkards.14', 18, 347132.03, 158406.60, 156.76);
insert into STATION_FLAG values(367, 'fix');
insert into STATION values (368, 'Burrington.burrington.swallets.drunkards.15', 18, 347132.08, 158407.97, 156.09);
insert into STATION_FLAG values(368, 'fix');
insert into STATION values (369, 'Burrington.burrington.swallets.drunkards.16', 18, 347132.43, 158408.63, 151.34);
insert into STATION_FLAG values(369, 'fix');
insert into STATION values (370, 'Burrington.burrington.swallets.drunkards.17', 18, 347132.72, 158411.43, 148.33);
insert into STATION_FLAG values(370, 'fix');
insert into STATION values (371, 'Burrington.burrington.swallets.drunkards.18', 18, 347136.27, 158409.92, 148.67);
insert into STATION_FLAG values(371, 'fix');
insert into STATION values (372, 'Burrington.burrington.swallets.drunkards.19', 18, 347135.05, 158406.58, 148.79);
insert into STATION_FLAG values(372, 'fix');
insert into STATION values (373, 'Burrington.burrington.swallets.drunkards.20', 18, 347135.46, 158411.08, 142.96);
insert into STATION_FLAG values(373, 'fix');
insert into STATION values (374, 'Burrington.burrington.swallets.drunkards.21', 18, 347136.80, 158413.41, 138.66);
insert into STATION_FLAG values(374, 'fix');
insert into STATION values (375, 'Burrington.burrington.swallets.drunkards.22', 18, 347138.79, 158419.53, 141.53);
insert into STATION_FLAG values(375, 'fix');
insert into STATION values (376, 'Burrington.burrington.swallets.drunkards.23', 18, 347139.73, 158418.14, 142.31);
insert into STATION_FLAG values(376, 'fix');
insert into STATION values (377, 'Burrington.burrington.swallets.drunkards.24', 18, 347141.91, 158419.16, 141.62);
insert into STATION_FLAG values(377, 'fix');
insert into STATION values (378, 'Burrington.burrington.swallets.drunkards.25', 18, 347144.76, 158418.91, 141.32);
insert into STATION_FLAG values(378, 'fix');
insert into STATION values (379, 'Burrington.burrington.swallets.drunkards.26', 18, 347143.07, 158414.00, 150.31);
insert into STATION_FLAG values(379, 'fix');
insert into STATION values (380, 'Burrington.burrington.swallets.drunkards.27', 18, 347143.70, 158422.18, 147.52);
insert into STATION_FLAG values(380, 'fix');
insert into STATION values (381, 'Burrington.burrington.swallets.drunkards.28', 18, 347147.08, 158415.80, 143.87);
insert into STATION_FLAG values(381, 'fix');
insert into STATION values (382, 'Burrington.burrington.swallets.drunkards.29', 18, 347152.06, 158416.95, 143.24);
insert into STATION_FLAG values(382, 'fix');
insert into STATION values (383, 'Burrington.burrington.swallets.drunkards.30', 18, 347146.46, 158415.82, 144.55);
insert into STATION_FLAG values(383, 'fix');
insert into STATION values (384, 'Burrington.burrington.swallets.drunkards.31', 18, 347147.10, 158410.58, 148.98);
insert into STATION_FLAG values(384, 'fix');
insert into STATION values (385, 'Burrington.burrington.swallets.drunkards.32', 18, 347146.00, 158406.98, 149.85);
insert into STATION_FLAG values(385, 'fix');
insert into STATION values (386, 'Burrington.burrington.swallets.drunkards.33', 18, 347147.52, 158406.60, 153.53);
insert into STATION_FLAG values(386, 'fix');
insert into STATION values (387, 'Burrington.burrington.swallets.drunkards.34', 18, 347151.47, 158407.37, 152.90);
insert into STATION_FLAG values(387, 'fix');
insert into STATION values (388, 'Burrington.burrington.swallets.drunkards.35', 18, 347145.21, 158404.23, 150.02);
insert into STATION_FLAG values(388, 'fix');
insert into STATION values (389, 'Burrington.burrington.swallets.drunkards.43', 18, 347147.29, 158418.21, 145.43);
insert into STATION_FLAG values(389, 'fix');
insert into STATION values (390, 'Burrington.burrington.swallets.drunkards.42', 18, 347146.25, 158417.20, 149.62);
insert into STATION_FLAG values(390, 'fix');
insert into STATION values (391, 'Burrington.burrington.swallets.drunkards.40', 18, 347148.03, 158416.26, 151.44);
insert into STATION_FLAG values(391, 'fix');
insert into STATION values (392, 'Burrington.burrington.swallets.drunkards.36', 18, 347150.67, 158415.84, 151.53);
insert into STATION_FLAG values(392, 'fix');
insert into STATION values (393, 'Burrington.burrington.swallets.drunkards.37', 18, 347152.95, 158416.12, 150.31);
insert into STATION_FLAG values(393, 'fix');
insert into STATION values (394, 'Burrington.burrington.swallets.drunkards.38', 18, 347151.45, 158414.97, 157.52);
insert into STATION_FLAG values(394, 'fix');
insert into STATION values (395, 'Burrington.burrington.swallets.drunkards.39', 18, 347150.96, 158417.63, 152.85);
insert into STATION_FLAG values(395, 'fix');
insert into STATION values (396, 'Burrington.burrington.swallets.drunkards.41', 18, 347149.05, 158414.80, 154.77);
insert into STATION_FLAG values(396, 'fix');
insert into STATION values (397, 'Burrington.burrington.swallets.drunkards.44', 18, 347146.52, 158419.72, 151.74);
insert into STATION_FLAG values(397, 'fix');
insert into STATION values (398, 'Burrington.burrington.swallets.drunkards.45', 18, 347146.85, 158413.82, 157.72);
insert into STATION_FLAG values(398, 'fix');
insert into STATION values (399, 'Burrington.burrington.swallets.drunkards.50', 18, 347135.92, 158410.57, 148.40);
insert into STATION_FLAG values(399, 'fix');
insert into STATION values (400, 'Burrington.burrington.swallets.drunkards.48', 18, 347139.26, 158409.49, 148.27);
insert into STATION_FLAG values(400, 'fix');
insert into STATION values (401, 'Burrington.burrington.swallets.drunkards.46', 18, 347139.56, 158410.80, 148.34);
insert into STATION_FLAG values(401, 'fix');
insert into STATION values (402, 'Burrington.burrington.swallets.drunkards.47', 18, 347141.18, 158414.43, 138.53);
insert into STATION_FLAG values(402, 'fix');
insert into STATION values (403, 'Burrington.burrington.swallets.drunkards.49', 18, 347142.93, 158408.36, 148.81);
insert into STATION_FLAG values(403, 'fix');
insert into STATION values (404, 'Burrington.burrington.swallets.rodsbath.23', 18, 347226.96, 158450.03, 143.67);
insert into STATION_FLAG values(404, 'fix');
insert into STATION values (405, 'Burrington.burrington.swallets.rodsbath.24', 18, 347230.22, 158448.44, 145.51);
insert into STATION_FLAG values(405, 'fix');
insert into STATION values (406, 'Burrington.burrington.swallets.rodsbath.25', 18, 347229.91, 158450.92, 144.24);
insert into STATION_FLAG values(406, 'fix');
insert into STATION values (407, 'Burrington.burrington.swallets.rodsbath.26', 18, 347230.67, 158450.57, 143.09);
insert into STATION_FLAG values(407, 'fix');
insert into STATION values (408, 'Burrington.burrington.swallets.rodsbath.27', 18, 347229.65, 158450.98, 142.35);
insert into STATION_FLAG values(408, 'fix');
insert into STATION values (409, 'Burrington.burrington.swallets.rodsbath.28', 18, 347230.44, 158452.20, 140.62);
insert into STATION_FLAG values(409, 'fix');
insert into STATION values (410, 'Burrington.burrington.swallets.rodsbath.29', 18, 347232.99, 158452.42, 139.02);
insert into STATION_FLAG values(410, 'fix');
insert into STATION values (411, 'Burrington.burrington.swallets.rodsbath.30', 18, 347235.69, 158452.90, 133.40);
insert into STATION_FLAG values(411, 'fix');
insert into STATION values (412, 'Burrington.burrington.swallets.rodsbath.31', 18, 347235.86, 158453.78, 132.20);
insert into STATION_FLAG values(412, 'fix');
insert into STATION values (413, 'Burrington.burrington.swallets.rodsbath.32', 18, 347239.84, 158453.78, 131.78);
insert into STATION_FLAG values(413, 'fix');
insert into STATION values (414, 'Burrington.burrington.swallets.rodsbath.33', 18, 347243.07, 158452.73, 131.90);
insert into STATION_FLAG values(414, 'fix');
insert into STATION values (415, 'Burrington.burrington.swallets.rodsbath.34', 18, 347245.56, 158452.73, 132.34);
insert into STATION_FLAG values(415, 'fix');
insert into STATION values (416, 'Burrington.burrington.swallets.rodsbath.35', 18, 347246.58, 158451.64, 132.24);
insert into STATION_FLAG values(416, 'fix');
insert into STATION values (417, 'Burrington.burrington.swallets.rodsbath.36', 18, 347251.68, 158451.01, 132.87);
insert into STATION_FLAG values(417, 'fix');
insert into STATION values (418, 'Burrington.burrington.swallets.rodsbath.37', 18, 347253.00, 158451.60, 132.77);
insert into STATION_FLAG values(418, 'fix');
insert into STATION values (419, 'Burrington.burrington.swallets.rodsbath.38', 18, 347254.40, 158453.10, 133.17);
insert into STATION_FLAG values(419, 'fix');
insert into STATION values (420, 'Burrington.burrington.swallets.rodsbath.39', 18, 347256.22, 158453.20, 133.72);
insert into STATION_FLAG values(420, 'fix');
insert into STATION values (421, 'Burrington.burrington.swallets.rodsbath.40', 18, 347257.29, 158453.72, 133.81);
insert into STATION_FLAG values(421, 'fix');
insert into STATION values (422, 'Burrington.burrington.swallets.rodsbath.41', 18, 347256.93, 158453.04, 135.21);
insert into STATION_FLAG values(422, 'fix');
insert into STATION values (423, 'Burrington.burrington.swallets.rodsbath.42', 18, 347256.29, 158452.56, 140.22);
insert into STATION_FLAG values(423, 'fix');
insert into STATION values (424, 'Burrington.burrington.swallets.rodsbath.43', 18, 347256.96, 158452.46, 140.42);
insert into STATION_FLAG values(424, 'fix');
insert into STATION values (425, 'Burrington.burrington.swallets.rodsbath.44', 18, 347256.90, 158451.61, 141.59);
insert into STATION_FLAG values(425, 'fix');
insert into STATION values (426, 'Burrington.burrington.swallets.rodsbath.45', 18, 347257.02, 158451.04, 143.10);
insert into STATION_FLAG values(426, 'fix');
insert into STATION values (427, 'Burrington.burrington.swallets.rodsbath.46', 18, 347261.40, 158450.58, 141.32);
insert into STATION_FLAG values(427, 'fix');
insert into STATION values (428, 'Burrington.burrington.swallets.rodsbath.47', 18, 347260.57, 158446.68, 141.67);
insert into STATION_FLAG values(428, 'fix');
insert into STATION values (429, 'Burrington.burrington.swallets.rodsbath.48', 18, 347260.69, 158445.86, 141.69);
insert into STATION_FLAG values(429, 'fix');
insert into STATION values (430, 'Burrington.burrington.swallets.rodsbath.49', 18, 347261.04, 158445.48, 142.86);
insert into STATION_FLAG values(430, 'fix');
insert into STATION values (431, 'Burrington.burrington.swallets.rodsbath.50', 18, 347259.93, 158441.84, 150.01);
insert into STATION_FLAG values(431, 'fix');
insert into STATION values (432, 'Burrington.burrington.swallets.rodsbath.51', 18, 347258.54, 158437.00, 159.47);
insert into STATION_FLAG values(432, 'fix');
insert into STATION values (433, 'Burrington.burrington.swallets.rodsbath.52', 18, 347256.78, 158436.40, 162.23);
insert into STATION_FLAG values(433, 'fix');
insert into STATION values (434, 'Burrington.burrington.swallets.rodsbath.53', 18, 347256.22, 158436.15, 164.52);
insert into STATION_FLAG values(434, 'fix');
insert into STATION values (435, 'Burrington.burrington.swallets.rodsbath.54', 18, 347258.02, 158435.67, 165.60);
insert into STATION_FLAG values(435, 'fix');
insert into STATION values (436, 'Burrington.burrington.swallets.rodsbath.55', 18, 347256.14, 158432.65, 166.75);
insert into STATION_FLAG values(436, 'fix');
insert into STATION values (437, 'Burrington.burrington.swallets.rodsbath.56', 18, 347253.04, 158434.74, 166.62);
insert into STATION_FLAG values(437, 'fix');
insert into STATION values (438, 'Burrington.burrington.swallets.rodsbath.57', 18, 347253.42, 158437.14, 166.24);
insert into STATION_FLAG values(438, 'fix');
insert into STATION values (439, 'Burrington.burrington.swallets.rodsbath.58', 18, 347252.71, 158436.72, 169.54);
insert into STATION_FLAG values(439, 'fix');
insert into STATION values (440, 'Burrington.BathEnt.1.0', 18, 347252.68, 158435.10, 171.68);
insert into STATION_FLAG values(440, 'ent');
insert into STATION_FLAG values(440, 'fix');
insert into STATION values (441, 'Burrington.burrington.swallets.rodsbath.o1', 18, 347222.79, 158439.10, 151.99);
insert into STATION_FLAG values(441, 'fix');
insert into STATION values (442, 'Burrington.burrington.swallets.rodsbath.o2', 18, 347220.91, 158437.93, 152.26);
insert into STATION_FLAG values(442, 'fix');
insert into STATION values (443, 'Burrington.burrington.swallets.rodsbath.o3', 18, 347219.64, 158438.08, 152.26);
insert into STATION_FLAG values(443, 'fix');
insert into STATION values (444, 'Burrington.burrington.swallets.rodsbath.o4', 18, 347217.50, 158436.85, 152.70);
insert into STATION_FLAG values(444, 'fix');
insert into STATION values (445, 'Burrington.burrington.swallets.rodsbath.o5', 18, 347219.77, 158436.32, 152.70);
insert into STATION_FLAG values(445, 'fix');
insert into STATION values (446, 'Burrington.burrington.swallets.rodsbath.o6', 18, 347218.76, 158434.93, 152.82);
insert into STATION_FLAG values(446, 'fix');
insert into STATION values (447, 'Burrington.burrington.swallets.rodsbath.o7', 18, 347222.74, 158434.29, 152.96);
insert into STATION_FLAG values(447, 'fix');
insert into STATION values (448, 'Burrington.burrington.swallets.rodsbath.o9', 18, 347215.71, 158436.78, 153.05);
insert into STATION_FLAG values(448, 'fix');
insert into STATION values (449, 'Burrington.burrington.swallets.rodsbath.o10', 18, 347214.41, 158437.73, 152.90);
insert into STATION_FLAG values(449, 'fix');
insert into STATION values (450, 'Burrington.burrington.swallets.rodsbath.o11', 18, 347212.47, 158437.25, 152.90);
insert into STATION_FLAG values(450, 'fix');
insert into STATION values (451, 'Burrington.burrington.swallets.rodsbath.b2', 18, 347213.31, 158449.33, 140.51);
insert into STATION_FLAG values(451, 'fix');
insert into STATION values (452, 'Burrington.burrington.swallets.rodsbath.b3', 18, 347213.01, 158447.78, 142.61);
insert into STATION_FLAG values(452, 'fix');
insert into STATION values (453, 'Burrington.burrington.swallets.rodsbath.b4', 18, 347211.31, 158445.44, 147.81);
insert into STATION_FLAG values(453, 'fix');
insert into STATION values (454, 'Burrington.burrington.swallets.rodsbath.b5', 18, 347211.89, 158444.81, 148.33);
insert into STATION_FLAG values(454, 'fix');
insert into STATION values (455, 'Burrington.burrington.swallets.rodsbath.b6', 18, 347212.02, 158443.75, 150.51);
insert into STATION_FLAG values(455, 'fix');
insert into STATION values (456, 'Burrington.burrington.swallets.rodsbath.b7', 18, 347208.62, 158444.98, 150.77);
insert into STATION_FLAG values(456, 'fix');
insert into STATION values (457, 'Burrington.burrington.swallets.rodsbath.b8', 18, 347208.72, 158445.05, 149.39);
insert into STATION_FLAG values(457, 'fix');
insert into STATION values (458, 'Burrington.burrington.swallets.rodsbath.b9', 18, 347205.01, 158448.40, 146.02);
insert into STATION_FLAG values(458, 'fix');
insert into STATION values (459, 'Burrington.burrington.swallets.rodsbath.b10', 18, 347204.54, 158447.25, 152.56);
insert into STATION_FLAG values(459, 'fix');
insert into STATION values (460, 'Burrington.burrington.swallets.rodsbath.d1', 18, 347227.87, 158441.85, 149.49);
insert into STATION_FLAG values(460, 'fix');
insert into STATION values (461, 'Burrington.burrington.swallets.rodsbath.d2', 18, 347231.21, 158440.22, 150.70);
insert into STATION_FLAG values(461, 'fix');
insert into STATION values (462, 'Burrington.burrington.swallets.rodsbath.e1', 18, 347213.61, 158427.07, 154.93);
insert into STATION_FLAG values(462, 'fix');
insert into STATION values (463, 'Burrington.burrington.swallets.rodsbath.m1', 18, 347225.37, 158447.98, 143.40);
insert into STATION_FLAG values(463, 'fix');
insert into STATION values (464, 'Burrington.burrington.swallets.rodsbath.m2', 18, 347223.08, 158448.61, 142.72);
insert into STATION_FLAG values(464, 'fix');
insert into STATION values (465, 'Burrington.burrington.swallets.rodsbath.m3', 18, 347221.02, 158449.31, 142.23);
insert into STATION_FLAG values(465, 'fix');
insert into STATION values (466, 'Burrington.burrington.swallets.rodsbath.m4', 18, 347219.65, 158447.84, 143.41);
insert into STATION_FLAG values(466, 'fix');
insert into STATION values (467, 'Burrington.burrington.swallets.rodsbath.m5', 18, 347220.07, 158448.68, 141.66);
insert into STATION_FLAG values(467, 'fix');
insert into STATION values (468, 'Burrington.burrington.swallets.rodsbath.m6', 18, 347220.83, 158448.05, 141.70);
insert into STATION_FLAG values(468, 'fix');
insert into STATION values (469, 'Burrington.burrington.swallets.rodsbath.m7', 18, 347222.70, 158445.00, 143.11);
insert into STATION_FLAG values(469, 'fix');
insert into STATION values (470, 'Burrington.burrington.swallets.rodsbath.m8', 18, 347220.38, 158445.80, 142.51);
insert into STATION_FLAG values(470, 'fix');
insert into STATION values (471, 'Burrington.burrington.swallets.rodsbath.m9', 18, 347218.96, 158446.56, 141.70);
insert into STATION_FLAG values(471, 'fix');
insert into STATION values (472, 'Burrington.burrington.swallets.rodsbath.m10', 18, 347219.00, 158446.69, 141.37);
insert into STATION_FLAG values(472, 'fix');
insert into STATION values (473, 'Burrington.burrington.swallets.rodsbath.m11', 18, 347217.90, 158447.41, 141.03);
insert into STATION_FLAG values(473, 'fix');
insert into STATION values (474, 'Burrington.burrington.swallets.rodsbath.m12', 18, 347216.51, 158447.71, 140.82);
insert into STATION_FLAG values(474, 'fix');
insert into STATION values (475, 'Burrington.burrington.swallets.rodsbath.m14', 18, 347213.97, 158448.86, 140.40);
insert into STATION_FLAG values(475, 'fix');
insert into STATION values (476, 'Burrington.burrington.swallets.rodsbath.m15', 18, 347212.95, 158449.54, 140.22);
insert into STATION_FLAG values(476, 'fix');
insert into STATION values (477, 'Burrington.burrington.swallets.rodsbath.m13', 18, 347215.46, 158448.27, 140.79);
insert into STATION_FLAG values(477, 'fix');
insert into STATION values (478, 'Burrington.burrington.swallets.rodsbath.m16', 18, 347214.30, 158449.47, 140.53);
insert into STATION_FLAG values(478, 'fix');
insert into STATION values (479, 'Burrington.burrington.swallets.rodsbath.m17', 18, 347215.45, 158448.97, 140.79);
insert into STATION_FLAG values(479, 'fix');
insert into STATION values (480, 'Burrington.burrington.swallets.rodsbath.m18', 18, 347217.43, 158449.98, 140.79);
insert into STATION_FLAG values(480, 'fix');
insert into STATION values (481, 'Burrington.burrington.swallets.rodsbath.m19', 18, 347220.30, 158449.39, 140.88);
insert into STATION_FLAG values(481, 'fix');
insert into STATION values (482, 'Burrington.burrington.swallets.rodsbath.m20', 18, 347226.36, 158448.94, 143.58);
insert into STATION_FLAG values(482, 'fix');
insert into STATION values (483, 'Burrington.burrington.swallets.rodsbath.m21', 18, 347226.83, 158448.80, 143.52);
insert into STATION_FLAG values(483, 'fix');
insert into STATION values (484, 'Burrington.burrington.swallets.rodsbath.m22', 18, 347226.61, 158447.55, 144.20);
insert into STATION_FLAG values(484, 'fix');
insert into STATION values (485, 'Burrington.burrington.swallets.rodsbath.m27', 18, 347223.86, 158443.92, 144.48);
insert into STATION_FLAG values(485, 'fix');
insert into STATION values (486, 'Burrington.burrington.swallets.rodsbath.m28', 18, 347224.66, 158442.74, 146.66);
insert into STATION_FLAG values(486, 'fix');
insert into STATION values (487, 'Burrington.burrington.swallets.rodsbath.m29', 18, 347223.75, 158441.88, 148.20);
insert into STATION_FLAG values(487, 'fix');
insert into STATION values (488, 'Burrington.burrington.swallets.rodsbath.m30', 18, 347222.76, 158440.70, 150.57);
insert into STATION_FLAG values(488, 'fix');
insert into STATION values (489, 'Burrington.burrington.westtwin.goatchurch.4', 18, 347607.06, 158230.28, 148.46);
insert into STATION_FLAG values(489, 'fix');
insert into STATION values (490, 'Burrington.burrington.westtwin.goatchurch.5', 18, 347611.34, 158229.25, 148.46);
insert into STATION_FLAG values(490, 'fix');
insert into STATION values (491, 'Burrington.burrington.westtwin.goatchurch.13', 18, 347594.06, 158237.15, 144.86);
insert into STATION_FLAG values(491, 'fix');
insert into STATION values (492, 'Burrington.burrington.westtwin.goatchurch.14', 18, 347593.07, 158237.03, 144.91);
insert into STATION_FLAG values(492, 'fix');
insert into STATION values (493, 'Burrington.burrington.westtwin.goatchurch.16', 18, 347616.57, 158236.20, 140.82);
insert into STATION_FLAG values(493, 'fix');
insert into STATION values (494, 'Burrington.burrington.westtwin.goatchurch.17', 18, 347617.64, 158240.21, 138.27);
insert into STATION_FLAG values(494, 'fix');
insert into STATION values (495, 'Burrington.burrington.westtwin.goatchurch.18', 18, 347615.28, 158240.05, 137.81);
insert into STATION_FLAG values(495, 'fix');
insert into STATION values (496, 'Burrington.burrington.westtwin.goatchurch.19', 18, 347611.86, 158238.67, 139.95);
insert into STATION_FLAG values(496, 'fix');
insert into STATION values (497, 'Burrington.burrington.westtwin.goatchurch.20', 18, 347614.63, 158241.42, 136.94);
insert into STATION_FLAG values(497, 'fix');
insert into STATION values (498, 'Burrington.burrington.westtwin.goatchurch.22', 18, 347621.11, 158232.30, 142.60);
insert into STATION_FLAG values(498, 'fix');
insert into STATION values (499, 'Burrington.burrington.westtwin.goatchurch.23', 18, 347618.53, 158233.50, 144.86);
insert into STATION_FLAG values(499, 'fix');
insert into STATION values (500, 'Burrington.burrington.westtwin.goatchurch.24', 18, 347621.55, 158233.38, 145.64);
insert into STATION_FLAG values(500, 'fix');
insert into STATION values (501, 'Burrington.burrington.westtwin.goatchurch.25', 18, 347621.34, 158232.67, 145.64);
insert into STATION_FLAG values(501, 'fix');
insert into STATION values (502, 'Burrington.burrington.westtwin.goatchurch.26', 18, 347621.74, 158225.09, 149.01);
insert into STATION_FLAG values(502, 'fix');
insert into STATION values (503, 'Burrington.burrington.westtwin.goatchurch.27', 18, 347621.90, 158222.00, 149.01);
insert into STATION_FLAG values(503, 'fix');
insert into STATION values (504, 'Burrington.burrington.westtwin.goatchurch.28', 18, 347621.26, 158235.95, 142.49);
insert into STATION_FLAG values(504, 'fix');
insert into STATION values (505, 'Burrington.burrington.westtwin.goatchurch.29', 18, 347625.83, 158233.72, 142.13);
insert into STATION_FLAG values(505, 'fix');
insert into STATION values (506, 'Burrington.burrington.westtwin.goatchurch.30', 18, 347623.19, 158235.01, 142.34);
insert into STATION_FLAG values(506, 'fix');
insert into STATION values (507, 'Burrington.burrington.westtwin.goatchurch.31', 18, 347629.83, 158237.18, 137.88);
insert into STATION_FLAG values(507, 'fix');
insert into STATION values (508, 'Burrington.burrington.westtwin.goatchurch.32', 18, 347633.34, 158237.06, 137.58);
insert into STATION_FLAG values(508, 'fix');
insert into STATION values (509, 'Burrington.burrington.westtwin.goatchurch.33', 18, 347634.71, 158237.01, 137.70);
insert into STATION_FLAG values(509, 'fix');
insert into STATION values (510, 'Burrington.burrington.westtwin.goatchurch.35', 18, 347625.05, 158236.74, 140.51);
insert into STATION_FLAG values(510, 'fix');
insert into STATION values (511, 'Burrington.burrington.westtwin.goatchurch.36', 18, 347626.59, 158232.50, 144.86);
insert into STATION_FLAG values(511, 'fix');
insert into STATION values (512, 'Burrington.burrington.westtwin.goatchurch.37', 18, 347625.42, 158240.27, 138.62);
insert into STATION_FLAG values(512, 'fix');
insert into STATION values (513, 'Burrington.burrington.westtwin.goatchurch.40', 18, 347626.75, 158244.32, 131.66);
insert into STATION_FLAG values(513, 'fix');
insert into STATION values (514, 'Burrington.burrington.westtwin.goatchurch.41', 18, 347629.62, 158245.04, 131.03);
insert into STATION_FLAG values(514, 'fix');
insert into STATION values (515, 'Burrington.burrington.westtwin.goatchurch.47', 18, 347618.75, 158253.47, 127.98);
insert into STATION_FLAG values(515, 'fix');
insert into STATION values (516, 'Burrington.burrington.westtwin.goatchurch.48', 18, 347617.01, 158249.84, 129.37);
insert into STATION_FLAG values(516, 'fix');
insert into STATION values (517, 'Burrington.burrington.westtwin.goatchurch.49', 18, 347615.70, 158248.00, 133.00);
insert into STATION_FLAG values(517, 'fix');
insert into STATION values (518, 'Burrington.burrington.westtwin.goatchurch.53', 18, 347611.14, 158248.99, 130.35);
insert into STATION_FLAG values(518, 'fix');
insert into STATION values (519, 'Burrington.burrington.westtwin.goatchurch.54', 18, 347612.11, 158252.67, 129.93);
insert into STATION_FLAG values(519, 'fix');
insert into STATION values (520, 'Burrington.burrington.westtwin.goatchurch.60', 18, 347595.18, 158247.22, 134.10);
insert into STATION_FLAG values(520, 'fix');
insert into STATION values (521, 'Burrington.burrington.westtwin.goatchurch.65', 18, 347581.47, 158248.84, 139.84);
insert into STATION_FLAG values(521, 'fix');
insert into STATION values (522, 'Burrington.burrington.westtwin.goatchurch.m8', 18, 347582.97, 158241.29, 144.08);
insert into STATION_FLAG values(522, 'fix');
insert into STATION values (523, 'Burrington.burrington.westtwin.goatchurch.m9', 18, 347578.93, 158240.06, 146.52);
insert into STATION_FLAG values(523, 'fix');
insert into STATION values (524, 'Burrington.burrington.westtwin.goatchurch.m10', 18, 347585.47, 158238.33, 143.17);
insert into STATION_FLAG values(524, 'fix');
insert into STATION values (525, 'Burrington.burrington.westtwin.goatchurch.m12', 18, 347581.50, 158240.03, 147.02);
insert into STATION_FLAG values(525, 'fix');
insert into STATION values (526, 'Burrington.burrington.westtwin.goatchurch.m13', 18, 347580.64, 158241.65, 147.95);
insert into STATION_FLAG values(526, 'fix');
insert into STATION values (527, 'Burrington.burrington.westtwin.goatchurch.m14', 18, 347579.91, 158237.28, 148.71);
insert into STATION_FLAG values(527, 'fix');
insert into STATION values (528, 'Burrington.burrington.westtwin.goatchurch.m17', 18, 347585.91, 158233.61, 147.99);
insert into STATION_FLAG values(528, 'fix');
insert into STATION values (529, 'Burrington.burrington.westtwin.goatchurch.m18', 18, 347586.90, 158234.61, 147.22);
insert into STATION_FLAG values(529, 'fix');
insert into STATION values (530, 'Burrington.burrington.westtwin.goatchurch.m19', 18, 347588.23, 158234.04, 148.44);
insert into STATION_FLAG values(530, 'fix');
insert into STATION values (531, 'Burrington.burrington.westtwin.goatchurch.m22', 18, 347588.61, 158233.82, 146.34);
insert into STATION_FLAG values(531, 'fix');
insert into STATION values (532, 'Burrington.burrington.westtwin.goatchurch.m25', 18, 347594.80, 158233.65, 144.03);
insert into STATION_FLAG values(532, 'fix');
insert into STATION values (533, 'Burrington.burrington.westtwin.goatchurch.m28', 18, 347599.08, 158237.60, 142.44);
insert into STATION_FLAG values(533, 'fix');
insert into STATION values (534, 'Burrington.burrington.westtwin.goatchurch.m29', 18, 347600.33, 158242.25, 139.16);
insert into STATION_FLAG values(534, 'fix');
insert into STATION values (535, 'Burrington.burrington.westtwin.goatchurch.m30', 18, 347602.23, 158243.36, 137.78);
insert into STATION_FLAG values(535, 'fix');
insert into STATION values (536, 'Burrington.burrington.westtwin.goatchurch.m32', 18, 347592.06, 158237.90, 143.61);
insert into STATION_FLAG values(536, 'fix');
insert into STATION values (537, 'Burrington.burrington.westtwin.goatchurch.m36', 18, 347595.33, 158240.37, 142.22);
insert into STATION_FLAG values(537, 'fix');
insert into STATION values (538, 'Burrington.burrington.westtwin.goatchurch.m37', 18, 347586.89, 158241.06, 144.32);
insert into STATION_FLAG values(538, 'fix');
insert into STATION values (539, 'Burrington.burrington.westtwin.goatchurch.m38', 18, 347584.85, 158241.49, 144.95);
insert into STATION_FLAG values(539, 'fix');
insert into STATION values (540, 'Burrington.burrington.westtwin.goatchurch.m39', 18, 347587.20, 158242.29, 143.17);
insert into STATION_FLAG values(540, 'fix');
insert into STATION values (541, 'Burrington.burrington.westtwin.goatchurch.m40', 18, 347590.82, 158243.06, 140.76);
insert into STATION_FLAG values(541, 'fix');
insert into STATION values (542, 'Burrington.burrington.westtwin.goatchurch.c3', 18, 347580.61, 158254.73, 137.18);
insert into STATION_FLAG values(542, 'fix');
insert into STATION values (543, 'Burrington.burrington.westtwin.goatchurch.c4', 18, 347581.35, 158254.68, 137.15);
insert into STATION_FLAG values(543, 'fix');
insert into STATION values (544, 'Burrington.burrington.westtwin.goatchurch.c5', 18, 347583.15, 158254.87, 136.42);
insert into STATION_FLAG values(544, 'fix');
insert into STATION values (545, 'Burrington.burrington.westtwin.goatchurch.c7', 18, 347580.50, 158252.73, 138.93);
insert into STATION_FLAG values(545, 'fix');
insert into STATION values (546, 'Burrington.burrington.westtwin.goatchurch.c8', 18, 347580.64, 158254.71, 138.13);
insert into STATION_FLAG values(546, 'fix');
insert into STATION values (547, 'Burrington.burrington.westtwin.goatchurch.c9', 18, 347580.02, 158252.12, 138.93);
insert into STATION_FLAG values(547, 'fix');
insert into STATION values (548, 'Burrington.burrington.westtwin.goatchurch.c10', 18, 347577.90, 158251.63, 140.19);
insert into STATION_FLAG values(548, 'fix');
insert into STATION values (549, 'Burrington.burrington.westtwin.goatchurch.c11', 18, 347574.62, 158250.87, 142.46);
insert into STATION_FLAG values(549, 'fix');
insert into STATION values (550, 'Burrington.burrington.westtwin.goatchurch.c12', 18, 347580.35, 158251.07, 139.59);
insert into STATION_FLAG values(550, 'fix');
insert into STATION values (551, 'Burrington.burrington.westtwin.goatchurch.c13', 18, 347579.12, 158251.76, 139.24);
insert into STATION_FLAG values(551, 'fix');
insert into STATION values (552, 'Burrington.burrington.westtwin.goatchurch.c19', 18, 347581.12, 158250.45, 139.19);
insert into STATION_FLAG values(552, 'fix');
insert into STATION values (553, 'Burrington.burrington.westtwin.goatchurch.c18', 18, 347579.68, 158250.28, 138.82);
insert into STATION_FLAG values(553, 'fix');
insert into STATION values (554, 'Burrington.burrington.westtwin.goatchurch.c17', 18, 347576.85, 158249.14, 139.81);
insert into STATION_FLAG values(554, 'fix');
insert into STATION values (555, 'Burrington.burrington.westtwin.goatchurch.c16', 18, 347576.85, 158249.14, 141.17);
insert into STATION_FLAG values(555, 'fix');
insert into STATION values (556, 'Burrington.burrington.westtwin.goatchurch.c15', 18, 347574.60, 158248.98, 142.18);
insert into STATION_FLAG values(556, 'fix');
insert into STATION values (557, 'Burrington.burrington.westtwin.goatchurch.c14', 18, 347573.58, 158248.29, 143.04);
insert into STATION_FLAG values(557, 'fix');
insert into STATION values (558, 'Burrington.burrington.westtwin.goatchurch.c20', 18, 347579.88, 158248.80, 138.71);
insert into STATION_FLAG values(558, 'fix');
insert into STATION values (559, 'Burrington.burrington.westtwin.goatchurch.bp5', 18, 347605.43, 158253.68, 127.96);
insert into STATION_FLAG values(559, 'fix');
insert into STATION values (560, 'Burrington.burrington.westtwin.goatchurch.bp4', 18, 347605.59, 158252.43, 126.16);
insert into STATION_FLAG values(560, 'fix');
insert into STATION values (561, 'Burrington.burrington.westtwin.goatchurch.bp3', 18, 347602.19, 158252.25, 127.47);
insert into STATION_FLAG values(561, 'fix');
insert into STATION values (562, 'Burrington.burrington.westtwin.goatchurch.bp2', 18, 347598.97, 158251.97, 128.52);
insert into STATION_FLAG values(562, 'fix');
insert into STATION values (563, 'Burrington.burrington.westtwin.goatchurch.bp1', 18, 347597.56, 158251.90, 129.79);
insert into STATION_FLAG values(563, 'fix');
insert into STATION values (564, 'Burrington.burrington.westtwin.goatchurch.39', 18, 347626.08, 158243.35, 132.81);
insert into STATION_FLAG values(564, 'fix');
insert into STATION values (565, 'Burrington.burrington.westtwin.goatchurch.op22', 18, 347627.28, 158242.54, 131.91);
insert into STATION_FLAG values(565, 'fix');
insert into STATION values (566, 'Burrington.burrington.westtwin.goatchurch.op21', 18, 347629.99, 158241.66, 131.66);
insert into STATION_FLAG values(566, 'fix');
insert into STATION values (567, 'Burrington.burrington.westtwin.goatchurch.op15', 18, 347631.06, 158241.43, 132.24);
insert into STATION_FLAG values(567, 'fix');
insert into STATION values (568, 'Burrington.burrington.westtwin.goatchurch.op14', 18, 347631.63, 158241.06, 132.01);
insert into STATION_FLAG values(568, 'fix');
insert into STATION values (569, 'Burrington.burrington.westtwin.goatchurch.op13', 18, 347634.33, 158241.06, 131.18);
insert into STATION_FLAG values(569, 'fix');
insert into STATION values (570, 'Burrington.burrington.westtwin.goatchurch.op11', 18, 347635.26, 158241.60, 129.07);
insert into STATION_FLAG values(570, 'fix');
insert into STATION values (571, 'Burrington.burrington.westtwin.goatchurch.op9', 18, 347636.15, 158242.91, 128.58);
insert into STATION_FLAG values(571, 'fix');
insert into STATION values (572, 'Burrington.burrington.westtwin.goatchurch.op8', 18, 347635.07, 158243.82, 127.93);
insert into STATION_FLAG values(572, 'fix');
insert into STATION values (573, 'Burrington.burrington.westtwin.goatchurch.op4', 18, 347635.10, 158245.32, 127.09);
insert into STATION_FLAG values(573, 'fix');
insert into STATION values (574, 'Burrington.burrington.westtwin.goatchurch.op3', 18, 347634.44, 158246.81, 126.40);
insert into STATION_FLAG values(574, 'fix');
insert into STATION values (575, 'Burrington.burrington.westtwin.goatchurch.op2', 18, 347633.94, 158245.52, 125.87);
insert into STATION_FLAG values(575, 'fix');
insert into STATION values (576, 'Burrington.burrington.westtwin.goatchurch.op1', 18, 347634.20, 158247.63, 124.92);
insert into STATION_FLAG values(576, 'fix');
insert into STATION values (577, 'Burrington.burrington.westtwin.goatchurch.op5', 18, 347636.90, 158244.80, 128.36);
insert into STATION_FLAG values(577, 'fix');
insert into STATION values (578, 'Burrington.burrington.westtwin.goatchurch.op6', 18, 347636.50, 158244.86, 127.63);
insert into STATION_FLAG values(578, 'fix');
insert into STATION values (579, 'Burrington.burrington.westtwin.goatchurch.op7', 18, 347637.59, 158242.81, 127.67);
insert into STATION_FLAG values(579, 'fix');
insert into STATION values (580, 'Burrington.burrington.westtwin.goatchurch.op10', 18, 347636.49, 158243.59, 128.20);
insert into STATION_FLAG values(580, 'fix');
insert into STATION values (581, 'Burrington.burrington.westtwin.goatchurch.op12', 18, 347637.80, 158241.55, 129.02);
insert into STATION_FLAG values(581, 'fix');
insert into STATION values (582, 'Burrington.burrington.westtwin.goatchurch.op16', 18, 347627.13, 158238.78, 135.68);
insert into STATION_FLAG values(582, 'fix');
insert into STATION values (583, 'Burrington.burrington.westtwin.goatchurch.op19', 18, 347628.23, 158237.93, 133.36);
insert into STATION_FLAG values(583, 'fix');
insert into STATION values (584, 'Burrington.burrington.westtwin.goatchurch.op18', 18, 347628.65, 158237.66, 133.34);
insert into STATION_FLAG values(584, 'fix');
insert into STATION values (585, 'Burrington.burrington.westtwin.goatchurch.op17', 18, 347630.55, 158238.85, 132.99);
insert into STATION_FLAG values(585, 'fix');
insert into STATION values (586, 'Burrington.burrington.westtwin.goatchurch.op20', 18, 347627.67, 158236.96, 133.34);
insert into STATION_FLAG values(586, 'fix');
insert into STATION values (587, 'Burrington.burrington.westtwin.goatchurch.ms10', 18, 347586.76, 158252.04, 135.48);
insert into STATION_FLAG values(587, 'fix');
insert into STATION values (588, 'Burrington.burrington.westtwin.goatchurch.dc6', 18, 347585.26, 158254.90, 134.93);
insert into STATION_FLAG values(588, 'fix');
insert into STATION values (589, 'Burrington.burrington.westtwin.goatchurch.dc11', 18, 347584.39, 158255.89, 134.23);
insert into STATION_FLAG values(589, 'fix');
insert into STATION values (590, 'Burrington.burrington.westtwin.goatchurch.dc9', 18, 347582.27, 158252.97, 134.56);
insert into STATION_FLAG values(590, 'fix');
insert into STATION values (591, 'Burrington.burrington.westtwin.goatchurch.dc13', 18, 347580.18, 158249.61, 135.33);
insert into STATION_FLAG values(591, 'fix');
insert into STATION values (592, 'Burrington.burrington.westtwin.goatchurch.dc12', 18, 347580.82, 158250.63, 134.95);
insert into STATION_FLAG values(592, 'fix');
insert into STATION values (593, 'Burrington.burrington.westtwin.goatchurch.dc14', 18, 347581.70, 158249.50, 135.00);
insert into STATION_FLAG values(593, 'fix');
insert into STATION values (594, 'Burrington.burrington.westtwin.goatchurch.dc15', 18, 347578.03, 158249.94, 137.27);
insert into STATION_FLAG values(594, 'fix');
insert into STATION values (595, 'Burrington.burrington.westtwin.goatchurch.dc16', 18, 347580.14, 158255.36, 135.79);
insert into STATION_FLAG values(595, 'fix');
insert into STATION values (596, 'Burrington.burrington.westtwin.goatchurch.rt1', 18, 347577.49, 158255.24, 136.93);
insert into STATION_FLAG values(596, 'fix');
insert into STATION values (597, 'Burrington.burrington.westtwin.goatchurch.f', 18, 347577.49, 158255.24, 134.12);
insert into STATION_FLAG values(597, 'fix');
insert into STATION values (598, 'Burrington.burrington.westtwin.goatchurch.rt4', 18, 347578.28, 158258.52, 131.93);
insert into STATION_FLAG values(598, 'fix');
insert into STATION values (599, 'Burrington.burrington.westtwin.goatchurch.bm6', 18, 347589.41, 158250.79, 131.85);
insert into STATION_FLAG values(599, 'fix');
insert into STATION values (600, 'Burrington.burrington.westtwin.goatchurch.bm7', 18, 347587.46, 158250.48, 133.29);
insert into STATION_FLAG values(600, 'fix');
insert into STATION values (601, 'Burrington.burrington.westtwin.goatchurch.cb5', 18, 347574.65, 158249.86, 136.48);
insert into STATION_FLAG values(601, 'fix');
insert into STATION values (602, 'Burrington.burrington.westtwin.goatchurch.cb11', 18, 347576.67, 158252.03, 136.22);
insert into STATION_FLAG values(602, 'fix');
insert into STATION values (603, 'Burrington.burrington.westtwin.goatchurch.cb12', 18, 347576.67, 158252.03, 137.56);
insert into STATION_FLAG values(603, 'fix');
insert into STATION values (604, 'Burrington.burrington.westtwin.goatchurch.cb13', 18, 347575.91, 158249.99, 139.74);
insert into STATION_FLAG values(604, 'fix');
insert into STATION values (605, 'Burrington.burrington.westtwin.goatchurch.cb14', 18, 347579.68, 158250.36, 137.61);
insert into STATION_FLAG values(605, 'fix');
insert into STATION values (606, 'Burrington.burrington.westtwin.goatchurch.cb15', 18, 347577.54, 158249.18, 136.37);
insert into STATION_FLAG values(606, 'fix');
insert into STATION values (607, 'Burrington.burrington.westtwin.goatchurch.td4', 18, 347566.30, 158260.26, 136.50);
insert into STATION_FLAG values(607, 'fix');
insert into STATION values (608, 'Burrington.burrington.westtwin.goatchurch.td5', 18, 347566.63, 158261.33, 136.35);
insert into STATION_FLAG values(608, 'fix');
insert into STATION values (609, 'Burrington.burrington.westtwin.goatchurch.td6', 18, 347566.80, 158262.27, 134.04);
insert into STATION_FLAG values(609, 'fix');
insert into STATION values (610, 'Burrington.burrington.westtwin.goatchurch.td7', 18, 347568.95, 158260.08, 134.28);
insert into STATION_FLAG values(610, 'fix');
insert into STATION values (611, 'Burrington.burrington.westtwin.goatchurch.td9', 18, 347570.54, 158260.01, 133.89);
insert into STATION_FLAG values(611, 'fix');
insert into STATION values (612, 'Burrington.burrington.westtwin.goatchurch.dc20', 18, 347563.46, 158253.65, 141.97);
insert into STATION_FLAG values(612, 'fix');
insert into STATION values (613, 'Burrington.burrington.westtwin.goatchurch.dc21', 18, 347563.62, 158254.53, 142.01);
insert into STATION_FLAG values(613, 'fix');
insert into STATION values (614, 'Burrington.burrington.westtwin.goatchurch.dc22', 18, 347562.24, 158254.85, 142.89);
insert into STATION_FLAG values(614, 'fix');
insert into STATION values (615, 'Burrington.burrington.westtwin.goatchurch.dc23', 18, 347560.96, 158254.08, 143.47);
insert into STATION_FLAG values(615, 'fix');
insert into STATION values (616, 'Burrington.burrington.westtwin.goatchurch.dc24', 18, 347559.50, 158255.35, 145.15);
insert into STATION_FLAG values(616, 'fix');
insert into STATION values (617, 'Burrington.burrington.westtwin.goatchurch.dc25', 18, 347559.56, 158253.10, 144.27);
insert into STATION_FLAG values(617, 'fix');
insert into STATION values (618, 'Burrington.burrington.westtwin.goatchurch.dc26', 18, 347559.00, 158253.96, 144.39);
insert into STATION_FLAG values(618, 'fix');
insert into STATION values (619, 'Burrington.burrington.westtwin.goatchurch.dc27', 18, 347558.34, 158253.48, 144.97);
insert into STATION_FLAG values(619, 'fix');
insert into STATION values (620, 'Burrington.burrington.westtwin.goatchurch.sc2', 18, 347571.59, 158259.90, 133.72);
insert into STATION_FLAG values(620, 'fix');
insert into STATION values (621, 'Burrington.burrington.westtwin.goatchurch.sc3', 18, 347570.41, 158258.98, 134.33);
insert into STATION_FLAG values(621, 'fix');
insert into STATION values (622, 'Burrington.burrington.westtwin.goatchurch.sc4', 18, 347570.20, 158261.40, 131.32);
insert into STATION_FLAG values(622, 'fix');
insert into STATION values (623, 'Burrington.burrington.westtwin.goatchurch.lc1', 18, 347576.92, 158259.40, 130.99);
insert into STATION_FLAG values(623, 'fix');
insert into STATION values (624, 'Burrington.burrington.westtwin.goatchurch.lc2', 18, 347576.97, 158259.84, 129.78);
insert into STATION_FLAG values(624, 'fix');
insert into STATION values (625, 'Burrington.burrington.westtwin.goatchurch.lc3', 18, 347578.21, 158260.08, 129.05);
insert into STATION_FLAG values(625, 'fix');
insert into STATION values (626, 'Burrington.burrington.westtwin.goatchurch.lc4', 18, 347577.66, 158261.59, 127.44);
insert into STATION_FLAG values(626, 'fix');
insert into STATION values (627, 'Burrington.burrington.westtwin.goatchurch.lc5', 18, 347580.74, 158261.81, 126.32);
insert into STATION_FLAG values(627, 'fix');
insert into STATION values (628, 'Burrington.burrington.westtwin.goatchurch.lc6', 18, 347581.30, 158262.87, 125.03);
insert into STATION_FLAG values(628, 'fix');
insert into STATION values (629, 'Burrington.burrington.westtwin.goatchurch.lc7', 18, 347574.43, 158262.16, 128.08);
insert into STATION_FLAG values(629, 'fix');
insert into STATION values (630, 'Burrington.burrington.westtwin.goatchurch.lc8', 18, 347577.53, 158262.92, 126.73);
insert into STATION_FLAG values(630, 'fix');
insert into STATION values (631, 'Burrington.burrington.westtwin.goatchurch.lc9', 18, 347576.76, 158263.07, 126.28);
insert into STATION_FLAG values(631, 'fix');
insert into STATION values (632, 'Burrington.burrington.westtwin.goatchurch.lc10', 18, 347574.47, 158263.07, 127.12);
insert into STATION_FLAG values(632, 'fix');
insert into STATION values (633, 'Burrington.burrington.westtwin.goatchurch.lc11', 18, 347574.58, 158264.32, 123.06);
insert into STATION_FLAG values(633, 'fix');
insert into STATION values (634, 'Burrington.burrington.westtwin.goatchurch.lc12', 18, 347574.69, 158263.32, 122.47);
insert into STATION_FLAG values(634, 'fix');
insert into STATION values (635, 'Burrington.burrington.westtwin.goatchurch.lc13', 18, 347572.99, 158264.13, 123.64);
insert into STATION_FLAG values(635, 'fix');
insert into STATION values (636, 'Burrington.burrington.westtwin.goatchurch.lc14', 18, 347575.81, 158263.87, 126.87);
insert into STATION_FLAG values(636, 'fix');
insert into STATION values (637, 'Burrington.burrington.westtwin.goatchurch.lc16', 18, 347570.93, 158264.04, 128.18);
insert into STATION_FLAG values(637, 'fix');
insert into STATION values (638, 'Burrington.burrington.westtwin.goatchurch.lc17', 18, 347570.64, 158262.96, 128.33);
insert into STATION_FLAG values(638, 'fix');
insert into STATION values (639, 'Burrington.burrington.westtwin.goatchurch.lc18', 18, 347571.13, 158261.54, 126.88);
insert into STATION_FLAG values(639, 'fix');
insert into STATION values (640, 'Burrington.burrington.westtwin.goatchurch.lc15', 18, 347568.62, 158264.12, 128.80);
insert into STATION_FLAG values(640, 'fix');
insert into STATION values (641, 'Burrington.burrington.westtwin.goatchurch.lc19', 18, 347569.26, 158266.50, 126.33);
insert into STATION_FLAG values(641, 'fix');
insert into STATION values (642, 'Burrington.burrington.westtwin.goatchurch.ms12', 18, 347589.44, 158250.76, 136.00);
insert into STATION_FLAG values(642, 'fix');
insert into STATION values (643, 'Burrington.burrington.westtwin.goatchurch.tb8', 18, 347590.64, 158259.31, 128.58);
insert into STATION_FLAG values(643, 'fix');
insert into STATION values (644, 'Burrington.burrington.westtwin.goatchurch.tb9', 18, 347593.64, 158255.72, 129.45);
insert into STATION_FLAG values(644, 'fix');
insert into STATION values (645, 'Burrington.burrington.westtwin.goatchurch.tb10', 18, 347591.45, 158255.68, 129.56);
insert into STATION_FLAG values(645, 'fix');
insert into STATION values (646, 'Burrington.burrington.westtwin.goatchurch.tb11', 18, 347587.66, 158254.94, 130.53);
insert into STATION_FLAG values(646, 'fix');
insert into STATION values (647, 'Burrington.burrington.westtwin.goatchurch.ls1', 18, 347597.44, 158258.56, 128.80);
insert into STATION_FLAG values(647, 'fix');
insert into STATION values (648, 'Burrington.burrington.westtwin.goatchurch.ls2', 18, 347599.81, 158258.41, 127.44);
insert into STATION_FLAG values(648, 'fix');
insert into STATION values (649, 'Burrington.burrington.westtwin.goatchurch.al2', 18, 347606.63, 158250.71, 128.54);
insert into STATION_FLAG values(649, 'fix');
insert into STATION values (650, 'Burrington.burrington.westtwin.goatchurch.al1', 18, 347602.88, 158250.18, 131.19);
insert into STATION_FLAG values(650, 'fix');
insert into STATION values (651, 'Burrington.burrington.westtwin.goatchurch.al3', 18, 347607.03, 158248.45, 130.46);
insert into STATION_FLAG values(651, 'fix');
insert into STATION values (652, 'Burrington.burrington.westtwin.goatchurch.b6', 18, 347611.23, 158250.83, 127.54);
insert into STATION_FLAG values(652, 'fix');
insert into STATION values (653, 'Burrington.burrington.westtwin.goatchurch.b10', 18, 347612.23, 158254.12, 125.78);
insert into STATION_FLAG values(653, 'fix');
insert into STATION values (654, 'Burrington.burrington.westtwin.goatchurch.b13', 18, 347611.57, 158252.89, 125.06);
insert into STATION_FLAG values(654, 'fix');
insert into STATION values (655, 'Burrington.burrington.westtwin.goatchurch.og3', 18, 347617.02, 158249.58, 126.87);
insert into STATION_FLAG values(655, 'fix');
insert into STATION values (656, 'Burrington.burrington.westtwin.goatchurch.tg6', 18, 347614.94, 158251.46, 128.18);
insert into STATION_FLAG values(656, 'fix');
insert into STATION values (657, 'Burrington.burrington.westtwin.goatchurch.tg4', 18, 347612.98, 158251.19, 129.37);
insert into STATION_FLAG values(657, 'fix');
insert into STATION values (658, 'Burrington.burrington.westtwin.goatchurch.tg3', 18, 347612.60, 158249.64, 129.28);
insert into STATION_FLAG values(658, 'fix');
insert into STATION values (659, 'Burrington.burrington.westtwin.goatchurch.tg1', 18, 347610.91, 158250.36, 129.61);
insert into STATION_FLAG values(659, 'fix');
insert into STATION values (660, 'Burrington.burrington.westtwin.goatchurch.tg2', 18, 347609.29, 158246.54, 132.30);
insert into STATION_FLAG values(660, 'fix');
insert into STATION values (661, 'Burrington.burrington.westtwin.goatchurch.tg5', 18, 347610.85, 158250.61, 130.97);
insert into STATION_FLAG values(661, 'fix');
insert into STATION values (662, 'Burrington.burrington.westtwin.goatchurch.tg7', 18, 347616.71, 158249.86, 129.45);
insert into STATION_FLAG values(662, 'fix');
insert into STATION values (663, 'Burrington.burrington.westtwin.goatchurch.og4', 18, 347619.28, 158249.62, 129.76);
insert into STATION_FLAG values(663, 'fix');
insert into STATION values (664, 'Burrington.burrington.westtwin.goatchurch.og5', 18, 347620.55, 158252.24, 129.45);
insert into STATION_FLAG values(664, 'fix');
insert into STATION values (665, 'Burrington.burrington.westtwin.goatchurch.og6', 18, 347619.11, 158247.30, 129.67);
insert into STATION_FLAG values(665, 'fix');
insert into STATION values (666, 'Burrington.burrington.westtwin.goatchurch.og7', 18, 347618.62, 158251.28, 128.33);
insert into STATION_FLAG values(666, 'fix');
insert into STATION values (667, 'Burrington.burrington.westtwin.goatchurch.og8', 18, 347616.45, 158246.83, 128.94);
insert into STATION_FLAG values(667, 'fix');
insert into STATION values (668, 'Burrington.burrington.westtwin.goatchurch.og9', 18, 347615.75, 158246.68, 133.94);
insert into STATION_FLAG values(668, 'fix');
insert into STATION values (669, 'Burrington.burrington.westtwin.goatchurch.og10', 18, 347615.85, 158252.75, 123.15);
insert into STATION_FLAG values(669, 'fix');
insert into STATION values (670, 'Burrington.burrington.westtwin.goatchurch.zlc3', 18, 347615.67, 158249.88, 123.64);
insert into STATION_FLAG values(670, 'fix');
insert into STATION values (671, 'Burrington.burrington.westtwin.goatchurch.w7', 18, 347608.85, 158254.30, 119.73);
insert into STATION_FLAG values(671, 'fix');
insert into STATION values (672, 'Burrington.burrington.westtwin.goatchurch.w8', 18, 347609.79, 158253.14, 118.56);
insert into STATION_FLAG values(672, 'fix');
insert into STATION values (673, 'Burrington.burrington.westtwin.goatchurch.w9', 18, 347603.47, 158252.14, 123.94);
insert into STATION_FLAG values(673, 'fix');
insert into STATION values (674, 'Burrington.burrington.westtwin.goatchurch.w10', 18, 347601.27, 158252.18, 125.78);
insert into STATION_FLAG values(674, 'fix');
insert into STATION values (675, 'Burrington.burrington.westtwin.goatchurch.xx', 18, 347604.04, 158254.82, 123.25);
insert into STATION_FLAG values(675, 'fix');
insert into STATION values (676, 'Burrington.burrington.westtwin.goatchurch.rw5', 18, 347599.56, 158254.25, 125.77);
insert into STATION_FLAG values(676, 'fix');
insert into STATION values (677, 'Burrington.burrington.westtwin.goatchurch.rw7', 18, 347598.54, 158256.84, 123.92);
insert into STATION_FLAG values(677, 'fix');
insert into STATION values (678, 'Burrington.burrington.westtwin.goatchurch.rw11', 18, 347601.76, 158259.90, 121.39);
insert into STATION_FLAG values(678, 'fix');
insert into STATION values (679, 'Burrington.burrington.westtwin.goatchurch.vr1', 18, 347604.75, 158260.00, 120.34);
insert into STATION_FLAG values(679, 'fix');
insert into STATION values (680, 'Burrington.burrington.westtwin.goatchurch.ub2', 18, 347608.24, 158256.44, 119.60);
insert into STATION_FLAG values(680, 'fix');
insert into STATION values (681, 'Burrington.burrington.westtwin.goatchurch.wp1', 18, 347608.97, 158256.13, 118.80);
insert into STATION_FLAG values(681, 'fix');
insert into STATION values (682, 'Burrington.burrington.westtwin.goatchurch.wp2', 18, 347609.73, 158255.75, 117.45);
insert into STATION_FLAG values(682, 'fix');
insert into STATION values (683, 'Burrington.burrington.westtwin.goatchurch.wp3', 18, 347610.00, 158253.14, 115.74);
insert into STATION_FLAG values(683, 'fix');
insert into STATION values (684, 'Burrington.burrington.westtwin.goatchurch.wp4', 18, 347609.70, 158254.37, 116.29);
insert into STATION_FLAG values(684, 'fix');
insert into STATION values (685, 'Burrington.burrington.westtwin.goatchurch.y3', 18, 347605.94, 158258.41, 117.65);
insert into STATION_FLAG values(685, 'fix');
insert into STATION values (686, 'Burrington.burrington.westtwin.goatchurch.y10', 18, 347608.27, 158263.12, 119.49);
insert into STATION_FLAG values(686, 'fix');
insert into STATION values (687, 'Burrington.burrington.westtwin.goatchurch.t3', 18, 347609.93, 158256.45, 123.50);
insert into STATION_FLAG values(687, 'fix');
insert into STATION values (688, 'Burrington.burrington.westtwin.goatchurch.g2', 18, 347612.95, 158256.11, 117.24);
insert into STATION_FLAG values(688, 'fix');
insert into STATION values (689, 'Burrington.burrington.westtwin.goatchurch.g3', 18, 347614.73, 158255.42, 115.33);
insert into STATION_FLAG values(689, 'fix');
insert into STATION values (690, 'Burrington.burrington.westtwin.goatchurch.g4', 18, 347615.68, 158256.48, 114.66);
insert into STATION_FLAG values(690, 'fix');
insert into STATION values (691, 'Burrington.burrington.westtwin.goatchurch.g5', 18, 347615.75, 158256.89, 114.13);
insert into STATION_FLAG values(691, 'fix');
insert into STATION values (692, 'Burrington.burrington.westtwin.goatchurch.g6', 18, 347616.94, 158257.10, 113.82);
insert into STATION_FLAG values(692, 'fix');
insert into STATION values (693, 'Burrington.burrington.westtwin.goatchurch.g7', 18, 347614.43, 158256.66, 114.46);
insert into STATION_FLAG values(693, 'fix');
insert into STATION values (694, 'Burrington.burrington.westtwin.goatchurch.g8', 18, 347611.61, 158254.78, 118.65);
insert into STATION_FLAG values(694, 'fix');
insert into STATION values (695, 'Burrington.burrington.westtwin.goatchurch.j6', 18, 347622.31, 158258.63, 106.69);
insert into STATION_FLAG values(695, 'fix');
insert into STATION values (696, 'Burrington.burrington.westtwin.goatchurch.j4', 18, 347623.34, 158258.30, 106.64);
insert into STATION_FLAG values(696, 'fix');
insert into STATION values (697, 'Burrington.burrington.westtwin.goatchurch.j3', 18, 347624.24, 158258.35, 106.51);
insert into STATION_FLAG values(697, 'fix');
insert into STATION values (698, 'Burrington.burrington.westtwin.goatchurch.j2', 18, 347624.57, 158259.13, 106.36);
insert into STATION_FLAG values(698, 'fix');
insert into STATION values (699, 'Burrington.burrington.westtwin.goatchurch.j1', 18, 347626.24, 158259.22, 105.40);
insert into STATION_FLAG values(699, 'fix');
insert into STATION values (700, 'Burrington.burrington.westtwin.goatchurch.j5', 18, 347623.60, 158259.11, 108.46);
insert into STATION_FLAG values(700, 'fix');
insert into STATION values (701, 'Burrington.burrington.westtwin.goatchurch.j7', 18, 347620.14, 158259.51, 106.90);
insert into STATION_FLAG values(701, 'fix');
insert into STATION values (702, 'Burrington.burrington.westtwin.goatchurch.j8', 18, 347620.25, 158258.78, 106.91);
insert into STATION_FLAG values(702, 'fix');
insert into STATION values (703, 'Burrington.burrington.westtwin.goatchurch.j9', 18, 347622.87, 158260.73, 106.15);
insert into STATION_FLAG values(703, 'fix');
insert into STATION values (704, 'Burrington.burrington.westtwin.goatchurch.e1', 18, 347621.10, 158255.36, 114.90);
insert into STATION_FLAG values(704, 'fix');
insert into STATION values (705, 'Burrington.burrington.westtwin.goatchurch.e2', 18, 347622.57, 158255.44, 113.70);
insert into STATION_FLAG values(705, 'fix');
insert into STATION values (706, 'Burrington.burrington.westtwin.goatchurch.e3', 18, 347622.35, 158253.66, 114.36);
insert into STATION_FLAG values(706, 'fix');
insert into STATION values (707, 'Burrington.burrington.westtwin.goatchurch.e4', 18, 347623.40, 158257.49, 113.82);
insert into STATION_FLAG values(707, 'fix');
insert into STATION values (708, 'Burrington.burrington.westtwin.goatchurch.e5', 18, 347620.26, 158258.51, 113.18);
insert into STATION_FLAG values(708, 'fix');
insert into STATION values (709, 'Burrington.burrington.westtwin.goatchurch.e6', 18, 347625.94, 158257.80, 111.74);
insert into STATION_FLAG values(709, 'fix');
insert into STATION values (710, 'Burrington.burrington.westtwin.goatchurch.e7', 18, 347620.36, 158253.59, 116.13);
insert into STATION_FLAG values(710, 'fix');
insert into STATION values (711, 'Burrington.burrington.westtwin.goatchurch.e8', 18, 347620.19, 158254.18, 117.28);
insert into STATION_FLAG values(711, 'fix');
insert into STATION values (712, 'Burrington.burrington.westtwin.goatchurch.e9', 18, 347616.89, 158254.15, 118.75);
insert into STATION_FLAG values(712, 'fix');
insert into STATION values (713, 'Burrington.burrington.westtwin.goatchurch.e10', 18, 347620.57, 158252.04, 121.04);
insert into STATION_FLAG values(713, 'fix');
insert into STATION values (714, 'Burrington.burrington.westtwin.goatchurch.e11', 18, 347624.34, 158256.73, 112.87);
insert into STATION_FLAG values(714, 'fix');
insert into STATION values (715, 'Burrington.burrington.westtwin.goatchurch.e12', 18, 347625.53, 158258.63, 111.96);
insert into STATION_FLAG values(715, 'fix');
insert into STATION values (716, 'Burrington.burrington.westtwin.goatchurch.e13', 18, 347624.52, 158258.70, 113.71);
insert into STATION_FLAG values(716, 'fix');
insert into STATION values (717, 'Burrington.burrington.westtwin.goatchurch.e14', 18, 347624.13, 158259.01, 114.20);
insert into STATION_FLAG values(717, 'fix');
insert into STATION values (718, 'Burrington.burrington.westtwin.goatchurch.p1', 18, 347626.34, 158259.05, 113.65);
insert into STATION_FLAG values(718, 'fix');
insert into STATION values (719, 'Burrington.burrington.westtwin.goatchurch.p2', 18, 347629.20, 158258.28, 113.86);
insert into STATION_FLAG values(719, 'fix');
insert into STATION values (720, 'Burrington.burrington.westtwin.goatchurch.p3', 18, 347632.82, 158257.10, 114.06);
insert into STATION_FLAG values(720, 'fix');
insert into STATION values (721, 'Burrington.burrington.westtwin.goatchurch.p4', 18, 347636.10, 158256.41, 113.77);
insert into STATION_FLAG values(721, 'fix');
insert into STATION values (722, 'Burrington.burrington.westtwin.goatchurch.q1', 18, 347636.77, 158256.27, 113.71);
insert into STATION_FLAG values(722, 'fix');
insert into STATION values (723, 'Burrington.burrington.westtwin.goatchurch.u6', 18, 347637.04, 158258.45, 112.34);
insert into STATION_FLAG values(723, 'fix');
insert into STATION values (724, 'Burrington.burrington.westtwin.goatchurch.u4', 18, 347636.98, 158259.02, 110.44);
insert into STATION_FLAG values(724, 'fix');
insert into STATION values (725, 'Burrington.burrington.westtwin.goatchurch.u3', 18, 347636.95, 158259.33, 108.84);
insert into STATION_FLAG values(725, 'fix');
insert into STATION values (726, 'Burrington.burrington.westtwin.goatchurch.u2', 18, 347636.69, 158261.46, 108.38);
insert into STATION_FLAG values(726, 'fix');
insert into STATION values (727, 'Burrington.burrington.westtwin.goatchurch.u1', 18, 347635.85, 158261.59, 108.38);
insert into STATION_FLAG values(727, 'fix');
insert into STATION values (728, 'Burrington.burrington.westtwin.goatchurch.u5', 18, 347635.28, 158258.23, 111.75);
insert into STATION_FLAG values(728, 'fix');
insert into STATION values (729, 'Burrington.burrington.westtwin.goatchurch.u7', 18, 347636.85, 158260.26, 112.34);
insert into STATION_FLAG values(729, 'fix');
insert into STATION values (730, 'Burrington.burrington.westtwin.goatchurch.q2', 18, 347640.02, 158255.87, 114.17);
insert into STATION_FLAG values(730, 'fix');
insert into STATION values (731, 'Burrington.burrington.westtwin.goatchurch.q3', 18, 347638.24, 158256.09, 113.71);
insert into STATION_FLAG values(731, 'fix');
insert into STATION values (732, 'Burrington.burrington.westtwin.goatchurch.dx1', 18, 347638.74, 158254.43, 116.05);
insert into STATION_FLAG values(732, 'fix');
insert into STATION values (733, 'Burrington.burrington.westtwin.goatchurch.rf2', 18, 347639.09, 158251.16, 118.19);
insert into STATION_FLAG values(733, 'fix');
insert into STATION values (734, 'Burrington.burrington.westtwin.goatchurch.rf3', 18, 347639.04, 158251.59, 115.65);
insert into STATION_FLAG values(734, 'fix');
insert into STATION values (735, 'Burrington.burrington.westtwin.goatchurch.rf1', 18, 347639.17, 158250.36, 116.89);
insert into STATION_FLAG values(735, 'fix');
insert into STATION values (736, 'Burrington.burrington.westtwin.goatchurch.dx2', 18, 347639.96, 158254.56, 115.81);
insert into STATION_FLAG values(736, 'fix');
insert into STATION values (737, 'Burrington.burrington.westtwin.goatchurch.dx3', 18, 347639.57, 158253.79, 115.58);
insert into STATION_FLAG values(737, 'fix');
insert into STATION values (738, 'Burrington.burrington.westtwin.goatchurch.dx4', 18, 347642.92, 158252.80, 116.29);
insert into STATION_FLAG values(738, 'fix');
insert into STATION values (739, 'Burrington.burrington.westtwin.goatchurch.dx5', 18, 347643.73, 158255.30, 115.18);
insert into STATION_FLAG values(739, 'fix');
insert into STATION values (740, 'Burrington.burrington.westtwin.goatchurch.dx6', 18, 347647.14, 158254.05, 115.05);
insert into STATION_FLAG values(740, 'fix');
insert into STATION values (741, 'Burrington.burrington.westtwin.goatchurch.dx7', 18, 347643.43, 158256.20, 115.62);
insert into STATION_FLAG values(741, 'fix');
insert into STATION values (742, 'Burrington.burrington.westtwin.goatchurch.dx8', 18, 347643.43, 158256.20, 117.10);
insert into STATION_FLAG values(742, 'fix');
insert into STATION values (743, 'Burrington.burrington.westtwin.goatchurch.dx9', 18, 347645.41, 158255.40, 118.49);
insert into STATION_FLAG values(743, 'fix');
insert into STATION values (744, 'Burrington.burrington.westtwin.goatchurch.dx10', 18, 347643.73, 158257.86, 118.67);
insert into STATION_FLAG values(744, 'fix');
insert into STATION values (745, 'Burrington.burrington.westtwin.goatchurch.dx11', 18, 347644.86, 158256.11, 121.34);
insert into STATION_FLAG values(745, 'fix');
insert into STATION values (746, 'Burrington.burrington.westtwin.goatchurch.dx12', 18, 347645.81, 158258.24, 122.37);
insert into STATION_FLAG values(746, 'fix');
insert into STATION values (747, 'Burrington.burrington.westtwin.goatchurch.dx13', 18, 347645.72, 158259.93, 122.92);
insert into STATION_FLAG values(747, 'fix');
insert into STATION values (748, 'Burrington.burrington.westtwin.goatchurch.dx14', 18, 347645.32, 158254.51, 123.63);
insert into STATION_FLAG values(748, 'fix');
insert into STATION values (749, 'Burrington.burrington.westtwin.goatchurch.dx15', 18, 347645.87, 158252.57, 126.03);
insert into STATION_FLAG values(749, 'fix');
insert into STATION values (750, 'Burrington.burrington.westtwin.goatchurch.dx16', 18, 347646.52, 158251.87, 126.50);
insert into STATION_FLAG values(750, 'fix');
insert into STATION values (751, 'Burrington.burrington.westtwin.goatchurch.dx17', 18, 347650.10, 158252.31, 124.33);
insert into STATION_FLAG values(751, 'fix');
insert into STATION values (752, 'Burrington.burrington.westtwin.goatchurch.dx18', 18, 347652.35, 158254.57, 122.26);
insert into STATION_FLAG values(752, 'fix');
insert into STATION values (753, 'Burrington.burrington.westtwin.goatchurch.dx20', 18, 347655.70, 158256.06, 118.97);
insert into STATION_FLAG values(753, 'fix');
insert into STATION values (754, 'Burrington.burrington.westtwin.goatchurch.dx19', 18, 347653.17, 158252.26, 121.57);
insert into STATION_FLAG values(754, 'fix');
insert into STATION values (755, 'Burrington.burrington.westtwin.goatchurch.dx21', 18, 347656.58, 158252.50, 118.49);
insert into STATION_FLAG values(755, 'fix');
insert into STATION values (756, 'Burrington.burrington.westtwin.sidcot.a.1', 18, 347552.42, 158295.39, 135.62);
insert into STATION_FLAG values(756, 'fix');
insert into STATION values (757, 'Burrington.burrington.westtwin.sidcot.a.5', 18, 347553.39, 158299.81, 128.49);
insert into STATION_FLAG values(757, 'fix');
insert into STATION values (758, 'Burrington.burrington.westtwin.sidcot.a.6', 18, 347554.74, 158296.92, 130.18);
insert into STATION_FLAG values(758, 'fix');
insert into STATION values (759, 'Burrington.burrington.westtwin.sidcot.a.7', 18, 347555.08, 158296.56, 132.16);
insert into STATION_FLAG values(759, 'fix');
insert into STATION values (760, 'Burrington.burrington.westtwin.sidcot.a.8', 18, 347554.63, 158294.75, 133.72);
insert into STATION_FLAG values(760, 'fix');
insert into STATION values (761, 'Burrington.burrington.westtwin.sidcot.a.9', 18, 347554.51, 158293.89, 132.16);
insert into STATION_FLAG values(761, 'fix');
insert into STATION values (762, 'Burrington.burrington.westtwin.sidcot.a.10', 18, 347555.53, 158298.09, 128.91);
insert into STATION_FLAG values(762, 'fix');
insert into STATION values (763, 'Burrington.burrington.westtwin.sidcot.a.11', 18, 347555.81, 158297.65, 127.47);
insert into STATION_FLAG values(763, 'fix');
insert into STATION values (764, 'Burrington.burrington.westtwin.sidcot.a.12', 18, 347557.54, 158297.63, 127.23);
insert into STATION_FLAG values(764, 'fix');
insert into STATION values (765, 'Burrington.burrington.westtwin.sidcot.a.13', 18, 347558.24, 158297.53, 125.18);
insert into STATION_FLAG values(765, 'fix');
insert into STATION values (766, 'Burrington.burrington.westtwin.sidcot.a.14', 18, 347556.49, 158299.04, 125.10);
insert into STATION_FLAG values(766, 'fix');
insert into STATION values (767, 'Burrington.burrington.westtwin.sidcot.a.15', 18, 347554.94, 158297.31, 124.60);
insert into STATION_FLAG values(767, 'fix');
insert into STATION values (768, 'Burrington.burrington.westtwin.sidcot.a.18', 18, 347548.19, 158300.07, 129.69);
insert into STATION_FLAG values(768, 'fix');
insert into STATION values (769, 'Burrington.burrington.westtwin.sidcot.a.23', 18, 347542.46, 158308.21, 123.45);
insert into STATION_FLAG values(769, 'fix');
insert into STATION values (770, 'Burrington.burrington.westtwin.sidcot.a.25', 18, 347546.07, 158314.89, 128.36);
insert into STATION_FLAG values(770, 'fix');
insert into STATION values (771, 'Burrington.burrington.westtwin.sidcot.a.29', 18, 347535.55, 158309.33, 129.22);
insert into STATION_FLAG values(771, 'fix');
insert into STATION values (772, 'Burrington.burrington.westtwin.sidcot.b.4', 18, 347535.94, 158314.63, 120.37);
insert into STATION_FLAG values(772, 'fix');
insert into STATION values (773, 'Burrington.burrington.westtwin.sidcot.b.5', 18, 347534.80, 158317.16, 120.89);
insert into STATION_FLAG values(773, 'fix');
insert into STATION values (774, 'Burrington.burrington.westtwin.sidcot.b.12', 18, 347532.81, 158332.29, 107.90);
insert into STATION_FLAG values(774, 'fix');
insert into STATION values (775, 'Burrington.burrington.westtwin.sidcot.b.13', 18, 347531.12, 158329.19, 109.54);
insert into STATION_FLAG values(775, 'fix');
insert into STATION values (776, 'Burrington.burrington.westtwin.sidcot.b.14', 18, 347530.29, 158326.45, 108.66);
insert into STATION_FLAG values(776, 'fix');
insert into STATION values (777, 'Burrington.burrington.westtwin.sidcot.b.15', 18, 347526.67, 158330.05, 109.22);
insert into STATION_FLAG values(777, 'fix');
insert into STATION values (778, 'Burrington.burrington.westtwin.sidcot.b.16', 18, 347523.70, 158331.68, 108.12);
insert into STATION_FLAG values(778, 'fix');
insert into STATION values (779, 'Burrington.burrington.westtwin.sidcot.b.17', 18, 347524.86, 158329.38, 111.52);
insert into STATION_FLAG values(779, 'fix');
insert into STATION values (780, 'Burrington.burrington.westtwin.sidcot.b.18', 18, 347525.09, 158329.57, 113.95);
insert into STATION_FLAG values(780, 'fix');
insert into STATION values (781, 'Burrington.burrington.lionels.lh02a', 18, 347956.53, 158240.38, 130.89);
insert into STATION_FLAG values(781, 'fix');
insert into STATION values (782, 'Burrington.burrington.lionels.lh02b', 18, 347953.72, 158245.24, 128.50);
insert into STATION_FLAG values(782, 'fix');
insert into STATION values (783, 'Burrington.burrington.lionels.lh04a', 18, 347950.94, 158229.19, 129.78);
insert into STATION_FLAG values(783, 'fix');
insert into STATION values (784, 'Burrington.burrington.lionels.lh04b', 18, 347953.04, 158227.43, 134.18);
insert into STATION_FLAG values(784, 'fix');
insert into STATION values (785, 'Burrington.burrington.lionels.lh06f1', 18, 347938.65, 158232.45, 115.59);
insert into STATION_FLAG values(785, 'fix');
insert into STATION values (786, 'Burrington.burrington.lionels.lh06m', 18, 347934.34, 158234.97, 117.35);
insert into STATION_FLAG values(786, 'fix');
insert into STATION values (787, 'Burrington.burrington.lionels.lh06n', 18, 347934.34, 158234.97, 114.97);
insert into STATION_FLAG values(787, 'fix');
insert into STATION values (788, 'Burrington.burrington.lionels.lh06p', 18, 347934.21, 158235.05, 114.97);
insert into STATION_FLAG values(788, 'fix');
insert into STATION values (789, 'Burrington.burrington.lionels.lh06q', 18, 347934.21, 158235.05, 112.77);
insert into STATION_FLAG values(789, 'fix');
insert into STATION values (790, 'Burrington.burrington.lionels.lh06r', 18, 347933.64, 158234.70, 112.69);
insert into STATION_FLAG values(790, 'fix');
insert into STATION values (791, 'Burrington.burrington.lionels.lh06s', 18, 347931.60, 158234.52, 112.08);
insert into STATION_FLAG values(791, 'fix');
insert into STATION values (792, 'Burrington.burrington.lionels.lh06t', 18, 347930.00, 158233.57, 108.72);
insert into STATION_FLAG values(792, 'fix');
insert into STATION values (793, 'Burrington.burrington.lionels.lh06v', 18, 347931.17, 158235.29, 106.85);
insert into STATION_FLAG values(793, 'fix');
insert into STATION values (794, 'Burrington.burrington.lionels.lh06w1', 18, 347932.91, 158232.80, 105.52);
insert into STATION_FLAG values(794, 'fix');
insert into STATION values (795, 'Burrington.burrington.lionels.lh06w', 18, 347932.91, 158232.36, 104.90);
insert into STATION_FLAG values(795, 'fix');
insert into STATION values (796, 'Burrington.burrington.lionels.lh07b', 18, 347944.37, 158224.24, 119.47);
insert into STATION_FLAG values(796, 'fix');
insert into STATION values (797, 'Burrington.burrington.lionels.lh07c', 18, 347943.69, 158223.22, 117.43);
insert into STATION_FLAG values(797, 'fix');
insert into STATION values (798, 'Burrington.burrington.lionels.lh07d', 18, 347941.44, 158225.40, 119.20);
insert into STATION_FLAG values(798, 'fix');
insert into STATION values (799, 'Burrington.burrington.lionels.lh08b', 18, 347925.44, 158244.82, 114.48);
insert into STATION_FLAG values(799, 'fix');
insert into STATION values (800, 'Burrington.burrington.lionels.lh08c', 18, 347921.63, 158246.60, 113.74);
insert into STATION_FLAG values(800, 'fix');
insert into STATION values (801, 'Burrington.burrington.lionels.lh112', 18, 347918.33, 158240.24, 115.22);
insert into STATION_FLAG values(801, 'fix');
insert into STATION values (802, 'Burrington.burrington.lionels.lh111', 18, 347918.12, 158240.50, 115.22);
insert into STATION_FLAG values(802, 'fix');
insert into STATION values (803, 'Burrington.burrington.lionels.lh110', 18, 347918.12, 158240.50, 114.16);
insert into STATION_FLAG values(803, 'fix');
insert into STATION values (804, 'Burrington.burrington.lionels.lh109', 18, 347917.86, 158241.05, 114.16);
insert into STATION_FLAG values(804, 'fix');
insert into STATION values (805, 'Burrington.burrington.lionels.lh108a', 18, 347919.52, 158244.45, 110.98);
insert into STATION_FLAG values(805, 'fix');
insert into STATION values (806, 'Burrington.burrington.lionels.lh108', 18, 347919.85, 158243.62, 110.81);
insert into STATION_FLAG values(806, 'fix');
insert into STATION values (807, 'Burrington.burrington.lionels.lh107', 18, 347918.64, 158244.01, 110.65);
insert into STATION_FLAG values(807, 'fix');
insert into STATION values (808, 'Burrington.burrington.lionels.lh106', 18, 347916.36, 158244.17, 111.18);
insert into STATION_FLAG values(808, 'fix');
insert into STATION values (809, 'Burrington.burrington.lionels.lh105', 18, 347919.22, 158245.69, 107.95);
insert into STATION_FLAG values(809, 'fix');
insert into STATION values (810, 'Burrington.burrington.lionels.lh104', 18, 347919.22, 158248.68, 105.25);
insert into STATION_FLAG values(810, 'fix');
insert into STATION values (811, 'Burrington.burrington.lionels.lh102', 18, 347918.05, 158248.97, 105.08);
insert into STATION_FLAG values(811, 'fix');
insert into STATION values (812, 'Burrington.burrington.lionels.lh101', 18, 347917.63, 158247.00, 104.39);
insert into STATION_FLAG values(812, 'fix');
insert into STATION values (813, 'Burrington.burrington.lionels.lh102a', 18, 347917.99, 158250.56, 106.51);
insert into STATION_FLAG values(813, 'fix');
insert into STATION values (814, 'Burrington.burrington.lionels.lh102b', 18, 347917.78, 158247.70, 104.64);
insert into STATION_FLAG values(814, 'fix');
insert into STATION values (815, 'Burrington.burrington.lionels.lh102c', 18, 347917.01, 158249.57, 105.30);
insert into STATION_FLAG values(815, 'fix');
insert into STATION values (816, 'Burrington.burrington.lionels.lh103', 18, 347920.70, 158247.56, 105.89);
insert into STATION_FLAG values(816, 'fix');
insert into STATION values (817, 'Burrington.burrington.lionels.lh103a', 18, 347923.30, 158246.18, 106.68);
insert into STATION_FLAG values(817, 'fix');
insert into STATION values (818, 'Burrington.burrington.lionels.lh108b', 18, 347924.20, 158242.21, 110.81);
insert into STATION_FLAG values(818, 'fix');
insert into STATION values (819, 'Burrington.burrington.easttwinsparpot.east-twin.et01e3', 18, 347969.71, 158147.84, 145.11);
insert into STATION_FLAG values(819, 'fix');
insert into STATION values (820, 'Burrington.burrington.easttwinsparpot.east-twin.et01e2', 18, 347971.02, 158145.15, 145.45);
insert into STATION_FLAG values(820, 'fix');
insert into STATION values (821, 'Burrington.burrington.easttwinsparpot.east-twin.et01g1', 18, 347969.69, 158155.17, 140.86);
insert into STATION_FLAG values(821, 'fix');
insert into STATION values (822, 'Burrington.burrington.easttwinsparpot.east-twin.et01g2', 18, 347970.58, 158155.33, 140.71);
insert into STATION_FLAG values(822, 'fix');
insert into STATION values (823, 'Burrington.burrington.easttwinsparpot.east-twin.et01k2', 18, 347961.14, 158164.29, 146.59);
insert into STATION_FLAG values(823, 'fix');
insert into STATION values (824, 'Burrington.burrington.easttwinsparpot.east-twin.et02a', 18, 347965.53, 158175.26, 133.52);
insert into STATION_FLAG values(824, 'fix');
insert into STATION values (825, 'Burrington.burrington.easttwinsparpot.east-twin.et02b', 18, 347963.70, 158177.09, 133.38);
insert into STATION_FLAG values(825, 'fix');
insert into STATION values (826, 'Burrington.burrington.easttwinsparpot.east-twin.et02b1', 18, 347964.07, 158176.44, 133.91);
insert into STATION_FLAG values(826, 'fix');
insert into STATION values (827, 'Burrington.burrington.easttwinsparpot.east-twin.et02b2', 18, 347966.20, 158172.76, 136.88);
insert into STATION_FLAG values(827, 'fix');
insert into STATION values (828, 'Burrington.burrington.easttwinsparpot.east-twin.et02c', 18, 347961.34, 158179.21, 130.91);
insert into STATION_FLAG values(828, 'fix');
insert into STATION values (829, 'Burrington.burrington.easttwinsparpot.east-twin.et02d', 18, 347959.79, 158181.07, 128.72);
insert into STATION_FLAG values(829, 'fix');
insert into STATION values (830, 'Burrington.burrington.easttwinsparpot.east-twin.et02e', 18, 347958.93, 158182.29, 127.42);
insert into STATION_FLAG values(830, 'fix');
insert into STATION values (831, 'Burrington.burrington.easttwinsparpot.east-twin.et02f', 18, 347958.07, 158184.65, 124.64);
insert into STATION_FLAG values(831, 'fix');
insert into STATION values (832, 'Burrington.burrington.easttwinsparpot.east-twin.et02g', 18, 347957.23, 158186.95, 121.92);
insert into STATION_FLAG values(832, 'fix');
insert into STATION values (833, 'Burrington.burrington.easttwinsparpot.east-twin.et02g1', 18, 347956.63, 158187.05, 121.92);
insert into STATION_FLAG values(833, 'fix');
insert into STATION values (834, 'Burrington.burrington.easttwinsparpot.east-twin.et02g2', 18, 347951.23, 158188.01, 121.92);
insert into STATION_FLAG values(834, 'fix');
insert into STATION values (835, 'Burrington.burrington.easttwinsparpot.east-twin.et02h', 18, 347956.12, 158190.01, 118.30);
insert into STATION_FLAG values(835, 'fix');
insert into STATION values (836, 'Burrington.burrington.easttwinsparpot.east-twin.et02j', 18, 347955.70, 158191.16, 116.94);
insert into STATION_FLAG values(836, 'fix');
insert into STATION values (837, 'Burrington.burrington.easttwinsparpot.east-twin.et02h1', 18, 347957.03, 158190.01, 118.30);
insert into STATION_FLAG values(837, 'fix');
insert into STATION values (838, 'Burrington.burrington.easttwinsparpot.east-twin.et02h2', 18, 347958.86, 158190.01, 118.30);
insert into STATION_FLAG values(838, 'fix');
insert into STATION values (839, 'Burrington.burrington.easttwinsparpot.east-twin.et02h3', 18, 347960.66, 158189.70, 118.30);
insert into STATION_FLAG values(839, 'fix');
insert into STATION values (840, 'Burrington.burrington.easttwinsparpot.east-twin.et02e1', 18, 347960.66, 158183.50, 127.72);
insert into STATION_FLAG values(840, 'fix');
insert into STATION values (841, 'Burrington.burrington.easttwinsparpot.spar-pot.sp01a', 18, 347961.28, 158183.93, 127.83);
insert into STATION_FLAG values(841, 'fix');
insert into STATION values (842, 'Burrington.burrington.easttwinsparpot.spar-pot.sp01b', 18, 347962.35, 158186.89, 129.50);
insert into STATION_FLAG values(842, 'fix');
insert into STATION values (843, 'Burrington.burrington.easttwinsparpot.spar-pot.sp01c', 18, 347962.23, 158187.60, 130.74);
insert into STATION_FLAG values(843, 'fix');
insert into STATION values (844, 'Burrington.burrington.easttwinsparpot.spar-pot.sp01d', 18, 347962.23, 158188.41, 131.17);
insert into STATION_FLAG values(844, 'fix');
insert into STATION values (845, 'Burrington.burrington.easttwinsparpot.spar-pot.sp01e', 18, 347961.76, 158191.08, 129.79);
insert into STATION_FLAG values(845, 'fix');
insert into STATION values (846, 'Burrington.burrington.easttwinsparpot.spar-pot.sp04a', 18, 347963.29, 158188.19, 132.53);
insert into STATION_FLAG values(846, 'fix');
insert into STATION values (847, 'Burrington.burrington.easttwinsparpot.spar-pot.sp04b', 18, 347964.06, 158186.75, 133.90);
insert into STATION_FLAG values(847, 'fix');
insert into STATION values (848, 'Burrington.burrington.easttwinsparpot.spar-pot.sp01e1', 18, 347961.96, 158192.21, 128.79);
insert into STATION_FLAG values(848, 'fix');
insert into STATION values (849, 'Burrington.burrington.easttwinsparpot.spar-pot.sp01f', 18, 347963.08, 158198.56, 123.19);
insert into STATION_FLAG values(849, 'fix');
insert into STATION values (850, 'Burrington.burrington.easttwinsparpot.spar-pot.sp01f1', 18, 347963.08, 158198.59, 121.36);
insert into STATION_FLAG values(850, 'fix');
insert into STATION values (851, 'Burrington.burrington.easttwinsparpot.spar-pot.sp01f2', 18, 347962.47, 158198.64, 121.36);
insert into STATION_FLAG values(851, 'fix');
insert into STATION values (852, 'Burrington.burrington.easttwinsparpot.spar-pot.sp01g', 18, 347960.96, 158198.77, 121.36);
insert into STATION_FLAG values(852, 'fix');
insert into STATION values (853, 'Burrington.burrington.easttwinsparpot.spar-pot.sp01h', 18, 347959.06, 158198.94, 121.36);
insert into STATION_FLAG values(853, 'fix');
insert into STATION values (854, 'Burrington.burrington.easttwinsparpot.spar-pot.sp01j', 18, 347958.00, 158199.99, 121.04);
insert into STATION_FLAG values(854, 'fix');
insert into STATION values (855, 'Burrington.burrington.easttwinsparpot.spar-pot.sp01k', 18, 347953.62, 158200.77, 123.03);
insert into STATION_FLAG values(855, 'fix');
insert into STATION values (856, 'Burrington.burrington.easttwinsparpot.spar-pot.sp02a', 18, 347958.11, 158200.59, 119.99);
insert into STATION_FLAG values(856, 'fix');
insert into STATION values (857, 'Burrington.burrington.easttwinsparpot.spar-pot.sp02b', 18, 347958.42, 158202.37, 116.87);
insert into STATION_FLAG values(857, 'fix');
insert into STATION values (858, 'Burrington.burrington.easttwinsparpot.spar-pot.sp02c', 18, 347958.85, 158202.88, 116.87);
insert into STATION_FLAG values(858, 'fix');
insert into STATION values (859, 'Burrington.burrington.easttwinsparpot.spar-pot.sp02d', 18, 347960.91, 158202.33, 116.87);
insert into STATION_FLAG values(859, 'fix');
insert into STATION values (860, 'Burrington.burrington.easttwinsparpot.spar-pot.sp02e', 18, 347961.43, 158204.24, 116.87);
insert into STATION_FLAG values(860, 'fix');
insert into STATION values (861, 'Burrington.burrington.easttwinsparpot.spar-pot.sp02f1', 18, 347957.24, 158206.66, 115.49);
insert into STATION_FLAG values(861, 'fix');
insert into STATION values (862, 'Burrington.burrington.easttwinsparpot.spar-pot.sp02f2', 18, 347954.94, 158204.73, 114.96);
insert into STATION_FLAG values(862, 'fix');
insert into STATION values (863, 'Burrington.burrington.easttwinsparpot.spar-pot.sp01g1', 18, 347960.89, 158197.53, 122.23);
insert into STATION_FLAG values(863, 'fix');
insert into STATION values (864, 'Burrington.burrington.easttwinsparpot.spar-pot.sp01g2', 18, 347960.54, 158190.80, 126.95);
insert into STATION_FLAG values(864, 'fix');
insert into STATION values (865, 'Burrington.burrington.easttwinsparpot.spar-pot.sp02f', 18, 347957.61, 158206.22, 115.69);
insert into STATION_FLAG values(865, 'fix');
insert into STATION values (866, 'Burrington.burrington.easttwinsparpot.spar-pot.sp02g', 18, 347956.26, 158205.73, 116.22);
insert into STATION_FLAG values(866, 'fix');
insert into STATION values (867, 'Burrington.burrington.easttwinsparpot.spar-pot.sp02h', 18, 347953.21, 158205.73, 116.22);
insert into STATION_FLAG values(867, 'fix');
insert into STATION values (868, 'Burrington.burrington.easttwinsparpot.spar-pot.sp02j', 18, 347952.42, 158204.36, 115.30);
insert into STATION_FLAG values(868, 'fix');
insert into STATION values (869, 'Burrington.burrington.easttwinsparpot.spar-pot.sp02k', 18, 347949.42, 158199.16, 116.36);
insert into STATION_FLAG values(869, 'fix');
insert into STATION values (870, 'Burrington.burrington.easttwinsparpot.spar-pot.sp03a', 18, 347949.04, 158205.59, 115.94);
insert into STATION_FLAG values(870, 'fix');
insert into STATION values (871, 'Burrington.burrington.easttwinsparpot.spar-pot.sp03b', 18, 347948.20, 158207.88, 115.94);
insert into STATION_FLAG values(871, 'fix');
insert into STATION values (872, 'Burrington.burrington.easttwinsparpot.spar-pot.sp03c', 18, 347944.06, 158209.81, 115.94);
insert into STATION_FLAG values(872, 'fix');
insert into STATION values (873, 'Burrington.burrington.avelines.1', 18, 347620.93, 158668.71, 94.92);
insert into STATION_FLAG values(873, 'fix');
insert into STATION values (874, 'Burrington.burrington.avelines.ent', 18, 347610.00, 158670.00, 99.00);
insert into STATION_FLAG values(874, 'ent');
insert into STATION_FLAG values(874, 'fix');
insert into STATION values (875, 'Burrington.burrington.avelines.2', 18, 347626.59, 158669.13, 91.60);
insert into STATION_FLAG values(875, 'fix');
insert into STATION values (876, 'Burrington.burrington.avelines.3', 18, 347631.17, 158669.01, 90.26);
insert into STATION_FLAG values(876, 'fix');
insert into STATION values (877, 'Burrington.burrington.avelines.os', 18, 347630.34, 158672.38, 88.98);
insert into STATION_FLAG values(877, 'fix');
insert into STATION values (878, 'Burrington.burrington.avelines.b', 18, 347630.06, 158671.79, 89.33);
insert into STATION_FLAG values(878, 'fix');
insert into STATION values (879, 'Burrington.burrington.avelines.4', 18, 347637.42, 158665.21, 93.96);
insert into STATION_FLAG values(879, 'fix');
insert into STATION values (880, 'Burrington.burrington.avelines.5', 18, 347645.90, 158665.10, 91.15);
insert into STATION_FLAG values(880, 'fix');
insert into STATION values (881, 'Burrington.burrington.avelines.6', 18, 347651.66, 158666.67, 86.20);
insert into STATION_FLAG values(881, 'fix');
insert into STATION values (882, 'Burrington.burrington.avelines.7', 18, 347651.66, 158666.67, 84.92);
insert into STATION_FLAG values(882, 'fix');
insert into STATION values (883, 'Burrington.BathEnt.1.1', 18, 347251.96, 158435.90, 169.60);
insert into STATION_FLAG values(883, 'fix');
insert into STATION values (884, 'Burrington.BathEnt.1.2', 18, 347252.89, 158436.48, 168.89);
insert into STATION_FLAG values(884, 'fix');
insert into STATION values (885, 'Burrington.BathEnt.1.3', 18, 347252.91, 158435.76, 167.21);
insert into STATION_FLAG values(885, 'fix');
insert into STATION values (886, 'Burrington.BathEnt.1.4', 18, 347252.69, 158434.05, 166.46);
insert into STATION_FLAG values(886, 'fix');
insert into STATION values (887, 'Burrington.BathEnt.1.5', 18, 347255.63, 158433.28, 167.54);
insert into STATION_FLAG values(887, 'fix');
insert into STATION values (888, 'Burrington.BathEnt.1.8', 18, 347257.84, 158434.45, 166.48);
insert into STATION_FLAG values(888, 'fix');
insert into STATION values (889, 'Burrington.BathEnt.1.9', 18, 347257.10, 158436.89, 164.68);
insert into STATION_FLAG values(889, 'fix');
insert into STATION values (890, 'Burrington.BathEnt.1.10', 18, 347258.00, 158437.32, 159.61);
insert into STATION_FLAG values(890, 'fix');
insert into STATION values (891, 'Burrington.BathEnt.1.11', 18, 347258.68, 158438.38, 158.38);
insert into STATION_FLAG values(891, 'fix');
insert into STATION values (892, 'Burrington.BathEnt.1.12', 18, 347259.92, 158441.94, 150.47);
insert into STATION_FLAG values(892, 'fix');
insert into STATION values (893, 'Burrington.BathEnt.1.15', 18, 347259.06, 158441.12, 149.70);
insert into STATION_FLAG values(893, 'fix');
insert into STATION values (894, 'Burrington.BathEnt.1.16', 18, 347259.70, 158443.19, 147.27);
insert into STATION_FLAG values(894, 'fix');
insert into STATION values (895, 'Burrington.BathEnt.1.17', 18, 347260.52, 158445.55, 142.02);
insert into STATION_FLAG values(895, 'fix');
insert into STATION values (896, 'Burrington.BathEnt.1.18', 18, 347259.18, 158445.67, 142.23);
insert into STATION_FLAG values(896, 'fix');
insert into STATION values (897, 'Burrington.BathEnt.1.19', 18, 347261.44, 158450.41, 141.20);
insert into STATION_FLAG values(897, 'fix');
insert into STATION values (898, 'Burrington.BathEnt.1.65', 18, 347258.13, 158450.94, 140.76);
insert into STATION_FLAG values(898, 'fix');
insert into STATION values (899, 'Burrington.BathEnt.1.20', 18, 347263.81, 158447.11, 140.14);
insert into STATION_FLAG values(899, 'fix');
insert into STATION values (900, 'Burrington.BathEnt.1.26', 18, 347269.06, 158447.01, 140.14);
insert into STATION_FLAG values(900, 'fix');
insert into STATION values (901, 'Burrington.BathEnt.1.27', 18, 347273.26, 158447.22, 141.52);
insert into STATION_FLAG values(901, 'fix');
insert into STATION values (902, 'Burrington.BathEnt.1.28', 18, 347274.05, 158448.20, 142.81);
insert into STATION_FLAG values(902, 'fix');
insert into STATION values (903, 'Burrington.BathEnt.1.29', 18, 347279.24, 158447.52, 144.12);
insert into STATION_FLAG values(903, 'fix');
insert into STATION values (904, 'Burrington.BathEnt.1.30', 18, 347282.94, 158445.19, 145.28);
insert into STATION_FLAG values(904, 'fix');
insert into STATION values (905, 'Burrington.BathEnt.1.31', 18, 347284.96, 158443.81, 145.96);
insert into STATION_FLAG values(905, 'fix');
insert into STATION values (906, 'Burrington.BathEnt.1.34', 18, 347286.89, 158443.78, 146.29);
insert into STATION_FLAG values(906, 'fix');
insert into STATION values (907, 'Burrington.BathEnt.1.35', 18, 347286.28, 158442.25, 146.35);
insert into STATION_FLAG values(907, 'fix');
insert into STATION values (908, 'Burrington.BathEnt.1.36', 18, 347288.87, 158441.22, 146.27);
insert into STATION_FLAG values(908, 'fix');
insert into STATION values (909, 'Burrington.BathEnt.1.37', 18, 347290.47, 158441.34, 145.81);
insert into STATION_FLAG values(909, 'fix');
insert into STATION values (910, 'Burrington.BathEnt.1.44', 18, 347293.18, 158441.20, 145.57);
insert into STATION_FLAG values(910, 'fix');
insert into STATION values (911, 'Burrington.BathEnt.1.45', 18, 347292.58, 158440.88, 143.45);
insert into STATION_FLAG values(911, 'fix');
insert into STATION values (912, 'Burrington.BathEnt.1.46', 18, 347291.37, 158440.06, 142.53);
insert into STATION_FLAG values(912, 'fix');
insert into STATION values (913, 'Burrington.BathEnt.1.47', 18, 347291.58, 158439.47, 139.55);
insert into STATION_FLAG values(913, 'fix');
insert into STATION values (914, 'Burrington.BathEnt.1.48', 18, 347290.38, 158438.63, 138.38);
insert into STATION_FLAG values(914, 'fix');
insert into STATION values (915, 'Burrington.BathEnt.1.49', 18, 347289.44, 158431.99, 134.55);
insert into STATION_FLAG values(915, 'fix');
insert into STATION values (916, 'Burrington.BathEnt.1.50', 18, 347289.82, 158432.33, 133.36);
insert into STATION_FLAG values(916, 'fix');
insert into STATION values (917, 'Burrington.BathEnt.1.51', 18, 347292.89, 158430.76, 133.12);
insert into STATION_FLAG values(917, 'fix');
insert into STATION values (918, 'Burrington.BathEnt.1.58', 18, 347293.29, 158428.88, 130.00);
insert into STATION_FLAG values(918, 'fix');
insert into STATION values (919, 'Burrington.BathEnt.1.59', 18, 347294.62, 158429.20, 128.66);
insert into STATION_FLAG values(919, 'fix');
insert into STATION values (920, 'Burrington.BathEnt.1.60', 18, 347296.72, 158427.56, 128.08);
insert into STATION_FLAG values(920, 'fix');
insert into STATION values (921, 'Burrington.BathEnt.1.61', 18, 347298.85, 158427.53, 127.70);
insert into STATION_FLAG values(921, 'fix');
insert into STATION values (922, 'Burrington.BathEnt.1.63', 18, 347298.35, 158428.69, 125.85);
insert into STATION_FLAG values(922, 'fix');
insert into STATION values (923, 'Burrington.BathEnt.1.64', 18, 347299.89, 158428.68, 124.55);
insert into STATION_FLAG values(923, 'fix');
insert into STATION values (924, 'Burrington.BathEnt.1.62', 18, 347302.92, 158426.28, 128.09);
insert into STATION_FLAG values(924, 'fix');
insert into STATION values (925, 'Burrington.BathEnt.1.52', 18, 347292.11, 158432.00, 133.68);
insert into STATION_FLAG values(925, 'fix');
insert into STATION values (926, 'Burrington.BathEnt.1.53', 18, 347292.67, 158434.40, 133.90);
insert into STATION_FLAG values(926, 'fix');
insert into STATION values (927, 'Burrington.BathEnt.1.54', 18, 347296.15, 158433.40, 134.93);
insert into STATION_FLAG values(927, 'fix');
insert into STATION values (928, 'Burrington.BathEnt.1.55', 18, 347300.36, 158431.50, 135.10);
insert into STATION_FLAG values(928, 'fix');
insert into STATION values (929, 'Burrington.BathEnt.1.56', 18, 347302.34, 158430.36, 135.73);
insert into STATION_FLAG values(929, 'fix');
insert into STATION values (930, 'Burrington.BathEnt.1.57', 18, 347304.32, 158430.78, 136.88);
insert into STATION_FLAG values(930, 'fix');
insert into STATION values (931, 'Burrington.BathEnt.1.38', 18, 347290.01, 158439.54, 146.22);
insert into STATION_FLAG values(931, 'fix');
insert into STATION values (932, 'Burrington.BathEnt.1.41', 18, 347292.58, 158439.67, 145.97);
insert into STATION_FLAG values(932, 'fix');
insert into STATION values (933, 'Burrington.BathEnt.1.42', 18, 347294.39, 158438.10, 146.91);
insert into STATION_FLAG values(933, 'fix');
insert into STATION values (934, 'Burrington.BathEnt.1.43', 18, 347295.15, 158436.21, 147.08);
insert into STATION_FLAG values(934, 'fix');
insert into STATION values (935, 'Burrington.BathEnt.1.39', 18, 347290.20, 158437.90, 146.27);
insert into STATION_FLAG values(935, 'fix');
insert into STATION values (936, 'Burrington.BathEnt.1.40', 18, 347291.37, 158437.15, 146.92);
insert into STATION_FLAG values(936, 'fix');
insert into STATION values (937, 'Burrington.BathEnt.1.32', 18, 347284.52, 158443.42, 146.53);
insert into STATION_FLAG values(937, 'fix');
insert into STATION values (938, 'Burrington.BathEnt.1.33', 18, 347283.22, 158441.85, 149.44);
insert into STATION_FLAG values(938, 'fix');
insert into STATION values (939, 'Burrington.BathEnt.1.21', 18, 347266.98, 158451.06, 139.56);
insert into STATION_FLAG values(939, 'fix');
insert into STATION values (940, 'Burrington.BathEnt.1.22', 18, 347266.02, 158452.65, 136.53);
insert into STATION_FLAG values(940, 'fix');
insert into STATION values (941, 'Burrington.BathEnt.1.23', 18, 347263.06, 158452.62, 135.30);
insert into STATION_FLAG values(941, 'fix');
insert into STATION values (942, 'Burrington.BathEnt.1.24', 18, 347262.72, 158452.67, 134.97);
insert into STATION_FLAG values(942, 'fix');
insert into STATION values (943, 'Burrington.BathEnt.1.25', 18, 347261.80, 158451.76, 134.71);
insert into STATION_FLAG values(943, 'fix');
insert into STATION values (944, 'Burrington.BathEnt.1.13', 18, 347261.59, 158441.24, 150.84);
insert into STATION_FLAG values(944, 'fix');
insert into STATION values (945, 'Burrington.BathEnt.1.6', 18, 347258.98, 158433.28, 167.33);
insert into STATION_FLAG values(945, 'fix');
insert into STATION values (946, 'Burrington.BathEnt.1.7', 18, 347260.84, 158433.76, 169.30);
insert into STATION_FLAG values(946, 'fix');
insert into STATION values (947, 'Burrington.Bos.14', 18, 347090.00, 158370.00, 178.00);
insert into STATION_FLAG values(947, 'fix');
insert into STATION values (948, 'Burrington.Bos.13', 18, 347091.33, 158369.22, 175.96);
insert into STATION_FLAG values(948, 'ent');
insert into STATION_FLAG values(948, 'fix');
insert into STATION values (949, 'Burrington.Bos.12', 18, 347091.33, 158369.22, 174.76);
insert into STATION_FLAG values(949, 'fix');
insert into STATION values (950, 'Burrington.Bos.11', 18, 347093.25, 158371.91, 170.36);
insert into STATION_FLAG values(950, 'fix');
insert into STATION values (951, 'Burrington.Bos.10', 18, 347093.16, 158373.44, 168.39);
insert into STATION_FLAG values(951, 'fix');
insert into STATION values (952, 'Burrington.Bos.9', 18, 347094.51, 158373.92, 167.11);
insert into STATION_FLAG values(952, 'fix');
insert into STATION values (953, 'Burrington.Bos.8', 18, 347093.71, 158375.96, 164.84);
insert into STATION_FLAG values(953, 'fix');
insert into STATION values (954, 'Burrington.Bos.6', 18, 347090.82, 158377.88, 163.84);
insert into STATION_FLAG values(954, 'fix');
insert into STATION values (955, 'Burrington.Bos.7', 18, 347088.13, 158380.53, 162.90);
insert into STATION_FLAG values(955, 'fix');
insert into STATION values (956, 'Burrington.Bos.5', 18, 347090.09, 158378.95, 161.59);
insert into STATION_FLAG values(956, 'fix');
insert into STATION values (957, 'Burrington.Bos.4', 18, 347089.33, 158381.89, 157.70);
insert into STATION_FLAG values(957, 'fix');
insert into STATION values (958, 'Burrington.Bos.3', 18, 347088.86, 158382.88, 156.35);
insert into STATION_FLAG values(958, 'fix');
insert into STATION values (959, 'Burrington.Bos.2', 18, 347087.71, 158383.98, 155.02);
insert into STATION_FLAG values(959, 'fix');
insert into STATION values (960, 'Burrington.Bos.1', 18, 347088.25, 158383.62, 155.11);
insert into STATION_FLAG values(960, 'fix');
insert into STATION values (961, 'Burrington.Goons.6', 18, 347910.00, 158250.00, 126.00);
insert into STATION_FLAG values(961, 'ent');
insert into STATION_FLAG values(961, 'fix');
insert into STATION values (962, 'Burrington.Goons.7', 18, 347919.29, 158251.59, 120.56);
insert into STATION_FLAG values(962, 'fix');
insert into STATION values (963, 'Burrington.Goons.8', 18, 347922.65, 158252.14, 118.63);
insert into STATION_FLAG values(963, 'fix');
insert into STATION values (964, 'Burrington.Goons.9', 18, 347925.10, 158252.65, 117.84);
insert into STATION_FLAG values(964, 'fix');
insert into STATION values (965, 'Burrington.Goons.10', 18, 347928.64, 158253.13, 115.48);
insert into STATION_FLAG values(965, 'fix');
insert into STATION values (966, 'Burrington.Goons.10a', 18, 347933.62, 158253.10, 115.04);
insert into STATION_FLAG values(966, 'fix');
insert into STATION values (967, 'Burrington.PierresPot.Pierres1.1', 18, 347630.00, 158370.00, 129.00);
insert into STATION_FLAG values(967, 'ent');
insert into STATION_FLAG values(967, 'fix');
insert into STATION values (968, 'Burrington.PierresPot.Pierres1.2', 18, 347630.00, 158370.00, 125.85);
insert into STATION_FLAG values(968, 'fix');
insert into STATION values (969, 'Burrington.PierresPot.Pierres1.3', 18, 347628.80, 158365.02, 123.46);
insert into STATION_FLAG values(969, 'fix');
insert into STATION values (970, 'Burrington.PierresPot.Pierres1.4', 18, 347628.22, 158359.13, 122.73);
insert into STATION_FLAG values(970, 'fix');
insert into STATION values (971, 'Burrington.PierresPot.Pierres1.100', 18, 347628.08, 158358.44, 122.73);
insert into STATION_FLAG values(971, 'fix');
insert into STATION values (972, 'Burrington.PierresPot.Pierres1.101', 18, 347628.08, 158358.44, 121.13);
insert into STATION_FLAG values(972, 'fix');
insert into STATION values (973, 'Burrington.PierresPot.Pierres1.102', 18, 347625.64, 158359.12, 120.36);
insert into STATION_FLAG values(973, 'fix');
insert into STATION values (974, 'Burrington.PierresPot.Pierres1.103', 18, 347625.22, 158357.10, 121.37);
insert into STATION_FLAG values(974, 'fix');
insert into STATION values (975, 'Burrington.PierresPot.Pierres1.104', 18, 347625.22, 158357.10, 125.97);
insert into STATION_FLAG values(975, 'fix');
insert into STATION values (976, 'Burrington.PierresPot.Pierres1.105', 18, 347627.91, 158356.69, 123.92);
insert into STATION_FLAG values(976, 'fix');
insert into STATION values (977, 'Burrington.PierresPot.Pierres1.106', 18, 347628.38, 158359.01, 122.97);
insert into STATION_FLAG values(977, 'fix');
insert into STATION values (978, 'Burrington.PierresPot.Pierres1.5', 18, 347628.81, 158358.20, 121.94);
insert into STATION_FLAG values(978, 'fix');
insert into STATION values (979, 'Burrington.PierresPot.Pierres1.6', 18, 347625.96, 158355.95, 125.58);
insert into STATION_FLAG values(979, 'fix');
insert into STATION values (980, 'Burrington.PierresPot.Pierres1.19', 18, 347625.96, 158355.95, 124.88);
insert into STATION_FLAG values(980, 'fix');
insert into STATION values (981, 'Burrington.PierresPot.Pierres1.20', 18, 347624.62, 158356.90, 124.88);
insert into STATION_FLAG values(981, 'fix');
insert into STATION values (982, 'Burrington.PierresPot.Pierres1.21', 18, 347624.62, 158356.90, 121.68);
insert into STATION_FLAG values(982, 'fix');
insert into STATION values (983, 'Burrington.PierresPot.Pierres1.22', 18, 347624.84, 158359.10, 120.13);
insert into STATION_FLAG values(983, 'fix');
insert into STATION values (984, 'Burrington.PierresPot.Pierres1.23', 18, 347622.19, 158361.62, 118.50);
insert into STATION_FLAG values(984, 'fix');
insert into STATION values (985, 'Burrington.PierresPot.Pierres1.28', 18, 347620.17, 158362.00, 117.58);
insert into STATION_FLAG values(985, 'fix');
insert into STATION values (986, 'Burrington.PierresPot.Pierres1.29', 18, 347619.23, 158362.30, 117.41);
insert into STATION_FLAG values(986, 'fix');
insert into STATION values (987, 'Burrington.PierresPot.Pierres1.35', 18, 347619.23, 158362.30, 115.21);
insert into STATION_FLAG values(987, 'fix');
insert into STATION values (988, 'Burrington.PierresPot.Pierres1.36', 18, 347620.77, 158363.31, 113.10);
insert into STATION_FLAG values(988, 'fix');
insert into STATION values (989, 'Burrington.PierresPot.Pierres1.37', 18, 347620.77, 158363.31, 111.90);
insert into STATION_FLAG values(989, 'fix');
insert into STATION values (990, 'Burrington.PierresPot.Pierres1.38', 18, 347619.95, 158361.75, 110.26);
insert into STATION_FLAG values(990, 'fix');
insert into STATION values (991, 'Burrington.PierresPot.Pierres1.39', 18, 347619.12, 158362.46, 109.47);
insert into STATION_FLAG values(991, 'fix');
insert into STATION values (992, 'Burrington.PierresPot.Pierres1.40', 18, 347619.12, 158362.46, 106.47);
insert into STATION_FLAG values(992, 'fix');
insert into STATION values (993, 'Burrington.PierresPot.Pierres1.41', 18, 347618.54, 158361.73, 105.88);
insert into STATION_FLAG values(993, 'fix');
insert into STATION values (994, 'Burrington.PierresPot.Pierres1.42', 18, 347617.64, 158361.45, 105.87);
insert into STATION_FLAG values(994, 'fix');
insert into STATION values (995, 'Burrington.PierresPot.Pierres1.43', 18, 347614.64, 158363.29, 103.40);
insert into STATION_FLAG values(995, 'fix');
insert into STATION values (996, 'Burrington.PierresPot.Pierres1.44', 18, 347610.87, 158367.42, 99.19);
insert into STATION_FLAG values(996, 'fix');
insert into STATION values (997, 'Burrington.PierresPot.Pierres1.64', 18, 347612.39, 158365.01, 101.04);
insert into STATION_FLAG values(997, 'fix');
insert into STATION values (998, 'Burrington.PierresPot.Pierres1.65', 18, 347612.97, 158362.17, 101.09);
insert into STATION_FLAG values(998, 'fix');
insert into STATION values (999, 'Burrington.PierresPot.Pierres1.66', 18, 347615.18, 158359.28, 101.28);
insert into STATION_FLAG values(999, 'fix');
insert into STATION values (1000, 'Burrington.PierresPot.Pierres1.67', 18, 347615.11, 158357.66, 101.81);
insert into STATION_FLAG values(1000, 'fix');
insert into STATION values (1001, 'Burrington.PierresPot.Pierres1.68', 18, 347616.98, 158353.90, 101.88);
insert into STATION_FLAG values(1001, 'fix');
insert into STATION values (1002, 'Burrington.PierresPot.Pierres1.69', 18, 347615.98, 158351.25, 101.53);
insert into STATION_FLAG values(1002, 'fix');
insert into STATION values (1003, 'Burrington.PierresPot.Twinkletoes.14', 18, 347618.41, 158346.13, 102.13);
insert into STATION_FLAG values(1003, 'fix');
insert into STATION values (1004, 'Burrington.PierresPot.Twinkletoes.15', 18, 347627.71, 158342.45, 102.13);
insert into STATION_FLAG values(1004, 'fix');
insert into STATION values (1005, 'Burrington.PierresPot.Twinkletoes.13', 18, 347616.55, 158343.70, 103.56);
insert into STATION_FLAG values(1005, 'fix');
insert into STATION values (1006, 'Burrington.PierresPot.Twinkletoes.12', 18, 347618.45, 158340.59, 106.52);
insert into STATION_FLAG values(1006, 'fix');
insert into STATION values (1007, 'Burrington.PierresPot.Twinkletoes.16', 18, 347619.51, 158339.68, 106.52);
insert into STATION_FLAG values(1007, 'fix');
insert into STATION values (1008, 'Burrington.PierresPot.Twinkletoes.17', 18, 347621.09, 158337.89, 106.52);
insert into STATION_FLAG values(1008, 'fix');
insert into STATION values (1009, 'Burrington.PierresPot.Twinkletoes.18', 18, 347622.80, 158335.81, 106.52);
insert into STATION_FLAG values(1009, 'fix');
insert into STATION values (1010, 'Burrington.PierresPot.Twinkletoes.19', 18, 347626.49, 158333.80, 106.52);
insert into STATION_FLAG values(1010, 'fix');
insert into STATION values (1011, 'Burrington.PierresPot.Twinkletoes.20', 18, 347643.34, 158327.80, 106.52);
insert into STATION_FLAG values(1011, 'fix');
insert into STATION values (1012, 'Burrington.PierresPot.Twinkletoes.21', 18, 347645.13, 158331.37, 106.52);
insert into STATION_FLAG values(1012, 'fix');
insert into STATION values (1013, 'Burrington.PierresPot.Twinkletoes.22', 18, 347645.14, 158332.37, 106.52);
insert into STATION_FLAG values(1013, 'fix');
insert into STATION values (1014, 'Burrington.PierresPot.Twinkletoes.23', 18, 347646.16, 158334.10, 106.52);
insert into STATION_FLAG values(1014, 'fix');
insert into STATION values (1015, 'Burrington.PierresPot.Twinkletoes.23a', 18, 347646.16, 158334.10, 101.52);
insert into STATION_FLAG values(1015, 'fix');
insert into STATION values (1016, 'Burrington.PierresPot.Pierres_upstream.PP1', 18, 347648.60, 158332.35, 101.52);
insert into STATION_FLAG values(1016, 'fix');
insert into STATION values (1017, 'Burrington.PierresPot.Pierres_upstream.PP2', 18, 347653.45, 158329.20, 103.07);
insert into STATION_FLAG values(1017, 'fix');
insert into STATION values (1018, 'Burrington.PierresPot.Pierres_upstream.PP3', 18, 347654.89, 158328.40, 103.30);
insert into STATION_FLAG values(1018, 'fix');
insert into STATION values (1019, 'Burrington.PierresPot.Pierres_upstream.PP4', 18, 347658.34, 158321.32, 102.33);
insert into STATION_FLAG values(1019, 'fix');
insert into STATION values (1020, 'Burrington.PierresPot.Pierres_upstream.PP9', 18, 347658.34, 158321.32, 102.95);
insert into STATION_FLAG values(1020, 'fix');
insert into STATION values (1021, 'Burrington.PierresPot.Pierres_upstream.PP10', 18, 347663.62, 158318.74, 103.36);
insert into STATION_FLAG values(1021, 'fix');
insert into STATION values (1022, 'Burrington.PierresPot.Pierres_upstream.PP11', 18, 347663.12, 158319.32, 103.66);
insert into STATION_FLAG values(1022, 'fix');
insert into STATION values (1023, 'Burrington.PierresPot.Pierres_upstream.PP12', 18, 347665.71, 158322.77, 104.04);
insert into STATION_FLAG values(1023, 'fix');
insert into STATION values (1024, 'Burrington.PierresPot.Pierres_upstream.PP13', 18, 347666.15, 158324.39, 104.27);
insert into STATION_FLAG values(1024, 'fix');
insert into STATION values (1025, 'Burrington.PierresPot.Pierres_upstream.PP5', 18, 347658.26, 158321.45, 102.07);
insert into STATION_FLAG values(1025, 'fix');
insert into STATION values (1026, 'Burrington.PierresPot.Pierres_upstream.PP6', 18, 347654.92, 158313.20, 101.91);
insert into STATION_FLAG values(1026, 'fix');
insert into STATION values (1027, 'Burrington.PierresPot.Pierres_upstream.PP7', 18, 347658.55, 158312.56, 101.66);
insert into STATION_FLAG values(1027, 'fix');
insert into STATION values (1028, 'Burrington.PierresPot.Pierres_upstream.PP8', 18, 347658.99, 158314.01, 101.52);
insert into STATION_FLAG values(1028, 'fix');
insert into STATION values (1029, 'Burrington.PierresPot.Twinkletoes.11', 18, 347619.21, 158342.03, 108.94);
insert into STATION_FLAG values(1029, 'fix');
insert into STATION values (1030, 'Burrington.PierresPot.Twinkletoes.10', 18, 347619.02, 158339.70, 112.54);
insert into STATION_FLAG values(1030, 'fix');
insert into STATION values (1031, 'Burrington.PierresPot.Twinkletoes.9', 18, 347621.88, 158338.54, 112.65);
insert into STATION_FLAG values(1031, 'fix');
insert into STATION values (1032, 'Burrington.PierresPot.Twinkletoes.8', 18, 347623.39, 158339.18, 113.67);
insert into STATION_FLAG values(1032, 'fix');
insert into STATION values (1033, 'Burrington.PierresPot.Twinkletoes.7', 18, 347623.39, 158339.18, 114.63);
insert into STATION_FLAG values(1033, 'fix');
insert into STATION values (1034, 'Burrington.PierresPot.Twinkletoes.6', 18, 347624.36, 158340.59, 114.78);
insert into STATION_FLAG values(1034, 'fix');
insert into STATION values (1035, 'Burrington.PierresPot.Twinkletoes.5', 18, 347624.36, 158340.59, 117.43);
insert into STATION_FLAG values(1035, 'fix');
insert into STATION values (1036, 'Burrington.PierresPot.Twinkletoes.4', 18, 347622.23, 158341.34, 119.85);
insert into STATION_FLAG values(1036, 'fix');
insert into STATION values (1037, 'Burrington.PierresPot.Twinkletoes.2', 18, 347622.53, 158342.71, 122.09);
insert into STATION_FLAG values(1037, 'fix');
insert into STATION values (1038, 'Burrington.PierresPot.Twinkletoes.3', 18, 347623.97, 158339.93, 124.91);
insert into STATION_FLAG values(1038, 'fix');
insert into STATION values (1039, 'Burrington.PierresPot.Twinkletoes.1', 18, 347620.98, 158338.60, 120.83);
insert into STATION_FLAG values(1039, 'fix');
insert into STATION values (1040, 'Burrington.PierresPot.Pierres1.97', 18, 347625.01, 158343.52, 101.88);
insert into STATION_FLAG values(1040, 'fix');
insert into STATION values (1041, 'Burrington.PierresPot.Pierres1.98', 18, 347633.25, 158340.59, 101.73);
insert into STATION_FLAG values(1041, 'fix');
insert into STATION values (1042, 'Burrington.PierresPot.Pierres1.99', 18, 347633.25, 158340.59, 101.13);
insert into STATION_FLAG values(1042, 'fix');
insert into STATION values (1043, 'Burrington.PierresPot.Pierres1.71', 18, 347617.11, 158346.40, 102.34);
insert into STATION_FLAG values(1043, 'fix');
insert into STATION values (1044, 'Burrington.PierresPot.Pierres1.72', 18, 347615.69, 158343.56, 103.82);
insert into STATION_FLAG values(1044, 'fix');
insert into STATION values (1045, 'Burrington.PierresPot.Pierres1.73', 18, 347619.09, 158339.57, 107.22);
insert into STATION_FLAG values(1045, 'fix');
insert into STATION values (1046, 'Burrington.PierresPot.Pierres1.74', 18, 347619.09, 158339.57, 108.72);
insert into STATION_FLAG values(1046, 'fix');
insert into STATION values (1047, 'Burrington.PierresPot.Pierres1.75', 18, 347619.10, 158337.48, 107.66);
insert into STATION_FLAG values(1047, 'fix');
insert into STATION values (1048, 'Burrington.PierresPot.Pierres1.76', 18, 347619.11, 158336.39, 107.83);
insert into STATION_FLAG values(1048, 'fix');
insert into STATION values (1049, 'Burrington.PierresPot.Pierres1.77', 18, 347619.11, 158336.39, 108.13);
insert into STATION_FLAG values(1049, 'fix');
insert into STATION values (1050, 'Burrington.PierresPot.Pierres1.78', 18, 347619.75, 158333.49, 106.93);
insert into STATION_FLAG values(1050, 'fix');
insert into STATION values (1051, 'Burrington.PierresPot.Pierres1.79', 18, 347619.73, 158331.40, 107.41);
insert into STATION_FLAG values(1051, 'fix');
insert into STATION values (1052, 'Burrington.PierresPot.Pierres1.80', 18, 347620.12, 158329.44, 107.34);
insert into STATION_FLAG values(1052, 'fix');
insert into STATION values (1053, 'Burrington.PierresPot.Pierres1.81', 18, 347621.14, 158328.24, 107.83);
insert into STATION_FLAG values(1053, 'fix');
insert into STATION values (1054, 'Burrington.PierresPot.Pierres1.82', 18, 347621.54, 158326.07, 109.10);
insert into STATION_FLAG values(1054, 'fix');
insert into STATION values (1055, 'Burrington.PierresPot.Pierres1.83', 18, 347621.65, 158324.29, 109.61);
insert into STATION_FLAG values(1055, 'fix');
insert into STATION values (1056, 'Burrington.PierresPot.Pierres1.84', 18, 347618.35, 158322.03, 108.16);
insert into STATION_FLAG values(1056, 'fix');
insert into STATION values (1057, 'Burrington.PierresPot.Pierres1.85', 18, 347616.44, 158320.57, 107.73);
insert into STATION_FLAG values(1057, 'fix');
insert into STATION values (1058, 'Burrington.PierresPot.Pierres1.86', 18, 347615.33, 158315.17, 109.85);
insert into STATION_FLAG values(1058, 'fix');
insert into STATION values (1059, 'Burrington.PierresPot.Pierres1.87', 18, 347613.09, 158312.56, 113.95);
insert into STATION_FLAG values(1059, 'fix');
insert into STATION values (1060, 'Burrington.PierresPot.Pierres1.88', 18, 347613.09, 158312.56, 116.20);
insert into STATION_FLAG values(1060, 'fix');
insert into STATION values (1061, 'Burrington.PierresPot.Pierres1.89', 18, 347613.90, 158312.61, 116.78);
insert into STATION_FLAG values(1061, 'fix');
insert into STATION values (1062, 'Burrington.PierresPot.Pierres1.90', 18, 347621.27, 158311.23, 117.04);
insert into STATION_FLAG values(1062, 'fix');
insert into STATION values (1063, 'Burrington.PierresPot.Pierres1.91', 18, 347621.66, 158308.56, 117.19);
insert into STATION_FLAG values(1063, 'fix');
insert into STATION values (1064, 'Burrington.PierresPot.Pierres1.92', 18, 347624.44, 158308.15, 116.69);
insert into STATION_FLAG values(1064, 'fix');
insert into STATION values (1065, 'Burrington.PierresPot.Pierres1.93', 18, 347626.97, 158305.82, 115.64);
insert into STATION_FLAG values(1065, 'fix');
insert into STATION values (1066, 'Burrington.PierresPot.Pierres1.94', 18, 347628.41, 158307.75, 116.11);
insert into STATION_FLAG values(1066, 'fix');
insert into STATION values (1067, 'Burrington.PierresPot.Pierres1.95', 18, 347629.85, 158313.72, 118.22);
insert into STATION_FLAG values(1067, 'fix');
insert into STATION values (1068, 'Burrington.PierresPot.Pierres1.96', 18, 347633.11, 158314.09, 119.82);
insert into STATION_FLAG values(1068, 'fix');
insert into STATION values (1069, 'Burrington.PierresPot.Pierres1.45', 18, 347605.81, 158370.18, 98.48);
insert into STATION_FLAG values(1069, 'fix');
insert into STATION values (1070, 'Burrington.PierresPot.Pierres1.46', 18, 347600.59, 158372.68, 98.18);
insert into STATION_FLAG values(1070, 'fix');
insert into STATION values (1071, 'Burrington.PierresPot.Pierres1.62', 18, 347598.59, 158375.02, 96.74);
insert into STATION_FLAG values(1071, 'fix');
insert into STATION values (1072, 'Burrington.PierresPot.Sumpone.P1M23', 18, 347595.01, 158379.08, 96.08);
insert into STATION_FLAG values(1072, 'fix');
insert into STATION values (1073, 'Burrington.PierresPot.Sumpone.P1M24', 18, 347595.29, 158380.25, 96.08);
insert into STATION_FLAG values(1073, 'fix');
insert into STATION values (1074, 'Burrington.PierresPot.Sumpone.P1M25', 18, 347595.28, 158380.45, 96.08);
insert into STATION_FLAG values(1074, 'fix');
insert into STATION values (1075, 'Burrington.PierresPot.Sumpone.P1M26', 18, 347594.94, 158381.60, 96.08);
insert into STATION_FLAG values(1075, 'fix');
insert into STATION values (1076, 'Burrington.PierresPot.Sumpone.P1M27', 18, 347594.14, 158382.35, 96.08);
insert into STATION_FLAG values(1076, 'fix');
insert into STATION values (1077, 'Burrington.PierresPot.Sumpone.P1M28', 18, 347593.35, 158382.78, 96.08);
insert into STATION_FLAG values(1077, 'fix');
insert into STATION values (1078, 'Burrington.PierresPot.Sumpone.P1M29', 18, 347592.35, 158383.44, 96.08);
insert into STATION_FLAG values(1078, 'fix');
insert into STATION values (1079, 'Burrington.PierresPot.Sumpone.P1M30', 18, 347591.65, 158383.83, 96.08);
insert into STATION_FLAG values(1079, 'fix');
insert into STATION values (1080, 'Burrington.PierresPot.Sumpone.P1M31', 18, 347590.39, 158385.25, 96.08);
insert into STATION_FLAG values(1080, 'fix');
insert into STATION values (1081, 'Burrington.PierresPot.Sumpone.P1M32', 18, 347587.54, 158386.48, 96.08);
insert into STATION_FLAG values(1081, 'fix');
insert into STATION values (1082, 'Burrington.PierresPot.Sumpone.P1M33', 18, 347585.74, 158387.08, 96.08);
insert into STATION_FLAG values(1082, 'fix');
insert into STATION values (1083, 'Burrington.PierresPot.Sumpone.P1M34', 18, 347581.95, 158387.99, 96.08);
insert into STATION_FLAG values(1083, 'fix');
insert into STATION values (1084, 'Burrington.PierresPot.Pierres2.P2D1', 18, 347580.54, 158388.75, 96.08);
insert into STATION_FLAG values(1084, 'fix');
insert into STATION values (1085, 'Burrington.PierresPot.Pierres2.P2D2', 18, 347577.20, 158390.67, 96.28);
insert into STATION_FLAG values(1085, 'fix');
insert into STATION values (1086, 'Burrington.PierresPot.Pierres2.P2D3', 18, 347571.83, 158392.31, 95.99);
insert into STATION_FLAG values(1086, 'fix');
insert into STATION values (1087, 'Burrington.PierresPot.Pierres2.P2D4', 18, 347569.21, 158396.51, 95.99);
insert into STATION_FLAG values(1087, 'fix');
insert into STATION values (1088, 'Burrington.PierresPot.Pierres2.P2D5', 18, 347569.81, 158398.95, 95.94);
insert into STATION_FLAG values(1088, 'fix');
insert into STATION values (1089, 'Burrington.PierresPot.Pierres2.P2D6', 18, 347566.64, 158401.61, 96.67);
insert into STATION_FLAG values(1089, 'fix');
insert into STATION values (1090, 'Burrington.PierresPot.Pierres2.P2D7', 18, 347566.64, 158401.61, 96.43);
insert into STATION_FLAG values(1090, 'fix');
insert into STATION values (1091, 'Burrington.PierresPot.Pierres2.P2D8', 18, 347565.29, 158401.37, 96.67);
insert into STATION_FLAG values(1091, 'fix');
insert into STATION values (1092, 'Burrington.PierresPot.Pierres2.P2D9', 18, 347564.44, 158403.59, 96.96);
insert into STATION_FLAG values(1092, 'fix');
insert into STATION values (1093, 'Burrington.PierresPot.Pierres2.P2D10', 18, 347569.22, 158406.82, 96.56);
insert into STATION_FLAG values(1093, 'fix');
insert into STATION values (1094, 'Burrington.PierresPot.Pierres2.P2D11', 18, 347566.06, 158408.16, 96.74);
insert into STATION_FLAG values(1094, 'fix');
insert into STATION values (1095, 'Burrington.PierresPot.Pierres3downstream.P2D12', 18, 347567.97, 158411.75, 96.39);
insert into STATION_FLAG values(1095, 'fix');
insert into STATION values (1096, 'Burrington.PierresPot.Pierres3downstream.P2D45', 18, 347567.97, 158411.75, 96.08);
insert into STATION_FLAG values(1096, 'fix');
insert into STATION values (1097, 'Burrington.PierresPot.Pierres3downstream.P3D1', 18, 347567.44, 158413.06, 96.08);
insert into STATION_FLAG values(1097, 'fix');
insert into STATION values (1098, 'Burrington.PierresPot.Pierres3downstream.P3D2', 18, 347567.44, 158413.06, 97.01);
insert into STATION_FLAG values(1098, 'fix');
insert into STATION values (1099, 'Burrington.PierresPot.Pierres3downstream.P3D3', 18, 347570.35, 158413.05, 96.90);
insert into STATION_FLAG values(1099, 'fix');
insert into STATION values (1100, 'Burrington.PierresPot.Pierres3downstream.P3D4', 18, 347569.62, 158414.88, 96.61);
insert into STATION_FLAG values(1100, 'fix');
insert into STATION values (1101, 'Burrington.PierresPot.Pierres3downstream.P3D5', 18, 347570.52, 158416.07, 96.34);
insert into STATION_FLAG values(1101, 'fix');
insert into STATION values (1102, 'Burrington.PierresPot.Pierres3downstream.P3D6', 18, 347570.87, 158413.83, 98.46);
insert into STATION_FLAG values(1102, 'fix');
insert into STATION values (1103, 'Burrington.PierresPot.Pierres3downstream.P3D7', 18, 347568.40, 158413.13, 101.86);
insert into STATION_FLAG values(1103, 'fix');
insert into STATION values (1104, 'Burrington.PierresPot.Pierres3downstream.P3D25', 18, 347564.09, 158412.46, 103.71);
insert into STATION_FLAG values(1104, 'fix');
insert into STATION values (1105, 'Burrington.PierresPot.Pierres3downstream.P3D26', 18, 347562.34, 158413.74, 103.21);
insert into STATION_FLAG values(1105, 'fix');
insert into STATION values (1106, 'Burrington.PierresPot.Pierres3downstream.P3D27', 18, 347553.25, 158416.21, 103.05);
insert into STATION_FLAG values(1106, 'fix');
insert into STATION values (1107, 'Burrington.PierresPot.Pierres3downstream.P3D28', 18, 347549.37, 158419.48, 101.59);
insert into STATION_FLAG values(1107, 'fix');
insert into STATION values (1108, 'Burrington.PierresPot.Pierres3Pepparami.P3D30', 18, 347544.03, 158421.13, 103.19);
insert into STATION_FLAG values(1108, 'fix');
insert into STATION values (1109, 'Burrington.PierresPot.Pierres3Pepparami.P4D2', 18, 347542.70, 158426.97, 100.77);
insert into STATION_FLAG values(1109, 'fix');
insert into STATION values (1110, 'Burrington.PierresPot.Pierres3Pepparami.P4D3', 18, 347544.62, 158430.27, 102.98);
insert into STATION_FLAG values(1110, 'fix');
insert into STATION values (1111, 'Burrington.PierresPot.Pierres3Pepparami.P4D4', 18, 347543.94, 158431.82, 102.80);
insert into STATION_FLAG values(1111, 'fix');
insert into STATION values (1112, 'Burrington.PierresPot.Pierres3Pepparami.P4D17', 18, 347543.38, 158435.89, 101.39);
insert into STATION_FLAG values(1112, 'fix');
insert into STATION values (1113, 'Burrington.PierresPot.Pierres3Pepparami.P4D18', 18, 347544.25, 158439.58, 101.99);
insert into STATION_FLAG values(1113, 'fix');
insert into STATION values (1114, 'Burrington.PierresPot.Pierres3downstreamtosump.P4D19', 18, 347549.81, 158447.19, 106.19);
insert into STATION_FLAG values(1114, 'fix');
insert into STATION values (1115, 'Burrington.PierresPot.Pierres3downstreamtosump.P5D3', 18, 347548.83, 158447.85, 106.00);
insert into STATION_FLAG values(1115, 'fix');
insert into STATION values (1116, 'Burrington.PierresPot.Pierres3downstreamtosump.P5D4', 18, 347551.83, 158451.05, 102.32);
insert into STATION_FLAG values(1116, 'fix');
insert into STATION values (1117, 'Burrington.PierresPot.Pierres3downstreamtosump.P5D5', 18, 347555.45, 158452.95, 97.09);
insert into STATION_FLAG values(1117, 'fix');
insert into STATION values (1118, 'Burrington.PierresPot.Pierres3downstreamtosump.P5D6', 18, 347558.09, 158457.14, 95.09);
insert into STATION_FLAG values(1118, 'fix');
insert into STATION values (1119, 'Burrington.PierresPot.Pierres3downstreamtosump.P5D7', 18, 347561.66, 158456.87, 91.87);
insert into STATION_FLAG values(1119, 'fix');
insert into STATION values (1120, 'Burrington.PierresPot.Pierres3downstreamtosump.P5D9', 18, 347564.67, 158456.65, 91.76);
insert into STATION_FLAG values(1120, 'fix');
insert into STATION values (1121, 'Burrington.PierresPot.Pierres3downstreamtosump.P5D10', 18, 347566.36, 158458.06, 91.37);
insert into STATION_FLAG values(1121, 'fix');
insert into STATION values (1122, 'Burrington.PierresPot.Pierres3downstreamtosump.P5D11', 18, 347566.02, 158459.15, 91.00);
insert into STATION_FLAG values(1122, 'fix');
insert into STATION values (1123, 'Burrington.PierresPot.Pierres3downstreamtosump.P5D12', 18, 347566.47, 158460.93, 92.06);
insert into STATION_FLAG values(1123, 'fix');
insert into STATION values (1124, 'Burrington.PierresPot.Pierres3downstreamtosump.P5D13', 18, 347564.31, 158463.52, 92.12);
insert into STATION_FLAG values(1124, 'fix');
insert into STATION values (1125, 'Burrington.PierresPot.Pierres3downstreamtosump.P5D14', 18, 347566.35, 158468.05, 92.47);
insert into STATION_FLAG values(1125, 'fix');
insert into STATION values (1126, 'Burrington.PierresPot.Pierres3downstreamtosump.P5D17', 18, 347567.07, 158473.72, 90.93);
insert into STATION_FLAG values(1126, 'fix');
insert into STATION values (1127, 'Burrington.PierresPot.Pierres3downstreamtosump.P5D18', 18, 347567.47, 158474.54, 87.94);
insert into STATION_FLAG values(1127, 'fix');
insert into STATION values (1128, 'Burrington.PierresPot.Pierres3downstreamtosump.P5D19', 18, 347566.65, 158476.82, 86.31);
insert into STATION_FLAG values(1128, 'fix');
insert into STATION values (1129, 'Burrington.PierresPot.Pierres3downstreamtosump.P5D20', 18, 347568.79, 158482.05, 86.70);
insert into STATION_FLAG values(1129, 'fix');
insert into STATION values (1130, 'Burrington.PierresPot.Pierres3downstreamtosump.P5D21', 18, 347571.12, 158483.55, 85.80);
insert into STATION_FLAG values(1130, 'fix');
insert into STATION values (1131, 'Burrington.PierresPot.Pierres3downstreamtosump.P5D22', 18, 347572.31, 158486.06, 86.70);
insert into STATION_FLAG values(1131, 'fix');
insert into STATION values (1132, 'Burrington.PierresPot.Pierres3downstreamtosump.P5D23', 18, 347567.87, 158486.16, 85.92);
insert into STATION_FLAG values(1132, 'fix');
insert into STATION values (1133, 'Burrington.PierresPot.Pierres3downstreamtosump.P5D24', 18, 347565.27, 158487.06, 86.16);
insert into STATION_FLAG values(1133, 'fix');
insert into STATION values (1134, 'Burrington.PierresPot.Pierres3downstreamtosump.P5D25', 18, 347561.13, 158488.19, 85.63);
insert into STATION_FLAG values(1134, 'fix');
insert into STATION values (1135, 'Burrington.PierresPot.Pierres3downstreamtosump.P5D15', 18, 347560.56, 158467.15, 94.83);
insert into STATION_FLAG values(1135, 'fix');
insert into STATION values (1136, 'Burrington.PierresPot.Pierres3downstreamtosump.P5D16', 18, 347559.70, 158461.86, 96.07);
insert into STATION_FLAG values(1136, 'fix');
insert into STATION values (1137, 'Burrington.PierresPot.Pierres3downstreamtosump.P5D8', 18, 347567.42, 158454.87, 92.08);
insert into STATION_FLAG values(1137, 'fix');
insert into STATION values (1138, 'Burrington.PierresPot.Pierres3downstreamtosump.P5D2', 18, 347555.41, 158447.66, 100.57);
insert into STATION_FLAG values(1138, 'fix');
insert into STATION values (1139, 'Burrington.PierresPot.Pierres3Pepparami.P4D15', 18, 347544.53, 158433.20, 102.90);
insert into STATION_FLAG values(1139, 'fix');
insert into STATION values (1140, 'Burrington.PierresPot.Pierres3Pepparami.P4D16', 18, 347532.82, 158436.37, 104.61);
insert into STATION_FLAG values(1140, 'fix');
insert into STATION values (1141, 'Burrington.PierresPot.Pierres3Pepparami.P4D5', 18, 347547.10, 158432.96, 100.62);
insert into STATION_FLAG values(1141, 'fix');
insert into STATION values (1142, 'Burrington.PierresPot.Pierres3Pepparami.P4D6', 18, 347547.78, 158436.08, 99.58);
insert into STATION_FLAG values(1142, 'fix');
insert into STATION values (1143, 'Burrington.PierresPot.Pierres3Pepparami.P4D7', 18, 347550.17, 158434.33, 99.68);
insert into STATION_FLAG values(1143, 'fix');
insert into STATION values (1144, 'Burrington.PierresPot.Pierres3Pepparami.P4D8', 18, 347551.36, 158432.68, 96.98);
insert into STATION_FLAG values(1144, 'fix');
insert into STATION values (1145, 'Burrington.PierresPot.Pierres3Pepparami.P4D9', 18, 347553.99, 158431.87, 96.30);
insert into STATION_FLAG values(1145, 'fix');
insert into STATION values (1146, 'Burrington.PierresPot.Pierres3Pepparami.P4D10', 18, 347554.53, 158431.87, 95.71);
insert into STATION_FLAG values(1146, 'fix');
insert into STATION values (1147, 'Burrington.PierresPot.Pierres3Pepparami.P4D12', 18, 347575.39, 158424.61, 96.48);
insert into STATION_FLAG values(1147, 'fix');
insert into STATION values (1148, 'Burrington.PierresPot.Pierres3Pepparami.P4D13', 18, 347575.73, 158426.48, 96.78);
insert into STATION_FLAG values(1148, 'fix');
insert into STATION values (1149, 'Burrington.PierresPot.Pierres3Pepparami.P4D14', 18, 347579.68, 158425.10, 96.20);
insert into STATION_FLAG values(1149, 'fix');
insert into STATION values (1150, 'Burrington.PierresPot.Pierres3Pepparami.P4D11', 18, 347557.73, 158436.41, 94.93);
insert into STATION_FLAG values(1150, 'fix');
insert into STATION values (1151, 'Burrington.PierresPot.Pierres3door.P3D32', 18, 347549.34, 158419.49, 101.60);
insert into STATION_FLAG values(1151, 'fix');
insert into STATION values (1152, 'Burrington.PierresPot.Pierres3door.P3D33', 18, 347546.19, 158414.68, 102.51);
insert into STATION_FLAG values(1152, 'fix');
insert into STATION values (1153, 'Burrington.PierresPot.Pierres3door.P3D34', 18, 347546.17, 158409.06, 103.10);
insert into STATION_FLAG values(1153, 'fix');
insert into STATION values (1154, 'Burrington.PierresPot.Pierres3door.P3D35', 18, 347546.38, 158405.88, 101.68);
insert into STATION_FLAG values(1154, 'fix');
insert into STATION values (1155, 'Burrington.PierresPot.Pierres3door.P3D36', 18, 347543.00, 158403.70, 102.10);
insert into STATION_FLAG values(1155, 'fix');
insert into STATION values (1156, 'Burrington.PierresPot.Pierres3door.P3D41', 18, 347545.73, 158401.64, 101.56);
insert into STATION_FLAG values(1156, 'fix');
insert into STATION values (1157, 'Burrington.PierresPot.Pierres3door.P3D42', 18, 347545.12, 158398.86, 101.26);
insert into STATION_FLAG values(1157, 'fix');
insert into STATION values (1158, 'Burrington.PierresPot.Pierres3door.P3D45', 18, 347540.59, 158399.19, 102.92);
insert into STATION_FLAG values(1158, 'fix');
insert into STATION values (1159, 'Burrington.PierresPot.Pierres3door.P3D46', 18, 347540.84, 158393.98, 102.55);
insert into STATION_FLAG values(1159, 'fix');
insert into STATION values (1160, 'Burrington.PierresPot.Pierres3door.P3D47', 18, 347544.64, 158392.11, 100.67);
insert into STATION_FLAG values(1160, 'fix');
insert into STATION values (1161, 'Burrington.PierresPot.Pierres3door.P3D43', 18, 347536.91, 158399.32, 105.64);
insert into STATION_FLAG values(1161, 'fix');
insert into STATION values (1162, 'Burrington.PierresPot.Pierres3door.P3D44', 18, 347536.72, 158403.18, 107.12);
insert into STATION_FLAG values(1162, 'fix');
insert into STATION values (1163, 'Burrington.PierresPot.Pierres3door.P3D37', 18, 347541.28, 158403.56, 103.95);
insert into STATION_FLAG values(1163, 'fix');
insert into STATION values (1164, 'Burrington.PierresPot.Pierres3door.P3D38', 18, 347531.39, 158407.20, 104.32);
insert into STATION_FLAG values(1164, 'fix');
insert into STATION values (1165, 'Burrington.PierresPot.Pierres3door.P3D39', 18, 347523.83, 158408.43, 105.53);
insert into STATION_FLAG values(1165, 'fix');
insert into STATION values (1166, 'Burrington.PierresPot.Pierres3door.P3D40', 18, 347518.40, 158409.60, 105.53);
insert into STATION_FLAG values(1166, 'fix');
insert into STATION values (1167, 'Burrington.PierresPot.Pierres3downstream.P3D29', 18, 347542.01, 158418.99, 104.57);
insert into STATION_FLAG values(1167, 'fix');
insert into STATION values (1168, 'Burrington.PierresPot.Pierres3downstream.P3D8', 18, 347576.21, 158406.31, 105.03);
insert into STATION_FLAG values(1168, 'fix');
insert into STATION values (1169, 'Burrington.PierresPot.Pierres3downstream.P3D9', 18, 347579.11, 158404.19, 106.48);
insert into STATION_FLAG values(1169, 'fix');
insert into STATION values (1170, 'Burrington.PierresPot.Pierres3downstream.P3D10', 18, 347587.56, 158400.57, 106.80);
insert into STATION_FLAG values(1170, 'fix');
insert into STATION values (1171, 'Burrington.PierresPot.Pierres3downstream.P3D11', 18, 347597.62, 158396.88, 108.69);
insert into STATION_FLAG values(1171, 'fix');
insert into STATION values (1172, 'Burrington.PierresPot.Pierres3downstream.P3D12', 18, 347601.77, 158395.51, 107.76);
insert into STATION_FLAG values(1172, 'fix');
insert into STATION values (1173, 'Burrington.PierresPot.Pierres3downstream.P3D13', 18, 347604.45, 158397.83, 106.75);
insert into STATION_FLAG values(1173, 'fix');
insert into STATION values (1174, 'Burrington.PierresPot.Pierres3downstream.P3D14', 18, 347610.13, 158397.01, 105.53);
insert into STATION_FLAG values(1174, 'fix');
insert into STATION values (1175, 'Burrington.PierresPot.Pierres3downstream.P3D15', 18, 347604.49, 158402.50, 104.84);
insert into STATION_FLAG values(1175, 'fix');
insert into STATION values (1176, 'Burrington.PierresPot.Pierres3downstream.P3D17', 18, 347613.66, 158397.99, 106.64);
insert into STATION_FLAG values(1176, 'fix');
insert into STATION values (1177, 'Burrington.PierresPot.Pierres3downstream.P3D18', 18, 347617.83, 158396.94, 107.56);
insert into STATION_FLAG values(1177, 'fix');
insert into STATION values (1178, 'Burrington.PierresPot.Pierres3downstream.P3D31', 18, 347616.87, 158396.65, 107.56);
insert into STATION_FLAG values(1178, 'fix');
insert into STATION values (1179, 'Burrington.PierresPot.Pierres3downstream.P3D23', 18, 347613.96, 158393.48, 107.37);
insert into STATION_FLAG values(1179, 'fix');
insert into STATION values (1180, 'Burrington.PierresPot.Pierres3downstream.P3D24', 18, 347609.36, 158397.23, 105.44);
insert into STATION_FLAG values(1180, 'fix');
insert into STATION values (1181, 'Burrington.PierresPot.Pierres3downstream.P3D19', 18, 347618.60, 158396.80, 106.07);
insert into STATION_FLAG values(1181, 'fix');
insert into STATION values (1182, 'Burrington.PierresPot.Pierres3downstream.P3D22', 18, 347621.55, 158393.93, 107.49);
insert into STATION_FLAG values(1182, 'fix');
insert into STATION values (1183, 'Burrington.PierresPot.Pierres3downstream.P3D20', 18, 347621.32, 158399.06, 107.65);
insert into STATION_FLAG values(1183, 'fix');
insert into STATION values (1184, 'Burrington.PierresPot.Pierres3downstream.P3D21', 18, 347619.09, 158400.94, 105.53);
insert into STATION_FLAG values(1184, 'fix');
insert into STATION values (1185, 'Burrington.PierresPot.Pierres3downstream.P3D16', 18, 347600.76, 158405.32, 103.14);
insert into STATION_FLAG values(1185, 'fix');
insert into STATION values (1186, 'Burrington.PierresPot.Pierres1.47', 18, 347599.83, 158377.27, 98.83);
insert into STATION_FLAG values(1186, 'fix');
insert into STATION values (1187, 'Burrington.PierresPot.Pierres1.48', 18, 347599.88, 158369.05, 104.17);
insert into STATION_FLAG values(1187, 'fix');
insert into STATION values (1188, 'Burrington.PierresPot.Pierres1.49', 18, 347599.43, 158369.05, 104.17);
insert into STATION_FLAG values(1188, 'fix');
insert into STATION values (1189, 'Burrington.PierresPot.Pierres1.50', 18, 347599.43, 158369.05, 106.72);
insert into STATION_FLAG values(1189, 'fix');
insert into STATION values (1190, 'Burrington.PierresPot.Pierres1.51', 18, 347597.94, 158369.04, 106.77);
insert into STATION_FLAG values(1190, 'fix');
insert into STATION values (1191, 'Burrington.PierresPot.Pierres1.52', 18, 347595.22, 158369.45, 106.68);
insert into STATION_FLAG values(1191, 'fix');
insert into STATION values (1192, 'Burrington.PierresPot.Pierres1.53', 18, 347593.88, 158368.42, 107.16);
insert into STATION_FLAG values(1192, 'fix');
insert into STATION values (1193, 'Burrington.PierresPot.Pierres1.54', 18, 347588.87, 158369.73, 106.71);
insert into STATION_FLAG values(1193, 'fix');
insert into STATION values (1194, 'Burrington.PierresPot.Pierres1.55', 18, 347588.87, 158369.73, 105.96);
insert into STATION_FLAG values(1194, 'fix');
insert into STATION values (1195, 'Burrington.PierresPot.Pierres1.56', 18, 347587.14, 158371.49, 102.68);
insert into STATION_FLAG values(1195, 'fix');
insert into STATION values (1196, 'Burrington.PierresPot.Pierres1.57', 18, 347586.06, 158372.85, 101.33);
insert into STATION_FLAG values(1196, 'fix');
insert into STATION values (1197, 'Burrington.PierresPot.Pierres1.58', 18, 347585.69, 158373.20, 100.93);
insert into STATION_FLAG values(1197, 'fix');
insert into STATION values (1198, 'Burrington.PierresPot.Pierres1.60', 18, 347585.69, 158373.20, 100.33);
insert into STATION_FLAG values(1198, 'fix');
insert into STATION values (1199, 'Burrington.PierresPot.Pierres1.61', 18, 347583.36, 158374.75, 98.58);
insert into STATION_FLAG values(1199, 'fix');
insert into STATION values (1200, 'Burrington.PierresPot.Pierres1.59', 18, 347585.74, 158378.14, 98.08);
insert into STATION_FLAG values(1200, 'fix');
insert into STATION values (1201, 'Burrington.PierresPot.Pierres1.30', 18, 347617.40, 158362.88, 117.07);
insert into STATION_FLAG values(1201, 'fix');
insert into STATION values (1202, 'Burrington.PierresPot.Pierres1.31', 18, 347614.10, 158362.21, 120.21);
insert into STATION_FLAG values(1202, 'fix');
insert into STATION values (1203, 'Burrington.PierresPot.Pierres1.32', 18, 347610.58, 158361.81, 122.98);
insert into STATION_FLAG values(1203, 'fix');
insert into STATION values (1204, 'Burrington.PierresPot.Pierres1.33', 18, 347611.55, 158358.51, 128.49);
insert into STATION_FLAG values(1204, 'fix');
insert into STATION values (1205, 'Burrington.PierresPot.Pierres1.34', 18, 347607.96, 158357.03, 132.66);
insert into STATION_FLAG values(1205, 'ent');
insert into STATION_FLAG values(1205, 'fix');
insert into STATION values (1206, 'Burrington.PierresPot.Pierres1.24', 18, 347621.48, 158363.64, 117.59);
insert into STATION_FLAG values(1206, 'fix');
insert into STATION values (1207, 'Burrington.PierresPot.Pierres1.25', 18, 347622.02, 158365.87, 118.81);
insert into STATION_FLAG values(1207, 'fix');
insert into STATION values (1208, 'Burrington.PierresPot.Pierres1.26', 18, 347623.17, 158368.50, 119.69);
insert into STATION_FLAG values(1208, 'fix');
insert into STATION values (1209, 'Burrington.PierresPot.Pierres1.27', 18, 347628.26, 158364.72, 123.50);
insert into STATION_FLAG values(1209, 'fix');
insert into STATION values (1210, 'Burrington.PierresPot.Pierres1.7', 18, 347622.16, 158358.66, 123.97);
insert into STATION_FLAG values(1210, 'fix');
insert into STATION values (1211, 'Burrington.PierresPot.Pierres1.8', 18, 347621.91, 158357.04, 124.84);
insert into STATION_FLAG values(1211, 'fix');
insert into STATION values (1212, 'Burrington.PierresPot.Pierres1.9', 18, 347619.82, 158351.74, 127.03);
insert into STATION_FLAG values(1212, 'fix');
insert into STATION values (1213, 'Burrington.PierresPot.Pierres1.10', 18, 347623.00, 158351.32, 125.86);
insert into STATION_FLAG values(1213, 'fix');
insert into STATION values (1214, 'Burrington.PierresPot.Pierres1.11', 18, 347620.34, 158349.21, 125.86);
insert into STATION_FLAG values(1214, 'fix');
insert into STATION values (1215, 'Burrington.PierresPot.Pierres1.12', 18, 347620.34, 158349.21, 126.51);
insert into STATION_FLAG values(1215, 'fix');
insert into STATION values (1216, 'Burrington.PierresPot.Pierres1.13', 18, 347615.53, 158349.34, 129.29);
insert into STATION_FLAG values(1216, 'fix');
insert into STATION values (1217, 'Burrington.PierresPot.Pierres1.14', 18, 347615.53, 158349.34, 128.24);
insert into STATION_FLAG values(1217, 'fix');
insert into STATION values (1218, 'Burrington.PierresPot.Pierres1.15', 18, 347617.40, 158346.81, 128.24);
insert into STATION_FLAG values(1218, 'fix');
insert into STATION values (1219, 'Burrington.PierresPot.Pierres1.16', 18, 347618.32, 158345.35, 129.04);
insert into STATION_FLAG values(1219, 'fix');
insert into STATION values (1220, 'Burrington.PierresPot.Pierres1.17', 18, 347618.32, 158345.35, 130.64);
insert into STATION_FLAG values(1220, 'fix');
insert into STATION values (1221, 'Burrington.PierresPot.Pierres1.18', 18, 347623.25, 158343.40, 130.73);
insert into STATION_FLAG values(1221, 'fix');
insert into STATION values (1222, 'Burrington.Reads.MainChamber.2.12', 18, 346820.00, 158440.00, 151.00);
insert into STATION_FLAG values(1222, 'ent');
insert into STATION_FLAG values(1222, 'fix');
insert into STATION values (1223, 'Burrington.Reads.MainChamber.2.11', 18, 346815.41, 158444.19, 147.00);
insert into STATION_FLAG values(1223, 'fix');
insert into STATION values (1224, 'Burrington.Reads.MainChamber.2.10', 18, 346811.53, 158445.04, 145.21);
insert into STATION_FLAG values(1224, 'fix');
insert into STATION values (1225, 'Burrington.Reads.MainChamber.2.5', 18, 346815.45, 158450.35, 143.50);
insert into STATION_FLAG values(1225, 'fix');
insert into STATION values (1226, 'Burrington.Reads.MainChamber.2.6', 18, 346807.58, 158448.11, 143.14);
insert into STATION_FLAG values(1226, 'fix');
insert into STATION values (1227, 'Burrington.Reads.MainChamber.2.8', 18, 346801.95, 158448.96, 143.23);
insert into STATION_FLAG values(1227, 'fix');
insert into STATION values (1228, 'Burrington.Reads.WCR2.42', 18, 346804.62, 158442.98, 143.22);
insert into STATION_FLAG values(1228, 'fix');
insert into STATION values (1229, 'Burrington.Reads.WCR2.43', 18, 346804.08, 158443.18, 144.28);
insert into STATION_FLAG values(1229, 'fix');
insert into STATION values (1230, 'Burrington.Reads.WCR2.44', 18, 346804.41, 158441.85, 144.31);
insert into STATION_FLAG values(1230, 'fix');
insert into STATION values (1231, 'Burrington.Reads.WCR2.46', 18, 346804.83, 158439.95, 144.33);
insert into STATION_FLAG values(1231, 'fix');
insert into STATION values (1232, 'Burrington.Reads.WCR2.47', 18, 346804.26, 158438.49, 145.16);
insert into STATION_FLAG values(1232, 'fix');
insert into STATION values (1233, 'Burrington.Reads.WCR2.48', 18, 346803.70, 158436.78, 144.52);
insert into STATION_FLAG values(1233, 'fix');
insert into STATION values (1234, 'Burrington.Reads.WCR2.49', 18, 346803.93, 158435.24, 143.35);
insert into STATION_FLAG values(1234, 'fix');
insert into STATION values (1235, 'Burrington.Reads.WCR2.50', 18, 346804.53, 158434.46, 143.14);
insert into STATION_FLAG values(1235, 'fix');
insert into STATION values (1236, 'Burrington.Reads.WCR2.51', 18, 346805.68, 158435.96, 142.82);
insert into STATION_FLAG values(1236, 'fix');
insert into STATION values (1237, 'Burrington.Reads.WCR2.80', 18, 346807.48, 158436.61, 141.59);
insert into STATION_FLAG values(1237, 'fix');
insert into STATION values (1238, 'Burrington.Reads.WCR2.79', 18, 346807.10, 158436.38, 141.81);
insert into STATION_FLAG values(1238, 'fix');
insert into STATION values (1239, 'Burrington.Reads.WCR2.78', 18, 346806.03, 158436.53, 141.92);
insert into STATION_FLAG values(1239, 'fix');
insert into STATION values (1240, 'Burrington.Reads.WCR2.77', 18, 346805.31, 158436.75, 140.45);
insert into STATION_FLAG values(1240, 'fix');
insert into STATION values (1241, 'Burrington.Reads.WCR2.76', 18, 346805.32, 158436.17, 139.35);
insert into STATION_FLAG values(1241, 'fix');
insert into STATION values (1242, 'Burrington.Reads.WCR2.74', 18, 346805.04, 158436.64, 137.57);
insert into STATION_FLAG values(1242, 'fix');
insert into STATION values (1243, 'Burrington.Reads.WCR2.75', 18, 346807.97, 158435.45, 138.22);
insert into STATION_FLAG values(1243, 'fix');
insert into STATION values (1244, 'Burrington.Reads.WCR2.65', 18, 346805.75, 158438.43, 136.88);
insert into STATION_FLAG values(1244, 'fix');
insert into STATION values (1245, 'Burrington.Reads.WCR2.66', 18, 346803.64, 158438.13, 137.69);
insert into STATION_FLAG values(1245, 'fix');
insert into STATION values (1246, 'Burrington.Reads.WCR2.68', 18, 346803.05, 158439.18, 137.35);
insert into STATION_FLAG values(1246, 'fix');
insert into STATION values (1247, 'Burrington.Reads.WCR2.69', 18, 346802.13, 158439.44, 137.96);
insert into STATION_FLAG values(1247, 'fix');
insert into STATION values (1248, 'Burrington.Reads.WCR2.72', 18, 346801.22, 158438.45, 138.48);
insert into STATION_FLAG values(1248, 'fix');
insert into STATION values (1249, 'Burrington.Reads.WCR2.73', 18, 346801.16, 158436.18, 138.69);
insert into STATION_FLAG values(1249, 'fix');
insert into STATION values (1250, 'Burrington.Reads.WCR2.70', 18, 346801.22, 158439.90, 137.80);
insert into STATION_FLAG values(1250, 'fix');
insert into STATION values (1251, 'Burrington.Reads.WCR2.71', 18, 346800.18, 158439.90, 138.21);
insert into STATION_FLAG values(1251, 'fix');
insert into STATION values (1252, 'Burrington.Reads.WCR2.67', 18, 346803.69, 158435.74, 138.23);
insert into STATION_FLAG values(1252, 'fix');
insert into STATION values (1253, 'Burrington.Reads.WCR2.64', 18, 346805.52, 158438.32, 137.66);
insert into STATION_FLAG values(1253, 'fix');
insert into STATION values (1254, 'Burrington.Reads.WCR2.63', 18, 346807.72, 158438.08, 138.22);
insert into STATION_FLAG values(1254, 'fix');
insert into STATION values (1255, 'Burrington.Reads.WCR2.56', 18, 346808.83, 158436.96, 138.43);
insert into STATION_FLAG values(1255, 'fix');
insert into STATION values (1256, 'Burrington.Reads.WCR2.57', 18, 346810.61, 158438.46, 138.27);
insert into STATION_FLAG values(1256, 'fix');
insert into STATION values (1257, 'Burrington.Reads.WCR2.58', 18, 346810.67, 158439.30, 136.22);
insert into STATION_FLAG values(1257, 'fix');
insert into STATION values (1258, 'Burrington.Reads.WCR2.61', 18, 346810.13, 158439.70, 135.26);
insert into STATION_FLAG values(1258, 'fix');
insert into STATION values (1259, 'Burrington.Reads.WCR2.62', 18, 346807.98, 158440.46, 134.07);
insert into STATION_FLAG values(1259, 'fix');
insert into STATION values (1260, 'Burrington.Reads.WCR2.59', 18, 346810.29, 158441.01, 135.24);
insert into STATION_FLAG values(1260, 'fix');
insert into STATION values (1261, 'Burrington.Reads.WCR2.60', 18, 346812.27, 158441.38, 134.91);
insert into STATION_FLAG values(1261, 'fix');
insert into STATION values (1262, 'Burrington.Reads.WCR2.55', 18, 346809.21, 158437.81, 139.92);
insert into STATION_FLAG values(1262, 'fix');
insert into STATION values (1263, 'Burrington.Reads.WCR2.53', 18, 346809.14, 158437.62, 141.21);
insert into STATION_FLAG values(1263, 'fix');
insert into STATION values (1264, 'Burrington.Reads.WCR2.54', 18, 346808.32, 158440.53, 142.41);
insert into STATION_FLAG values(1264, 'fix');
insert into STATION values (1265, 'Burrington.Reads.WCR2.45', 18, 346809.41, 158441.66, 144.19);
insert into STATION_FLAG values(1265, 'fix');
insert into STATION values (1266, 'Burrington.Reads.JuncAlterRoute2.41', 18, 346804.36, 158442.50, 142.00);
insert into STATION_FLAG values(1266, 'fix');
insert into STATION values (1267, 'Burrington.Reads.JuncAlterRoute2.40', 18, 346804.88, 158441.63, 140.94);
insert into STATION_FLAG values(1267, 'fix');
insert into STATION values (1268, 'Burrington.Reads.JuncAlterRoute2.32', 18, 346804.32, 158442.04, 140.04);
insert into STATION_FLAG values(1268, 'fix');
insert into STATION values (1269, 'Burrington.Reads.JuncAlterRoute2.33', 18, 346804.87, 158443.20, 140.04);
insert into STATION_FLAG values(1269, 'fix');
insert into STATION values (1270, 'Burrington.Reads.JuncAlterRoute2.36', 18, 346805.24, 158444.31, 139.80);
insert into STATION_FLAG values(1270, 'fix');
insert into STATION values (1271, 'Burrington.Reads.JuncAlterRoute2.37', 18, 346805.54, 158445.62, 139.91);
insert into STATION_FLAG values(1271, 'fix');
insert into STATION values (1272, 'Burrington.Reads.JuncAlterRoute2.38', 18, 346805.99, 158446.89, 140.80);
insert into STATION_FLAG values(1272, 'fix');
insert into STATION values (1273, 'Burrington.Reads.JuncAlterRoute2.35', 18, 346807.03, 158442.52, 139.82);
insert into STATION_FLAG values(1273, 'fix');
insert into STATION values (1274, 'Burrington.Reads.JuncAlterRoute2.34', 18, 346802.77, 158444.20, 141.29);
insert into STATION_FLAG values(1274, 'fix');
insert into STATION values (1275, 'Burrington.Reads.JuncAlterRoute2.31', 18, 346805.33, 158441.17, 138.53);
insert into STATION_FLAG values(1275, 'fix');
insert into STATION values (1276, 'Burrington.Reads.JuncAlterRoute2.30', 18, 346806.24, 158440.20, 137.89);
insert into STATION_FLAG values(1276, 'fix');
insert into STATION values (1277, 'Burrington.Reads.JuncAlterRoute2.29', 18, 346805.80, 158440.35, 136.92);
insert into STATION_FLAG values(1277, 'fix');
insert into STATION values (1278, 'Burrington.Reads.JuncAlterRoute2.24', 18, 346806.10, 158440.99, 136.28);
insert into STATION_FLAG values(1278, 'fix');
insert into STATION values (1279, 'Burrington.Reads.JuncAlterRoute2.25', 18, 346805.32, 158440.39, 136.03);
insert into STATION_FLAG values(1279, 'fix');
insert into STATION values (1280, 'Burrington.Reads.JuncAlterRoute2.26', 18, 346805.57, 158439.14, 135.67);
insert into STATION_FLAG values(1280, 'fix');
insert into STATION values (1281, 'Burrington.Reads.JuncAlterRoute2.27', 18, 346806.49, 158438.28, 136.45);
insert into STATION_FLAG values(1281, 'fix');
insert into STATION values (1282, 'Burrington.Reads.JuncAlterRoute2.28', 18, 346805.68, 158438.36, 136.92);
insert into STATION_FLAG values(1282, 'fix');
insert into STATION values (1283, 'Burrington.Reads.JuncAlterRoute2.23', 18, 346806.36, 158441.18, 135.33);
insert into STATION_FLAG values(1283, 'fix');
insert into STATION values (1284, 'Burrington.Reads.JuncAlterRoute2.21', 18, 346807.53, 158441.12, 134.72);
insert into STATION_FLAG values(1284, 'fix');
insert into STATION values (1285, 'Burrington.Reads.JuncAlterRoute2.22', 18, 346809.72, 158439.78, 134.52);
insert into STATION_FLAG values(1285, 'fix');
insert into STATION values (1286, 'Burrington.Reads.JuncAlterRoute2.20', 18, 346807.52, 158440.36, 134.10);
insert into STATION_FLAG values(1286, 'fix');
insert into STATION values (1287, 'Burrington.Reads.JuncAlterRoute2.19', 18, 346806.39, 158440.75, 133.48);
insert into STATION_FLAG values(1287, 'fix');
insert into STATION values (1288, 'Burrington.Reads.JuncAlterRoute2.17', 18, 346806.69, 158441.79, 133.13);
insert into STATION_FLAG values(1288, 'fix');
insert into STATION values (1289, 'Burrington.Reads.JuncAlterRoute2.18', 18, 346807.35, 158444.31, 132.61);
insert into STATION_FLAG values(1289, 'fix');
insert into STATION values (1290, 'Burrington.Reads.JuncAlterRoute2.16', 18, 346805.66, 158441.94, 133.06);
insert into STATION_FLAG values(1290, 'fix');
insert into STATION values (1291, 'Burrington.Reads.JuncAlterRoute2.15', 18, 346804.25, 158443.68, 133.75);
insert into STATION_FLAG values(1291, 'fix');
insert into STATION values (1292, 'Burrington.Reads.JuncAlterRoute2.14', 18, 346803.25, 158443.61, 133.81);
insert into STATION_FLAG values(1292, 'fix');
insert into STATION values (1293, 'Burrington.Reads.JuncAlterRoute.13', 18, 346803.39, 158444.68, 132.71);
insert into STATION_FLAG values(1293, 'fix');
insert into STATION values (1294, 'Burrington.Reads.JuncAlterRoute.11', 18, 346803.26, 158444.75, 131.52);
insert into STATION_FLAG values(1294, 'fix');
insert into STATION values (1295, 'Burrington.Reads.JuncAlterRoute.12', 18, 346803.88, 158445.06, 130.33);
insert into STATION_FLAG values(1295, 'fix');
insert into STATION values (1296, 'Burrington.Reads.JuncAlterRoute.10', 18, 346802.75, 158443.16, 131.16);
insert into STATION_FLAG values(1296, 'fix');
insert into STATION values (1297, 'Burrington.Reads.JuncAlterRoute.9', 18, 346804.34, 158442.43, 130.59);
insert into STATION_FLAG values(1297, 'fix');
insert into STATION values (1298, 'Burrington.Reads.JuncAlterRoute.7', 18, 346804.34, 158443.42, 130.12);
insert into STATION_FLAG values(1298, 'fix');
insert into STATION values (1299, 'Burrington.Reads.JuncAlterRoute.8', 18, 346803.84, 158444.78, 130.42);
insert into STATION_FLAG values(1299, 'fix');
insert into STATION values (1300, 'Burrington.Reads.JuncAlterRoute.5', 18, 346803.79, 158444.33, 129.09);
insert into STATION_FLAG values(1300, 'fix');
insert into STATION values (1301, 'Burrington.Reads.JuncAlterRoute.6', 18, 346806.25, 158444.01, 128.97);
insert into STATION_FLAG values(1301, 'fix');
insert into STATION values (1302, 'Burrington.Reads.JuncAlterRoute.4', 18, 346802.27, 158444.71, 128.56);
insert into STATION_FLAG values(1302, 'fix');
insert into STATION values (1303, 'Burrington.Reads.JuncAlterRoute.3', 18, 346801.08, 158445.57, 128.60);
insert into STATION_FLAG values(1303, 'fix');
insert into STATION values (1304, 'Burrington.Reads.JuncAlterRoute.2', 18, 346800.71, 158446.64, 128.48);
insert into STATION_FLAG values(1304, 'fix');
insert into STATION values (1305, 'Burrington.Reads.JuncAlterRoute.1', 18, 346800.13, 158447.91, 127.53);
insert into STATION_FLAG values(1305, 'fix');
insert into STATION values (1306, 'Burrington.Reads.OffShoot3.53', 18, 346802.47, 158448.34, 126.37);
insert into STATION_FLAG values(1306, 'fix');
insert into STATION values (1307, 'Burrington.Reads.OffShoot3.52', 18, 346803.70, 158449.21, 126.97);
insert into STATION_FLAG values(1307, 'fix');
insert into STATION values (1308, 'Burrington.Reads.OffShoot3.51', 18, 346804.25, 158449.36, 128.48);
insert into STATION_FLAG values(1308, 'fix');
insert into STATION values (1309, 'Burrington.Reads.OffShoot3.50', 18, 346804.29, 158449.11, 130.36);
insert into STATION_FLAG values(1309, 'fix');
insert into STATION values (1310, 'Burrington.Reads.OffShoot3.49', 18, 346805.12, 158449.52, 130.72);
insert into STATION_FLAG values(1310, 'fix');
insert into STATION values (1311, 'Burrington.Reads.OffShoot3.48', 18, 346805.75, 158448.60, 131.90);
insert into STATION_FLAG values(1311, 'fix');
insert into STATION values (1312, 'Burrington.Reads.OffShoot3.27', 18, 346806.53, 158447.33, 132.80);
insert into STATION_FLAG values(1312, 'fix');
insert into STATION values (1313, 'Burrington.Reads.OffShoot3.28', 18, 346807.48, 158446.73, 130.89);
insert into STATION_FLAG values(1313, 'fix');
insert into STATION values (1314, 'Burrington.Reads.OffShoot3.29', 18, 346807.26, 158445.63, 130.22);
insert into STATION_FLAG values(1314, 'fix');
insert into STATION values (1315, 'Burrington.Reads.OffShoot3.30', 18, 346806.76, 158444.22, 131.03);
insert into STATION_FLAG values(1315, 'fix');
insert into STATION values (1316, 'Burrington.Reads.OffShoot3.31', 18, 346807.96, 158443.32, 131.10);
insert into STATION_FLAG values(1316, 'fix');
insert into STATION values (1317, 'Burrington.Reads.OffShoot3.32', 18, 346809.19, 158442.96, 130.69);
insert into STATION_FLAG values(1317, 'fix');
insert into STATION values (1318, 'Burrington.Reads.OffShoot3.33', 18, 346810.26, 158444.55, 129.35);
insert into STATION_FLAG values(1318, 'fix');
insert into STATION values (1319, 'Burrington.Reads.OffShoot3.34', 18, 346811.00, 158446.13, 129.39);
insert into STATION_FLAG values(1319, 'fix');
insert into STATION values (1320, 'Burrington.Reads.OffShoot3.35', 18, 346811.89, 158447.13, 129.55);
insert into STATION_FLAG values(1320, 'fix');
insert into STATION values (1321, 'Burrington.Reads.OffShoot3.36', 18, 346812.02, 158447.94, 128.66);
insert into STATION_FLAG values(1321, 'fix');
insert into STATION values (1322, 'Burrington.Reads.OffShoot3.37', 18, 346811.61, 158447.63, 127.86);
insert into STATION_FLAG values(1322, 'fix');
insert into STATION values (1323, 'Burrington.Reads.OffShoot3.38', 18, 346812.18, 158446.93, 127.60);
insert into STATION_FLAG values(1323, 'fix');
insert into STATION values (1324, 'Burrington.Reads.OffShoot3.39', 18, 346813.93, 158446.73, 128.00);
insert into STATION_FLAG values(1324, 'fix');
insert into STATION values (1325, 'Burrington.Reads.OffShoot3.40', 18, 346815.49, 158447.32, 127.37);
insert into STATION_FLAG values(1325, 'fix');
insert into STATION values (1326, 'Burrington.Reads.OffShoot3.41', 18, 346814.69, 158449.85, 127.33);
insert into STATION_FLAG values(1326, 'fix');
insert into STATION values (1327, 'Burrington.Reads.OffShoot3.44', 18, 346817.07, 158445.77, 131.25);
insert into STATION_FLAG values(1327, 'fix');
insert into STATION values (1328, 'Burrington.Reads.OffShoot3.45', 18, 346813.70, 158442.98, 133.70);
insert into STATION_FLAG values(1328, 'fix');
insert into STATION values (1329, 'Burrington.Reads.OffShoot3.46', 18, 346812.72, 158443.12, 133.58);
insert into STATION_FLAG values(1329, 'fix');
insert into STATION values (1330, 'Burrington.Reads.OffShoot3.47', 18, 346811.79, 158443.45, 132.47);
insert into STATION_FLAG values(1330, 'fix');
insert into STATION values (1331, 'Burrington.Reads.OffShoot3.42', 18, 346814.20, 158447.48, 125.93);
insert into STATION_FLAG values(1331, 'fix');
insert into STATION values (1332, 'Burrington.Reads.OffShoot3.43', 18, 346813.17, 158447.81, 122.23);
insert into STATION_FLAG values(1332, 'fix');
insert into STATION values (1333, 'Burrington.Reads.OffShoot3.26', 18, 346807.19, 158448.17, 133.46);
insert into STATION_FLAG values(1333, 'fix');
insert into STATION values (1334, 'Burrington.Reads.OffShoot3.19', 18, 346806.95, 158449.80, 133.85);
insert into STATION_FLAG values(1334, 'fix');
insert into STATION values (1335, 'Burrington.Reads.OffShoot2.17', 18, 346807.46, 158447.56, 135.12);
insert into STATION_FLAG values(1335, 'fix');
insert into STATION values (1336, 'Burrington.Reads.OffShoot2.18', 18, 346808.45, 158445.93, 136.69);
insert into STATION_FLAG values(1336, 'fix');
insert into STATION values (1337, 'Burrington.Reads.OffShoot2.19', 18, 346810.42, 158446.27, 137.55);
insert into STATION_FLAG values(1337, 'fix');
insert into STATION values (1338, 'Burrington.Reads.OffShoot2.15', 18, 346805.78, 158449.52, 134.45);
insert into STATION_FLAG values(1338, 'fix');
insert into STATION values (1339, 'Burrington.Reads.OffShoot2.13', 18, 346804.08, 158451.40, 133.73);
insert into STATION_FLAG values(1339, 'fix');
insert into STATION values (1340, 'Burrington.Reads.OffShoot2.14', 18, 346803.84, 158452.66, 133.72);
insert into STATION_FLAG values(1340, 'fix');
insert into STATION values (1341, 'Burrington.Reads.OffShoot2.12', 18, 346803.35, 158450.78, 133.42);
insert into STATION_FLAG values(1341, 'fix');
insert into STATION values (1342, 'Burrington.Reads.OffShoot2.11', 18, 346802.20, 158450.33, 134.44);
insert into STATION_FLAG values(1342, 'fix');
insert into STATION values (1343, 'Burrington.Reads.OffShoot2.10', 18, 346799.82, 158449.98, 134.64);
insert into STATION_FLAG values(1343, 'fix');
insert into STATION values (1344, 'Burrington.Reads.OffShoot.8', 18, 346798.87, 158450.67, 134.35);
insert into STATION_FLAG values(1344, 'fix');
insert into STATION values (1345, 'Burrington.Reads.OffShoot.9', 18, 346798.61, 158449.77, 134.59);
insert into STATION_FLAG values(1345, 'fix');
insert into STATION values (1346, 'Burrington.Reads.BoulderChamberRoute2.74', 18, 346798.34, 158449.17, 133.19);
insert into STATION_FLAG values(1346, 'fix');
insert into STATION values (1347, 'Burrington.Reads.BoulderChamberRoute2.73', 18, 346797.60, 158448.83, 132.59);
insert into STATION_FLAG values(1347, 'fix');
insert into STATION values (1348, 'Burrington.Reads.BoulderChamberRoute2.72', 18, 346797.67, 158448.77, 131.40);
insert into STATION_FLAG values(1348, 'fix');
insert into STATION values (1349, 'Burrington.Reads.BoulderChamberRoute2.71', 18, 346797.26, 158450.87, 131.25);
insert into STATION_FLAG values(1349, 'fix');
insert into STATION values (1350, 'Burrington.Reads.BoulderChamberRoute2.70', 18, 346795.64, 158449.78, 132.69);
insert into STATION_FLAG values(1350, 'fix');
insert into STATION values (1351, 'Burrington.Reads.BoulderChamberRoute2.69', 18, 346796.83, 158449.56, 133.01);
insert into STATION_FLAG values(1351, 'fix');
insert into STATION values (1352, 'Burrington.Reads.BoulderChamber.60', 18, 346794.30, 158452.16, 132.14);
insert into STATION_FLAG values(1352, 'fix');
insert into STATION values (1353, 'Burrington.Reads.BoulderChamber.59', 18, 346794.58, 158455.56, 132.64);
insert into STATION_FLAG values(1353, 'fix');
insert into STATION values (1354, 'Burrington.Reads.BoulderChamber.62', 18, 346791.66, 158458.00, 132.07);
insert into STATION_FLAG values(1354, 'fix');
insert into STATION values (1355, 'Burrington.Reads.BoulderChamber.63', 18, 346788.71, 158458.53, 133.18);
insert into STATION_FLAG values(1355, 'fix');
insert into STATION values (1356, 'Burrington.Reads.BoulderChamber.64', 18, 346787.80, 158459.84, 132.62);
insert into STATION_FLAG values(1356, 'fix');
insert into STATION values (1357, 'Burrington.Reads.BoulderChamber.65', 18, 346785.87, 158459.86, 131.79);
insert into STATION_FLAG values(1357, 'fix');
insert into STATION values (1358, 'Burrington.Reads.BoulderChamber.66', 18, 346783.69, 158460.71, 131.80);
insert into STATION_FLAG values(1358, 'fix');
insert into STATION values (1359, 'Burrington.Reads.BoulderChamber.67', 18, 346781.90, 158461.37, 131.23);
insert into STATION_FLAG values(1359, 'fix');
insert into STATION values (1360, 'Burrington.Reads.BoulderChamber.68', 18, 346779.26, 158461.96, 131.24);
insert into STATION_FLAG values(1360, 'fix');
insert into STATION values (1361, 'Burrington.Reads.BoulderChamber.58', 18, 346794.81, 158456.61, 134.08);
insert into STATION_FLAG values(1361, 'fix');
insert into STATION values (1362, 'Burrington.Reads.BoulderChamber.57', 18, 346793.41, 158457.08, 134.71);
insert into STATION_FLAG values(1362, 'fix');
insert into STATION values (1363, 'Burrington.Reads.BoulderChamber.56', 18, 346793.24, 158458.57, 135.94);
insert into STATION_FLAG values(1363, 'fix');
insert into STATION values (1364, 'Burrington.Reads.BoulderChamber.55', 18, 346795.17, 158457.21, 136.49);
insert into STATION_FLAG values(1364, 'fix');
insert into STATION values (1365, 'Burrington.Reads.Water.3.2', 18, 346797.63, 158456.58, 137.93);
insert into STATION_FLAG values(1365, 'fix');
insert into STATION values (1366, 'Burrington.Reads.Water.3.4', 18, 346794.85, 158457.48, 136.55);
insert into STATION_FLAG values(1366, 'fix');
insert into STATION values (1367, 'Burrington.Reads.Water.3.1', 18, 346800.46, 158454.33, 138.80);
insert into STATION_FLAG values(1367, 'fix');
insert into STATION values (1368, 'Burrington.Reads.Water.3.0', 18, 346802.50, 158456.94, 141.02);
insert into STATION_FLAG values(1368, 'fix');
insert into STATION values (1369, 'Burrington.Reads.OffShoot.1', 18, 346795.89, 158455.12, 136.61);
insert into STATION_FLAG values(1369, 'fix');
insert into STATION values (1370, 'Burrington.Reads.OffShoot.2', 18, 346797.11, 158453.34, 134.98);
insert into STATION_FLAG values(1370, 'fix');
insert into STATION values (1371, 'Burrington.Reads.OffShoot.3', 18, 346797.84, 158451.58, 135.79);
insert into STATION_FLAG values(1371, 'fix');
insert into STATION values (1372, 'Burrington.Reads.OffShoot.4', 18, 346799.52, 158450.36, 135.64);
insert into STATION_FLAG values(1372, 'fix');
insert into STATION values (1373, 'Burrington.Reads.OffShoot.5', 18, 346800.95, 158450.86, 137.06);
insert into STATION_FLAG values(1373, 'fix');
insert into STATION values (1374, 'Burrington.Reads.OffShoot.6', 18, 346802.20, 158448.42, 138.14);
insert into STATION_FLAG values(1374, 'fix');
insert into STATION values (1375, 'Burrington.Reads.OffShoot.7', 18, 346803.36, 158447.68, 137.93);
insert into STATION_FLAG values(1375, 'fix');
insert into STATION values (1376, 'Burrington.Reads.BoulderChamberRoute2.22', 18, 346799.05, 158448.13, 132.86);
insert into STATION_FLAG values(1376, 'fix');
insert into STATION values (1377, 'Burrington.Reads.BoulderChamberRoute2.24', 18, 346798.61, 158447.66, 133.97);
insert into STATION_FLAG values(1377, 'fix');
insert into STATION values (1378, 'Burrington.Reads.BoulderChamberRoute2.75', 18, 346798.38, 158446.57, 133.11);
insert into STATION_FLAG values(1378, 'fix');
insert into STATION values (1379, 'Burrington.Reads.BoulderChamberRoute2.77', 18, 346796.77, 158443.62, 133.38);
insert into STATION_FLAG values(1379, 'fix');
insert into STATION values (1380, 'Burrington.Reads.BoulderChamberRoute2.78', 18, 346799.71, 158443.89, 131.53);
insert into STATION_FLAG values(1380, 'fix');
insert into STATION values (1381, 'Burrington.Reads.BoulderChamberRoute2.79', 18, 346799.40, 158443.50, 130.96);
insert into STATION_FLAG values(1381, 'fix');
insert into STATION values (1382, 'Burrington.Reads.BoulderChamberRoute2.80', 18, 346798.87, 158443.18, 130.03);
insert into STATION_FLAG values(1382, 'fix');
insert into STATION values (1383, 'Burrington.Reads.BoulderChamberRoute2.81', 18, 346798.54, 158444.33, 128.86);
insert into STATION_FLAG values(1383, 'fix');
insert into STATION values (1384, 'Burrington.Reads.BoulderChamberRoute2.82', 18, 346798.17, 158444.55, 127.39);
insert into STATION_FLAG values(1384, 'fix');
insert into STATION values (1385, 'Burrington.Reads.BoulderChamberRoute2.83', 18, 346795.49, 158445.26, 127.32);
insert into STATION_FLAG values(1385, 'fix');
insert into STATION values (1386, 'Burrington.Reads.BoulderChamberRoute2.76', 18, 346800.98, 158444.87, 133.32);
insert into STATION_FLAG values(1386, 'fix');
insert into STATION values (1387, 'Burrington.Reads.BoulderChamberRoute2.23', 18, 346801.48, 158447.14, 132.37);
insert into STATION_FLAG values(1387, 'fix');
insert into STATION values (1388, 'Burrington.Reads.JunctionChamber.2', 18, 346802.57, 158448.83, 124.25);
insert into STATION_FLAG values(1388, 'fix');
insert into STATION values (1389, 'Burrington.Reads.JunctionChamber.3', 18, 346803.03, 158450.46, 123.00);
insert into STATION_FLAG values(1389, 'fix');
insert into STATION values (1390, 'Burrington.Reads.JunctionChamber.6', 18, 346804.86, 158450.71, 123.82);
insert into STATION_FLAG values(1390, 'fix');
insert into STATION values (1391, 'Burrington.Reads.JunctionChamber.7', 18, 346805.13, 158451.31, 123.69);
insert into STATION_FLAG values(1391, 'fix');
insert into STATION values (1392, 'Burrington.Reads.JunctionChamber.8', 18, 346806.11, 158451.48, 123.10);
insert into STATION_FLAG values(1392, 'fix');
insert into STATION values (1393, 'Burrington.Reads.JunctionChamber.9', 18, 346807.43, 158450.27, 121.92);
insert into STATION_FLAG values(1393, 'fix');
insert into STATION values (1394, 'Burrington.Reads.JunctionChamber.10', 18, 346808.63, 158450.00, 121.01);
insert into STATION_FLAG values(1394, 'fix');
insert into STATION values (1395, 'Burrington.Reads.JunctionChamber.11', 18, 346809.63, 158449.61, 121.02);
insert into STATION_FLAG values(1395, 'fix');
insert into STATION values (1396, 'Burrington.Reads.JunctionChamber.12', 18, 346810.48, 158449.19, 120.82);
insert into STATION_FLAG values(1396, 'fix');
insert into STATION values (1397, 'Burrington.Reads.JunctionChamber.13', 18, 346808.53, 158449.24, 120.12);
insert into STATION_FLAG values(1397, 'fix');
insert into STATION values (1398, 'Burrington.Reads.JunctionChamber.14', 18, 346807.90, 158448.58, 119.20);
insert into STATION_FLAG values(1398, 'fix');
insert into STATION values (1399, 'Burrington.Reads.BrowneStewart.15', 18, 346807.77, 158449.94, 117.82);
insert into STATION_FLAG values(1399, 'fix');
insert into STATION values (1400, 'Burrington.Reads.BrowneStewart.16', 18, 346808.34, 158450.08, 117.31);
insert into STATION_FLAG values(1400, 'fix');
insert into STATION values (1401, 'Burrington.Reads.BrowneStewart.17', 18, 346808.14, 158451.14, 116.77);
insert into STATION_FLAG values(1401, 'fix');
insert into STATION values (1402, 'Burrington.Reads.BrowneStewart.18', 18, 346806.99, 158451.19, 116.81);
insert into STATION_FLAG values(1402, 'fix');
insert into STATION values (1403, 'Burrington.Reads.BrowneStewart.20', 18, 346807.28, 158450.97, 115.24);
insert into STATION_FLAG values(1403, 'fix');
insert into STATION values (1404, 'Burrington.Reads.BrowneStewart.21', 18, 346808.29, 158451.59, 114.17);
insert into STATION_FLAG values(1404, 'fix');
insert into STATION values (1405, 'Burrington.Reads.BrownStuart.7.23', 18, 346808.96, 158451.06, 113.58);
insert into STATION_FLAG values(1405, 'fix');
insert into STATION values (1406, 'Burrington.Reads.BrownStuart.7.24', 18, 346808.10, 158450.69, 115.37);
insert into STATION_FLAG values(1406, 'fix');
insert into STATION values (1407, 'Burrington.Reads.LLAproach.8.0', 18, 346811.36, 158452.13, 111.53);
insert into STATION_FLAG values(1407, 'fix');
insert into STATION values (1408, 'Burrington.Reads.LLAproach.8.1', 18, 346810.98, 158453.05, 112.79);
insert into STATION_FLAG values(1408, 'fix');
insert into STATION values (1409, 'Burrington.Reads.LLAproach.8.13', 18, 346813.46, 158451.78, 112.82);
insert into STATION_FLAG values(1409, 'fix');
insert into STATION values (1410, 'Burrington.Reads.LLAproach.8.14', 18, 346815.18, 158451.98, 113.45);
insert into STATION_FLAG values(1410, 'fix');
insert into STATION values (1411, 'Burrington.Reads.LLAproach.8.17', 18, 346814.30, 158450.60, 112.54);
insert into STATION_FLAG values(1411, 'fix');
insert into STATION values (1412, 'Burrington.Reads.LLAproach.8.20', 18, 346815.37, 158448.65, 114.18);
insert into STATION_FLAG values(1412, 'fix');
insert into STATION values (1413, 'Burrington.Reads.LLAproach.8.21', 18, 346816.22, 158448.50, 110.86);
insert into STATION_FLAG values(1413, 'fix');
insert into STATION values (1414, 'Burrington.Reads.LLAproach.8.22', 18, 346816.24, 158449.34, 110.43);
insert into STATION_FLAG values(1414, 'fix');
insert into STATION values (1415, 'Burrington.Reads.BrownStuart.7.10', 18, 346815.20, 158448.43, 109.06);
insert into STATION_FLAG values(1415, 'fix');
insert into STATION values (1416, 'Burrington.Reads.BrownStuart.7.11', 18, 346813.60, 158449.82, 109.25);
insert into STATION_FLAG values(1416, 'fix');
insert into STATION values (1417, 'Burrington.Reads.LLAproach.8.19', 18, 346815.63, 158450.73, 110.00);
insert into STATION_FLAG values(1417, 'fix');
insert into STATION values (1418, 'Burrington.Reads.LLAproach.8.18', 18, 346815.40, 158451.64, 110.47);
insert into STATION_FLAG values(1418, 'fix');
insert into STATION values (1419, 'Burrington.Reads.BrownStuart.7.13', 18, 346814.61, 158451.85, 110.25);
insert into STATION_FLAG values(1419, 'fix');
insert into STATION values (1420, 'Burrington.Reads.BrownStuart.7.14', 18, 346813.18, 158453.14, 110.23);
insert into STATION_FLAG values(1420, 'fix');
insert into STATION values (1421, 'Burrington.Reads.BrownStuart.7.15', 18, 346807.89, 158454.43, 110.44);
insert into STATION_FLAG values(1421, 'fix');
insert into STATION values (1422, 'Burrington.Reads.BrownStuart.7.17', 18, 346802.23, 158455.28, 110.49);
insert into STATION_FLAG values(1422, 'fix');
insert into STATION values (1423, 'Burrington.Reads.BrownStuart.7.18', 18, 346798.15, 158456.93, 110.51);
insert into STATION_FLAG values(1423, 'fix');
insert into STATION values (1424, 'Burrington.Reads.BrownStuart.7.19', 18, 346795.02, 158457.47, 110.55);
insert into STATION_FLAG values(1424, 'fix');
insert into STATION values (1425, 'Burrington.Reads.BrownStuart.7.20', 18, 346793.00, 158458.38, 110.65);
insert into STATION_FLAG values(1425, 'fix');
insert into STATION values (1426, 'Burrington.Reads.BrownStuart.7.21', 18, 346792.03, 158458.18, 111.12);
insert into STATION_FLAG values(1426, 'fix');
insert into STATION values (1427, 'Burrington.Reads.BrownStuart.7.16', 18, 346806.99, 158452.19, 110.97);
insert into STATION_FLAG values(1427, 'fix');
insert into STATION values (1428, 'Burrington.Reads.BrownStuart.7.8', 18, 346819.95, 158446.86, 110.70);
insert into STATION_FLAG values(1428, 'fix');
insert into STATION values (1429, 'Burrington.Reads.BrownStuart.7.7', 18, 346822.69, 158446.60, 111.18);
insert into STATION_FLAG values(1429, 'fix');
insert into STATION values (1430, 'Burrington.Reads.BrownStuart.7.6', 18, 346820.67, 158445.61, 110.30);
insert into STATION_FLAG values(1430, 'fix');
insert into STATION values (1431, 'Burrington.Reads.BrownStuart.7.5', 18, 346820.75, 158445.91, 108.87);
insert into STATION_FLAG values(1431, 'fix');
insert into STATION values (1432, 'Burrington.Reads.BrownStuart.7.4', 18, 346822.42, 158448.59, 104.66);
insert into STATION_FLAG values(1432, 'fix');
insert into STATION values (1433, 'Burrington.Reads.BrownStuart.7.3', 18, 346821.35, 158450.44, 102.57);
insert into STATION_FLAG values(1433, 'fix');
insert into STATION values (1434, 'Burrington.Reads.BrownStuart.7.2', 18, 346819.70, 158451.86, 101.29);
insert into STATION_FLAG values(1434, 'fix');
insert into STATION values (1435, 'Burrington.Reads.BrownStuart.7.1', 18, 346822.12, 158452.51, 99.67);
insert into STATION_FLAG values(1435, 'fix');
insert into STATION values (1436, 'Burrington.Reads.SplashPot.6.41', 18, 346821.54, 158454.13, 99.17);
insert into STATION_FLAG values(1436, 'fix');
insert into STATION values (1437, 'Burrington.Reads.SplashPot.6.40', 18, 346821.02, 158455.14, 97.27);
insert into STATION_FLAG values(1437, 'fix');
insert into STATION values (1438, 'Burrington.Reads.SplashPot.6.39', 18, 346819.10, 158456.99, 95.88);
insert into STATION_FLAG values(1438, 'fix');
insert into STATION values (1439, 'Burrington.Reads.SplashPot.6.27', 18, 346818.95, 158459.77, 95.54);
insert into STATION_FLAG values(1439, 'fix');
insert into STATION values (1440, 'Burrington.Reads.SplashPot.6.28', 18, 346819.17, 158461.92, 94.81);
insert into STATION_FLAG values(1440, 'fix');
insert into STATION values (1441, 'Burrington.Reads.SplashPot.6.29', 18, 346819.40, 158464.35, 93.67);
insert into STATION_FLAG values(1441, 'fix');
insert into STATION values (1442, 'Burrington.Reads.SplashPot.6.30', 18, 346818.24, 158464.98, 93.47);
insert into STATION_FLAG values(1442, 'fix');
insert into STATION values (1443, 'Burrington.Reads.SplashPot.6.33', 18, 346817.01, 158465.42, 93.12);
insert into STATION_FLAG values(1443, 'fix');
insert into STATION values (1444, 'Burrington.Reads.SplashPot.6.36', 18, 346814.46, 158467.57, 92.15);
insert into STATION_FLAG values(1444, 'fix');
insert into STATION values (1445, 'Burrington.Reads.SplashPot.6.37', 18, 346810.14, 158468.85, 90.87);
insert into STATION_FLAG values(1445, 'fix');
insert into STATION values (1446, 'Burrington.Reads.SplashPot.6.38', 18, 346809.79, 158467.81, 89.40);
insert into STATION_FLAG values(1446, 'fix');
insert into STATION values (1447, 'Burrington.Reads.SplashPot.6.34', 18, 346815.38, 158462.65, 92.10);
insert into STATION_FLAG values(1447, 'fix');
insert into STATION values (1448, 'Burrington.Reads.SplashPot.6.35', 18, 346813.26, 158463.58, 92.04);
insert into STATION_FLAG values(1448, 'fix');
insert into STATION values (1449, 'Burrington.Reads.SplashPot.6.31', 18, 346817.96, 158466.36, 93.36);
insert into STATION_FLAG values(1449, 'fix');
insert into STATION values (1450, 'Burrington.Reads.SplashPot.6.32', 18, 346816.14, 158468.79, 91.93);
insert into STATION_FLAG values(1450, 'fix');
insert into STATION values (1451, 'Burrington.Reads.SplashPot.6.26', 18, 346821.32, 158458.32, 98.15);
insert into STATION_FLAG values(1451, 'fix');
insert into STATION values (1452, 'Burrington.Reads.SplashPot.6.25', 18, 346820.38, 158458.12, 98.29);
insert into STATION_FLAG values(1452, 'fix');
insert into STATION values (1453, 'Burrington.Reads.SplashPot.6.24', 18, 346818.50, 158456.01, 99.44);
insert into STATION_FLAG values(1453, 'fix');
insert into STATION values (1454, 'Burrington.Reads.SplashPot.6.21', 18, 346827.07, 158452.57, 100.15);
insert into STATION_FLAG values(1454, 'fix');
insert into STATION values (1455, 'Burrington.Reads.SplashPot.6.22', 18, 346825.70, 158449.76, 102.35);
insert into STATION_FLAG values(1455, 'fix');
insert into STATION values (1456, 'Burrington.Reads.MNRCSeries.6.43', 18, 346827.43, 158448.53, 103.41);
insert into STATION_FLAG values(1456, 'fix');
insert into STATION values (1457, 'Burrington.Reads.MNRCSeries.6.45', 18, 346828.74, 158447.34, 103.56);
insert into STATION_FLAG values(1457, 'fix');
insert into STATION values (1458, 'Burrington.Reads.MNRCSeries.6.46', 18, 346831.42, 158447.52, 104.12);
insert into STATION_FLAG values(1458, 'fix');
insert into STATION values (1459, 'Burrington.Reads.MNRCSeries.6.47', 18, 346830.95, 158444.63, 106.91);
insert into STATION_FLAG values(1459, 'fix');
insert into STATION values (1460, 'Burrington.Reads.MNRCSeries.6.56', 18, 346829.97, 158445.24, 106.15);
insert into STATION_FLAG values(1460, 'fix');
insert into STATION values (1461, 'Burrington.Reads.MNRCSeries.6.57', 18, 346829.37, 158443.89, 107.35);
insert into STATION_FLAG values(1461, 'fix');
insert into STATION values (1462, 'Burrington.Reads.MNRCSeries.6.59', 18, 346830.03, 158445.32, 108.27);
insert into STATION_FLAG values(1462, 'fix');
insert into STATION values (1463, 'Burrington.Reads.MNRCSeries.6.60', 18, 346828.99, 158445.10, 104.30);
insert into STATION_FLAG values(1463, 'fix');
insert into STATION values (1464, 'Burrington.Reads.MNRCSeries.6.58', 18, 346830.93, 158441.39, 108.67);
insert into STATION_FLAG values(1464, 'fix');
insert into STATION values (1465, 'Burrington.Reads.MNRCSeries.6.48', 18, 346835.31, 158444.53, 107.32);
insert into STATION_FLAG values(1465, 'fix');
insert into STATION values (1466, 'Burrington.Reads.MNRCSeries.6.49', 18, 346835.26, 158445.51, 108.90);
insert into STATION_FLAG values(1466, 'fix');
insert into STATION values (1467, 'Burrington.Reads.MNRCSeries.6.50', 18, 346835.36, 158446.04, 110.70);
insert into STATION_FLAG values(1467, 'fix');
insert into STATION values (1468, 'Burrington.Reads.MNRCSeries.6.51', 18, 346837.04, 158444.86, 112.20);
insert into STATION_FLAG values(1468, 'fix');
insert into STATION values (1469, 'Burrington.Reads.MNRCSeries.6.52', 18, 346837.79, 158442.97, 113.31);
insert into STATION_FLAG values(1469, 'fix');
insert into STATION values (1470, 'Burrington.Reads.MNRCSeries.6.53', 18, 346836.73, 158442.42, 113.91);
insert into STATION_FLAG values(1470, 'fix');
insert into STATION values (1471, 'Burrington.Reads.MNRCSeries.6.54', 18, 346836.19, 158440.85, 114.91);
insert into STATION_FLAG values(1471, 'fix');
insert into STATION values (1472, 'Burrington.Reads.MNRCSeries.6.55', 18, 346834.78, 158440.04, 115.60);
insert into STATION_FLAG values(1472, 'fix');
insert into STATION values (1473, 'Burrington.Reads.MNRCSeries.6.44', 18, 346829.09, 158445.40, 105.85);
insert into STATION_FLAG values(1473, 'fix');
insert into STATION values (1474, 'Burrington.Reads.SplashPot.6.18', 18, 346829.78, 158452.46, 100.82);
insert into STATION_FLAG values(1474, 'fix');
insert into STATION values (1475, 'Burrington.Reads.SplashPot.6.19', 18, 346829.03, 158449.64, 100.46);
insert into STATION_FLAG values(1475, 'fix');
insert into STATION values (1476, 'Burrington.Reads.SplashPot.6.20', 18, 346829.94, 158447.62, 101.61);
insert into STATION_FLAG values(1476, 'fix');
insert into STATION values (1477, 'Burrington.Reads.SplashPot.6.17', 18, 346832.35, 158450.30, 102.57);
insert into STATION_FLAG values(1477, 'fix');
insert into STATION values (1478, 'Burrington.Reads.SplashPot.6.16', 18, 346832.60, 158449.85, 102.73);
insert into STATION_FLAG values(1478, 'fix');
insert into STATION values (1479, 'Burrington.Reads.SplashPot.6.15', 18, 346834.12, 158449.32, 102.27);
insert into STATION_FLAG values(1479, 'fix');
insert into STATION values (1480, 'Burrington.Reads.SplashPot.6.14', 18, 346837.49, 158448.17, 102.63);
insert into STATION_FLAG values(1480, 'fix');
insert into STATION values (1481, 'Burrington.Reads.SplashPot.6.13', 18, 346838.35, 158449.46, 102.26);
insert into STATION_FLAG values(1481, 'fix');
insert into STATION values (1482, 'Burrington.Reads.SplashPot.6.12', 18, 346842.47, 158448.51, 102.41);
insert into STATION_FLAG values(1482, 'fix');
insert into STATION values (1483, 'Burrington.Reads.SplashPot.6.11', 18, 346845.58, 158447.71, 102.73);
insert into STATION_FLAG values(1483, 'fix');
insert into STATION values (1484, 'Burrington.Reads.SplashPot.6.10', 18, 346845.85, 158446.56, 102.59);
insert into STATION_FLAG values(1484, 'fix');
insert into STATION values (1485, 'Burrington.Reads.SplashPot.6.9', 18, 346845.99, 158445.19, 102.92);
insert into STATION_FLAG values(1485, 'fix');
insert into STATION values (1486, 'Burrington.Reads.SplashPot.6.8', 18, 346846.13, 158443.30, 105.35);
insert into STATION_FLAG values(1486, 'fix');
insert into STATION values (1487, 'Burrington.Reads.SplashPot.6.7', 18, 346843.24, 158444.28, 106.20);
insert into STATION_FLAG values(1487, 'fix');
insert into STATION values (1488, 'Burrington.Reads.SplashPot.6.6', 18, 346842.61, 158444.22, 106.56);
insert into STATION_FLAG values(1488, 'fix');
insert into STATION values (1489, 'Burrington.Reads.SplashPot.6.5', 18, 346841.63, 158441.97, 110.08);
insert into STATION_FLAG values(1489, 'fix');
insert into STATION values (1490, 'Burrington.Reads.SplashPot.6.4', 18, 346841.13, 158440.84, 112.57);
insert into STATION_FLAG values(1490, 'fix');
insert into STATION values (1491, 'Burrington.Reads.SplashPot.6.3', 18, 346841.27, 158439.97, 112.92);
insert into STATION_FLAG values(1491, 'fix');
insert into STATION values (1492, 'Burrington.Reads.SplashPot.6.2', 18, 346841.39, 158440.70, 113.07);
insert into STATION_FLAG values(1492, 'fix');
insert into STATION values (1493, 'Burrington.Reads.SplashPot.6.1', 18, 346842.96, 158439.70, 113.32);
insert into STATION_FLAG values(1493, 'fix');
insert into STATION values (1494, 'Burrington.Reads.ZAlley.5.15', 18, 346844.22, 158441.17, 114.50);
insert into STATION_FLAG values(1494, 'fix');
insert into STATION values (1495, 'Burrington.Reads.ZAlley.5.14', 18, 346845.14, 158439.37, 113.50);
insert into STATION_FLAG values(1495, 'fix');
insert into STATION values (1496, 'Burrington.Reads.ZAlley.5.13', 18, 346846.98, 158438.35, 114.23);
insert into STATION_FLAG values(1496, 'fix');
insert into STATION values (1497, 'Burrington.Reads.ZAlley.5.12', 18, 346845.85, 158438.34, 114.99);
insert into STATION_FLAG values(1497, 'fix');
insert into STATION values (1498, 'Burrington.Reads.ZAlley.5.11', 18, 346844.86, 158435.72, 116.51);
insert into STATION_FLAG values(1498, 'fix');
insert into STATION values (1499, 'Burrington.Reads.ZAlley.5.10', 18, 346846.61, 158435.71, 116.68);
insert into STATION_FLAG values(1499, 'fix');
insert into STATION values (1500, 'Burrington.Reads.ZAlley.5.9', 18, 346844.72, 158434.53, 117.95);
insert into STATION_FLAG values(1500, 'fix');
insert into STATION values (1501, 'Burrington.Reads.ZAlley.5.8', 18, 346847.53, 158433.39, 119.34);
insert into STATION_FLAG values(1501, 'fix');
insert into STATION values (1502, 'Burrington.Reads.ZAlley.5.6', 18, 346848.25, 158434.36, 119.63);
insert into STATION_FLAG values(1502, 'fix');
insert into STATION values (1503, 'Burrington.Reads.ZAlley.5.5', 18, 346848.34, 158434.31, 122.56);
insert into STATION_FLAG values(1503, 'fix');
insert into STATION values (1504, 'Burrington.Reads.ZAlley.5.7', 18, 346848.38, 158434.17, 123.45);
insert into STATION_FLAG values(1504, 'fix');
insert into STATION values (1505, 'Burrington.Reads.ZAlley.5.4', 18, 346847.31, 158433.30, 122.56);
insert into STATION_FLAG values(1505, 'fix');
insert into STATION values (1506, 'Burrington.Reads.ZAlley.5.3', 18, 346844.65, 158433.29, 123.41);
insert into STATION_FLAG values(1506, 'fix');
insert into STATION values (1507, 'Burrington.Reads.ZAlley.5.2', 18, 346843.32, 158433.64, 124.14);
insert into STATION_FLAG values(1507, 'fix');
insert into STATION values (1508, 'Burrington.Reads.ZAlley.5.1', 18, 346843.08, 158435.21, 126.41);
insert into STATION_FLAG values(1508, 'fix');
insert into STATION values (1509, 'Burrington.Reads.ZAlley.5.0', 18, 346843.52, 158436.64, 127.27);
insert into STATION_FLAG values(1509, 'fix');
insert into STATION values (1510, 'Burrington.Reads.UpperWaterfall.0', 18, 346844.04, 158438.70, 129.36);
insert into STATION_FLAG values(1510, 'fix');
insert into STATION values (1511, 'Burrington.Reads.UpperWaterfall.1', 18, 346843.12, 158437.49, 127.85);
insert into STATION_FLAG values(1511, 'fix');
insert into STATION values (1512, 'Burrington.Reads.UpperWaterfall.2', 18, 346842.39, 158438.11, 128.34);
insert into STATION_FLAG values(1512, 'fix');
insert into STATION values (1513, 'Burrington.Reads.UpperWaterfall.3', 18, 346841.58, 158437.90, 128.79);
insert into STATION_FLAG values(1513, 'fix');
insert into STATION values (1514, 'Burrington.Reads.UpperWaterfall.4', 18, 346839.67, 158437.81, 128.95);
insert into STATION_FLAG values(1514, 'fix');
insert into STATION values (1515, 'Burrington.Reads.UpperWaterfall.5', 18, 346837.55, 158437.07, 128.78);
insert into STATION_FLAG values(1515, 'fix');
insert into STATION values (1516, 'Burrington.Reads.UpperWaterfall.6', 18, 346835.81, 158438.27, 128.87);
insert into STATION_FLAG values(1516, 'fix');
insert into STATION values (1517, 'Burrington.Reads.UpperWaterfall2.14', 18, 346833.63, 158437.74, 130.71);
insert into STATION_FLAG values(1517, 'fix');
insert into STATION values (1518, 'Burrington.Reads.UpperWaterfall2.16', 18, 346833.13, 158436.73, 132.91);
insert into STATION_FLAG values(1518, 'fix');
insert into STATION values (1519, 'Burrington.Reads.UpperWaterfall2.18', 18, 346830.88, 158437.20, 133.85);
insert into STATION_FLAG values(1519, 'fix');
insert into STATION values (1520, 'Burrington.Reads.UpperWaterfall2.19', 18, 346830.33, 158437.39, 134.58);
insert into STATION_FLAG values(1520, 'fix');
insert into STATION values (1521, 'Burrington.Reads.UpperWaterfall2.20', 18, 346829.12, 158438.58, 135.26);
insert into STATION_FLAG values(1521, 'fix');
insert into STATION values (1522, 'Burrington.Reads.UpperWaterfall2.17', 18, 346835.53, 158438.66, 136.67);
insert into STATION_FLAG values(1522, 'fix');
insert into STATION values (1523, 'Burrington.Reads.UpperWaterfall2.15', 18, 346830.51, 158438.65, 131.64);
insert into STATION_FLAG values(1523, 'fix');
insert into STATION values (1524, 'Burrington.Reads.UpperWaterfall.7', 18, 346833.29, 158440.06, 128.73);
insert into STATION_FLAG values(1524, 'fix');
insert into STATION values (1525, 'Burrington.Reads.UpperWaterfall.8', 18, 346833.53, 158437.37, 127.54);
insert into STATION_FLAG values(1525, 'fix');
insert into STATION values (1526, 'Burrington.Reads.UpperWaterfall.9', 18, 346834.76, 158437.30, 126.66);
insert into STATION_FLAG values(1526, 'fix');
insert into STATION values (1527, 'Burrington.Reads.UpperWaterfall.10', 18, 346835.90, 158439.51, 124.83);
insert into STATION_FLAG values(1527, 'fix');
insert into STATION values (1528, 'Burrington.Reads.UpperWaterfall.11', 18, 346835.50, 158440.10, 123.52);
insert into STATION_FLAG values(1528, 'fix');
insert into STATION values (1529, 'Burrington.Reads.UpperWaterfall.12', 18, 346834.82, 158440.87, 123.13);
insert into STATION_FLAG values(1529, 'fix');
insert into STATION values (1530, 'Burrington.Reads.Pipe.4.20', 18, 346845.00, 158436.73, 130.99);
insert into STATION_FLAG values(1530, 'fix');
insert into STATION values (1531, 'Burrington.Reads.Pipe.4.21', 18, 346845.62, 158437.01, 132.34);
insert into STATION_FLAG values(1531, 'fix');
insert into STATION values (1532, 'Burrington.Reads.Pipe.4.17', 18, 346846.68, 158436.79, 133.38);
insert into STATION_FLAG values(1532, 'fix');
insert into STATION values (1533, 'Burrington.Reads.Pipe.4.18', 18, 346845.73, 158435.75, 132.58);
insert into STATION_FLAG values(1533, 'fix');
insert into STATION values (1534, 'Burrington.Reads.Pipe.4.19', 18, 346844.69, 158435.96, 132.31);
insert into STATION_FLAG values(1534, 'fix');
insert into STATION values (1535, 'Burrington.Reads.Pipe.4.10', 18, 346846.55, 158438.69, 132.07);
insert into STATION_FLAG values(1535, 'fix');
insert into STATION values (1536, 'Burrington.Reads.Pipe.4.11', 18, 346848.58, 158439.27, 130.80);
insert into STATION_FLAG values(1536, 'fix');
insert into STATION values (1537, 'Burrington.Reads.Pipe.4.12', 18, 346849.41, 158436.65, 130.56);
insert into STATION_FLAG values(1537, 'fix');
insert into STATION values (1538, 'Burrington.Reads.Pipe.4.13', 18, 346847.44, 158434.50, 131.04);
insert into STATION_FLAG values(1538, 'fix');
insert into STATION values (1539, 'Burrington.Reads.Pipe.4.14', 18, 346846.95, 158432.71, 130.10);
insert into STATION_FLAG values(1539, 'fix');
insert into STATION values (1540, 'Burrington.Reads.Pipe.4.15', 18, 346845.11, 158432.05, 130.81);
insert into STATION_FLAG values(1540, 'fix');
insert into STATION values (1541, 'Burrington.Reads.Pipe.4.9', 18, 346845.84, 158439.97, 133.98);
insert into STATION_FLAG values(1541, 'fix');
insert into STATION values (1542, 'Burrington.Reads.Pipe.4.8', 18, 346847.52, 158443.48, 132.81);
insert into STATION_FLAG values(1542, 'fix');
insert into STATION values (1543, 'Burrington.Reads.Pipe.4.7', 18, 346846.32, 158444.89, 132.92);
insert into STATION_FLAG values(1543, 'fix');
insert into STATION values (1544, 'Burrington.Reads.Pipe.4.6', 18, 346845.71, 158443.97, 133.75);
insert into STATION_FLAG values(1544, 'fix');
insert into STATION values (1545, 'Burrington.Reads.Pipe.4.5', 18, 346844.92, 158444.68, 133.82);
insert into STATION_FLAG values(1545, 'fix');
insert into STATION values (1546, 'Burrington.Reads.Pipe.4.2', 18, 346844.18, 158443.92, 135.79);
insert into STATION_FLAG values(1546, 'fix');
insert into STATION values (1547, 'Burrington.Reads.Pipe.4.3', 18, 346845.28, 158445.12, 134.89);
insert into STATION_FLAG values(1547, 'fix');
insert into STATION values (1548, 'Burrington.Reads.Pipe.4.4', 18, 346846.86, 158441.49, 136.34);
insert into STATION_FLAG values(1548, 'fix');
insert into STATION values (1549, 'Burrington.Reads.Pipe.4.1', 18, 346843.03, 158444.12, 136.87);
insert into STATION_FLAG values(1549, 'fix');
insert into STATION values (1550, 'Burrington.Reads.Pipe.4.0', 18, 346838.40, 158443.87, 140.73);
insert into STATION_FLAG values(1550, 'fix');
insert into STATION values (1551, 'Burrington.Reads.MainChamber.2.3', 18, 346831.76, 158445.64, 139.89);
insert into STATION_FLAG values(1551, 'fix');
insert into STATION values (1552, 'Burrington.Reads.MainChamber.2.4', 18, 346822.73, 158451.26, 139.23);
insert into STATION_FLAG values(1552, 'fix');
insert into STATION values (1553, 'Burrington.Reads.MainChamber.2.2', 18, 346844.24, 158436.61, 139.24);
insert into STATION_FLAG values(1553, 'fix');
insert into STATION values (1554, 'Burrington.Reads.MainChamber.2.0', 18, 346839.23, 158438.83, 141.74);
insert into STATION_FLAG values(1554, 'fix');
insert into STATION values (1555, 'Burrington.Reads.DryEnt.1.5', 18, 346839.70, 158439.57, 144.48);
insert into STATION_FLAG values(1555, 'fix');
insert into STATION values (1556, 'Burrington.Reads.DryEnt.1.4', 18, 346836.46, 158438.38, 146.80);
insert into STATION_FLAG values(1556, 'fix');
insert into STATION values (1557, 'Burrington.Reads.DryEnt.1.3', 18, 346836.00, 158435.71, 149.04);
insert into STATION_FLAG values(1557, 'fix');
insert into STATION values (1558, 'Burrington.Reads.DryEnt.1.2', 18, 346837.69, 158436.74, 149.48);
insert into STATION_FLAG values(1558, 'fix');
insert into STATION values (1559, 'Burrington.Reads.DryEnt.1.1', 18, 346837.88, 158435.89, 150.29);
insert into STATION_FLAG values(1559, 'fix');
insert into STATION values (1560, 'Burrington.Reads.DryEnt.1.0', 18, 346836.72, 158434.99, 152.10);
insert into STATION_FLAG values(1560, 'ent');
insert into STATION_FLAG values(1560, 'fix');
insert into STATION values (1561, 'Burrington.Reads.Grotto.121', 18, 346843.52, 158436.31, 139.62);
insert into STATION_FLAG values(1561, 'fix');
insert into STATION values (1562, 'Burrington.Reads.Grotto.120', 18, 346844.84, 158437.36, 138.48);
insert into STATION_FLAG values(1562, 'fix');
insert into STATION values (1563, 'Burrington.Reads.Grotto.119', 18, 346845.50, 158436.08, 137.02);
insert into STATION_FLAG values(1563, 'fix');
insert into STATION values (1564, 'Burrington.Reads.Grotto.118', 18, 346847.34, 158434.55, 136.94);
insert into STATION_FLAG values(1564, 'fix');
insert into STATION values (1565, 'Burrington.Reads.Grotto.117', 18, 346847.15, 158433.48, 136.96);
insert into STATION_FLAG values(1565, 'fix');
insert into STATION values (1566, 'Burrington.Reads.Grotto.94', 18, 346848.68, 158431.12, 138.67);
insert into STATION_FLAG values(1566, 'fix');
insert into STATION values (1567, 'Burrington.Reads.Grotto.116', 18, 346847.81, 158429.03, 140.32);
insert into STATION_FLAG values(1567, 'fix');
insert into STATION values (1568, 'Burrington.Reads.Grotto.115', 18, 346846.80, 158428.13, 139.86);
insert into STATION_FLAG values(1568, 'fix');
insert into STATION values (1569, 'Burrington.Reads.Grotto.111', 18, 346847.11, 158427.05, 138.15);
insert into STATION_FLAG values(1569, 'fix');
insert into STATION values (1570, 'Burrington.Reads.Grotto.112', 18, 346846.12, 158427.06, 138.18);
insert into STATION_FLAG values(1570, 'fix');
insert into STATION values (1571, 'Burrington.Reads.Grotto.113', 18, 346844.76, 158427.68, 136.93);
insert into STATION_FLAG values(1571, 'fix');
insert into STATION values (1572, 'Burrington.Reads.Grotto.114', 18, 346841.59, 158427.73, 136.78);
insert into STATION_FLAG values(1572, 'fix');
insert into STATION values (1573, 'Burrington.Reads.Grotto.110', 18, 346847.91, 158425.14, 139.04);
insert into STATION_FLAG values(1573, 'fix');
insert into STATION values (1574, 'Burrington.Reads.Grotto.109', 18, 346847.31, 158424.65, 140.00);
insert into STATION_FLAG values(1574, 'fix');
insert into STATION values (1575, 'Burrington.Reads.Grotto.107', 18, 346845.93, 158425.81, 141.62);
insert into STATION_FLAG values(1575, 'fix');
insert into STATION values (1576, 'Burrington.Reads.Grotto.108', 18, 346843.34, 158426.11, 141.02);
insert into STATION_FLAG values(1576, 'fix');
insert into STATION values (1577, 'Burrington.Reads.Grotto.106', 18, 346846.06, 158424.57, 143.42);
insert into STATION_FLAG values(1577, 'fix');
insert into STATION values (1578, 'Burrington.Reads.Grotto.105', 18, 346846.96, 158425.93, 143.17);
insert into STATION_FLAG values(1578, 'fix');
insert into STATION values (1579, 'Burrington.Reads.Grotto.100', 18, 346846.05, 158427.74, 143.33);
insert into STATION_FLAG values(1579, 'fix');
insert into STATION values (1580, 'Burrington.Reads.Grotto.101', 18, 346845.90, 158427.60, 144.18);
insert into STATION_FLAG values(1580, 'fix');
insert into STATION values (1581, 'Burrington.Reads.Grotto.102', 18, 346844.79, 158427.29, 145.25);
insert into STATION_FLAG values(1581, 'fix');
insert into STATION values (1582, 'Burrington.Reads.Grotto.103', 18, 346843.42, 158426.04, 147.82);
insert into STATION_FLAG values(1582, 'fix');
insert into STATION values (1583, 'Burrington.Reads.Grotto.104', 18, 346842.48, 158423.49, 148.34);
insert into STATION_FLAG values(1583, 'fix');
insert into STATION values (1584, 'Burrington.Reads.Grotto.96', 18, 346846.30, 158429.47, 142.58);
insert into STATION_FLAG values(1584, 'fix');
insert into STATION values (1585, 'Burrington.Reads.Grotto.97', 18, 346846.80, 158430.39, 142.91);
insert into STATION_FLAG values(1585, 'fix');
insert into STATION values (1586, 'Burrington.Reads.Grotto.98', 18, 346846.66, 158431.74, 142.19);
insert into STATION_FLAG values(1586, 'fix');
insert into STATION values (1587, 'Burrington.Reads.Grotto.99', 18, 346845.47, 158431.50, 141.39);
insert into STATION_FLAG values(1587, 'fix');
insert into STATION values (1588, 'Burrington.Reads.Grotto.93', 18, 346847.09, 158433.75, 139.11);
insert into STATION_FLAG values(1588, 'fix');
insert into STATION values (1589, 'Burrington.Reads.Grotto.92', 18, 346845.48, 158433.90, 138.98);
insert into STATION_FLAG values(1589, 'fix');
insert into STATION values (1590, 'Burrington.Reads.Grotto.87', 18, 346844.45, 158435.08, 139.07);
insert into STATION_FLAG values(1590, 'fix');
insert into STATION values (1591, 'Burrington.Reads.Grotto.88', 18, 346843.84, 158434.18, 139.39);
insert into STATION_FLAG values(1591, 'fix');
insert into STATION values (1592, 'Burrington.Reads.Grotto.89', 18, 346843.54, 158434.26, 140.76);
insert into STATION_FLAG values(1592, 'fix');
insert into STATION values (1593, 'Burrington.Reads.Grotto.90', 18, 346844.21, 158432.57, 140.82);
insert into STATION_FLAG values(1593, 'fix');
insert into STATION values (1594, 'Burrington.Reads.Grotto.91', 18, 346845.52, 158431.50, 141.37);
insert into STATION_FLAG values(1594, 'fix');
insert into STATION values (1595, 'Burrington.Reads.Maze.12', 18, 346844.65, 158433.55, 118.23);
insert into STATION_FLAG values(1595, 'fix');
insert into STATION values (1596, 'Burrington.Reads.Maze.11', 18, 346845.48, 158433.60, 119.96);
insert into STATION_FLAG values(1596, 'fix');
insert into STATION values (1597, 'Burrington.Reads.Maze.10', 18, 346844.52, 158433.12, 120.21);
insert into STATION_FLAG values(1597, 'fix');
insert into STATION values (1598, 'Burrington.Reads.Maze.3', 18, 346842.37, 158431.89, 119.22);
insert into STATION_FLAG values(1598, 'fix');
insert into STATION values (1599, 'Burrington.Reads.Maze.4', 18, 346843.42, 158432.65, 120.54);
insert into STATION_FLAG values(1599, 'fix');
insert into STATION values (1600, 'Burrington.Reads.Maze.6', 18, 346841.37, 158433.44, 121.13);
insert into STATION_FLAG values(1600, 'fix');
insert into STATION values (1601, 'Burrington.Reads.Maze.7', 18, 346840.65, 158433.74, 121.84);
insert into STATION_FLAG values(1601, 'fix');
insert into STATION values (1602, 'Burrington.Reads.Maze.8', 18, 346839.69, 158433.27, 122.26);
insert into STATION_FLAG values(1602, 'fix');
insert into STATION values (1603, 'Burrington.Reads.Maze.9', 18, 346837.83, 158434.02, 124.85);
insert into STATION_FLAG values(1603, 'fix');
insert into STATION values (1604, 'Burrington.Reads.Maze.5', 18, 346845.21, 158431.18, 121.48);
insert into STATION_FLAG values(1604, 'fix');
insert into STATION values (1605, 'Burrington.Reads.Maze.2', 18, 346843.97, 158432.60, 118.14);
insert into STATION_FLAG values(1605, 'fix');
insert into STATION values (1606, 'Burrington.Reads.WaterfallChamber.2', 18, 346846.98, 158434.56, 116.27);
insert into STATION_FLAG values(1606, 'fix');
insert into STATION values (1607, 'Burrington.Reads.WaterfallChamber.3', 18, 346849.56, 158432.98, 114.76);
insert into STATION_FLAG values(1607, 'fix');
insert into STATION values (1608, 'Burrington.Reads.WaterfallChamber.4', 18, 346849.90, 158432.59, 113.14);
insert into STATION_FLAG values(1608, 'fix');
insert into STATION values (1609, 'Burrington.Reads.WaterfallChamber.6', 18, 346851.08, 158432.44, 112.72);
insert into STATION_FLAG values(1609, 'fix');
insert into STATION values (1610, 'Burrington.Reads.WaterfallChamber.7', 18, 346851.81, 158431.67, 112.61);
insert into STATION_FLAG values(1610, 'fix');
insert into STATION values (1611, 'Burrington.Reads.WaterfallChamber.8', 18, 346852.82, 158432.14, 112.06);
insert into STATION_FLAG values(1611, 'fix');
insert into STATION values (1612, 'Burrington.Reads.WaterfallChamber.9', 18, 346853.61, 158433.48, 110.37);
insert into STATION_FLAG values(1612, 'fix');
insert into STATION values (1613, 'Burrington.Reads.WaterfallChamber.10', 18, 346852.84, 158434.50, 109.65);
insert into STATION_FLAG values(1613, 'fix');
insert into STATION values (1614, 'Burrington.Reads.WaterfallChamber.5', 18, 346848.69, 158434.80, 110.70);
insert into STATION_FLAG values(1614, 'fix');
insert into STATION values (1615, 'Burrington.Reads.LowerMaze.1', 18, 346845.08, 158435.78, 115.98);
insert into STATION_FLAG values(1615, 'fix');
insert into STATION values (1616, 'Burrington.Reads.LowerMaze.2', 18, 346844.21, 158433.45, 116.19);
insert into STATION_FLAG values(1616, 'fix');
insert into STATION values (1617, 'Burrington.Reads.LowerMaze.3', 18, 346842.95, 158434.06, 116.08);
insert into STATION_FLAG values(1617, 'fix');
insert into STATION values (1618, 'Burrington.Reads.LowerMaze.4', 18, 346841.94, 158433.52, 115.57);
insert into STATION_FLAG values(1618, 'fix');
insert into STATION values (1619, 'Burrington.Reads.LowerMaze.5', 18, 346840.53, 158434.05, 115.92);
insert into STATION_FLAG values(1619, 'fix');
insert into STATION values (1620, 'Burrington.Reads.LowerMaze.6', 18, 346839.34, 158434.41, 116.61);
insert into STATION_FLAG values(1620, 'fix');
insert into STATION values (1621, 'Burrington.Reads.LowerMaze.7', 18, 346838.02, 158434.69, 116.35);
insert into STATION_FLAG values(1621, 'fix');
insert into STATION values (1622, 'Burrington.Reads.LowerMaze.11', 18, 346835.89, 158433.08, 116.13);
insert into STATION_FLAG values(1622, 'fix');
insert into STATION values (1623, 'Burrington.Reads.LowerMaze.12', 18, 346836.09, 158431.71, 117.15);
insert into STATION_FLAG values(1623, 'fix');
insert into STATION values (1624, 'Burrington.Reads.LowerMaze.14', 18, 346835.44, 158430.41, 118.18);
insert into STATION_FLAG values(1624, 'fix');
insert into STATION values (1625, 'Burrington.Reads.LowerMaze.15', 18, 346833.90, 158431.13, 118.59);
insert into STATION_FLAG values(1625, 'fix');
insert into STATION values (1626, 'Burrington.Reads.LowerMaze.17', 18, 346833.78, 158432.47, 119.61);
insert into STATION_FLAG values(1626, 'fix');
insert into STATION values (1627, 'Burrington.Reads.LowerMaze.18', 18, 346832.54, 158435.69, 119.95);
insert into STATION_FLAG values(1627, 'fix');
insert into STATION values (1628, 'Burrington.Reads.DeathWish.15', 18, 346831.54, 158435.06, 120.35);
insert into STATION_FLAG values(1628, 'fix');
insert into STATION values (1629, 'Burrington.Reads.DeathWish.14', 18, 346831.18, 158436.86, 120.52);
insert into STATION_FLAG values(1629, 'fix');
insert into STATION values (1630, 'Burrington.Reads.DeathWish.13', 18, 346831.48, 158436.85, 118.85);
insert into STATION_FLAG values(1630, 'fix');
insert into STATION values (1631, 'Burrington.Reads.DeathWish.11', 18, 346830.58, 158438.04, 118.69);
insert into STATION_FLAG values(1631, 'fix');
insert into STATION values (1632, 'Burrington.Reads.DeathWish.12', 18, 346832.69, 158439.86, 120.98);
insert into STATION_FLAG values(1632, 'fix');
insert into STATION values (1633, 'Burrington.Reads.DeathWish.32783.65535', 18, 346828.67, 158436.62, 116.97);
insert into STATION_FLAG values(1633, 'fix');
insert into STATION values (1634, 'Burrington.Reads.DeathWish.6', 18, 346830.17, 158438.96, 115.29);
insert into STATION_FLAG values(1634, 'fix');
insert into STATION values (1635, 'Burrington.Reads.DeathWish.7', 18, 346829.96, 158438.26, 112.51);
insert into STATION_FLAG values(1635, 'fix');
insert into STATION values (1636, 'Burrington.Reads.DeathWish.8', 18, 346826.68, 158439.40, 113.52);
insert into STATION_FLAG values(1636, 'fix');
insert into STATION values (1637, 'Burrington.Reads.DeathWish.10', 18, 346825.20, 158436.89, 117.50);
insert into STATION_FLAG values(1637, 'fix');
insert into STATION values (1638, 'Burrington.Reads.DeathWish.9', 18, 346827.12, 158440.70, 118.17);
insert into STATION_FLAG values(1638, 'fix');
insert into STATION values (1639, 'Burrington.Reads.DeathWish.3', 18, 346826.24, 158436.21, 119.93);
insert into STATION_FLAG values(1639, 'fix');
insert into STATION values (1640, 'Burrington.Reads.DeathWish.4', 18, 346823.69, 158436.81, 122.38);
insert into STATION_FLAG values(1640, 'fix');
insert into STATION values (1641, 'Burrington.Reads.DeathWish.2', 18, 346829.41, 158436.22, 120.88);
insert into STATION_FLAG values(1641, 'fix');
insert into STATION values (1642, 'Burrington.Reads.DeathWish.1', 18, 346830.33, 158434.85, 120.48);
insert into STATION_FLAG values(1642, 'fix');
insert into STATION values (1643, 'Burrington.Reads.LowerMaze.16', 18, 346834.61, 158429.73, 121.66);
insert into STATION_FLAG values(1643, 'fix');
insert into STATION values (1644, 'Burrington.Reads.LastSurveyingChamber.19', 18, 346834.09, 158430.08, 119.82);
insert into STATION_FLAG values(1644, 'fix');
insert into STATION values (1645, 'Burrington.Reads.LastSurveyingChamber.20', 18, 346834.39, 158427.55, 120.27);
insert into STATION_FLAG values(1645, 'fix');
insert into STATION values (1646, 'Burrington.Reads.LastSurveyingChamber.21', 18, 346836.63, 158427.31, 121.89);
insert into STATION_FLAG values(1646, 'fix');
insert into STATION values (1647, 'Burrington.Reads.LowerMaze.13', 18, 346837.96, 158430.02, 119.55);
insert into STATION_FLAG values(1647, 'fix');
insert into STATION values (1648, 'Burrington.Reads.LowerMaze.8', 18, 346837.40, 158436.42, 116.27);
insert into STATION_FLAG values(1648, 'fix');
insert into STATION values (1649, 'Burrington.Reads.LowerMaze.9', 18, 346838.37, 158438.18, 116.02);
insert into STATION_FLAG values(1649, 'fix');
insert into STATION values (1650, 'Burrington.Reads.LowerMaze.10', 18, 346839.06, 158439.20, 116.60);
insert into STATION_FLAG values(1650, 'fix');
insert into STATION values (1651, 'Burrington.Reads.BrownStain.8.45', 18, 346813.69, 158446.69, 115.12);
insert into STATION_FLAG values(1651, 'fix');
insert into STATION values (1652, 'Burrington.Reads.BrownStain.8.46', 18, 346815.81, 158445.96, 116.58);
insert into STATION_FLAG values(1652, 'fix');
insert into STATION values (1653, 'Burrington.Reads.BrownStain.8.47', 18, 346816.32, 158446.29, 117.62);
insert into STATION_FLAG values(1653, 'fix');
insert into STATION values (1654, 'Burrington.Reads.BrownStain.8.49', 18, 346813.86, 158444.42, 119.19);
insert into STATION_FLAG values(1654, 'fix');
insert into STATION values (1655, 'Burrington.Reads.BrownStain.8.48', 18, 346816.93, 158446.99, 120.33);
insert into STATION_FLAG values(1655, 'fix');
insert into STATION values (1656, 'Burrington.Reads.BrownStain.8.38', 18, 346814.07, 158449.58, 113.11);
insert into STATION_FLAG values(1656, 'fix');
insert into STATION values (1657, 'Burrington.Reads.BrownStain.8.39', 18, 346812.58, 158449.71, 112.35);
insert into STATION_FLAG values(1657, 'fix');
insert into STATION values (1658, 'Burrington.Reads.BrownStain.8.40', 18, 346811.00, 158448.87, 111.12);
insert into STATION_FLAG values(1658, 'fix');
insert into STATION values (1659, 'Burrington.Reads.BrownStain.8.41', 18, 346812.20, 158450.04, 108.46);
insert into STATION_FLAG values(1659, 'fix');
insert into STATION values (1660, 'Burrington.Reads.SudoLinkTube.8.30', 18, 346815.42, 158451.74, 114.84);
insert into STATION_FLAG values(1660, 'fix');
insert into STATION values (1661, 'Burrington.Reads.SudoLinkTube.8.31', 18, 346818.22, 158450.69, 115.43);
insert into STATION_FLAG values(1661, 'fix');
insert into STATION values (1662, 'Burrington.Reads.SudoLinkTube.8.32', 18, 346820.37, 158450.33, 115.27);
insert into STATION_FLAG values(1662, 'fix');
insert into STATION values (1663, 'Burrington.Reads.SudoLinkTube.8.33', 18, 346822.47, 158448.90, 115.58);
insert into STATION_FLAG values(1663, 'fix');
insert into STATION values (1664, 'Burrington.Reads.SudoLinkTube.8.34', 18, 346823.57, 158448.45, 115.33);
insert into STATION_FLAG values(1664, 'fix');
insert into STATION values (1665, 'Burrington.Reads.SudoLinkTube.8.36', 18, 346824.23, 158449.74, 116.02);
insert into STATION_FLAG values(1665, 'fix');
insert into STATION values (1666, 'Burrington.Reads.SudoLinkTube.8.35', 18, 346822.90, 158447.83, 115.58);
insert into STATION_FLAG values(1666, 'fix');
insert into STATION values (1667, 'Burrington.Reads.LLAproach.8.2', 18, 346807.95, 158453.37, 112.78);
insert into STATION_FLAG values(1667, 'fix');
insert into STATION values (1668, 'Burrington.Reads.LLAproach.8.3', 18, 346806.55, 158453.89, 112.94);
insert into STATION_FLAG values(1668, 'fix');
insert into STATION values (1669, 'Burrington.Reads.LLAproach.8.5', 18, 346805.42, 158454.74, 113.62);
insert into STATION_FLAG values(1669, 'fix');
insert into STATION values (1670, 'Burrington.Reads.LLAproach.8.6', 18, 346803.29, 158455.18, 113.55);
insert into STATION_FLAG values(1670, 'fix');
insert into STATION values (1671, 'Burrington.Reads.LLAproach.8.7', 18, 346802.59, 158455.69, 113.50);
insert into STATION_FLAG values(1671, 'fix');
insert into STATION values (1672, 'Burrington.Reads.LLAproach.8.8', 18, 346798.52, 158456.27, 114.17);
insert into STATION_FLAG values(1672, 'fix');
insert into STATION values (1673, 'Burrington.Reads.LLAproach.8.9', 18, 346796.91, 158456.04, 114.73);
insert into STATION_FLAG values(1673, 'fix');
insert into STATION values (1674, 'Burrington.Reads.LLAproach.8.10', 18, 346795.47, 158456.44, 114.87);
insert into STATION_FLAG values(1674, 'fix');
insert into STATION values (1675, 'Burrington.Reads.LLAproach.8.11', 18, 346793.15, 158456.93, 114.74);
insert into STATION_FLAG values(1675, 'fix');
insert into STATION values (1676, 'Burrington.Reads.LlExtension.8.23', 18, 346792.83, 158457.07, 114.92);
insert into STATION_FLAG values(1676, 'fix');
insert into STATION values (1677, 'Burrington.Reads.LlExtension.8.24', 18, 346794.02, 158457.14, 115.08);
insert into STATION_FLAG values(1677, 'fix');
insert into STATION values (1678, 'Burrington.Reads.LlExtension.8.25', 18, 346792.88, 158457.63, 115.53);
insert into STATION_FLAG values(1678, 'fix');
insert into STATION values (1679, 'Burrington.Reads.LlExtension.8.26', 18, 346791.33, 158458.02, 116.13);
insert into STATION_FLAG values(1679, 'fix');
insert into STATION values (1680, 'Burrington.Reads.LlExtension.8.27', 18, 346788.66, 158458.04, 116.15);
insert into STATION_FLAG values(1680, 'fix');
insert into STATION values (1681, 'Burrington.Reads.LlExtension.8.28', 18, 346788.51, 158458.61, 115.90);
insert into STATION_FLAG values(1681, 'fix');
insert into STATION values (1682, 'Burrington.Reads.LlExtension.8.29', 18, 346787.28, 158459.30, 115.68);
insert into STATION_FLAG values(1682, 'fix');
insert into STATION values (1683, 'Burrington.Reads.LADSLuck.9.3', 18, 346792.49, 158456.02, 114.06);
insert into STATION_FLAG values(1683, 'fix');
insert into STATION values (1684, 'Burrington.Reads.LADSLuck.9.4', 18, 346791.01, 158455.39, 113.04);
insert into STATION_FLAG values(1684, 'fix');
insert into STATION values (1685, 'Burrington.Reads.LADSLuck.9.16', 18, 346788.21, 158457.96, 105.95);
insert into STATION_FLAG values(1685, 'fix');
insert into STATION values (1686, 'Burrington.Reads.LADSLuck.9.13', 18, 346786.86, 158457.09, 105.95);
insert into STATION_FLAG values(1686, 'fix');
insert into STATION values (1687, 'Burrington.Reads.LADSLuck.9.14', 18, 346789.06, 158455.76, 105.89);
insert into STATION_FLAG values(1687, 'fix');
insert into STATION values (1688, 'Burrington.Reads.LADSLuck.9.17', 18, 346792.29, 158455.00, 105.92);
insert into STATION_FLAG values(1688, 'fix');
insert into STATION values (1689, 'Burrington.Reads.LADSLuck.9.18', 18, 346793.87, 158454.36, 105.83);
insert into STATION_FLAG values(1689, 'fix');
insert into STATION values (1690, 'Burrington.Reads.LADSLuck.9.22', 18, 346795.56, 158454.21, 105.95);
insert into STATION_FLAG values(1690, 'fix');
insert into STATION values (1691, 'Burrington.Reads.LADSLuck.9.23', 18, 346797.51, 158453.57, 106.10);
insert into STATION_FLAG values(1691, 'fix');
insert into STATION values (1692, 'Burrington.Reads.LADSLuck.9.24', 18, 346799.23, 158452.75, 106.21);
insert into STATION_FLAG values(1692, 'fix');
insert into STATION values (1693, 'Burrington.Reads.LADSLuck.9.25', 18, 346801.56, 158452.61, 106.28);
insert into STATION_FLAG values(1693, 'fix');
insert into STATION values (1694, 'Burrington.Reads.LADSLuck.9.19', 18, 346793.88, 158455.82, 106.44);
insert into STATION_FLAG values(1694, 'fix');
insert into STATION values (1695, 'Burrington.Reads.LADSLuck.9.21', 18, 346792.64, 158456.13, 106.81);
insert into STATION_FLAG values(1695, 'fix');
insert into STATION values (1696, 'Burrington.Reads.LADSLuck.9.20', 18, 346796.00, 158454.84, 106.85);
insert into STATION_FLAG values(1696, 'fix');
insert into STATION values (1697, 'Burrington.Reads.LADSLuck.9.12', 18, 346786.14, 158457.93, 105.45);
insert into STATION_FLAG values(1697, 'fix');
insert into STATION values (1698, 'Burrington.Reads.LADSLuck.9.11', 18, 346782.74, 158459.07, 103.24);
insert into STATION_FLAG values(1698, 'fix');
insert into STATION values (1699, 'Burrington.Reads.LADSLuck.9.26', 18, 346778.13, 158461.47, 102.04);
insert into STATION_FLAG values(1699, 'fix');
insert into STATION values (1700, 'Burrington.Reads.LADSLuck.9.27', 18, 346778.17, 158462.89, 102.33);
insert into STATION_FLAG values(1700, 'fix');
insert into STATION values (1701, 'Burrington.Reads.LADSLuck.9.30', 18, 346776.77, 158462.74, 100.19);
insert into STATION_FLAG values(1701, 'fix');
insert into STATION values (1702, 'Burrington.Reads.LADSLuck.9.31', 18, 346776.29, 158465.08, 98.67);
insert into STATION_FLAG values(1702, 'fix');
insert into STATION values (1703, 'Burrington.Reads.LADSLuck.9.32', 18, 346775.35, 158466.27, 97.66);
insert into STATION_FLAG values(1703, 'fix');
insert into STATION values (1704, 'Burrington.Reads.LADSLuck.9.45', 18, 346774.34, 158465.61, 98.95);
insert into STATION_FLAG values(1704, 'fix');
insert into STATION values (1705, 'Burrington.Reads.LADSLuck.9.46', 18, 346773.49, 158466.38, 99.36);
insert into STATION_FLAG values(1705, 'fix');
insert into STATION values (1706, 'Burrington.Reads.EarlyGrave.9.47', 18, 346771.80, 158466.28, 99.20);
insert into STATION_FLAG values(1706, 'fix');
insert into STATION values (1707, 'Burrington.Reads.EarlyGrave.9.48', 18, 346771.33, 158466.85, 98.60);
insert into STATION_FLAG values(1707, 'fix');
insert into STATION values (1708, 'Burrington.Reads.EarlyGrave.9.49', 18, 346770.83, 158466.38, 97.92);
insert into STATION_FLAG values(1708, 'fix');
insert into STATION values (1709, 'Burrington.Reads.EarlyGrave.9.50', 18, 346768.58, 158466.99, 97.59);
insert into STATION_FLAG values(1709, 'fix');
insert into STATION values (1710, 'Burrington.Reads.EarlyGrave.9.51', 18, 346765.94, 158468.50, 96.96);
insert into STATION_FLAG values(1710, 'fix');
insert into STATION values (1711, 'Burrington.Reads.EarlyGrave.9.52', 18, 346762.96, 158469.65, 95.09);
insert into STATION_FLAG values(1711, 'fix');
insert into STATION values (1712, 'Burrington.Reads.EarlyGrave.9.53', 18, 346760.13, 158472.27, 91.82);
insert into STATION_FLAG values(1712, 'fix');
insert into STATION values (1713, 'Burrington.Reads.EarlyGrave.9.54', 18, 346760.12, 158472.31, 90.46);
insert into STATION_FLAG values(1713, 'fix');
insert into STATION values (1714, 'Burrington.Reads.EarlyGrave.9.55', 18, 346759.84, 158474.27, 90.16);
insert into STATION_FLAG values(1714, 'fix');
insert into STATION values (1715, 'Burrington.Reads.EarlyGrave.9.56', 18, 346759.86, 158475.46, 89.51);
insert into STATION_FLAG values(1715, 'fix');
insert into STATION values (1716, 'Burrington.Reads.EarlyGrave.9.57', 18, 346760.60, 158477.54, 89.37);
insert into STATION_FLAG values(1716, 'fix');
insert into STATION values (1717, 'Burrington.Reads.EarlyGrave.9.58', 18, 346760.04, 158478.18, 89.13);
insert into STATION_FLAG values(1717, 'fix');
insert into STATION values (1718, 'Burrington.Reads.LADSLuck.9.33', 18, 346777.29, 158465.89, 96.12);
insert into STATION_FLAG values(1718, 'fix');
insert into STATION values (1719, 'Burrington.Reads.LADSLuck.9.34', 18, 346780.23, 158466.74, 94.48);
insert into STATION_FLAG values(1719, 'fix');
insert into STATION values (1720, 'Burrington.Reads.LADSLuck.9.36', 18, 346782.07, 158467.17, 92.86);
insert into STATION_FLAG values(1720, 'fix');
insert into STATION values (1721, 'Burrington.Reads.LADSLuck.9.37', 18, 346784.05, 158468.02, 91.55);
insert into STATION_FLAG values(1721, 'fix');
insert into STATION values (1722, 'Burrington.Reads.LADSLuck.9.42', 18, 346782.52, 158468.17, 93.01);
insert into STATION_FLAG values(1722, 'fix');
insert into STATION values (1723, 'Burrington.Reads.LADSLuck.9.43', 18, 346780.02, 158468.60, 95.06);
insert into STATION_FLAG values(1723, 'fix');
insert into STATION values (1724, 'Burrington.Reads.LADSLuck.9.44', 18, 346779.86, 158469.12, 95.54);
insert into STATION_FLAG values(1724, 'fix');
insert into STATION values (1725, 'Burrington.Reads.LADSLuck.9.38', 18, 346785.42, 158469.46, 90.79);
insert into STATION_FLAG values(1725, 'fix');
insert into STATION values (1726, 'Burrington.Reads.LADSLuck.9.39', 18, 346785.20, 158470.31, 90.50);
insert into STATION_FLAG values(1726, 'fix');
insert into STATION values (1727, 'Burrington.Reads.LADSLuck.9.40', 18, 346786.14, 158471.78, 89.59);
insert into STATION_FLAG values(1727, 'fix');
insert into STATION values (1728, 'Burrington.Reads.LADSLuck.9.41', 18, 346785.29, 158471.70, 89.34);
insert into STATION_FLAG values(1728, 'fix');
insert into STATION values (1729, 'Burrington.Reads.LADSLuck.9.35', 18, 346779.79, 158468.98, 95.51);
insert into STATION_FLAG values(1729, 'fix');
insert into STATION values (1730, 'Burrington.Reads.LADSLuck.9.28', 18, 346778.22, 158462.76, 103.03);
insert into STATION_FLAG values(1730, 'fix');
insert into STATION values (1731, 'Burrington.Reads.LADSLuck.9.29', 18, 346776.96, 158462.51, 104.54);
insert into STATION_FLAG values(1731, 'fix');
insert into STATION values (1732, 'Burrington.Reads.LADSLuck.9.10', 18, 346784.06, 158459.78, 105.75);
insert into STATION_FLAG values(1732, 'fix');
insert into STATION values (1733, 'Burrington.Reads.LADSLuck.9.9', 18, 346786.54, 158460.79, 109.07);
insert into STATION_FLAG values(1733, 'fix');
insert into STATION values (1734, 'Burrington.Reads.LADSLuck.9.8', 18, 346788.14, 158459.46, 109.80);
insert into STATION_FLAG values(1734, 'fix');
insert into STATION values (1735, 'Burrington.Reads.LADSLuck.9.7', 18, 346789.07, 158459.09, 111.15);
insert into STATION_FLAG values(1735, 'fix');
insert into STATION values (1736, 'Burrington.Reads.LADSLuck.9.5', 18, 346791.70, 158454.35, 115.73);
insert into STATION_FLAG values(1736, 'fix');
insert into STATION values (1737, 'Burrington.Reads.LADSLuck.9.6', 18, 346792.04, 158452.94, 116.42);
insert into STATION_FLAG values(1737, 'fix');
insert into STATION values (1738, 'Burrington.Reads.LADSLuck.9.1', 18, 346790.67, 158458.35, 113.91);
insert into STATION_FLAG values(1738, 'fix');
insert into STATION values (1739, 'Burrington.Reads.LADSLuck.9.2', 18, 346788.84, 158459.74, 112.57);
insert into STATION_FLAG values(1739, 'fix');
insert into STATION values (1740, 'Burrington.Reads.LLAproach.8.4', 18, 346806.22, 158452.04, 115.11);
insert into STATION_FLAG values(1740, 'fix');
insert into STATION values (1741, 'Burrington.Reads.JCAlt.23', 18, 346805.87, 158451.34, 124.97);
insert into STATION_FLAG values(1741, 'fix');
insert into STATION values (1742, 'Burrington.Reads.JCAlt.24', 18, 346805.02, 158452.44, 125.73);
insert into STATION_FLAG values(1742, 'fix');
insert into STATION values (1743, 'Burrington.Reads.JCAlt.25', 18, 346803.17, 158449.98, 126.74);
insert into STATION_FLAG values(1743, 'fix');
insert into STATION values (1744, 'Burrington.Reads.JunctionChamber.4', 18, 346801.74, 158449.02, 122.38);
insert into STATION_FLAG values(1744, 'fix');
insert into STATION values (1745, 'Burrington.Reads.JunctionChamber.5', 18, 346799.86, 158449.96, 123.29);
insert into STATION_FLAG values(1745, 'fix');
insert into STATION values (1746, 'Burrington.Reads.JCAlt.27', 18, 346803.57, 158447.89, 125.89);
insert into STATION_FLAG values(1746, 'fix');
insert into STATION values (1747, 'Burrington.Reads.AltJunctTinyBit.82', 18, 346804.02, 158441.56, 137.01);
insert into STATION_FLAG values(1747, 'fix');
insert into STATION values (1748, 'Burrington.Reads.AltJunctTinyBit.83', 18, 346802.43, 158443.12, 136.45);
insert into STATION_FLAG values(1748, 'fix');
insert into STATION values (1749, 'Burrington.Reads.AltJunctTinyBit.84', 18, 346801.98, 158443.56, 136.07);
insert into STATION_FLAG values(1749, 'fix');
insert into STATION values (1750, 'Burrington.Tween.1', 18, 347740.00, 158270.00, 137.00);
insert into STATION_FLAG values(1750, 'ent');
insert into STATION_FLAG values(1750, 'fix');
insert into STATION values (1751, 'Burrington.Tween.81', 18, 347736.28, 158273.37, 138.23);
insert into STATION_FLAG values(1751, 'fix');
insert into STATION values (1752, 'Burrington.Tween.83', 18, 347733.46, 158269.81, 136.50);
insert into STATION_FLAG values(1752, 'ent');
insert into STATION_FLAG values(1752, 'fix');
insert into STATION values (1753, 'Burrington.Tween.84', 18, 347731.60, 158268.51, 135.66);
insert into STATION_FLAG values(1753, 'fix');
insert into STATION values (1754, 'Burrington.Tween.82', 18, 347735.28, 158269.12, 137.37);
insert into STATION_FLAG values(1754, 'ent');
insert into STATION_FLAG values(1754, 'fix');
insert into STATION values (1755, 'Burrington.Tween.2', 18, 347740.40, 158268.76, 135.74);
insert into STATION_FLAG values(1755, 'fix');
insert into STATION values (1756, 'Burrington.Tween.3', 18, 347741.04, 158264.39, 135.73);
insert into STATION_FLAG values(1756, 'fix');
insert into STATION values (1757, 'Burrington.Tween.6', 18, 347740.41, 158263.06, 135.07);
insert into STATION_FLAG values(1757, 'fix');
insert into STATION values (1758, 'Burrington.Tween.7', 18, 347741.01, 158261.53, 136.74);
insert into STATION_FLAG values(1758, 'fix');
insert into STATION values (1759, 'Burrington.Tween.8', 18, 347739.90, 158260.00, 138.08);
insert into STATION_FLAG values(1759, 'fix');
insert into STATION values (1760, 'Burrington.Tween.9', 18, 347743.95, 158259.73, 137.84);
insert into STATION_FLAG values(1760, 'fix');
insert into STATION values (1761, 'Burrington.Tween.10', 18, 347744.43, 158260.06, 137.53);
insert into STATION_FLAG values(1761, 'fix');
insert into STATION values (1762, 'Burrington.Tween.11', 18, 347748.03, 158259.38, 137.54);
insert into STATION_FLAG values(1762, 'fix');
insert into STATION values (1763, 'Burrington.Tween.12', 18, 347752.32, 158258.42, 137.65);
insert into STATION_FLAG values(1763, 'fix');
insert into STATION values (1764, 'Burrington.Tween.13', 18, 347755.78, 158258.20, 137.49);
insert into STATION_FLAG values(1764, 'fix');
insert into STATION values (1765, 'Burrington.Tween.32783.65535', 18, 347758.23, 158256.91, 137.17);
insert into STATION_FLAG values(1765, 'fix');
insert into STATION values (1766, 'Burrington.Tween.17', 18, 347759.66, 158257.15, 136.66);
insert into STATION_FLAG values(1766, 'fix');
insert into STATION values (1767, 'Burrington.Tween.18', 18, 347758.87, 158256.06, 135.26);
insert into STATION_FLAG values(1767, 'fix');
insert into STATION values (1768, 'Burrington.Tween.19', 18, 347760.15, 158256.69, 134.18);
insert into STATION_FLAG values(1768, 'fix');
insert into STATION values (1769, 'Burrington.Tween.20', 18, 347760.87, 158257.66, 132.45);
insert into STATION_FLAG values(1769, 'fix');
insert into STATION values (1770, 'Burrington.Tween.21', 18, 347760.76, 158260.62, 129.29);
insert into STATION_FLAG values(1770, 'fix');
insert into STATION values (1771, 'Burrington.Tween.23', 18, 347760.18, 158262.70, 127.22);
insert into STATION_FLAG values(1771, 'fix');
insert into STATION values (1772, 'Burrington.Tween.25', 18, 347757.51, 158262.93, 130.06);
insert into STATION_FLAG values(1772, 'fix');
insert into STATION values (1773, 'Burrington.Tween.24', 18, 347762.38, 158264.79, 126.76);
insert into STATION_FLAG values(1773, 'fix');
insert into STATION values (1774, 'Burrington.Tween.27', 18, 347765.43, 158267.61, 127.16);
insert into STATION_FLAG values(1774, 'fix');
insert into STATION values (1775, 'Burrington.Tween.76', 18, 347766.38, 158267.24, 126.47);
insert into STATION_FLAG values(1775, 'fix');
insert into STATION values (1776, 'Burrington.Tween.77', 18, 347764.19, 158268.58, 125.58);
insert into STATION_FLAG values(1776, 'fix');
insert into STATION values (1777, 'Burrington.Tween.80', 18, 347761.79, 158266.93, 125.36);
insert into STATION_FLAG values(1777, 'fix');
insert into STATION values (1778, 'Burrington.Tween.78', 18, 347760.90, 158269.91, 124.77);
insert into STATION_FLAG values(1778, 'fix');
insert into STATION values (1779, 'Burrington.Tween.79', 18, 347757.86, 158271.23, 124.66);
insert into STATION_FLAG values(1779, 'fix');
insert into STATION values (1780, 'Burrington.Tween.28', 18, 347769.09, 158264.62, 129.08);
insert into STATION_FLAG values(1780, 'fix');
insert into STATION values (1781, 'Burrington.Tween.29', 18, 347771.92, 158265.02, 129.34);
insert into STATION_FLAG values(1781, 'fix');
insert into STATION values (1782, 'Burrington.Tween.30', 18, 347775.53, 158264.17, 130.20);
insert into STATION_FLAG values(1782, 'fix');
insert into STATION values (1783, 'Burrington.Tween.31', 18, 347777.20, 158261.44, 130.08);
insert into STATION_FLAG values(1783, 'fix');
insert into STATION values (1784, 'Burrington.Tween.42', 18, 347781.93, 158261.85, 130.33);
insert into STATION_FLAG values(1784, 'fix');
insert into STATION values (1785, 'Burrington.Tween.43', 18, 347786.97, 158261.62, 129.97);
insert into STATION_FLAG values(1785, 'fix');
insert into STATION values (1786, 'Burrington.Tween.44', 18, 347791.84, 158259.06, 131.02);
insert into STATION_FLAG values(1786, 'fix');
insert into STATION values (1787, 'Burrington.Tween.45', 18, 347795.42, 158257.33, 133.30);
insert into STATION_FLAG values(1787, 'fix');
insert into STATION values (1788, 'Burrington.Tween.46', 18, 347796.04, 158253.91, 131.99);
insert into STATION_FLAG values(1788, 'fix');
insert into STATION values (1789, 'Burrington.Tween.47', 18, 347796.43, 158252.09, 130.56);
insert into STATION_FLAG values(1789, 'fix');
insert into STATION values (1790, 'Burrington.Tween.48', 18, 347797.45, 158249.74, 130.72);
insert into STATION_FLAG values(1790, 'fix');
insert into STATION values (1791, 'Burrington.Tween.49', 18, 347800.80, 158247.97, 131.01);
insert into STATION_FLAG values(1791, 'fix');
insert into STATION values (1792, 'Burrington.Tween.50', 18, 347804.26, 158246.92, 130.47);
insert into STATION_FLAG values(1792, 'fix');
insert into STATION values (1793, 'Burrington.Tween.51', 18, 347810.20, 158246.71, 129.19);
insert into STATION_FLAG values(1793, 'fix');
insert into STATION values (1794, 'Burrington.Tween.52', 18, 347811.44, 158247.66, 129.87);
insert into STATION_FLAG values(1794, 'fix');
insert into STATION values (1795, 'Burrington.Tween.54', 18, 347816.23, 158248.48, 126.94);
insert into STATION_FLAG values(1795, 'fix');
insert into STATION values (1796, 'Burrington.Tween.55', 18, 347820.02, 158248.33, 126.77);
insert into STATION_FLAG values(1796, 'fix');
insert into STATION values (1797, 'Burrington.Tween.56', 18, 347821.62, 158245.85, 126.95);
insert into STATION_FLAG values(1797, 'fix');
insert into STATION values (1798, 'Burrington.Tween.57', 18, 347824.73, 158245.39, 127.74);
insert into STATION_FLAG values(1798, 'fix');
insert into STATION values (1799, 'Burrington.Tween.58', 18, 347827.51, 158245.18, 127.91);
insert into STATION_FLAG values(1799, 'fix');
insert into STATION values (1800, 'Burrington.Tween.59', 18, 347829.20, 158244.95, 128.04);
insert into STATION_FLAG values(1800, 'fix');
insert into STATION values (1801, 'Burrington.Tween.60', 18, 347829.77, 158243.69, 128.65);
insert into STATION_FLAG values(1801, 'fix');
insert into STATION values (1802, 'Burrington.Tween.61', 18, 347829.84, 158243.42, 129.49);
insert into STATION_FLAG values(1802, 'fix');
insert into STATION values (1803, 'Burrington.Tween.62', 18, 347830.36, 158242.89, 129.93);
insert into STATION_FLAG values(1803, 'fix');
insert into STATION values (1804, 'Burrington.Tween.75', 18, 347836.66, 158241.83, 129.04);
insert into STATION_FLAG values(1804, 'fix');
insert into STATION values (1805, 'Burrington.Tween.74', 18, 347836.03, 158245.59, 131.19);
insert into STATION_FLAG values(1805, 'fix');
insert into STATION values (1806, 'Burrington.Tween.69', 18, 347835.54, 158244.97, 132.63);
insert into STATION_FLAG values(1806, 'fix');
insert into STATION values (1807, 'Burrington.Tween.70', 18, 347832.79, 158244.89, 133.71);
insert into STATION_FLAG values(1807, 'fix');
insert into STATION values (1808, 'Burrington.Tween.71', 18, 347833.05, 158246.37, 134.23);
insert into STATION_FLAG values(1808, 'fix');
insert into STATION values (1809, 'Burrington.Tween.72', 18, 347830.90, 158245.28, 134.91);
insert into STATION_FLAG values(1809, 'fix');
insert into STATION values (1810, 'Burrington.Tween.73', 18, 347828.97, 158245.55, 136.12);
insert into STATION_FLAG values(1810, 'fix');
insert into STATION values (1811, 'Burrington.Tween.68', 18, 347836.84, 158244.19, 133.77);
insert into STATION_FLAG values(1811, 'fix');
insert into STATION values (1812, 'Burrington.Tween.67', 18, 347836.56, 158243.89, 133.47);
insert into STATION_FLAG values(1812, 'fix');
insert into STATION values (1813, 'Burrington.Tween.66', 18, 347838.21, 158240.76, 130.84);
insert into STATION_FLAG values(1813, 'fix');
insert into STATION values (1814, 'Burrington.Tween.65', 18, 347839.06, 158242.50, 130.42);
insert into STATION_FLAG values(1814, 'fix');
insert into STATION values (1815, 'Burrington.Tween.63', 18, 347826.30, 158241.15, 131.31);
insert into STATION_FLAG values(1815, 'fix');
insert into STATION values (1816, 'Burrington.Tween.53', 18, 347813.01, 158251.22, 132.83);
insert into STATION_FLAG values(1816, 'fix');
insert into STATION values (1817, 'Burrington.Tween.32', 18, 347775.00, 158259.34, 132.90);
insert into STATION_FLAG values(1817, 'fix');
insert into STATION values (1818, 'Burrington.Tween.33', 18, 347774.01, 158258.62, 135.10);
insert into STATION_FLAG values(1818, 'fix');
insert into STATION values (1819, 'Burrington.Tween.34', 18, 347772.13, 158255.84, 137.35);
insert into STATION_FLAG values(1819, 'fix');
insert into STATION values (1820, 'Burrington.Tween.36', 18, 347769.96, 158253.87, 138.23);
insert into STATION_FLAG values(1820, 'fix');
insert into STATION values (1821, 'Burrington.Tween.37', 18, 347769.73, 158254.34, 137.60);
insert into STATION_FLAG values(1821, 'fix');
insert into STATION values (1822, 'Burrington.Tween.38', 18, 347767.78, 158253.34, 138.13);
insert into STATION_FLAG values(1822, 'fix');
insert into STATION values (1823, 'Burrington.Tween.39', 18, 347763.19, 158253.25, 139.36);
insert into STATION_FLAG values(1823, 'fix');
insert into STATION values (1824, 'Burrington.Tween.40', 18, 347762.01, 158253.05, 140.86);
insert into STATION_FLAG values(1824, 'fix');
insert into STATION values (1825, 'Burrington.Tween.41', 18, 347758.63, 158252.50, 142.74);
insert into STATION_FLAG values(1825, 'fix');
insert into STATION values (1826, 'Burrington.Tween.35', 18, 347775.76, 158250.60, 138.10);
insert into STATION_FLAG values(1826, 'fix');
insert into STATION values (1827, 'Burrington.Tween.26', 18, 347757.03, 158265.37, 127.18);
insert into STATION_FLAG values(1827, 'fix');
insert into STATION values (1828, 'Burrington.Tween.22', 18, 347761.86, 158262.29, 130.67);
insert into STATION_FLAG values(1828, 'fix');
insert into STATION values (1829, 'Burrington.Tween.15', 18, 347761.31, 158256.96, 137.10);
insert into STATION_FLAG values(1829, 'fix');
insert into STATION values (1830, 'Burrington.Tween.16', 18, 347759.65, 158254.03, 137.33);
insert into STATION_FLAG values(1830, 'fix');
insert into STATION values (1831, 'Burrington.Tween.4', 18, 347739.96, 158265.82, 136.48);
insert into STATION_FLAG values(1831, 'fix');
insert into STATION values (1832, 'Burrington.Tween.5', 18, 347737.60, 158264.65, 137.18);
insert into STATION_FLAG values(1832, 'fix');
insert into STATION values (1833, 'Burrington.burrington.swallets.rodsbath.a15', 18, 347208.88, 158406.95, 171.59);
insert into STATION_FLAG values(1833, 'ent');
insert into STATION_FLAG values(1833, 'fix');
insert into STATION values (1834, 'Burrington.burrington.swallets.drunkards.0', 18, 347140.00, 158390.00, 175.00);
insert into STATION_FLAG values(1834, 'ent');
insert into STATION_FLAG values(1834, 'fix');
insert into STATION values (1835, 'Burrington.burrington.westtwin.goatchurch.psp', 18, 347586.85, 158235.02, 153.78);
insert into STATION_FLAG values(1835, 'ent');
insert into STATION_FLAG values(1835, 'fix');
insert into STATION values (1836, 'Burrington.burrington.westtwin.sidcot.a.26', 18, 347539.93, 158316.34, 123.99);
insert into STATION_FLAG values(1836, 'fix');
insert into STATION values (1837, 'Burrington.burrington.westtwin.sidcot.a.2', 18, 347552.39, 158296.90, 134.85);
insert into STATION_FLAG values(1837, 'ent');
insert into STATION_FLAG values(1837, 'fix');
insert into STATION values (1838, 'Burrington.burrington.westtwin.sidcot.0', 18, 347558.00, 158292.00, 136.00);
insert into STATION_FLAG values(1838, 'fix');
insert into STATION values (1839, 'Burrington.burrington.swallets.rodsbath.59', 18, 347252.68, 158435.10, 171.68);
insert into STATION_FLAG values(1839, 'ent');
insert into STATION_FLAG values(1839, 'fix');
insert into STATION values (1840, 'Burrington.burrington.lionels.lh09d', 18, 347918.33, 158240.24, 115.22);
insert into STATION_FLAG values(1840, 'fix');
insert into STATION values (1841, 'Burrington.burrington.easttwinsparpot.east-twin.sp01a', 18, 347961.28, 158183.93, 127.83);
insert into STATION_FLAG values(1841, 'fix');
insert into STATION values (1842, 'Burrington.BathEnt.1.14', 18, 347260.52, 158445.55, 142.02);
insert into STATION_FLAG values(1842, 'fix');
insert into STATION values (1843, 'Burrington.PierresPot.Pierres1.63', 18, 347595.01, 158379.08, 96.08);
insert into STATION_FLAG values(1843, 'fix');
insert into STATION values (1844, 'Burrington.PierresPot.Pierres1.70', 18, 347618.41, 158346.13, 102.13);
insert into STATION_FLAG values(1844, 'fix');
insert into STATION values (1845, 'Burrington.PierresPot.Twinkletoes.24', 18, 347648.60, 158332.35, 101.52);
insert into STATION_FLAG values(1845, 'fix');
insert into STATION values (1846, 'Burrington.PierresPot.Sumpone.P1M35', 18, 347580.54, 158388.75, 96.08);
insert into STATION_FLAG values(1846, 'fix');
insert into STATION values (1847, 'Burrington.PierresPot.Pierres2.P2D12', 18, 347567.97, 158411.75, 96.39);
insert into STATION_FLAG values(1847, 'fix');
insert into STATION values (1848, 'Burrington.PierresPot.Pierres3downstream.P3D30', 18, 347544.03, 158421.13, 103.19);
insert into STATION_FLAG values(1848, 'fix');
insert into STATION values (1849, 'Burrington.PierresPot.Pierres3door.P3D30', 18, 347544.03, 158421.13, 103.19);
insert into STATION_FLAG values(1849, 'fix');
insert into STATION values (1850, 'Burrington.PierresPot.Pierres3Pepparami.P4D19', 18, 347549.81, 158447.19, 106.19);
insert into STATION_FLAG values(1850, 'fix');
insert into STATION values (1851, 'Burrington.Reads.AltJunctTinyBit.81', 18, 346806.24, 158440.20, 137.89);
insert into STATION_FLAG values(1851, 'fix');
insert into STATION values (1852, 'Burrington.Reads.BoulderChamber.54', 18, 346797.63, 158456.58, 137.93);
insert into STATION_FLAG values(1852, 'fix');
insert into STATION values (1853, 'Burrington.Reads.BoulderChamber.61', 18, 346795.64, 158449.78, 132.69);
insert into STATION_FLAG values(1853, 'fix');
insert into STATION values (1854, 'Burrington.Reads.BoulderChamber.3.2', 18, 346797.63, 158456.58, 137.93);
insert into STATION_FLAG values(1854, 'fix');
insert into STATION values (1855, 'Burrington.Reads.BoulderChamberRoute2.20', 18, 346798.61, 158449.77, 134.59);
insert into STATION_FLAG values(1855, 'fix');
insert into STATION values (1856, 'Burrington.Reads.BoulderChamberRoute2.21', 18, 346798.34, 158449.17, 133.19);
insert into STATION_FLAG values(1856, 'fix');
insert into STATION values (1857, 'Burrington.Reads.BrownStain.8.37', 18, 346815.37, 158448.65, 114.18);
insert into STATION_FLAG values(1857, 'fix');
insert into STATION values (1858, 'Burrington.Reads.BrowneStewart.14', 18, 346807.90, 158448.58, 119.20);
insert into STATION_FLAG values(1858, 'fix');
insert into STATION values (1859, 'Burrington.Reads.BrowneStewart.19', 18, 346806.22, 158452.04, 115.11);
insert into STATION_FLAG values(1859, 'fix');
insert into STATION values (1860, 'Burrington.Reads.BrowneStewart.22', 18, 346808.96, 158451.06, 113.58);
insert into STATION_FLAG values(1860, 'fix');
insert into STATION values (1861, 'Burrington.Reads.BrownStuart.6.41', 18, 346821.54, 158454.13, 99.17);
insert into STATION_FLAG values(1861, 'fix');
insert into STATION values (1862, 'Burrington.Reads.BrownStuart.7.0', 18, 346821.54, 158454.13, 99.17);
insert into STATION_FLAG values(1862, 'fix');
insert into STATION values (1863, 'Burrington.Reads.BrownStuart.7.9', 18, 346816.24, 158449.34, 110.43);
insert into STATION_FLAG values(1863, 'fix');
insert into STATION values (1864, 'Burrington.Reads.BrownStuart.7.12', 18, 346815.63, 158450.73, 110.00);
insert into STATION_FLAG values(1864, 'fix');
insert into STATION values (1865, 'Burrington.Reads.BrownStuart.7.22', 18, 346811.36, 158452.13, 111.53);
insert into STATION_FLAG values(1865, 'fix');
insert into STATION values (1866, 'Burrington.Reads.DryEnt.1.6', 18, 346839.23, 158438.83, 141.74);
insert into STATION_FLAG values(1866, 'fix');
insert into STATION values (1867, 'Burrington.Reads.DeathWish.0', 18, 346832.54, 158435.69, 119.95);
insert into STATION_FLAG values(1867, 'fix');
insert into STATION values (1868, 'Burrington.Reads.DeathWish.5', 18, 346828.67, 158436.62, 116.97);
insert into STATION_FLAG values(1868, 'fix');
insert into STATION values (1869, 'Burrington.Reads.DeathWish.16', 18, 346832.54, 158435.69, 119.95);
insert into STATION_FLAG values(1869, 'fix');
insert into STATION values (1870, 'Burrington.Reads.EarlyGrave.9.46', 18, 346773.49, 158466.38, 99.36);
insert into STATION_FLAG values(1870, 'fix');
insert into STATION values (1871, 'Burrington.Reads.Grotto.86', 18, 346843.52, 158436.31, 139.62);
insert into STATION_FLAG values(1871, 'fix');
insert into STATION values (1872, 'Burrington.Reads.Grotto.85', 18, 346838.40, 158443.87, 140.73);
insert into STATION_FLAG values(1872, 'fix');
insert into STATION values (1873, 'Burrington.Reads.Grotto.95', 18, 346847.81, 158429.03, 140.32);
insert into STATION_FLAG values(1873, 'fix');
insert into STATION values (1874, 'Burrington.Reads.JCAlt.7', 18, 346805.13, 158451.31, 123.69);
insert into STATION_FLAG values(1874, 'fix');
insert into STATION values (1875, 'Burrington.Reads.JCAlt.26', 18, 346802.47, 158448.34, 126.37);
insert into STATION_FLAG values(1875, 'fix');
insert into STATION values (1876, 'Burrington.Reads.JCAlt.28', 18, 346800.13, 158447.91, 127.53);
insert into STATION_FLAG values(1876, 'fix');
insert into STATION values (1877, 'Burrington.Reads.JuncAlterRoute.14', 18, 346803.25, 158443.61, 133.81);
insert into STATION_FLAG values(1877, 'fix');
insert into STATION values (1878, 'Burrington.Reads.JuncAlterRoute2.42', 18, 346804.62, 158442.98, 143.22);
insert into STATION_FLAG values(1878, 'fix');
insert into STATION values (1879, 'Burrington.Reads.JunctionChamber.1', 18, 346802.47, 158448.34, 126.37);
insert into STATION_FLAG values(1879, 'fix');
insert into STATION values (1880, 'Burrington.Reads.LastSurveyingChamber.15', 18, 346833.90, 158431.13, 118.59);
insert into STATION_FLAG values(1880, 'fix');
insert into STATION values (1881, 'Burrington.Reads.LADSLuck.9.0', 18, 346792.83, 158457.07, 114.92);
insert into STATION_FLAG values(1881, 'fix');
insert into STATION values (1882, 'Burrington.Reads.LADSLuck.9.15', 18, 346788.21, 158457.96, 105.95);
insert into STATION_FLAG values(1882, 'fix');
insert into STATION values (1883, 'Burrington.Reads.LLAproach.7.22', 18, 346811.36, 158452.13, 111.53);
insert into STATION_FLAG values(1883, 'fix');
insert into STATION values (1884, 'Burrington.Reads.LLAproach.8.12', 18, 346792.83, 158457.07, 114.92);
insert into STATION_FLAG values(1884, 'fix');
insert into STATION values (1885, 'Burrington.Reads.LLAproach.8.15', 18, 346815.42, 158451.74, 114.84);
insert into STATION_FLAG values(1885, 'fix');
insert into STATION values (1886, 'Burrington.Reads.LowerMaze.0', 18, 346844.86, 158435.72, 116.51);
insert into STATION_FLAG values(1886, 'fix');
insert into STATION values (1887, 'Burrington.Reads.MainChamber.1.6', 18, 346839.23, 158438.83, 141.74);
insert into STATION_FLAG values(1887, 'fix');
insert into STATION values (1888, 'Burrington.Reads.MainChamber.2.1', 18, 346838.40, 158443.87, 140.73);
insert into STATION_FLAG values(1888, 'fix');
insert into STATION values (1889, 'Burrington.Reads.MainChamber.2.7', 18, 346802.50, 158456.94, 141.02);
insert into STATION_FLAG values(1889, 'fix');
insert into STATION values (1890, 'Burrington.Reads.MainChamber.2.9', 18, 346804.62, 158442.98, 143.22);
insert into STATION_FLAG values(1890, 'fix');
insert into STATION values (1891, 'Burrington.Reads.Maze.0', 18, 346844.72, 158434.53, 117.95);
insert into STATION_FLAG values(1891, 'fix');
insert into STATION values (1892, 'Burrington.Reads.Maze.1', 18, 346844.65, 158433.55, 118.23);
insert into STATION_FLAG values(1892, 'fix');
insert into STATION values (1893, 'Burrington.Reads.MNRCSeries.6.42', 18, 346825.70, 158449.76, 102.35);
insert into STATION_FLAG values(1893, 'fix');
insert into STATION values (1894, 'Burrington.Reads.OffShoot.0', 18, 346797.63, 158456.58, 137.93);
insert into STATION_FLAG values(1894, 'fix');
insert into STATION values (1895, 'Burrington.Reads.OffShoot.10', 18, 346799.82, 158449.98, 134.64);
insert into STATION_FLAG values(1895, 'fix');
insert into STATION values (1896, 'Burrington.Reads.OffShoot2.16', 18, 346806.95, 158449.80, 133.85);
insert into STATION_FLAG values(1896, 'fix');
insert into STATION values (1897, 'Burrington.Reads.OffShoot3.25', 18, 346806.95, 158449.80, 133.85);
insert into STATION_FLAG values(1897, 'fix');
insert into STATION values (1898, 'Burrington.Reads.Pipe.4.16', 18, 346845.62, 158437.01, 132.34);
insert into STATION_FLAG values(1898, 'fix');
insert into STATION values (1899, 'Burrington.Reads.Pipe.4.22', 18, 346844.04, 158438.70, 129.36);
insert into STATION_FLAG values(1899, 'fix');
insert into STATION values (1900, 'Burrington.Reads.Pipe.4.23', 18, 346843.52, 158436.64, 127.27);
insert into STATION_FLAG values(1900, 'fix');
insert into STATION values (1901, 'Burrington.Reads.SplashPot.6.0', 18, 346844.22, 158441.17, 114.50);
insert into STATION_FLAG values(1901, 'fix');
insert into STATION values (1902, 'Burrington.Reads.SplashPot.6.23', 18, 346821.54, 158454.13, 99.17);
insert into STATION_FLAG values(1902, 'fix');
insert into STATION values (1903, 'Burrington.Reads.UpperWaterfall.13', 18, 346833.63, 158437.74, 130.71);
insert into STATION_FLAG values(1903, 'fix');
insert into STATION values (1904, 'Burrington.Reads.Water.2.7', 18, 346802.50, 158456.94, 141.02);
insert into STATION_FLAG values(1904, 'fix');
insert into STATION values (1905, 'Burrington.Reads.WaterfallChamber.1', 18, 346846.61, 158435.71, 116.68);
insert into STATION_FLAG values(1905, 'fix');
insert into STATION values (1906, 'Burrington.Reads.WCR2.52', 18, 346807.48, 158436.61, 141.59);
insert into STATION_FLAG values(1906, 'fix');
insert into STATION values (1907, 'Burrington.Tween.14', 18, 347758.23, 158256.91, 137.17);
insert into STATION_FLAG values(1907, 'fix');
insert into STATION values (1908, 'Burrington.Tween.64', 18, 347836.66, 158241.83, 129.04);
insert into STATION_FLAG values(1908, 'fix');
insert into STATION values (1909, 'Burrington.BoulderShaft', 18, 348340.00, 158150.00, 204.00);
insert into STATION_FLAG values(1909, 'ent');
insert into STATION_FLAG values(1909, 'fix');
insert into STATION values (1910, 'Burrington.CombeLodgeRisings', 18, 349700.00, 159100.00, 91.00);
insert into STATION_FLAG values(1910, 'ent');
insert into STATION_FLAG values(1910, 'fix');
insert into STATION values (1911, 'Burrington.EastTwinMiddleSink', 18, 347940.00, 158040.00, 170.00);
insert into STATION_FLAG values(1911, 'ent');
insert into STATION_FLAG values(1911, 'fix');
insert into STATION values (1912, 'Burrington.EastTwinTopSink', 18, 347920.00, 157960.00, 183.00);
insert into STATION_FLAG values(1912, 'ent');
insert into STATION_FLAG values(1912, 'fix');
insert into STATION values (1913, 'Burrington.ElephantsRift', 18, 348420.00, 158140.00, 182.00);
insert into STATION_FLAG values(1913, 'ent');
insert into STATION_FLAG values(1913, 'fix');
insert into STATION values (1914, 'Burrington.EllickFarmSwallet', 18, 349270.00, 157800.00, 216.00);
insert into STATION_FLAG values(1914, 'ent');
insert into STATION_FLAG values(1914, 'fix');
insert into STATION values (1915, 'Burrington.FlangeSwallet', 18, 347580.00, 158320.00, 134.00);
insert into STATION_FLAG values(1915, 'ent');
insert into STATION_FLAG values(1915, 'fix');
insert into STATION values (1916, 'Burrington.FrogsHole', 18, 348370.00, 158200.00, 187.00);
insert into STATION_FLAG values(1916, 'ent');
insert into STATION_FLAG values(1916, 'fix');
insert into STATION values (1917, 'Burrington.GaugeHouseRising', 18, 348680.00, 159310.00, 61.00);
insert into STATION_FLAG values(1917, 'ent');
insert into STATION_FLAG values(1917, 'fix');
insert into STATION values (1918, 'Burrington.LangfordRising', 18, 346620.00, 159300.00, 40.00);
insert into STATION_FLAG values(1918, 'ent');
insert into STATION_FLAG values(1918, 'fix');
insert into STATION values (1919, 'Burrington.LaybyDig', 18, 348000.00, 158200.00, 137.00);
insert into STATION_FLAG values(1919, 'ent');
insert into STATION_FLAG values(1919, 'fix');
insert into STATION values (1920, 'Burrington.MilliarsQuarryCave', 18, 347690.00, 158980.00, 113.00);
insert into STATION_FLAG values(1920, 'ent');
insert into STATION_FLAG values(1920, 'fix');
insert into STATION values (1921, 'Burrington.NamelessCave', 18, 347510.00, 158660.00, 151.00);
insert into STATION_FLAG values(1921, 'ent');
insert into STATION_FLAG values(1921, 'fix');
insert into STATION values (1922, 'Burrington.PlumleysHole', 18, 347660.00, 158750.00, 100.00);
insert into STATION_FLAG values(1922, 'ent');
insert into STATION_FLAG values(1922, 'fix');
insert into STATION values (1923, 'Burrington.SayesLaneRising', 18, 345710.00, 159540.00, 43.00);
insert into STATION_FLAG values(1923, 'ent');
insert into STATION_FLAG values(1923, 'fix');
insert into STATION values (1924, 'Burrington.SquiresWell', 18, 349280.00, 159080.00, 70.00);
insert into STATION_FLAG values(1924, 'ent');
insert into STATION_FLAG values(1924, 'fix');
insert into STATION values (1925, 'Burrington.SupraAvelines', 18, 347690.00, 158600.00, 119.00);
insert into STATION_FLAG values(1925, 'ent');
insert into STATION_FLAG values(1925, 'fix');
insert into STATION values (1926, 'Burrington.RickfordFarmCave', 18, 348470.00, 159360.00, 67.00);
insert into STATION_FLAG values(1926, 'ent');
insert into STATION_FLAG values(1926, 'fix');
insert into STATION values (1927, 'Burrington.RickfordRising', 18, 348780.00, 159160.00, 61.00);
insert into STATION_FLAG values(1927, 'ent');
insert into STATION_FLAG values(1927, 'fix');
insert into STATION values (1928, 'Burrington.RowberrowCavern', 18, 345960.00, 158020.00, 175.00);
insert into STATION_FLAG values(1928, 'ent');
insert into STATION_FLAG values(1928, 'fix');
insert into STATION values (1929, 'Burrington.RowberrowSwallet', 18, 345530.00, 158090.00, 128.00);
insert into STATION_FLAG values(1929, 'ent');
insert into STATION_FLAG values(1929, 'fix');
insert into STATION values (1930, 'Burrington.ToadsHole', 18, 348350.00, 158220.00, 191.00);
insert into STATION_FLAG values(1930, 'ent');
insert into STATION_FLAG values(1930, 'fix');
insert into STATION values (1931, 'Burrington.TratsCrack', 18, 348200.00, 158200.00, 192.00);
insert into STATION_FLAG values(1931, 'ent');
insert into STATION_FLAG values(1931, 'fix');
insert into STATION values (1932, 'Burrington.WhitcombesHole', 18, 347630.00, 158270.00, 166.00);
insert into STATION_FLAG values(1932, 'ent');
insert into STATION_FLAG values(1932, 'fix');
insert into STATION values (1933, 'Burrington.YewTreeSwallet', 18, 347580.00, 158280.00, 142.00);
insert into STATION_FLAG values(1933, 'ent');
insert into STATION_FLAG values(1933, 'fix');
