id;idsql
2130;1
4753;2
4753;102
327;3
5148;4
3187;5
3338;6
7264;7
2309;8
1637;9
1544;10
1429;11
938;12
7194;13
7139;14
3813;15
195;16
2044;17
749;18
2026;19
6924;20
2958;21
2580;22
4610;23
5733;24
5733;11893
2057;25
7174;26
5322;27
1198;28
2776;29
4772;30
6405;31
668;32
668;33
668;129
2554;34
1091;35
4653;36
4455;37
2909;38
6631;39
817;40
817;11869
182;41
2087;42
2827;43
3106;44
5659;45
2062;46
2916;47
3033;48
5915;49
3511;50
4942;51
6148;52
816;53
5571;54
5571;205
279;55
4107;56
5480;57
7280;58
4813;59
4647;60
4603;61
1338;62
3377;63
4848;64
4489;65
7157;66
3285;67
3285;219
2834;68
2834;11587
2834;13509
2410;69
2410;124
7218;70
396;71
999;72
830;73
6754;74
5809;75
4746;76
4336;77
767;78
5303;79
4554;80
1756;81
3939;82
3939;142
3939;661
3939;984
3939;10296
32;83
3178;84
1191;85
6914;86
5628;87
683;88
507;89
2483;90
5420;91
4309;92
6087;93
228;94
4460;95
4533;96
4710;97
4954;98
5417;99
6483;100
3648;101
6945;103
6945;284
7117;104
202;105
202;1043
202;1265
202;1290
6894;106
1801;107
2544;108
1993;109
1993;1035
6452;110
6840;111
1167;112
6290;113
3103;114
1974;115
1974;283
5149;116
5394;117
336;118
2363;119
2249;120
1157;121
3794;122
311;123
4202;125
4202;130
5600;126
1711;127
5226;128
7085;131
3232;132
1575;133
6241;134
4774;135
4116;136
1878;137
3228;138
4797;139
17;140
5943;141
5943;168
5943;203
5563;143
2887;144
2638;145
334;146
6128;147
1164;148
6364;149
1494;150
5292;151
5070;152
5070;932
707;153
6577;154
3072;155
2459;156
5683;157
3907;158
4052;159
1601;160
862;161
6130;162
4182;163
5532;164
2726;165
1742;166
6466;167
6008;175
6683;176
5898;177
6295;178
4513;179
1073;180
4218;181
800;182
3193;183
4077;184
6745;185
6745;433
6745;503
6745;561
7067;186
5320;187
6212;188
952;189
6693;190
6693;507
6693;530
6693;531
6693;4158
3617;191
3617;279
2154;192
4688;193
4462;194
5804;195
679;196
5807;197
605;198
5172;199
4254;200
849;201
849;329
5592;202
2090;204
996;206
3555;207
1960;208
3247;209
458;210
7099;211
5139;212
5139;13446
1346;213
5719;214
6930;215
3008;216
1961;217
1438;218
5949;220
2877;221
4927;222
5631;223
670;224
6548;225
2681;226
1334;227
949;228
6416;229
6640;230
5779;231
4935;232
6714;233
2905;234
5473;235
2120;236
4979;237
3867;238
893;239
5334;240
2809;241
4350;242
206;243
6328;244
2034;245
5111;246
3613;247
4993;248
277;249
4826;250
5576;251
2307;252
2307;378
5482;253
6252;254
4564;255
4678;256
6013;257
6530;258
6426;259
3501;260
1106;261
1106;815
4406;262
1775;263
6254;264
6747;265
6747;394
1431;266
3984;267
3086;268
3086;4159
6692;269
6583;270
5445;271
4620;272
4760;273
4973;274
3884;275
4807;276
4169;277
6555;278
6120;280
3102;281
3102;624
2648;282
2772;285
4022;286
646;287
854;288
6485;289
5633;290
4627;291
6091;292
5906;293
2581;294
2581;301
2581;6730
2581;6830
2841;295
4193;296
2263;297
2528;298
3260;299
198;300
733;302
2285;303
6674;304
6159;305
2749;306
6830;307
6338;308
5279;309
258;310
4282;311
2976;312
6495;313
234;314
3858;315
6566;316
611;317
3738;318
7276;319
2513;320
3340;321
1569;322
4024;323
3215;324
3875;325
3582;326
3582;346
4698;327
2892;328
370;330
778;331
1360;332
971;333
5208;334
1986;335
2481;336
5907;337
4294;338
438;339
2964;340
579;341
1262;342
4031;343
6715;344
998;345
7075;347
108;348
887;349
2272;350
2922;351
2922;11711
2542;352
1971;353
6419;354
4277;355
3261;356
2800;357
1755;358
7017;359
4451;360
6737;361
5715;362
3010;363
738;364
2444;365
990;366
1566;367
4036;368
3084;369
2142;370
6666;371
1201;372
2595;373
344;374
3864;375
5508;376
5881;377
1261;379
6599;380
7045;381
5578;382
6824;383
2849;384
6312;385
4833;386
2983;387
4270;388
5962;389
4168;390
3168;391
3415;392
6836;393
1749;395
1749;438
3606;396
5245;397
7221;398
4078;399
7224;400
4801;401
5657;402
4375;403
7266;404
586;405
586;1021
6908;406
1617;407
5478;408
414;409
1830;410
3828;411
3996;412
5236;413
3430;414
3953;415
4559;416
5676;417
2433;418
5138;419
858;420
858;864
4607;434
4607;450
4607;816
7;435
7007;436
5935;437
5933;439
5933;480
5933;489
7202;440
6570;441
2191;442
6966;443
2630;444
7047;445
5398;446
3358;447
6987;448
1898;449
2707;451
2707;612
7013;452
6767;453
1226;454
1319;455
6638;456
1408;457
4517;458
912;459
912;1030
3273;460
1077;461
6837;462
758;463
895;464
6094;465
6720;466
720;467
3682;468
803;469
6321;470
7141;471
6650;472
1078;473
4017;474
3007;475
2192;476
2415;477
1109;478
5199;479
2889;481
2889;501
5711;482
3787;483
3050;484
6107;485
3898;486
6288;487
3249;488
2332;490
2332;599
6249;491
315;492
3621;493
3758;494
1391;495
1391;608
6617;496
685;497
2096;498
4940;499
213;500
5032;508
4124;509
6588;510
319;511
5083;512
1480;513
7078;514
2603;515
2603;672
2603;721
6604;516
4991;517
2329;518
930;519
6879;520
4041;521
355;522
355;547
1356;523
6854;524
3727;525
3460;526
6070;527
3579;528
3579;4901
977;529
5341;532
3421;533
4775;534
2381;535
5834;536
6867;537
3082;538
5956;539
2716;540
2716;5080
1826;541
968;542
3214;543
4473;544
779;545
2742;546
5545;548
5545;576
2183;549
4055;550
1374;551
6658;552
5035;553
2488;554
1761;555
4143;556
5443;557
5849;558
6931;559
5928;560
3250;562
3694;563
569;564
4339;565
5224;566
445;567
6778;568
3651;569
6449;570
2736;571
2640;572
412;573
201;574
3818;575
3600;577
1613;578
2131;579
3825;580
1368;581
6491;582
6184;583
1587;584
6484;585
5426;586
2935;587
7004;588
4258;589
4258;839
1942;591
192;592
5977;593
1096;594
5335;595
6608;596
7143;597
81;598
3954;600
6216;601
3728;602
1313;603
6560;604
734;605
3816;606
421;607
256;618
3349;619
5488;620
6862;621
891;622
6205;623
2202;662
7188;663
7188;683
5924;664
1916;665
6572;666
552;667
3503;668
4377;669
5082;670
3379;671
4700;673
2115;674
4547;675
1885;676
3684;677
581;678
6178;679
176;680
2076;681
7189;682
2923;684
713;685
1108;686
3741;687
5496;688
5496;731
1490;689
2489;690
5873;691
3817;692
4713;693
1499;694
4151;695
838;696
3861;697
7123;698
6694;699
6315;700
238;701
4368;702
6995;703
853;704
963;705
6082;706
2980;707
3895;708
3895;717
1955;709
3568;710
3568;2657
5824;711
2208;712
3100;713
1931;714
4353;715
6222;716
3280;722
3280;754
3280;7042
4896;723
2898;724
1780;725
1065;726
5612;727
6345;728
6507;729
7287;730
1609;732
1710;733
1710;780
1054;734
274;735
2713;736
984;737
4779;738
2378;739
2378;3388
1896;740
1744;741
787;742
6635;743
4174;744
1552;745
4722;746
7073;747
3705;748
6624;749
5259;750
2786;751
1863;752
2757;755
2757;2665
2052;756
7225;757
561;758
2366;759
3548;760
2145;761
2304;762
1871;763
1871;3389
748;764
126;765
453;766
7265;767
2432;768
4093;769
7148;770
5041;771
371;772
2051;773
6481;774
3071;775
2649;776
1539;777
4296;778
3871;779
272;781
687;782
240;783
4074;784
2346;785
7163;786
2163;787
1284;788
5542;789
4198;790
2910;791
6020;792
3464;793
7193;794
6486;795
6627;796
1324;797
3976;798
3850;799
1029;800
7187;801
4118;802
155;803
1272;804
5647;805
6193;806
1967;807
4114;808
2733;809
2608;818
6150;819
4239;820
2885;821
2885;3496
1875;822
2860;823
66;824
2409;825
1070;826
2301;827
556;828
2002;829
3435;830
3435;841
4323;831
3623;832
3623;933
1704;833
1704;4066
4369;834
4527;835
3643;836
5416;837
4941;838
5712;840
5435;842
6717;843
2794;844
2794;897
2664;845
270;846
2985;847
4551;848
826;849
1043;850
2365;851
5732;852
1618;853
1618;4120
4130;854
5899;855
364;856
5718;857
5183;858
627;859
168;860
671;861
3057;862
5777;863
4838;865
6024;866
2287;867
1219;868
622;869
6653;870
4766;871
4970;872
4970;906
3307;873
2074;874
5044;875
4984;876
5396;877
329;878
647;879
5867;880
2437;881
4957;882
3030;883
1946;884
537;885
4431;886
2242;887
2911;888
6215;889
5814;890
5203;891
2293;892
5742;893
1439;894
3129;895
3675;896
3357;898
383;899
4361;900
538;901
6746;902
236;903
3361;904
515;905
2439;907
7197;908
3489;909
514;910
2752;911
125;912
122;913
5060;914
1553;915
2099;916
1995;917
3597;918
5152;919
5137;920
7118;921
12;922
1271;923
1527;924
2175;925
1211;926
4520;927
1641;928
6334;934
1389;935
3840;936
4883;937
5288;938
5288;4064
4784;939
2989;940
1954;941
4870;942
4986;943
3802;944
4156;945
4156;961
3527;946
5667;947
390;948
3347;949
6354;950
6851;951
322;952
1003;953
401;954
2222;955
5452;956
5452;966
2838;957
1190;958
1929;959
722;960
3695;962
6170;963
3175;964
273;965
841;967
2858;968
2858;983
1952;969
1153;970
3336;971
2999;972
705;973
6259;974
6142;975
4677;976
3553;977
1413;978
7179;979
524;980
5613;981
124;982
2498;985
5202;986
2926;987
1488;988
4201;989
3788;990
3788;991
823;992
2612;993
3329;994
4312;995
5085;996
6282;997
5939;998
5519;999
7061;1000
6301;1001
564;1002
1214;1003
5638;1004
1405;1005
4977;1006
1410;1007
7247;1008
889;1009
5472;1010
5758;1011
2179;1012
942;1013
5375;1014
105;1015
4987;1016
2538;1017
2696;1018
3689;1022
3518;1023
5130;1024
5646;1025
4255;1026
629;1027
1496;1028
5753;1029
7105;1042
7105;2626
5415;1044
5415;6795
3649;1059
3343;1102
3565;1103
1270;1129
2699;1140
5390;1142
6735;1143
61;1145
3981;1180
3485;1190
6632;1202
422;1225
3849;1242
5512;1260
59;1262
1444;1263
1206;1264
4841;1266
4841;1294
5051;1267
2535;1268
6397;1269
1163;1270
5196;1271
2271;1272
4161;1273
5363;1274
4207;1275
5352;1276
2680;1277
244;1278
2534;1279
3385;1280
6226;1281
2032;1282
1824;1283
1392;1284
6526;1285
5992;1286
6388;1287
389;1288
1087;1289
6316;1291
5813;1292
5813;1309
5813;2649
199;1293
5278;1295
5278;1311
5930;1296
3881;1297
6437;1298
3902;1299
1038;1300
815;1301
5342;1302
6703;1303
7210;1304
4506;1305
7028;1306
3938;1307
6690;1308
2596;1310
770;1312
2850;1313
357;1314
357;2385
3049;1315
3049;2571
7284;1328
3131;1338
640;1349
4763;1370
5178;1387
5945;1397
5268;1407
4802;1420
6704;1422
6704;1719
5338;1437
1302;1445
292;1473
6907;1488
4132;1499
1719;1512
7152;1518
3132;1534
3659;1551
4853;1557
2423;1569
5000;1583
4243;1594
362;1608
6785;1610
3786;1624
3786;2232
1904;1640
4592;1654
2313;1665
2313;2233
2313;4393
2045;1666
2886;1672
7154;1681
2878;1686
2218;1692
3541;1702
2244;1703
5494;1706
6981;1713
6074;1721
6074;4235
1171;1742
1457;1751
92;1763
5446;1775
1133;1788
6069;1802
6166;1822
6528;1851
4827;1872
5350;1885
1291;1903
435;1911
2122;1929
6432;1951
454;1968
3067;1990
6562;2002
3474;2027
2665;2033
7282;2041
3292;2046
2870;2054
6476;2065
3726;2074
1642;2081
2251;2087
5635;2099
575;2114
4028;2122
3743;2152
915;2160
737;2170
2375;2187
664;2192
2325;2200
474;2212
6050;2266
6487;2280
321;2294
6152;2302
6915;2303
3242;2304
2739;2305
5250;2314
754;2328
2868;2339
4363;2351
4666;2362
4584;2364
7181;2367
2270;2368
2270;2371
1621;2369
1621;2373
263;2370
712;2372
1332;2374
3969;2375
1119;2376
6362;2377
4708;2378
7137;2379
6522;2380
3429;2381
2706;2382
163;2383
6541;2384
1182;2386
1182;2598
5736;2400
5106;2408
6033;2413
5379;2418
135;2424
4090;2439
3921;2446
448;2449
2146;2451
5680;2461
1962;2468
3151;2485
1561;2486
5713;2506
1312;2517
5336;2518
4510;2527
6080;2528
2988;2548
332;2572
6278;2591
4076;2592
666;2593
666;2610
5911;2594
7216;2595
2328;2596
1089;2597
5441;2599
7162;2600
6381;2601
1802;2602
7260;2603
4518;2604
5325;2605
653;2606
2005;2607
6513;2608
1820;2609
6865;2611
6865;2648
380;2612
6829;2613
5134;2614
3170;2615
4659;2616
4440;2617
169;2618
4803;2619
3201;2620
5983;2621
5198;2622
1883;2623
6863;2624
5684;2625
5551;2627
550;2628
5383;2629
4913;2630
5410;2631
6580;2632
1131;2633
6320;2634
1222;2635
4667;2636
3493;2637
2340;2638
4342;2639
4342;2656
1188;2640
7005;2641
620;2642
4414;2643
5475;2644
1098;2645
2247;2646
6565;2647
3706;2650
6237;2651
789;2652
549;2653
6336;2654
2379;2655
2116;2658
3729;2659
2356;2660
1514;2661
2023;2662
4892;2663
1151;2664
1086;2688
4109;2728
2674;2756
7039;2777
2279;2795
2879;2813
2879;2894
3498;2843
3498;5435
5264;2878
2814;2904
3796;2921
203;2950
4932;2966
3167;2975
2338;2997
4572;3030
1839;3043
1666;3064
2478;3086
5316;3117
3352;3142
1811;3175
31;3203
4166;3223
4166;6729
1912;3247
3128;3269
1435;3285
5763;3286
1202;3306
727;3330
478;3346
478;3429
940;3379
940;3391
6043;3380
2211;3381
3138;3382
6266;3383
1036;3384
2790;3385
1030;3386
877;3387
6202;3390
179;3392
179;3495
4137;3393
2353;3394
2732;3395
6098;3396
3808;3397
3353;3398
30;3399
4354;3400
5412;3401
3640;3402
3454;3403
3438;3404
1117;3405
5584;3406
1518;3407
2193;3408
1100;3409
4191;3410
3434;3411
3514;3412
1012;3413
3798;3414
1559;3415
1274;3416
6447;3417
3126;3418
7036;3419
2813;3420
3181;3421
2341;3422
6504;3423
1103;3424
894;3425
6161;3426
7155;3427
7155;6164
4263;3428
7256;3430
1492;3431
1492;5303
5468;3432
2876;3433
7121;3434
1019;3435
6195;3436
3589;3437
4525;3438
1979;3439
781;3440
5209;3441
1134;3442
2198;3443
148;3444
1793;3445
649;3446
2463;3447
5543;3448
6671;3449
2646;3450
698;3451
5892;3452
4111;3453
110;3454
294;3455
3096;3456
6727;3457
1110;3458
4014;3459
4854;3460
1895;3461
1560;3462
2641;3463
7095;3464
5170;3465
2015;3466
4271;3467
4065;3468
2714;3469
1829;3470
3115;3471
6123;3472
1063;3473
97;3474
6641;3475
2466;3476
3736;3477
1354;3478
2609;3479
592;3480
3955;3481
1841;3482
5217;3483
1747;3484
2778;3485
4817;3486
2833;3487
6832;3488
1128;3489
4157;3490
296;3491
1723;3492
2785;3493
7090;3494
6719;3497
2348;3499
3041;3500
1524;3527
5395;3542
3620;3551
14;3564
5513;3581
419;3582
1388;3584
4860;3587
5990;3589
1739;3609
2509;3624
3320;3641
6117;3655
6337;3670
3344;3672
5001;3692
7084;3707
1310;3731
2718;3732
5275;3757
4276;3765
1891;3778
4341;3784
3070;3792
4579;3810
5310;3817
4285;3828
2656;3850
896;3859
3268;3869
1125;3878
3868;3887
3604;3890
6805;3910
1308;3911
5622;3932
4316;3945
899;3948
2651;3955
4581;3962
4018;3964
2098;3974
5848;3981
3710;3992
6303;4000
5193;4007
3293;4014
3912;4019
638;4034
5069;4041
22;4047
4300;4048
4165;4050
2721;4051
5031;4052
1192;4054
6145;4060
2576;4065
7024;4067
2653;4068
4362;4069
6773;4070
7058;4071
4380;4072
6760;4073
5553;4074
3998;4075
1307;4076
6333;4077
4585;4078
4395;4079
3183;4080
3622;4081
6446;4082
6446;4091
3823;4083
1531;4084
3059;4085
98;4086
3365;4087
2369;4088
471;4089
3851;4090
5583;4092
2767;4093
7177;4094
7177;4113
2050;4095
3731;4096
6298;4097
3118;4098
3688;4099
1268;4100
1748;4101
1205;4102
6451;4103
1179;4104
4638;4105
3312;4106
597;4107
2429;4108
6366;4109
5554;4110
6089;4111
5361;4112
4195;4114
4195;4404
1069;4115
6549;4116
4085;4117
1718;4118
3633;4119
2597;4121
2597;4185
181;4126
5180;4132
1670;4137
2486;4141
1502;4145
3893;4151
1594;4155
2308;4166
717;4172
1194;4178
15;4184
5056;4186
2300;4199
2126;4200
3;4201
5533;4220
1882;4230
4509;4231
555;4232
6412;4233
6972;4234
120;4236
120;4755
6468;4251
5764;4269
3793;4284
2925;4297
3432;4312
4051;4323
3784;4334
3784;4574
3784;4900
6569;4348
3972;4361
566;4372
3125;4387
475;4389
1677;4391
2143;4392
5950;4394
65;4395
1427;4396
5859;4397
5038;4398
2666;4399
449;4400
197;4401
571;4402
2;4403
6722;4405
6196;4412
1963;4422
2835;4435
1782;4440
3550;4456
4384;4471
3760;4485
681;4499
1541;4518
6389;4540
5014;4563
5974;4572
3382;4575
434;4586
1907;4594
2845;4600
2687;4611
440;4625
4106;4633
4340;4643
5131;4651
3037;4662
3037;5203
68;4676
2615;4688
1044;4698
6815;4711
1987;4725
3988;4735
5233;4746
3836;4756
807;4761
5200;4770
7208;4778
2524;4786
1442;4795
3419;4806
5582;4816
1126;4824
5066;4836
6547;4852
6402;4864
3496;4873
5837;4882
4999;4890
4016;4915
3061;4930
5816;4946
6006;4971
4288;4990
4686;5005
2205;5026
3956;5043
6105;5065
6374;5081
6374;7018
6712;5110
2402;5128
4715;5147
3023;5167
4528;5190
2607;5198
675;5199
5900;5200
6335;5204
6335;5387
641;5205
2621;5216
2871;5227
2296;5242
658;5249
6314;5258
1493;5259
5112;5264
2804;5271
1554;5281
1730;5295
4955;5301
6056;5304
5151;5317
5619;5330
1727;5341
6349;5342
4995;5356
3587;5372
5929;5413
5735;5414
2209;5415
5629;5419
2568;5424
2568;6464
5627;5425
3426;5426
6601;5427
1031;5428
2523;5429
153;5430
3076;5431
1683;5432
1340;5433
5863;5434
5012;5436
5685;5495
5685;8657
2948;5520
1665;5538
3119;5562
3337;5598
2484;5611
2500;5630
1447;5648
3872;5667
6821;5711
3190;5718
4681;5731
4367;5751
2808;5752
6308;5766
3120;5774
358;5781
262;5803
825;5823
5025;5835
6297;5854
43;5879
4281;5905
2174;5931
1917;5944
530;5961
6052;5976
6529;5991
5876;6003
241;6019
5169;6042
2650;6060
6457;6074
6172;6091
4203;6106
5190;6125
1682;6136
4887;6161
2139;6167
392;6237
906;6241
4730;6248
6277;6254
6509;6303
5422;6310
1589;6369
1583;6383
5774;6397
5242;6411
756;6426
4648;6456
4532;6463
4532;6707
7153;6465
4562;6483
5791;6503
506;6517
898;6549
4305;6565
5979;6583
4897;6601
7273;6635
857;6654
818;6679
486;6728
423;6797
423;7032
959;6798
5616;6799
41;6800
6413;6801
2187;6802
1395;6803
5534;6804
2323;6805
4809;6806
4809;6807
4569;6808
5913;6809
4197;6810
4001;6811
3108;6812
6408;6813
4972;6814
634;6815
4408;6816
4180;6817
4033;6818
1145;6819
2844;6820
2416;6821
5568;6822
6620;6823
7055;6831
7055;8146
7229;6869
7080;6889
5100;6927
38;6960
1287;6997
1357;7025
2374;7028
2374;7041
5433;7029
5385;7030
3528;7031
512;7033
832;7034
7140;7035
3153;7036
5015;7037
3039;7038
7100;7039
6803;7040
3471;7063
6375;7075
5874;7095
5767;7106
4023;7128
2468;7145
6093;7161
2467;7177
3400;7194
2465;7203
4105;7225
5261;7227
3603;7238
476;7249
1629;7270
1056;7280
4998;7316
4141;7317
4785;7329
5818;7356
2793;7377
7207;7394
4918;7424
5610;7450
1612;7460
3155;7480
2376;7490
6823;7512
3779;7535
4260;7552
4874;7569
1114;7594
1114;8767
6273;7600
459;7609
6932;7610
1778;7620
2598;7634
4196;7646
669;7659
2673;7669
2525;7680
5240;7691
1762;7699
4530;7710
6997;7722
6154;7734
2235;7744
481;7756
2022;7769
3123;7781
5453;7794
2117;7807
4757;7831
7052;7846
3486;7859
1702;7870
6772;7882
2065;7897
1572;7911
2756;7928
5559;7940
4720;7954
4348;7966
4598;7979
94;7989
5371;8001
4507;8015
1881;8026
7237;8040
2711;8052
2843;8064
2843;8147
4298;8079
5269;8086
87;8098
1650;8109
5042;8123
3136;8135
3559;8148
4539;8149
3107;8150
704;8151
3516;8152
2048;8153
6503;8154
3122;8155
5632;8156
165;8157
4936;8158
1764;8159
797;8160
2107;8161
2155;8162
3966;8163
3078;8164
7138;8165
6016;8166
6016;9081
2974;8188
3327;8222
1296;8248
5506;8296
4284;8332
6431;8337
4676;8375
5790;8415
2585;8448
1309;8489
231;8505
5829;8535
5294;8558
4985;8572
4924;8596
5114;8603
4738;8614
2643;8628
5133;8645
3468;8658
3468;9593
3468;11524
4242;8666
1899;8683
2295;8690
133;8706
4915;8722
4939;8729
5995;8742
6124;8758
6868;8768
6868;9392
4110;8784
4650;8802
3859;8828
3476;8840
3660;8852
6378;8869
573;8894
6833;8904
6901;8922
305;8931
6771;8943
351;8982
4920;8983
4958;8984
5431;8989
929;9020
4699;9029
1329;9039
4589;9058
6965;9075
4475;9082
2167;9096
5037;9108
6433;9119
5891;9133
5510;9151
5510;10637
5510;11456
1298;9168
3646;9169
6516;9182
5255;9197
5255;11009
1638;9220
1638;9997
4576;9242
2548;9279
6204;9293
5253;9303
1195;9319
843;9356
5936;9364
5768;9383
1529;9393
1529;10893
6739;9403
859;9413
4082;9421
6281;9426
5377;9435
2540;9448
901;9465
4959;9477
3948;9488
3274;9489
1630;9512
118;9523
6313;9546
6313;11583
3452;9548
1416;9552
3997;9566
2407;9573
2811;9584
6795;9594
6761;9596
6766;9622
3562;9651
3177;9668
2539;9697
5161;9707
2091;9720
2091;10363
82;9752
6238;9829
5743;9870
4625;9892
5955;9919
2579;9952
6323;9998
1889;10007
3847;10027
3848;10042
2719;10055
4868;10072
4155;10091
6424;10107
2536;10119
6235;10126
5961;10131
1597;10140
3826;10156
6234;10174
948;10191
5185;10203
4952;10220
1378;10225
7170;10231
3095;10236
676;10242
2657;10250
3499;10263
5150;10276
688;10281
1363;10369
6575;10380
4662;10392
4379;10403
4360;10412
2519;10420
4658;10430
3351;10440
1320;10459
1441;10485
3542;10506
2141;10530
4855;10548
1836;10560
1546;10573
3060;10591
3060;10790
7063;10638
5980;10649
5557;10659
4714;10664
1483;10696
1957;10710
2514;10727
175;10741
5145;10764
503;10791
6270;10792
3179;10797
5637;10802
6034;10826
4948;10831
5784;10843
2396;10846
4640;10858
1138;10865
4159;10875
884;10888
2949;10894
2659;10918
1476;10939
4403;10950
2265;10976
5065;10991
3145;11000
1083;11010
2200;11037
821;11058
3699;11077
3691;11102
2093;11128
3094;11143
1752;11162
7151;11195
4689;11196
1002;11221
1540;11254
5287;11290
2791;11306
1474;11332
4269;11353
6787;11375
7077;11387
7077;11388
6904;11401
3678;11427
5455;11432
4291;11450
1930;11457
3240;11469
1745;11476
3824;11482
7283;11496
5991;11507
5996;11516
2775;11526
1857;11537
4020;11551
4492;11564
111;11570
3882;11589
3882;11590
2697;11591
5738;11592
2962;11593
5825;11594
4064;11595
1556;11596
3009;11597
882;11598
5636;11599
227;11600
6843;11601
772;11602
5205;11603
6798;11604
4061;11605
1975;11606
4504;11607
845;11608
1767;11609
1130;11610
483;11611
7288;11612
1555;11613
3463;11614
4725;11615
3305;11616
3305;11617
3305;11761
3305;11947
3570;11618
4930;11619
919;11620
1833;11621
217;11622
4286;11623
4586;11624
1599;11625
1599;11938
3841;11626
2824;11627
2824;11628
1842;11629
266;11630
5639;11631
420;11632
6622;11633
5547;11634
4327;11635
4327;11636
4837;11637
5921;11638
5401;11639
6479;11640
4088;11641
166;11642
2848;11643
7246;11644
2422;11645
88;11646
5124;11647
2748;11648
7285;11649
6377;11650
4835;11651
4835;11652
4098;11653
3359;11654
902;11655
5597;11656
457;11657
3723;11658
4850;11659
3854;11660
6467;11661
6597;11662
5822;11663
3297;11664
4349;11665
2283;11666
2068;11667
1870;11668
7192;11669
2899;11670
6970;11671
3152;11672
3206;11673
1636;11674
6861;11675
695;11676
5302;11677
2745;11678
3886;11679
4325;11680
1238;11681
870;11682
3605;11683
4398;11684
660;11685
1008;11686
4154;11687
3567;11688
6845;11689
3524;11690
4152;11691
1088;11692
1611;11693
6219;11694
2321;11695
5850;11696
6198;11697
3325;11698
5565;11699
1385;11700
3207;11701
3207;11703
3207;11729
3207;12539
7230;11702
2008;11704
1855;11705
3839;11706
1777;11707
5328;11708
5328;11882
1614;11709
4863;11710
5511;11712
4873;11713
6564;11714
6291;11715
2430;11716
5696;11717
729;11718
6550;11719
539;11720
1530;11721
6827;11722
633;11723
5606;11724
159;11725
6448;11726
455;11727
1714;11728
1606;11730
4226;11731
4751;11732
3949;11733
6729;11734
7091;11735
7091;11777
543;11736
6802;11737
5321;11738
1175;11739
5788;11740
10;11741
6607;11742
1602;11743
4493;11744
6390;11745
1574;11746
5640;11747
3693;11748
6872;11749
6679;11750
3672;11751
3609;11752
6494;11753
6783;11754
1370;11755
5332;11756
3654;11757
4315;11758
1706;11759
376;11760
4091;11762
4112;11763
3713;11764
5678;11765
6371;11766
1230;11767
6456;11768
4032;11769
4032;11797
2027;11770
2027;11814
1623;11771
1084;11772
5125;11773
4820;11774
4457;11775
554;11776
4671;11778
4671;11805
4545;11779
5624;11780
540;11781
5448;11782
2176;11783
2176;11815
6668;11784
5428;11785
5;11786
4692;11787
2586;11788
5670;11789
4070;11790
6813;11791
1120;11792
5380;11793
3332;11794
3532;11795
6993;11796
6723;11798
3449;11799
6744;11800
907;11801
6612;11802
3991;11803
6347;11804
7261;11806
3143;11807
5675;11808
6643;11809
1243;11810
947;11811
1295;11812
5664;11813
3569;11816
663;11817
4355;11818
3607;11819
4921;11820
6394;11821
1655;11822
1655;11830
1401;11831
1804;11832
5213;11833
5074;11834
6081;11835
6179;11836
1286;11837
3164;11838
623;11839
6004;11840
2417;11841
450;11842
6750;11843
4047;11844
5360;11845
2217;11846
3697;11847
402;11848
509;11849
3544;11850
6411;11851
6411;12630
6411;13122
4205;11853
5761;11854
3425;11855
6269;11856
6269;12622
6269;13258
2059;11857
4836;11858
2902;11859
3296;11860
1414;11861
69;11862
6933;11863
5223;11864
2186;11865
861;11866
1081;11867
3422;11868
3422;14901
2255;11870
4364;11871
2655;11872
1729;11873
1325;11874
232;11875
2029;11876
2642;11877
2624;11878
4230;11879
7112;11880
6175;11881
2688;11883
1155;11884
7272;11885
7009;11886
2299;11887
3773;11888
2281;11889
4582;11890
2893;11891
2616;11892
3197;11894
3197;12120
3197;12236
2593;11895
824;11896
1503;11897
3169;11898
2033;11899
5986;11900
6581;11901
1440;11902
4523;11903
519;11904
1317;11905
3465;11906
3465;12235
4694;11907
491;11908
4824;11909
5925;11910
4974;11911
1564;11912
1828;11913
1861;11914
2978;11915
3075;11916
6365;11917
1976;11918
406;11919
406;12609
3029;11920
5785;11921
4791;11922
1466;11923
972;11924
774;11925
582;11926
5318;11927
464;11928
7054;11929
6618;11930
2846;11931
1335;11932
7015;11933
4278;11934
1615;11935
2267;11936
2464;11937
488;11943
488;11948
3267;11955
2499;11962
1079;11973
2611;11979
2150;11981
2508;11993
5556;12002
608;12011
2633;12015
6852;12023
1605;12033
3427;12043
908;12053
4505;12057
6647;12070
5486;12078
5281;12081
5963;12082
3376;12088
7071;12095
6011;12097
4319;12108
3040;12114
6418;12117
6676;12125
4769;12136
4885;12148
6236;12542
2144;12543
1189;12552
4080;12561
7277;12569
6329;12578
2012;12585
443;12593
146;12601
2946;12610
1851;12611
1851;12623
2882;12612
2501;12613
7130;12614
4021;12615
4844;12616
7178;12617
1282;12618
1042;12619
1042;12629
1042;13167
5806;12620
1292;12621
7040;12624
6657;12625
954;12626
954;13680
954;13686
954;13692
3186;12627
5175;12628
2796;12646
3139;12675
157;12694
790;12728
1978;12743
5604;12775
7051;12779
7051;12849
6460;12792
160;12802
4374;12804
1173;12837
6228;12857
3896;12878
424;12895
2857;12904
7086;12913
1220;12914
2883;12920
2445;12926
2734;12933
2577;12940
7182;12948
6112;12957
5059;12967
2188;12982
5717;12991
572;13002
1456;13011
2106;13023
6370;13031
7289;13036
5577;13050
5957;13066
2507;13072
975;13078
6000;13101
731;13116
3174;13123
3681;13141
1953;13168
1953;13265
6810;13169
5043;13181
1366;13199
3904;13209
5191;13223
4301;13241
6876;13253
5643;13254
5643;13276
1911;13259
1911;13682
1911;14700
6099;13260
154;13261
2137;13262
6949;13263
943;13264
2190;13266
3013;13288
2431;13302
2147;13317
4577;13326
343;13347
1738;13364
2448;13375
1242;13387
1311;13396
7244;13397
4548;13408
4548;13419
6240;13409
6443;13410
4175;13411
4565;13412
625;13413
625;13414
6921;13415
164;13416
4755;13417
3089;13418
3702;13420
28;13421
2125;13422
5364;13423
7231;13424
4814;13425
2318;13426
2318;13441
4793;13427
2336;13428
6482;13429
3423;13430
2572;13431
1668;13432
7106;13433
3680;13434
310;13435
1047;13436
374;13437
374;13452
5515;13438
4542;13439
2636;13440
4570;13442
2344;13443
2113;13444
6410;13445
2078;13447
2078;13448
2480;13449
5817;13450
52;13451
567;13453
2056;13471
1570;13483
522;13486
2863;13490
5866;13491
2701;13505
4453;13508
1523;13510
320;13511
6916;13512
2590;13513
985;13514
2495;13515
6648;13516
3927;13517
2560;13518
3195;13519
1785;13520
6797;13521
5490;13522
387;13523
1849;13524
6229;13525
4081;13526
6707;13527
553;13528
6850;13529
85;13530
2254;13531
1217;13532
562;13533
3903;13534
5229;13535
5904;13536
3388;13537
5826;13538
3054;13539
5903;13540
5903;13541
6917;13542
6461;13543
6461;14779
1728;13544
4989;13545
5587;13546
2940;13547
4634;13548
353;13549
6092;13550
3254;13551
3254;14576
5141;13552
381;13553
288;13554
1147;13555
5960;13556
2361;13557
910;13558
910;13576
4655;13559
4777;13560
4777;13579
4777;13600
4777;13900
1425;13561
5634;13562
730;13563
7278;13564
6346;13565
4213;13566
4213;13593
4213;13719
4213;13917
3074;13567
2104;13568
2104;13696
430;13569
3983;13570
7262;13571
4963;13572
6018;13573
1741;13574
6441;13575
2226;13577
2557;13578
3970;13580
5889;13581
1731;13582
1588;13583
2194;13584
4302;13585
4302;13777
1937;13586
3797;13587
5309;13588
6749;13589
6068;13590
5086;13591
1265;13592
2243;13594
337;13595
337;13602
6941;13596
5673;13597
3348;13598
4806;13599
3615;13601
7270;13603
6255;13604
5305;13605
3911;13606
3455;13607
3455;13761
6582;13608
5815;13609
4656;13610
5984;13611
5357;13612
5243;13613
1116;13614
528;13615
6165;13616
4236;13617
3951;13618
7172;13619
1763;13620
1763;13674
2851;13621
6812;13622
5094;13623
3910;13624
2817;13625
1825;13626
2934;13627
4947;13628
1451;13629
1451;14349
1451;14693
4102;13630
1464;13631
2797;13632
6279;13633
2625;13634
2625;13760
3545;13635
74;13636
74;13678
2066;13637
2066;13685
2066;14268
5381;13638
3578;13639
490;13640
490;14547
490;14558
5523;13641
6414;13642
6414;13676
2582;13643
7251;13644
237;13645
1809;13646
4635;13647
5227;13648
3644;13649
3599;13650
3599;14996
833;13651
219;13652
219;13688
219;14012
5283;13653
2927;13654
150;13655
6673;13656
3577;13657
1679;13658
1933;13659
3799;13660
3967;13661
4916;13662
469;13663
469;13702
2773;13664
2773;13808
1662;13665
6283;13666
1235;13667
6210;13668
964;13669
964;14770
7037;13670
5800;13671
2944;13672
2234;13673
5677;13675
1789;13677
5773;13679
5218;13681
751;13683
3189;13684
190;13687
3223;13689
112;13690
3044;13691
3958;13693
3437;13694
314;13695
5171;13697
5171;14761
5948;13698
5959;13699
5590;13700
2873;13701
1968;13703
2181;13704
3150;13705
1412;13706
5073;13707
5463;13708
3092;13709
3845;13710
1241;13711
6100;13712
2635;13713
3635;13714
6685;13715
1837;13716
1228;13717
4436;13718
3572;13720
2647;13721
1033;13722
187;13723
5844;13724
1758;13725
2153;13726
5623;13727
114;13728
114;14004
1255;13729
80;13730
4231;13731
4002;13732
5819;13733
6688;13734
6287;13735
5650;13736
6651;13737
6651;14223
3980;13738
366;13739
4200;13740
728;13741
728;14184
1137;13742
1137;14038
5797;13743
1776;13744
602;13745
6263;13746
1516;13747
3947;13748
7236;13749
1505;13750
6085;13751
2180;13752
1168;13753
4122;13754
7149;13755
5778;13756
1921;13757
1277;13758
955;13759
574;13762
2411;13763
2411;14224
2411;14586
1299;13764
4261;13765
6207;13766
3507;13767
2546;13768
6326;13769
1992;13770
1774;13771
4264;13772
2132;13773
2303;13774
1983;13775
6544;13776
5630;13778
2264;13779
5694;13780
1455;13781
3842;13782
3842;14036
1616;13783
2121;13784
4405;13785
2521;13786
2129;13787
2963;13788
4388;13789
2278;13790
2345;13791
2345;13959
2006;13792
5681;13793
5681;13998
5212;13794
2399;13795
2399;14089
2082;13796
5561;13797
3636;13798
40;13799
341;13800
1743;13801
678;13802
4184;13803
1186;13804
1417;13805
3046;13806
4463;13807
4463;13997
5436;13809
6990;13810
5228;13811
4160;13812
4225;13813
535;13814
6951;13815
4192;13816
6587;13817
6587;14157
4540;13818
4540;13856
4540;14156
4229;13819
5641;13820
4007;13821
5173;13822
3373;13823
90;13824
3270;13825
5833;13826
4209;13827
7258;13828
5147;13829
2996;13830
4257;13831
5722;13832
5586;13833
4691;13834
1487;13835
1487;13854
1487;13945
6956;13836
2085;13837
4608;13838
2993;13839
3914;13840
3630;13841
6009;13842
6119;13843
5053;13844
6499;13845
6319;13846
6864;13847
1007;13848
3286;13849
2102;13850
1515;13851
7131;13852
7233;13853
405;13855
6905;13857
613;13858
5343;13859
229;13860
6838;13861
6231;13862
1304;13863
3450;13864
3908;13865
2435;13866
1769;13867
7076;13868
246;13869
493;13870
86;13871
3134;13872
5454;13873
2128;13874
2196;13875
6716;13876
6261;13877
931;13878
200;13879
3830;13880
726;13881
470;13882
4992;13883
4992;14363
2197;13884
1593;13885
4287;13886
2418;13887
6325;13888
5843;13889
3755;13890
6888;13891
4808;13892
3399;13893
656;13894
7087;13895
1950;13896
4697;13897
2779;13898
1351;13899
1351;14176
1351;14509
2135;13901
2447;13902
5709;13903
253;13904
6051;13905
368;13906
5210;13907
4086;13908
3484;13909
1678;13910
689;13911
689;14080
689;14690
5234;13912
1006;13913
1888;13914
2929;13915
1901;13916
6961;13918
6225;13919
6225;13947
6225;14068
6946;13920
4501;13921
6755;13922
4573;13923
3310;13924
4864;13925
3933;13926
6392;13927
4538;13928
6763;13929
233;13930
2138;13931
4256;13932
1213;13933
4307;13934
4387;13935
4875;13936
5107;13937
302;13938
1794;13939
6164;13940
1818;13941
5626;13942
6208;13943
3453;13944
5731;13950
5731;14202
2764;13956
2764;14037
1894;13961
1397;13962
5434;13963
7072;13964
1263;13965
4673;13966
2698;13967
2698;13994
6221;13968
873;13969
6511;13970
4434;13971
4521;13972
6698;13973
5181;13974
6814;13975
1280;13976
1104;13977
6173;13978
4800;13979
6882;13980
5877;13981
2067;13982
5909;13983
4641;13984
3676;13985
5591;13986
5747;13987
1491;13988
2723;13989
191;13990
6906;13991
2088;13992
3739;13993
1485;13995
2628;13996
3229;13999
1041;14000
333;14001
601;14002
1563;14003
4071;14005
2587;14006
3652;14007
6478;14008
230;14009
2252;14010
2252;14020
6799;14011
4663;14013
3552;14014
6403;14015
84;14016
2473;14017
2473;14233
3114;14018
4750;14019
1903;14021
4557;14022
6181;14023
1831;14024
4252;14025
1407;14026
7059;14027
1048;14028
2682;14029
4487;14030
2333;14031
3036;14032
6680;14033
1411;14034
1112;14035
2683;14039
1619;14040
5307;14041
75;14042
5421;14043
2497;14044
6942;14045
4066;14046
1127;14047
3121;14048
5109;14049
6540;14050
6928;14051
2747;14052
7113;14053
5830;14054
36;14055
504;14056
5177;14057
1697;14058
4133;14059
6075;14060
6855;14061
6496;14062
372;14063
495;14064
1148;14065
7088;14066
4815;14067
6361;14069
3810;14070
3401;14071
3173;14072
3416;14073
4399;14074
667;14075
4317;14076
4960;14077
3005;14078
6502;14079
6502;14235
1315;14081
2149;14082
4486;14083
5602;14084
1020;14085
5393;14086
1726;14087
5596;14088
6199;14090
6740;14091
2349;14092
1999;14093
89;14094
6738;14095
533;14096
6135;14097
4371;14098
2347;14099
3038;14100
5238;14101
3405;14102
1643;14103
1805;14104
1669;14105
5875;14106
248;14107
4731;14108
6353;14109
4167;14110
498;14111
3368;14112
918;14113
1585;14114
6969;14115
3918;14116
5319;14117
937;14118
249;14119
7107;14120
3580;14121
2943;14122
2798;14123
4147;14124
2355;14125
479;14126
6386;14127
5918;14128
1988;14129
2731;14130
4000;14131
1736;14132
2986;14133
6146;14134
21;14135
6306;14136
6214;14137
2094;14138
104;14139
3930;14140
7206;14141
2031;14142
5386;14143
1663;14144
6047;14145
2693;14146
1489;14147
2787;14148
5078;14149
2591;14150
5656;14151
5476;14152
6856;14153
2350;14154
1016;14155
6896;14158
4537;14159
6271;14160
5216;14161
810;14162
1914;14163
1331;14164
7238;14165
866;14166
5055;14167
5176;14168
1581;14169
1581;14469
4669;14170
4326;14171
3974;14172
6445;14173
6163;14174
3502;14175
4423;14177
6884;14178
4643;14179
3264;14180
606;14181
5330;14182
3708;14183
7126;14185
2413;14186
2476;14187
6545;14188
632;14189
617;14190
6943;14191
3165;14192
2972;14193
4101;14194
4745;14195
2487;14196
2470;14197
7022;14198
1052;14199
3354;14200
1288;14201
255;14203
4566;14204
5741;14205
359;14206
1810;14207
2727;14208
2239;14209
6741;14210
3674;14211
7166;14212
2654;14213
2654;14424
1595;14214
4705;14215
4435;14216
636;14217
4567;14218
5267;14219
2837;14220
4045;14221
3194;14222
1380;14225
2241;14226
3978;14227
2959;14228
953;14229
4448;14230
6391;14231
6391;14241
6453;14232
3878;14234
5687;14236
4886;14237
828;14238
2440;14239
1944;14240
1945;14242
1945;14299
6275;14243
1918;14244
1432;14245
3088;14246
3775;14247
5812;14248
2306;14249
4609;14250
6458;14251
215;14252
5349;14253
2575;14254
3085;14255
3182;14256
5230;14257
487;14258
1009;14259
4466;14260
3571;14261
5969;14262
3959;14263
4479;14264
5157;14265
3417;14266
1600;14267
6048;14269
6048;14289
4596;14270
1680;14271
4411;14272
4212;14273
6469;14274
2821;14275
2671;14276
5071;14277
2319;14278
2319;14347
4908;14279
4908;14341
4674;14280
5366;14281
5277;14282
2812;14283
2100;14284
2631;14285
3790;14286
1022;14287
131;14288
2047;14290
2047;14422
2161;14291
6819;14292
3300;14293
5792;14294
3901;14295
3162;14296
6630;14297
4390;14298
4967;14300
542;14301
5975;14302
1074;14303
1436;14304
1436;14409
3063;14305
2390;14306
2028;14307
4723;14308
986;14309
4158;14310
4599;14311
3495;14312
189;14313
5297;14314
452;14315
4227;14316
3971;14317
5438;14318
2178;14319
6439;14320
121;14321
3889;14322
5159;14323
3833;14324
3458;14325
3701;14326
63;14327
3283;14328
3641;14329
1659;14330
3655;14331
1481;14332
6425;14333
3314;14334
2010;14335
3934;14336
1664;14337
2852;14338
3101;14339
3101;17457
6217;14340
6217;14515
1504;14342
3915;14343
5682;14344
5314;14345
4783;14346
7204;14348
2594;14350
2594;14458
2783;14351
275;14352
275;14494
5263;14353
4050;14354
771;14355
290;14356
4237;14357
4134;14358
1909;14359
3317;14360
1972;14361
5852;14362
5852;14463
4511;14364
5617;14365
4424;14366
6036;14367
673;14368
2046;14369
1592;14370
1893;14371
1458;14372
3289;14373
123;14374
2019;14375
2019;14413
6057;14376
3763;14377
4034;14378
5449;14379
5449;14459
3811;14380
4735;14381
1306;14382
1658;14383
1890;14384
2182;14385
5105;14386
2511;14387
2511;14403
5315;14388
499;14389
2604;14390
1025;14391
2250;14392
5497;14393
7101;14394
7101;14510
6752;14395
6436;14396
5182;14397
2103;14398
2685;14399
1865;14400
6975;14401
7159;14402
3922;14404
4857;14405
1892;14406
3733;14407
6889;14408
3323;14410
4089;14411
3117;14412
6948;14414
113;14415
2907;14416
4407;14417
6992;14418
4289;14419
741;14420
2248;14421
1172;14423
6878;14425
4295;14426
991;14427
7064;14428
5291;14429
1853;14430
4849;14431
6200;14432
7279;14433
4458;14434
1260;14435
2454;14436
3308;14437
3248;14438
2737;14439
1646;14440
3026;14441
7003;14442
2037;14443
3944;14444
3367;14445
7274;14446
557;14447
6118;14448
283;14449
4177;14450
674;14451
297;14452
3834;14453
5944;14454
1170;14455
5222;14456
1381;14457
5040;14460
5509;14461
4580;14462
966;14464
3262;14465
2788;14466
1651;14467
6774;14468
5423;14470
3441;14471
6822;14472
1627;14473
6399;14474
6784;14475
3098;14476
1197;14477
2109;14478
3149;14479
5128;14480
1322;14481
1421;14482
7203;14483
260;14484
149;14485
2553;14486
5896;14487
4672;14488
2874;14489
4842;14490
5663;14491
5518;14492
3457;14493
2957;14495
6811;14496
4311;14497
3687;14498
4063;14499
3551;14500
5795;14501
1066;14502
2774;14503
115;14504
3690;14505
4502;14506
5123;14507
2522;14508
2717;14511
3111;14512
6913;14513
3696;14514
2105;14516
5333;14517
5333;14662
6404;14518
883;14519
6554;14520
4675;14521
4978;14522
5397;14523
4172;14524
6895;14525
813;14526
1886;14527
1886;14730
3661;14528
2606;14529
6520;14530
4500;14531
3874;14532
3874;14575
7190;14533
6858;14534
2990;14535
6492;14536
1913;14537
1267;14538
1267;14702
6340;14539
1633;14540
1144;14541
1716;14542
3931;14543
2531;14544
6515;14545
1461;14546
1873;14548
6348;14549
1867;14550
5759;14551
4324;14552
5940;14553
7222;14554
2613;14555
6359;14556
6600;14557
6600;14565
1174;14559
5451;14560
2982;14561
1484;14562
7214;14563
4115;14564
1511;14566
2930;14567
3112;14568
6104;14569
4378;14570
7120;14571
2942;14572
6952;14573
3433;14574
7211;14577
1212;14578
5404;14579
72;14580
1382;14581
6372;14582
5514;14583
5300;14584
766;14585
766;14620
4911;14587
888;14588
888;14655
716;14589
5499;14590
2177;14591
5695;14592
2013;14593
3968;14594
1463;14595
2171;14596
1657;14597
4668;14598
4668;14650
4549;14599
2049;14600
5706;14601
6726;14602
6736;14603
3975;14604
6223;14605
4096;14606
4314;14607
7122;14608
5457;14609
2358;14610
3529;14611
3656;14612
3364;14613
6800;14614
2273;14615
6250;14616
2001;14617
513;14618
1550;14619
1550;14664
558;14621
4776;14622
3537;14623
55;14624
7145;14625
6072;14626
5693;14627
983;14628
5054;14629
6078;14630
6147;14631
6796;14632
4306;14633
2984;14634
1365;14635
5232;14636
3475;14637
6294;14638
3776;14639
2605;14640
4468;14641
6684;14642
3742;14643
2041;14644
7275;14645
1512;14646
6489;14647
5284;14648
1690;14649
3960;14651
1193;14652
5752;14653
5286;14654
5081;14656
5081;14692
4234;14657
1844;14658
3031;14659
5458;14660
212;14661
1850;14663
3234;14665
3835;14666
4593;14668
5064;14669
926;14670
740;14671
840;14672
7209;14673
2016;14674
4765;14675
5615;14676
6357;14677
436;14678
7290;14679
1812;14680
2111;14681
183;14682
5872;14683
3356;14684
2583;14685
1852;14686
5022;14687
5853;14688
257;14689
7127;14691
2750;14694
5225;14695
7032;14696
5439;14697
5189;14698
2738;14699
152;14701
4652;14703
4683;14704
3407;14705
3252;14706
58;14707
5725;14708
5011;14709
2629;14710
2629;14733
5993;14711
3066;14712
1766;14713
1358;14714
3393;14715
185;14716
2405;14717
3766;14718
2979;14719
5997;14720
5006;14721
37;14722
6185;14723
4128;14724
5248;14725
4795;14726
143;14727
5019;14728
5827;14729
3110;14731
6077;14732
6991;14734
6517;14735
7094;14736
2455;14737
2168;14738
3925;14739
4602;14740
6188;14741
1115;14742
527;14743
2089;14744
385;14745
5860;14746
2343;14747
3288;14748
4790;14749
6677;14750
4630;14751
2678;14752
1947;14753
6355;14754
6835;14755
4716;14756
6980;14757
2443;14758
93;14759
4402;14760
777;14762
1519;14763
7201;14764
6574;14765
3069;14766
5973;14767
4490;14768
5649;14769
4072;14771
2216;14772
3024;14773
5214;14774
7186;14775
6134;14776
1424;14777
1579;14778
6576;14780
6613;14781
6613;14816
619;14782
7240;14783
4726;14784
2011;14785
576;14786
4788;14787
6918;14788
2867;14789
5260;14790
4040;14791
7029;14792
3299;14793
3276;14794
3443;14795
6488;14796
6488;14806
6028;14797
1737;14798
2080;14799
6440;14800
6971;14801
3411;14802
2084;14803
5344;14804
1765;14805
928;14807
4822;14808
356;14809
6211;14810
338;14811
4221;14812
5368;14813
4467;14814
4679;14815
3564;14817
4702;14818
2919;14819
5308;14820
2924;14821
4068;14822
4478;14823
6245;14824
6505;14825
3045;14826
1876;14827
3595;14828
3781;14829
812;14830
4053;14831
6611;14832
254;14833
4821;14834
808;14835
4893;14836
116;14837
1584;14838
6201;14839
3447;14840
2530;14841
2530;14859
1517;14842
1094;14843
2110;14844
307;14845
7098;14846
6409;14847
2203;14848
621;14849
621;14860
399;14850
1969;14851
7104;14852
6506;14853
299;14854
4481;14855
7228;14856
1732;14857
609;14858
872;14861
394;14862
4951;14863
4794;14864
3547;14865
2505;14866
285;14867
3508;14868
3369;14869
5965;14870
3387;14871
3012;14872
2017;14873
5117;14874
5116;14875
6848;14876
2686;14877
2708;14878
5153;14879
5750;14880
1791;14881
1864;14882
1216;14883
680;14884
6531;14885
5348;14886
5348;14895
760;14887
4208;14888
5391;14889
2327;14890
4622;14891
5769;14892
5740;14893
820;14894
4526;14896
944;14897
944;14962
944;15007
3593;14898
3428;14899
4428;14900
4048;14902
6042;14903
3222;14904
2124;14905
2704;14906
3720;14907
346;14908
5589;14909
5589;15039
4181;14910
2232;14911
2232;14971
851;14912
714;14913
4724;14914
446;14915
3590;14916
3025;14917
117;14918
6770;14919
6770;14944
6770;15027
1075;14920
5775;14921
5786;14922
3176;14923
4476;14924
6268;14925
6512;14926
5580;14927
261;14928
5367;14929
6464;14930
3409;14931
1472;14932
3704;14933
3863;14934
4412;14935
2637;14936
1900;14937
1450;14938
6633;14939
5479;14940
3019;14941
7185;14942
3034;14943
375;14945
4120;14946
3905;14947
6927;14948
211;14949
4583;14950
1796;14951
1673;14952
5564;14953
6246;14954
5174;14955
4615;14956
5120;14957
2691;14958
6578;14959
4804;14960
6500;14961
541;14963
4907;14964
4574;14965
4275;14966
6925;14967
5672;14968
6213;14969
6213;15083
5529;14970
251;14972
4083;14973
616;14974
6243;14975
4421;14976
4357;14977
4743;14978
5902;14979
6174;14980
2627;14981
2901;14982
1372;14983
2897;14984
4432;14985
3213;14986
1057;14987
5470;14988
4025;14989
4964;14990
773;14991
5101;14992
997;14993
3436;14994
245;14995
3412;14997
4126;14998
5942;14999
1256;15000
979;15001
5456;15002
335;15003
4862;15004
4629;15005
5662;15006
6058;15008
3166;15009
2702;15010
1386;15011
2220;15012
6701;15013
709;15014
6892;15015
6909;15016
5119;15017
6667;15018
969;15019
3982;15020
2760;15021
5080;15022
1353;15023
2288;15024
1390;15025
4781;15026
7053;15028
2324;15029
7234;15030
4461;15031
1495;15032
465;15033
2274;15034
879;15035
5941;15036
5932;15037
6041;15038
3777;15040
3777;15283
2315;15041
3135;15042
3135;15056
987;15043
3160;15044
7041;15045
1919;15046
5912;15047
897;15048
2828;15049
6881;15050
4329;15051
221;15052
5207;15053
2458;15054
5985;15055
5985;15060
2260;15057
62;15058
1058;15059
1058;15181
3523;15061
2578;15062
563;15063
3999;15064
3772;15065
744;15066
1806;15067
5372;15068
384;15069
3585;15070
3585;15116
2768;15071
4843;15072
2588;15073
2592;15074
1624;15075
791;15076
398;15077
6794;15078
6794;15112
3245;15079
291;15080
4665;15081
2826;15082
2668;15084
2394;15085
7014;15086
7014;15087
6472;15088
1807;15089
6367;15090
5855;15091
5144;15092
6682;15093
264;15094
5642;15095
1815;15096
976;15097
6317;15098
788;15099
768;15100
6003;15101
6274;15102
3769;15103
2388;15104
2903;15105
690;15106
551;15107
7012;15108
1014;15109
1278;15110
4534;15111
4534;15130
7133;15113
4819;15114
5720;15115
4266;15117
2373;15118
1970;15119
6218;15120
5045;15121
303;15122
1948;15123
1948;15132
1948;15146
1948;15257
6095;15124
2977;15125
3315;15126
1246;15127
5241;15128
719;15129
3512;15131
5716;15133
1507;15134
885;15135
1845;15136
5409;15137
3263;15138
3124;15139
5601;15140
4027;15141
7263;15142
3218;15143
3218;15281
4318;15144
5831;15145
4248;15147
3017;15148
5048;15149
3897;15150
3774;15151
725;15152
3266;15153
6021;15154
3505;15155
1591;15156
1652;15157
2614;15158
5798;15159
6779;15160
4497;15161
4488;15162
2257;15163
2257;15180
3732;15164
5661;15165
5096;15166
3821;15167
3258;15168
7114;15169
3442;15170
516;15171
5810;15172
6689;15173
1545;15174
6086;15175
2229;15176
2947;15177
2675;15178
3964;15179
2277;15272
2277;15273
4614;15274
1879;15275
2533;15276
5686;15277
5966;15278
1406;15279
5075;15280
2970;15282
3473;15284
4469;15285
4701;15286
1140;15287
1783;15288
6066;15289
6059;15290
2573;15291
4011;15292
1532;15293
4005;15294
4642;15295
3913;15296
786;15297
161;15298
3445;15299
6180;15300
6180;15318
6180;15387
6180;16147
6132;15301
6132;15327
6132;15501
6132;15518
413;15302
3469;15303
5573;15304
1672;15305
5669;15306
5087;15307
5549;15308
3994;15309
3202;15310
546;15311
546;18536
3311;15312
4917;15313
2452;15314
4;15315
1628;15316
693;15317
2236;15319
2236;15331
1984;15320
4680;15321
588;15322
3281;15323
3104;15324
4265;15325
5869;15326
13;15328
13;15344
13;16127
379;15329
4498;15330
3957;15332
4121;15333
4121;15350
6305;15334
7010;15335
1423;15336
2730;15337
6652;15338
6307;15339
1715;15340
7083;15341
2446;15342
186;15343
1647;15345
1647;15358
6742;15346
395;15347
6129;15348
6129;15525
593;15349
1781;15351
6655;15352
6655;15364
3333;15353
2009;15354
3730;15355
5201;15356
6474;15357
3290;15359
3290;15370
5599;15360
1398;15361
4717;15362
6090;15363
5607;15365
5607;15378
1536;15366
637;15367
2169;15368
2284;15369
6417;15371
6417;15407
923;15372
2335;15373
391;15374
2561;15375
6022;15376
6551;15377
2720;15379
939;15380
594;15381
762;15382
7212;15383
3679;15384
2823;15385
2362;15386
2362;15390
2551;15388
3306;15389
6825;15391
3935;15392
6126;15393
4393;15394
4508;15395
4829;15396
5345;15397
6157;15398
4969;15399
1160;15400
2960;15401
3625;15402
2414;15403
6037;15404
6037;15425
5244;15405
7048;15406
6049;15408
6592;15409
7134;15410
2600;15411
3916;15412
4012;15413
905;15414
905;15438
1648;15415
403;15416
3686;15417
1725;15418
2253;15419
3865;15420
1028;15421
2092;15422
7183;15423
2831;15424
57;15426
1136;15427
1136;15447
4866;15428
4901;15429
3657;15430
7033;15431
1887;15432
4445;15433
5098;15434
3771;15435
607;15436
672;15437
2351;15439
2351;15448
5195;15440
6376;15441
3016;15442
6169;15443
3394;15444
752;15445
6352;15446
2881;15449
5905;15450
5905;15451
328;15452
5484;15453
1465;15454
1465;16253
1465;16411
3638;15455
3638;15490
3719;15456
2228;15457
1644;15458
3531;15459
1383;15460
3375;15461
2602;15462
5934;15463
3158;15464
4938;15465
1333;15466
3792;15467
6463;15468
6623;15469
5526;15470
5526;17075
6983;15471
5247;15472
6524;15473
6524;17431
3539;15474
3133;15475
3133;15540
348;15476
4297;15477
4937;15478
300;15479
2225;15480
103;15481
1607;15482
1305;15483
127;15484
4304;15485
6996;15486
5978;15487
6869;15488
3147;15489
6192;15491
3097;15492
1443;15493
1443;16262
3748;15494
1990;15495
1990;15758
7217;15496
1375;15497
5007;15498
614;15499
1720;15500
5952;15502
863;15503
4587;15504
1938;15505
2112;15506
3945;15507
1860;15508
220;15509
6897;15511
6897;18530
1980;15512
2658;15513
2658;15529
583;15514
1118;15515
5707;15516
2563;15517
6989;15519
1538;15520
6158;15521
3785;15522
5594;15523
5021;15524
7291;15526
6106;15527
6054;15528
5256;15530
5256;15572
6;15531
6;17031
4170;15532
2095;15533
388;15534
874;15535
5821;15536
1684;15537
6877;15538
5502;15539
4139;15541
4139;15605
2326;15542
3238;15543
1757;15544
5585;15545
1920;15546
4834;15547
1498;15548
3345;15549
5061;15550
5033;15551
1247;15552
1247;18039
3962;15553
763;15554
2038;15555
276;15556
397;15557
4037;15558
5570;15559
4416;15560
3219;15561
50;15562
4437;15563
3592;15564
6060;15565
6614;15566
7227;15567
6286;15568
3965;15569
5353;15570
4728;15571
3556;15573
900;15574
900;15813
900;15943
1991;15575
6324;15576
2661;15577
2516;15578
208;15579
2472;15580
5655;15581
3277;15582
5726;15583
2759;15584
1835;15585
3386;15586
2626;15587
1768;15588
4279;15589
3291;15590
3291;15667
1199;15591
500;15592
1231;15593
4514;15594
6501;15595
7026;15596
615;15597
1557;15598
1557;15753
5108;15599
3216;15600
2119;15601
7069;15602
5092;15603
5092;15617
308;15604
7142;15606
978;15607
497;15608
1445;15609
1445;15949
281;15610
6373;15611
46;15612
5158;15613
3631;15614
1803;15615
472;15616
505;15618
523;15619
1548;15620
3342;15621
4611;15622
598;15623
1090;15624
1635;15625
447;15626
7070;15627
7070;15931
4382;15628
6046;15629
4721;15630
5994;15631
2589;15632
2589;15748
6765;15633
4752;15634
946;15635
7065;15636
3384;15637
6005;15638
5002;15639
3093;15640
5326;15641
5326;15684
2973;15642
218;15643
4062;15644
5595;15645
2018;15646
2853;15647
1376;15648
2160;15649
4330;15650
6646;15651
2763;15652
5614;15653
3768;15654
7081;15655
51;15656
3888;15657
951;15658
4575;15659
2856;15660
1846;15661
630;15662
4029;15663
210;15664
5552;15665
5552;15669
5552;15782
5552;15994
5552;16026
1506;15666
3269;15668
4262;15670
1359;15671
2865;15672
6143;15673
4464;15674
407;15675
6131;15676
6131;15985
6044;15677
2571;15678
2632;15679
710;15680
5504;15681
5651;15682
138;15683
138;15759
4531;15685
5531;15686
3928;15687
349;15688
4251;15689
3735;15690
4982;15691
7213;15692
7213;16004
1687;15693
5405;15694
6788;15695
369;15696
7132;15697
4796;15698
4796;15706
4796;15824
4337;15699
4337;17885
6256;15700
2073;15701
2297;15702
7235;15703
2967;15704
4345;15705
3510;15707
3510;15841
2998;15708
3334;15709
1537;15710
4902;15711
718;15712
1396;15713
1067;15714
2840;15715
2289;15716
265;15717
6167;15718
871;15719
7102;15720
2618;15721
3000;15722
6248;15723
6585;15724
466;15725
6780;15726
759;15727
2987;15728
1053;15729
7165;15730
3081;15731
3081;15767
3586;15732
2862;15733
6115;15734
3722;15735
5958;15736
2014;15737
5356;15738
2395;15739
2679;15740
6708;15741
1568;15742
4446;15743
2428;15744
956;15745
735;15746
735;15975
6806;15747
934;15749
5679;15750
25;15751
2526;15752
3961;15754
1361;15755
5005;15756
2932;15757
4059;15760
4059;18482
2003;15761
7243;15762
3130;15763
48;15764
485;15765
2506;15766
3614;15768
6986;15769
3855;15770
1653;15771
2761;15772
5644;15773
235;15774
235;16019
235;16390
235;17419
2451;15775
1645;15776
880;15777
289;15778
1049;15779
345;15780
345;15992
2619;15781
6954;15808
4389;15809
1608;15810
806;15811
2951;15812
2784;15814
6546;15815
1185;15816
5429;15817
1712;15818
5471;15819
3829;15820
842;15821
5113;15822
2954;15823
2515;15825
5658;15826
5658;15870
1746;15827
847;15828
7250;15829
1854;15830
6642;15831
4415;15832
3055;15833
2070;15834
2312;15835
5262;15836
6197;15837
2994;15838
6681;15839
721;15840
3079;15842
467;15843
7171;15844
4103;15845
4811;15846
1951;15847
3576;15848
5304;15849
2268;15850
2268;18330
1686;15851
5355;15852
4503;15853
3171;15854
4645;15855
6038;15856
1620;15857
2035;15858
1721;15859
2765;15860
6911;15861
2162;15862
6936;15863
9;15864
6322;15865
5870;15866
5870;15884
2795;15867
6828;15868
309;15869
6032;15871
1124;15872
6438;15873
6438;15908
5089;15874
2527;15875
4889;15876
482;15877
6705;15878
304;15879
6421;15880
26;15881
26;18492
6343;15882
5413;15883
6493;15885
6818;15886
5954;15887
7169;15888
1004;15889
1004;15893
3831;15890
3624;15891
3624;18420
2547;15892
2471;15894
4187;15895
2670;15896
532;15897
1834;15898
836;15899
4739;15900
570;15901
3058;15902
6209;15903
6926;15904
6156;15905
4108;15906
1996;15907
2245;15909
6454;15910
47;15911
47;15933
3827;15912
496;15913
846;15914
1533;15915
6096;15916
2199;15917
3941;15918
6125;15919
6480;15920
4322;15921
6807;15922
7173;15923
2164;15924
5688;15925
798;15926
5154;15927
4321;15928
2364;15929
876;15930
7271;15932
5562;15934
5562;16615
3759;15935
3141;15936
661;15937
6756;15938
3718;15939
2282;15940
4185;15941
3321;15942
5135;15944
3091;15945
5744;15946
3632;15947
659;15948
2384;15950
5365;15951
6434;15952
715;15953
2400;15954
7191;15955
4912;15956
5163;15957
5163;17057
5920;15958
3018;15959
5079;15960
3480;15961
6579;15962
128;15963
6609;15964
6253;15965
6339;15966
4742;15967
5871;15968
1143;15969
2204;15970
5459;15971
6672;15972
5618;15973
805;15974
3077;15976
3989;15977
1387;15978
782;15979
3056;15980
6477;15981
2453;15982
6393;15983
1586;15984
4410;15995
1350;15996
2939;15997
7030;15998
5593;15999
3509;16000
784;16001
5689;16002
5653;16003
1300;16005
5749;16006
6108;16007
5299;16008
5588;16009
6110;16010
4787;16011
3237;16012
3612;16013
6602;16014
4313;16015
6455;16016
5351;16017
3778;16018
1259;16020
2061;16021
1674;16022
3608;16023
5524;16024
1689;16025
5354;16027
1467;16028
4568;16029
1631;16030
1154;16031
4604;16032
1740;16033
3815;16034
4454;16035
416;16036
5857;16037
3985;16038
4079;16039
441;16040
4075;16041
167;16042
1814;16043
3751;16044
869;16045
1239;16046
326;16047
3737;16048
5783;16049
4943;16050
2004;16051
2004;16091
6276;16052
1422;16053
1422;16128
4588;16054
981;16055
7200;16056
4687;16057
5727;16058
2908;16059
6450;16060
5666;16061
4249;16062
6490;16063
6988;16064
6842;16065
4100;16066
3554;16067
2136;16068
6076;16069
6923;16070
6428;16071
4206;16072
5789;16073
1023;16074
1023;16193
2151;16075
2532;16076
3043;16077
1598;16078
5608;16079
844;16080
5566;16081
223;16082
4372;16083
604;16084
4884;16085
648;16086
3698;16087
1604;16088
7079;16089
1626;16090
1622;16092
1622;16103
6063;16093
5282;16094
2662;16095
6311;16096
974;16097
2474;16098
5408;16099
1982;16100
5620;16101
5620;16146
5976;16102
3303;16104
4419;16105
7027;16106
1402;16107
1848;16108
3832;16109
5362;16110
5063;16111
2866;16112
5883;16113
2359;16114
2359;16115
4996;16116
3350;16117
3366;16118
5645;16119
3378;16120
2479;16121
4404;16122
2780;16123
3230;16124
3220;16125
1059;16126
7135;16129
5272;16130
3877;16131
4922;16132
271;16133
521;16134
6775;16135
6427;16136
67;16137
1452;16138
7196;16139
1964;16140
559;16141
3483;16142
3431;16143
6534;16144
5339;16145
6073;16148
4119;16149
4119;16237
4119;16271
4135;16150
3754;16151
3754;16217
4894;16152
6790;16153
4334;16154
5206;16155
1290;16156
2230;16157
4015;16158
1141;16159
318;16160
2936;16161
6947;16162
5155;16163
1843;16164
1266;16165
1266;16172
1266;16202
1266;16247
1266;16378
3477;16166
4438;16167
4865;16168
3616;16169
3616;16189
5425;16170
5425;16187
3712;16171
4496;16173
2382;16174
3341;16175
461;16176
4707;16177
4009;16178
350;16179
5748;16180
6299;16181
158;16182
4552;16183
2753;16184
70;16185
1314;16186
4798;16188
4949;16190
2189;16191
2550;16192
6728;16194
4851;16195
4851;16225
3002;16196
5430;16197
775;16198
5003;16199
1734;16200
6272;16201
3987;16203
3987;16316
5179;16204
6227;16205
1208;16206
612;16207
4703;16208
4703;16230
6820;16209
4895;16210
4895;16242
1371;16211
5757;16212
2913;16213
3363;16214
2156;16215
3414;16216
3414;16363
259;16218
259;16241
184;16219
5211;16220
1877;16221
6257;16222
3381;16223
6891;16224
2968;16226
4553;16227
4485;16228
1026;16229
1549;16231
5811;16232
4352;16233
1394;16234
4682;16235
6664;16236
196;16238
5057;16239
2566;16240
1934;16243
451;16244
6067;16245
2083;16246
2961;16248
1935;16249
700;16250
6885;16251
1218;16252
5541;16254
136;16255
855;16256
855;16293
4522;16257
6497;16258
2888;16259
462;16260
2000;16261
1639;16263
6498;16264
6498;16301
7128;16265
7128;17245
5481;16266
6140;16267
3408;16268
4867;16269
6398;16270
1558;16272
1558;16330
5981;16273
4211;16274
2754;16275
177;16276
6777;16277
6556;16278
5009;16279
644;16280
6753;16281
5162;16282
5162;16311
6420;16283
7031;16284
7031;16678
3395;16285
6573;16286
6160;16287
1099;16288
5517;16289
4417;16290
875;16291
2807;16292
4876;16294
4876;16310
2331;16295
2233;16296
2269;16297
6429;16298
5323;16299
5323;16331
4617;16300
4617;16580
2552;16302
1236;16303
1085;16304
1750;16305
6937;16306
5987;16307
7281;16308
3322;16309
665;16312
3805;16313
7115;16314
2258;16315
6596;16317
6596;16344
6645;16318
5419;16319
134;16320
4976;16321
780;16322
2173;16323
2601;16324
6139;16325
2298;16326
4145;16327
39;16328
477;16329
1932;16332
7205;16333
1102;16334
1250;16335
428;16336
7056;16337
3917;16338
1542;16339
1671;16340
5668;16341
5611;16342
2456;16343
242;16345
3536;16346
2310;16347
5306;16348
2660;16349
909;16350
3424;16351
5254;16352
6010;16364
5625;16365
4847;16366
2818;16367
2692;16368
269;16369
280;16370
1252;16371
2494;16372
3749;16373
3747;16379
708;16380
1336;16381
3870;16382
4555;16383
2914;16384
3233;16385
2917;16386
1708;16387
4283;16388
3035;16389
6938;16391
1142;16392
3856;16393
3856;16647
3856;17402
6264;16394
3932;16395
3588;16396
3462;16397
2667;16398
993;16399
1565;16400
5290;16401
224;16402
6111;16403
6111;16421
5046;16404
6071;16405
1696;16406
1696;16500
6284;16407
6039;16408
6764;16409
4244;16410
4988;16412
4899;16413
5525;16414
501;16415
4332;16416
4332;16432
6055;16417
5546;16418
2491;16419
5164;16420
2735;16422
1771;16423
1771;16467
1771;16668
6900;16424
5799;16425
3992;16426
144;16427
7293;16428
429;16429
941;16430
4631;16431
3533;16433
3533;18083
6758;16434
3196;16435
4556;16436
6791;16437
5276;16438
7168;16439
5237;16440
5665;16441
3767;16442
3302;16443
4543;16444
7062;16445
1113;16446
3284;16447
6533;16448
2036;16449
433;16450
6706;16451
60;16452
2830;16453
2477;16454
1316;16455
4644;16456
5923;16457
5923;16736
4830;16458
5194;16459
2971;16460
6629;16461
7164;16462
7164;16475
4524;16463
6615;16464
793;16465
2884;16466
3584;16468
4310;16469
4117;16470
5714;16471
2371;16472
3380;16473
799;16474
427;16476
427;16526
3581;16477
590;16478
1355;16479
2915;16480
2915;16527
2915;16658
7000;16481
1135;16482
1470;16483
1816;16484
5331;16485
5609;16486
3838;16487
3838;16597
3838;18106
6743;16488
3324;16489
3506;16490
6023;16491
3396;16492
4619;16493
585;16494
1462;16495
5971;16496
4670;16497
2689;16498
5861;16499
142;16501
142;17360
560;16502
1327;16503
5072;16504
3156;16505
932;16506
1905;16507
4900;16508
4900;16550
4900;17344
1379;16509
1379;16553
4888;16510
4704;16511
4704;16549
5937;16512
1169;16513
1123;16514
2075;16515
5231;16516
1244;16517
1244;16734
2334;16518
1150;16519
1460;16520
1819;16521
312;16522
2292;16523
3521;16524
6696;16525
651;16528
6571;16529
2240;16530
7001;16531
5708;16532
3053;16533
4890;16534
1426;16535
4747;16536
3804;16537
4778;16538
6731;16539
378;16540
3900;16541
3800;16542
2995;16543
5847;16544
1121;16545
1161;16546
4990;16547
3142;16548
3326;16551
2663;16552
837;16554
837;16610
837;16625
6959;16555
3936;16556
1573;16557
71;16558
4852;16559
5442;16560
7150;16561
4246;16562
6514;16563
6514;16572
755;16564
5273;16565
5501;16566
1204;16567
4613;16568
6538;16569
1994;16570
5967;16571
425;16573
3271;16574
2669;16575
2816;16576
4684;16577
313;16578
5704;16579
5862;16581
5862;18025
323;16582
7119;16583
4812;16584
3575;16585
1132;16586
2460;16587
4477;16588
1229;16589
4272;16590
3634;16591
1011;16592
1323;16593
3020;16594
4965;16595
1956;16596
5293;16598
7252;16599
2900;16600
6387;16601
5598;16602
2305;16603
796;16604
7146;16605
4465;16606
2569;16607
5988;16608
1279;16609
5384;16611
761;16612
6310;16613
2097;16614
2097;16692
7219;16616
3560;16617
2799;16618
4104;16619
578;16620
4756;16621
1821;16622
7239;16623
529;16624
529;16632
3048;16626
6670;16627
3481;16628
6510;16629
3801;16630
2622;16631
6267;16633
6267;16949
284;16634
3534;16635
3090;16636
5555;16637
3717;16638
3789;16639
4799;16640
2071;16641
1337;16642
4210;16643
1906;16644
2170;16645
5953;16646
4953;16648
4953;16677
3116;16649
1902;16650
957;16651
5605;16652
1010;16653
4925;16654
6141;16655
5257;16656
1409;16657
1409;17019
1705;16659
5186;16660
2424;16661
4762;16662
1347;16663
437;16664
5424;16665
596;16666
5836;16667
56;16669
56;17000
5402;16670
868;16671
856;16672
6893;16673
6470;16674
1101;16675
6675;16676
7195;16679
5132;16680
1181;16681
1080;16682
7176;16683
4597;16684
4879;16685
4628;16686
5010;16687
5781;16688
3627;16689
6968;16690
2108;16691
170;16693
2461;16694
6902;16695
1610;16696
2025;16697
2025;16727
1926;16698
3924;16699
33;16700
5221;16701
4535;16702
2053;16703
747;16704
5989;16705
1339;16706
4605;16707
1660;16708
5076;16709
4923;16710
4413;16711
1973;16712
226;16713
4429;16714
7248;16715
6912;16716
6351;16717
545;16728
4006;16729
5437;16730
3783;16731
5407;16732
3885;16733
4148;16735
6553;16737
848;16738
7038;16739
3668;16740
6979;16741
5324;16742
4491;16743
3558;16744
3558;16762
5832;16745
5143;16746
5143;17274
5143;17455
205;16747
4292;16748
3360;16749
7097;16750
3227;16751
2339;16752
2114;16753
1700;16754
2342;16755
4651;16756
4651;16766
5854;16757
2337;16758
4331;16759
5919;16760
3246;16761
7043;16763
3724;16764
7220;16765
5099;16767
3750;16768
5110;16769
5495;16770
6473;16771
2294;16772
2294;16780
6035;16773
2847;16774
2847;16794
1001;16775
5311;16776
4049;16777
5296;16778
1258;16779
4621;16781
4621;16807
580;16782
2541;16783
4561;16784
706;16785
1254;16786
4737;16787
5358;16788
702;16789
5972;16790
3251;16791
3478;16792
100;16793
3952;16795
589;16796
4447;16797
4447;16813
6285;16798
5389;16799
1166;16800
5674;16801
3670;16802
1249;16803
5487;16804
2134;16805
2777;16806
6187;16808
3891;16809
171;16810
1547;16811
1547;16823
1534;16812
936;16814
2895;16815
2895;16847
2895;16869
19;16816
994;16817
6563;16818
193;16819
3637;16820
1471;16821
1367;16822
4961;16824
1034;16825
1034;17145
1418;16826
2482;16827
3032;16828
7109;16829
5346;16830
7111;16831
5024;16832
5097;16833
6423;16834
4618;16835
2559;16836
5298;16837
2938;16838
1923;16839
7268;16840
4241;16841
2545;16842
2545;17584
6963;16843
6977;16844
2311;16845
7253;16846
1590;16848
6713;16849
6713;16892
7257;16850
5340;16851
742;16852
7042;16853
1237;16854
654;16855
3404;16856
7129;16857
1275;16858
3943;16859
2955;16860
6964;16861
4636;16862
4162;16863
4590;16864
5246;16865
3146;16866
1428;16867
1404;16868
7292;16870
686;16871
5091;16872
2822;16873
4632;16874
1925;16875
801;16876
2238;16877
3752;16878
1240;16879
5864;16880
2101;16881
6874;16882
6880;16883
4344;16884
4113;16885
3410;16886
2880;16887
386;16888
7286;16889
5535;16890
4471;16891
4471;17163
132;16893
132;16912
132;16977
410;16894
5406;16895
2815;16896
6122;16897
1910;16898
45;16899
45;16902
4099;16900
1437;16901
4646;16903
4768;16904
5603;16905
5122;16906
3239;16907
342;16908
1158;16909
3714;16910
4660;16911
1369;16913
626;16914
4869;16915
2275;16916
6400;16917
3491;16918
4035;16919
1430;16920
3852;16921
6136;16922
1691;16923
1473;16924
6695;16925
1694;16926
4394;16927
2421;16928
2421;16950
2950;16929
460;16930
3857;16931
1667;16932
3843;16933
3618;16934
4512;16935
4512;17113
3707;16936
3707;16966
5095;16937
2195;16938
2436;16939
382;16940
2020;16941
3500;16942
3068;16943
7002;16944
6603;16945
6379;16946
809;16947
3272;16948
3318;16951
3256;16952
5927;16953
1753;16954
5028;16955
3371;16956
6732;16957
1232;16958
1701;16959
7241;16960
5803;16961
4706;16962
3042;16963
5888;16964
2872;16965
2290;16967
2290;17530
4600;16968
4839;16969
2392;16970
78;16971
411;16972
1046;16973
3995;16974
4019;16975
5550;16976
5550;17065
2537;16978
2385;16979
4944;16980
282;16981
4626;16982
6721;16983
2314;16984
1522;16985
6001;16986
4881;16987
4179;16988
5440;16989
7198;16990
6330;16991
3753;16992
6183;16993
6183;17009
3488;16994
34;16995
34;17099
4125;16996
3282;16997
3390;16998
4945;16999
1649;17001
1649;17028
216;17002
4770;17003
5998;17004
6786;17005
6660;17006
5142;17007
5142;17063
5142;17077
1276;17008
4718;17010
4968;17011
2086;17012
525;17013
5450;17014
6521;17015
1751;17016
1717;17017
3051;17018
3549;17020
7016;17021
1856;17022
1326;17023
1293;17024
2715;17025
3127;17026
1486;17027
7232;17029
4401;17030
225;17032
5235;17033
4073;17034
5270;17035
188;17036
2820;17037
6332;17038
178;17039
1521;17040
699;17041
5787;17042
4140;17043
3557;17044
2520;17045
960;17046
6669;17047
921;17048
194;17049
2921;17050
7025;17051
4396;17052
3526;17053
508;17054
3335;17055
1698;17056
1784;17058
7011;17059
140;17060
3906;17061
5104;17062
6984;17064
1345;17066
2157;17067
682;17068
1348;17069
2069;17070
1699;17071
4452;17072
1184;17073
6940;17074
1795;17076
5461;17078
8;17079
3163;17080
4409;17081
4084;17082
5469;17083
4222;17084
2684;17085
6121;17086
2782;17087
6998;17088
4013;17089
3522;17090
3639;17091
5008;17092
5926;17093
6619;17094
5901;17095
3406;17096
804;17097
2770;17098
5776;17100
5776;17314
3782;17101
6407;17102
6920;17103
2549;17104
1959;17105
3492;17106
295;17107
2810;17108
7049;17109
2728;17110
3658;17111
5102;17112
6625;17114
1107;17115
1107;17162
4981;17116
5258;17117
5691;17118
2722;17119
2956;17120
3413;17121
6127;17122
1838;17123
711;17124
1032;17125
2166;17126
4308;17127
7018;17128
3355;17129
6886;17130
3791;17131
3791;17565
1915;17132
1273;17133
3513;17134
3513;17234
4903;17135
4903;17220
1152;17136
5165;17137
6079;17138
5376;17139
2803;17140
2404;17141
1924;17142
5049;17143
4385;17144
3899;17146
1245;17147
1245;17559
4693;17148
6342;17149
1364;17150
1880;17151
3105;17152
1788;17153
3611;17154
1196;17155
1196;17933
980;17156
1420;17157
4214;17158
6040;17159
2801;17160
3161;17161
6384;17164
6015;17165
5285;17166
927;17167
3761;17168
3294;17169
3144;17170
6026;17171
4293;17172
4480;17173
1399;17174
1675;17175
1675;17182
1571;17176
2744;17177
1773;17178
3780;17179
5886;17180
6012;17181
6637;17183
950;17184
2965;17185
1656;17186
3109;17187
2214;17188
5851;17189
3610;17190
1269;17191
5068;17192
5068;17571
531;17193
732;17194
7199;17195
3316;17196
3504;17197
4810;17198
5536;17199
3515;17200
3765;17201
7125;17202
456;17203
610;17204
2223;17205
3540;17206
3003;17207
5444;17208
2370;17209
1997;17210
4204;17211
1469;17212
7044;17213
1433;17214
1543;17215
3362;17216
439;17217
4997;17218
4997;17229
925;17219
1301;17221
6621;17222
400;17223
4333;17224
484;17225
4904;17226
3448;17227
1770;17228
5890;17230
4606;17231
5882;17232
1634;17233
5411;17235
1927;17236
5755;17237
54;17238
5751;17239
352;17240
4186;17241
3004;17242
6341;17243
6518;17244
5521;17246
5521;17437
5760;17247
5697;17248
757;17249
757;17266
3148;17250
3530;17251
1577;17252
1419;17253
1419;17282
6697;17254
4971;17255
2555;17256
3389;17257
3389;17714
3389;17806
4483;17258
2755;17259
373;17260
3642;17261
1479;17262
850;17263
3973;17264
6702;17265
3942;17267
3942;17342
1035;17268
7074;17269
6978;17270
1082;17271
5013;17272
628;17273
4376;17275
652;17276
5058;17277
4190;17278
239;17279
3418;17280
2024;17281
6062;17283
2485;17284
2408;17285
6781;17286
2261;17287
6190;17288
23;17289
4391;17290
4484;17291
7147;17292
3298;17293
3946;17294
106;17295
106;17353
890;17296
5908;17297
5908;17325
5699;17298
5370;17299
2634;17300
3001;17301
4026;17302
4426;17303
4290;17304
6808;17305
1207;17306
3064;17307
4441;17308
4823;17309
1095;17310
4929;17311
3669;17312
6616;17313
3231;17315
3021;17316
4649;17317
6177;17318
324;17319
6567;17320
6687;17321
2172;17322
1162;17323
2931;17324
7108;17326
2558;17327
3807;17328
1759;17329
7057;17330
1808;17331
1508;17332
6662;17333
5047;17334
5023;17335
697;17336
6401;17337
2928;17338
2928;17502
544;17339
3011;17340
3873;17341
1234;17343
6304;17345
4003;17346
1977;17347
2741;17348
494;17349
6532;17350
250;17351
2063;17352
794;17354
794;17401
794;17887
6194;17355
5399;17356
624;17357
1165;17358
4515;17359
417;17361
5520;17362
4044;17363
914;17364
1448;17365
3482;17366
4877;17367
2449;17368
6523;17369
6088;17370
2391;17371
1446;17372
3113;17373
5724;17374
1362;17375
5465;17376
4346;17377
4346;17814
354;17378
2644;17379
4563;17380
473;17381
2740;17382
1713;17383
645;17384
3538;17385
1045;17386
4805;17387
1021;17388
6025;17389
2502;17390
3198;17391
3440;17392
3440;17490
753;17393
7223;17394
3203;17395
2007;17396
1733;17397
1866;17398
6029;17399
4749;17400
5156;17408
4946;17409
6686;17410
6031;17411
2690;17412
7167;17413
301;17414
834;17415
5474;17420
5503;17421
822;17422
3253;17423
4591;17424
4338;17425
6809;17426
2221;17427
4994;17428
3846;17429
4928;17430
5427;17432
1253;17433
3304;17434
3879;17435
4392;17436
6857;17438
1943;17439
4194;17440
3977;17441
694;17442
4370;17443
5579;17444
3744;17445
7060;17446
4039;17447
5018;17448
6834;17449
492;17450
2517;17451
4744;17452
393;17453
3191;17454
4267;17456
4131;17458
7093;17459
3241;17460
3757;17461
1475;17462
4459;17463
4773;17464
6919;17465
5192;17466
6053;17467
432;17468
6769;17469
3715;17470
2623;17471
35;17472
4259;17473
6955;17474
5539;17475
5374;17476
4443;17477
2246;17478
7226;17479
298;17480
5865;17481
6459;17482
3837;17483
4043;17484
1248;17485
3319;17486
5432;17487
1640;17488
2152;17489
3330;17491
3295;17492
3295;17767
7008;17493
2490;17494
2703;17495
3700;17496
3919;17497
4087;17498
5951;17499
6801;17500
6191;17501
16;17503
16;17630
1897;17504
4153;17505
618;17506
827;17507
6109;17508
2645;17509
7020;17510
4056;17511
7158;17512
3065;17513
4422;17514
6239;17515
7066;17516
684;17517
5772;17518
599;17519
3745;17520
1551;17521
1092;17522
6358;17523
5701;17524
4782;17525
1013;17526
591;17527
79;17528
49;17529
4030;17531
5721;17532
5219;17533
7160;17534
5917;17535
347;17536
2320;17537
3666;17538
1526;17539
2677;17540
2043;17541
5884;17542
5215;17543
6725;17544
4818;17545
3716;17546
4758;17547
2040;17548
1989;17549
3535;17550
4250;17551
1187;17552
3926;17553
4268;17554
5537;17555
3543;17556
1632;17557
6280;17558
3822;17560
96;17561
6846;17562
4571;17563
5728;17564
6776;17566
6182;17567
3265;17568
3279;17569
7215;17570
2055;17572
3014;17573
3014;17591
6552;17574
3372;17575
6759;17576
6967;17577
3459;17578
1482;17579
2367;17580
1453;17581
4933;17582
3685;17583
4358;17585
4358;17599
6265;17586
5483;17587
2639;17588
6606;17589
701;17590
1703;17592
6292;17593
408;17594
5698;17595
5220;17596
3573;17597
5295;17598
5560;17600
5560;17866
3370;17601
5938;17602
5770;17603
5770;17790
6782;17604
2912;17605
2912;17836
2729;17606
6734;17607
2215;17608
3210;17609
3876;17610
5500;17611
339;17612
3667;17613
5538;17614
119;17615
147;17616
44;17617
44;17618
6898;17619
3479;17620
5505;17621
5127;17622
864;17623
4872;17624
6385;17625
520;17626
367;17627
3869;17628
6831;17629
6114;17631
4427;17632
1343;17633
5418;17634
1393;17635
11;17636
3647;17637
2966;17638
0;17639
3619;17640
1341;17641
1722;17642
6922;17643
4840;17644
6309;17645
5507;17646
4727;17647
4736;17648
6153;17649
1209;17650
5274;17651
7242;17652
2492;17653
4228;17654
4228;18037
3770;17655
3006;17656
6382;17657
6382;17782
7180;17658
2462;17659
6594;17660
6594;18370
2058;17661
4224;17662
6344;17663
2079;17664
6982;17665
4365;17666
6116;17667
3574;17668
2206;17669
5893;17670
769;17671
811;17672
3278;17673
3278;18068
6960;17674
6960;17747
6960;17815
6102;17675
6369;17676
642;17677
642;17909
1779;17678
1352;17679
99;17680
4420;17681
4176;17682
2158;17683
6593;17684
4400;17685
4690;17686
95;17687
2291;17688
2383;17689
5729;17690
4754;17691
3052;17692
1874;17697
1874;17800
1005;17698
7161;17699
1449;17700
4695;17701
1501;17702
6360;17703
6527;17704
839;17705
1055;17706
6628;17707
6293;17708
6665;17709
1580;17710
7046;17711
1858;17712
2276;17713
2276;17865
3629;17715
1500;17716
5885;17717
970;17718
6176;17719
5251;17720
5166;17721
5166;17899
4094;17722
1051;17723
3653;17724
2918;17725
792;17726
6064;17727
3346;17728
7124;17729
4142;17730
137;17731
4931;17732
6444;17733
1695;17734
1233;17735
468;17736
6853;17737
27;17738
6757;17739
547;17740
7144;17741
4654;17742
2357;17743
1146;17744
287;17745
204;17746
4356;17748
5702;17749
6300;17750
1303;17751
4418;17752
2266;17753
1384;17754
1578;17755
2389;17756
6030;17757
3199;17758
2316;17759
1949;17760
4450;17761
1872;17762
878;17763
1936;17764
4546;17765
691;17766
2450;17768
4859;17769
6875;17770
5802;17771
2475;17772
6826;17773
3711;17774
1596;17775
5754;17776
965;17777
109;17778
2620;17779
1832;17780
1832;17872
4004;17781
4472;17783
6710;17784
2854;17785
5703;17786
6962;17787
5271;17788
4661;17789
4449;17791
4449;18064
4891;17792
5916;17793
2610;17794
5574;17795
5574;17901
3920;17796
6691;17798
2952;17799
173;17801
1180;17802
502;17803
2140;17804
1200;17805
1097;17807
2510;17808
4792;17809
6663;17810
2802;17811
6887;17812
3566;17813
518;17816
5388;17817
4038;17818
2945;17819
5067;17820
6258;17821
1661;17822
5558;17823
4494;17824
3628;17825
4639;17826
1177;17827
6849;17828
4550;17829
973;17830
5265;17831
4966;17832
3391;17833
4235;17834
2599;17835
1965;17837
5839;17838
73;17839
107;17840
3392;17841
4223;17842
961;17843
3184;17844
2219;17845
6327;17846
1251;17847
4956;17848
3255;17849
2839;17850
1688;17851
7269;17852
2953;17853
2317;17854
2403;17855
1681;17856
3866;17857
3937;17858
6144;17859
2397;17860
7175;17861
1693;17862
4882;17863
4858;17864
1321;17867
4253;17868
3208;17869
1827;17870
5312;17871
2322;17873
5621;17874
2393;17875
6699;17876
2425;17877
2709;17878
6065;17879
243;17880
6860;17881
1908;17882
3650;17883
4558;17884
2387;17886
7136;17888
3883;17889
3663;17890
6724;17891
6162;17892
4273;17893
3497;17894
2543;17895
5730;17896
1257;17897
409;17898
1840;17900
4761;17902
3692;17903
4439;17904
4439;17991
6751;17905
4719;17906
5347;17907
764;17908
5204;17910
5204;18295
4456;17911
6149;17912
6733;17913
5527;17914
1884;17915
2081;17916
4780;17917
2438;17918
4215;17919
6656;17920
5780;17921
1328;17922
6950;17923
3601;17924
3601;17983
4347;17925
360;17926
360;17947
1792;17927
2518;17928
892;17929
2710;17930
4069;17931
4328;17932
1676;17934
1676;17988
6910;17935
5088;17936
5088;18274
5823;17937
1176;17938
1176;17955
5027;17939
2419;17940
3673;17941
5858;17942
6859;17943
5017;17944
4906;17945
6730;17946
3940;17948
5378;17949
1928;17950
1377;17951
6561;17952
6762;17953
6762;17963
6189;17954
3159;17956
3662;17957
3662;18163
6899;17958
3594;17959
5840;17960
2457;17961
6870;17962
6363;17964
3880;17965
3880;18218
1760;17966
6591;17967
3224;17968
2262;17969
2832;17970
6525;17971
6318;17972
5160;17973
2368;17974
6586;17975
7245;17976
7034;17977
2054;17978
6155;17979
5745;17980
5652;17981
5477;17982
4129;17984
2997;17985
6557;17986
3664;17987
5317;17989
1215;17990
2231;17992
130;17993
795;17994
5845;17995
1654;17996
3172;17997
4173;17998
1817;17999
5026;18000
1122;18001
4042;18002
3596;18003
5838;18004
1403;18005
2042;18006
4189;18007
6789;18008
3809;18009
2184;18010
1513;18011
5103;18012
2894;18013
3923;18014
4240;18015
6356;18016
5820;18017
3887;18018
1000;18019
2469;18020
5115;18021
5115;18096
5039;18022
5828;18023
5828;18474
5782;18024
2354;18026
1525;18027
1525;18084
903;18028
2725;18029
4832;18030
5794;18031
4470;18032
5569;18033
3374;18034
29;18035
4067;18036
2724;18038
4536;18040
2434;18041
2496;18042
2825;18043
2890;18044
6168;18045
4861;18046
3467;18047
5188;18048
4624;18049
4578;18050
6383;18051
746;18052
6598;18053
3137;18054
18;18055
3466;18056
4831;18057
5572;18058
3099;18059
1064;18060
2933;18061
4934;18062
2792;18063
886;18065
1297;18066
222;18067
2280;18069
3740;18070
6133;18071
785;18072
1210;18073
1210;18139
2771;18074
2746;18075
6792;18076
2751;18077
1400;18078
595;18079
4299;18080
5167;18081
102;18082
860;18085
2859;18086
6395;18087
743;18088
1535;18089
3890;18090
2743;18091
1477;18092
526;18093
3225;18094
6519;18095
577;18097
4856;18098
6260;18099
3140;18100
958;18101
4163;18102
5931;18103
418;18104
3204;18105
6296;18107
2401;18108
6084;18109
4482;18110
5467;18111
252;18112
982;18113
129;18114
6471;18115
5700;18116
4058;18117
2805;18118
6027;18119
1037;18120
2694;18121
6890;18122
6380;18123
5136;18124
4898;18125
5337;18126
3022;18127
1294;18128
4980;18129
1093;18130
1093;18131
2529;18132
2992;18133
1178;18134
2237;18135
2781;18136
2426;18137
922;18138
316;18140
4541;18141
4541;18178
6903;18142
2891;18143
1868;18144
6595;18145
377;18146
692;18147
6206;18148
5671;18149
1582;18150
657;18151
6568;18152
3339;18153
2302;18154
3397;18155
2286;18156
7089;18157
1823;18158
6151;18159
4709;18160
6847;18161
6045;18162
5999;18164
6083;18165
3157;18166
2855;18167
7259;18168
3814;18169
7021;18170
4846;18171
631;18172
631;18190
6866;18173
3725;18174
2123;18175
4764;18176
4878;18177
1105;18179
6985;18180
6985;18208
2861;18181
1024;18182
214;18183
6816;18184
1373;18185
2118;18186
4057;18187
3015;18188
3683;18189
5126;18191
3073;18192
3073;18209
819;18193
6442;18194
6536;18195
5737;18196
1981;18197
6220;18198
5887;18199
4950;18200
635;18201
920;18202
2896;18203
776;18204
4127;18205
6017;18206
6017;18252
6462;18207
1040;18210
1159;18211
2504;18212
5121;18213
2574;18214
6396;18215
6396;18271
2875;18216
962;18217
1071;18219
2652;18220
3645;18221
3331;18222
5077;18223
3950;18224
1567;18225
696;18226
3583;18227
2969;18228
1735;18229
5447;18230
1603;18231
6350;18232
5879;18233
2030;18234
6636;18235
4359;18236
5485;18237
6934;18238
1283;18239
7006;18240
5118;18241
5544;18242
5466;18243
4144;18244
2330;18245
4232;18246
5801;18247
1772;18248
1072;18249
4320;18250
363;18251
5392;18253
3420;18254
3546;18255
4657;18256
643;18257
5414;18258
3328;18259
6233;18260
3820;18261
4430;18262
5146;18263
4729;18264
2072;18265
5540;18266
6958;18267
6230;18268
3087;18269
5771;18270
5034;18272
2420;18273
3746;18275
2700;18276
4519;18277
1281;18278
6661;18279
2212;18280
4216;18281
4216;18304
924;18282
6649;18283
3446;18284
145;18285
3721;18286
4010;18287
2904;18288
325;18289
3226;18290
1342;18291
3862;18292
5140;18293
5964;18294
3154;18296
1111;18297
4386;18298
865;18299
1939;18300
881;18301
1797;18302
534;18303
1478;18305
5968;18306
1562;18307
5914;18308
3494;18309
2570;18310
2159;18311
2372;18312
3275;18313
5090;18314
6415;18315
1289;18316
2567;18317
331;18318
5280;18319
431;18320
3894;18321
587;18322
4712;18323
2210;18324
1285;18325
1062;18326
3185;18327
6974;18328
6251;18329
5252;18331
5093;18332
268;18333
5052;18334
5766;18335
4595;18336
655;18337
4975;18338
2256;18339
5249;18340
5029;18341
4366;18342
1707;18343
3212;18344
6605;18345
510;18346
6976;18347
3243;18348
3235;18349
6804;18350
3205;18351
6700;18352
4178;18353
1039;18354
2127;18355
4217;18356
3444;18357
6589;18358
6537;18359
4274;18360
4905;18361
4097;18362
3209;18363
4909;18364
5581;18365
933;18366
1139;18367
1156;18368
1156;18475
1156;18487
463;18369
6793;18371
7249;18372
2377;18373
565;18374
5756;18375
4383;18376
3795;18377
3487;18378
5734;18379
1076;18380
180;18381
4748;18382
6768;18383
4123;18384
6435;18385
4733;18386
7068;18387
7110;18388
6171;18389
1822;18390
5654;18391
1966;18392
2766;18393
831;18394
4696;18395
3383;18396
3519;18397
4060;18398
989;18399
4351;18400
6939;18401
4499;18402
736;18403
4433;18404
5648;18405
361;18406
4759;18407
4759;18522
2695;18408
6654;18409
5922;18410
306;18411
141;18412
1685;18413
1798;18414
1509;18415
6061;18416
5895;18417
5522;18418
662;18419
6929;18421
1799;18422
3188;18423
6626;18424
83;18425
1786;18426
2556;18427
4740;18428
4164;18429
5400;18430
5910;18431
2584;18432
3734;18433
1330;18434
2712;18435
2380;18436
5168;18437
24;18438
5567;18439
3819;18440
365;18441
3979;18442
5187;18443
4280;18444
2398;18445
6711;18446
3309;18447
5528;18448
4880;18449
5710;18450
5327;18451
3602;18452
6103;18453
207;18454
4962;18455
1224;18456
151;18457
5947;18458
3561;18459
2503;18460
2386;18461
3456;18462
5387;18463
2259;18464
3083;18465
2360;18466
6999;18467
2148;18468
5004;18469
1510;18470
995;18471
2493;18472
4046;18473
5036;18476
286;18477
317;18478
2213;18479
3287;18480
1227;18481
77;18483
2991;18484
42;18485
6748;18486
4149;18488
5129;18489
5020;18490
4373;18491
4335;18493
330;18494
3892;18495
2789;18496
4871;18497
5660;18498
917;18499
7082;18500
723;18501
4495;18502
1434;18503
2981;18504
5765;18505
4771;18506
6113;18507
2975;18508
600;18509
1922;18510
6422;18511
6247;18512
814;18513
5301;18514
5492;18515
2562;18516
5946;18517
3451;18518
1149;18519
4183;18520
6289;18521
1221;18523
7184;18524
2021;18525
2021;18538
3990;18526
6101;18527
1692;18528
2769;18529
5808;18531
4136;18532
3244;18533
156;18534
5705;18535
1528;18537
6953;18539
913;18540
4146;18541
5982;18542
7035;18543
278;18544
3517;18545
3517;18566
4220;18546
4734;18547
4616;18548
5690;18549
4544;18550
1625;18551
6817;18552
3301;18553
6559;18554
101;18555
6994;18556
3192;18557
2869;18558
3398;18559
5723;18560
3756;18561
4828;18562
1459;18563
1017;18564
603;18565
