create table SURVEY (ID integer, PARENT_ID integer, NAME varchar(6), FULL_NAME varchar(10), TITLE varchar(58));
create table CENTRELINE (ID integer, SURVEY_ID integer, TITLE varchar(4), TOPO_DATE date, EXPLO_DATE date, LENGTH real, SURFACE_LENGTH real, DUPLICATE_LENGTH real);
create table PERSON (ID integer, NAME varchar(4), SURNAME varchar(15));
create table EXPLO (PERSON_ID integer, CENTRELINE_ID integer);
create table TOPO (PERSON_ID integer, CENTRELINE_ID integer);
create table STATION (ID integer, NAME varchar(4), SURVEY_ID integer, X real, Y real, Z real);
create table STATION_FLAG (STATION_ID integer, FLAG char(3));
create table SHOT (ID integer, FROM_ID integer, TO_ID integer, CENTRELINE_ID integer, LENGTH real, BEARING real, GRADIENT real, ADJ_LENGTH real, ADJ_BEARING real, ADJ_GRADIENT real, ERR_LENGTH real, ERR_BEARING real, ERR_GRADIENT real);
create table SHOT_FLAG (SHOT_ID integer, FLAG char(3));
create table MAPS (ID integer, SURVEY_ID integer, NAME varchar(6), TITLE varchar(58), PROJID integer, LENGTH real, DEPTH real);
create table SCRAPS (ID integer, SURVEY_ID integer, NAME varchar(6), PROJID integer, MAX_DISTORTION real, AVG_DISTORTION real);
create table MAPITEMS (ID integer, TYPE integer, ITEMID integer);
insert into SURVEY values (1, 0, '', '', NULL);
 insert into CENTRELINE values (2, 1, NULL, NULL, NULL, 0.00, 0.00, 0.00);
 insert into SURVEY values (19, 1, 'Sakany', 'Sakany', NULL);
 insert into CENTRELINE values (20, 19, NULL, NULL, NULL, 0.00, 0.00, 0.00);
 insert into CENTRELINE values (21, 19, NULL, NULL, NULL, 0.00, 0.00, 0.00);
 insert into SURVEY values (22, 19, '1', '1.Sakany', 'LIAISON AMOUREUX / ECHELLES / SAKANETTE');
 insert into CENTRELINE values (23, 22, NULL, NULL, NULL, 0.00, 0.00, 0.00);
 insert into CENTRELINE values (24, 22, NULL, '2001-05-12', NULL, 0.00, 279.13, 0.00);
 insert into PERSON values (1, NULL, 'CASSOU D et J');
insert into TOPO values (1, 24);
 insert into PERSON values (2, NULL, 'CASSOU JP');
insert into TOPO values (2, 24);
 insert into SHOT values (1, 1, 2, 24, 11.550, 20.91, 21.00, 11.672, 24.76, 22.68, 0.809, 113.87, 26.50);
insert into SHOT_FLAG values(1, 'srf');
insert into SHOT values (2, 2, 3, 24, 13.300, 317.91, 33.00, 13.373, 322.23, 35.36, 1.000, 66.73, 29.77);
insert into SHOT_FLAG values(2, 'srf');
insert into SHOT values (3, 3, 4, 24, 13.500, 61.91, -31.00, 13.462, 60.47, -28.34, 0.693, 14.56, 54.35);
insert into SHOT_FLAG values(3, 'srf');
insert into SHOT values (4, 4, 5, 24, 6.550, 12.91, -15.00, 6.551, 13.06, -13.33, 0.192, 31.83, 74.70);
insert into SHOT_FLAG values(4, 'srf');
insert into SHOT values (5, 5, 6, 24, 11.600, 4.91, -3.00, 11.633, 5.43, -0.54, 0.510, 70.61, 76.91);
insert into SHOT_FLAG values(5, 'srf');
insert into SHOT values (6, 6, 7, 24, 6.100, 308.91, -8.00, 6.099, 310.05, -6.40, 0.208, 29.73, 54.13);
insert into SHOT_FLAG values(6, 'srf');
insert into SHOT values (7, 7, 8, 24, 6.600, 124.91, -1.00, 6.601, 124.94, -0.95, 0.007, 204.42, 51.94);
insert into SHOT_FLAG values(7, 'srf');
insert into SHOT values (8, 8, 9, 24, 20.000, 118.91, -30.00, 19.997, 118.90, -30.00, 0.004, 318.58, 0.00);
insert into SHOT_FLAG values(8, 'srf');
insert into SHOT values (9, 9, 10, 24, 9.800, 69.91, -25.00, 9.802, 69.91, -25.05, 0.009, 226.08, -78.10);
insert into SHOT_FLAG values(9, 'srf');
insert into SHOT values (10, 10, 11, 24, 20.000, 98.91, -39.00, 20.000, 98.92, -38.98, 0.009, 126.18, 48.74);
insert into SHOT_FLAG values(10, 'srf');
insert into SHOT values (11, 11, 12, 24, 19.300, 10.91, 2.00, 19.300, 10.91, 1.99, 0.004, 38.28, -85.41);
insert into SHOT_FLAG values(11, 'srf');
insert into SHOT values (12, 12, 13, 24, 20.000, 9.91, 0.00, 19.998, 9.91, 0.00, 0.002, 214.43, 0.00);
insert into SHOT_FLAG values(12, 'srf');
insert into SHOT values (13, 13, 14, 24, 20.000, 12.91, 0.00, 20.006, 12.91, 0.00, 0.006, 24.27, 0.00);
insert into SHOT_FLAG values(13, 'srf');
insert into SHOT values (14, 14, 15, 24, 9.560, 6.91, 4.00, 9.563, 6.92, 4.02, 0.005, 50.43, 38.44);
insert into SHOT_FLAG values(14, 'srf');
insert into SHOT values (15, 15, 16, 24, 20.770, 13.91, 0.00, 20.768, 13.90, 0.00, 0.002, 243.01, 0.00);
insert into SHOT_FLAG values(15, 'srf');
insert into SHOT values (16, 16, 17, 24, 10.100, 324.91, 30.00, 10.096, 324.87, 30.01, 0.007, 191.92, -0.00);
insert into SHOT_FLAG values(16, 'srf');
insert into SHOT values (17, 17, 18, 24, 18.300, 290.91, 43.00, 18.299, 290.93, 43.00, 0.005, 33.53, -7.04);
insert into SHOT_FLAG values(17, 'srf');
insert into SHOT values (18, 18, 19, 24, 14.000, 283.91, 44.00, 13.999, 283.90, 43.97, 0.007, 262.72, -49.18);
insert into SHOT_FLAG values(18, 'srf');
insert into SHOT values (19, 19, 20, 24, 15.100, 251.91, 44.00, 15.096, 251.92, 44.02, 0.006, 57.17, 6.34);
insert into SHOT_FLAG values(19, 'srf');
insert into SHOT values (20, 20, 21, 24, 13.000, 205.91, 32.00, 13.004, 205.91, 31.99, 0.005, 222.90, 12.93);
insert into SHOT_FLAG values(20, 'srf');
insert into SURVEY values (26, 19, '2', '2.Sakany', 'Acces au collecteur par puits des Echelles');
 insert into CENTRELINE values (27, 26, NULL, NULL, NULL, 0.00, 0.00, 0.00);
 insert into CENTRELINE values (28, 26, NULL, '2001-05-12', NULL, 98.79, 0.00, 0.00);
 insert into TOPO values (1, 28);
 insert into TOPO values (2, 28);
 insert into SHOT values (21, 22, 23, 28, 0.100, 211.91, -61.00, 0.054, 143.13, 21.80, 0.121, 88.81, 62.63);
insert into SHOT values (22, 23, 24, 28, 6.400, 211.91, -61.00, 6.294, 208.20, -60.16, 0.246, 128.23, 34.04);
insert into SHOT values (23, 24, 25, 28, 9.800, 211.91, -89.90, 9.670, 170.54, -89.64, 0.139, 157.28, 69.23);
insert into SHOT values (24, 25, 26, 28, 3.550, 279.91, 19.00, 3.441, 278.03, 20.59, 0.181, 137.58, 17.43);
insert into SHOT values (25, 26, 27, 28, 7.350, 309.91, 30.00, 7.272, 310.38, 32.34, 0.313, 117.09, 43.36);
insert into SHOT values (26, 27, 28, 28, 5.300, 337.91, 14.00, 5.190, 340.73, 15.54, 0.307, 99.00, 20.55);
insert into SHOT values (27, 28, 29, 28, 10.000, 331.91, -20.00, 9.824, 335.06, -18.45, 0.606, 72.07, 30.81);
insert into SHOT values (28, 29, 30, 28, 2.800, 115.91, -8.00, 2.885, 114.59, -7.57, 0.108, 78.54, 5.12);
insert into SHOT values (29, 30, 31, 28, 3.100, 119.91, -62.00, 3.114, 118.27, -61.23, 0.061, 75.01, 6.73);
insert into SHOT values (30, 31, 32, 28, 1.200, 319.91, 0.01, 1.154, 322.04, 0.99, 0.066, 97.26, 17.35);
insert into SHOT values (31, 32, 33, 28, 3.400, 199.91, -68.00, 3.344, 197.99, -68.42, 0.074, 62.83, 35.11);
insert into SHOT values (32, 33, 34, 28, 2.900, 129.91, -30.00, 2.946, 128.03, -29.48, 0.099, 71.53, 0.00);
insert into SHOT values (33, 34, 35, 28, 3.700, 227.91, -62.00, 3.615, 226.71, -62.62, 0.100, 72.84, 34.54);
insert into SHOT values (34, 35, 36, 28, 12.200, 19.91, -58.00, 12.214, 23.32, -56.63, 0.490, 78.74, 17.36);
insert into SHOT values (35, 36, 37, 28, 4.000, 89.91, -89.00, 3.962, 85.91, -87.97, 0.081, 81.98, 29.06);
insert into SHOT values (36, 37, 38, 28, 1.100, 89.91, 0.01, 1.220, 89.53, 0.47, 0.121, 86.08, 4.66);
insert into SHOT values (37, 38, 39, 28, 8.410, 129.91, -52.00, 8.429, 126.96, -50.99, 0.309, 63.84, 14.48);
insert into SHOT values (38, 39, 40, 28, 4.480, 229.91, -48.00, 4.377, 228.78, -48.53, 0.125, 79.70, 23.18);
insert into SHOT values (39, 40, 41, 28, 1.300, 109.91, 0.01, 1.395, 108.82, 0.41, 0.098, 94.30, 5.70);
insert into SHOT values (40, 41, 42, 28, 5.200, 109.91, -89.99, 5.161, 102.53, -88.98, 0.100, 102.46, 23.66);
insert into SHOT values (41, 42, 43, 28, 2.500, 189.91, -20.00, 2.438, 188.02, -19.90, 0.098, 62.31, 14.76);
insert into SURVEY values (30, 19, '3', '3.Sakany', 'Vers chatiere P52');
 insert into CENTRELINE values (31, 30, NULL, NULL, NULL, 0.00, 0.00, 0.00);
 insert into CENTRELINE values (32, 30, NULL, '2001-05-12', NULL, 82.25, 0.00, 0.00);
 insert into TOPO values (1, 32);
 insert into TOPO values (2, 32);
 insert into SHOT values (42, 44, 45, 32, 6.200, 329.91, 1.00, 6.086, 327.70, 2.26, 0.296, 212.39, 26.47);
insert into SHOT values (43, 45, 46, 32, 4.500, 51.91, 10.00, 4.493, 51.70, 10.26, 0.026, 288.61, 44.74);
insert into SHOT values (44, 46, 47, 32, 4.300, 359.95, -10.00, 4.304, 359.73, -9.90, 0.018, 288.29, 21.49);
insert into SHOT values (45, 47, 48, 32, 7.400, 294.91, -10.00, 7.406, 294.70, -9.80, 0.037, 226.52, 41.85);
insert into SHOT values (46, 48, 49, 32, 7.200, 214.91, -2.00, 7.206, 215.28, -1.83, 0.052, 296.36, 24.27);
insert into SHOT values (47, 49, 50, 32, 10.400, 309.91, 3.00, 10.422, 309.46, 3.63, 0.142, 230.07, 54.49);
insert into SHOT values (48, 50, 51, 32, 6.300, 9.91, 31.00, 6.323, 9.50, 31.46, 0.068, 270.56, 54.68);
insert into SHOT values (49, 51, 52, 32, 9.000, 327.91, 3.00, 9.012, 325.46, 3.44, 0.390, 237.85, 10.19);
insert into SHOT values (50, 52, 53, 32, 4.300, 244.91, 25.00, 4.358, 244.80, 25.12, 0.059, 236.12, 33.76);
insert into SHOT values (51, 53, 54, 32, 2.300, 319.91, 1.00, 2.304, 319.05, 1.24, 0.036, 236.40, 15.83);
insert into SHOT values (52, 54, 55, 32, 2.500, 319.91, 89.00, 2.540, 296.57, 88.99, 0.044, 221.66, 66.09);
insert into SHOT values (53, 55, 56, 32, 1.850, 139.91, 1.00, 1.842, 140.95, 1.24, 0.036, 244.44, 12.55);
insert into SHOT values (54, 56, 57, 32, 2.100, 299.91, 89.00, 2.130, 296.57, 88.80, 0.031, 281.84, 74.50);
insert into SHOT values (55, 57, 58, 32, 4.400, 9.91, -10.00, 4.354, 8.98, -9.65, 0.088, 249.31, 22.86);
insert into SHOT values (56, 58, 59, 32, 2.000, 29.91, 1.00, 1.953, 29.45, 1.17, 0.050, 227.97, 5.83);
insert into SHOT values (57, 59, 60, 32, 1.500, 29.91, -89.00, 1.460, 0.00, -89.22, 0.042, 258.34, 71.47);
insert into SHOT values (58, 60, 61, 32, 2.200, 29.91, 2.00, 2.151, 29.55, 2.40, 0.053, 225.31, 14.53);
insert into SHOT values (59, 61, 62, 32, 3.800, 9.91, 50.00, 3.801, 9.27, 50.43, 0.039, 241.90, 29.01);
insert into SURVEY values (34, 19, '4', '4.Sakany', 'TOUR DE LA GDE SALLE');
 insert into CENTRELINE values (35, 34, NULL, NULL, NULL, 0.00, 0.00, 0.00);
 insert into CENTRELINE values (36, 34, NULL, '2001-05-12', NULL, 164.76, 0.00, 0.00);
 insert into TOPO values (1, 36);
 insert into TOPO values (2, 36);
 insert into SHOT values (60, 63, 64, 36, 3.800, 209.91, 0.01, 3.803, 209.80, -0.75, 0.051, 142.19, -81.41);
insert into SHOT values (61, 64, 65, 36, 6.500, 237.91, -2.00, 6.501, 237.90, -3.00, 0.113, 69.65, -88.17);
insert into SHOT values (62, 65, 66, 36, 2.700, 249.91, 0.01, 2.705, 249.89, -0.85, 0.041, 240.42, -83.00);
insert into SHOT values (63, 66, 67, 36, 12.800, 312.91, 0.01, 12.800, 312.72, -1.66, 0.375, 215.52, -83.51);
insert into SHOT values (64, 67, 68, 36, 15.500, 199.91, 0.01, 15.525, 194.36, -0.22, 1.503, 108.08, -2.39);
insert into SHOT values (65, 68, 69, 36, 8.770, 206.91, 8.00, 8.732, 204.02, 7.90, 0.439, 110.77, -2.68);
insert into SHOT values (66, 69, 70, 36, 11.960, 227.91, 3.00, 11.895, 225.48, 2.89, 0.510, 129.50, -2.92);
insert into SHOT values (67, 70, 71, 36, 12.500, 129.91, -8.00, 12.569, 123.23, -6.76, 1.474, 40.63, 10.15);
insert into SHOT values (68, 71, 72, 36, 10.700, 58.91, 0.01, 10.799, 56.37, 1.06, 0.525, 339.18, 22.18);
insert into SHOT values (69, 72, 73, 36, 6.950, 19.91, 30.00, 7.073, 20.65, 30.03, 0.146, 57.37, 26.34);
insert into SHOT values (70, 73, 74, 36, 5.250, 39.91, 20.00, 5.368, 39.60, 20.27, 0.124, 25.18, 31.34);
insert into SHOT values (71, 74, 75, 36, 4.400, 139.91, -4.00, 4.374, 137.32, -3.28, 0.207, 42.02, 15.97);
insert into SHOT values (72, 75, 76, 36, 7.500, 54.91, -35.00, 7.543, 53.62, -33.74, 0.220, 7.01, 30.55);
insert into SHOT values (73, 76, 77, 36, 3.400, 79.91, 3.00, 3.471, 78.17, 3.63, 0.131, 22.31, 18.69);
insert into SHOT values (74, 77, 78, 36, 6.400, 139.91, -4.00, 6.377, 136.40, -3.33, 0.398, 45.43, 11.07);
insert into SHOT values (75, 78, 79, 36, 9.600, 57.91, 20.00, 9.642, 54.64, 18.88, 0.552, 337.43, -17.21);
insert into SHOT values (76, 79, 80, 36, 8.000, 19.91, 20.00, 8.059, 18.91, 18.97, 0.204, 327.65, -34.71);
insert into SHOT values (77, 80, 81, 36, 12.600, 339.91, -25.00, 12.697, 341.96, -25.47, 0.434, 64.80, -18.13);
insert into SHOT values (78, 81, 82, 36, 8.400, 240.91, -1.00, 8.264, 242.38, 1.46, 0.438, 4.31, 54.50);
insert into SHOT values (79, 82, 83, 36, 7.030, 314.91, -10.00, 7.031, 320.18, -7.85, 0.692, 43.79, 22.15);
insert into SURVEY values (38, 19, '5', '5.Sakany', 'GRANDE SALLE');
 insert into CENTRELINE values (39, 38, NULL, NULL, NULL, 0.00, 0.00, 0.00);
 insert into CENTRELINE values (40, 38, NULL, '2001-05-12', NULL, 55.63, 0.00, 0.00);
 insert into TOPO values (1, 40);
 insert into TOPO values (2, 40);
 insert into SHOT values (80, 84, 85, 40, 5.630, 59.91, -0.42, 5.576, 58.42, -0.21, 0.157, 308.77, 7.80);
insert into SHOT values (81, 85, 86, 40, 5.000, 59.91, -0.42, 4.946, 58.56, -0.23, 0.130, 304.59, 7.37);
insert into SHOT values (82, 86, 87, 40, 5.000, 59.91, -0.42, 4.951, 58.46, -0.12, 0.137, 308.10, 11.20);
insert into SHOT values (83, 87, 88, 40, 5.000, 59.91, -0.42, 4.946, 58.56, -0.23, 0.130, 304.59, 7.37);
insert into SHOT values (84, 88, 89, 40, 5.000, 59.91, -0.42, 4.946, 58.56, -0.23, 0.130, 304.59, 7.37);
insert into SHOT values (85, 89, 90, 40, 5.000, 59.91, -0.42, 4.951, 58.46, -0.12, 0.137, 308.10, 11.20);
insert into SHOT values (86, 90, 91, 40, 5.000, 59.91, -0.42, 4.946, 58.56, -0.23, 0.130, 304.59, 7.37);
insert into SHOT values (87, 91, 92, 40, 5.000, 59.91, -0.42, 4.946, 58.56, -0.23, 0.130, 304.59, 7.37);
insert into SHOT values (88, 92, 93, 40, 5.000, 59.91, -0.42, 4.951, 58.46, -0.12, 0.137, 308.10, 11.20);
insert into SHOT values (89, 93, 94, 40, 5.000, 59.91, -0.42, 4.946, 58.56, -0.23, 0.130, 304.59, 7.37);
insert into SHOT values (90, 94, 95, 40, 5.000, 59.91, -0.42, 4.946, 58.56, -0.23, 0.130, 304.59, 7.37);
insert into SURVEY values (42, 19, '6', '6.Sakany', 'GALERIE DU METRO ET LAM1NOIR AMONT');
 insert into CENTRELINE values (43, 42, NULL, NULL, NULL, 0.00, 0.00, 0.00);
 insert into CENTRELINE values (44, 42, NULL, '2001-05-12', NULL, 134.81, 0.00, 0.00);
 insert into TOPO values (1, 44);
 insert into TOPO values (2, 44);
 insert into SHOT values (91, 96, 97, 44, 14.650, 310.91, 4.00, 14.527, 310.98, 2.05, 0.512, 120.49, -78.88);
insert into SHOT values (92, 97, 98, 44, 9.500, 311.91, 2.00, 9.375, 312.06, 0.61, 0.262, 120.16, -62.14);
insert into SHOT values (93, 98, 99, 44, 8.400, 335.91, -1.00, 8.302, 338.35, -2.42, 0.423, 83.36, -28.74);
insert into SHOT values (94, 99, 100, 44, 9.500, 349.91, 0.02, 9.403, 351.93, -0.30, 0.351, 97.11, -8.72);
insert into SHOT values (95, 100, 101, 44, 16.950, 307.91, 0.01, 16.883, 304.70, -0.51, 0.962, 212.21, -9.15);
insert into SHOT values (96, 101, 102, 44, 9.450, 221.91, 0.00, 9.522, 216.85, -0.30, 0.842, 134.28, -3.40);
insert into SHOT values (97, 102, 103, 44, 4.500, 213.91, 10.00, 4.540, 211.38, 9.76, 0.201, 134.96, -3.25);
insert into SHOT values (98, 103, 104, 44, 0.080, 224.91, -3.00, 0.109, 213.69, -5.28, 0.034, 186.15, -9.81);
insert into SHOT values (99, 104, 105, 44, 11.700, 224.91, -3.00, 11.797, 218.55, -3.35, 1.306, 135.82, -3.41);
insert into SHOT values (100, 105, 106, 44, 12.140, 229.91, 1.00, 12.239, 223.28, 0.61, 1.415, 140.66, -3.32);
insert into SHOT values (101, 106, 107, 44, 7.940, 241.91, 1.00, 7.951, 237.43, 0.72, 0.622, 150.74, -3.55);
insert into SHOT values (102, 107, 108, 44, 10.100, 211.91, 2.00, 10.104, 211.93, 1.99, 0.006, 254.95, -26.13);
insert into SHOT values (103, 108, 109, 44, 4.600, 179.91, -0.01, 4.600, 179.88, 0.00, 0.003, 90.13, 17.29);
insert into SHOT values (104, 109, 110, 44, 15.300, 201.91, 0.00, 15.305, 201.91, 0.00, 0.005, 196.18, 0.00);
insert into SURVEY values (46, 19, '7', '7.Sakany', 'VERS CHATIERE DES PTS JUMEAUX');
 insert into CENTRELINE values (47, 46, NULL, NULL, NULL, 0.00, 0.00, 0.00);
 insert into CENTRELINE values (48, 46, NULL, '2001-05-12', NULL, 19.60, 0.00, 0.00);
 insert into TOPO values (1, 48);
 insert into TOPO values (2, 48);
 insert into SHOT values (105, 111, 112, 48, 5.200, 309.91, 0.01, 5.099, 308.87, -0.22, 0.139, 172.13, -8.65);
insert into SHOT values (106, 112, 113, 48, 6.400, 329.91, -6.00, 6.298, 329.99, -6.38, 0.111, 144.82, -16.24);
insert into SHOT values (107, 113, 114, 48, 8.000, 349.91, 0.00, 8.003, 349.93, 0.00, 0.004, 26.54, 0.00);
insert into SURVEY values (50, 19, '8', '8.Sakany', 'GALERIE BARRAGE + diverticule');
 insert into CENTRELINE values (51, 50, NULL, NULL, NULL, 0.00, 0.00, 0.00);
 insert into CENTRELINE values (52, 50, NULL, '2001-05-12', NULL, 48.85, 0.00, 0.00);
 insert into TOPO values (1, 52);
 insert into TOPO values (2, 52);
 insert into SHOT values (108, 115, 116, 52, 10.000, 333.91, -8.00, 10.273, 347.16, -3.24, 2.488, 61.93, 19.04);
insert into SHOT values (109, 116, 117, 52, 11.600, 344.91, 1.00, 11.709, 345.05, 1.13, 0.115, 359.95, 13.84);
insert into SHOT values (110, 117, 118, 52, 7.800, 349.91, 10.00, 7.916, 349.58, 9.89, 0.125, 329.23, 2.54);
insert into SHOT values (111, 118, 119, 52, 7.100, 356.91, 1.00, 7.208, 356.10, 1.11, 0.148, 313.46, 6.23);
insert into SHOT values (112, 119, 120, 52, 3.850, 269.91, 0.00, 3.884, 272.51, 0.00, 0.179, 350.34, 0.00);
insert into SHOT values (113, 120, 121, 52, 4.500, 334.91, 0.00, 4.501, 335.03, 0.00, 0.010, 60.71, 0.00);
insert into SHOT values (114, 121, 122, 52, 1.500, 269.91, 15.00, 1.502, 269.60, 15.05, 0.008, 188.27, 12.89);
insert into SHOT values (115, 122, 123, 52, 2.500, 339.91, 10.00, 2.508, 339.88, 9.87, 0.010, 331.71, -24.89);
insert into SURVEY values (54, 19, '9', '9.Sakany', 'Galerie vers salle');
 insert into CENTRELINE values (55, 54, NULL, NULL, NULL, 0.00, 0.00, 0.00);
 insert into CENTRELINE values (56, 54, NULL, '2001-05-12', NULL, 48.30, 0.00, 0.00);
 insert into TOPO values (1, 56);
 insert into TOPO values (2, 56);
 insert into SHOT values (116, 124, 125, 56, 5.100, 279.91, 1.00, 5.025, 281.02, 1.82, 0.143, 48.43, 29.69);
insert into SHOT values (117, 125, 126, 56, 7.500, 319.91, -8.00, 7.469, 323.01, -7.08, 0.420, 53.60, 17.14);
insert into SHOT values (118, 126, 127, 56, 10.300, 309.91, 3.00, 10.277, 313.70, 4.24, 0.715, 44.94, 18.01);
insert into SHOT values (119, 127, 128, 56, 4.000, 239.91, -24.00, 3.886, 239.48, -23.51, 0.122, 76.39, 39.21);
insert into SHOT values (120, 128, 129, 56, 13.200, 181.91, 3.00, 13.249, 176.27, 4.50, 1.345, 90.24, 15.05);
insert into SHOT values (121, 129, 130, 56, 8.200, 169.91, 1.00, 8.213, 166.18, 2.02, 0.553, 78.98, 15.40);
insert into SURVEY values (58, 19, '10', '10.Sakany', 'Laminoir a droite [9/2]');
 insert into CENTRELINE values (59, 58, NULL, NULL, NULL, 0.00, 0.00, 0.00);
 insert into CENTRELINE values (60, 58, NULL, '2001-05-12', NULL, 7.50, 0.00, 0.00);
 insert into TOPO values (1, 60);
 insert into TOPO values (2, 60);
 insert into SHOT values (122, 131, 132, 60, 7.500, 24.91, 1.00, 7.499, 24.92, 0.99, 0.002, 127.21, -21.42);
insert into SURVEY values (62, 19, '11', '11.Sakany', 'Vers pertes de soutirage');
 insert into CENTRELINE values (63, 62, NULL, NULL, NULL, 0.00, 0.00, 0.00);
 insert into CENTRELINE values (64, 62, NULL, '2001-05-12', NULL, 26.56, 0.00, 0.00);
 insert into TOPO values (1, 64);
 insert into TOPO values (2, 64);
 insert into SHOT values (123, 133, 134, 64, 7.700, 69.91, -1.00, 7.869, 72.46, 1.75, 0.537, 135.54, 44.19);
insert into SHOT values (124, 134, 135, 64, 5.400, 204.91, 8.00, 5.381, 200.11, 10.39, 0.499, 105.51, 25.97);
insert into SHOT values (125, 135, 136, 64, 6.800, 112.91, -1.00, 6.962, 110.70, 1.48, 0.430, 52.98, 43.96);
insert into SHOT values (126, 136, 137, 64, 6.660, 169.91, -3.00, 6.725, 163.86, -0.51, 0.766, 82.88, 22.12);
insert into SURVEY values (66, 19, '12', '12.Sakany', 'Galerie ppale Amoureux');
 insert into CENTRELINE values (67, 66, NULL, NULL, NULL, 0.00, 0.00, 0.00);
 insert into CENTRELINE values (68, 66, NULL, '2001-06-02', NULL, 211.45, 0.00, 0.00);
 insert into PERSON values (3, NULL, 'CASSOU JP+D');
insert into TOPO values (3, 68);
 insert into PERSON values (4, NULL, 'RAUTUREAU R');
insert into TOPO values (4, 68);
 insert into SHOT values (127, 138, 139, 68, 4.360, 266.91, -10.00, 4.459, 266.60, -10.99, 0.128, 250.74, -46.76);
insert into SHOT values (128, 139, 140, 68, 3.560, 254.91, -25.00, 3.502, 253.13, -26.46, 0.146, 121.36, -22.35);
insert into SHOT values (129, 140, 141, 68, 5.030, 199.91, 14.00, 5.002, 195.57, 12.70, 0.388, 107.52, -17.55);
insert into SHOT values (130, 141, 142, 68, 3.820, 221.91, -12.00, 3.785, 218.61, -13.13, 0.229, 116.90, -16.66);
insert into SHOT values (131, 142, 143, 68, 5.000, 237.91, 12.00, 4.871, 233.80, 12.33, 0.370, 124.93, 0.07);
insert into SHOT values (132, 143, 144, 68, 4.000, 217.91, 6.00, 3.927, 213.41, 5.99, 0.319, 112.43, -1.46);
insert into SHOT values (133, 144, 145, 68, 4.400, 320.91, 11.00, 4.179, 324.53, 11.04, 0.346, 92.09, -6.57);
insert into SHOT values (134, 145, 146, 68, 2.700, 331.91, 0.01, 2.515, 335.57, -0.46, 0.250, 111.71, -4.70);
insert into SHOT values (135, 146, 147, 68, 3.900, 304.91, -5.00, 3.715, 306.87, -5.10, 0.226, 90.92, 2.51);
insert into SHOT values (136, 147, 148, 68, 4.280, 249.91, -8.00, 4.112, 247.15, -8.25, 0.262, 118.35, 1.24);
insert into SHOT values (137, 148, 149, 68, 2.900, 199.91, 0.00, 2.880, 195.92, 0.20, 0.203, 102.38, 2.83);
insert into SHOT values (138, 149, 150, 68, 3.500, 279.91, -8.00, 3.292, 279.72, -8.38, 0.210, 102.88, 1.94);
insert into SHOT values (139, 150, 151, 68, 3.350, 224.91, 2.00, 3.248, 221.25, 2.12, 0.234, 107.15, 0.76);
insert into SHOT values (140, 151, 152, 68, 2.360, 217.91, 12.00, 2.281, 214.40, 12.15, 0.160, 96.76, -3.83);
insert into SHOT values (141, 152, 153, 68, 3.700, 313.91, 2.00, 3.532, 316.49, 2.11, 0.234, 91.14, 0.21);
insert into SHOT values (142, 153, 154, 68, 4.300, 225.91, -10.00, 4.383, 219.94, -8.92, 0.461, 145.00, 8.32);
insert into SHOT values (143, 154, 155, 68, 2.400, 307.91, 0.00, 2.223, 309.71, 0.26, 0.192, 106.61, 2.99);
insert into SHOT values (144, 155, 156, 68, 3.100, 313.91, 15.00, 2.935, 316.15, 15.41, 0.202, 100.58, -6.36);
insert into SHOT values (145, 156, 157, 68, 2.450, 307.91, -20.00, 2.276, 309.67, -20.58, 0.188, 107.22, 11.62);
insert into SHOT values (146, 157, 158, 68, 4.500, 309.91, -2.00, 4.334, 312.57, -1.98, 0.263, 80.28, 1.53);
insert into SHOT values (147, 158, 159, 68, 3.850, 271.91, -3.00, 3.646, 271.10, -3.14, 0.211, 106.08, 0.41);
insert into SHOT values (148, 159, 160, 68, 5.800, 311.91, -10.00, 5.640, 315.22, -10.21, 0.363, 69.93, 1.13);
insert into SHOT values (149, 160, 161, 68, 5.560, 330.91, 0.00, 5.443, 335.93, 0.00, 0.496, 77.03, 0.00);
insert into SHOT values (150, 161, 162, 68, 6.200, 23.91, 17.00, 6.284, 30.36, 16.84, 0.677, 109.87, 0.62);
insert into SHOT values (151, 162, 163, 68, 3.000, 317.91, -19.00, 2.848, 320.44, -19.48, 0.196, 100.40, 7.82);
insert into SHOT values (152, 163, 164, 68, 5.550, 321.91, -17.00, 5.409, 325.97, -17.32, 0.398, 75.04, 1.83);
insert into SHOT values (153, 164, 165, 68, 1.300, 350.91, 21.00, 1.240, 354.54, 21.28, 0.096, 120.67, -9.49);
insert into SHOT values (154, 165, 166, 68, 12.800, 299.91, -56.00, 12.711, 302.60, -58.78, 0.704, 91.71, -21.54);
insert into SHOT values (155, 166, 167, 68, 7.200, 334.91, -20.00, 7.124, 341.13, -20.37, 0.734, 74.81, -1.36);
insert into SHOT values (156, 167, 168, 68, 7.000, 334.91, -45.00, 6.918, 339.61, -45.81, 0.420, 84.93, -1.40);
insert into SHOT values (157, 168, 169, 68, 9.800, 108.91, 0.00, 10.007, 107.57, 0.06, 0.312, 59.81, 1.84);
insert into SHOT values (158, 169, 170, 68, 3.600, 139.91, -3.00, 3.762, 137.26, -2.89, 0.235, 92.32, -0.39);
insert into SHOT values (159, 170, 171, 68, 2.300, 357.91, -38.00, 2.361, 3.63, -36.67, 0.202, 67.04, 1.71);
insert into SHOT values (160, 171, 172, 68, 3.600, 17.91, -4.00, 3.852, 23.77, -3.27, 0.458, 77.00, 3.89);
insert into SHOT values (161, 172, 173, 68, 3.100, 88.91, 20.00, 3.286, 89.82, 19.37, 0.195, 103.57, 8.77);
insert into SHOT values (162, 173, 174, 68, 2.600, 27.91, 0.00, 2.662, 31.48, 0.22, 0.175, 99.04, 3.27);
insert into SHOT values (163, 174, 175, 68, 4.100, 22.91, -31.00, 4.144, 27.43, -30.77, 0.283, 105.84, -1.69);
insert into SHOT values (164, 175, 176, 68, 6.730, 335.91, -8.00, 6.817, 348.39, -7.50, 1.462, 68.50, 1.83);
insert into SHOT values (165, 176, 177, 68, 4.000, 31.91, 12.00, 4.272, 37.42, 11.89, 0.474, 90.14, 5.85);
insert into SHOT values (166, 177, 178, 68, 0.700, 31.91, 12.00, 0.949, 36.25, 11.55, 0.257, 48.09, 9.98);
insert into SHOT values (167, 178, 179, 68, 0.100, 31.91, -89.00, 0.102, 75.96, -36.04, 0.091, 76.82, 26.21);
insert into SHOT values (168, 179, 180, 68, 1.800, 149.91, 0.00, 1.906, 144.39, 0.30, 0.208, 87.94, 2.76);
insert into SHOT values (169, 180, 181, 68, 7.700, 349.91, -89.00, 7.662, 18.43, -88.58, 0.104, 60.28, 21.98);
insert into SHOT values (170, 181, 182, 68, 6.000, 349.91, -30.00, 6.066, 0.11, -29.10, 0.940, 78.68, 3.05);
insert into SHOT values (171, 182, 183, 68, 2.300, 359.91, 0.00, 2.392, 5.76, 0.24, 0.256, 71.81, 2.23);
insert into SHOT values (172, 183, 184, 68, 4.200, 259.91, -89.00, 4.080, 0.00, -89.72, 0.143, 65.53, 56.41);
insert into SHOT values (173, 184, 185, 68, 3.200, 259.91, -5.00, 3.068, 261.92, -4.11, 0.178, 40.24, 19.31);
insert into SHOT values (174, 185, 186, 68, 1.900, 304.91, -45.00, 1.802, 307.49, -43.92, 0.120, 73.63, 51.37);
insert into SHOT values (175, 186, 187, 68, 5.000, 234.91, -50.00, 4.818, 235.74, -50.36, 0.191, 37.45, 39.11);
insert into SHOT values (176, 187, 188, 68, 1.250, 219.91, 0.00, 1.102, 219.47, 1.56, 0.152, 43.17, 11.37);
insert into SHOT values (177, 188, 189, 68, 4.200, 239.91, -89.00, 4.080, 26.57, -89.69, 0.151, 52.30, 52.14);
insert into SHOT values (178, 189, 190, 68, 0.020, 239.91, 0.00, 0.126, 55.01, 13.81, 0.145, 55.70, 11.93);
insert into SHOT values (179, 190, 191, 68, 1.380, 239.91, 0.00, 1.236, 240.95, 1.39, 0.149, 51.17, 11.58);
insert into SURVEY values (70, 19, '13', '13.Sakany', 'Vers siphon de N121');
 insert into CENTRELINE values (71, 70, NULL, NULL, NULL, 0.00, 0.00, 0.00);
 insert into CENTRELINE values (72, 70, NULL, '2001-06-02', NULL, 25.60, 0.00, 0.00);
 insert into TOPO values (3, 72);
 insert into TOPO values (4, 72);
 insert into SHOT values (180, 192, 193, 72, 3.100, 26.91, -10.00, 3.195, 31.46, -10.46, 0.265, 99.30, -9.06);
insert into SHOT values (181, 193, 194, 72, 2.500, 23.91, 0.00, 2.573, 28.06, -0.67, 0.199, 94.48, -8.65);
insert into SHOT values (182, 194, 195, 72, 2.200, 137.91, -12.00, 2.208, 137.82, -12.03, 0.009, 111.25, -17.50);
insert into SHOT values (183, 195, 196, 72, 5.000, 169.91, -50.00, 4.997, 169.95, -50.04, 0.005, 326.06, 2.47);
insert into SHOT values (184, 196, 197, 72, 7.100, 14.91, -25.00, 7.102, 14.94, -24.99, 0.004, 63.44, 7.63);
insert into SHOT values (185, 197, 198, 72, 4.100, 133.91, -34.00, 4.095, 134.05, -34.00, 0.009, 253.78, 16.66);
insert into SHOT values (186, 198, 199, 72, 1.600, 133.91, -90.00, 1.600, 90.00, -90.00, 0.000, 133.91, -13.41);
insert into SURVEY values (74, 19, '14', '14.Sakany', 'Escalade en N119');
 insert into CENTRELINE values (75, 74, NULL, NULL, NULL, 0.00, 0.00, 0.00);
 insert into CENTRELINE values (76, 74, NULL, '2001-06-02', NULL, 30.70, 0.00, 0.00);
 insert into TOPO values (3, 76);
 insert into TOPO values (4, 76);
 insert into SHOT values (187, 200, 201, 76, 1.900, 54.91, 8.00, 1.900, 54.96, 8.17, 0.006, 165.62, 74.33);
insert into SHOT values (188, 201, 202, 76, 5.300, 135.91, 35.00, 5.301, 135.93, 35.00, 0.002, 200.45, 1.57);
insert into SHOT values (189, 202, 203, 76, 4.400, 159.91, 42.00, 4.396, 159.96, 41.98, 0.005, 287.66, -53.11);
insert into SHOT values (190, 203, 204, 76, 2.000, 74.91, 50.00, 1.999, 74.67, 49.96, 0.006, 346.79, -20.65);
insert into SHOT values (191, 204, 205, 76, 5.000, 99.91, 35.00, 5.006, 99.97, 34.98, 0.008, 132.05, 16.25);
insert into SHOT values (192, 205, 206, 76, 7.100, 109.91, 60.00, 7.098, 109.97, 60.05, 0.008, 263.63, 8.90);
insert into SHOT values (193, 206, 207, 76, 5.000, 169.91, 25.00, 4.998, 169.83, 24.97, 0.007, 76.74, -25.27);
insert into SURVEY values (78, 19, '15', '15.Sakany', 'Boucles en N117');
 insert into CENTRELINE values (79, 78, NULL, NULL, NULL, 0.00, 0.00, 0.00);
 insert into CENTRELINE values (80, 78, NULL, '2001-06-02', NULL, 61.23, 0.00, 0.00);
 insert into TOPO values (3, 80);
 insert into TOPO values (4, 80);
 insert into SHOT values (194, 208, 209, 80, 4.400, 159.91, 10.00, 4.313, 157.82, 12.45, 0.258, 30.98, 39.99);
insert into SHOT values (195, 209, 210, 80, 6.900, 119.91, 14.00, 6.898, 119.94, 14.01, 0.003, 248.43, 12.42);
insert into SHOT values (196, 210, 211, 80, 4.750, 29.91, 89.00, 4.751, 29.74, 89.03, 0.002, 215.86, 17.54);
insert into SHOT values (197, 211, 212, 80, 6.000, 139.91, 58.00, 6.001, 139.85, 58.01, 0.004, 45.11, 25.23);
insert into SHOT values (198, 212, 213, 80, 2.660, 189.91, 28.00, 2.658, 190.06, 28.05, 0.007, 302.29, 10.22);
insert into SHOT values (199, 213, 214, 80, 2.800, 269.91, 30.00, 2.796, 269.76, 30.05, 0.008, 142.48, -0.00);
insert into SHOT values (200, 214, 215, 80, 5.280, 169.91, 62.00, 5.278, 170.01, 62.00, 0.005, 276.90, -25.29);
insert into SHOT values (201, 215, 216, 80, 0.850, 149.91, 20.00, 0.849, 149.90, 19.98, 0.001, 339.84, -30.91);
insert into SHOT values (202, 216, 217, 80, 5.000, 161.91, 55.00, 5.000, 161.88, 55.08, 0.008, 356.85, 34.42);
insert into SHOT values (203, 217, 218, 80, 0.500, 179.91, 0.00, 0.500, 180.00, 0.00, 0.001, 269.96, 0.00);
insert into SHOT values (204, 218, 219, 80, 5.130, 111.91, 36.00, 5.127, 111.93, 35.95, 0.005, 199.75, -77.70);
insert into SHOT values (205, 219, 220, 80, 2.130, 24.91, -10.00, 2.130, 25.10, -10.00, 0.007, 110.99, -1.09);
insert into SHOT values (206, 220, 221, 80, 3.000, 349.91, 55.00, 3.000, 349.93, 55.10, 0.005, 161.81, 30.31);
insert into SHOT values (207, 221, 222, 80, 1.800, 329.91, 38.00, 1.803, 330.00, 38.01, 0.003, 21.60, 32.07);
insert into SHOT values (208, 222, 223, 80, 2.200, 79.91, 40.00, 2.191, 79.70, 40.06, 0.011, 297.65, -21.59);
insert into SHOT values (209, 223, 224, 80, 3.090, 103.91, 46.00, 3.100, 103.97, 46.00, 0.010, 120.76, 43.81);
insert into SHOT values (210, 224, 225, 80, 2.740, 95.91, 50.00, 2.740, 95.87, 50.05, 0.003, 307.97, 23.69);
insert into SHOT values (211, 225, 226, 80, 2.000, 95.91, 80.00, 2.001, 96.52, 79.86, 0.006, 132.83, 3.55);
insert into SURVEY values (82, 19, '16', '16.Sakany', 'Boucles en N117');
 insert into CENTRELINE values (83, 82, NULL, NULL, NULL, 0.00, 0.00, 0.00);
 insert into CENTRELINE values (84, 82, NULL, '2001-06-02', NULL, 15.90, 0.00, 0.00);
 insert into TOPO values (3, 84);
 insert into TOPO values (4, 84);
 insert into SHOT values (212, 227, 228, 84, 2.900, 222.91, 16.00, 2.663, 225.32, 19.98, 0.325, 22.75, 19.92);
insert into SHOT values (213, 228, 229, 84, 1.500, 291.91, -15.00, 1.411, 298.97, -11.44, 0.215, 46.07, 30.15);
insert into SHOT values (214, 229, 230, 84, 3.400, 291.91, -15.00, 3.327, 299.88, -12.15, 0.489, 29.91, 21.59);
insert into SHOT values (215, 230, 231, 84, 2.600, 21.91, 0.00, 2.972, 22.16, 2.51, 0.392, 23.89, 19.38);
insert into SHOT values (216, 231, 232, 84, 1.400, 21.91, -80.00, 1.155, 24.15, -74.02, 0.279, 31.35, 74.31);
insert into SHOT values (217, 232, 233, 84, 1.600, 29.91, -10.00, 1.915, 29.26, -6.60, 0.333, 26.11, 10.01);
insert into SHOT values (218, 233, 234, 84, 2.500, 129.91, 5.00, 2.459, 123.10, 7.95, 0.322, 25.84, 22.30);
insert into SURVEY values (86, 19, '17', '17.Sakany', 'Reseau en secteur 116 [N116>N128]');
 insert into CENTRELINE values (87, 86, NULL, NULL, NULL, 0.00, 0.00, 0.00);
 insert into CENTRELINE values (88, 86, NULL, '2001-06-02', NULL, 20.25, 0.00, 0.00);
 insert into TOPO values (3, 88);
 insert into TOPO values (4, 88);
 insert into SHOT values (219, 235, 236, 88, 8.700, 261.91, 0.00, 8.696, 261.94, 0.00, 0.005, 42.56, 0.00);
insert into SHOT values (220, 236, 237, 88, 3.900, 325.91, -2.00, 3.891, 325.90, -2.06, 0.010, 151.15, -23.12);
insert into SHOT values (221, 237, 238, 88, 5.150, 244.91, 3.00, 5.152, 244.93, 3.00, 0.002, 283.64, 11.74);
insert into SHOT values (222, 238, 239, 88, 2.000, 244.91, -89.00, 2.000, 251.57, -89.09, 0.005, 18.57, -3.44);
insert into SHOT values (223, 239, 240, 88, 0.500, 244.91, 0.00, 0.506, 245.46, 0.00, 0.007, 285.54, 0.00);
insert into SURVEY values (90, 19, '18', '18.Sakany', 'Reseau en secteur N116: [N128>N130]');
 insert into CENTRELINE values (91, 90, NULL, NULL, NULL, 0.00, 0.00, 0.00);
 insert into CENTRELINE values (92, 90, NULL, '2001-06-02', NULL, 10.60, 0.00, 0.00);
 insert into TOPO values (3, 92);
 insert into TOPO values (4, 92);
 insert into SHOT values (224, 241, 242, 92, 4.400, 324.91, 20.00, 4.409, 324.93, 20.03, 0.009, 333.32, 34.37);
insert into SHOT values (225, 242, 243, 92, 2.600, 359.91, -33.00, 2.602, 0.00, -33.08, 0.005, 99.34, -49.74);
insert into SHOT values (226, 243, 244, 92, 3.600, 339.91, -33.00, 3.596, 339.82, -33.03, 0.006, 208.99, 6.28);
insert into SURVEY values (94, 19, '19', '19.Sakany', 'Reseau en N113 [N113>N131]');
 insert into CENTRELINE values (95, 94, NULL, NULL, NULL, 0.00, 0.00, 0.00);
 insert into CENTRELINE values (96, 94, NULL, '2001-06-02', NULL, 17.36, 0.00, 0.00);
 insert into TOPO values (3, 96);
 insert into TOPO values (4, 96);
 insert into SHOT values (227, 245, 246, 96, 6.900, 354.91, 10.00, 6.903, 354.85, 10.01, 0.008, 281.87, 13.33);
insert into SHOT values (228, 246, 247, 96, 3.000, 319.91, 0.00, 3.002, 320.00, 0.00, 0.005, 20.94, 0.00);
insert into SHOT values (229, 247, 248, 96, 1.600, 235.91, -13.00, 1.603, 235.70, -12.98, 0.006, 169.65, -0.70);
insert into SHOT values (230, 248, 249, 96, 2.260, 323.91, -3.00, 2.265, 323.99, -3.04, 0.006, 353.75, -15.59);
insert into SHOT values (231, 249, 250, 96, 1.600, 9.91, 0.00, 1.595, 10.11, 0.00, 0.008, 143.38, 0.00);
insert into SHOT values (232, 250, 251, 96, 2.000, 319.91, -10.00, 2.002, 319.93, -9.78, 0.008, 331.54, 64.21);
insert into SURVEY values (98, 19, '20', '20.Sakany', 'Reseau en N105: Grande entree perchee');
 insert into CENTRELINE values (99, 98, NULL, NULL, NULL, 0.00, 0.00, 0.00);
 insert into CENTRELINE values (100, 98, NULL, '2001-06-02', NULL, 7.00, 0.00, 0.00);
 insert into TOPO values (3, 100);
 insert into TOPO values (4, 100);
 insert into SHOT values (233, 252, 253, 100, 3.500, 206.91, 0.00, 3.477, 208.33, 0.49, 0.095, 312.82, 18.51);
insert into SHOT values (234, 253, 254, 100, 3.500, 159.91, -30.00, 3.502, 159.95, -29.98, 0.003, 196.83, 0.00);
insert into SURVEY values (102, 19, '21', '21.Sakany', 'Departs dans la boucle du bas du toboggan');
 insert into CENTRELINE values (103, 102, NULL, NULL, NULL, 0.00, 0.00, 0.00);
 insert into CENTRELINE values (104, 102, NULL, '2002-07-20', NULL, 11.05, 0.00, 0.00);
 insert into PERSON values (5, NULL, 'CASSOU D');
insert into TOPO values (5, 104);
 insert into TOPO values (2, 104);
 insert into SHOT values (235, 255, 256, 104, 0.200, 340.03, -20.00, 0.193, 340.56, -21.22, 0.008, 147.78, -11.50);
insert into SHOT values (236, 256, 257, 104, 3.800, 340.03, -20.00, 3.804, 340.04, -19.98, 0.004, 352.68, -4.75);
insert into SHOT values (237, 257, 258, 104, 2.050, 350.03, 55.00, 2.051, 350.22, 54.98, 0.004, 61.64, 10.34);
insert into SHOT values (238, 258, 259, 104, 3.500, 335.03, -35.00, 3.502, 335.04, -35.03, 0.003, 16.14, -68.50);
insert into SHOT values (239, 259, 260, 104, 1.500, 265.03, -8.00, 1.500, 264.98, -8.05, 0.002, 187.77, -42.76);
insert into SURVEY values (106, 19, '22', '22.Sakany', 'ETAGE SOUS TOBOGGAN: DU NOEUD 57, BOYAU DEBOUCHANT DS T');
 insert into CENTRELINE values (107, 106, NULL, NULL, NULL, 0.00, 0.00, 0.00);
 insert into CENTRELINE values (108, 106, NULL, '2002-07-20', NULL, 9.80, 0.00, 0.00);
 insert into TOPO values (5, 108);
 insert into TOPO values (2, 108);
 insert into SHOT values (240, 261, 262, 108, 2.800, 265.03, 45.00, 2.805, 265.09, 44.89, 0.008, 281.29, 0.75);
insert into SHOT values (241, 262, 263, 108, 3.000, 265.03, 45.00, 2.997, 264.85, 45.02, 0.007, 151.81, -10.56);
insert into SHOT values (242, 263, 264, 108, 4.000, 190.03, 50.00, 4.004, 190.09, 50.07, 0.006, 310.43, 63.90);
insert into SURVEY values (110, 19, '23', '23.Sakany', '2e debouche des Amoureux 1 dans le collecteur');
 insert into CENTRELINE values (111, 110, NULL, NULL, NULL, 0.00, 0.00, 0.00);
 insert into CENTRELINE values (112, 110, NULL, '2002-07-20', NULL, 43.15, 0.00, 0.00);
 insert into TOPO values (5, 112);
 insert into TOPO values (2, 112);
 insert into SHOT values (243, 265, 266, 112, 1.700, 284.03, -10.00, 1.815, 281.62, -10.15, 0.136, 249.96, -10.49);
insert into SHOT values (244, 266, 267, 112, 9.000, 280.03, -65.00, 9.087, 276.86, -63.75, 0.305, 233.27, 1.27);
insert into SHOT values (245, 267, 268, 112, 3.300, 12.03, -42.00, 3.215, 9.82, -43.18, 0.142, 231.47, 3.27);
insert into SHOT values (246, 268, 269, 112, 6.100, 10.03, -45.00, 6.027, 7.02, -46.20, 0.267, 246.00, -7.90);
insert into SHOT values (247, 269, 270, 112, 2.200, 25.03, -20.00, 2.055, 23.36, -21.11, 0.162, 225.38, 4.42);
insert into SHOT values (248, 270, 271, 112, 3.300, 15.03, -18.00, 3.171, 12.88, -18.57, 0.176, 234.91, 3.17);
insert into SHOT values (249, 271, 272, 112, 2.200, 290.03, 45.00, 2.244, 287.31, 44.04, 0.095, 236.04, 2.64);
insert into SHOT values (250, 272, 273, 112, 0.800, 275.03, -60.00, 0.902, 270.00, -58.60, 0.111, 243.88, -44.09);
insert into SHOT values (251, 273, 274, 112, 5.000, 275.03, -60.00, 5.092, 272.63, -59.13, 0.160, 230.33, -14.39);
insert into SHOT values (252, 274, 275, 112, 3.900, 275.03, -60.00, 3.992, 272.81, -59.23, 0.132, 233.94, -23.52);
insert into SHOT values (253, 275, 276, 112, 0.100, 275.03, 60.00, 0.143, 258.69, 44.44, 0.057, 244.09, 13.50);
insert into SHOT values (254, 276, 277, 112, 5.550, 70.03, 0.00, 5.379, 72.14, -0.43, 0.267, 201.43, -8.63);
insert into SURVEY values (114, 19, '24', '24.Sakany', 'Dans le deuxieme debouche: branche remontante');
 insert into CENTRELINE values (115, 114, NULL, NULL, NULL, 0.00, 0.00, 0.00);
 insert into CENTRELINE values (116, 114, NULL, '2002-07-20', NULL, 13.95, 0.00, 0.00);
 insert into TOPO values (5, 116);
 insert into TOPO values (2, 116);
 insert into SHOT values (255, 278, 279, 116, 4.350, 150.03, 45.00, 4.350, 150.02, 44.89, 0.009, 147.10, -42.82);
insert into SHOT values (256, 279, 280, 116, 2.300, 142.03, 35.00, 2.297, 141.91, 35.07, 0.005, 9.23, 8.25);
insert into SHOT values (257, 280, 281, 116, 2.600, 180.03, 30.00, 2.607, 180.00, 29.91, 0.008, 171.79, -0.00);
insert into SHOT values (258, 281, 282, 116, 2.400, 115.03, 50.00, 2.402, 114.90, 50.01, 0.004, 38.96, 23.15);
insert into SHOT values (259, 282, 283, 116, 2.300, 140.03, 45.00, 2.302, 140.24, 45.07, 0.007, 232.81, 31.62);
insert into SURVEY values (118, 19, '25', '25.Sakany', 'CHEMINEE VENTILEE dans le secteur de Nd59 [vers reseau');
 insert into CENTRELINE values (119, 118, NULL, NULL, NULL, 0.00, 0.00, 0.00);
 insert into CENTRELINE values (120, 118, NULL, '2002-07-20', NULL, 20.62, 0.00, 0.00);
 insert into TOPO values (5, 120);
 insert into TOPO values (2, 120);
 insert into SHOT values (260, 284, 285, 120, 0.500, 280.03, 30.00, 0.494, 279.46, 30.42, 0.008, 130.29, -0.00);
insert into SHOT values (261, 285, 286, 120, 4.500, 280.03, 30.00, 4.502, 280.04, 29.98, 0.003, 296.49, -0.00);
insert into SHOT values (262, 286, 287, 120, 2.000, 340.03, 0.00, 1.999, 340.11, 0.00, 0.003, 85.30, 0.00);
insert into SHOT values (263, 287, 288, 120, 3.000, 300.03, -30.00, 3.000, 300.02, -30.00, 0.001, 250.93, 0.00);
insert into SHOT values (264, 288, 289, 120, 1.400, 330.03, -12.00, 1.406, 329.89, -11.90, 0.007, 301.91, 8.76);
insert into SHOT values (265, 289, 290, 120, 2.000, 330.03, -90.00, 2.000, 90.00, -90.00, 0.000, 330.03, 0.00);
insert into SHOT values (266, 290, 291, 120, 2.900, 290.03, -45.00, 2.895, 290.03, -45.09, 0.007, 109.91, 4.99);
insert into SHOT values (267, 291, 292, 120, 4.320, 162.03, -24.00, 4.316, 162.12, -24.07, 0.009, 298.03, -18.75);
insert into SURVEY values (122, 19, '26', '26.Sakany', 'CHEMINEES VENTILEES dans le secteur de Nd58 [vers resea');
 insert into CENTRELINE values (123, 122, NULL, NULL, NULL, 0.00, 0.00, 0.00);
 insert into CENTRELINE values (124, 122, NULL, '2002-07-20', NULL, 12.80, 0.00, 0.00);
 insert into TOPO values (5, 124);
 insert into TOPO values (2, 124);
 insert into SHOT values (268, 293, 294, 124, 0.200, 330.03, 60.00, 0.199, 330.95, 58.80, 0.005, 359.21, -43.55);
insert into SHOT values (269, 294, 295, 124, 2.200, 330.03, 60.00, 2.203, 329.93, 60.11, 0.006, 189.88, 57.99);
insert into SHOT values (270, 295, 296, 124, 4.000, 5.03, -15.00, 4.002, 5.05, -15.06, 0.005, 45.48, -70.39);
insert into SHOT values (271, 296, 297, 124, 2.500, 330.03, -89.90, 2.500, 90.00, -90.00, 0.004, 150.03, -0.05);
insert into SHOT values (272, 297, 298, 124, 1.000, 330.03, 0.00, 1.003, 330.11, 0.00, 0.004, 352.89, 0.00);
insert into SHOT values (273, 298, 299, 124, 0.300, 330.03, 0.00, 0.300, 330.02, 0.00, 0.000, 308.97, 0.00);
insert into SHOT values (274, 299, 300, 124, 2.600, 210.03, -60.00, 2.600, 209.91, -59.91, 0.005, 172.41, 20.09);
insert into SURVEY values (126, 19, '27', '27.Sakany', 'Reseaux dans Amoureux (escalades)');
 insert into CENTRELINE values (127, 126, NULL, NULL, NULL, 0.00, 0.00, 0.00);
 insert into CENTRELINE values (128, 126, NULL, '2008-03-22', NULL, 29.56, 0.00, 0.00);
 insert into TOPO values (5, 128);
 insert into TOPO values (2, 128);
 insert into SHOT values (275, 301, 302, 128, 8.110, 30.59, 55.00, 7.941, 29.70, 56.87, 0.320, 222.88, 1.20);
insert into SHOT values (276, 302, 303, 128, 2.540, 5.59, 25.00, 2.343, 3.24, 25.00, 0.217, 211.39, -22.61);
insert into SHOT values (277, 303, 304, 128, 1.150, 55.59, -10.00, 0.946, 57.34, -11.59, 0.209, 227.81, 2.66);
insert into SHOT values (278, 304, 305, 128, 2.500, 320.59, -40.00, 2.506, 316.92, -40.58, 0.125, 223.20, -10.60);
insert into SHOT values (279, 305, 306, 128, 2.010, 15.59, -45.00, 1.915, 13.72, -46.96, 0.124, 216.06, 9.86);
insert into SHOT values (280, 306, 307, 128, 4.260, 255.59, -54.00, 4.416, 253.14, -53.06, 0.204, 217.98, -24.14);
insert into SHOT values (281, 307, 308, 128, 1.900, 170.59, -50.00, 2.049, 173.14, -49.16, 0.162, 197.56, -35.76);
insert into SHOT values (282, 308, 309, 128, 0.700, 240.59, -10.00, 0.913, 239.15, -10.73, 0.214, 234.35, -13.08);
insert into SHOT values (283, 309, 310, 128, 2.440, 350.59, -45.00, 2.375, 347.66, -46.40, 0.123, 213.66, 2.49);
insert into SHOT values (284, 310, 311, 128, 2.150, 5.59, -20.00, 2.001, 3.08, -21.40, 0.179, 212.75, 1.71);
insert into SHOT values (285, 311, 312, 128, 1.800, 110.59, 25.00, 1.716, 114.26, 24.81, 0.132, 238.28, -17.92);
insert into SURVEY values (130, 19, '28', '28.Sakany', 'Diverticule en 801-3');
 insert into CENTRELINE values (131, 130, NULL, NULL, NULL, 0.00, 0.00, 0.00);
 insert into CENTRELINE values (132, 130, NULL, '2008-03-22', NULL, 4.70, 0.00, 0.00);
 insert into TOPO values (5, 132);
 insert into TOPO values (2, 132);
 insert into SHOT values (286, 313, 314, 132, 4.700, 102.59, 20.00, 4.700, 102.56, 20.03, 0.004, 354.28, 40.06);
insert into SURVEY values (134, 19, '29', '29.Sakany', 'Serie 806 (Amoureux)');
 insert into CENTRELINE values (135, 134, NULL, NULL, NULL, 0.00, 0.00, 0.00);
 insert into CENTRELINE values (136, 134, NULL, '2008-03-22', NULL, 28.94, 0.00, 0.00);
 insert into TOPO values (5, 136);
 insert into TOPO values (2, 136);
 insert into SHOT values (287, 315, 316, 136, 2.400, 330.59, 5.00, 2.404, 330.76, 5.01, 0.008, 28.63, 5.77);
insert into SHOT values (288, 316, 317, 136, 2.820, 10.59, -21.00, 2.812, 10.54, -21.05, 0.009, 207.09, 3.89);
insert into SHOT values (289, 317, 318, 136, 2.160, 330.59, -25.00, 2.162, 330.69, -24.89, 0.006, 14.56, 31.02);
insert into SHOT values (290, 318, 319, 136, 4.900, 341.59, -37.00, 4.897, 341.66, -37.04, 0.007, 118.88, -9.74);
insert into SHOT values (291, 319, 320, 136, 3.630, 325.59, -45.00, 3.633, 325.63, -45.02, 0.004, 9.79, -54.38);
insert into SHOT values (292, 320, 321, 136, 0.170, 255.59, -89.00, 0.170, 270.00, -86.63, 0.007, 275.91, -0.21);
insert into SHOT values (293, 321, 322, 136, 12.860, 255.59, -65.00, 12.854, 255.61, -65.01, 0.007, 61.26, 48.47);
insert into SURVEY values (138, 19, '30', '30.Sakany', 'Escalades dans Amoureux I: Serie 804');
 insert into CENTRELINE values (139, 138, NULL, NULL, NULL, 0.00, 0.00, 0.00);
 insert into CENTRELINE values (140, 138, NULL, '2008-03-22', NULL, 7.45, 0.00, 0.00);
 insert into TOPO values (5, 140);
 insert into TOPO values (2, 140);
 insert into SHOT values (294, 323, 324, 140, 2.060, 160.59, 15.00, 2.062, 160.66, 14.90, 0.005, 199.44, -42.65);
insert into SHOT values (295, 324, 325, 140, 1.150, 238.59, 22.00, 1.147, 238.85, 22.02, 0.006, 0.48, -8.06);
insert into SHOT values (296, 325, 326, 140, 0.940, 130.59, 0.00, 0.950, 130.73, 0.00, 0.010, 143.33, 0.00);
insert into SHOT values (297, 326, 327, 140, 3.300, 240.59, 60.00, 3.303, 240.64, 59.99, 0.003, 273.32, 39.24);
insert into SURVEY values (142, 19, '31', '31.Sakany', 'Escalades dans Amoureux I: Serie 805');
 insert into CENTRELINE values (143, 142, NULL, NULL, NULL, 0.00, 0.00, 0.00);
 insert into CENTRELINE values (144, 142, NULL, '2008-03-22', NULL, 8.97, 0.00, 0.00);
 insert into TOPO values (5, 144);
 insert into TOPO values (2, 144);
 insert into SHOT values (298, 328, 329, 144, 5.970, 210.59, 31.00, 5.974, 210.52, 31.03, 0.009, 138.76, 37.89);
insert into SHOT values (299, 329, 330, 144, 3.000, 200.59, 45.00, 2.996, 200.75, 45.04, 0.007, 326.26, -10.78);
insert into SURVEY values (146, 19, '89', '89.Sakany', 'Balcons au-dessus des Puits Jumeaux');
 insert into CENTRELINE values (147, 146, NULL, NULL, NULL, 0.00, 0.00, 0.00);
 insert into CENTRELINE values (148, 146, NULL, '2001-06-16', NULL, 14.35, 0.00, 0.00);
 insert into TOPO values (3, 148);
 insert into TOPO values (4, 148);
 insert into SHOT values (300, 331, 332, 148, 3.000, 160.92, 28.00, 3.417, 153.86, 27.92, 0.543, 114.01, 20.66);
insert into SHOT values (301, 332, 333, 148, 3.550, 117.92, 28.00, 3.553, 117.95, 28.04, 0.004, 172.62, 53.86);
insert into SHOT values (302, 333, 334, 148, 7.800, 234.92, 6.00, 7.795, 234.87, 6.04, 0.009, 100.43, 29.99);
insert into SURVEY values (150, 19, '90', '90.Sakany', 'Balcons au-dessus des Puits Jumeaux');
 insert into CENTRELINE values (151, 150, NULL, NULL, NULL, 0.00, 0.00, 0.00);
 insert into CENTRELINE values (152, 150, NULL, '2001-06-16', NULL, 20.30, 0.00, 0.00);
 insert into TOPO values (3, 152);
 insert into TOPO values (4, 152);
 insert into SHOT values (303, 335, 336, 152, 4.100, 277.92, 35.00, 3.795, 275.09, 39.42, 0.458, 116.49, 7.32);
insert into SHOT values (304, 336, 337, 152, 3.200, 299.92, -5.00, 2.651, 302.19, -3.24, 0.568, 108.98, 13.12);
insert into SHOT values (305, 337, 338, 152, 2.200, 335.92, 0.00, 1.841, 344.23, 2.18, 0.469, 120.95, 8.58);
insert into SHOT values (306, 338, 339, 152, 2.200, 349.92, -20.00, 1.901, 359.36, -18.72, 0.439, 124.55, 18.94);
insert into SHOT values (307, 339, 340, 152, 5.800, 79.92, -45.00, 6.032, 85.89, -40.28, 0.704, 125.10, 16.60);
insert into SHOT values (308, 340, 341, 152, 2.800, 194.92, 10.00, 2.928, 184.80, 11.42, 0.517, 112.59, 10.44);
insert into SURVEY values (154, 19, '91', '91.Sakany', 'Balcons au-dessus des Puits Jumeaux');
 insert into CENTRELINE values (155, 154, NULL, NULL, NULL, 0.00, 0.00, 0.00);
 insert into CENTRELINE values (156, 154, NULL, '2001-06-16', NULL, 14.60, 0.00, 0.00);
 insert into TOPO values (3, 156);
 insert into TOPO values (4, 156);
 insert into SHOT values (309, 342, 343, 156, 3.600, 349.92, -10.00, 3.608, 349.95, -9.89, 0.011, 4.01, 28.47);
insert into SHOT values (310, 343, 344, 156, 2.900, 324.92, -16.00, 2.898, 324.94, -16.02, 0.003, 118.61, -14.44);
insert into SHOT values (311, 344, 345, 156, 4.000, 204.92, 10.00, 4.006, 204.88, 9.92, 0.009, 182.70, -31.62);
insert into SHOT values (312, 345, 346, 156, 1.900, 254.92, 20.00, 1.895, 255.03, 20.06, 0.006, 40.49, 1.54);
insert into SHOT values (313, 346, 347, 156, 2.200, 219.92, 18.00, 2.208, 219.98, 17.93, 0.009, 234.60, 1.03);
insert into SURVEY values (158, 19, '92', '92.Sakany', 'Balcons au-dessus des Puits Jumeaux');
 insert into CENTRELINE values (159, 158, NULL, NULL, NULL, 0.00, 0.00, 0.00);
 insert into CENTRELINE values (160, 158, NULL, '2001-06-16', NULL, 8.90, 0.00, 0.00);
 insert into TOPO values (3, 160);
 insert into TOPO values (4, 160);
 insert into SHOT values (314, 348, 349, 160, 1.600, 74.92, 0.00, 1.606, 74.84, 0.00, 0.006, 54.39, 0.00);
insert into SHOT values (315, 349, 350, 160, 4.700, 183.92, 20.00, 4.705, 184.02, 20.01, 0.009, 245.50, 15.43);
insert into SHOT values (316, 350, 351, 160, 2.600, 299.92, -45.00, 2.600, 300.05, -45.05, 0.005, 48.81, -18.17);
insert into SURVEY values (162, 19, '101', '101.Sakany', 'Entree Grille');
 insert into CENTRELINE values (163, 162, NULL, NULL, NULL, 0.00, 0.00, 0.00);
 insert into CENTRELINE values (164, 162, NULL, '2001-06-03', NULL, 202.41, 0.00, 0.00);
 insert into TOPO values (3, 164);
 insert into TOPO values (4, 164);
 insert into SHOT values (317, 352, 353, 164, 0.100, 0.91, 11.00, 0.202, 2.86, 8.52, 0.103, 4.73, 6.10);
insert into SHOT values (318, 353, 354, 164, 4.000, 0.91, 11.00, 4.113, 1.98, 10.65, 0.138, 34.17, -1.35);
insert into SHOT values (319, 354, 355, 164, 4.500, 0.91, 11.00, 4.604, 2.15, 10.77, 0.143, 43.96, 0.54);
insert into SHOT values (320, 355, 356, 164, 5.000, 0.91, 11.00, 5.113, 2.17, 10.71, 0.159, 44.80, -1.46);
insert into SHOT values (321, 356, 357, 164, 5.000, 8.91, -12.00, 5.112, 9.78, -11.85, 0.135, 43.15, -4.43);
insert into SHOT values (322, 357, 358, 164, 1.000, 8.91, -12.00, 1.117, 8.95, -11.88, 0.117, 9.21, -10.86);
insert into SHOT values (323, 358, 359, 164, 0.300, 8.91, -12.00, 0.516, 1.19, -21.59, 0.232, 349.43, -33.42);
insert into SHOT values (324, 359, 360, 164, 5.620, 5.91, 6.00, 5.800, 357.43, 2.08, 0.946, 285.42, -23.52);
insert into SHOT values (325, 360, 361, 164, 5.000, 341.91, -10.00, 5.338, 336.79, -12.99, 0.626, 280.78, -32.01);
insert into SHOT values (326, 361, 362, 164, 6.430, 342.91, 3.00, 6.713, 344.35, 2.13, 0.342, 13.37, -14.64);
insert into SHOT values (327, 362, 363, 164, 9.100, 353.91, -9.00, 9.211, 353.65, -10.89, 0.324, 318.24, -77.41);
insert into SHOT values (328, 363, 364, 164, 9.000, 349.91, -10.00, 9.060, 342.93, -9.98, 1.086, 259.58, -0.38);
insert into SHOT values (329, 364, 365, 164, 10.000, 349.91, -10.00, 10.077, 342.22, -10.00, 1.328, 259.33, -0.58);
insert into SHOT values (330, 365, 366, 164, 0.600, 349.91, -10.00, 0.597, 346.20, -10.61, 0.039, 252.16, -8.61);
insert into SHOT values (331, 366, 367, 164, 3.000, 349.91, -89.00, 3.001, 315.00, -88.92, 0.033, 249.47, -0.80);
insert into SHOT values (332, 367, 368, 164, 5.000, 319.91, -11.00, 5.078, 316.22, -10.90, 0.328, 241.82, -1.04);
insert into SHOT values (333, 368, 369, 164, 6.000, 34.91, 10.00, 5.898, 31.69, 10.16, 0.345, 285.92, -0.31);
insert into SHOT values (334, 369, 370, 164, 3.100, 344.91, 40.00, 3.106, 342.17, 39.85, 0.114, 258.44, -1.32);
insert into SHOT values (335, 370, 371, 164, 3.400, 19.91, -40.00, 3.340, 17.65, -40.51, 0.122, 256.18, 7.31);
insert into SHOT values (336, 371, 372, 164, 5.600, 19.91, 60.00, 5.562, 17.30, 60.69, 0.147, 257.23, 0.10);
insert into SHOT values (337, 372, 373, 164, 7.300, 28.91, 20.00, 7.221, 24.79, 20.26, 0.498, 286.96, 0.37);
insert into SHOT values (338, 373, 374, 164, 4.700, 21.91, -20.00, 4.624, 18.69, -20.24, 0.259, 272.78, 1.66);
insert into SHOT values (339, 374, 375, 164, 7.000, 49.91, 52.00, 6.918, 48.22, 53.07, 0.198, 268.51, 4.04);
insert into SHOT values (340, 375, 376, 164, 2.900, 41.91, 0.00, 2.775, 40.18, 0.00, 0.152, 255.52, 0.00);
insert into SHOT values (341, 376, 377, 164, 4.300, 44.91, -26.00, 4.190, 43.05, -26.50, 0.169, 271.04, 5.08);
insert into SHOT values (342, 377, 378, 164, 5.900, 74.91, -3.00, 5.760, 74.78, -3.09, 0.141, 260.39, -0.50);
insert into SHOT values (343, 378, 379, 164, 4.400, 44.91, 30.00, 4.289, 43.03, 30.55, 0.172, 270.51, -6.69);
insert into SHOT values (344, 379, 380, 164, 5.100, 321.91, 10.00, 5.167, 318.10, 9.81, 0.343, 241.61, -0.94);
insert into SHOT values (345, 380, 381, 164, 5.000, 99.91, 50.00, 4.913, 101.20, 51.04, 0.144, 251.05, -4.07);
insert into SHOT values (346, 381, 382, 164, 10.500, 1.91, -35.00, 10.517, 355.32, -35.25, 0.989, 267.89, -2.75);
insert into SHOT values (347, 382, 383, 164, 3.550, 59.91, 0.00, 3.418, 59.01, 0.00, 0.143, 262.12, 0.00);
insert into SHOT values (348, 383, 384, 164, 3.700, 359.91, -89.00, 3.701, 0.00, -88.92, 0.005, 1.03, -5.93);
insert into SHOT values (349, 384, 385, 164, 1.700, 299.91, 0.00, 1.702, 299.58, 0.00, 0.010, 219.77, 0.00);
insert into SHOT values (350, 385, 386, 164, 2.200, 299.91, 0.00, 2.195, 300.07, 0.00, 0.007, 67.46, 0.00);
insert into SHOT values (351, 386, 387, 164, 3.300, 269.91, -89.00, 3.301, 270.00, -88.96, 0.002, 272.06, -11.79);
insert into SHOT values (352, 387, 388, 164, 6.000, 269.91, -60.00, 6.003, 270.00, -60.02, 0.006, 359.96, -40.45);
insert into SHOT values (353, 388, 389, 164, 6.200, 27.91, -38.00, 6.192, 27.98, -37.98, 0.011, 158.77, 42.46);
insert into SHOT values (354, 389, 390, 164, 0.010, 59.91, -50.00, 0.014, 0.00, -45.00, 0.009, 320.63, -14.94);
insert into SHOT values (355, 390, 391, 164, 15.400, 59.91, -50.00, 15.404, 59.94, -50.00, 0.006, 116.46, -28.89);
insert into SHOT values (356, 391, 392, 164, 11.000, 14.91, -40.00, 10.998, 14.93, -40.00, 0.003, 153.57, 12.71);
insert into SHOT values (357, 392, 393, 164, 0.500, 14.91, -40.00, 0.497, 13.67, -40.04, 0.009, 269.20, 9.23);
insert into SURVEY values (166, 19, '102', '102.Sakany', 'Queute en N203');
 insert into CENTRELINE values (167, 166, NULL, NULL, NULL, 0.00, 0.00, 0.00);
 insert into CENTRELINE values (168, 166, NULL, '2001-06-03', NULL, 10.40, 0.00, 0.00);
 insert into TOPO values (3, 168);
 insert into TOPO values (4, 168);
 insert into SHOT values (358, 394, 395, 168, 5.400, 306.91, 5.00, 5.398, 306.91, 4.99, 0.002, 131.74, -23.78);
insert into SHOT values (359, 395, 396, 168, 5.000, 351.91, 3.00, 5.006, 351.95, 2.98, 0.007, 19.88, -13.67);
insert into SURVEY values (170, 19, '103', '103.Sakany', 'Etroiture en N210>N206');
 insert into CENTRELINE values (171, 170, NULL, NULL, NULL, 0.00, 0.00, 0.00);
 insert into CENTRELINE values (172, 170, NULL, '2001-06-03', NULL, 17.80, 0.00, 0.00);
 insert into TOPO values (3, 172);
 insert into TOPO values (4, 172);
 insert into SHOT values (360, 397, 398, 172, 0.050, 29.91, -20.00, 0.049, 26.57, -24.09, 0.005, 258.07, -39.58);
insert into SHOT values (361, 398, 399, 172, 2.850, 29.91, -20.00, 2.849, 30.01, -19.90, 0.007, 106.78, 45.81);
insert into SHOT values (362, 399, 400, 172, 3.700, 342.91, -10.00, 3.698, 342.91, -10.12, 0.008, 168.92, -68.06);
insert into SHOT values (363, 400, 401, 172, 6.000, 52.91, -20.00, 5.994, 52.87, -20.00, 0.008, 270.77, 15.36);
insert into SHOT values (364, 401, 402, 172, 5.200, 84.91, -15.00, 5.206, 84.87, -14.92, 0.010, 55.94, 34.88);
insert into SURVEY values (174, 19, '104', '104.Sakany', 'Tete de puits: N212>N212b');
 insert into CENTRELINE values (175, 174, NULL, NULL, NULL, 0.00, 0.00, 0.00);
 insert into CENTRELINE values (176, 174, NULL, '2001-06-03', NULL, 2.45, 0.00, 0.00);
 insert into TOPO values (3, 176);
 insert into TOPO values (4, 176);
 insert into SHOT values (365, 403, 404, 176, 2.450, 259.91, 8.00, 2.450, 260.03, 7.98, 0.005, 344.70, -10.87);
insert into SURVEY values (178, 19, '105', '105.Sakany', 'Puits Jumeaux');
 insert into CENTRELINE values (179, 178, NULL, NULL, NULL, 0.00, 0.00, 0.00);
 insert into CENTRELINE values (180, 178, NULL, '2001-06-03', NULL, 134.22, 0.00, 0.00);
 insert into TOPO values (3, 180);
 insert into TOPO values (4, 180);
 insert into SHOT values (366, 405, 406, 180, 8.300, 314.91, 0.00, 8.500, 320.20, 1.01, 0.814, 33.17, 10.62);
insert into SHOT values (367, 406, 407, 180, 3.700, 259.91, -30.00, 3.669, 264.08, -29.38, 0.238, 353.77, 12.13);
insert into SHOT values (368, 407, 408, 180, 2.400, 179.91, -13.00, 2.181, 180.54, -12.44, 0.221, 353.56, 18.42);
insert into SHOT values (369, 408, 409, 180, 2.970, 239.91, -19.00, 2.875, 243.62, -18.66, 0.203, 357.06, 13.34);
insert into SHOT values (370, 409, 410, 180, 4.300, 234.91, 18.00, 4.255, 239.55, 18.92, 0.338, 338.31, 8.71);
insert into SHOT values (371, 410, 411, 180, 2.900, 9.91, 0.00, 3.086, 8.76, 0.74, 0.200, 351.39, 11.56);
insert into SHOT values (372, 411, 412, 180, 4.000, 289.91, -50.00, 4.000, 293.26, -48.81, 0.173, 359.10, 18.25);
insert into SHOT values (373, 412, 413, 180, 6.000, 289.91, -89.00, 5.924, 301.43, -87.96, 0.136, 312.35, 35.63);
insert into SHOT values (374, 413, 414, 180, 5.800, 356.91, -20.00, 5.962, 356.35, -18.58, 0.225, 341.39, 21.87);
insert into SHOT values (375, 414, 415, 180, 9.000, 259.91, -45.00, 8.967, 266.98, -44.01, 0.805, 347.31, 9.58);
insert into SHOT values (376, 415, 416, 180, 4.300, 249.91, -60.00, 4.206, 253.46, -59.93, 0.162, 359.68, 31.23);
insert into SHOT values (377, 416, 417, 180, 7.500, 249.91, -89.00, 7.420, 284.04, -89.36, 0.111, 33.46, 45.37);
insert into SHOT values (378, 417, 418, 180, 8.400, 29.91, -22.00, 8.444, 22.24, -19.65, 1.109, 304.88, 16.06);
insert into SHOT values (379, 418, 419, 180, 7.600, 354.91, -50.00, 7.571, 351.36, -47.37, 0.468, 301.20, 32.60);
insert into SHOT values (380, 419, 420, 180, 14.500, 349.91, -89.50, 14.347, 348.18, -86.49, 0.773, 347.89, 13.42);
insert into SHOT values (381, 420, 421, 180, 2.000, 303.91, 0.00, 2.189, 304.20, 1.57, 0.198, 307.22, 17.64);
insert into SHOT values (382, 421, 422, 180, 6.200, 303.91, -89.90, 6.034, 305.84, -87.89, 0.271, 305.94, 38.83);
insert into SHOT values (383, 422, 423, 180, 4.200, 289.91, -40.00, 4.230, 291.26, -37.92, 0.174, 323.33, 35.02);
insert into SHOT values (384, 423, 424, 180, 4.100, 289.91, -89.90, 3.932, 300.96, -88.30, 0.202, 301.68, 57.19);
insert into SHOT values (385, 424, 425, 180, 3.400, 354.91, -7.00, 3.398, 354.90, -6.93, 0.005, 211.01, 69.86);
insert into SHOT values (386, 425, 426, 180, 6.200, 23.91, -30.00, 6.199, 23.84, -30.01, 0.007, 283.50, 0.00);
insert into SHOT values (387, 426, 427, 180, 6.750, 44.91, -13.00, 6.749, 45.00, -13.01, 0.010, 140.18, -9.04);
insert into SHOT values (388, 427, 428, 180, 3.300, 324.91, -20.00, 3.301, 324.98, -20.02, 0.004, 44.67, -20.78);
insert into SHOT values (389, 428, 429, 180, 4.400, 351.91, -32.00, 4.405, 351.85, -31.94, 0.008, 317.95, 12.12);
insert into SHOT values (390, 429, 430, 180, 2.000, 351.91, -32.00, 2.001, 351.87, -31.99, 0.002, 298.33, -5.70);
insert into SURVEY values (182, 19, '106', '106.Sakany', 'Puits du Kit en N213');
 insert into CENTRELINE values (183, 182, NULL, NULL, NULL, 0.00, 0.00, 0.00);
 insert into CENTRELINE values (184, 182, NULL, '2001-06-03', NULL, 9.90, 0.00, 0.00);
 insert into TOPO values (3, 184);
 insert into TOPO values (4, 184);
 insert into SHOT values (391, 431, 432, 184, 2.900, 24.91, 0.00, 2.899, 24.89, 0.00, 0.002, 265.35, 0.00);
insert into SHOT values (392, 432, 433, 184, 7.000, 299.91, -70.00, 7.000, 299.89, -70.06, 0.007, 127.30, -18.27);
insert into SURVEY values (186, 19, '107', '107.Sakany', 'Vers 2e branche Pts Jumeaux');
 insert into CENTRELINE values (187, 186, NULL, NULL, NULL, 0.00, 0.00, 0.00);
 insert into CENTRELINE values (188, 186, NULL, '2001-06-03', NULL, 13.00, 0.00, 0.00);
 insert into TOPO values (3, 188);
 insert into TOPO values (4, 188);
 insert into SHOT values (393, 434, 435, 188, 5.000, 204.91, 12.00, 4.872, 202.92, 11.36, 0.218, 79.91, -21.36);
insert into SHOT values (394, 435, 436, 188, 8.000, 234.91, -10.00, 7.881, 234.75, -11.34, 0.222, 63.38, -46.41);
insert into SURVEY values (190, 19, '108', '108.Sakany', 'Puits Rouge [N222-N225]');
 insert into CENTRELINE values (191, 190, NULL, NULL, NULL, 0.00, 0.00, 0.00);
 insert into CENTRELINE values (192, 190, NULL, '2001-06-03', NULL, 4.50, 0.00, 0.00);
 insert into TOPO values (3, 192);
 insert into TOPO values (4, 192);
 insert into SHOT values (395, 437, 438, 192, 4.500, 299.91, -45.00, 4.491, 299.88, -45.08, 0.011, 130.31, 10.60);
insert into SURVEY values (194, 19, '109', '109.Sakany', 'Liaison Collecteur-P.J.');
 insert into CENTRELINE values (195, 194, NULL, NULL, NULL, 0.00, 0.00, 0.00);
 insert into CENTRELINE values (196, 194, NULL, '2001-06-03', NULL, 37.80, 0.00, 0.00);
 insert into TOPO values (3, 196);
 insert into TOPO values (4, 196);
 insert into SHOT values (396, 439, 440, 196, 3.600, 254.91, 0.00, 3.571, 252.73, -0.16, 0.140, 151.81, -4.10);
insert into SHOT values (397, 440, 441, 196, 4.800, 259.91, 70.00, 4.771, 258.20, 70.23, 0.060, 139.47, -20.16);
insert into SHOT values (398, 441, 442, 196, 2.000, 225.91, 8.00, 2.020, 223.99, 7.68, 0.071, 152.28, -6.79);
insert into SHOT values (399, 442, 443, 196, 7.990, 225.91, 8.00, 8.034, 221.54, 7.65, 0.610, 138.45, -3.95);
insert into SHOT values (400, 443, 444, 196, 0.010, 225.91, 0.00, 0.041, 180.00, -14.04, 0.035, 167.74, -16.47);
insert into SHOT values (401, 444, 445, 196, 0.010, 359.91, 45.00, 0.073, 170.54, -33.33, 0.083, 171.51, -34.77);
insert into SHOT values (402, 445, 446, 196, 8.190, 359.91, 45.00, 8.004, 4.62, 44.50, 0.513, 102.18, -20.70);
insert into SHOT values (403, 446, 447, 196, 1.500, 299.91, 45.00, 1.246, 299.18, 44.94, 0.254, 123.52, -45.24);
insert into SHOT values (404, 447, 448, 196, 7.200, 19.91, -30.00, 7.257, 26.11, -31.95, 0.715, 119.57, -19.60);
insert into SHOT values (405, 448, 449, 196, 2.500, 39.91, -5.00, 2.521, 43.38, -6.61, 0.168, 126.48, -25.42);
insert into SURVEY values (198, 19, '110', '110.Sakany', 'Reseau Grille: N202>N207 par N301 et N310');
 insert into CENTRELINE values (199, 198, NULL, NULL, NULL, 0.00, 0.00, 0.00);
 insert into CENTRELINE values (200, 198, NULL, '2001-06-16', NULL, 51.17, 0.00, 0.00);
 insert into TOPO values (3, 200);
 insert into TOPO values (4, 200);
 insert into SHOT values (406, 450, 451, 200, 5.800, 69.92, 1.00, 6.115, 75.07, 4.60, 0.725, 133.53, 32.44);
insert into SHOT values (407, 451, 452, 200, 5.620, 325.92, 0.00, 5.466, 332.45, 4.62, 0.788, 74.43, 33.96);
insert into SHOT values (408, 452, 453, 200, 1.800, 31.92, 0.00, 1.907, 36.45, 4.21, 0.227, 89.31, 38.13);
insert into SHOT values (409, 453, 454, 200, 3.350, 279.92, 5.00, 3.107, 279.77, 9.45, 0.349, 101.58, 38.62);
insert into SHOT values (410, 454, 455, 200, 2.800, 59.92, 15.00, 3.128, 63.43, 18.06, 0.404, 94.59, 37.41);
insert into SHOT values (411, 455, 456, 200, 1.600, 24.92, -5.00, 1.635, 29.70, 0.00, 0.198, 100.45, 44.72);
insert into SHOT values (412, 456, 457, 200, 2.200, 21.92, -20.00, 2.113, 27.19, -15.65, 0.265, 124.27, 43.60);
insert into SHOT values (413, 457, 458, 200, 2.400, 9.92, 2.00, 2.418, 15.19, 6.17, 0.283, 101.14, 38.56);
insert into SHOT values (414, 458, 459, 200, 3.500, 327.92, 2.00, 3.325, 332.81, 6.22, 0.422, 93.90, 34.30);
insert into SHOT values (415, 459, 460, 200, 3.100, 274.92, 0.00, 2.825, 274.07, 4.26, 0.355, 103.28, 36.27);
insert into SHOT values (416, 460, 461, 200, 1.300, 18.92, 30.00, 1.250, 21.70, 32.42, 0.091, 163.62, 12.72);
insert into SHOT values (417, 461, 462, 200, 4.000, 359.92, 0.00, 3.832, 1.65, 1.20, 0.221, 145.75, 21.25);
insert into SHOT values (418, 462, 463, 200, 5.400, 329.92, -40.00, 5.282, 325.53, -39.09, 0.347, 231.02, 23.98);
insert into SHOT values (419, 463, 464, 200, 3.000, 329.92, -89.00, 2.850, 281.31, -88.98, 0.155, 213.94, 74.12);
insert into SHOT values (420, 464, 465, 200, 5.300, 271.92, -2.00, 5.433, 268.21, -0.53, 0.397, 201.42, 19.89);
insert into SURVEY values (202, 19, '111', '111.Sakany', 'Etroiture Domi [N310>N311]');
 insert into CENTRELINE values (203, 202, NULL, NULL, NULL, 0.00, 0.00, 0.00);
 insert into CENTRELINE values (204, 202, NULL, '2001-06-16', NULL, 64.28, 0.00, 0.00);
 insert into TOPO values (3, 204);
 insert into TOPO values (4, 204);
 insert into SHOT values (421, 466, 467, 204, 4.230, 64.92, 18.00, 4.238, 64.90, 18.00, 0.008, 54.47, 19.96);
insert into SHOT values (422, 467, 468, 204, 2.100, 49.92, 45.00, 2.090, 49.95, 45.07, 0.010, 225.07, -29.58);
insert into SHOT values (423, 468, 469, 204, 7.500, 144.92, 50.00, 7.501, 144.89, 50.05, 0.007, 350.57, 42.24);
insert into SHOT values (424, 469, 470, 204, 1.900, 9.92, 0.00, 1.899, 10.01, 0.00, 0.003, 120.20, 0.00);
insert into SHOT values (425, 470, 471, 204, 0.800, 9.92, -89.90, 0.800, 90.00, -90.00, 0.001, 189.92, -0.05);
insert into SHOT values (426, 471, 472, 204, 3.000, 62.92, 0.00, 3.001, 62.84, 0.00, 0.004, 345.83, 0.00);
insert into SHOT values (427, 472, 473, 204, 4.100, 159.92, 3.00, 4.105, 159.89, 2.93, 0.008, 138.04, -36.74);
insert into SHOT values (428, 473, 474, 204, 1.700, 91.92, -5.00, 1.697, 91.69, -5.07, 0.007, 338.82, -14.40);
insert into SHOT values (429, 474, 475, 204, 1.600, 164.92, 0.00, 1.606, 164.84, 0.00, 0.006, 144.39, 0.00);
insert into SHOT values (430, 475, 476, 204, 2.000, 150.92, 20.00, 1.998, 150.98, 20.20, 0.007, 304.74, 54.37);
insert into SHOT values (431, 476, 477, 204, 3.000, 47.92, 0.00, 3.002, 47.97, 0.00, 0.004, 99.84, 0.00);
insert into SHOT values (432, 477, 478, 204, 2.700, 49.92, -52.00, 2.701, 49.89, -52.06, 0.003, 259.89, -51.67);
insert into SHOT values (433, 478, 479, 204, 1.600, 37.92, 0.00, 1.596, 37.87, 0.00, 0.004, 235.43, 0.00);
insert into SHOT values (434, 479, 480, 204, 4.100, 164.92, 0.00, 4.102, 164.88, 0.00, 0.003, 111.48, 0.00);
insert into SHOT values (435, 480, 481, 204, 3.500, 149.92, 30.00, 3.498, 149.88, 30.02, 0.003, 13.53, -0.00);
insert into SHOT values (436, 481, 482, 204, 1.600, 37.92, 0.00, 1.596, 37.87, 0.00, 0.004, 235.43, 0.00);
insert into SHOT values (437, 482, 483, 204, 2.200, 109.92, 0.00, 2.202, 109.92, 0.00, 0.002, 108.48, 0.00);
insert into SHOT values (438, 483, 484, 204, 3.550, 9.92, 10.00, 3.556, 9.87, 10.04, 0.007, 340.99, 28.52);
insert into SHOT values (439, 484, 485, 204, 3.600, 59.92, 40.00, 3.599, 60.00, 39.93, 0.006, 122.08, -42.76);
insert into SHOT values (440, 485, 486, 204, 2.300, 89.92, 20.00, 2.300, 90.00, 20.09, 0.005, 202.53, 44.87);
insert into SHOT values (441, 486, 487, 204, 0.200, 54.92, 4.00, 0.200, 53.13, 2.86, 0.007, 328.49, -32.30);
insert into SHOT values (442, 487, 488, 204, 3.000, 54.92, 3.00, 3.006, 55.04, 3.05, 0.009, 102.78, 19.18);
insert into SHOT values (443, 488, 489, 204, 3.000, 54.92, 3.00, 2.998, 54.93, 3.06, 0.004, 220.26, 50.19);
insert into SHOT values (444, 489, 490, 204, 1.000, 54.92, 3.00, 0.992, 54.87, 2.89, 0.009, 241.16, -15.86);
insert into SURVEY values (206, 19, '112', '112.Sakany', 'Liaison entre N310 et N205');
 insert into CENTRELINE values (207, 206, NULL, NULL, NULL, 0.00, 0.00, 0.00);
 insert into CENTRELINE values (208, 206, NULL, '2001-06-16', NULL, 13.10, 0.00, 0.00);
 insert into TOPO values (3, 208);
 insert into TOPO values (4, 208);
 insert into SHOT values (445, 491, 492, 208, 6.400, 202.92, 10.00, 6.308, 197.28, 13.76, 0.745, 94.03, 31.43);
insert into SHOT values (446, 492, 493, 208, 6.700, 239.92, -60.00, 6.303, 239.54, -60.57, 0.402, 64.49, 50.94);
insert into SURVEY values (210, 19, '113', '113.Sakany', 'Reseau Grille: N301>N306');
 insert into CENTRELINE values (211, 210, NULL, NULL, NULL, 0.00, 0.00, 0.00);
 insert into CENTRELINE values (212, 210, NULL, '2001-06-16', NULL, 50.05, 0.00, 0.00);
 insert into TOPO values (3, 212);
 insert into TOPO values (4, 212);
 insert into SHOT values (447, 494, 495, 212, 5.700, 131.92, 18.00, 5.690, 131.49, 17.28, 0.083, 59.20, -59.46);
insert into SHOT values (448, 495, 496, 212, 6.400, 123.92, 15.00, 6.395, 123.48, 14.21, 0.100, 53.57, -60.11);
insert into SHOT values (449, 496, 497, 212, 6.800, 114.92, 2.00, 6.821, 114.61, 1.26, 0.098, 57.74, -63.55);
insert into SHOT values (450, 497, 498, 212, 3.500, 114.92, -18.00, 3.528, 115.04, -18.00, 0.029, 129.72, -17.06);
insert into SHOT values (451, 498, 499, 212, 4.000, 119.92, 12.00, 4.032, 120.14, 12.03, 0.035, 146.69, 13.72);
insert into SHOT values (452, 499, 500, 212, 4.350, 125.92, -1.00, 4.383, 125.90, -1.05, 0.034, 123.93, -6.99);
insert into SHOT values (453, 500, 501, 212, 3.600, 68.92, -20.00, 3.608, 69.64, -19.93, 0.044, 147.43, 1.67);
insert into SHOT values (454, 501, 502, 212, 5.400, 68.92, -89.00, 5.311, 83.66, -89.02, 0.092, 175.06, 74.94);
insert into SHOT values (455, 502, 503, 212, 2.600, 44.92, 0.00, 2.554, 46.43, 0.90, 0.092, 170.09, 25.91);
insert into SHOT values (456, 503, 504, 212, 5.200, 39.92, -32.00, 5.096, 41.92, -31.60, 0.188, 155.22, 27.04);
insert into SHOT values (457, 504, 505, 212, 2.500, 299.92, -20.00, 2.492, 299.96, -19.94, 0.008, 105.25, 38.24);
insert into SURVEY values (214, 19, '114', '114.Sakany', 'De N305 vers porche N307');
 insert into CENTRELINE values (215, 214, NULL, NULL, NULL, 0.00, 0.00, 0.00);
 insert into CENTRELINE values (216, 214, NULL, '2001-06-16', NULL, 26.00, 0.00, 0.00);
 insert into TOPO values (3, 216);
 insert into TOPO values (4, 216);
 insert into SHOT values (458, 506, 507, 216, 9.300, 168.92, 23.00, 9.308, 169.28, 24.98, 0.325, 325.77, 65.61);
insert into SHOT values (459, 507, 508, 216, 3.900, 219.92, -2.00, 3.870, 221.23, -0.89, 0.120, 328.33, 39.22);
insert into SHOT values (460, 508, 509, 216, 7.900, 194.92, -8.00, 7.841, 196.25, -6.44, 0.286, 295.56, 50.00);
insert into SHOT values (461, 509, 510, 216, 4.900, 241.92, -20.00, 4.854, 243.49, -18.87, 0.165, 337.96, 39.87);
insert into SURVEY values (218, 19, '115', '115.Sakany', 'De porche N307 vers N305');
 insert into CENTRELINE values (219, 218, NULL, NULL, NULL, 0.00, 0.00, 0.00);
 insert into CENTRELINE values (220, 218, NULL, '2001-06-16', NULL, 25.60, 0.00, 0.00);
 insert into TOPO values (3, 220);
 insert into TOPO values (4, 220);
 insert into SHOT values (462, 511, 512, 220, 1.800, 349.92, -10.00, 1.838, 349.86, -8.45, 0.062, 347.80, 42.93);
insert into SHOT values (463, 512, 513, 220, 6.000, 349.92, -10.00, 6.034, 349.67, -8.58, 0.155, 325.84, 65.95);
insert into SHOT values (464, 513, 514, 220, 3.800, 4.92, 10.00, 3.872, 4.38, 11.02, 0.106, 333.41, 49.36);
insert into SHOT values (465, 514, 515, 220, 2.800, 29.92, -8.00, 2.823, 29.03, -6.92, 0.072, 333.88, 43.67);
insert into SHOT values (466, 515, 516, 220, 2.600, 84.92, -10.00, 2.564, 83.88, -8.75, 0.081, 324.82, 49.34);
insert into SHOT values (467, 516, 517, 220, 3.000, 4.92, 10.00, 3.076, 4.37, 11.06, 0.099, 340.71, 44.45);
insert into SHOT values (468, 517, 518, 220, 5.600, 51.92, -10.00, 5.610, 50.19, -8.71, 0.209, 331.40, 35.91);
insert into SURVEY values (222, 19, '116', '116.Sakany', 'Porche du Nd 303');
 insert into CENTRELINE values (223, 222, NULL, NULL, NULL, 0.00, 0.00, 0.00);
 insert into CENTRELINE values (224, 222, NULL, '2001-06-16', NULL, 14.20, 0.00, 0.00);
 insert into TOPO values (3, 224);
 insert into TOPO values (4, 224);
 insert into SHOT values (469, 519, 520, 224, 0.200, 203.92, 15.00, 0.206, 203.96, 16.94, 0.009, 206.25, 65.26);
insert into SHOT values (470, 520, 521, 224, 14.000, 203.92, 15.00, 13.997, 203.91, 14.99, 0.005, 54.96, -48.73);
insert into SURVEY values (226, 19, '117', '117.Sakany', 'Porche du Nd 309');
 insert into CENTRELINE values (227, 226, NULL, NULL, NULL, 0.00, 0.00, 0.00);
 insert into CENTRELINE values (228, 226, NULL, '2001-06-16', NULL, 19.93, 0.00, 0.00);
 insert into TOPO values (3, 228);
 insert into TOPO values (4, 228);
 insert into SHOT values (471, 522, 523, 228, 2.300, 191.92, 15.00, 2.307, 191.92, 15.07, 0.008, 191.09, 36.49);
insert into SHOT values (472, 523, 524, 228, 4.500, 124.92, -25.00, 4.501, 124.82, -24.97, 0.008, 52.57, 13.67);
insert into SHOT values (473, 524, 525, 228, 2.930, 224.92, 25.00, 2.929, 225.00, 24.83, 0.010, 274.70, -58.78);
insert into SHOT values (474, 525, 526, 228, 6.500, 221.92, 0.00, 6.501, 221.88, 0.00, 0.004, 144.10, 0.00);
insert into SHOT values (475, 526, 527, 228, 3.700, 169.92, 0.00, 3.698, 169.88, 0.00, 0.004, 38.27, 0.00);
insert into SURVEY values (230, 19, '118', '118.Sakany', 'Vers Reseau Kairn [N312>N314]');
 insert into CENTRELINE values (231, 230, NULL, NULL, NULL, 0.00, 0.00, 0.00);
 insert into CENTRELINE values (232, 230, NULL, '2001-06-16', NULL, 14.92, 0.00, 0.00);
 insert into TOPO values (3, 232);
 insert into TOPO values (4, 232);
 insert into SHOT values (476, 528, 529, 232, 4.600, 34.92, 55.00, 4.627, 38.53, 54.35, 0.178, 107.48, -2.61);
insert into SHOT values (477, 529, 530, 232, 2.800, 334.92, -45.00, 2.724, 337.64, -46.01, 0.128, 109.90, 8.91);
insert into SHOT values (478, 530, 531, 232, 3.500, 334.92, -22.00, 3.388, 338.44, -22.56, 0.228, 97.35, 2.80);
insert into SHOT values (479, 531, 532, 232, 4.020, 96.92, -35.00, 4.190, 97.45, -34.11, 0.185, 107.34, -13.87);
insert into SURVEY values (234, 19, '120', '120.Sakany', 'Reseaux sous entree Grille');
 insert into CENTRELINE values (235, 234, NULL, NULL, NULL, 0.00, 0.00, 0.00);
 insert into CENTRELINE values (236, 234, NULL, '2001-06-16', NULL, 65.73, 0.00, 0.00);
 insert into TOPO values (3, 236);
 insert into TOPO values (4, 236);
 insert into SHOT values (480, 533, 534, 236, 11.800, 59.92, 10.00, 11.789, 59.27, 11.20, 0.280, 306.41, 59.23);
insert into SHOT values (481, 534, 535, 236, 6.100, 34.92, -22.00, 6.064, 34.39, -21.37, 0.092, 295.26, 55.10);
insert into SHOT values (482, 535, 536, 236, 4.100, 164.92, 4.00, 4.095, 165.39, 4.62, 0.056, 268.53, 52.08);
insert into SHOT values (483, 536, 537, 236, 3.500, 144.92, 10.00, 3.503, 145.29, 10.69, 0.048, 246.03, 61.35);
insert into SHOT values (484, 537, 538, 236, 3.400, 141.92, -30.00, 3.356, 142.38, -29.65, 0.054, 281.99, 47.27);
insert into SHOT values (485, 538, 539, 236, 1.610, 11.92, 20.00, 1.629, 11.75, 20.86, 0.031, 346.00, 71.18);
insert into SHOT values (486, 539, 540, 236, 2.000, 99.92, 20.00, 2.007, 99.81, 20.72, 0.026, 340.56, 81.44);
insert into SHOT values (487, 540, 541, 236, 2.300, 29.92, 18.00, 2.307, 29.61, 18.71, 0.032, 290.27, 68.19);
insert into SHOT values (488, 541, 542, 236, 7.300, 39.92, -10.00, 7.273, 39.23, -9.26, 0.130, 302.27, 48.46);
insert into SHOT values (489, 542, 543, 236, 2.000, 39.92, -50.00, 1.934, 39.51, -49.46, 0.069, 237.32, 64.49);
insert into SHOT values (490, 543, 544, 236, 2.150, 299.92, -50.00, 2.107, 299.74, -49.42, 0.049, 139.80, 75.52);
insert into SHOT values (491, 544, 545, 236, 3.500, 24.92, 20.00, 3.511, 24.62, 20.50, 0.037, 294.76, 62.35);
insert into SHOT values (492, 545, 546, 236, 4.700, 24.92, -50.00, 4.634, 24.60, -49.62, 0.075, 246.59, 70.54);
insert into SHOT values (493, 546, 547, 236, 3.200, 4.92, -5.00, 3.199, 4.32, -4.48, 0.044, 276.71, 40.79);
insert into SHOT values (494, 547, 548, 236, 8.070, 57.92, 36.00, 8.103, 57.54, 36.86, 0.132, 281.28, 61.64);
insert into SURVEY values (238, 19, '121', '121.Sakany', 'Reseau Fenetres');
 insert into CENTRELINE values (239, 238, NULL, NULL, NULL, 0.00, 0.00, 0.00);
 insert into CENTRELINE values (240, 238, NULL, '2001-06-16', NULL, 9.40, 0.00, 0.00);
 insert into TOPO values (3, 240);
 insert into TOPO values (4, 240);
 insert into SHOT values (495, 549, 550, 240, 2.200, 199.92, -50.00, 2.196, 199.84, -49.91, 0.006, 104.59, 71.17);
insert into SHOT values (496, 550, 551, 240, 2.600, 159.92, 20.00, 2.596, 159.86, 20.05, 0.005, 12.97, 8.90);
insert into SHOT values (497, 551, 552, 240, 0.200, 159.92, 20.00, 0.205, 158.75, 19.92, 0.007, 122.54, 13.83);
insert into SHOT values (498, 552, 553, 240, 0.400, 244.92, 1.00, 0.407, 245.32, 0.00, 0.010, 266.64, -41.87);
insert into SHOT values (499, 553, 554, 240, 4.000, 244.92, 1.00, 4.000, 244.84, 1.00, 0.005, 153.86, 2.14);
insert into SURVEY values (242, 19, '122', '122.Sakany', 'Reseau Fenetres: A51>entree A53');
 insert into CENTRELINE values (243, 242, NULL, NULL, NULL, 0.00, 0.00, 0.00);
 insert into CENTRELINE values (244, 242, NULL, '2001-06-16', NULL, 5.90, 0.00, 0.00);
 insert into TOPO values (3, 244);
 insert into TOPO values (4, 244);
 insert into SHOT values (500, 555, 556, 244, 2.900, 149.92, 45.00, 2.900, 150.19, 44.98, 0.010, 234.54, -3.61);
insert into SHOT values (501, 556, 557, 244, 0.500, 214.92, -10.00, 0.496, 214.99, -10.44, 0.005, 26.20, -37.16);
insert into SHOT values (502, 557, 558, 244, 2.500, 214.92, -10.00, 2.501, 214.92, -9.90, 0.004, 211.96, 71.05);
insert into SURVEY values (246, 19, '123', '123.Sakany', 'Reseau Fenetres: A53>Entree A55');
 insert into CENTRELINE values (247, 246, NULL, NULL, NULL, 0.00, 0.00, 0.00);
 insert into CENTRELINE values (248, 246, NULL, '2001-06-16', NULL, 5.10, 0.00, 0.00);
 insert into TOPO values (3, 248);
 insert into TOPO values (4, 248);
 insert into SHOT values (503, 559, 560, 248, 5.100, 139.92, 20.00, 5.096, 139.83, 19.96, 0.009, 31.80, -28.35);
insert into SURVEY values (250, 19, '124', '124.Sakany', 'Reseau Fenetres: Entree A56>A350');
 insert into CENTRELINE values (251, 250, NULL, NULL, NULL, 0.00, 0.00, 0.00);
 insert into CENTRELINE values (252, 250, NULL, '2001-06-16', NULL, 13.70, 0.00, 0.00);
 insert into TOPO values (3, 252);
 insert into TOPO values (4, 252);
 insert into SHOT values (504, 561, 562, 252, 0.300, 29.92, -50.00, 0.294, 29.36, -51.40, 0.009, 220.87, -1.13);
insert into SHOT values (505, 562, 563, 252, 5.000, 29.92, -50.00, 5.005, 29.99, -49.93, 0.008, 58.36, 1.54);
insert into SHOT values (506, 563, 564, 252, 5.000, 99.92, 45.00, 4.994, 99.94, 44.98, 0.006, 248.30, -62.28);
insert into SHOT values (507, 564, 565, 252, 3.400, 90.92, 20.00, 3.395, 90.90, 19.98, 0.005, 284.32, -31.45);
insert into SURVEY values (254, 19, '125', '125.Sakany', 'Reseau du Poisson A79>A09');
 insert into CENTRELINE values (255, 254, NULL, NULL, NULL, 0.00, 0.00, 0.00);
 insert into CENTRELINE values (256, 254, NULL, '2001-06-23', NULL, 16.80, 0.00, 0.00);
 insert into TOPO values (5, 256);
 insert into TOPO values (2, 256);
 insert into SHOT values (508, 566, 567, 256, 7.000, 149.92, 12.00, 7.002, 149.95, 11.95, 0.008, 199.85, -44.72);
insert into SHOT values (509, 567, 568, 256, 2.600, 159.92, -10.00, 2.596, 159.86, -9.98, 0.005, 10.25, 16.77);
insert into SHOT values (510, 568, 569, 256, 4.200, 87.92, -9.00, 4.195, 87.92, -9.05, 0.006, 263.85, -28.03);
insert into SHOT values (511, 569, 570, 256, 3.000, 87.92, -90.00, 3.000, 90.00, -90.00, 0.000, 87.92, 0.00);
insert into SURVEY values (258, 19, '126', '126.Sakany', 'Reseau du Poisson A80>A83');
 insert into CENTRELINE values (259, 258, NULL, NULL, NULL, 0.00, 0.00, 0.00);
 insert into CENTRELINE values (260, 258, NULL, '2001-06-23', NULL, 13.00, 0.00, 0.00);
 insert into TOPO values (5, 260);
 insert into TOPO values (2, 260);
 insert into SHOT values (512, 571, 572, 260, 4.500, 357.92, 18.00, 4.503, 357.86, 17.98, 0.006, 303.53, -5.93);
insert into SHOT values (513, 572, 573, 260, 3.300, 317.92, 0.00, 3.299, 317.95, 0.00, 0.002, 65.21, 0.00);
insert into SHOT values (514, 573, 574, 260, 5.200, 352.92, -10.00, 5.197, 352.93, -9.97, 0.004, 147.62, 52.18);
insert into SURVEY values (262, 19, '127', '127.Sakany', 'Puits Jumeaux [2e Branche]');
 insert into CENTRELINE values (263, 262, NULL, NULL, NULL, 0.00, 0.00, 0.00);
 insert into CENTRELINE values (264, 262, NULL, '2001-06-24', NULL, 46.35, 0.00, 0.00);
 insert into TOPO values (5, 264);
 insert into TOPO values (2, 264);
 insert into SHOT values (515, 575, 576, 264, 0.050, 189.92, -89.90, 0.144, 71.57, -77.27, 0.095, 71.43, -70.62);
insert into SHOT values (516, 576, 577, 264, 5.450, 189.92, -89.00, 5.540, 116.57, -89.77, 0.129, 23.50, -44.86);
insert into SHOT values (517, 577, 578, 264, 2.100, 189.92, 0.00, 2.011, 188.29, -0.85, 0.111, 42.40, -15.74);
insert into SHOT values (518, 578, 579, 264, 6.700, 339.92, -89.90, 6.790, 18.43, -89.47, 0.105, 26.10, -58.77);
insert into SHOT values (519, 579, 580, 264, 6.800, 339.92, -45.00, 6.886, 343.55, -45.36, 0.320, 66.19, -16.63);
insert into SHOT values (520, 580, 581, 264, 7.900, 294.92, -40.00, 7.932, 295.04, -42.12, 0.295, 110.72, -55.03);
insert into SHOT values (521, 581, 582, 264, 9.850, 34.92, -52.00, 9.987, 38.03, -53.04, 0.398, 136.68, -33.20);
insert into SHOT values (522, 582, 583, 264, 7.500, 69.92, -55.00, 7.658, 71.52, -55.35, 0.205, 137.24, -49.81);
insert into SURVEY values (266, 19, '128', '128.Sakany', 'Etroiture en N312');
 insert into CENTRELINE values (267, 266, NULL, NULL, NULL, 0.00, 0.00, 0.00);
 insert into CENTRELINE values (268, 266, NULL, '2001-06-16', NULL, 13.40, 0.00, 0.00);
 insert into TOPO values (3, 268);
 insert into TOPO values (4, 268);
 insert into SHOT values (523, 584, 585, 268, 3.200, 249.92, 5.00, 3.195, 249.97, 5.03, 0.006, 40.94, 10.23);
insert into SHOT values (524, 585, 586, 268, 10.200, 179.92, 30.00, 10.206, 179.94, 29.98, 0.007, 202.54, -0.00);
insert into SURVEY values (270, 19, '129', '129.Sakany', 'Reseau Kairn: Secteur Alpha');
 insert into CENTRELINE values (271, 270, NULL, NULL, NULL, 0.00, 0.00, 0.00);
 insert into CENTRELINE values (272, 270, NULL, '2001-10-13', NULL, 51.88, 0.00, 0.00);
 insert into TOPO values (5, 272);
 insert into TOPO values (2, 272);
 insert into SHOT values (525, 587, 588, 272, 0.010, 339.95, -10.00, 0.014, 0.00, -45.00, 0.009, 77.50, -67.29);
insert into SHOT values (526, 588, 589, 272, 8.400, 339.95, -10.00, 8.399, 339.92, -9.94, 0.010, 255.00, 64.04);
insert into SHOT values (527, 589, 590, 272, 5.500, 359.95, 50.00, 5.501, 0.00, 49.94, 0.006, 32.79, -30.29);
insert into SHOT values (528, 590, 591, 272, 8.250, 29.95, 25.00, 8.251, 29.93, 25.02, 0.005, 296.73, 45.25);
insert into SHOT values (529, 591, 592, 272, 0.010, 339.95, -10.00, 0.130, 321.34, -8.88, 0.120, 319.82, -8.74);
insert into SHOT values (530, 592, 593, 272, 11.300, 219.95, 50.00, 11.411, 227.16, 48.91, 0.960, 299.25, -3.36);
insert into SHOT values (531, 593, 594, 272, 2.700, 304.95, 20.00, 2.886, 303.75, 19.64, 0.195, 287.39, 13.83);
insert into SHOT values (532, 594, 595, 272, 7.400, 183.95, 35.00, 7.416, 190.75, 35.25, 0.720, 277.78, 2.83);
insert into SHOT values (533, 595, 596, 272, 5.800, 99.95, 60.00, 5.711, 99.43, 61.94, 0.216, 286.51, 4.53);
insert into SHOT values (534, 596, 597, 272, 2.500, 169.95, 50.00, 2.467, 173.01, 50.73, 0.096, 289.67, -3.05);
insert into SHOT values (535, 597, 598, 272, 0.010, 169.95, 50.00, 0.068, 296.57, -8.48, 0.073, 300.73, -13.95);
insert into SURVEY values (274, 19, '130', '130.Sakany', 'Reseau Kairn: Secteur Alpha');
 insert into CENTRELINE values (275, 274, NULL, NULL, NULL, 0.00, 0.00, 0.00);
 insert into CENTRELINE values (276, 274, NULL, '2001-10-13', NULL, 10.00, 0.00, 0.00);
 insert into TOPO values (5, 276);
 insert into TOPO values (2, 276);
 insert into SHOT values (536, 599, 600, 276, 2.000, 64.95, 18.00, 2.000, 64.78, 18.06, 0.006, 325.43, 19.13);
insert into SHOT values (537, 600, 601, 276, 8.000, 14.95, -40.00, 7.998, 14.94, -39.99, 0.003, 231.16, 58.50);
insert into SURVEY values (278, 19, '140', '140.Sakany', 'Labyrinthe Grille: De N306 a 304');
 insert into CENTRELINE values (279, 278, NULL, NULL, NULL, 0.00, 0.00, 0.00);
 insert into CENTRELINE values (280, 278, NULL, '2007-01-27', NULL, 52.13, 0.00, 0.00);
 insert into TOPO values (5, 280);
 insert into TOPO values (2, 280);
 insert into SHOT values (538, 602, 603, 280, 1.450, 350.48, -45.00, 1.565, 351.14, -45.18, 0.116, 359.65, -47.06);
insert into SHOT values (539, 603, 604, 280, 1.900, 350.48, 55.00, 1.954, 350.11, 55.50, 0.057, 327.15, 71.35);
insert into SHOT values (540, 604, 605, 280, 5.650, 265.48, 40.00, 5.693, 264.96, 40.54, 0.079, 173.14, 59.98);
insert into SHOT values (541, 605, 606, 280, 3.000, 345.48, 45.00, 3.032, 345.50, 45.70, 0.049, 154.22, 85.31);
insert into SHOT values (542, 606, 607, 280, 6.980, 148.48, 39.00, 7.033, 148.71, 39.46, 0.080, 224.88, 74.01);
insert into SHOT values (543, 607, 608, 280, 3.950, 240.48, 37.00, 3.999, 239.96, 37.42, 0.064, 187.67, 55.64);
insert into SHOT values (544, 608, 609, 280, 6.750, 285.48, 35.00, 6.788, 284.82, 35.69, 0.110, 181.20, 53.20);
insert into SHOT values (545, 609, 610, 280, 1.600, 15.48, -35.00, 1.544, 15.45, -34.28, 0.059, 196.64, 54.12);
insert into SHOT values (546, 610, 611, 280, 2.900, 340.48, -65.00, 2.827, 340.51, -64.91, 0.073, 159.43, 68.51);
insert into SHOT values (547, 611, 612, 280, 2.200, 340.48, -20.00, 2.151, 340.40, -19.55, 0.051, 164.54, 39.05);
insert into SHOT values (548, 612, 613, 280, 2.900, 340.48, -45.00, 2.834, 340.31, -44.60, 0.069, 171.21, 61.30);
insert into SHOT values (549, 613, 614, 280, 1.500, 200.48, 0.00, 1.522, 199.98, 0.75, 0.032, 168.84, 38.31);
insert into SHOT values (550, 614, 615, 280, 9.900, 200.48, -89.00, 9.823, 200.85, -88.69, 0.094, 202.09, 56.50);
insert into SHOT values (551, 615, 616, 280, 1.450, 330.48, 10.00, 1.441, 330.36, 10.80, 0.022, 164.39, 54.23);
insert into SURVEY values (282, 19, '141', '141.Sakany', 'Porche perche au dessus de la salle du grenier');
 insert into CENTRELINE values (283, 282, NULL, NULL, NULL, 0.00, 0.00, 0.00);
 insert into CENTRELINE values (284, 282, NULL, '2007-01-27', NULL, 26.45, 0.00, 0.00);
 insert into TOPO values (5, 284);
 insert into TOPO values (2, 284);
 insert into SHOT values (552, 617, 618, 284, 2.800, 30.48, 20.00, 2.805, 30.55, 20.01, 0.006, 64.19, 21.86);
insert into SHOT values (553, 618, 619, 284, 3.050, 340.48, 0.00, 3.046, 340.43, 0.00, 0.005, 192.42, 0.00);
insert into SHOT values (554, 619, 620, 284, 5.800, 352.48, -8.00, 5.796, 352.49, -8.03, 0.005, 162.18, -32.38);
insert into SHOT values (555, 620, 621, 284, 2.800, 20.48, -40.00, 2.800, 20.46, -40.00, 0.001, 319.89, -12.19);
insert into SHOT values (556, 621, 622, 284, 7.000, 80.48, 60.00, 6.997, 80.46, 60.00, 0.003, 305.87, -43.95);
insert into SHOT values (557, 622, 623, 284, 5.000, 80.48, 60.00, 5.003, 80.35, 59.95, 0.008, 33.49, -0.91);
insert into SURVEY values (286, 19, '142', '142.Sakany', 'Petit labyrinthe en N306');
 insert into CENTRELINE values (287, 286, NULL, NULL, NULL, 0.00, 0.00, 0.00);
 insert into CENTRELINE values (288, 286, NULL, '2007-01-27', NULL, 54.01, 0.00, 0.00);
 insert into TOPO values (5, 288);
 insert into TOPO values (2, 288);
 insert into SHOT values (558, 624, 625, 288, 2.350, 51.48, -15.00, 2.449, 50.01, -16.37, 0.129, 13.95, -39.46);
insert into SHOT values (559, 625, 626, 288, 4.300, 300.48, 12.00, 4.309, 302.56, 10.56, 0.188, 20.48, -33.66);
insert into SHOT values (560, 626, 627, 288, 3.380, 340.48, -26.00, 3.533, 341.10, -26.93, 0.166, 357.50, -45.38);
insert into SHOT values (561, 627, 628, 288, 5.760, 335.48, -55.00, 5.780, 335.34, -55.97, 0.100, 162.38, -46.02);
insert into SHOT values (562, 628, 629, 288, 3.980, 8.48, 18.00, 4.004, 7.05, 16.99, 0.121, 302.45, -29.76);
insert into SHOT values (563, 629, 630, 288, 3.080, 37.48, 15.00, 3.077, 35.87, 13.92, 0.102, 314.42, -34.05);
insert into SHOT values (564, 630, 631, 288, 1.500, 320.48, 70.00, 1.430, 321.17, 68.41, 0.081, 345.96, -79.55);
insert into SHOT values (565, 631, 632, 288, 3.420, 52.48, -17.00, 3.385, 53.80, -17.18, 0.083, 169.01, -0.06);
insert into SHOT values (566, 632, 633, 288, 6.610, 95.48, -4.00, 6.632, 98.08, -3.98, 0.300, 182.62, 0.21);
insert into SHOT values (567, 633, 634, 288, 4.520, 138.48, 2.00, 4.585, 139.60, 2.00, 0.110, 192.67, 1.17);
insert into SHOT values (568, 634, 635, 288, 3.670, 209.48, -14.00, 3.728, 208.55, -13.81, 0.083, 164.25, -1.48);
insert into SHOT values (569, 635, 636, 288, 6.540, 230.48, 5.00, 6.584, 228.34, 4.97, 0.249, 149.56, 0.00);
insert into SHOT values (570, 636, 637, 288, 1.980, 100.48, 0.00, 2.002, 101.81, 0.00, 0.051, 165.30, 0.00);
insert into SHOT values (571, 637, 638, 288, 2.920, 185.08, -46.30, 2.930, 185.80, -47.49, 0.066, 331.68, -47.52);
insert into SURVEY values (290, 19, '143', '143.Sakany', 'Labyrinthe grille: boyau etroit en R07 - Serie a revoir');
 insert into CENTRELINE values (291, 290, NULL, NULL, NULL, 0.00, 0.00, 0.00);
 insert into CENTRELINE values (292, 290, NULL, '2007-01-27', NULL, 15.99, 0.00, 0.00);
 insert into TOPO values (5, 292);
 insert into TOPO values (2, 292);
 insert into SHOT values (572, 639, 640, 292, 1.970, 305.48, -20.00, 2.120, 306.64, -19.85, 0.155, 321.27, -17.34);
insert into SHOT values (573, 640, 641, 292, 1.750, 325.48, 0.00, 1.914, 325.65, -0.60, 0.165, 327.38, -6.96);
insert into SHOT values (574, 641, 642, 292, 2.140, 320.48, -10.00, 2.310, 321.06, -9.97, 0.172, 328.32, -9.51);
insert into SHOT values (575, 642, 643, 292, 1.650, 230.48, 0.00, 1.622, 233.27, -0.71, 0.087, 341.25, -13.33);
insert into SHOT values (576, 643, 644, 292, 2.480, 215.48, 10.00, 2.406, 218.32, 9.81, 0.140, 337.89, -8.45);
insert into SHOT values (577, 644, 645, 292, 2.200, 186.48, 0.00, 2.071, 188.05, -0.55, 0.144, 342.99, -8.01);
insert into SHOT values (578, 645, 646, 292, 1.700, 310.48, 60.00, 1.752, 311.48, 58.28, 0.075, 323.21, 13.74);
insert into SHOT values (579, 646, 647, 292, 2.100, 186.48, 0.00, 1.970, 188.17, -0.58, 0.145, 342.57, -7.95);
insert into SURVEY values (294, 19, '144', '144.Sakany', 'Labyrinthe grille: Boyaux en R07');
 insert into CENTRELINE values (295, 294, NULL, NULL, NULL, 0.00, 0.00, 0.00);
 insert into CENTRELINE values (296, 294, NULL, '2007-01-27', NULL, 26.70, 0.00, 0.00);
 insert into TOPO values (5, 296);
 insert into TOPO values (2, 296);
 insert into SHOT values (580, 648, 649, 296, 3.950, 278.48, 48.00, 3.915, 275.80, 48.90, 0.141, 157.37, 5.91);
insert into SHOT values (581, 649, 650, 296, 4.930, 280.48, 14.00, 4.852, 276.85, 14.68, 0.316, 171.98, 6.79);
insert into SHOT values (582, 650, 651, 296, 2.000, 358.48, -8.00, 1.847, 0.00, -7.78, 0.161, 160.72, 10.12);
insert into SHOT values (583, 651, 652, 296, 2.600, 20.48, 0.00, 2.496, 22.87, 0.23, 0.149, 156.07, 3.86);
insert into SHOT values (584, 652, 653, 296, 2.900, 318.48, 28.00, 2.903, 318.48, 27.94, 0.004, 314.90, -20.58);
insert into SHOT values (585, 653, 654, 296, 2.100, 5.48, -5.00, 2.097, 5.49, -4.92, 0.004, 177.68, 51.15);
insert into SHOT values (586, 654, 655, 296, 1.720, 285.48, 8.00, 1.720, 285.67, 8.02, 0.006, 15.26, 6.46);
insert into SHOT values (587, 655, 656, 296, 6.500, 357.48, -4.00, 6.492, 357.52, -3.97, 0.010, 149.13, 20.34);
insert into SURVEY values (298, 19, '145', '145.Sakany', 'Nouvelle serie');
 insert into CENTRELINE values (299, 298, NULL, NULL, NULL, 0.00, 0.00, 0.00);
 insert into CENTRELINE values (300, 298, NULL, '2007-01-27', NULL, 11.33, 0.00, 0.00);
 insert into TOPO values (5, 300);
 insert into TOPO values (2, 300);
 insert into SHOT values (588, 657, 658, 300, 2.780, 40.48, 10.00, 2.872, 37.84, 9.01, 0.165, 346.65, -11.42);
insert into SHOT values (589, 658, 659, 300, 2.900, 100.48, -45.00, 2.926, 97.61, -45.86, 0.114, 2.01, -25.58);
insert into SHOT values (590, 659, 660, 300, 2.210, 120.48, 0.00, 2.107, 118.02, -0.82, 0.142, 341.24, -12.23);
insert into SHOT values (591, 660, 661, 300, 3.440, 130.48, -25.00, 3.374, 128.16, -26.21, 0.159, 3.23, -13.20);
insert into SURVEY values (302, 19, '146', '146.Sakany', 'Escalade cheminee');
 insert into CENTRELINE values (303, 302, NULL, NULL, NULL, 0.00, 0.00, 0.00);
 insert into CENTRELINE values (304, 302, NULL, '2007-01-27', NULL, 21.56, 0.00, 0.00);
 insert into TOPO values (5, 304);
 insert into TOPO values (2, 304);
 insert into SHOT values (592, 662, 663, 304, 0.060, 270.48, 50.00, 0.064, 270.00, 51.34, 0.004, 257.22, 69.99);
insert into SHOT values (593, 663, 664, 304, 7.600, 270.48, 50.00, 7.602, 270.47, 49.96, 0.005, 256.45, -20.69);
insert into SHOT values (594, 664, 665, 304, 4.530, 10.48, 10.00, 4.532, 10.45, 9.91, 0.008, 332.61, -60.82);
insert into SHOT values (595, 665, 666, 304, 4.120, 80.48, 50.00, 4.128, 80.47, 49.95, 0.009, 75.29, 24.79);
insert into SHOT values (596, 666, 667, 304, 0.050, 280.48, 65.00, 0.054, 270.00, 68.20, 0.006, 168.56, 50.06);
insert into SHOT values (597, 667, 668, 304, 0.050, 280.48, 65.00, 0.046, 296.57, 60.79, 0.008, 7.21, -40.59);
insert into SHOT values (598, 668, 669, 304, 5.150, 280.48, 65.00, 5.156, 280.28, 64.93, 0.012, 238.61, 12.30);
insert into SURVEY values (306, 19, '147', '147.Sakany', 'De R03 vers R51');
 insert into CENTRELINE values (307, 306, NULL, NULL, NULL, 0.00, 0.00, 0.00);
 insert into CENTRELINE values (308, 306, NULL, '2007-01-27', NULL, 8.55, 0.00, 0.00);
 insert into TOPO values (5, 308);
 insert into TOPO values (2, 308);
 insert into SHOT values (599, 670, 671, 308, 2.500, 45.48, -70.00, 2.501, 45.47, -69.99, 0.001, 31.37, -52.20);
insert into SHOT values (600, 671, 672, 308, 2.850, 36.48, -45.00, 2.843, 36.30, -45.00, 0.010, 267.73, 32.49);
insert into SHOT values (601, 672, 673, 308, 3.200, 130.48, -20.00, 3.203, 130.42, -20.09, 0.007, 52.18, -56.67);
insert into SURVEY values (310, 19, '148', '148.Sakany', 'Diverticule en R24');
 insert into CENTRELINE values (311, 310, NULL, NULL, NULL, 0.00, 0.00, 0.00);
 insert into CENTRELINE values (312, 310, NULL, '2007-01-27', NULL, 7.85, 0.00, 0.00);
 insert into TOPO values (5, 312);
 insert into TOPO values (2, 312);
 insert into SHOT values (602, 674, 675, 312, 5.850, 260.48, 8.00, 5.848, 260.46, 8.06, 0.007, 123.34, 55.59);
insert into SHOT values (603, 675, 676, 312, 2.000, 200.48, 10.00, 1.994, 200.56, 9.82, 0.009, 351.44, -54.82);
insert into SURVEY values (314, 19, '149', '149.Sakany', 'Diverticules en R23');
 insert into CENTRELINE values (315, 314, NULL, NULL, NULL, 0.00, 0.00, 0.00);
 insert into CENTRELINE values (316, 314, NULL, '2007-01-27', NULL, 7.80, 0.00, 0.00);
 insert into TOPO values (5, 316);
 insert into TOPO values (2, 316);
 insert into SHOT values (604, 677, 678, 316, 2.800, 270.48, 25.00, 2.801, 270.68, 24.92, 0.010, 344.23, -20.45);
insert into SHOT values (605, 678, 679, 316, 5.000, 170.48, 20.00, 5.006, 170.46, 19.97, 0.007, 152.89, -0.83);
insert into SURVEY values (318, 19, '150', '150.Sakany', 'Diverticules en R23');
 insert into CENTRELINE values (319, 318, NULL, NULL, NULL, 0.00, 0.00, 0.00);
 insert into CENTRELINE values (320, 318, NULL, '2007-01-27', NULL, 6.90, 0.00, 0.00);
 insert into TOPO values (5, 320);
 insert into TOPO values (2, 320);
 insert into SHOT values (606, 680, 681, 320, 6.900, 328.48, -15.00, 6.911, 328.48, -15.01, 0.011, 324.29, -22.17);
insert into SURVEY values (322, 19, '200', '200.Sakany', 'Topo de surface: Sapinette vers Entree Accident');
 insert into CENTRELINE values (323, 322, NULL, NULL, NULL, 0.00, 0.00, 0.00);
 insert into CENTRELINE values (324, 322, NULL, '2001-10-19', NULL, 0.00, 71.30, 0.00);
 insert into TOPO values (5, 324);
 insert into TOPO values (2, 324);
 insert into SHOT values (607, 682, 683, 324, 21.000, 261.95, 40.00, 20.946, 259.98, 40.78, 0.621, 148.73, 16.98);
insert into SHOT_FLAG values(607, 'srf');
insert into SHOT values (608, 683, 684, 324, 20.000, 267.95, 40.00, 19.942, 266.66, 40.76, 0.437, 145.22, 22.07);
insert into SHOT_FLAG values(608, 'srf');
insert into SHOT values (609, 684, 685, 324, 19.700, 277.95, 41.00, 19.637, 277.62, 41.84, 0.308, 117.52, 34.72);
insert into SHOT_FLAG values(609, 'srf');
insert into SHOT values (610, 685, 686, 324, 10.600, 285.95, 0.00, 10.535, 286.32, -0.27, 0.107, 60.32, -27.98);
insert into SHOT_FLAG values(610, 'srf');
insert into SURVEY values (326, 19, '201', '201.Sakany', 'Traversee vers 129/4 par Accident');
 insert into CENTRELINE values (327, 326, NULL, NULL, NULL, 0.00, 0.00, 0.00);
 insert into CENTRELINE values (328, 326, NULL, '2001-10-19', NULL, 208.31, 0.00, 0.00);
 insert into TOPO values (5, 328);
 insert into TOPO values (2, 328);
 insert into SHOT values (611, 687, 688, 328, 0.010, 281.95, 10.00, 0.024, 135.00, 54.74, 0.029, 121.52, 38.41);
insert into SHOT values (612, 688, 689, 328, 10.300, 281.95, 10.00, 10.285, 282.07, 11.10, 0.199, 80.27, 74.14);
insert into SHOT values (613, 689, 690, 328, 13.100, 254.95, 31.00, 13.119, 254.23, 32.40, 0.351, 117.28, 53.83);
insert into SHOT values (614, 690, 691, 328, 7.700, 359.95, 20.00, 7.724, 1.19, 20.78, 0.189, 95.72, 34.18);
insert into SHOT values (615, 691, 692, 328, 0.010, 353.95, 50.00, 0.010, 90.00, 90.00, 0.007, 173.95, 20.00);
insert into SHOT values (616, 692, 693, 328, 8.500, 353.95, 50.00, 8.499, 354.38, 50.41, 0.074, 133.53, 31.57);
insert into SHOT values (617, 693, 694, 328, 2.100, 23.95, 0.00, 2.086, 24.35, 0.27, 0.023, 158.79, 25.96);
insert into SHOT values (618, 694, 695, 328, 0.010, 353.95, 50.00, 0.059, 18.43, 57.69, 0.050, 24.34, 58.54);
insert into SHOT values (619, 695, 696, 328, 1.800, 79.95, 0.00, 1.827, 80.23, 0.63, 0.034, 98.29, 35.64);
insert into SHOT values (620, 696, 697, 328, 2.300, 24.95, 25.00, 2.344, 25.47, 25.52, 0.053, 56.74, 46.06);
insert into SHOT values (621, 697, 698, 328, 5.700, 51.95, -28.00, 5.680, 52.56, -27.24, 0.095, 124.25, 53.40);
insert into SHOT values (622, 698, 699, 328, 4.700, 339.95, -8.00, 4.669, 340.70, -7.38, 0.085, 91.98, 39.57);
insert into SHOT values (623, 699, 700, 328, 6.400, 273.95, 28.00, 6.407, 273.88, 28.83, 0.094, 104.32, 65.66);
insert into SHOT values (624, 700, 701, 328, 4.040, 11.95, 32.00, 4.080, 12.58, 32.46, 0.064, 78.57, 49.99);
insert into SHOT values (625, 701, 702, 328, 2.500, 34.95, 10.00, 2.525, 35.48, 10.73, 0.046, 85.98, 50.50);
insert into SHOT values (626, 702, 703, 328, 8.800, 62.95, -42.00, 8.774, 63.59, -41.12, 0.156, 109.45, 49.43);
insert into SHOT values (627, 703, 704, 328, 4.700, 51.95, 5.00, 4.732, 52.59, 5.70, 0.084, 115.88, 45.80);
insert into SHOT values (628, 704, 705, 328, 3.400, 63.95, 0.00, 3.422, 64.18, 0.67, 0.047, 96.69, 57.48);
insert into SHOT values (629, 705, 706, 328, 2.600, 74.95, 75.00, 2.674, 75.17, 74.75, 0.075, 80.03, 65.95);
insert into SHOT values (630, 706, 707, 328, 4.600, 25.95, -30.00, 4.567, 26.57, -29.37, 0.074, 120.98, 54.57);
insert into SHOT values (631, 707, 708, 328, 3.700, 31.95, 30.00, 3.746, 32.61, 30.47, 0.067, 88.43, 48.50);
insert into SHOT values (632, 708, 709, 328, 4.200, 24.95, -12.00, 4.189, 25.69, -11.43, 0.068, 117.83, 39.21);
insert into SHOT values (633, 709, 710, 328, 1.500, 359.95, 0.00, 1.500, 0.76, 0.76, 0.029, 90.00, 43.29);
insert into SHOT values (634, 710, 711, 328, 5.900, 329.95, -55.00, 5.831, 330.47, -54.72, 0.081, 88.88, 64.73);
insert into SHOT values (635, 711, 712, 328, 8.200, 317.95, -50.00, 8.125, 318.47, -49.63, 0.103, 57.16, 62.47);
insert into SHOT values (636, 712, 713, 328, 0.010, 189.95, -55.00, 0.046, 26.57, 60.79, 0.056, 23.20, 59.93);
insert into SHOT values (637, 713, 714, 328, 3.900, 159.95, -55.00, 3.846, 159.29, -54.48, 0.070, 63.80, 68.22);
insert into SHOT values (638, 714, 715, 328, 8.680, 271.95, -70.00, 8.608, 271.95, -70.02, 0.072, 92.48, 67.89);
insert into SHOT values (639, 715, 716, 328, 0.020, 271.95, -70.00, 0.063, 90.00, 71.57, 0.083, 90.50, 71.19);
insert into SHOT values (640, 716, 717, 328, 0.010, 184.95, -20.00, 0.030, 296.57, 41.81, 0.036, 315.26, 40.67);
insert into SHOT values (641, 717, 718, 328, 1.400, 184.95, -20.00, 1.366, 187.13, -19.23, 0.063, 303.44, 27.40);
insert into SHOT values (642, 718, 719, 328, 1.400, 314.95, -40.00, 1.435, 313.55, -38.84, 0.052, 283.53, -0.11);
insert into SHOT values (643, 719, 720, 328, 5.400, 329.95, -45.00, 5.408, 327.82, -44.05, 0.169, 264.49, 20.18);
insert into SHOT values (644, 720, 721, 328, 7.800, 329.95, -89.90, 7.731, 320.71, -88.95, 0.147, 319.74, 28.54);
insert into SHOT values (645, 721, 722, 328, 1.000, 329.95, 0.00, 1.082, 328.22, 1.06, 0.090, 308.13, 12.79);
insert into SHOT values (646, 722, 723, 328, 0.010, 329.95, 0.00, 0.087, 315.00, 13.26, 0.078, 313.03, 14.89);
insert into SHOT values (647, 723, 724, 328, 0.010, 264.95, -60.00, 0.100, 277.13, -36.66, 0.092, 277.92, -34.13);
insert into SHOT values (648, 724, 725, 328, 9.300, 264.95, -60.00, 9.390, 266.69, -57.62, 0.424, 287.06, 16.99);
insert into SHOT values (649, 725, 726, 328, 9.700, 157.95, -12.00, 9.668, 166.36, -12.00, 1.389, 253.45, 0.28);
insert into SHOT values (650, 726, 727, 328, 6.200, 197.95, -4.00, 6.255, 204.92, -3.76, 0.758, 287.18, 1.70);
insert into SHOT values (651, 727, 728, 328, 6.400, 111.95, -25.00, 6.207, 112.71, -25.68, 0.220, 272.20, 3.84);
insert into SHOT values (652, 728, 729, 328, 8.700, 177.95, -15.00, 8.742, 186.86, -14.85, 1.310, 270.36, 0.51);
insert into SHOT values (653, 729, 730, 328, 9.100, 163.95, -20.00, 9.071, 172.11, -20.05, 1.214, 259.47, 0.11);
insert into SHOT values (654, 730, 731, 328, 3.200, 219.95, -30.00, 3.274, 223.44, -29.46, 0.189, 286.78, -3.04);
insert into SHOT values (655, 731, 732, 328, 9.300, 14.95, -70.00, 9.281, 10.61, -69.80, 0.245, 288.44, 6.83);
insert into SURVEY values (330, 19, '202', '202.Sakany', 'Dans Accident: Cul de sac en N208');
 insert into CENTRELINE values (331, 330, NULL, NULL, NULL, 0.00, 0.00, 0.00);
 insert into CENTRELINE values (332, 330, NULL, '2001-10-19', NULL, 8.41, 0.00, 0.00);
 insert into TOPO values (5, 332);
 insert into TOPO values (2, 332);
 insert into SHOT values (656, 733, 734, 332, 0.010, 259.95, -28.00, 0.014, 270.00, -45.00, 0.006, 319.71, -69.16);
insert into SHOT values (657, 734, 735, 332, 8.400, 259.95, -28.00, 8.397, 259.90, -27.98, 0.008, 153.63, 27.63);
insert into SURVEY values (334, 19, '203', '203.Sakany', 'Dans Accident: Cul de sac en N210');
 insert into CENTRELINE values (335, 334, NULL, NULL, NULL, 0.00, 0.00, 0.00);
 insert into CENTRELINE values (336, 334, NULL, '2001-10-19', NULL, 15.61, 0.00, 0.00);
 insert into TOPO values (5, 336);
 insert into TOPO values (2, 336);
 insert into SHOT values (658, 736, 737, 336, 0.010, 299.95, -20.00, 0.014, 270.00, -45.00, 0.008, 201.61, -52.51);
insert into SHOT values (659, 737, 738, 336, 2.900, 299.95, -20.00, 2.903, 300.14, -19.94, 0.010, 6.87, 11.12);
insert into SHOT values (660, 738, 739, 336, 4.700, 19.95, 10.00, 4.700, 19.96, 10.05, 0.004, 146.60, 76.77);
insert into SHOT values (661, 739, 740, 336, 8.000, 339.95, -22.00, 7.997, 339.88, -22.03, 0.011, 222.38, -16.09);
insert into SURVEY values (338, 19, '204', '204.Sakany', 'Entree Chatiere');
 insert into CENTRELINE values (339, 338, NULL, NULL, NULL, 0.00, 0.00, 0.00);
 insert into CENTRELINE values (340, 338, NULL, '2001-10-19', NULL, 59.89, 0.00, 0.00);
 insert into TOPO values (5, 340);
 insert into TOPO values (2, 340);
 insert into SHOT values (662, 741, 742, 340, 7.700, 191.95, -18.00, 7.676, 193.47, -16.97, 0.240, 277.18, 35.59);
insert into SHOT values (663, 742, 743, 340, 5.550, 224.95, -5.00, 5.566, 225.95, -4.12, 0.130, 302.20, 40.24);
insert into SHOT values (664, 743, 744, 340, 8.100, 151.95, 8.00, 8.089, 153.21, 9.10, 0.235, 253.50, 40.48);
insert into SHOT values (665, 744, 745, 340, 9.300, 163.95, 28.00, 9.332, 165.42, 29.25, 0.293, 272.98, 41.37);
insert into SHOT values (666, 745, 746, 340, 4.400, 173.95, 25.00, 4.425, 174.82, 25.72, 0.085, 265.78, 45.11);
insert into SHOT values (667, 746, 747, 340, 3.400, 107.95, 13.00, 3.381, 108.10, 13.86, 0.055, 272.07, 55.04);
insert into SHOT values (668, 747, 748, 340, 2.000, 179.95, 0.00, 1.990, 180.58, 0.86, 0.038, 294.80, 51.53);
insert into SHOT values (669, 748, 749, 340, 3.400, 204.95, -3.00, 3.402, 205.81, -2.19, 0.070, 291.14, 43.21);
insert into SHOT values (670, 749, 750, 340, 1.900, 144.95, 5.00, 1.879, 145.46, 5.80, 0.038, 289.58, 40.50);
insert into SHOT values (671, 750, 751, 340, 5.500, 155.95, 22.00, 5.516, 156.82, 22.94, 0.120, 260.49, 48.59);
insert into SHOT values (672, 751, 752, 340, 2.340, 99.95, 25.00, 2.336, 99.87, 25.90, 0.037, 289.17, 57.30);
insert into SHOT values (673, 752, 753, 340, 2.800, 137.95, 20.00, 2.805, 138.40, 20.88, 0.048, 254.55, 61.48);
insert into SHOT values (674, 753, 754, 340, 3.500, 107.95, -20.00, 3.433, 107.99, -19.39, 0.076, 285.76, 48.39);
insert into SURVEY values (342, 19, '205', '205.Sakany', 'Limacon et regard sur riviere');
 insert into CENTRELINE values (343, 342, NULL, NULL, NULL, 0.00, 0.00, 0.00);
 insert into CENTRELINE values (344, 342, NULL, '2001-10-19', NULL, 37.57, 0.00, 0.00);
 insert into TOPO values (5, 344);
 insert into TOPO values (2, 344);
 insert into SHOT values (675, 755, 756, 344, 0.010, 41.95, 10.00, 0.108, 68.20, -5.30, 0.100, 70.72, -6.76);
insert into SHOT values (676, 756, 757, 344, 8.500, 41.95, 10.00, 8.654, 49.03, 8.64, 1.075, 125.46, -9.42);
insert into SHOT values (677, 757, 758, 344, 3.500, 6.95, -7.00, 3.507, 11.12, -7.70, 0.256, 98.74, -9.77);
insert into SHOT values (678, 758, 759, 344, 5.350, 259.95, 30.00, 5.162, 258.11, 30.11, 0.238, 120.17, -20.93);
insert into SHOT values (679, 759, 760, 344, 0.010, 247.95, 18.00, 0.010, 270.00, 0.00, 0.005, 341.64, -39.40);
insert into SHOT values (680, 760, 761, 344, 7.700, 247.95, 18.00, 7.703, 247.95, 18.00, 0.003, 244.41, 12.26);
insert into SHOT values (681, 761, 762, 344, 3.900, 154.95, 42.00, 3.904, 154.94, 41.95, 0.005, 145.16, 4.28);
insert into SHOT values (682, 762, 763, 344, 8.600, 69.95, 40.00, 8.603, 69.94, 40.00, 0.003, 34.71, 44.51);
insert into SURVEY values (346, 19, '206', '206.Sakany', 'Regard sur la riviere');
 insert into CENTRELINE values (347, 346, NULL, NULL, NULL, 0.00, 0.00, 0.00);
 insert into CENTRELINE values (348, 346, NULL, '2001-10-19', NULL, 33.25, 0.00, 0.00);
 insert into TOPO values (5, 348);
 insert into TOPO values (2, 348);
 insert into SHOT values (683, 764, 765, 348, 6.900, 329.95, -18.00, 6.845, 335.30, -19.28, 0.629, 72.07, -11.72);
insert into SHOT values (684, 765, 766, 348, 2.870, 357.95, -28.00, 2.874, 1.36, -28.70, 0.155, 94.73, -12.19);
insert into SHOT values (685, 766, 767, 348, 0.140, 64.95, -22.00, 0.324, 70.35, -23.62, 0.186, 74.50, -24.71);
insert into SHOT values (686, 767, 768, 348, 5.000, 64.95, -22.00, 5.176, 67.82, -22.13, 0.295, 122.46, -15.14);
insert into SHOT values (687, 768, 769, 348, 3.000, 64.95, -22.00, 3.171, 66.93, -22.24, 0.197, 98.72, -22.70);
insert into SHOT values (688, 769, 770, 348, 3.000, 64.95, -22.00, 3.183, 66.83, -22.15, 0.205, 95.29, -21.76);
insert into SHOT values (689, 770, 771, 348, 1.000, 154.95, -56.00, 0.979, 150.26, -54.80, 0.055, 69.00, 32.07);
insert into SHOT values (690, 771, 772, 348, 11.340, 154.95, -56.00, 11.337, 148.94, -55.29, 0.685, 71.58, 6.81);
insert into SURVEY values (350, 19, '207', '207.Sakany', 'Positionnement de l''entree Chatiere');
 insert into CENTRELINE values (351, 350, NULL, NULL, NULL, 0.00, 0.00, 0.00);
 insert into CENTRELINE values (352, 350, NULL, '2001-10-19', NULL, 10.32, 0.00, 0.00);
 insert into TOPO values (5, 352);
 insert into TOPO values (2, 352);
 insert into SHOT values (691, 773, 774, 352, 10.320, 33.15, 31.10, 10.286, 34.87, 29.85, 0.349, 106.30, -37.09);
insert into SURVEY values (354, 19, '208', '208.Sakany', 'Cul de sac et perte en N217');
 insert into CENTRELINE values (355, 354, NULL, NULL, NULL, 0.00, 0.00, 0.00);
 insert into CENTRELINE values (356, 354, NULL, '2001-10-19', NULL, 22.01, 0.00, 0.00);
 insert into TOPO values (5, 356);
 insert into TOPO values (2, 356);
 insert into SHOT values (692, 775, 776, 356, 0.010, 329.95, -45.00, 0.075, 135.00, 41.47, 0.085, 136.65, 41.98);
insert into SHOT values (693, 776, 777, 356, 11.200, 329.95, -45.00, 11.125, 332.22, -45.25, 0.325, 76.68, 3.46);
insert into SHOT values (694, 777, 778, 356, 10.300, 84.95, -30.00, 10.354, 86.97, -28.81, 0.386, 150.20, 24.50);
insert into SHOT values (695, 778, 779, 356, 0.500, 84.95, -30.00, 0.542, 86.42, -27.47, 0.049, 99.44, 0.00);
insert into SURVEY values (358, 19, '209', '209.Sakany', 'Cul de sac en N218');
 insert into CENTRELINE values (359, 358, NULL, NULL, NULL, 0.00, 0.00, 0.00);
 insert into CENTRELINE values (360, 358, NULL, '2001-10-19', NULL, 18.20, 0.00, 0.00);
 insert into TOPO values (5, 360);
 insert into TOPO values (2, 360);
 insert into SHOT values (696, 780, 781, 360, 6.200, 267.95, 0.00, 6.204, 267.97, 0.00, 0.004, 290.31, 0.00);
insert into SHOT values (697, 781, 782, 360, 8.000, 189.95, 5.00, 8.001, 189.97, 5.02, 0.004, 261.42, 46.93);
insert into SHOT values (698, 782, 783, 360, 4.000, 139.95, 30.00, 3.999, 139.92, 30.00, 0.002, 31.97, -0.00);
insert into SURVEY values (362, 19, '210', '210.Sakany', 'Vers entree N202');
 insert into CENTRELINE values (363, 362, NULL, NULL, NULL, 0.00, 0.00, 0.00);
 insert into CENTRELINE values (364, 362, NULL, '2001-10-19', NULL, 10.01, 0.00, 0.00);
 insert into TOPO values (5, 364);
 insert into TOPO values (2, 364);
 insert into SHOT values (699, 784, 785, 364, 0.010, 148.95, 4.00, 0.014, 135.00, 0.00, 0.005, 106.67, -7.84);
insert into SHOT values (700, 785, 786, 364, 8.000, 148.95, -4.00, 7.999, 149.00, -4.01, 0.007, 245.00, -16.71);
insert into SHOT values (701, 786, 787, 364, 2.000, 148.95, -4.00, 2.001, 148.94, -4.01, 0.001, 123.67, -21.50);
insert into SURVEY values (366, 19, '211', '211.Sakany', 'Cul de sac en N201 [sommet galerie]');
 insert into CENTRELINE values (367, 366, NULL, NULL, NULL, 0.00, 0.00, 0.00);
 insert into CENTRELINE values (368, 366, NULL, '2001-10-19', NULL, 9.60, 0.00, 0.00);
 insert into TOPO values (5, 368);
 insert into TOPO values (2, 368);
 insert into SHOT values (702, 788, 789, 368, 9.100, 254.95, 35.00, 9.102, 254.92, 34.99, 0.005, 195.24, 5.24);
insert into SHOT values (703, 789, 790, 368, 0.500, 254.95, 35.00, 0.496, 255.62, 35.76, 0.009, 41.15, 20.91);
insert into SURVEY values (370, 19, '212', '212.Sakany', 'Vers entrees sups et mur');
 insert into CENTRELINE values (371, 370, NULL, NULL, NULL, 0.00, 0.00, 0.00);
 insert into CENTRELINE values (372, 370, NULL, '2001-10-19', NULL, 15.51, 0.00, 0.00);
 insert into TOPO values (5, 372);
 insert into TOPO values (2, 372);
 insert into SHOT values (704, 791, 792, 372, 5.300, 86.95, 28.00, 5.342, 86.46, 28.39, 0.068, 22.39, 49.26);
insert into SHOT values (705, 792, 793, 372, 0.010, 40.95, -20.00, 0.000, 90.00, 0.00, 0.010, 220.95, 20.00);
insert into SHOT values (706, 793, 794, 372, 10.200, 40.95, -20.00, 10.206, 40.98, -20.00, 0.008, 82.24, -10.17);
insert into SURVEY values (374, 19, '213', '213.Sakany', 'Vers entrees sups');
 insert into CENTRELINE values (375, 374, NULL, NULL, NULL, 0.00, 0.00, 0.00);
 insert into CENTRELINE values (376, 374, NULL, '2001-10-19', NULL, 26.10, 0.00, 0.00);
 insert into TOPO values (5, 376);
 insert into TOPO values (2, 376);
 insert into SHOT values (707, 795, 796, 376, 6.400, 219.95, 40.00, 6.423, 219.93, 40.60, 0.071, 45.06, 68.66);
insert into SHOT values (708, 796, 797, 376, 15.000, 214.95, 15.00, 14.992, 214.87, 16.23, 0.322, 47.24, 72.61);
insert into SHOT values (709, 797, 798, 376, 4.700, 184.95, 2.00, 4.690, 184.65, 2.57, 0.053, 69.40, 59.31);
insert into SURVEY values (378, 19, '214', '214.Sakany', 'Galeries de droite du porche');
 insert into CENTRELINE values (379, 378, NULL, NULL, NULL, 0.00, 0.00, 0.00);
 insert into CENTRELINE values (380, 378, NULL, '2001-10-19', NULL, 25.40, 0.00, 0.00);
 insert into TOPO values (5, 380);
 insert into TOPO values (2, 380);
 insert into SHOT values (710, 799, 800, 380, 0.100, 33.95, 6.00, 0.100, 36.87, 5.71, 0.005, 119.25, -5.07);
insert into SHOT values (711, 800, 801, 380, 11.000, 33.95, 6.00, 10.996, 33.97, 6.00, 0.004, 179.70, 2.39);
insert into SHOT values (712, 801, 802, 380, 3.500, 0.95, 2.00, 3.502, 0.82, 1.96, 0.009, 287.74, -14.05);
insert into SHOT values (713, 802, 803, 380, 6.200, 19.95, 10.00, 6.203, 20.01, 10.03, 0.007, 83.72, 27.70);
insert into SHOT values (714, 803, 804, 380, 3.600, 69.95, -10.00, 3.599, 70.03, -10.08, 0.007, 185.42, -42.42);
insert into SHOT values (715, 804, 805, 380, 1.000, 19.95, -10.00, 1.001, 19.54, -9.77, 0.008, 305.39, 26.13);
insert into SURVEY values (382, 19, '215', '215.Sakany', 'Galeries de droite du porche: F151');
 insert into CENTRELINE values (383, 382, NULL, NULL, NULL, 0.00, 0.00, 0.00);
 insert into CENTRELINE values (384, 382, NULL, '2001-10-19', NULL, 2.00, 0.00, 0.00);
 insert into TOPO values (5, 384);
 insert into TOPO values (2, 384);
 insert into SHOT values (716, 806, 807, 384, 2.000, 149.95, 0.00, 1.998, 149.97, 0.00, 0.002, 310.84, 0.00);
insert into SURVEY values (386, 19, '216', '216.Sakany', 'Galeries de droite du porche: F153');
 insert into CENTRELINE values (387, 386, NULL, NULL, NULL, 0.00, 0.00, 0.00);
 insert into CENTRELINE values (388, 386, NULL, '2001-10-19', NULL, 5.01, 0.00, 0.00);
 insert into TOPO values (5, 388);
 insert into TOPO values (2, 388);
 insert into SHOT values (717, 808, 809, 388, 0.010, 139.95, 45.00, 0.017, 135.00, 35.26, 0.008, 130.08, 22.35);
insert into SHOT values (718, 809, 810, 388, 4.500, 139.95, 45.00, 4.497, 139.85, 45.01, 0.007, 24.43, -17.11);
insert into SHOT values (719, 810, 811, 388, 0.500, 139.95, 45.00, 0.501, 140.83, 45.95, 0.010, 274.97, 40.64);
insert into SURVEY values (390, 19, '220', '220.Sakany', 'Galerie Vierge');
 insert into CENTRELINE values (391, 390, NULL, NULL, NULL, 0.00, 0.00, 0.00);
 insert into CENTRELINE values (392, 390, NULL, '2001-11-10', NULL, 85.40, 0.00, 0.00);
 insert into TOPO values (5, 392);
 insert into TOPO values (2, 392);
 insert into SHOT values (720, 812, 813, 392, 5.300, 44.96, -40.00, 5.295, 45.00, -39.95, 0.007, 158.24, 65.08);
insert into SHOT values (721, 813, 814, 392, 4.300, 9.96, -1.00, 4.307, 10.03, -1.06, 0.010, 49.82, -30.44);
insert into SHOT values (722, 814, 815, 392, 1.850, 84.96, 20.00, 1.851, 85.04, 20.23, 0.008, 211.86, 65.99);
insert into SHOT values (723, 815, 816, 392, 4.400, 114.96, -62.00, 4.403, 114.95, -62.07, 0.006, 301.01, -57.39);
insert into SHOT values (724, 816, 817, 392, 8.550, 358.96, -51.00, 8.547, 358.94, -50.98, 0.005, 275.01, 63.71);
insert into SHOT values (725, 817, 818, 392, 5.300, 26.96, -40.00, 5.296, 27.01, -40.08, 0.009, 184.15, -20.02);
insert into SHOT values (726, 818, 819, 392, 7.400, 26.96, -8.00, 7.411, 26.98, -7.99, 0.011, 43.11, -0.60);
insert into SHOT values (727, 819, 820, 392, 10.100, 39.96, 18.00, 10.098, 39.97, 18.00, 0.003, 163.18, -20.34);
insert into SHOT values (728, 820, 821, 392, 5.600, 339.96, -28.00, 5.598, 339.88, -28.02, 0.008, 227.46, -7.23);
insert into SHOT values (729, 821, 822, 392, 7.600, 34.96, -48.00, 7.605, 35.00, -47.98, 0.007, 70.07, -17.91);
insert into SHOT values (730, 822, 823, 392, 11.300, 334.96, -35.00, 11.303, 334.96, -34.98, 0.004, 329.98, 18.66);
insert into SHOT values (731, 823, 824, 392, 2.600, 64.96, -30.00, 2.599, 65.03, -30.01, 0.003, 180.45, 0.00);
insert into SHOT values (732, 824, 825, 392, 5.600, 4.96, -35.00, 5.598, 4.88, -34.99, 0.007, 269.31, 17.20);
insert into SHOT values (733, 825, 826, 392, 2.200, 309.96, 0.00, 2.193, 310.01, 0.00, 0.007, 114.94, 0.00);
insert into SHOT values (734, 826, 827, 392, 3.300, 334.96, 30.00, 3.301, 334.96, 29.99, 0.001, 333.91, -0.00);
insert into SURVEY values (394, 19, '221', '221.Sakany', 'Galerie Vierge: Cul de sac en N451');
 insert into CENTRELINE values (395, 394, NULL, NULL, NULL, 0.00, 0.00, 0.00);
 insert into CENTRELINE values (396, 394, NULL, '2001-11-10', NULL, 3.70, 0.00, 0.00);
 insert into TOPO values (5, 396);
 insert into TOPO values (2, 396);
 insert into SHOT values (735, 828, 829, 396, 3.700, 334.96, -48.00, 3.696, 335.10, -48.07, 0.008, 111.25, -2.46);
insert into SURVEY values (398, 19, '222', '222.Sakany', 'Galerie Vierge: Gal. suspendue');
 insert into CENTRELINE values (399, 398, NULL, NULL, NULL, 0.00, 0.00, 0.00);
 insert into CENTRELINE values (400, 398, NULL, '2001-11-10', NULL, 7.30, 0.00, 0.00);
 insert into TOPO values (5, 400);
 insert into TOPO values (2, 400);
 insert into SHOT values (736, 830, 831, 400, 3.500, 137.96, -1.00, 3.498, 138.01, -0.98, 0.004, 252.97, 16.70);
insert into SHOT values (737, 831, 832, 400, 3.800, 164.96, -35.00, 3.804, 164.94, -34.97, 0.004, 150.19, -5.26);
insert into SURVEY values (402, 19, '223', '223.Sakany', 'Reseau Inferieur du Cairn N230>N212');
 insert into CENTRELINE values (403, 402, NULL, NULL, NULL, 0.00, 0.00, 0.00);
 insert into CENTRELINE values (404, 402, NULL, '2001-11-10', NULL, 31.66, 0.00, 0.00);
 insert into TOPO values (5, 404);
 insert into TOPO values (2, 404);
 insert into SHOT values (738, 833, 834, 404, 3.330, 159.96, 20.00, 3.326, 160.00, 19.86, 0.009, 262.70, -75.23);
insert into SHOT values (739, 834, 835, 404, 3.330, 159.96, 20.00, 3.330, 160.00, 20.02, 0.003, 262.70, 24.50);
insert into SHOT values (740, 835, 836, 404, 8.000, 159.96, 89.90, 8.000, 180.00, 89.93, 0.006, 303.08, 0.12);
insert into SHOT values (741, 836, 837, 404, 5.300, 29.96, 60.00, 5.303, 30.04, 59.94, 0.008, 58.35, 0.48);
insert into SHOT values (742, 837, 838, 404, 2.400, 319.96, 10.00, 2.401, 319.98, 10.08, 0.003, 46.94, 77.11);
insert into SHOT values (743, 838, 839, 404, 5.300, 79.96, 30.00, 5.300, 79.96, 30.00, 0.000, 124.68, -0.00);
insert into SHOT values (744, 839, 840, 404, 4.000, 349.96, 35.00, 3.992, 349.96, 35.00, 0.008, 168.77, -33.33);
insert into SURVEY values (406, 19, '224', '224.Sakany', 'Reseau Inferieur du Cairn N231>N233');
 insert into CENTRELINE values (407, 406, NULL, NULL, NULL, 0.00, 0.00, 0.00);
 insert into CENTRELINE values (408, 406, NULL, '2001-11-10', NULL, 23.80, 0.00, 0.00);
 insert into TOPO values (5, 408);
 insert into TOPO values (2, 408);
 insert into SHOT values (745, 841, 842, 408, 5.800, 154.96, -10.00, 5.804, 154.96, -9.92, 0.009, 154.65, 52.33);
insert into SHOT values (746, 842, 843, 408, 5.700, 264.96, 31.00, 5.690, 265.06, 30.99, 0.013, 36.81, -26.21);
insert into SHOT values (747, 843, 844, 408, 4.700, 199.96, 50.00, 4.702, 200.11, 49.97, 0.009, 267.66, -2.67);
insert into SHOT values (748, 844, 845, 408, 1.500, 217.96, 5.00, 0.975, 95.89, -0.59, 2.180, 60.29, -3.70);
insert into SHOT values (749, 845, 846, 408, 2.500, 217.96, 5.00, 2.502, 218.16, 5.04, 0.009, 294.09, 13.38);
insert into SHOT values (750, 846, 847, 408, 1.500, 249.96, 5.00, 1.496, 249.98, 4.99, 0.004, 61.40, -9.59);
insert into SHOT values (751, 847, 848, 408, 2.100, 289.96, -45.00, 2.105, 289.65, -45.07, 0.010, 211.80, -32.09);
insert into SURVEY values (410, 19, '225', '225.Sakany', 'Reseau Inferieur du Cairn N232>N234 salle');
 insert into CENTRELINE values (411, 410, NULL, NULL, NULL, 0.00, 0.00, 0.00);
 insert into CENTRELINE values (412, 410, NULL, '2001-11-10', NULL, 6.66, 0.00, 0.00);
 insert into TOPO values (5, 412);
 insert into TOPO values (2, 412);
 insert into SHOT values (752, 849, 850, 412, 3.160, 64.96, 0.00, 0.964, 9.56, 1.78, 2.731, 261.84, 0.63);
insert into SHOT values (753, 850, 851, 412, 3.500, 94.96, -2.00, 1.327, 142.35, -1.73, 2.779, 254.38, 1.69);
insert into SURVEY values (414, 19, '230', '230.Sakany', 'Topo de surface Entree Sup N206 > Gouffre');
 insert into CENTRELINE values (415, 414, NULL, NULL, NULL, 0.00, 0.00, 0.00);
 insert into CENTRELINE values (416, 414, NULL, '2001-11-10', NULL, 0.00, 39.16, 0.00);
 insert into TOPO values (5, 416);
 insert into TOPO values (2, 416);
 insert into SHOT values (754, 852, 853, 416, 13.800, 230.96, 8.00, 13.784, 231.35, 9.10, 0.281, 351.61, 67.24);
insert into SHOT_FLAG values(754, 'srf');
insert into SHOT values (755, 853, 854, 416, 14.700, 234.96, 17.00, 14.700, 234.96, 17.01, 0.003, 344.77, 56.71);
insert into SHOT_FLAG values(755, 'srf');
insert into SHOT values (756, 854, 855, 416, 10.660, 321.96, 12.00, 10.654, 321.98, 11.97, 0.009, 110.89, -47.71);
insert into SHOT_FLAG values(756, 'srf');
insert into SURVEY values (418, 19, '231', '231.Sakany', 'Topo de surface Entree Sup N401>fenetre Viens');
 insert into CENTRELINE values (419, 418, NULL, NULL, NULL, 0.00, 0.00, 0.00);
 insert into CENTRELINE values (420, 418, NULL, '2001-11-10', NULL, 0.00, 22.20, 0.00);
 insert into TOPO values (5, 420);
 insert into TOPO values (2, 420);
 insert into SHOT values (757, 856, 857, 420, 8.000, 309.96, 33.00, 8.031, 310.88, 33.56, 0.137, 49.38, 37.25);
insert into SHOT_FLAG values(757, 'srf');
insert into SHOT values (758, 857, 858, 420, 14.200, 173.96, -22.00, 14.206, 173.99, -21.99, 0.009, 218.02, -3.72);
insert into SHOT_FLAG values(758, 'srf');
insert into SURVEY values (422, 19, '232', '232.Sakany', 'Chatiere Viens');
 insert into CENTRELINE values (423, 422, NULL, NULL, NULL, 0.00, 0.00, 0.00);
 insert into CENTRELINE values (424, 422, NULL, '2002-02-02', NULL, 69.85, 0.00, 0.00);
 insert into TOPO values (5, 424);
 insert into TOPO values (2, 424);
 insert into SHOT values (759, 859, 860, 424, 1.200, 290.98, 30.00, 1.220, 291.19, 30.53, 0.024, 309.07, 58.05);
insert into SHOT values (760, 860, 861, 424, 2.800, 305.98, 45.00, 2.840, 306.24, 45.34, 0.044, 334.76, 65.25);
insert into SHOT values (761, 861, 862, 424, 2.100, 89.98, 31.00, 2.146, 89.69, 31.47, 0.050, 72.46, 50.73);
insert into SHOT values (762, 862, 863, 424, 4.300, 44.98, -22.00, 4.309, 44.90, -21.51, 0.039, 30.27, 53.06);
insert into SHOT values (763, 863, 864, 424, 2.800, 334.98, 20.00, 2.832, 335.27, 20.46, 0.041, 5.94, 51.37);
insert into SHOT values (764, 864, 865, 424, 2.850, 69.98, -30.00, 2.840, 69.88, -29.54, 0.026, 10.21, 78.18);
insert into SHOT values (765, 865, 866, 424, 4.100, 289.98, -80.00, 4.042, 290.75, -79.94, 0.059, 53.64, 78.93);
insert into SHOT values (766, 866, 867, 424, 3.550, 29.98, -10.00, 3.562, 30.07, -9.53, 0.032, 47.48, 56.58);
insert into SHOT values (767, 867, 868, 424, 3.700, 31.98, -10.00, 3.716, 31.96, -9.45, 0.039, 27.37, 56.20);
insert into SHOT values (768, 868, 869, 424, 4.400, 254.98, 40.00, 4.420, 255.18, 40.49, 0.044, 22.36, 70.93);
insert into SHOT values (769, 869, 870, 424, 2.750, 24.98, -12.00, 2.762, 25.14, -11.49, 0.028, 49.76, 50.03);
insert into SHOT values (770, 870, 871, 424, 1.600, 24.98, 10.00, 1.638, 24.97, 10.55, 0.041, 24.56, 32.42);
insert into SHOT values (771, 871, 872, 424, 7.500, 44.98, -62.00, 7.466, 45.00, -61.49, 0.075, 46.40, 55.43);
insert into SHOT values (772, 872, 873, 424, 8.300, 84.98, -45.00, 8.266, 84.37, -44.37, 0.116, 26.65, 49.99);
insert into SHOT values (773, 873, 874, 424, 1.600, 359.98, 0.00, 1.620, 0.35, 0.71, 0.030, 27.64, 41.54);
insert into SHOT values (774, 874, 875, 424, 2.200, 79.98, -50.00, 2.166, 79.73, -49.64, 0.038, 287.75, 69.49);
insert into SHOT values (775, 875, 876, 424, 5.200, 59.98, 18.00, 5.240, 59.83, 18.35, 0.053, 34.43, 53.85);
insert into SHOT values (776, 876, 877, 424, 4.600, 11.98, 30.00, 4.649, 12.23, 30.36, 0.060, 44.75, 56.96);
insert into SHOT values (777, 877, 878, 424, 4.300, 48.98, -6.00, 4.314, 48.78, -5.45, 0.046, 8.15, 59.04);
insert into SURVEY values (426, 19, '233', '233.Sakany', 'Le Gouffre superieur');
 insert into CENTRELINE values (427, 426, NULL, NULL, NULL, 0.00, 0.00, 0.00);
 insert into CENTRELINE values (428, 426, NULL, '2002-02-02', NULL, 32.32, 0.00, 0.00);
 insert into TOPO values (5, 428);
 insert into TOPO values (2, 428);
 insert into SHOT values (778, 879, 880, 428, 3.300, 19.98, 0.00, 3.296, 19.86, 0.00, 0.008, 260.33, 0.00);
insert into SHOT values (779, 880, 881, 428, 14.600, 19.98, -89.90, 14.600, 18.43, -89.88, 0.006, 12.05, -0.21);
insert into SHOT values (780, 881, 882, 428, 3.000, 37.98, -45.00, 3.000, 38.11, -44.97, 0.005, 114.17, 15.05);
insert into SHOT values (781, 882, 883, 428, 0.020, 37.98, -45.00, 0.017, 45.00, -35.26, 0.004, 131.49, 67.32);
insert into SHOT values (782, 883, 884, 428, 4.400, 48.98, -23.00, 4.397, 48.91, -23.03, 0.006, 287.78, -7.14);
insert into SHOT values (783, 884, 885, 428, 6.000, 164.98, 15.00, 6.001, 165.00, 14.97, 0.004, 215.03, -45.21);
insert into SHOT values (784, 885, 886, 428, 1.000, 164.98, 15.00, 0.997, 164.95, 15.11, 0.003, 354.62, 21.81);
insert into SURVEY values (430, 19, '234', '234.Sakany', 'Le Gouffre superieur: Diaclase 1');
 insert into CENTRELINE values (431, 430, NULL, NULL, NULL, 0.00, 0.00, 0.00);
 insert into CENTRELINE values (432, 430, NULL, '2002-02-02', NULL, 32.91, 0.00, 0.00);
 insert into TOPO values (5, 432);
 insert into TOPO values (2, 432);
 insert into SHOT values (785, 887, 888, 432, 2.000, 341.98, -10.00, 1.998, 341.93, -10.09, 0.004, 194.76, -40.74);
insert into SHOT values (786, 888, 889, 432, 3.050, 341.98, 89.90, 3.050, 0.00, 89.81, 0.005, 18.44, 0.05);
insert into SHOT values (787, 889, 890, 432, 3.100, 292.98, 21.00, 3.108, 292.94, 21.12, 0.011, 269.75, 58.13);
insert into SHOT values (788, 890, 891, 432, 0.010, 275.98, 30.00, 0.010, 270.00, 0.00, 0.005, 236.94, -71.69);
insert into SHOT values (789, 891, 892, 432, 1.740, 275.98, 30.00, 1.732, 275.75, 30.15, 0.011, 129.17, 0.00);
insert into SHOT values (790, 892, 893, 432, 0.010, 275.98, -1.00, 0.014, 315.00, 0.00, 0.009, 359.64, 1.12);
insert into SHOT values (791, 893, 894, 432, 20.000, 275.98, -89.90, 20.000, 270.00, -89.89, 0.006, 235.45, -0.27);
insert into SHOT values (792, 894, 895, 432, 3.000, 275.98, 1.00, 2.996, 275.94, 0.96, 0.005, 129.62, -29.54);
insert into SURVEY values (434, 19, '235', '235.Sakany', 'Le Gouffre superieur: Diaclase 2');
 insert into CENTRELINE values (435, 434, NULL, NULL, NULL, 0.00, 0.00, 0.00);
 insert into CENTRELINE values (436, 434, NULL, '2002-02-02', NULL, 23.01, 0.00, 0.00);
 insert into TOPO values (5, 436);
 insert into TOPO values (2, 436);
 insert into SHOT values (793, 896, 897, 436, 0.010, 200.98, 1.00, 0.010, 180.00, 0.00, 0.004, 100.52, -2.74);
insert into SHOT values (794, 897, 898, 436, 21.000, 200.98, -89.90, 21.000, 194.04, -89.89, 0.007, 151.60, -0.28);
insert into SHOT values (795, 898, 899, 436, 2.000, 200.98, 1.00, 1.995, 201.16, 0.86, 0.009, 331.01, -31.18);
insert into SURVEY values (438, 19, '236', '236.Sakany', 'Le Gouffre Sans Fond');
 insert into CENTRELINE values (439, 438, NULL, NULL, NULL, 0.00, 0.00, 0.00);
 insert into CENTRELINE values (440, 438, NULL, '2002-02-02', NULL, 23.60, 0.00, 0.00);
 insert into TOPO values (5, 440);
 insert into TOPO values (2, 440);
 insert into SHOT values (796, 900, 901, 440, 0.500, 349.98, 0.00, 0.506, 350.91, 0.00, 0.010, 42.44, 0.00);
insert into SHOT values (797, 901, 902, 440, 8.600, 349.98, -80.00, 8.601, 349.97, -80.00, 0.001, 201.65, -44.89);
insert into SHOT values (798, 902, 903, 440, 10.400, 245.98, -34.00, 10.406, 245.99, -34.01, 0.006, 260.03, -44.14);
insert into SHOT values (799, 903, 904, 440, 4.100, 113.98, 2.00, 4.099, 114.06, 2.10, 0.009, 219.76, 49.70);
insert into SURVEY values (442, 19, '246', '246.Sakany', 'Jonction Echelles-Amoureux ][');
 insert into CENTRELINE values (443, 442, NULL, NULL, NULL, 0.00, 0.00, 0.00);
 insert into CENTRELINE values (444, 442, NULL, '2008-03-22', NULL, 42.58, 0.00, 0.00);
 insert into TOPO values (5, 444);
 insert into TOPO values (2, 444);
 insert into SHOT values (800, 905, 906, 444, 7.840, 200.59, 21.00, 7.824, 199.90, 20.74, 0.098, 108.61, -23.96);
insert into SHOT values (801, 906, 907, 444, 4.150, 182.59, -3.00, 4.150, 182.08, -3.32, 0.044, 89.90, -31.28);
insert into SHOT values (802, 907, 908, 444, 3.300, 168.59, -10.00, 3.313, 168.14, -10.26, 0.032, 99.00, -31.55);
insert into SHOT values (803, 908, 909, 444, 4.000, 144.59, -43.00, 4.025, 144.42, -43.10, 0.027, 110.35, -53.80);
insert into SHOT values (804, 909, 910, 444, 0.100, 220.59, -43.00, 0.112, 219.81, -45.69, 0.013, 208.37, -66.73);
insert into SHOT values (805, 910, 911, 444, 20.400, 220.59, -89.90, 20.430, 45.00, -89.76, 0.124, 43.70, -14.01);
insert into SHOT values (806, 911, 912, 444, 2.790, 208.85, 22.43, 2.775, 208.56, 22.01, 0.029, 94.86, -59.29);
insert into SURVEY values (446, 19, '300', '300.Sakany', 'Reseau Amoureux II Axial');
 insert into CENTRELINE values (447, 446, NULL, NULL, NULL, 0.00, 0.00, 0.00);
 insert into CENTRELINE values (448, 446, NULL, '2002-02-23', NULL, 78.80, 0.00, 0.00);
 insert into TOPO values (5, 448);
 insert into TOPO values (2, 448);
 insert into SHOT values (807, 913, 914, 448, 0.050, 359.99, -10.00, 0.094, 319.40, -12.24, 0.064, 289.09, -10.11);
insert into SHOT values (808, 914, 915, 448, 4.200, 4.99, 10.00, 4.224, 359.31, 9.95, 0.412, 275.50, 0.09);
insert into SHOT values (809, 915, 916, 448, 1.750, 4.99, 10.00, 1.756, 0.99, 9.84, 0.121, 276.24, -1.84);
insert into SHOT values (810, 916, 917, 448, 3.500, 1.99, -25.00, 3.520, 357.31, -24.86, 0.261, 274.36, -0.18);
insert into SHOT values (811, 917, 918, 448, 2.350, 314.99, -20.00, 2.522, 312.61, -19.46, 0.198, 284.54, -10.56);
insert into SHOT values (812, 918, 919, 448, 2.450, 15.99, 10.00, 2.418, 11.88, 10.00, 0.175, 273.46, -1.78);
insert into SHOT values (813, 919, 920, 448, 4.800, 267.99, 8.00, 5.026, 268.85, 7.66, 0.239, 286.22, 0.47);
insert into SHOT values (814, 920, 921, 448, 3.500, 329.99, -10.00, 3.642, 326.13, -9.80, 0.276, 269.02, -2.54);
insert into SHOT values (815, 921, 922, 448, 2.530, 329.99, 1.00, 2.663, 326.49, 0.86, 0.207, 278.21, -1.15);
insert into SHOT values (816, 922, 923, 448, 4.700, 334.99, -10.00, 4.833, 329.88, -9.77, 0.439, 260.23, -0.50);
insert into SHOT values (817, 923, 924, 448, 10.550, 316.99, -42.00, 10.720, 310.84, -40.14, 0.942, 246.36, 9.12);
insert into SHOT values (818, 924, 925, 448, 3.000, 83.99, -20.00, 2.791, 82.96, -20.77, 0.218, 276.62, 9.52);
insert into SHOT values (819, 925, 926, 448, 5.050, 12.99, -40.00, 5.136, 4.80, -39.84, 0.565, 286.56, -4.46);
insert into SHOT values (820, 926, 927, 448, 7.420, 6.99, -42.00, 7.574, 356.47, -41.41, 1.041, 280.91, -2.48);
insert into SHOT values (821, 927, 928, 448, 1.500, 304.99, -18.00, 1.496, 304.70, -17.91, 0.009, 188.87, 23.45);
insert into SHOT values (822, 928, 929, 448, 2.100, 334.99, -40.00, 2.102, 335.03, -39.97, 0.002, 3.82, -3.86);
insert into SHOT values (823, 929, 930, 448, 4.800, 334.99, -90.00, 4.800, 90.00, -90.00, 0.000, 334.99, -3.03);
insert into SHOT values (824, 930, 931, 448, 4.950, 267.99, -10.00, 4.948, 268.00, -10.01, 0.002, 59.28, -11.93);
insert into SHOT values (825, 931, 932, 448, 6.000, 164.99, -45.00, 6.005, 165.11, -45.05, 0.012, 256.46, -38.90);
insert into SHOT values (826, 932, 933, 448, 3.600, 279.99, -20.00, 3.599, 280.05, -19.99, 0.004, 26.69, 19.51);
insert into SURVEY values (450, 19, '301', '301.Sakany', 'Reseau Amoureux II: Niveau de N328');
 insert into CENTRELINE values (451, 450, NULL, NULL, NULL, 0.00, 0.00, 0.00);
 insert into CENTRELINE values (452, 450, NULL, '2002-02-23', NULL, 26.91, 0.00, 0.00);
 insert into TOPO values (5, 452);
 insert into TOPO values (2, 452);
 insert into SHOT values (827, 934, 935, 452, 5.720, 209.99, 9.00, 5.721, 210.06, 9.05, 0.009, 297.63, 36.79);
insert into SHOT values (828, 935, 936, 452, 5.310, 267.99, -5.00, 5.304, 267.94, -5.08, 0.011, 123.77, -42.49);
insert into SHOT values (829, 936, 937, 452, 6.490, 187.99, 8.00, 6.488, 188.05, 8.06, 0.011, 303.36, 39.80);
insert into SHOT values (830, 937, 938, 452, 4.240, 299.99, 18.00, 4.235, 299.94, 18.02, 0.006, 154.81, -2.16);
insert into SHOT values (831, 938, 939, 452, 2.850, 209.99, -25.00, 2.846, 210.05, -25.16, 0.009, 8.39, -37.37);
insert into SHOT values (832, 939, 940, 452, 2.300, 169.99, 0.00, 2.305, 170.01, 0.00, 0.005, 178.03, 0.00);
insert into SURVEY values (454, 19, '302', '302.Sakany', 'Reseau Amoureux II: Niveau de N328; puits en N331A');
 insert into CENTRELINE values (455, 454, NULL, NULL, NULL, 0.00, 0.00, 0.00);
 insert into CENTRELINE values (456, 454, NULL, '2002-02-23', NULL, 11.10, 0.00, 0.00);
 insert into TOPO values (5, 456);
 insert into TOPO values (2, 456);
 insert into SHOT values (833, 941, 942, 456, 2.300, 197.99, 15.00, 2.297, 198.11, 14.88, 0.007, 307.92, -47.01);
insert into SHOT values (834, 942, 943, 456, 6.800, 239.99, -40.00, 6.797, 240.04, -40.01, 0.006, 7.49, 9.92);
insert into SHOT values (835, 943, 944, 456, 2.000, 89.99, 0.00, 2.000, 90.00, 0.00, 0.000, 179.99, 0.00);
insert into SURVEY values (458, 19, '303', '303.Sakany', 'Collateraux Amoureux: Petites entrees premiere galerie');
 insert into CENTRELINE values (459, 458, NULL, NULL, NULL, 0.00, 0.00, 0.00);
 insert into CENTRELINE values (460, 458, NULL, '2002-02-23', NULL, 15.08, 0.00, 0.00);
 insert into TOPO values (5, 460);
 insert into TOPO values (2, 460);
 insert into SHOT values (836, 945, 946, 460, 2.750, 169.99, -40.00, 2.755, 170.18, -39.98, 0.009, 228.72, -15.77);
insert into SHOT values (837, 946, 947, 460, 4.330, 184.99, 1.00, 4.326, 184.91, 0.93, 0.009, 65.66, -37.99);
insert into SHOT values (838, 947, 948, 460, 1.400, 139.99, -20.00, 1.395, 140.25, -19.69, 0.011, 247.80, 54.52);
insert into SHOT values (839, 948, 949, 460, 3.500, 174.99, 0.00, 3.504, 174.92, 0.00, 0.005, 128.26, 0.00);
insert into SHOT values (840, 949, 950, 460, 1.300, 169.99, -90.00, 1.300, 90.00, -90.00, 0.000, 169.99, -2.80);
insert into SHOT values (841, 950, 951, 460, 1.800, 195.99, 0.00, 1.801, 196.12, 0.00, 0.004, 275.01, 0.00);
insert into SURVEY values (462, 19, '304', '304.Sakany', 'Collateraux Amoureux: Petites entrees premiere galerie');
 insert into CENTRELINE values (463, 462, NULL, NULL, NULL, 0.00, 0.00, 0.00);
 insert into CENTRELINE values (464, 462, NULL, '2002-02-23', NULL, 5.70, 0.00, 0.00);
 insert into TOPO values (5, 464);
 insert into TOPO values (2, 464);
 insert into SHOT values (842, 952, 953, 464, 0.020, 44.99, 0.00, 0.014, 45.00, 0.00, 0.006, 224.96, 0.00);
insert into SHOT values (843, 953, 954, 464, 2.580, 44.99, 0.00, 2.588, 45.00, 0.00, 0.008, 48.55, 0.00);
insert into SHOT values (844, 954, 955, 464, 3.100, 138.99, 10.00, 3.103, 139.11, 10.02, 0.007, 207.74, 13.30);
insert into SURVEY values (466, 19, '305', '305.Sakany', 'Depart remontant en bas du toboggan d''entree Amoureux [');
 insert into CENTRELINE values (467, 466, NULL, NULL, NULL, 0.00, 0.00, 0.00);
 insert into CENTRELINE values (468, 466, NULL, '2002-02-23', NULL, 10.83, 0.00, 0.00);
 insert into TOPO values (5, 468);
 insert into TOPO values (2, 468);
 insert into SHOT values (845, 956, 957, 468, 3.450, 4.99, -66.00, 3.458, 4.90, -66.03, 0.009, 315.61, -70.65);
insert into SHOT values (846, 957, 958, 468, 2.680, 29.99, 40.00, 2.681, 30.20, 40.19, 0.012, 154.75, 39.13);
insert into SHOT values (847, 958, 959, 468, 4.700, 259.99, 80.00, 4.701, 260.07, 80.05, 0.004, 63.22, 18.62);
insert into SURVEY values (470, 19, '306', '306.Sakany', 'Cul de sac a niveau au depart du reseau du Degarni');
 insert into CENTRELINE values (471, 470, NULL, NULL, NULL, 0.00, 0.00, 0.00);
 insert into CENTRELINE values (472, 470, NULL, '2002-02-23', NULL, 6.15, 0.00, 0.00);
 insert into TOPO values (5, 472);
 insert into TOPO values (2, 472);
 insert into SHOT values (848, 960, 961, 472, 0.500, 324.99, -10.00, 0.496, 325.01, -10.44, 0.005, 142.75, -37.46);
insert into SHOT values (849, 961, 962, 472, 5.650, 324.99, -10.00, 5.651, 325.02, -9.99, 0.004, 40.86, 17.19);
insert into SURVEY values (474, 19, '307', '307.Sakany', 'Puits du Degarni');
 insert into CENTRELINE values (475, 474, NULL, NULL, NULL, 0.00, 0.00, 0.00);
 insert into CENTRELINE values (476, 474, NULL, '2002-02-23', NULL, 148.57, 0.00, 0.00);
 insert into TOPO values (5, 476);
 insert into TOPO values (2, 476);
 insert into SHOT values (850, 963, 964, 476, 2.300, 244.99, -34.00, 2.415, 245.25, -34.85, 0.121, 251.70, -51.05);
insert into SHOT values (851, 964, 965, 476, 3.600, 290.99, -33.00, 3.710, 290.49, -33.73, 0.122, 268.83, -54.39);
insert into SHOT values (852, 965, 966, 476, 2.950, 341.99, -47.00, 3.057, 341.30, -47.67, 0.115, 314.06, -62.76);
insert into SHOT values (853, 966, 967, 476, 4.000, 323.99, -12.00, 4.059, 323.01, -12.95, 0.112, 266.47, -44.48);
insert into SHOT values (854, 967, 968, 476, 2.450, 9.99, 24.00, 2.381, 8.90, 22.73, 0.097, 234.61, -52.29);
insert into SHOT values (855, 968, 969, 476, 2.800, 304.99, -7.00, 2.849, 304.31, -8.07, 0.079, 266.12, -47.80);
insert into SHOT values (856, 969, 970, 476, 0.700, 211.99, -1.00, 0.731, 213.25, -3.92, 0.051, 240.72, -48.43);
insert into SHOT values (857, 970, 971, 476, 5.400, 194.99, -55.00, 5.516, 195.82, -55.58, 0.136, 260.63, -68.60);
insert into SHOT values (858, 971, 972, 476, 9.700, 82.99, -90.00, 9.831, 265.24, -89.30, 0.177, 265.24, -47.19);
insert into SHOT values (859, 972, 973, 476, 2.000, 82.99, 0.00, 1.946, 82.91, -1.47, 0.074, 265.72, -42.17);
insert into SHOT values (860, 973, 974, 476, 1.500, 74.99, -15.00, 1.489, 74.99, -16.38, 0.038, 254.84, -57.62);
insert into SHOT values (861, 974, 975, 476, 2.650, 49.99, -10.00, 2.640, 49.23, -11.36, 0.072, 287.31, -55.78);
insert into SHOT values (862, 975, 976, 476, 1.700, 347.99, -30.00, 1.770, 347.06, -30.93, 0.080, 319.94, -48.95);
insert into SHOT values (863, 976, 977, 476, 3.500, 347.99, -89.00, 3.641, 333.43, -88.94, 0.142, 270.84, -82.99);
insert into SHOT values (864, 977, 978, 476, 3.600, 359.99, -18.00, 3.641, 359.00, -19.08, 0.099, 285.27, -51.58);
insert into SHOT values (865, 978, 979, 476, 1.200, 344.99, -10.00, 1.232, 344.12, -11.71, 0.051, 307.81, -53.97);
insert into SHOT values (866, 979, 980, 476, 2.100, 249.99, -3.00, 2.112, 248.90, -1.09, 0.082, 179.31, 58.78);
insert into SHOT values (867, 980, 981, 476, 2.300, 294.99, -4.00, 2.254, 293.83, -2.29, 0.094, 161.68, 48.46);
insert into SHOT values (868, 981, 982, 476, 2.900, 294.99, 89.90, 3.090, 135.00, 89.74, 0.191, 129.76, 84.30);
insert into SHOT values (869, 982, 983, 476, 2.700, 39.99, 20.00, 2.725, 40.99, 21.76, 0.098, 138.96, 62.56);
insert into SHOT values (870, 983, 984, 476, 2.200, 79.99, -20.00, 2.132, 81.19, -18.32, 0.103, 215.98, 53.49);
insert into SHOT values (871, 984, 985, 476, 1.200, 29.99, 20.00, 1.208, 30.70, 22.39, 0.053, 159.07, 70.21);
insert into SHOT values (872, 985, 986, 476, 2.300, 149.99, 45.00, 2.478, 150.46, 45.91, 0.183, 158.27, 57.28);
insert into SHOT values (873, 986, 987, 476, 1.400, 324.99, 5.00, 1.359, 324.66, 7.19, 0.067, 154.50, 45.68);
insert into SHOT values (874, 987, 988, 476, 1.100, 324.99, 89.90, 1.290, 180.00, 89.11, 0.191, 177.08, 83.51);
insert into SHOT values (875, 988, 989, 476, 5.100, 34.99, 5.00, 5.072, 36.28, 6.79, 0.198, 146.91, 51.85);
insert into SHOT values (876, 989, 990, 476, 3.000, 44.99, 5.00, 2.977, 46.10, 6.75, 0.110, 164.91, 53.33);
insert into SHOT values (877, 990, 991, 476, 0.100, 44.99, 5.00, 0.088, 56.31, 34.74, 0.052, 198.90, 52.06);
insert into SHOT values (878, 991, 992, 476, 0.900, 44.99, 5.00, 0.880, 46.40, 8.50, 0.062, 186.45, 56.36);
insert into SHOT values (879, 992, 993, 476, 4.600, 44.99, -89.99, 4.410, 198.43, -89.59, 0.193, 199.07, 80.34);
insert into SHOT values (880, 993, 994, 476, 2.350, 147.99, 12.00, 2.298, 148.78, 10.79, 0.078, 291.54, -48.35);
insert into SHOT values (881, 994, 995, 476, 3.650, 114.99, 0.00, 3.601, 115.50, -1.11, 0.091, 262.11, -49.93);
insert into SHOT values (882, 995, 996, 476, 3.500, 58.99, -19.00, 3.497, 58.59, -20.24, 0.079, 277.89, -62.53);
insert into SHOT values (883, 996, 997, 476, 2.000, 183.99, -8.00, 2.024, 184.88, -9.38, 0.063, 246.13, -55.70);
insert into SHOT values (884, 997, 998, 476, 0.700, 183.99, -8.00, 0.724, 184.83, -10.34, 0.039, 212.50, -56.06);
insert into SHOT values (885, 998, 999, 476, 2.700, 183.99, -8.00, 2.726, 185.12, -9.29, 0.085, 256.71, -49.18);
insert into SHOT values (886, 999, 1000, 476, 3.750, 183.99, -89.50, 3.880, 198.43, -89.53, 0.130, 288.91, -86.41);
insert into SHOT values (887, 1000, 1001, 476, 5.000, 347.99, -20.00, 5.047, 346.61, -21.14, 0.158, 262.09, -44.12);
insert into SHOT values (888, 1001, 1002, 476, 4.350, 69.99, -20.00, 4.353, 69.51, -21.28, 0.103, 297.41, -63.46);
insert into SHOT values (889, 1002, 1003, 476, 3.550, 36.99, -27.00, 3.580, 36.11, -28.17, 0.092, 298.59, -57.93);
insert into SHOT values (890, 1003, 1004, 476, 7.000, 39.99, -42.00, 7.068, 38.92, -43.33, 0.201, 277.25, -55.55);
insert into SHOT values (891, 1004, 1005, 476, 4.650, 29.99, -24.00, 4.683, 28.92, -25.15, 0.127, 292.75, -51.15);
insert into SHOT values (892, 1005, 1006, 476, 7.880, 109.99, -35.00, 7.920, 110.75, -36.67, 0.249, 250.98, -57.61);
insert into SHOT values (893, 1006, 1007, 476, 3.340, 34.99, -9.00, 3.328, 34.18, -10.21, 0.085, 278.10, -52.31);
insert into SHOT values (894, 1007, 1008, 476, 1.220, 347.99, 0.00, 1.231, 347.32, -1.86, 0.044, 292.60, -66.42);
insert into SHOT values (895, 1008, 1009, 476, 2.600, 249.99, 1.00, 2.644, 250.33, 0.00, 0.066, 269.50, -43.78);
insert into SHOT values (896, 1009, 1010, 476, 2.140, 329.99, 20.00, 2.117, 329.09, 18.74, 0.061, 228.59, -58.15);
insert into SHOT values (897, 1010, 1011, 476, 2.240, 239.99, 0.00, 2.289, 240.41, -1.25, 0.072, 259.17, -44.30);
insert into SHOT values (898, 1011, 1012, 476, 1.000, 4.99, -2.00, 1.005, 4.00, -3.99, 0.039, 284.57, -63.54);
insert into SHOT values (899, 1012, 1013, 476, 1.000, 4.99, -2.00, 0.996, 4.04, -4.61, 0.048, 251.66, -68.45);
insert into SHOT values (900, 1013, 1014, 476, 1.000, 4.99, -2.00, 0.995, 4.04, -4.03, 0.039, 251.66, -63.09);
insert into SHOT values (901, 1014, 1015, 476, 1.000, 4.99, -2.00, 1.005, 4.00, -3.99, 0.039, 284.57, -63.54);
insert into SURVEY values (478, 19, '308', '308.Sakany', 'Reseau du Degarni: Fin du meandre sup');
 insert into CENTRELINE values (479, 478, NULL, NULL, NULL, 0.00, 0.00, 0.00);
 insert into CENTRELINE values (480, 478, NULL, '2002-02-23', NULL, 5.70, 0.00, 0.00);
 insert into TOPO values (5, 480);
 insert into TOPO values (2, 480);
 insert into SHOT values (902, 1016, 1017, 480, 5.700, 324.99, -10.00, 5.702, 325.01, -10.00, 0.002, 14.16, -4.76);
insert into SURVEY values (482, 19, '309', '309.Sakany', 'Petite entree en Nd35');
 insert into CENTRELINE values (483, 482, NULL, NULL, NULL, 0.00, 0.00, 0.00);
 insert into CENTRELINE values (484, 482, NULL, '2002-02-23', NULL, 8.15, 0.00, 0.00);
 insert into TOPO values (5, 484);
 insert into TOPO values (2, 484);
 insert into SHOT values (903, 1018, 1019, 484, 3.250, 144.99, 12.00, 3.252, 145.11, 11.89, 0.009, 211.76, -37.71);
insert into SHOT values (904, 1019, 1020, 484, 3.300, 144.99, 90.00, 3.300, 90.00, 90.00, 0.000, 144.99, 0.00);
insert into SHOT values (905, 1020, 1021, 484, 0.800, 154.99, 0.00, 0.796, 154.72, 0.00, 0.005, 19.52, 0.00);
insert into SHOT values (906, 1021, 1022, 484, 0.800, 154.99, 0.00, 0.805, 155.03, 0.00, 0.005, 160.62, 0.00);
insert into SURVEY values (486, 19, '310', '310.Sakany', 'Reseau au voisinage de la grande entree perchee');
 insert into CENTRELINE values (487, 486, NULL, NULL, NULL, 0.00, 0.00, 0.00);
 insert into CENTRELINE values (488, 486, NULL, '2002-02-23', NULL, 9.72, 0.00, 0.00);
 insert into TOPO values (5, 488);
 insert into TOPO values (2, 488);
 insert into SHOT values (907, 1023, 1024, 488, 3.020, 332.99, 3.00, 3.092, 332.60, 3.52, 0.080, 316.55, 23.59);
insert into SHOT values (908, 1024, 1025, 488, 3.700, 331.99, 3.00, 3.769, 331.60, 3.35, 0.077, 311.21, 19.92);
insert into SHOT values (909, 1025, 1026, 488, 3.000, 29.99, 6.00, 3.026, 28.61, 6.45, 0.080, 317.45, 19.20);
insert into SURVEY values (490, 19, '311', '311.Sakany', NULL);
 insert into CENTRELINE values (491, 490, NULL, NULL, NULL, 0.00, 0.00, 0.00);
 insert into CENTRELINE values (492, 490, NULL, '2002-02-23', NULL, 15.80, 0.00, 0.00);
 insert into TOPO values (5, 492);
 insert into TOPO values (2, 492);
 insert into SHOT values (910, 1027, 1028, 492, 3.800, 9.99, 15.00, 3.798, 10.05, 15.11, 0.009, 145.77, 47.72);
insert into SHOT values (911, 1028, 1029, 492, 3.000, 259.99, 60.00, 2.994, 260.04, 59.88, 0.009, 284.93, -70.01);
insert into SHOT values (912, 1029, 1030, 492, 3.600, 327.99, 4.00, 3.603, 328.08, 4.14, 0.011, 37.07, 55.71);
insert into SHOT values (913, 1030, 1031, 492, 2.100, 347.99, -15.00, 2.097, 348.02, -15.20, 0.008, 152.29, -54.87);
insert into SHOT values (914, 1031, 1032, 492, 3.300, 344.99, 0.00, 3.304, 344.91, 0.00, 0.006, 296.29, 0.00);
insert into SURVEY values (494, 19, '312', '312.Sakany', 'Petite boucle au-dessus du noeud 38');
 insert into CENTRELINE values (495, 494, NULL, NULL, NULL, 0.00, 0.00, 0.00);
 insert into CENTRELINE values (496, 494, NULL, '2002-02-23', NULL, 14.86, 0.00, 0.00);
 insert into TOPO values (5, 496);
 insert into TOPO values (2, 496);
 insert into SHOT values (915, 1033, 1034, 496, 3.850, 109.99, 18.00, 3.849, 109.97, 18.01, 0.002, 329.31, 8.35);
insert into SHOT values (916, 1034, 1035, 496, 3.450, 154.99, -30.00, 3.452, 154.89, -29.89, 0.009, 109.39, 34.81);
insert into SHOT values (917, 1035, 1036, 496, 2.700, 299.99, -25.00, 2.703, 300.12, -24.94, 0.007, 355.25, 8.79);
insert into SHOT values (918, 1036, 1037, 496, 2.800, 154.99, -89.90, 2.800, 180.00, -89.80, 0.006, 200.35, -0.04);
insert into SHOT values (919, 1037, 1038, 496, 2.060, 250.49, 25.80, 2.056, 250.78, 25.65, 0.012, 348.95, -34.38);
insert into SURVEY values (498, 19, '313', '313.Sakany', 'Reseau en Nd39:  Entrees');
 insert into CENTRELINE values (499, 498, NULL, NULL, NULL, 0.00, 0.00, 0.00);
 insert into CENTRELINE values (500, 498, NULL, '2002-02-23', NULL, 23.75, 0.00, 0.00);
 insert into TOPO values (5, 500);
 insert into TOPO values (2, 500);
 insert into SHOT values (920, 1039, 1040, 500, 2.600, 184.99, 45.00, 2.593, 185.00, 44.89, 0.009, 355.50, -79.85);
insert into SHOT values (921, 1040, 1041, 500, 3.700, 149.99, -18.00, 3.701, 150.01, -17.94, 0.004, 180.83, 49.47);
insert into SHOT values (922, 1041, 1042, 500, 2.350, 121.99, 30.00, 2.356, 121.98, 30.05, 0.007, 115.65, 49.29);
insert into SHOT values (923, 1042, 1043, 500, 0.800, 219.99, -15.00, 0.801, 220.28, -15.19, 0.005, 301.04, -36.53);
insert into SHOT values (924, 1043, 1044, 500, 4.000, 217.99, 43.00, 4.004, 217.93, 42.99, 0.005, 171.96, 24.33);
insert into SHOT values (925, 1044, 1045, 500, 3.700, 109.99, 22.00, 3.702, 109.91, 21.89, 0.009, 66.02, -42.24);
insert into SHOT values (926, 1045, 1046, 500, 1.500, 129.99, 21.00, 1.499, 130.07, 21.12, 0.004, 268.71, 39.97);
insert into SHOT values (927, 1046, 1047, 500, 1.700, 187.99, 31.00, 1.699, 187.91, 31.19, 0.006, 39.67, 48.30);
insert into SHOT values (928, 1047, 1048, 500, 3.400, 155.99, 70.00, 3.397, 156.29, 69.88, 0.010, 202.33, -30.57);
insert into SURVEY values (502, 19, '314', '314.Sakany', 'Reseau en Nd39:  Diverticule en N3902 [Nd:200]');
 insert into CENTRELINE values (503, 502, NULL, NULL, NULL, 0.00, 0.00, 0.00);
 insert into CENTRELINE values (504, 502, NULL, '2002-02-23', NULL, 6.50, 0.00, 0.00);
 insert into TOPO values (5, 504);
 insert into TOPO values (2, 504);
 insert into SHOT values (929, 1049, 1050, 504, 6.500, 177.99, -35.00, 6.500, 177.95, -35.02, 0.004, 69.02, -27.44);
insert into SURVEY values (506, 19, '315', '315.Sakany', 'Reseau en Nd39:  Entree basse [Nd:203]');
 insert into CENTRELINE values (507, 506, NULL, NULL, NULL, 0.00, 0.00, 0.00);
 insert into CENTRELINE values (508, 506, NULL, '2002-02-23', NULL, 3.35, 0.00, 0.00);
 insert into TOPO values (5, 508);
 insert into TOPO values (2, 508);
 insert into SHOT values (930, 1051, 1052, 508, 3.350, 137.99, 35.00, 3.352, 137.95, 34.95, 0.004, 107.07, -22.57);
insert into SURVEY values (510, 19, '316', '316.Sakany', 'Petits reseaux sous la galerie Amoureux [Nd41]');
 insert into CENTRELINE values (511, 510, NULL, NULL, NULL, 0.00, 0.00, 0.00);
 insert into CENTRELINE values (512, 510, NULL, '2002-02-23', NULL, 26.02, 0.00, 0.00);
 insert into TOPO values (5, 512);
 insert into TOPO values (2, 512);
 insert into SHOT values (931, 1053, 1054, 512, 0.500, 224.99, -1.00, 0.708, 223.85, 1.62, 0.210, 221.12, 7.88);
insert into SHOT values (932, 1054, 1055, 512, 0.100, 224.99, 1.00, 0.306, 221.01, 5.62, 0.207, 219.07, 7.84);
insert into SHOT values (933, 1055, 1056, 512, 2.550, 224.99, -89.99, 2.451, 209.74, -88.12, 0.128, 209.66, 51.27);
insert into SHOT values (934, 1056, 1057, 512, 0.500, 26.99, -25.00, 0.494, 26.57, -25.15, 0.007, 236.06, 10.88);
insert into SHOT values (935, 1057, 1058, 512, 5.000, 26.99, -25.00, 5.002, 27.02, -24.95, 0.005, 60.61, 37.56);
insert into SHOT values (936, 1058, 1059, 512, 2.700, 79.99, -10.00, 2.701, 80.04, -10.02, 0.003, 146.03, -23.14);
insert into SHOT values (937, 1059, 1060, 512, 3.300, 79.99, -90.00, 3.300, 90.00, -90.00, 0.000, 79.99, 0.00);
insert into SHOT values (938, 1060, 1061, 512, 3.920, 39.99, -32.00, 3.920, 39.87, -32.05, 0.008, 295.18, -21.14);
insert into SHOT values (939, 1061, 1062, 512, 4.750, 118.99, -28.00, 4.750, 118.95, -28.00, 0.003, 29.33, -0.19);
insert into SHOT values (940, 1062, 1063, 512, 2.700, 112.99, 5.00, 2.704, 112.95, 5.09, 0.006, 82.94, 50.03);
insert into SURVEY values (514, 19, '317', '317.Sakany', 'Petits reseaux en Nd41');
 insert into CENTRELINE values (515, 514, NULL, NULL, NULL, 0.00, 0.00, 0.00);
 insert into CENTRELINE values (516, 514, NULL, '2002-02-23', NULL, 9.15, 0.00, 0.00);
 insert into TOPO values (5, 516);
 insert into TOPO values (2, 516);
 insert into SHOT values (941, 1064, 1065, 516, 3.330, 305.99, 8.00, 3.322, 301.41, 9.01, 0.269, 210.06, 12.13);
insert into SHOT values (942, 1065, 1066, 516, 3.220, 265.99, 22.00, 3.223, 265.97, 22.05, 0.004, 236.79, 60.53);
insert into SHOT values (943, 1066, 1067, 516, 2.600, 209.99, 20.00, 2.599, 209.92, 19.79, 0.010, 162.96, -66.26);
insert into SURVEY values (518, 19, '318', '318.Sakany', 'Petits reseaux en Nd41: Remontee en Nd40');
 insert into CENTRELINE values (519, 518, NULL, NULL, NULL, 0.00, 0.00, 0.00);
 insert into CENTRELINE values (520, 518, NULL, '2002-02-23', NULL, 8.85, 0.00, 0.00);
 insert into TOPO values (5, 520);
 insert into TOPO values (2, 520);
 insert into SHOT values (944, 1068, 1069, 520, 3.800, 44.99, 40.00, 3.710, 46.47, 41.96, 0.173, 200.06, 12.48);
insert into SHOT values (945, 1069, 1070, 520, 2.950, 57.99, 0.00, 2.772, 60.38, 0.83, 0.218, 205.27, 10.58);
insert into SHOT values (946, 1070, 1071, 520, 2.100, 109.99, 0.00, 2.082, 114.10, 1.10, 0.156, 209.08, 14.82);
insert into SURVEY values (522, 19, '319', '319.Sakany', 'Petits reseaux en Nd41.');
 insert into CENTRELINE values (523, 522, NULL, NULL, NULL, 0.00, 0.00, 0.00);
 insert into CENTRELINE values (524, 522, NULL, '2002-02-23', NULL, 4.82, 0.00, 0.00);
 insert into TOPO values (5, 524);
 insert into TOPO values (2, 524);
 insert into SHOT values (947, 1072, 1073, 524, 4.820, 3.99, 15.00, 4.813, 3.95, 14.93, 0.010, 220.83, -51.72);
insert into SURVEY values (526, 19, '320', '320.Sakany', '[Nd: 212] Escalade vers la jonction Echelles et Collect');
 insert into CENTRELINE values (527, 526, NULL, NULL, NULL, 0.00, 0.00, 0.00);
 insert into CENTRELINE values (528, 526, NULL, '2002-03-02', NULL, 20.56, 0.00, 0.00);
 insert into TOPO values (5, 528);
 insert into TOPO values (2, 528);
 insert into SHOT values (948, 1074, 1075, 528, 1.200, 243.99, 0.00, 0.947, 238.83, 0.61, 0.271, 82.32, 2.11);
insert into SHOT values (949, 1075, 1076, 528, 5.620, 221.99, -80.00, 5.555, 214.44, -81.21, 0.180, 81.66, 14.32);
insert into SHOT values (950, 1076, 1077, 528, 2.340, 164.99, -50.00, 2.427, 160.11, -48.23, 0.175, 112.72, -5.73);
insert into SHOT values (951, 1077, 1078, 528, 4.350, 164.99, -90.00, 4.312, 135.00, -88.12, 0.147, 135.00, 15.79);
insert into SHOT values (952, 1078, 1079, 528, 4.350, 134.99, -90.00, 4.305, 123.69, -87.12, 0.222, 123.69, 13.01);
insert into SHOT values (953, 1079, 1080, 528, 2.700, 99.99, 0.00, 3.054, 100.76, 0.38, 0.356, 106.59, 3.22);
insert into SURVEY values (530, 19, '321', '321.Sakany', 'Meandre descendant vers le collecteur');
 insert into CENTRELINE values (531, 530, NULL, NULL, NULL, 0.00, 0.00, 0.00);
 insert into CENTRELINE values (532, 530, NULL, '2002-03-02', NULL, 67.85, 0.00, 0.00);
 insert into TOPO values (5, 532);
 insert into TOPO values (2, 532);
 insert into SHOT values (954, 1081, 1082, 532, 5.700, 331.99, -12.00, 5.856, 326.06, -10.93, 0.616, 255.56, 7.01);
insert into SHOT values (955, 1082, 1083, 532, 2.750, 304.99, -10.00, 2.943, 302.92, -8.99, 0.224, 276.95, 4.50);
insert into SHOT values (956, 1083, 1084, 532, 6.300, 349.99, -16.00, 6.405, 342.41, -14.93, 0.824, 265.54, 6.02);
insert into SHOT values (957, 1084, 1085, 532, 3.200, 342.99, -34.00, 3.242, 338.90, -32.88, 0.206, 270.88, 8.21);
insert into SHOT values (958, 1085, 1086, 532, 4.150, 331.99, -90.00, 4.081, 306.87, -88.60, 0.122, 306.87, 34.99);
insert into SHOT values (959, 1086, 1087, 532, 3.800, 344.99, -40.00, 3.826, 340.59, -38.85, 0.240, 269.60, 10.22);
insert into SHOT values (960, 1087, 1088, 532, 1.700, 344.99, -89.90, 1.621, 288.43, -87.76, 0.101, 286.13, 52.38);
insert into SHOT values (961, 1088, 1089, 532, 3.600, 355.99, -22.00, 3.627, 350.98, -21.17, 0.299, 271.99, 7.41);
insert into SHOT values (962, 1089, 1090, 532, 3.150, 121.99, -22.00, 2.922, 124.16, -22.11, 0.252, 276.57, 18.53);
insert into SHOT values (963, 1090, 1091, 532, 2.600, 118.99, -60.00, 2.426, 120.54, -61.40, 0.188, 286.29, 40.42);
insert into SHOT values (964, 1091, 1092, 532, 1.800, 189.99, -22.00, 1.780, 194.29, -21.07, 0.130, 285.60, 15.33);
insert into SHOT values (965, 1092, 1093, 532, 2.800, 189.99, 4.00, 2.830, 194.58, 4.66, 0.229, 275.28, 8.71);
insert into SHOT values (966, 1093, 1094, 532, 3.400, 318.99, -25.00, 3.547, 315.87, -23.78, 0.238, 271.14, 1.66);
insert into SHOT values (967, 1094, 1095, 532, 3.500, 326.99, -8.00, 3.650, 323.19, -7.08, 0.284, 268.68, 7.50);
insert into SHOT values (968, 1095, 1096, 532, 5.100, 254.99, -50.00, 5.184, 256.84, -47.96, 0.229, 285.43, 14.38);
insert into SHOT values (969, 1096, 1097, 532, 4.500, 227.99, -48.00, 4.555, 231.60, -46.43, 0.236, 286.31, 10.78);
insert into SHOT values (970, 1097, 1098, 532, 3.450, 134.99, -40.00, 3.261, 137.94, -40.55, 0.232, 277.76, 24.83);
insert into SHOT values (971, 1098, 1099, 532, 2.650, 279.99, -45.00, 2.765, 279.70, -43.11, 0.146, 275.89, -6.35);
insert into SHOT values (972, 1099, 1100, 532, 1.900, 289.99, -75.00, 1.888, 288.43, -72.45, 0.086, 278.68, 24.11);
insert into SHOT values (973, 1100, 1101, 532, 1.800, 209.99, 15.00, 1.908, 213.69, 15.50, 0.159, 260.91, 16.11);
insert into SURVEY values (534, 19, '322', '322.Sakany', 'Fond du meandre');
 insert into CENTRELINE values (535, 534, NULL, NULL, NULL, 0.00, 0.00, 0.00);
 insert into CENTRELINE values (536, 534, NULL, '2002-03-02', NULL, 4.10, 0.00, 0.00);
 insert into TOPO values (5, 536);
 insert into TOPO values (2, 536);
 insert into SHOT values (974, 1102, 1103, 536, 4.100, 164.99, 25.00, 4.099, 165.03, 24.96, 0.004, 248.55, -47.86);
insert into SURVEY values (538, 19, '323', '323.Sakany', 'Redescente sur le grand puits [Nd212]');
 insert into CENTRELINE values (539, 538, NULL, NULL, NULL, 0.00, 0.00, 0.00);
 insert into CENTRELINE values (540, 538, NULL, '2002-03-02', NULL, 20.17, 0.00, 0.00);
 insert into TOPO values (5, 540);
 insert into TOPO values (2, 540);
 insert into SHOT values (975, 1104, 1105, 540, 3.100, 174.99, 12.00, 2.954, 177.62, 11.72, 0.200, 312.07, -12.86);
insert into SHOT values (976, 1105, 1106, 540, 5.670, 159.99, 14.00, 5.506, 162.58, 13.87, 0.295, 283.82, -10.08);
insert into SHOT values (977, 1106, 1107, 540, 0.200, 154.99, -60.00, 0.165, 180.00, -75.96, 0.067, 320.13, 11.32);
insert into SHOT values (978, 1107, 1108, 540, 9.700, 154.99, -60.00, 9.667, 157.10, -62.44, 0.448, 311.57, -22.23);
insert into SHOT values (979, 1108, 1109, 540, 1.500, 219.99, -30.00, 1.518, 223.45, -30.47, 0.082, 304.78, -14.15);
insert into SURVEY values (542, 19, '324', '324.Sakany', 'Descente vers salles ebouleuses');
 insert into CENTRELINE values (543, 542, NULL, NULL, NULL, 0.00, 0.00, 0.00);
 insert into CENTRELINE values (544, 542, NULL, '2002-03-02', NULL, 33.87, 0.00, 0.00);
 insert into TOPO values (5, 544);
 insert into TOPO values (2, 544);
 insert into SHOT values (980, 1110, 1111, 544, 1.500, 39.99, 30.00, 1.505, 39.69, 30.32, 0.012, 314.40, 55.84);
insert into SHOT values (981, 1111, 1112, 544, 3.500, 124.99, -45.00, 3.469, 125.05, -44.94, 0.032, 297.72, 51.49);
insert into SHOT values (982, 1112, 1113, 544, 6.000, 124.99, -89.90, 5.970, 270.00, -89.90, 0.036, 287.91, 56.93);
insert into SHOT values (983, 1113, 1114, 544, 2.950, 49.99, -15.00, 2.929, 49.73, -14.84, 0.026, 265.04, 30.85);
insert into SHOT values (984, 1114, 1115, 544, 0.020, 64.99, -13.00, 0.010, 90.00, 90.00, 0.024, 244.99, 36.65);
insert into SHOT values (985, 1115, 1116, 544, 5.900, 64.99, -13.00, 5.876, 64.69, -12.78, 0.045, 303.40, 37.34);
insert into SHOT values (986, 1116, 1117, 544, 5.700, 64.99, -90.00, 5.670, 225.00, -89.86, 0.033, 225.00, 64.76);
insert into SHOT values (987, 1117, 1118, 544, 0.200, 64.99, 5.00, 0.181, 63.43, 9.52, 0.024, 258.37, 30.91);
insert into SHOT values (988, 1118, 1119, 544, 4.000, 64.99, 5.00, 3.984, 64.79, 5.18, 0.025, 284.28, 27.51);
insert into SHOT values (989, 1119, 1120, 544, 3.000, 64.99, 5.00, 3.005, 64.89, 5.16, 0.011, 13.93, 51.70);
insert into SHOT values (990, 1120, 1121, 544, 1.100, 64.99, 5.00, 1.104, 65.30, 4.67, 0.010, 115.25, -37.47);
insert into SURVEY values (546, 19, '325', '325.Sakany', 'Salles ebouleuses: Puits en Nd:215');
 insert into CENTRELINE values (547, 546, NULL, NULL, NULL, 0.00, 0.00, 0.00);
 insert into CENTRELINE values (548, 546, NULL, '2002-03-02', NULL, 8.20, 0.00, 0.00);
 insert into TOPO values (5, 548);
 insert into TOPO values (2, 548);
 insert into SHOT values (991, 1122, 1123, 548, 0.200, 224.99, 5.00, 0.199, 225.00, 5.77, 0.003, 43.56, 64.06);
insert into SHOT values (992, 1123, 1124, 548, 8.000, 224.99, 5.00, 8.000, 224.95, 5.02, 0.006, 130.43, 25.29);
insert into SURVEY values (550, 19, '326', '326.Sakany', 'Salles ebouleuses: Puits en Nd:217');
 insert into CENTRELINE values (551, 550, NULL, NULL, NULL, 0.00, 0.00, 0.00);
 insert into CENTRELINE values (552, 550, NULL, '2002-03-02', NULL, 6.90, 0.00, 0.00);
 insert into TOPO values (5, 552);
 insert into TOPO values (2, 552);
 insert into SHOT values (993, 1125, 1126, 552, 6.900, 4.99, 3.00, 6.896, 5.00, 2.99, 0.005, 173.10, -14.10);
insert into SURVEY values (554, 19, '350', '350.Sakany', 'Puits 1 de Sakanette et galerie inferieure');
 insert into CENTRELINE values (555, 554, NULL, NULL, NULL, 0.00, 0.00, 0.00);
 insert into CENTRELINE values (556, 554, NULL, '2002-03-23', NULL, 42.25, 0.00, 0.00);
 insert into TOPO values (5, 556);
 insert into TOPO values (2, 556);
 insert into SHOT values (994, 1127, 1128, 556, 0.060, 190.00, -13.00, 0.062, 189.46, -9.34, 0.004, 176.49, 55.21);
insert into SHOT values (995, 1128, 1129, 556, 2.700, 190.00, -13.00, 2.700, 190.07, -13.06, 0.004, 284.52, -37.61);
insert into SHOT values (996, 1129, 1130, 556, 1.000, 240.00, -50.00, 0.991, 239.81, -50.06, 0.009, 77.92, 41.62);
insert into SHOT values (997, 1130, 1131, 556, 2.400, 340.00, -40.00, 2.407, 339.99, -40.09, 0.008, 335.40, -70.12);
insert into SHOT values (998, 1131, 1132, 556, 5.000, 340.00, -90.00, 5.000, 90.00, -90.00, 0.000, 340.00, 0.00);
insert into SHOT values (999, 1132, 1133, 556, 0.700, 319.00, 10.00, 0.705, 318.50, 9.81, 0.008, 268.17, -11.39);
insert into SHOT values (1000, 1133, 1134, 556, 5.000, 319.00, 10.00, 4.995, 318.96, 10.03, 0.006, 173.75, 16.14);
insert into SHOT values (1001, 1134, 1135, 556, 7.150, 282.00, 25.00, 7.142, 282.04, 25.01, 0.009, 70.38, -10.71);
insert into SHOT values (1002, 1135, 1136, 556, 7.140, 290.00, 2.00, 7.144, 289.98, 2.01, 0.005, 267.83, 10.18);
insert into SHOT values (1003, 1136, 1137, 556, 2.700, 340.00, 3.00, 2.705, 340.09, 2.97, 0.007, 20.10, -10.93);
insert into SHOT values (1004, 1137, 1138, 556, 8.400, 336.00, -10.00, 8.394, 335.95, -9.95, 0.012, 214.97, 45.27);
insert into SURVEY values (558, 19, '351', '351.Sakany', 'Sakanette: [Nd:225] Boyau en bas du premier puits');
 insert into CENTRELINE values (559, 558, NULL, NULL, NULL, 0.00, 0.00, 0.00);
 insert into CENTRELINE values (560, 558, NULL, '2002-03-23', NULL, 6.50, 0.00, 0.00);
 insert into TOPO values (5, 560);
 insert into TOPO values (2, 560);
 insert into SHOT values (1005, 1139, 1140, 560, 3.500, 20.00, 50.00, 3.497, 20.05, 50.03, 0.004, 171.00, -15.48);
insert into SHOT values (1006, 1140, 1141, 560, 3.000, 30.00, 10.00, 3.002, 30.03, 9.97, 0.003, 65.82, -16.40);
insert into SURVEY values (562, 19, '352', '352.Sakany', 'Sakanette: Depart en Nd226 A14>A14b');
 insert into CENTRELINE values (563, 562, NULL, NULL, NULL, 0.00, 0.00, 0.00);
 insert into CENTRELINE values (564, 562, NULL, '2002-03-23', NULL, 4.55, 0.00, 0.00);
 insert into TOPO values (5, 564);
 insert into TOPO values (2, 564);
 insert into SHOT values (1007, 1142, 1143, 564, 2.200, 55.00, 0.00, 2.211, 54.94, 0.00, 0.011, 44.64, 0.00);
insert into SHOT values (1008, 1143, 1144, 564, 2.350, 105.00, -41.00, 2.347, 105.06, -41.01, 0.004, 251.46, 27.55);
insert into SURVEY values (566, 19, '353', '353.Sakany', 'Sakanette: Diverticule en Nd229 [Nd:230; a15>a15a]');
 insert into CENTRELINE values (567, 566, NULL, NULL, NULL, 0.00, 0.00, 0.00);
 insert into CENTRELINE values (568, 566, NULL, '2002-03-23', NULL, 11.00, 0.00, 0.00);
 insert into TOPO values (5, 568);
 insert into TOPO values (2, 568);
 insert into SHOT values (1009, 1145, 1146, 568, 0.200, 260.00, 0.00, 0.204, 258.69, 0.00, 0.006, 210.03, 0.00);
insert into SHOT values (1010, 1146, 1147, 568, 2.300, 260.00, 0.00, 2.295, 259.96, 0.00, 0.005, 95.52, 0.00);
insert into SHOT values (1011, 1147, 1148, 568, 8.500, 260.00, -90.00, 8.500, 90.00, -90.00, 0.000, 260.00, 0.00);
insert into SURVEY values (570, 19, '354', '354.Sakany', 'Sakanette: Liaison entre les deux galeries ppales');
 insert into CENTRELINE values (571, 570, NULL, NULL, NULL, 0.00, 0.00, 0.00);
 insert into CENTRELINE values (572, 570, NULL, '2002-03-23', NULL, 12.10, 0.00, 0.00);
 insert into TOPO values (5, 572);
 insert into TOPO values (2, 572);
 insert into SHOT values (1012, 1149, 1150, 572, 3.900, 310.00, -10.00, 3.893, 309.92, -10.06, 0.009, 164.95, -17.24);
insert into SHOT values (1013, 1150, 1151, 572, 1.800, 160.00, -89.90, 1.800, 90.00, -90.00, 0.003, 340.00, -0.05);
insert into SHOT values (1014, 1151, 1152, 572, 3.700, 160.00, -45.00, 3.702, 160.11, -45.04, 0.006, 252.80, -35.52);
insert into SHOT values (1015, 1152, 1153, 572, 2.700, 200.00, -35.00, 2.693, 199.92, -35.15, 0.011, 37.13, -7.29);
insert into SURVEY values (574, 19, '355', '355.Sakany', 'Sakanette: Galerie ppale sup. depuis l''entree 3');
 insert into CENTRELINE values (575, 574, NULL, NULL, NULL, 0.00, 0.00, 0.00);
 insert into CENTRELINE values (576, 574, NULL, '2002-03-23', NULL, 108.55, 0.00, 0.00);
 insert into TOPO values (5, 576);
 insert into TOPO values (2, 576);
 insert into SHOT values (1016, 1154, 1155, 576, 0.040, 352.00, -20.00, 0.045, 0.00, -26.57, 0.009, 62.04, -46.84);
insert into SHOT values (1017, 1155, 1156, 576, 4.900, 352.00, -20.00, 4.899, 351.89, -19.93, 0.011, 272.25, 33.42);
insert into SHOT values (1018, 1156, 1157, 576, 3.250, 265.00, 0.00, 3.242, 265.05, 0.00, 0.008, 65.75, 0.00);
insert into SHOT values (1019, 1157, 1158, 576, 4.550, 295.00, 23.00, 4.554, 294.98, 23.01, 0.005, 272.21, 28.39);
insert into SHOT values (1020, 1158, 1159, 576, 5.000, 295.00, -15.00, 5.004, 294.97, -15.06, 0.007, 252.84, -63.94);
insert into SHOT values (1021, 1159, 1160, 576, 3.000, 312.00, -20.00, 2.990, 311.97, -19.94, 0.010, 140.72, 37.03);
insert into SHOT values (1022, 1160, 1161, 576, 2.400, 305.00, 3.00, 2.408, 305.01, 2.86, 0.010, 309.11, -33.17);
insert into SHOT values (1023, 1161, 1162, 576, 5.800, 305.00, -89.90, 5.800, 90.00, -90.00, 0.010, 125.00, -0.05);
insert into SHOT values (1024, 1162, 1163, 576, 2.000, 315.00, -10.00, 2.011, 315.00, -10.02, 0.011, 315.60, -14.73);
insert into SHOT values (1025, 1163, 1164, 576, 1.690, 315.00, -10.00, 1.680, 315.00, -9.94, 0.010, 134.47, 19.67);
insert into SHOT values (1026, 1164, 1165, 576, 1.500, 210.00, 0.00, 1.501, 209.98, 0.00, 0.001, 184.37, 0.00);
insert into SHOT values (1027, 1165, 1166, 576, 3.500, 230.00, 10.00, 3.497, 230.07, 10.05, 0.006, 3.03, 21.28);
insert into SHOT values (1028, 1166, 1167, 576, 4.350, 312.00, 22.00, 4.353, 311.99, 21.99, 0.003, 298.48, 8.98);
insert into SHOT values (1029, 1167, 1168, 576, 5.850, 298.00, -20.00, 5.846, 298.01, -20.00, 0.004, 97.58, 11.80);
insert into SHOT values (1030, 1168, 1169, 576, 2.700, 15.00, -15.00, 2.700, 14.89, -15.03, 0.005, 279.67, -13.55);
insert into SHOT values (1031, 1169, 1170, 576, 11.100, 335.00, -44.00, 11.094, 335.01, -44.03, 0.008, 142.73, 5.04);
insert into SHOT values (1032, 1170, 1171, 576, 6.100, 350.00, -20.00, 6.107, 349.96, -20.01, 0.008, 319.24, -29.06);
insert into SHOT values (1033, 1171, 1172, 576, 5.000, 285.00, -34.00, 4.993, 284.98, -33.97, 0.008, 123.37, 51.22);
insert into SHOT values (1034, 1172, 1173, 576, 8.220, 315.00, -22.00, 8.221, 315.00, -22.00, 0.001, 334.62, -30.79);
insert into SHOT values (1035, 1173, 1174, 576, 2.900, 220.00, -89.50, 2.900, 225.00, -89.44, 0.004, 260.68, -1.67);
insert into SHOT values (1036, 1174, 1175, 576, 4.900, 220.00, 0.00, 4.897, 220.03, 0.00, 0.004, 351.82, 0.00);
insert into SHOT values (1037, 1175, 1176, 576, 3.900, 220.00, -89.50, 3.900, 213.69, -89.47, 0.004, 154.48, -1.95);
insert into SHOT values (1038, 1176, 1177, 576, 6.700, 270.00, -30.00, 6.698, 270.00, -30.01, 0.002, 82.44, 0.00);
insert into SHOT values (1039, 1177, 1178, 576, 2.200, 320.00, -19.00, 2.200, 319.88, -19.10, 0.006, 219.66, -40.27);
insert into SHOT values (1040, 1178, 1179, 576, 3.700, 335.00, -23.00, 3.701, 335.01, -22.90, 0.007, 352.26, 59.62);
insert into SHOT values (1041, 1179, 1180, 576, 3.300, 280.00, -30.00, 3.305, 280.05, -29.95, 0.007, 305.21, 0.00);
insert into SURVEY values (578, 19, '356', '356.Sakany', 'Perte en Nd234');
 insert into CENTRELINE values (579, 578, NULL, NULL, NULL, 0.00, 0.00, 0.00);
 insert into CENTRELINE values (580, 578, NULL, '2002-03-23', NULL, 7.10, 0.00, 0.00);
 insert into TOPO values (5, 580);
 insert into TOPO values (2, 580);
 insert into SHOT values (1042, 1181, 1182, 580, 0.700, 65.00, 0.00, 0.698, 64.54, 0.00, 0.006, 313.21, 0.00);
insert into SHOT values (1043, 1182, 1183, 580, 3.000, 65.00, 0.00, 3.002, 64.97, 0.00, 0.002, 29.83, 0.00);
insert into SHOT values (1044, 1183, 1184, 580, 2.700, 65.00, -89.90, 2.700, 90.00, -89.79, 0.006, 109.17, -0.04);
insert into SHOT values (1045, 1184, 1185, 580, 0.700, 65.00, 0.00, 0.698, 64.54, 0.00, 0.006, 313.21, 0.00);
insert into SURVEY values (582, 19, '358', '358.Sakany', 'Escalade 2005 des Ossements: Branche principale 1');
 insert into CENTRELINE values (583, 582, NULL, NULL, NULL, 0.00, 0.00, 0.00);
 insert into CENTRELINE values (584, 582, NULL, '2005-04-16', NULL, 57.23, 0.00, 0.00);
 insert into TOPO values (5, 584);
 insert into TOPO values (2, 584);
 insert into SHOT values (1046, 1186, 1187, 584, 0.600, 190.31, 1.00, 0.600, 190.56, 0.95, 0.003, 274.80, -10.18);
insert into SHOT values (1047, 1187, 1188, 584, 2.000, 190.31, 1.00, 2.003, 190.36, 0.86, 0.006, 218.30, -55.95);
insert into SHOT values (1048, 1188, 1189, 584, 2.400, 165.31, -15.00, 2.398, 165.24, -14.98, 0.003, 41.59, 19.52);
insert into SHOT values (1049, 1189, 1190, 584, 2.900, 170.31, 20.00, 2.903, 170.30, 19.94, 0.004, 159.74, -24.88);
insert into SHOT values (1050, 1190, 1191, 584, 3.070, 145.31, 27.00, 3.070, 145.44, 27.13, 0.009, 263.22, 42.59);
insert into SHOT values (1051, 1191, 1192, 584, 3.470, 145.31, 27.00, 3.466, 145.28, 26.93, 0.006, 10.47, -66.81);
insert into SHOT values (1052, 1192, 1193, 584, 1.900, 56.31, 15.00, 1.903, 56.31, 14.92, 0.004, 55.50, -26.18);
insert into SHOT values (1053, 1193, 1194, 584, 1.450, 90.31, 0.00, 1.450, 90.40, 0.00, 0.002, 179.42, 0.00);
insert into SHOT values (1054, 1194, 1195, 584, 2.500, 145.31, -63.00, 2.493, 145.05, -62.93, 0.009, 51.44, 55.31);
insert into SHOT values (1055, 1195, 1196, 584, 4.570, 40.31, -63.00, 4.576, 40.30, -63.08, 0.009, 227.26, -69.40);
insert into SHOT values (1056, 1196, 1197, 584, 6.150, 40.31, -89.90, 6.150, 45.00, -89.87, 0.004, 59.29, -0.15);
insert into SHOT values (1057, 1197, 1198, 584, 2.500, 210.31, -18.00, 2.497, 210.34, -17.96, 0.004, 359.96, 44.32);
insert into SHOT values (1058, 1198, 1199, 584, 2.820, 95.31, -45.00, 2.814, 95.48, -45.01, 0.009, 225.36, 27.69);
insert into SHOT values (1059, 1199, 1200, 584, 4.000, 85.31, -45.00, 4.002, 85.34, -45.01, 0.002, 138.94, -44.88);
insert into SHOT values (1060, 1200, 1201, 584, 2.420, 160.31, 10.00, 2.415, 160.35, 10.01, 0.005, 323.16, -2.68);
insert into SHOT values (1061, 1201, 1202, 584, 0.050, 85.31, -35.00, 0.050, 90.00, -36.87, 0.004, 193.77, -20.97);
insert into SHOT values (1062, 1202, 1203, 584, 4.650, 85.31, -35.00, 4.655, 85.34, -35.00, 0.005, 110.04, -36.16);
insert into SHOT values (1063, 1203, 1204, 584, 0.050, 359.31, -48.00, 0.050, 0.00, -36.87, 0.010, 3.51, 47.50);
insert into SHOT values (1064, 1204, 1205, 584, 3.330, 359.31, -48.00, 3.335, 359.23, -48.04, 0.007, 301.23, -54.70);
insert into SHOT values (1065, 1205, 1206, 584, 6.350, 345.31, -70.00, 6.352, 345.32, -70.02, 0.003, 140.66, -69.58);
insert into SHOT values (1066, 1206, 1207, 584, 0.050, 345.31, -70.00, 0.041, 0.00, -75.96, 0.011, 146.46, 41.67);
insert into SURVEY values (586, 19, '359', '359.Sakany', 'Escalade 2005 des Ossements: De Nd:381 a Nd:382');
 insert into CENTRELINE values (587, 586, NULL, NULL, NULL, 0.00, 0.00, 0.00);
 insert into CENTRELINE values (588, 586, NULL, '2005-04-16', NULL, 11.72, 0.00, 0.00);
 insert into TOPO values (5, 588);
 insert into TOPO values (2, 588);
 insert into SHOT values (1067, 1208, 1209, 588, 1.600, 20.31, 15.00, 1.603, 20.43, 15.19, 0.007, 80.06, 58.71);
insert into SHOT values (1068, 1209, 1210, 588, 0.400, 20.31, 15.00, 0.396, 19.86, 14.64, 0.006, 240.34, -36.66);
insert into SHOT values (1069, 1210, 1211, 588, 1.600, 20.31, 15.00, 1.601, 20.43, 14.84, 0.005, 80.06, -48.95);
insert into SHOT values (1070, 1211, 1212, 588, 3.300, 34.31, 5.00, 3.302, 34.22, 5.04, 0.006, 326.10, 23.20);
insert into SHOT values (1071, 1212, 1213, 588, 2.550, 343.31, 10.00, 2.544, 343.30, 9.96, 0.006, 168.12, -26.56);
insert into SHOT values (1072, 1213, 1214, 588, 2.270, 19.31, 0.00, 2.268, 19.31, 0.00, 0.002, 197.04, 0.00);
insert into SURVEY values (590, 19, '360', '360.Sakany', 'Escalade 2005 des Ossements: De Nd:378 a Nd:379');
 insert into CENTRELINE values (591, 590, NULL, NULL, NULL, 0.00, 0.00, 0.00);
 insert into CENTRELINE values (592, 590, NULL, '2005-04-16', NULL, 5.57, 0.00, 0.00);
 insert into TOPO values (5, 592);
 insert into TOPO values (2, 592);
 insert into SHOT values (1073, 1215, 1216, 592, 1.550, 225.31, 80.00, 1.544, 225.00, 79.98, 0.007, 117.90, -76.65);
insert into SHOT values (1074, 1216, 1217, 592, 3.520, 240.31, 35.00, 3.518, 240.23, 35.04, 0.005, 111.05, 10.87);
insert into SHOT values (1075, 1217, 1218, 592, 0.500, 260.31, 10.00, 0.505, 260.73, 10.27, 0.006, 301.83, 30.29);
insert into SURVEY values (594, 19, '361', '361.Sakany', 'Escalade 2005 des Ossements: De Nd:384 a Nd:380');
 insert into CENTRELINE values (595, 594, NULL, NULL, NULL, 0.00, 0.00, 0.00);
 insert into CENTRELINE values (596, 594, NULL, '2005-04-16', NULL, 16.30, 0.00, 0.00);
 insert into TOPO values (5, 596);
 insert into TOPO values (2, 596);
 insert into SHOT values (1076, 1219, 1220, 596, 0.010, 295.31, -30.00, 0.010, 270.00, 0.00, 0.007, 210.39, 49.36);
insert into SHOT values (1077, 1220, 1221, 596, 5.000, 295.31, -30.00, 5.000, 295.44, -30.00, 0.010, 26.94, 0.00);
insert into SHOT values (1078, 1221, 1222, 596, 4.210, 310.31, -51.00, 4.207, 310.25, -51.01, 0.004, 175.77, 23.80);
insert into SHOT values (1079, 1222, 1223, 596, 4.080, 347.31, -45.00, 4.080, 347.36, -45.10, 0.008, 140.90, -40.54);
insert into SHOT values (1080, 1223, 1224, 596, 3.000, 321.31, -32.00, 3.003, 321.38, -31.97, 0.004, 4.25, -3.33);
insert into SURVEY values (598, 19, '362', '362.Sakany', 'Escalade 2005 des Ossements: De Nd:395 a Nd:377');
 insert into CENTRELINE values (599, 598, NULL, NULL, NULL, 0.00, 0.00, 0.00);
 insert into CENTRELINE values (600, 598, NULL, '2005-04-16', NULL, 43.48, 0.00, 0.00);
 insert into TOPO values (5, 600);
 insert into TOPO values (2, 600);
 insert into SHOT values (1081, 1225, 1226, 600, 0.500, 300.31, 0.00, 0.502, 301.16, 0.00, 0.008, 12.15, 0.00);
insert into SHOT values (1082, 1226, 1227, 600, 7.300, 300.31, -89.00, 7.301, 298.61, -89.02, 0.004, 180.19, -14.50);
insert into SHOT values (1083, 1227, 1228, 600, 4.700, 300.31, -59.00, 4.692, 300.27, -58.95, 0.009, 188.01, 78.70);
insert into SHOT values (1084, 1228, 1229, 600, 5.100, 321.31, -50.00, 5.103, 321.31, -50.01, 0.003, 324.51, -65.67);
insert into SHOT values (1085, 1229, 1230, 600, 5.210, 60.31, -70.00, 5.214, 60.41, -70.01, 0.005, 142.18, -52.36);
insert into SHOT values (1086, 1230, 1231, 600, 1.000, 60.31, 0.00, 1.003, 60.11, 0.00, 0.005, 15.06, 0.00);
insert into SHOT values (1087, 1231, 1232, 600, 7.000, 335.31, -50.00, 6.999, 335.31, -49.98, 0.003, 340.69, 50.82);
insert into SHOT values (1088, 1232, 1233, 600, 0.010, 331.31, -35.00, 0.000, 90.00, 0.00, 0.010, 151.31, 35.00);
insert into SHOT values (1089, 1233, 1234, 600, 3.710, 331.31, -35.00, 3.714, 331.33, -34.99, 0.005, 344.53, -26.01);
insert into SHOT values (1090, 1234, 1235, 600, 5.500, 268.31, -40.00, 5.509, 268.37, -39.98, 0.011, 295.77, -26.09);
insert into SHOT values (1091, 1235, 1236, 600, 2.650, 345.31, -89.00, 2.650, 345.96, -89.11, 0.005, 159.97, -4.58);
insert into SHOT values (1092, 1236, 1237, 600, 0.800, 345.31, 0.00, 0.796, 345.44, 0.00, 0.005, 143.52, 0.00);
insert into SURVEY values (602, 19, '363', '363.Sakany', 'Galerie du Mondmilch [A730 a A73]');
 insert into CENTRELINE values (603, 602, NULL, NULL, NULL, 0.00, 0.00, 0.00);
 insert into CENTRELINE values (604, 602, NULL, '2005-04-16', NULL, 27.80, 0.00, 0.00);
 insert into TOPO values (5, 604);
 insert into TOPO values (2, 604);
 insert into SHOT values (1093, 1238, 1239, 604, 0.010, 60.31, 20.00, 0.017, 45.00, 35.26, 0.009, 18.96, 49.33);
insert into SHOT values (1094, 1239, 1240, 604, 2.000, 60.31, 20.00, 1.996, 60.29, 19.92, 0.005, 252.80, -55.22);
insert into SHOT values (1095, 1240, 1241, 604, 4.280, 150.31, 50.00, 4.280, 150.36, 50.02, 0.003, 269.84, 27.16);
insert into SHOT values (1096, 1241, 1242, 604, 2.920, 140.31, -41.00, 2.920, 140.33, -40.85, 0.008, 147.40, 49.12);
insert into SHOT values (1097, 1242, 1243, 604, 3.800, 180.31, 50.00, 3.798, 180.23, 50.02, 0.004, 52.06, -13.11);
insert into SHOT values (1098, 1243, 1244, 604, 3.940, 126.31, 45.00, 3.933, 126.38, 44.98, 0.008, 267.70, -50.26);
insert into SHOT values (1099, 1244, 1245, 604, 3.030, 90.31, -40.00, 3.031, 90.25, -40.05, 0.004, 337.59, -39.71);
insert into SHOT values (1100, 1245, 1246, 604, 4.010, 108.31, -60.00, 4.011, 108.25, -59.90, 0.007, 90.55, 22.93);
insert into SHOT values (1101, 1246, 1247, 604, 3.810, 293.31, -41.00, 3.817, 293.28, -40.91, 0.010, 282.74, -2.50);
insert into SURVEY values (606, 19, '364', '364.Sakany', 'Escalade 2005 des Ossements: Du point A71 au point a713');
 insert into CENTRELINE values (607, 606, NULL, NULL, NULL, 0.00, 0.00, 0.00);
 insert into CENTRELINE values (608, 606, NULL, '2005-04-16', NULL, 18.85, 0.00, 0.00);
 insert into TOPO values (5, 608);
 insert into TOPO values (2, 608);
 insert into SHOT values (1102, 1248, 1249, 608, 3.500, 100.31, 25.00, 3.500, 100.35, 25.02, 0.002, 201.03, 19.54);
insert into SHOT values (1103, 1249, 1250, 608, 3.400, 160.31, 25.00, 3.401, 160.27, 25.05, 0.004, 54.79, 53.96);
insert into SHOT values (1104, 1250, 1251, 608, 2.400, 160.31, -89.00, 2.400, 165.96, -89.02, 0.004, 262.20, -5.03);
insert into SHOT values (1105, 1251, 1252, 608, 6.050, 85.31, 48.00, 6.049, 85.33, 47.93, 0.008, 99.59, -48.24);
insert into SHOT values (1106, 1252, 1253, 608, 3.000, 85.31, 89.00, 3.000, 90.00, 89.05, 0.005, 207.02, 5.43);
insert into SHOT values (1107, 1253, 1254, 608, 0.500, 85.31, 0.00, 0.502, 85.43, 0.00, 0.002, 117.45, 0.00);
insert into SURVEY values (610, 19, '365', '365.Sakany', 'Escalade 2005 des Ossements: Du point A713 au point a72');
 insert into CENTRELINE values (611, 610, NULL, NULL, NULL, 0.00, 0.00, 0.00);
 insert into CENTRELINE values (612, 610, NULL, '2005-04-16', NULL, 8.75, 0.00, 0.00);
 insert into TOPO values (5, 612);
 insert into TOPO values (2, 612);
 insert into SHOT values (1108, 1255, 1256, 612, 7.750, 293.31, -40.00, 7.748, 293.33, -40.00, 0.003, 74.45, 35.07);
insert into SHOT values (1109, 1256, 1257, 612, 1.000, 293.31, -40.00, 1.001, 293.20, -40.48, 0.009, 131.88, -56.83);
insert into SURVEY values (614, 19, '366', '366.Sakany', 'Escalade 2005 des Ossements: Du point A54 au point A56');
 insert into CENTRELINE values (615, 614, NULL, NULL, NULL, 0.00, 0.00, 0.00);
 insert into CENTRELINE values (616, 614, NULL, '2005-04-16', NULL, 14.77, 0.00, 0.00);
 insert into TOPO values (5, 616);
 insert into TOPO values (2, 616);
 insert into SHOT values (1110, 1258, 1259, 616, 3.400, 65.31, -32.00, 3.401, 65.21, -31.95, 0.006, 2.01, 16.93);
insert into SHOT values (1111, 1259, 1260, 616, 3.500, 136.31, 3.00, 3.499, 136.39, 2.95, 0.006, 238.67, -32.45);
insert into SHOT values (1112, 1260, 1261, 616, 3.850, 153.31, 53.00, 3.854, 153.32, 53.05, 0.005, 282.12, 82.78);
insert into SHOT values (1113, 1261, 1262, 616, 0.010, 260.31, 0.00, 0.010, 270.00, 0.00, 0.002, 355.16, 0.00);
insert into SHOT values (1114, 1262, 1263, 616, 0.010, 260.31, 0.00, 0.010, 270.00, 0.00, 0.002, 355.16, 0.00);
insert into SHOT values (1115, 1263, 1264, 616, 4.000, 260.31, 45.00, 3.996, 260.20, 45.09, 0.009, 116.32, 9.89);
insert into SURVEY values (618, 19, '367', '367.Sakany', 'Escalade 2005 des Ossements: Du point A56 au point A61');
 insert into CENTRELINE values (619, 618, NULL, NULL, NULL, 0.00, 0.00, 0.00);
 insert into CENTRELINE values (620, 618, NULL, '2005-04-16', NULL, 6.55, 0.00, 0.00);
 insert into TOPO values (5, 620);
 insert into TOPO values (2, 620);
 insert into SHOT values (1116, 1265, 1266, 620, 4.230, 326.31, -40.00, 4.224, 326.46, -39.91, 0.012, 62.68, 47.35);
insert into SHOT values (1117, 1266, 1267, 620, 2.320, 40.31, 25.00, 2.317, 40.36, 25.02, 0.003, 184.87, -8.06);
insert into SURVEY values (622, 19, '368', '368.Sakany', 'Escalade a gauche');
 insert into CENTRELINE values (623, 622, NULL, NULL, NULL, 0.00, 0.00, 0.00);
 insert into CENTRELINE values (624, 622, NULL, '2005-07-02', NULL, 52.85, 0.00, 0.00);
 insert into TOPO values (5, 624);
 insert into PERSON values (6, NULL, 'ZIBROWIUS S');
insert into TOPO values (6, 624);
 insert into SHOT values (1118, 1268, 1269, 624, 4.960, 324.33, 4.00, 4.963, 324.29, 4.04, 0.006, 273.18, 39.12);
insert into SHOT values (1119, 1269, 1270, 624, 5.710, 200.33, 46.00, 5.703, 200.22, 45.96, 0.011, 94.40, -42.14);
insert into SHOT values (1120, 1270, 1271, 624, 4.030, 99.33, 37.00, 4.028, 99.32, 37.11, 0.008, 287.72, 37.07);
insert into SHOT values (1121, 1271, 1272, 624, 2.480, 115.33, 12.00, 2.486, 115.30, 11.84, 0.010, 105.70, -36.00);
insert into SHOT values (1122, 1272, 1273, 624, 2.140, 142.33, -7.00, 2.134, 142.48, -7.00, 0.008, 279.39, 5.65);
insert into SHOT values (1123, 1273, 1274, 624, 2.080, 50.33, 2.00, 2.076, 50.48, 2.21, 0.010, 180.94, 46.88);
insert into SHOT values (1124, 1274, 1275, 624, 5.270, 166.33, 44.00, 5.268, 166.26, 44.01, 0.006, 49.77, -8.75);
insert into SHOT values (1125, 1275, 1276, 624, 3.560, 135.33, 28.00, 3.562, 135.39, 27.96, 0.005, 176.63, -16.24);
insert into SHOT values (1126, 1276, 1277, 624, 4.520, 70.33, 47.00, 4.515, 70.27, 46.97, 0.007, 311.60, -56.93);
insert into SHOT values (1127, 1277, 1278, 624, 3.360, 169.33, 54.00, 3.361, 169.20, 54.02, 0.005, 79.39, 20.85);
insert into SHOT values (1128, 1278, 1279, 624, 7.550, 194.33, 34.00, 7.545, 194.35, 34.01, 0.005, 352.25, -23.07);
insert into SHOT values (1129, 1279, 1280, 624, 3.900, 82.33, 32.00, 3.903, 82.36, 32.03, 0.004, 121.13, 52.36);
insert into SHOT values (1130, 1280, 1281, 624, 3.290, 335.33, 45.00, 3.293, 335.09, 45.04, 0.011, 245.77, 20.02);
insert into SURVEY values (626, 19, '400', '400.Sakany', '[Nd:241] Topo de surface depuis la Petite Grotte des Ec');
 insert into CENTRELINE values (627, 626, NULL, NULL, NULL, 0.00, 0.00, 0.00);
 insert into CENTRELINE values (628, 626, NULL, '2002-03-23', NULL, 0.00, 34.60, 0.00);
 insert into TOPO values (5, 628);
 insert into TOPO values (2, 628);
 insert into SHOT values (1131, 1282, 1283, 628, 3.200, 188.00, 15.00, 3.189, 186.34, 15.09, 0.090, 89.42, 1.13);
insert into SHOT_FLAG values(1131, 'srf');
insert into SHOT values (1132, 1283, 1284, 628, 12.500, 205.00, 13.00, 12.499, 200.40, 13.32, 0.978, 111.72, 3.99);
insert into SHOT_FLAG values(1132, 'srf');
insert into SHOT values (1133, 1284, 1285, 628, 12.300, 125.00, -40.00, 12.471, 126.79, -38.19, 0.522, 164.26, 22.07);
insert into SHOT_FLAG values(1133, 'srf');
insert into SHOT values (1134, 1285, 1286, 628, 6.600, 305.00, -1.00, 6.419, 303.69, -1.25, 0.235, 163.68, -6.05);
insert into SHOT_FLAG values(1134, 'srf');
insert into SURVEY values (630, 19, '401', '401.Sakany', 'grte sup echelles: entree sup');
 insert into CENTRELINE values (631, 630, NULL, NULL, NULL, 0.00, 0.00, 0.00);
 insert into CENTRELINE values (632, 630, NULL, '2006-03-03', NULL, 28.21, 0.00, 0.00);
 insert into TOPO values (2, 632);
 insert into TOPO values (6, 632);
 insert into SHOT values (1135, 1287, 1288, 632, 0.050, 218.40, -18.00, 0.054, 216.87, -21.80, 0.005, 189.66, -58.66);
insert into SHOT values (1136, 1288, 1289, 632, 2.100, 218.40, -18.00, 2.104, 218.30, -18.00, 0.005, 174.35, -12.67);
insert into SHOT values (1137, 1289, 1290, 632, 2.300, 250.40, -40.00, 2.294, 250.43, -39.84, 0.008, 348.83, 82.13);
insert into SHOT values (1138, 1290, 1291, 632, 3.030, 200.40, 4.00, 3.026, 200.36, 3.98, 0.005, 47.64, -16.42);
insert into SHOT values (1139, 1291, 1292, 632, 1.150, 240.40, -4.00, 1.154, 240.32, -3.98, 0.004, 217.85, 3.03);
insert into SHOT values (1140, 1292, 1293, 632, 2.650, 252.40, -16.00, 2.652, 252.42, -15.98, 0.002, 281.57, 12.46);
insert into SHOT values (1141, 1293, 1294, 632, 2.900, 250.40, -11.00, 2.898, 250.48, -11.14, 0.009, 18.50, -50.99);
insert into SHOT values (1142, 1294, 1295, 632, 2.100, 300.40, -8.00, 2.095, 300.40, -7.96, 0.005, 120.74, 27.61);
insert into SHOT values (1143, 1295, 1296, 632, 1.450, 315.40, -15.00, 1.455, 315.29, -14.73, 0.009, 293.33, 36.74);
insert into SHOT values (1144, 1296, 1297, 632, 1.850, 300.40, -63.00, 1.849, 300.26, -63.20, 0.007, 138.19, -13.82);
insert into SHOT values (1145, 1297, 1298, 632, 1.550, 190.40, 10.00, 1.550, 190.57, 10.03, 0.005, 287.04, 10.09);
insert into SHOT values (1146, 1298, 1299, 632, 3.300, 270.40, 7.00, 3.294, 270.35, 6.97, 0.006, 116.49, -20.03);
insert into SHOT values (1147, 1299, 1300, 632, 1.080, 279.40, -5.00, 1.080, 279.64, -5.31, 0.007, 18.50, -52.01);
insert into SHOT values (1148, 1300, 1301, 632, 2.700, 250.40, -32.00, 2.702, 250.38, -31.95, 0.004, 239.46, 12.68);
insert into SURVEY values (634, 19, '402', '402.Sakany', 'sup des echelles: cheminee vers jour');
 insert into CENTRELINE values (635, 634, NULL, NULL, NULL, 0.00, 0.00, 0.00);
 insert into CENTRELINE values (636, 634, NULL, '2006-03-03', NULL, 7.10, 0.00, 0.00);
 insert into TOPO values (2, 636);
 insert into TOPO values (6, 636);
 insert into SHOT values (1149, 1302, 1303, 636, 0.050, 340.40, -60.00, 0.050, 0.00, -53.13, 0.011, 52.44, 17.33);
insert into SHOT values (1150, 1303, 1304, 636, 2.450, 340.40, -60.00, 2.446, 340.38, -60.06, 0.004, 165.90, 23.17);
insert into SHOT values (1151, 1304, 1305, 636, 4.600, 200.40, -75.00, 4.598, 200.56, -74.92, 0.007, 231.23, 26.60);
insert into SURVEY values (638, 19, '403', '403.Sakany', 'Grotte Sup des Echelles');
 insert into CENTRELINE values (639, 638, NULL, NULL, NULL, 0.00, 0.00, 0.00);
 insert into CENTRELINE values (640, 638, NULL, '2002-03-23', NULL, 69.31, 0.00, 0.00);
 insert into TOPO values (5, 640);
 insert into TOPO values (2, 640);
 insert into SHOT values (1152, 1306, 1307, 640, 0.050, 250.00, 40.00, 0.081, 288.43, 38.33, 0.045, 324.05, 23.59);
insert into SHOT values (1153, 1307, 1308, 640, 4.000, 225.00, 48.00, 3.972, 227.62, 48.61, 0.132, 338.83, 3.23);
insert into SHOT values (1154, 1308, 1309, 640, 2.100, 274.00, 14.00, 2.168, 276.28, 14.15, 0.107, 326.91, 11.81);
insert into SHOT values (1155, 1309, 1310, 640, 5.900, 242.00, -22.00, 5.889, 246.76, -21.62, 0.457, 333.90, 5.05);
insert into SHOT values (1156, 1310, 1311, 640, 7.870, 345.00, -16.00, 8.010, 344.54, -15.20, 0.188, 324.56, 21.57);
insert into SHOT values (1157, 1311, 1312, 640, 0.020, 285.00, 12.00, 0.075, 288.43, 32.31, 0.057, 289.97, 39.34);
insert into SHOT values (1158, 1312, 1313, 640, 2.780, 285.00, 12.00, 2.838, 285.09, 13.03, 0.077, 290.66, 53.22);
insert into SHOT values (1159, 1313, 1314, 640, 7.280, 260.00, -52.00, 7.219, 260.37, -50.99, 0.144, 285.66, 61.55);
insert into SHOT values (1160, 1314, 1315, 640, 3.500, 210.00, -2.00, 3.506, 210.52, -0.98, 0.070, 286.65, 62.32);
insert into SHOT values (1161, 1315, 1316, 640, 7.580, 172.00, 20.00, 7.600, 173.11, 21.29, 0.221, 279.42, 49.39);
insert into SHOT values (1162, 1316, 1317, 640, 3.000, 164.00, 32.00, 3.068, 164.15, 32.10, 0.068, 171.02, 36.13);
insert into SHOT values (1163, 1317, 1318, 640, 3.250, 195.00, -25.00, 3.272, 194.60, -24.56, 0.039, 160.70, 20.11);
insert into SHOT values (1164, 1318, 1319, 640, 2.100, 90.00, -75.00, 2.072, 91.06, -74.89, 0.030, 199.34, 69.51);
insert into SHOT values (1165, 1319, 1320, 640, 1.950, 55.00, -1.00, 1.936, 55.74, -0.59, 0.032, 174.05, 26.18);
insert into SHOT values (1166, 1320, 1321, 640, 3.410, 155.00, 55.00, 3.469, 155.37, 54.96, 0.060, 174.95, 51.20);
insert into SHOT values (1167, 1321, 1322, 640, 4.430, 55.00, 60.00, 4.457, 55.88, 60.27, 0.048, 152.89, 44.30);
insert into SHOT values (1168, 1322, 1323, 640, 0.020, 135.00, 0.00, 0.051, 143.13, 11.31, 0.032, 148.48, 18.25);
insert into SHOT values (1169, 1323, 1324, 640, 2.200, 181.00, 0.00, 2.250, 180.76, 0.25, 0.052, 170.66, 11.09);
insert into SHOT values (1170, 1324, 1325, 640, 1.700, 269.50, 22.00, 1.709, 268.91, 22.36, 0.021, 193.39, 38.41);
insert into SHOT values (1171, 1325, 1326, 640, 2.700, 135.00, 45.00, 2.754, 135.63, 45.08, 0.058, 166.09, 44.67);
insert into SHOT values (1172, 1326, 1327, 640, 2.270, 190.00, -10.00, 2.304, 189.63, -9.50, 0.042, 168.14, 19.86);
insert into SHOT values (1173, 1327, 1328, 640, 1.200, 150.00, 0.00, 1.245, 150.14, 0.46, 0.047, 153.95, 12.42);
insert into SURVEY values (642, 19, '404', '404.Sakany', 'Grotte Sup des Echelles Nd:245 [E210>E14]');
 insert into CENTRELINE values (643, 642, NULL, NULL, NULL, 0.00, 0.00, 0.00);
 insert into CENTRELINE values (644, 642, NULL, '2002-03-23', NULL, 23.93, 0.00, 0.00);
 insert into TOPO values (5, 644);
 insert into TOPO values (2, 644);
 insert into SHOT values (1174, 1329, 1330, 644, 4.280, 50.00, 51.00, 4.296, 52.35, 51.88, 0.129, 161.75, 24.63);
insert into SHOT values (1175, 1330, 1331, 644, 2.500, 150.00, 65.00, 2.633, 150.75, 64.19, 0.138, 159.57, 48.96);
insert into SHOT values (1176, 1331, 1332, 644, 1.100, 205.00, 0.00, 1.214, 203.82, 0.94, 0.118, 192.56, 9.80);
insert into SHOT values (1177, 1332, 1333, 644, 3.100, 152.00, 15.00, 3.242, 152.78, 15.38, 0.150, 169.97, 22.63);
insert into SHOT values (1178, 1333, 1334, 644, 3.500, 210.00, 25.00, 3.640, 208.28, 25.21, 0.170, 170.38, 24.56);
insert into SHOT values (1179, 1334, 1335, 644, 2.030, 210.00, 90.00, 2.110, 180.00, 88.91, 0.089, 180.00, 63.43);
insert into SHOT values (1180, 1335, 1336, 644, 1.480, 205.00, 0.00, 1.594, 203.67, 0.72, 0.121, 187.02, 9.50);
insert into SHOT values (1181, 1336, 1337, 644, 1.550, 220.00, -58.00, 1.535, 217.82, -56.47, 0.054, 168.98, 39.70);
insert into SHOT values (1182, 1337, 1338, 644, 1.930, 120.00, -20.00, 1.987, 121.75, -18.79, 0.091, 160.60, 12.82);
insert into SHOT values (1183, 1338, 1339, 644, 2.460, 212.00, -18.00, 2.538, 210.48, -17.19, 0.107, 174.77, 5.47);
insert into SURVEY values (646, 19, '405', '405.Sakany', 'Grotte Sup des Echelles: Bulle en N248');
 insert into CENTRELINE values (647, 646, NULL, NULL, NULL, 0.00, 0.00, 0.00);
 insert into CENTRELINE values (648, 646, NULL, '2002-03-23', NULL, 2.90, 0.00, 0.00);
 insert into TOPO values (5, 648);
 insert into TOPO values (2, 648);
 insert into SHOT values (1184, 1340, 1341, 648, 1.200, 282.00, -23.00, 1.200, 282.02, -23.06, 0.001, 50.33, -60.95);
insert into SHOT values (1185, 1341, 1342, 648, 0.500, 282.00, -23.00, 0.502, 282.53, -23.45, 0.006, 2.64, -46.90);
insert into SHOT values (1186, 1342, 1343, 648, 0.500, 282.00, -23.00, 0.499, 282.53, -22.40, 0.007, 2.64, 51.05);
insert into SHOT values (1187, 1343, 1344, 648, 0.700, 282.00, -23.00, 0.702, 281.66, -23.52, 0.008, 175.93, -58.70);
insert into SURVEY values (650, 19, '406', '406.Sakany', 'Grotte Sup des Echelles: Divert. en N246');
 insert into CENTRELINE values (651, 650, NULL, NULL, NULL, 0.00, 0.00, 0.00);
 insert into CENTRELINE values (652, 650, NULL, '2002-03-23', NULL, 28.63, 0.00, 0.00);
 insert into TOPO values (5, 652);
 insert into TOPO values (2, 652);
 insert into SHOT values (1188, 1345, 1346, 652, 4.680, 235.00, -12.00, 4.662, 236.69, -11.38, 0.146, 328.76, 21.37);
insert into SHOT values (1189, 1346, 1347, 652, 4.500, 186.00, 45.00, 4.521, 186.92, 45.78, 0.083, 306.01, 44.62);
insert into SHOT values (1190, 1347, 1348, 652, 6.700, 210.00, -70.00, 6.620, 211.09, -69.99, 0.091, 331.37, 56.22);
insert into SHOT values (1191, 1348, 1349, 652, 3.300, 320.00, -40.00, 3.301, 320.08, -39.28, 0.042, 327.59, 48.18);
insert into SHOT values (1192, 1349, 1350, 652, 4.600, 357.00, -32.00, 4.616, 356.08, -31.18, 0.092, 304.04, 31.02);
insert into SHOT values (1193, 1350, 1351, 652, 1.400, 143.00, 0.00, 1.342, 142.87, 0.85, 0.061, 325.84, 19.01);
insert into SHOT values (1194, 1351, 1352, 652, 0.050, 10.00, -60.00, 0.032, 341.57, 0.00, 0.046, 290.56, 70.52);
insert into SHOT values (1195, 1352, 1353, 652, 3.400, 340.00, -60.00, 3.362, 339.56, -59.27, 0.059, 304.19, 67.71);
insert into SURVEY values (654, 19, '407', '407.Sakany', 'Jonction avec la galerie des Echelles');
 insert into CENTRELINE values (655, 654, NULL, NULL, NULL, 0.00, 0.00, 0.00);
 insert into CENTRELINE values (656, 654, NULL, '2002-05-03', NULL, 12.65, 0.00, 0.00);
 insert into TOPO values (5, 656);
 insert into TOPO values (2, 656);
 insert into SHOT values (1196, 1354, 1355, 656, 1.800, 190.01, -51.00, 1.781, 190.59, -52.33, 0.047, 356.07, -13.71);
insert into SHOT values (1197, 1355, 1356, 656, 8.000, 317.01, -62.00, 8.132, 318.73, -61.25, 0.205, 354.38, -18.92);
insert into SHOT values (1198, 1356, 1357, 656, 2.350, 317.01, -90.00, 2.431, 348.69, -88.80, 0.095, 348.69, -57.49);
insert into SHOT values (1199, 1357, 1358, 656, 0.500, 317.01, 0.00, 0.617, 318.29, -1.86, 0.119, 323.78, -9.71);
insert into SURVEY values (658, 19, '408', '408.Sakany', 'RESEAU AU-DESSUS GD PTS AMOUREUX');
 insert into CENTRELINE values (659, 658, NULL, NULL, NULL, 0.00, 0.00, 0.00);
 insert into CENTRELINE values (660, 658, NULL, '2002-05-03', NULL, 12.00, 0.00, 0.00);
 insert into TOPO values (5, 660);
 insert into TOPO values (2, 660);
 insert into SHOT values (1200, 1359, 1360, 660, 1.000, 352.01, -1.00, 0.999, 352.52, -0.57, 0.012, 90.88, 39.61);
insert into SHOT values (1201, 1360, 1361, 660, 4.000, 352.01, -1.00, 4.000, 351.95, -1.00, 0.004, 262.11, -2.71);
insert into SHOT values (1202, 1361, 1362, 660, 4.000, 352.01, -1.00, 4.000, 351.95, -1.00, 0.004, 262.11, -2.71);
insert into SHOT values (1203, 1362, 1363, 660, 1.000, 352.01, -1.00, 1.000, 351.95, -1.15, 0.003, 262.11, -68.48);
insert into SHOT values (1204, 1363, 1364, 660, 1.000, 352.01, -10.00, 1.005, 352.44, -10.32, 0.011, 55.48, -37.12);
insert into SHOT values (1205, 1364, 1365, 660, 1.000, 352.01, -10.00, 0.995, 351.79, -9.84, 0.007, 210.48, 30.95);
insert into SURVEY values (662, 19, '409', '409.Sakany', 'Reseau Echelles: Boucle entre Nd28 et Nd30');
 insert into CENTRELINE values (663, 662, NULL, NULL, NULL, 0.00, 0.00, 0.00);
 insert into CENTRELINE values (664, 662, NULL, '2002-05-03', NULL, 16.54, 0.00, 0.00);
 insert into TOPO values (5, 664);
 insert into TOPO values (2, 664);
 insert into SHOT values (1206, 1366, 1367, 664, 1.900, 268.01, -5.00, 1.897, 268.18, -4.54, 0.017, 15.73, 68.96);
insert into SHOT values (1207, 1367, 1368, 664, 7.000, 320.01, -45.00, 6.982, 319.91, -44.80, 0.031, 256.16, 72.83);
insert into SHOT values (1208, 1368, 1369, 664, 1.200, 9.01, 1.00, 1.205, 9.07, 1.43, 0.011, 23.16, 59.11);
insert into SHOT values (1209, 1369, 1370, 664, 2.920, 285.01, 30.00, 2.935, 284.86, 30.28, 0.022, 236.93, 65.98);
insert into SHOT values (1210, 1370, 1371, 664, 2.100, 285.01, 90.00, 2.120, 90.00, 90.00, 0.020, 285.01, 90.00);
insert into SHOT values (1211, 1371, 1372, 664, 1.420, 180.01, 0.00, 1.420, 180.00, 0.40, 0.010, 90.00, 88.79);
insert into SURVEY values (666, 19, '410', '410.Sakany', 'Deuxieme jonction Echelles Sup / Amoureux II');
 insert into CENTRELINE values (667, 666, NULL, NULL, NULL, 0.00, 0.00, 0.00);
 insert into CENTRELINE values (668, 666, NULL, '2002-05-03', NULL, 30.85, 0.00, 0.00);
 insert into TOPO values (5, 668);
 insert into TOPO values (2, 668);
 insert into SHOT values (1212, 1373, 1374, 668, 0.050, 240.01, -80.00, 0.014, 180.00, -45.00, 0.040, 126.97, 76.51);
insert into SHOT values (1213, 1374, 1375, 668, 8.300, 240.01, -80.00, 8.273, 239.44, -79.73, 0.050, 216.31, 42.76);
insert into SHOT values (1214, 1375, 1376, 668, 8.000, 250.01, -50.00, 7.976, 248.69, -49.56, 0.136, 174.17, 25.46);
insert into SHOT values (1215, 1376, 1377, 668, 0.500, 250.01, -50.00, 0.478, 247.52, -48.92, 0.028, 130.08, 55.67);
insert into SHOT values (1216, 1377, 1378, 668, 11.000, 250.01, -89.99, 10.960, 225.00, -89.85, 0.048, 223.25, 56.42);
insert into SHOT values (1217, 1378, 1379, 668, 3.000, 280.01, -10.00, 2.980, 279.21, -9.66, 0.049, 167.72, 25.21);
insert into SURVEY values (670, 19, '411', '411.Sakany', 'petit boyau');
 insert into CENTRELINE values (671, 670, NULL, NULL, NULL, 0.00, 0.00, 0.00);
 insert into CENTRELINE values (672, 670, NULL, '2006-03-03', NULL, 5.15, 0.00, 0.00);
 insert into TOPO values (2, 672);
 insert into TOPO values (6, 672);
 insert into SHOT values (1218, 1380, 1381, 672, 0.050, 100.40, -25.00, 0.055, 101.31, -21.42, 0.006, 108.56, 11.17);
insert into SHOT values (1219, 1381, 1382, 672, 3.200, 100.40, -25.00, 3.200, 100.34, -25.15, 0.009, 322.49, -60.99);
insert into SHOT values (1220, 1382, 1383, 672, 0.500, 180.40, 0.00, 0.500, 180.00, 0.00, 0.003, 90.20, 0.00);
insert into SHOT values (1221, 1383, 1384, 672, 1.400, 270.40, 0.00, 1.400, 270.41, 0.00, 0.000, 353.98, 0.00);
insert into SURVEY values (674, 19, '412', '412.Sakany', 'redescente petit puits');
 insert into CENTRELINE values (675, 674, NULL, NULL, NULL, 0.00, 0.00, 0.00);
 insert into CENTRELINE values (676, 674, NULL, '2006-03-03', NULL, 13.23, 0.00, 0.00);
 insert into TOPO values (2, 676);
 insert into TOPO values (6, 676);
 insert into SHOT values (1222, 1385, 1386, 676, 3.500, 110.40, -63.00, 3.501, 110.26, -63.02, 0.004, 9.84, -21.10);
insert into SHOT values (1223, 1386, 1387, 676, 8.000, 330.40, -48.00, 8.003, 330.32, -48.03, 0.009, 232.67, -34.49);
insert into SHOT values (1224, 1387, 1388, 676, 0.030, 200.40, 26.00, 0.030, 206.57, 41.81, 0.009, 353.48, 52.23);
insert into SHOT values (1225, 1388, 1389, 676, 1.700, 200.40, 26.00, 1.695, 200.34, 25.88, 0.006, 49.33, -57.71);
insert into SURVEY values (678, 19, '420', '420.Sakany', 'Descente directe vers Collecteur');
 insert into CENTRELINE values (679, 678, NULL, NULL, NULL, 0.00, 0.00, 0.00);
 insert into CENTRELINE values (680, 678, NULL, '2002-05-03', NULL, 54.15, 0.00, 0.00);
 insert into TOPO values (5, 680);
 insert into TOPO values (2, 680);
 insert into SHOT values (1226, 1390, 1391, 680, 4.300, 80.01, -15.00, 4.301, 80.02, -15.09, 0.007, 217.43, -83.54);
insert into SHOT values (1227, 1391, 1392, 680, 0.200, 55.01, -15.00, 0.200, 55.49, -14.44, 0.003, 114.28, 42.81);
insert into SHOT values (1228, 1392, 1393, 680, 1.750, 340.01, -30.00, 1.745, 339.89, -29.91, 0.007, 203.83, 47.28);
insert into SHOT values (1229, 1393, 1394, 680, 12.350, 0.01, -73.00, 12.349, 0.00, -73.00, 0.001, 214.16, 20.84);
insert into SHOT values (1230, 1394, 1395, 680, 7.000, 80.01, -55.00, 7.003, 79.95, -55.05, 0.008, 309.25, -47.98);
insert into SHOT values (1231, 1395, 1396, 680, 6.750, 342.01, -52.00, 6.749, 342.05, -52.03, 0.004, 124.89, -11.93);
insert into SHOT values (1232, 1396, 1397, 680, 4.500, 235.01, -50.00, 4.495, 234.99, -49.93, 0.007, 194.29, 79.79);
insert into SHOT values (1233, 1397, 1398, 680, 9.800, 235.01, -89.90, 9.800, 225.00, -89.92, 0.004, 92.73, -0.21);
insert into SHOT values (1234, 1398, 1399, 680, 7.500, 290.01, 2.00, 7.508, 290.03, 1.98, 0.009, 307.55, -11.22);
insert into SURVEY values (682, 19, '421', '421.Sakany', 'Degarni: 2e branche vers Nd:256');
 insert into CENTRELINE values (683, 682, NULL, NULL, NULL, 0.00, 0.00, 0.00);
 insert into CENTRELINE values (684, 682, NULL, '2002-05-24', NULL, 13.90, 0.00, 0.00);
 insert into TOPO values (5, 684);
 insert into TOPO values (2, 684);
 insert into SHOT values (1235, 1400, 1401, 684, 0.750, 335.01, 0.00, 0.836, 334.36, -5.49, 0.115, 328.38, -44.15);
insert into SHOT values (1236, 1401, 1402, 684, 3.400, 42.01, -8.00, 3.459, 40.11, -10.66, 0.204, 327.17, -54.91);
insert into SHOT values (1237, 1402, 1403, 684, 0.300, 12.01, 26.00, 0.223, 7.77, 5.15, 0.123, 210.86, -65.45);
insert into SHOT values (1238, 1403, 1404, 684, 3.000, 12.01, 26.00, 2.899, 10.59, 23.16, 0.190, 256.34, -67.27);
insert into SHOT values (1239, 1404, 1405, 684, 4.250, 54.01, 32.00, 4.084, 51.97, 29.49, 0.278, 301.82, -60.50);
insert into SHOT values (1240, 1405, 1406, 684, 2.200, 38.01, 42.00, 1.999, 36.57, 39.44, 0.225, 241.04, -63.83);
insert into SURVEY values (686, 19, '422', '422.Sakany', 'Degarni: Tremie calcitee [Nd:255]');
 insert into CENTRELINE values (687, 686, NULL, NULL, NULL, 0.00, 0.00, 0.00);
 insert into CENTRELINE values (688, 686, NULL, '2002-05-24', NULL, 12.00, 0.00, 0.00);
 insert into TOPO values (5, 688);
 insert into TOPO values (2, 688);
 insert into SHOT values (1241, 1407, 1408, 688, 0.050, 265.01, -14.00, 0.052, 258.69, -11.10, 0.006, 196.09, 19.20);
insert into SHOT values (1242, 1408, 1409, 688, 3.600, 265.01, -14.00, 3.600, 265.07, -13.99, 0.004, 357.58, 14.45);
insert into SHOT values (1243, 1409, 1410, 688, 4.750, 266.01, 32.00, 4.748, 266.02, 31.92, 0.007, 269.27, -77.99);
insert into SHOT values (1244, 1410, 1411, 688, 3.600, 317.01, 40.00, 3.605, 317.06, 40.05, 0.007, 6.05, 66.11);
insert into SURVEY values (690, 19, '423', '423.Sakany', 'Degarni: Boucle EQE-FRF');
 insert into CENTRELINE values (691, 690, NULL, NULL, NULL, 0.00, 0.00, 0.00);
 insert into CENTRELINE values (692, 690, NULL, '2002-05-24', NULL, 3.10, 0.00, 0.00);
 insert into TOPO values (5, 692);
 insert into TOPO values (2, 692);
 insert into SHOT values (1245, 1412, 1413, 692, 3.100, 59.01, -89.90, 3.183, 227.73, -87.32, 0.174, 228.12, -27.46);
insert into SURVEY values (694, 19, '424', '424.Sakany', 'Degarni: Boucle EQE-FRF');
 insert into CENTRELINE values (695, 694, NULL, NULL, NULL, 0.00, 0.00, 0.00);
 insert into CENTRELINE values (696, 694, NULL, '2002-05-24', NULL, 14.10, 0.00, 0.00);
 insert into TOPO values (5, 696);
 insert into TOPO values (2, 696);
 insert into SHOT values (1246, 1414, 1415, 696, 6.000, 40.01, 18.00, 5.646, 40.08, 18.38, 0.356, 219.01, -12.02);
insert into SHOT values (1247, 1415, 1416, 696, 3.100, 40.01, 89.00, 3.022, 221.19, 87.98, 0.179, 220.79, -26.37);
insert into SHOT values (1248, 1416, 1417, 696, 5.000, 220.01, -18.00, 5.356, 219.83, -17.61, 0.358, 217.39, -12.09);
insert into SURVEY values (698, 19, '425', '425.Sakany', 'Degarni: Diverticule GSG');
 insert into CENTRELINE values (699, 698, NULL, NULL, NULL, 0.00, 0.00, 0.00);
 insert into CENTRELINE values (700, 698, NULL, '2002-05-24', NULL, 6.05, 0.00, 0.00);
 insert into TOPO values (5, 700);
 insert into TOPO values (2, 700);
 insert into SHOT values (1249, 1418, 1419, 700, 3.400, 212.01, 9.00, 3.402, 211.99, 8.96, 0.003, 174.21, -35.85);
insert into SHOT values (1250, 1419, 1420, 700, 0.950, 295.01, 20.00, 0.954, 295.13, 20.25, 0.006, 337.84, 61.82);
insert into SHOT values (1251, 1420, 1421, 700, 1.700, 285.01, 30.00, 1.698, 284.98, 30.04, 0.002, 125.31, -0.00);
insert into SURVEY values (702, 19, '426', '426.Sakany', 'Degarni: Branche remontante');
 insert into CENTRELINE values (703, 702, NULL, NULL, NULL, 0.00, 0.00, 0.00);
 insert into CENTRELINE values (704, 702, NULL, '2002-05-24', NULL, 6.20, 0.00, 0.00);
 insert into TOPO values (5, 704);
 insert into TOPO values (2, 704);
 insert into SHOT values (1252, 1422, 1423, 704, 0.200, 155.01, 48.00, 0.201, 153.43, 48.19, 0.004, 69.45, 20.29);
insert into SHOT values (1253, 1423, 1424, 704, 6.000, 155.01, 48.00, 6.000, 155.10, 48.02, 0.006, 260.78, 10.89);
insert into SURVEY values (706, 19, '427', '427.Sakany', 'Degarni: IUI>Z145');
 insert into CENTRELINE values (707, 706, NULL, NULL, NULL, 0.00, 0.00, 0.00);
 insert into CENTRELINE values (708, 706, NULL, '2002-05-24', NULL, 14.30, 0.00, 0.00);
 insert into TOPO values (5, 708);
 insert into TOPO values (2, 708);
 insert into SHOT values (1254, 1425, 1426, 708, 4.620, 149.01, 0.00, 4.620, 148.99, 0.00, 0.002, 64.91, 0.00);
insert into SHOT values (1255, 1426, 1427, 708, 1.800, 190.01, 10.00, 1.804, 190.05, 9.89, 0.005, 201.80, -28.69);
insert into SHOT values (1256, 1427, 1428, 708, 5.880, 15.01, 70.00, 5.887, 14.93, 69.95, 0.009, 352.52, 31.08);
insert into SHOT values (1257, 1428, 1429, 708, 2.000, 0.01, 5.00, 1.997, 0.00, 4.88, 0.005, 191.89, -60.48);
insert into SURVEY values (710, 19, '428', '428.Sakany', 'Degarni: Galerie parallele retour collecteur');
 insert into CENTRELINE values (711, 710, NULL, NULL, NULL, 0.00, 0.00, 0.00);
 insert into CENTRELINE values (712, 710, NULL, '2002-05-24', NULL, 20.10, 0.00, 0.00);
 insert into TOPO values (5, 712);
 insert into TOPO values (2, 712);
 insert into SHOT values (1258, 1430, 1431, 712, 4.800, 314.01, -5.00, 4.799, 313.98, -5.02, 0.003, 204.29, -30.67);
insert into SHOT values (1259, 1431, 1432, 712, 3.590, 212.01, -10.00, 3.582, 212.02, -10.13, 0.011, 28.77, -36.69);
insert into SHOT values (1260, 1432, 1433, 712, 2.380, 256.01, 8.00, 2.384, 256.02, 8.20, 0.009, 262.35, 70.80);
insert into SHOT values (1261, 1433, 1434, 712, 4.130, 188.01, 12.00, 4.127, 187.97, 11.88, 0.009, 84.82, -69.48);
insert into SHOT values (1262, 1434, 1435, 712, 5.200, 235.01, -10.00, 5.205, 235.01, -9.96, 0.007, 229.26, 27.19);
insert into SURVEY values (714, 19, '429', '429.Sakany', 'Degarni: DPD-JVJ');
 insert into CENTRELINE values (715, 714, NULL, NULL, NULL, 0.00, 0.00, 0.00);
 insert into CENTRELINE values (716, 714, NULL, '2002-05-24', NULL, 24.73, 0.00, 0.00);
 insert into TOPO values (5, 716);
 insert into TOPO values (2, 716);
 insert into SHOT values (1263, 1436, 1437, 716, 3.700, 324.01, 70.00, 3.703, 323.67, 70.01, 0.008, 238.26, 22.53);
insert into SHOT values (1264, 1437, 1438, 716, 2.400, 335.01, 12.00, 2.401, 335.07, 12.02, 0.003, 36.44, 20.80);
insert into SHOT values (1265, 1438, 1439, 716, 2.500, 60.01, 0.00, 2.504, 60.06, 0.00, 0.005, 83.26, 0.00);
insert into SHOT values (1266, 1439, 1440, 716, 4.730, 334.01, 12.00, 4.731, 333.99, 11.95, 0.005, 290.89, -48.14);
insert into SHOT values (1267, 1440, 1441, 716, 3.400, 18.01, 22.00, 3.399, 17.92, 21.94, 0.006, 293.27, -34.42);
insert into SHOT values (1268, 1441, 1442, 716, 8.000, 5.01, -30.00, 7.999, 5.05, -30.00, 0.005, 110.86, 0.00);
insert into SURVEY values (718, 19, '430', '430.Sakany', 'Jonction Accident-Grand Puits: N400>N217');
 insert into CENTRELINE values (719, 718, NULL, NULL, NULL, 0.00, 0.00, 0.00);
 insert into CENTRELINE values (720, 718, NULL, '2002-05-25', NULL, 16.20, 0.00, 0.00);
 insert into TOPO values (5, 720);
 insert into TOPO values (2, 720);
 insert into SHOT values (1269, 1443, 1444, 720, 0.050, 252.01, -42.00, 0.135, 264.29, -41.85, 0.086, 271.31, -41.16);
insert into SHOT values (1270, 1444, 1445, 720, 7.950, 252.01, -42.00, 8.034, 253.90, -41.85, 0.214, 321.49, -10.90);
insert into SHOT values (1271, 1445, 1446, 720, 6.000, 252.01, -42.00, 6.079, 253.57, -41.90, 0.146, 314.35, -18.09);
insert into SHOT values (1272, 1446, 1447, 720, 2.200, 252.01, -42.00, 2.284, 252.85, -42.06, 0.087, 274.24, -41.64);
insert into SURVEY values (722, 19, '431', '431.Sakany', 'Jonction Accident->Gd Puits: N400>N401');
 insert into CENTRELINE values (723, 722, NULL, NULL, NULL, 0.00, 0.00, 0.00);
 insert into CENTRELINE values (724, 722, NULL, '2002-05-25', NULL, 21.10, 0.00, 0.00);
 insert into TOPO values (5, 724);
 insert into TOPO values (2, 724);
 insert into SHOT values (1273, 1448, 1449, 724, 0.050, 80.01, -45.00, 0.173, 78.69, -27.61, 0.126, 78.29, -20.78);
insert into SHOT values (1274, 1449, 1450, 724, 8.450, 80.01, -45.00, 8.570, 80.69, -42.05, 0.460, 90.88, 30.72);
insert into SHOT values (1275, 1450, 1451, 724, 0.050, 80.01, -45.00, 0.168, 78.69, -24.59, 0.123, 78.29, -16.41);
insert into SHOT values (1276, 1451, 1452, 724, 0.450, 80.01, -45.00, 0.565, 80.75, -39.57, 0.125, 82.75, -19.57);
insert into SHOT values (1277, 1452, 1453, 724, 6.490, 80.01, -89.90, 6.407, 80.54, -87.28, 0.306, 80.56, 17.08);
insert into SHOT values (1278, 1453, 1454, 724, 0.010, 80.01, -89.90, 0.106, 90.00, 48.81, 0.114, 90.00, 52.13);
insert into SHOT values (1279, 1454, 1455, 724, 2.600, 158.01, 0.00, 2.598, 158.08, 0.00, 0.003, 285.46, 0.00);
insert into SHOT values (1280, 1455, 1456, 724, 3.000, 158.01, 0.00, 2.997, 158.06, 0.00, 0.004, 300.67, 0.00);
insert into SURVEY values (726, 19, '432', '432.Sakany', 'Puits paralleles: Vers la jonction avec Grille: N401>N4');
 insert into CENTRELINE values (727, 726, NULL, NULL, NULL, 0.00, 0.00, 0.00);
 insert into CENTRELINE values (728, 726, NULL, '2002-05-25', NULL, 65.91, 0.00, 0.00);
 insert into TOPO values (5, 728);
 insert into TOPO values (2, 728);
 insert into SHOT values (1281, 1457, 1458, 728, 5.000, 342.01, 42.00, 5.030, 347.50, 42.68, 0.361, 77.68, 10.26);
insert into SHOT values (1282, 1458, 1459, 728, 1.420, 342.01, 42.00, 1.442, 346.76, 43.37, 0.096, 79.25, 24.51);
insert into SHOT values (1283, 1459, 1460, 728, 3.840, 18.01, 8.00, 3.969, 23.10, 8.55, 0.368, 90.98, 8.68);
insert into SHOT values (1284, 1460, 1461, 728, 5.920, 255.01, 23.00, 5.788, 254.92, 23.63, 0.147, 78.60, 2.68);
insert into SHOT values (1285, 1461, 1462, 728, 3.200, 212.01, 22.00, 3.104, 209.87, 22.34, 0.146, 79.79, -7.35);
insert into SHOT values (1286, 1462, 1463, 728, 3.690, 320.01, 30.00, 3.639, 322.77, 30.37, 0.162, 71.46, -1.77);
insert into SHOT values (1287, 1463, 1464, 728, 6.790, 256.01, 33.00, 6.669, 255.99, 33.91, 0.161, 76.91, 7.80);
insert into SHOT values (1288, 1464, 1465, 728, 3.700, 333.01, -40.00, 3.680, 335.89, -40.09, 0.143, 72.00, 3.32);
insert into SHOT values (1289, 1465, 1466, 728, 4.480, 0.01, -10.00, 4.516, 3.74, -9.82, 0.290, 84.45, 1.57);
insert into SHOT values (1290, 1466, 1467, 728, 3.640, 292.01, -4.00, 3.523, 294.01, -4.07, 0.171, 66.23, 1.31);
insert into SHOT values (1291, 1467, 1468, 728, 1.100, 330.01, -55.00, 0.814, 342.35, -55.43, 0.309, 121.27, 48.40);
insert into SHOT values (1292, 1468, 1469, 728, 0.600, 290.01, -9.00, 0.201, 296.57, 2.84, 0.407, 106.67, 14.79);
insert into SHOT values (1293, 1469, 1470, 728, 7.670, 285.01, 35.00, 7.513, 287.96, 39.81, 0.726, 75.25, 34.47);
insert into SHOT values (1294, 1470, 1471, 728, 1.160, 205.01, 0.00, 1.062, 202.70, 0.00, 0.107, 48.51, 0.00);
insert into SHOT values (1295, 1471, 1472, 728, 3.000, 245.01, -47.00, 2.903, 244.49, -47.79, 0.107, 75.64, 24.30);
insert into SHOT values (1296, 1472, 1473, 728, 4.500, 245.01, -89.00, 4.490, 90.00, -89.62, 0.107, 71.85, 5.00);
insert into SHOT values (1297, 1473, 1474, 728, 3.000, 245.01, -30.00, 2.877, 244.37, -30.72, 0.131, 77.64, 13.20);
insert into SHOT values (1298, 1474, 1475, 728, 3.200, 185.01, -20.00, 3.153, 182.13, -20.03, 0.158, 76.92, 5.27);
insert into SURVEY values (730, 19, '433', '433.Sakany', 'Puits paralleles: Vers la jonction avec Grille: N405>N4');
 insert into CENTRELINE values (731, 730, NULL, NULL, NULL, 0.00, 0.00, 0.00);
 insert into CENTRELINE values (732, 730, NULL, '2002-05-25', NULL, 13.30, 0.00, 0.00);
 insert into TOPO values (5, 732);
 insert into TOPO values (2, 732);
 insert into SHOT values (1299, 1476, 1477, 732, 2.500, 35.01, 50.00, 2.724, 38.92, 50.44, 0.252, 78.59, 47.18);
insert into SHOT values (1300, 1477, 1478, 732, 1.800, 100.01, 10.00, 2.085, 100.15, 11.62, 0.290, 101.07, 21.74);
insert into SHOT values (1301, 1478, 1479, 732, 3.000, 85.01, -49.00, 3.009, 86.42, -46.16, 0.157, 108.99, 36.73);
insert into SHOT values (1302, 1479, 1480, 732, 3.460, 185.01, -60.00, 3.303, 180.67, -58.62, 0.220, 88.53, 53.35);
insert into SHOT values (1303, 1480, 1481, 732, 2.540, 163.01, -45.00, 2.484, 159.19, -42.56, 0.171, 86.48, 42.75);
insert into SURVEY values (734, 19, '434', '434.Sakany', 'Boyau ventile en N402');
 insert into CENTRELINE values (735, 734, NULL, NULL, NULL, 0.00, 0.00, 0.00);
 insert into CENTRELINE values (736, 734, NULL, '2002-05-26', NULL, 59.64, 0.00, 0.00);
 insert into TOPO values (5, 736);
 insert into TOPO values (2, 736);
 insert into SHOT values (1304, 1482, 1483, 736, 4.040, 65.02, 55.00, 4.032, 64.98, 54.92, 0.009, 342.22, -82.10);
insert into SHOT values (1305, 1483, 1484, 736, 2.560, 176.02, -5.00, 2.566, 175.96, -4.92, 0.007, 154.88, 25.55);
insert into SHOT values (1306, 1484, 1485, 736, 4.070, 150.02, 80.00, 4.071, 150.15, 80.05, 0.004, 303.84, 25.34);
insert into SHOT values (1307, 1485, 1486, 736, 2.040, 180.02, -70.00, 2.044, 180.00, -69.97, 0.004, 175.41, -52.94);
insert into SHOT values (1308, 1486, 1487, 736, 3.840, 115.02, 40.00, 3.843, 114.91, 40.00, 0.006, 48.10, 16.28);
insert into SHOT values (1309, 1487, 1488, 736, 2.100, 94.02, 45.00, 2.102, 93.87, 45.13, 0.007, 342.14, 50.58);
insert into SHOT values (1310, 1488, 1489, 736, 2.250, 25.02, 0.00, 2.241, 25.08, 0.00, 0.009, 189.06, 0.00);
insert into SHOT values (1311, 1489, 1490, 736, 1.500, 5.02, 25.00, 1.504, 5.04, 24.77, 0.007, 11.42, -33.84);
insert into SHOT values (1312, 1490, 1491, 736, 2.290, 258.02, 50.00, 2.287, 257.85, 49.91, 0.006, 181.35, -44.37);
insert into SHOT values (1313, 1491, 1492, 736, 3.650, 15.02, -10.00, 3.647, 15.00, -9.95, 0.004, 214.40, 59.93);
insert into SHOT values (1314, 1492, 1493, 736, 1.000, 15.02, -89.00, 1.000, 26.57, -88.72, 0.006, 60.15, -1.38);
insert into SHOT values (1315, 1493, 1494, 736, 3.110, 30.02, -25.00, 3.108, 30.02, -24.93, 0.004, 175.31, 81.79);
insert into SHOT values (1316, 1494, 1495, 736, 4.500, 98.02, -40.00, 4.502, 98.01, -40.10, 0.008, 280.49, -64.31);
insert into SHOT values (1317, 1495, 1496, 736, 3.550, 0.03, -45.00, 3.550, 0.00, -45.00, 0.001, 258.21, 11.56);
insert into SHOT values (1318, 1496, 1497, 736, 1.970, 120.02, -45.00, 1.968, 119.69, -44.94, 0.008, 29.20, 21.02);
insert into SHOT values (1319, 1497, 1498, 736, 2.960, 42.02, -45.00, 2.955, 42.09, -45.02, 0.006, 190.33, 30.55);
insert into SHOT values (1320, 1498, 1499, 736, 4.560, 120.02, -45.00, 4.562, 119.99, -45.08, 0.007, 325.80, -57.60);
insert into SHOT values (1321, 1499, 1500, 736, 2.330, 210.02, -20.00, 2.333, 210.07, -19.79, 0.009, 229.00, 47.59);
insert into SHOT values (1322, 1500, 1501, 736, 1.920, 97.02, -10.00, 1.924, 96.97, -10.18, 0.007, 74.42, -62.38);
insert into SHOT values (1323, 1501, 1502, 736, 2.100, 0.42, -3.00, 2.103, 0.55, -3.00, 0.006, 58.62, -0.96);
insert into SHOT values (1324, 1502, 1503, 736, 2.300, 30.02, -55.00, 2.296, 30.07, -54.98, 0.005, 177.83, 60.28);
insert into SHOT values (1325, 1503, 1504, 736, 1.000, 30.02, 0.00, 1.003, 29.89, 0.00, 0.004, 356.83, 0.00);
insert into SURVEY values (738, 19, '435', '435.Sakany', 'Puits parallele au Grand Puits');
 insert into CENTRELINE values (739, 738, NULL, NULL, NULL, 0.00, 0.00, 0.00);
 insert into CENTRELINE values (740, 738, NULL, '2002-05-26', NULL, 32.97, 0.00, 0.00);
 insert into TOPO values (5, 740);
 insert into TOPO values (2, 740);
 insert into SHOT values (1326, 1505, 1506, 740, 3.470, 30.02, 20.00, 3.539, 31.05, 20.51, 0.097, 78.15, 33.42);
insert into SHOT values (1327, 1506, 1507, 740, 0.200, 60.02, -55.00, 0.273, 68.20, -53.71, 0.076, 86.98, -47.92);
insert into SHOT values (1328, 1507, 1508, 740, 10.000, 60.02, -55.00, 10.063, 63.43, -54.87, 0.351, 142.54, -6.30);
insert into SHOT values (1329, 1508, 1509, 740, 15.000, 120.02, -89.90, 15.063, 120.65, -87.61, 0.604, 120.68, -4.75);
insert into SHOT values (1330, 1509, 1510, 740, 4.300, 150.02, -10.00, 4.412, 148.95, -10.18, 0.138, 112.86, -13.94);
insert into SURVEY values (742, 19, '436', '436.Sakany', 'Du sommet du Grand Puits au puits de la Deviation');
 insert into CENTRELINE values (743, 742, NULL, NULL, NULL, 0.00, 0.00, 0.00);
 insert into CENTRELINE values (744, 742, NULL, '2002-05-26', NULL, 15.31, 0.00, 0.00);
 insert into TOPO values (5, 744);
 insert into TOPO values (2, 744);
 insert into SHOT values (1331, 1511, 1512, 744, 2.690, 185.02, 0.00, 2.594, 185.75, 1.10, 0.114, 346.01, 25.95);
insert into SHOT values (1332, 1512, 1513, 744, 5.000, 185.02, -89.50, 4.880, 0.00, -89.77, 0.136, 3.44, 62.05);
insert into SHOT values (1333, 1513, 1514, 744, 4.200, 170.02, 0.00, 4.101, 170.17, 1.12, 0.128, 343.67, 38.54);
insert into SHOT values (1334, 1514, 1515, 744, 3.420, 106.02, 13.00, 3.404, 104.20, 14.11, 0.125, 358.42, 29.01);
insert into SURVEY values (746, 19, '437', '437.Sakany', 'Extreme amont du Grand Puits');
 insert into CENTRELINE values (747, 746, NULL, NULL, NULL, 0.00, 0.00, 0.00);
 insert into CENTRELINE values (748, 746, NULL, '2002-06-14', NULL, 51.35, 0.00, 0.00);
 insert into TOPO values (5, 748);
 insert into TOPO values (2, 748);
 insert into SHOT values (1335, 1516, 1517, 748, 0.050, 58.02, -45.00, 0.047, 56.31, -39.76, 0.006, 0.46, 76.61);
insert into SHOT values (1336, 1517, 1518, 748, 6.000, 58.02, -45.00, 6.003, 58.11, -45.07, 0.010, 169.95, -46.09);
insert into SHOT values (1337, 1518, 1519, 748, 2.500, 139.02, -20.00, 2.495, 138.97, -19.92, 0.006, 350.33, 54.61);
insert into SHOT values (1338, 1519, 1520, 748, 6.800, 100.02, -40.00, 6.800, 100.06, -39.99, 0.004, 174.35, 14.72);
insert into SHOT values (1339, 1520, 1521, 748, 5.700, 110.02, -63.00, 5.700, 109.91, -63.04, 0.006, 346.98, -11.73);
insert into SHOT values (1340, 1521, 1522, 748, 2.100, 15.02, -10.00, 2.091, 14.91, -9.92, 0.011, 218.78, 26.04);
insert into SHOT values (1341, 1522, 1523, 748, 3.100, 25.02, -30.00, 3.107, 25.04, -29.92, 0.009, 32.02, 0.00);
insert into SHOT values (1342, 1523, 1524, 748, 6.900, 120.02, -68.00, 6.904, 120.13, -67.97, 0.007, 163.86, -18.93);
insert into SHOT values (1343, 1524, 1525, 748, 3.800, 142.02, -65.00, 3.804, 141.84, -65.09, 0.009, 16.45, -44.64);
insert into SHOT values (1344, 1525, 1526, 748, 0.100, 132.02, -44.00, 0.099, 135.00, -44.71, 0.004, 241.76, -7.79);
insert into SHOT values (1345, 1526, 1527, 748, 8.500, 120.02, -35.00, 8.496, 119.99, -34.97, 0.007, 19.94, 55.08);
insert into SHOT values (1346, 1527, 1528, 748, 5.800, 82.02, -42.00, 5.800, 82.13, -41.99, 0.009, 169.86, 6.44);
insert into SURVEY values (750, 19, '438', '438.Sakany', 'Extreme amont du Grand Puits');
 insert into CENTRELINE values (751, 750, NULL, NULL, NULL, 0.00, 0.00, 0.00);
 insert into CENTRELINE values (752, 750, NULL, '2002-06-14', NULL, 8.60, 0.00, 0.00);
 insert into TOPO values (5, 752);
 insert into TOPO values (2, 752);
 insert into SHOT values (1347, 1529, 1530, 752, 1.000, 195.02, 3.00, 1.005, 195.00, 2.85, 0.006, 192.25, -22.58);
insert into SHOT values (1348, 1530, 1531, 752, 7.600, 195.02, 3.00, 7.601, 195.04, 3.02, 0.004, 275.14, 36.18);
insert into SURVEY values (754, 19, '439', '439.Sakany', 'Toboggan superieur du Grand Puits');
 insert into CENTRELINE values (755, 754, NULL, NULL, NULL, 0.00, 0.00, 0.00);
 insert into CENTRELINE values (756, 754, NULL, '2002-06-14', NULL, 26.90, 0.00, 0.00);
 insert into TOPO values (5, 756);
 insert into TOPO values (2, 756);
 insert into SHOT values (1349, 1532, 1533, 756, 13.500, 69.02, -50.00, 13.609, 73.45, -51.56, 0.766, 179.37, -24.55);
insert into SHOT values (1350, 1533, 1534, 756, 13.400, 108.02, -45.00, 13.539, 112.13, -45.89, 0.722, 204.38, -19.81);
insert into SURVEY values (758, 19, '440', '440.Sakany', 'Puits parrallele au P52');
 insert into CENTRELINE values (759, 758, NULL, NULL, NULL, 0.00, 0.00, 0.00);
 insert into CENTRELINE values (760, 758, NULL, '2002-06-14', NULL, 24.90, 0.00, 0.00);
 insert into TOPO values (5, 760);
 insert into TOPO values (2, 760);
 insert into SHOT values (1351, 1535, 1536, 760, 0.050, 205.02, 35.00, 0.051, 194.04, 36.04, 0.008, 111.51, 9.53);
insert into SHOT values (1352, 1536, 1537, 760, 4.950, 205.02, 35.00, 4.949, 205.11, 35.02, 0.007, 310.30, 6.85);
insert into SHOT values (1353, 1537, 1538, 760, 2.900, 285.02, -45.00, 2.899, 284.99, -45.00, 0.002, 159.21, 21.56);
insert into SHOT values (1354, 1538, 1539, 760, 5.400, 285.02, 89.50, 5.400, 284.04, 89.56, 0.006, 111.87, 1.98);
insert into SHOT values (1355, 1539, 1540, 760, 2.000, 260.02, 10.00, 2.000, 260.06, 10.08, 0.003, 352.05, 63.60);
insert into SHOT values (1356, 1540, 1541, 760, 6.000, 250.02, 70.00, 6.002, 250.06, 70.00, 0.003, 310.38, 45.36);
insert into SHOT values (1357, 1541, 1542, 760, 2.000, 290.02, 10.00, 1.997, 289.91, 9.80, 0.008, 172.16, -59.21);
insert into SHOT values (1358, 1542, 1543, 760, 1.600, 300.02, -15.00, 1.604, 300.20, -14.81, 0.008, 344.75, 30.31);
insert into SURVEY values (762, 19, '441', '441.Sakany', 'Galerie a gauche en N136 pres jonction Accident');
 insert into CENTRELINE values (763, 762, NULL, NULL, NULL, 0.00, 0.00, 0.00);
 insert into CENTRELINE values (764, 762, NULL, '2002-06-14', NULL, 24.80, 0.00, 0.00);
 insert into TOPO values (5, 764);
 insert into TOPO values (2, 764);
 insert into SHOT values (1359, 1544, 1545, 764, 0.700, 210.02, 10.00, 0.691, 209.95, 9.99, 0.009, 35.41, -10.42);
insert into SHOT values (1360, 1545, 1546, 764, 3.000, 210.02, 10.00, 3.002, 210.03, 9.97, 0.003, 224.34, -19.38);
insert into SHOT values (1361, 1546, 1547, 764, 2.500, 210.02, 10.00, 2.497, 210.00, 9.92, 0.005, 45.60, -58.99);
insert into SHOT values (1362, 1547, 1548, 764, 0.500, 210.02, 10.00, 0.505, 210.17, 10.26, 0.006, 224.94, 31.60);
insert into SHOT values (1363, 1548, 1549, 764, 5.700, 250.02, -25.00, 5.698, 249.95, -25.02, 0.007, 134.02, -8.73);
insert into SHOT values (1364, 1549, 1550, 764, 1.100, 250.02, -25.00, 1.100, 250.11, -24.71, 0.006, 281.79, 57.33);
insert into SHOT values (1365, 1550, 1551, 764, 8.200, 250.02, -90.00, 8.200, 90.00, -90.00, 0.000, 250.02, 7.07);
insert into SHOT values (1366, 1551, 1552, 764, 3.000, 250.02, 0.00, 2.999, 250.11, 0.00, 0.005, 353.72, 0.00);
insert into SHOT values (1367, 1552, 1553, 764, 0.100, 250.02, 0.00, 0.098, 246.04, 0.00, 0.007, 145.68, 0.00);
insert into SURVEY values (766, 19, '442', '442.Sakany', 'Vers Porche Superieur');
 insert into CENTRELINE values (767, 766, NULL, NULL, NULL, 0.00, 0.00, 0.00);
 insert into CENTRELINE values (768, 766, NULL, '2002-06-15', NULL, 32.75, 0.00, 0.00);
 insert into TOPO values (5, 768);
 insert into TOPO values (2, 768);
 insert into SHOT values (1368, 1554, 1555, 768, 0.300, 90.02, 69.00, 0.301, 90.00, 68.55, 0.002, 89.11, -1.71);
insert into SHOT values (1369, 1555, 1556, 768, 6.000, 90.02, 69.00, 5.999, 90.00, 69.00, 0.002, 345.04, -61.53);
insert into SHOT values (1370, 1556, 1557, 768, 2.900, 150.02, 50.00, 2.896, 149.99, 50.05, 0.005, 342.69, -17.32);
insert into SHOT values (1371, 1557, 1558, 768, 2.000, 210.02, 25.00, 1.999, 209.82, 25.16, 0.008, 94.63, 34.63);
insert into SHOT values (1372, 1558, 1559, 768, 2.550, 117.02, 4.00, 2.547, 117.17, 4.05, 0.008, 234.72, 15.81);
insert into SHOT values (1373, 1559, 1560, 768, 7.900, 180.02, 22.00, 7.896, 180.00, 22.02, 0.005, 29.11, 6.38);
insert into SHOT values (1374, 1560, 1561, 768, 2.200, 125.02, 1.00, 2.198, 124.99, 1.04, 0.003, 328.89, 30.56);
insert into SHOT values (1375, 1561, 1562, 768, 4.900, 100.02, -20.00, 4.907, 99.99, -20.02, 0.007, 78.21, -34.93);
insert into SHOT values (1376, 1562, 1563, 768, 3.000, 130.02, -25.00, 3.000, 130.08, -25.04, 0.003, 234.51, -38.64);
insert into SHOT values (1377, 1563, 1564, 768, 1.000, 130.02, -25.00, 1.000, 130.53, -24.83, 0.009, 209.48, 17.60);
insert into SURVEY values (770, 19, '443', '443.Sakany', 'Vers Porche Superieur');
 insert into CENTRELINE values (771, 770, NULL, NULL, NULL, 0.00, 0.00, 0.00);
 insert into CENTRELINE values (772, 770, NULL, '2002-06-15', NULL, 10.00, 0.00, 0.00);
 insert into TOPO values (5, 772);
 insert into TOPO values (2, 772);
 insert into SHOT values (1378, 1565, 1566, 772, 4.000, 225.02, 45.00, 3.994, 225.00, 44.91, 0.008, 135.01, -83.09);
insert into SHOT values (1379, 1566, 1567, 772, 6.000, 185.02, 50.00, 6.002, 185.06, 50.04, 0.005, 307.90, 49.95);
insert into SURVEY values (774, 19, '444', '444.Sakany', 'Puits de 52 m');
 insert into CENTRELINE values (775, 774, NULL, NULL, NULL, 0.00, 0.00, 0.00);
 insert into CENTRELINE values (776, 774, NULL, '2002-06-21', NULL, 59.30, 0.00, 0.00);
 insert into TOPO values (5, 776);
 insert into TOPO values (2, 776);
 insert into SHOT values (1380, 1568, 1569, 776, 0.200, 86.02, -60.00, 0.233, 94.76, -58.95, 0.038, 129.92, -45.43);
insert into SHOT values (1381, 1569, 1570, 776, 12.100, 86.02, -60.00, 12.136, 89.44, -59.44, 0.385, 159.49, 4.30);
insert into SHOT values (1382, 1570, 1571, 776, 18.100, 120.02, -70.00, 18.147, 122.53, -68.29, 0.612, 149.66, 14.03);
insert into SHOT values (1383, 1571, 1572, 776, 4.000, 80.02, -30.00, 4.010, 82.55, -30.09, 0.153, 169.33, -3.74);
insert into SHOT values (1384, 1572, 1573, 776, 5.300, 150.02, -42.00, 5.390, 150.71, -41.33, 0.120, 174.21, -6.53);
insert into SHOT values (1385, 1573, 1574, 776, 2.500, 170.02, -30.00, 2.592, 170.04, -29.59, 0.094, 170.37, -18.64);
insert into SHOT values (1386, 1574, 1575, 776, 16.000, 75.02, -70.00, 16.019, 78.59, -70.08, 0.341, 169.23, -4.19);
insert into SHOT values (1387, 1575, 1576, 776, 1.100, 75.02, -70.00, 1.106, 79.29, -70.10, 0.029, 166.46, -12.75);
insert into SURVEY values (778, 19, '450', '450.Sakany', 'Topo de surface du pied de la falaise');
 insert into CENTRELINE values (779, 778, NULL, NULL, NULL, 0.00, 0.00, 0.00);
 insert into CENTRELINE values (780, 778, NULL, '2002-06-22', NULL, 0.00, 95.05, 0.00);
 insert into TOPO values (5, 780);
 insert into TOPO values (2, 780);
 insert into SHOT values (1388, 1577, 1578, 780, 10.800, 115.02, -44.00, 10.873, 119.76, -44.35, 0.650, 206.78, -8.64);
insert into SHOT_FLAG values(1388, 'srf');
insert into SHOT values (1389, 1578, 1579, 780, 5.350, 191.02, -20.00, 5.473, 191.11, -20.20, 0.125, 195.27, -28.85);
insert into SHOT_FLAG values(1389, 'srf');
insert into SHOT values (1390, 1579, 1580, 780, 15.400, 235.02, -23.00, 15.563, 229.43, -23.40, 1.402, 146.67, -6.66);
insert into SHOT_FLAG values(1390, 'srf');
insert into SHOT values (1391, 1580, 1581, 780, 12.600, 145.02, -41.00, 12.688, 148.68, -40.44, 0.630, 223.26, 3.31);
insert into SHOT_FLAG values(1391, 'srf');
insert into SHOT values (1392, 1581, 1582, 780, 12.100, 292.02, 11.00, 12.144, 285.60, 10.53, 1.339, 201.46, -3.80);
insert into SHOT_FLAG values(1392, 'srf');
insert into SHOT values (1393, 1582, 1583, 780, 7.750, 282.02, 0.00, 7.769, 277.62, -0.37, 0.599, 191.60, -4.79);
insert into SHOT_FLAG values(1393, 'srf');
insert into SHOT values (1394, 1583, 1584, 780, 7.980, 278.02, -5.00, 8.009, 273.45, -5.30, 0.637, 187.97, -4.00);
insert into SHOT_FLAG values(1394, 'srf');
insert into SHOT values (1395, 1584, 1585, 780, 7.670, 261.02, -1.00, 7.741, 256.70, -1.70, 0.593, 175.60, -9.33);
insert into SHOT_FLAG values(1395, 'srf');
insert into SHOT values (1396, 1585, 1586, 780, 9.400, 260.02, 2.00, 9.482, 254.83, 1.15, 0.869, 173.16, -9.14);
insert into SHOT_FLAG values(1396, 'srf');
insert into SHOT values (1397, 1586, 1587, 780, 6.000, 258.02, -2.00, 6.055, 254.56, -2.65, 0.374, 174.41, -10.88);
insert into SHOT_FLAG values(1397, 'srf');
insert into SURVEY values (782, 19, '451', '451.Sakany', 'Topo de surface vers Sakany VII Sup');
 insert into CENTRELINE values (783, 782, NULL, NULL, NULL, 0.00, 0.00, 0.00);
 insert into CENTRELINE values (784, 782, NULL, '2002-06-22', NULL, 0.00, 10.25, 0.00);
 insert into TOPO values (5, 784);
 insert into TOPO values (2, 784);
 insert into SHOT values (1398, 1588, 1589, 784, 8.850, 338.02, 28.00, 8.833, 337.53, 27.66, 0.087, 256.10, -39.02);
insert into SHOT_FLAG values(1398, 'srf');
insert into SHOT values (1399, 1589, 1590, 784, 1.400, 320.02, -16.00, 1.413, 319.49, -16.45, 0.021, 265.32, -42.46);
insert into SHOT_FLAG values(1399, 'srf');
insert into SURVEY values (786, 19, '452', '452.Sakany', 'Topo de surface vers grotte Sakany VI');
 insert into CENTRELINE values (787, 786, NULL, NULL, NULL, 0.00, 0.00, 0.00);
 insert into CENTRELINE values (788, 786, NULL, '2002-06-22', NULL, 0.00, 17.37, 0.00);
 insert into TOPO values (5, 788);
 insert into TOPO values (2, 788);
 insert into SHOT values (1400, 1591, 1592, 788, 7.470, 135.02, -22.00, 7.474, 135.00, -22.00, 0.005, 97.59, -20.52);
insert into SHOT_FLAG values(1400, 'srf');
insert into SHOT values (1401, 1592, 1593, 788, 5.900, 128.02, -16.00, 5.901, 127.98, -16.04, 0.006, 32.74, -42.29);
insert into SHOT_FLAG values(1401, 'srf');
insert into SHOT values (1402, 1593, 1594, 788, 4.000, 108.02, -5.00, 4.000, 107.98, -5.02, 0.003, 14.45, -24.97);
insert into SHOT_FLAG values(1402, 'srf');
insert into SURVEY values (790, 19, '453', '453.Sakany', 'Grotte de Sakany VI');
 insert into CENTRELINE values (791, 790, NULL, NULL, NULL, 0.00, 0.00, 0.00);
 insert into CENTRELINE values (792, 790, NULL, '2002-06-22', NULL, 10.20, 0.00, 0.00);
 insert into TOPO values (5, 792);
 insert into TOPO values (2, 792);
 insert into SHOT values (1403, 1595, 1596, 792, 0.200, 47.02, 10.00, 0.195, 47.12, 11.83, 0.008, 223.85, 41.67);
insert into SHOT values (1404, 1596, 1597, 792, 3.000, 47.02, 10.00, 3.003, 46.92, 9.97, 0.006, 345.60, -8.75);
insert into SHOT values (1405, 1597, 1598, 792, 2.400, 47.02, 10.00, 2.399, 47.06, 9.84, 0.007, 147.95, -77.73);
insert into SHOT values (1406, 1598, 1599, 792, 2.600, 110.02, 5.00, 2.598, 110.12, 5.08, 0.006, 228.28, 35.50);
insert into SHOT values (1407, 1599, 1600, 792, 2.000, 5.02, -5.00, 1.995, 5.19, -4.89, 0.008, 130.41, 30.53);
insert into SURVEY values (794, 19, '500', '500.Sakany', 'De l''entree Faille au bas du Reseau Gitanes');
 insert into CENTRELINE values (795, 794, NULL, NULL, NULL, 0.00, 0.00, 0.00);
 insert into CENTRELINE values (796, 794, NULL, '2002-06-22', NULL, 55.67, 0.00, 0.00);
 insert into TOPO values (5, 796);
 insert into TOPO values (2, 796);
 insert into SHOT values (1408, 1601, 1602, 796, 0.100, 350.02, 35.00, 0.024, 206.57, -24.09, 0.121, 177.62, -33.76);
insert into SHOT values (1409, 1602, 1603, 796, 2.700, 350.02, 35.00, 2.590, 349.11, 35.12, 0.116, 189.70, -30.47);
insert into SHOT values (1410, 1603, 1604, 796, 2.450, 350.02, -25.00, 2.377, 349.22, -25.94, 0.088, 189.98, -2.98);
insert into SHOT values (1411, 1604, 1605, 796, 3.100, 15.02, -18.00, 3.012, 15.06, -18.99, 0.103, 193.94, -12.38);
insert into SHOT values (1412, 1605, 1606, 796, 3.050, 332.02, -30.00, 3.008, 330.56, -30.80, 0.090, 200.47, -9.65);
insert into SHOT values (1413, 1606, 1607, 796, 3.050, 3.02, -35.00, 2.994, 2.60, -36.00, 0.079, 196.18, -7.73);
insert into SHOT values (1414, 1607, 1608, 796, 6.400, 330.02, -42.00, 6.378, 327.88, -43.00, 0.210, 211.37, -18.76);
insert into SHOT values (1415, 1608, 1609, 796, 6.500, 338.02, -45.00, 6.486, 336.23, -46.18, 0.196, 210.58, -25.36);
insert into SHOT values (1416, 1609, 1610, 796, 0.100, 270.02, -55.00, 0.100, 270.00, -53.13, 0.003, 269.51, 35.93);
insert into SHOT values (1417, 1610, 1611, 796, 7.800, 270.02, -55.00, 7.804, 270.00, -54.97, 0.006, 253.82, -5.52);
insert into SHOT values (1418, 1611, 1612, 796, 3.520, 312.02, -17.00, 3.524, 312.11, -16.99, 0.007, 5.87, -7.33);
insert into SHOT values (1419, 1612, 1613, 796, 4.700, 235.02, -25.00, 4.701, 234.93, -24.91, 0.010, 178.14, 37.72);
insert into SHOT values (1420, 1613, 1614, 796, 0.100, 348.02, -34.00, 0.109, 353.66, -33.53, 0.012, 38.99, -19.61);
insert into SHOT values (1421, 1614, 1615, 796, 7.600, 348.02, -34.00, 7.598, 347.99, -34.01, 0.004, 214.89, -1.79);
insert into SHOT values (1422, 1615, 1616, 796, 4.500, 258.02, -29.00, 4.500, 257.98, -28.98, 0.004, 178.12, 26.97);
insert into SURVEY values (798, 19, '501', '501.Sakany', 'Reseaux du porche d''entree Faille');
 insert into CENTRELINE values (799, 798, NULL, NULL, NULL, 0.00, 0.00, 0.00);
 insert into CENTRELINE values (800, 798, NULL, '2002-06-22', NULL, 7.25, 0.00, 0.00);
 insert into TOPO values (5, 800);
 insert into TOPO values (2, 800);
 insert into SHOT values (1423, 1617, 1618, 800, 0.100, 290.02, -5.00, 0.108, 291.80, -5.30, 0.009, 312.62, -8.40);
insert into SHOT values (1424, 1618, 1619, 800, 2.600, 290.02, -5.00, 2.594, 289.91, -4.87, 0.010, 152.52, 40.62);
insert into SHOT values (1425, 1619, 1620, 800, 2.050, 270.02, -21.00, 2.058, 270.00, -21.08, 0.008, 262.99, -40.74);
insert into SHOT values (1426, 1620, 1621, 800, 2.500, 295.02, -30.00, 2.500, 295.14, -30.00, 0.005, 23.65, 0.00);
insert into SURVEY values (802, 19, '502', '502.Sakany', 'Reseaux du porche d''entree Faille');
 insert into CENTRELINE values (803, 802, NULL, NULL, NULL, 0.00, 0.00, 0.00);
 insert into CENTRELINE values (804, 802, NULL, '2002-06-22', NULL, 24.40, 0.00, 0.00);
 insert into TOPO values (5, 804);
 insert into TOPO values (2, 804);
 insert into SHOT values (1427, 1622, 1623, 804, 2.100, 60.02, 30.00, 2.104, 60.06, 29.94, 0.005, 74.39, -0.00);
insert into SHOT values (1428, 1623, 1624, 804, 4.500, 15.02, 52.00, 4.506, 15.04, 51.99, 0.006, 24.17, 40.58);
insert into SHOT values (1429, 1624, 1625, 804, 4.700, 21.02, 22.00, 4.701, 20.97, 21.99, 0.004, 304.87, -9.21);
insert into SHOT values (1430, 1625, 1626, 804, 5.100, 135.02, 5.00, 5.103, 135.08, 4.95, 0.008, 190.29, -36.13);
insert into SHOT values (1431, 1626, 1627, 804, 8.000, 200.02, -70.00, 7.992, 199.89, -70.00, 0.010, 83.50, 47.61);
insert into SURVEY values (806, 19, '503', '503.Sakany', 'Reseaux Porche d''entree Faille');
 insert into CENTRELINE values (807, 806, NULL, NULL, NULL, 0.00, 0.00, 0.00);
 insert into CENTRELINE values (808, 806, NULL, '2002-06-22', NULL, 18.30, 0.00, 0.00);
 insert into TOPO values (5, 808);
 insert into TOPO values (2, 808);
 insert into SHOT values (1432, 1628, 1629, 808, 4.300, 242.02, 30.00, 4.302, 241.99, 29.98, 0.003, 203.07, -0.00);
insert into SHOT values (1433, 1629, 1630, 808, 1.970, 247.02, 18.00, 1.974, 247.12, 18.00, 0.005, 285.27, 13.24);
insert into SHOT values (1434, 1630, 1631, 808, 0.300, 345.02, -45.00, 0.294, 345.96, -45.53, 0.007, 135.60, 17.19);
insert into SHOT values (1435, 1631, 1632, 808, 8.000, 345.02, -45.00, 8.006, 345.06, -44.99, 0.006, 20.03, -29.06);
insert into SHOT values (1436, 1632, 1633, 808, 3.730, 6.02, 6.00, 3.731, 6.03, 6.00, 0.001, 40.81, 5.18);
insert into SURVEY values (810, 19, '504', '504.Sakany', 'Reseau porche Entree Faille Nd:300');
 insert into CENTRELINE values (811, 810, NULL, NULL, NULL, 0.00, 0.00, 0.00);
 insert into CENTRELINE values (812, 810, NULL, '2002-06-22', NULL, 2.10, 0.00, 0.00);
 insert into TOPO values (5, 812);
 insert into TOPO values (2, 812);
 insert into SHOT values (1437, 1634, 1635, 812, 0.100, 330.02, 6.00, 0.103, 330.95, 5.55, 0.004, 355.43, -6.68);
insert into SHOT values (1438, 1635, 1636, 812, 2.000, 330.02, 6.00, 2.001, 329.83, 6.03, 0.007, 244.37, 7.86);
insert into SURVEY values (814, 19, '505', '505.Sakany', 'Topo de surface pied de falaise');
 insert into CENTRELINE values (815, 814, NULL, NULL, NULL, 0.00, 0.00, 0.00);
 insert into CENTRELINE values (816, 814, NULL, '2002-06-22', NULL, 0.00, 73.00, 0.00);
 insert into TOPO values (5, 816);
 insert into TOPO values (2, 816);
 insert into SHOT values (1439, 1637, 1638, 816, 6.300, 254.02, -12.00, 6.306, 254.00, -11.99, 0.007, 236.55, -1.31);
insert into SHOT_FLAG values(1439, 'srf');
insert into SHOT values (1440, 1638, 1639, 816, 7.100, 217.02, 22.00, 7.094, 217.03, 22.02, 0.007, 33.21, 2.40);
insert into SHOT_FLAG values(1440, 'srf');
insert into SHOT values (1441, 1639, 1640, 816, 15.580, 240.02, 18.00, 15.586, 240.01, 17.98, 0.009, 216.92, -29.45);
insert into SHOT_FLAG values(1441, 'srf');
insert into SHOT values (1442, 1640, 1641, 816, 5.000, 265.02, 3.00, 4.995, 265.06, 2.98, 0.006, 53.36, -17.33);
insert into SHOT_FLAG values(1442, 'srf');
insert into SHOT values (1443, 1641, 1642, 816, 3.340, 315.02, 43.00, 3.344, 315.00, 42.98, 0.005, 300.97, 28.06);
insert into SHOT_FLAG values(1443, 'srf');
insert into SHOT values (1444, 1642, 1643, 816, 3.340, 135.02, -43.00, 3.344, 135.00, -42.98, 0.005, 120.97, -28.06);
insert into SHOT_FLAG values(1444, 'srf');
insert into SHOT values (1445, 1643, 1644, 816, 10.040, 251.02, 3.00, 10.039, 251.02, 3.03, 0.005, 69.86, 73.21);
insert into SHOT_FLAG values(1445, 'srf');
insert into SHOT values (1446, 1644, 1645, 816, 8.000, 226.02, -15.00, 7.996, 226.05, -15.00, 0.006, 7.54, 5.48);
insert into SHOT_FLAG values(1446, 'srf');
insert into SHOT values (1447, 1645, 1646, 816, 7.600, 250.02, 8.00, 7.600, 249.95, 8.02, 0.010, 160.01, 13.80);
insert into SHOT_FLAG values(1447, 'srf');
insert into SHOT values (1448, 1646, 1647, 816, 6.700, 325.02, 35.00, 6.702, 325.01, 34.96, 0.006, 308.10, -31.46);
insert into SHOT_FLAG values(1448, 'srf');
insert into SURVEY values (818, 19, '506', '506.Sakany', 'Petite grotte a l''Ouest de l''entree Faille');
 insert into CENTRELINE values (819, 818, NULL, NULL, NULL, 0.00, 0.00, 0.00);
 insert into CENTRELINE values (820, 818, NULL, '2002-06-22', NULL, 13.95, 0.00, 0.00);
 insert into TOPO values (5, 820);
 insert into TOPO values (2, 820);
 insert into SHOT values (1449, 1648, 1649, 820, 0.100, 26.02, 4.00, 0.103, 29.05, 5.55, 0.007, 86.72, 25.84);
insert into SHOT values (1450, 1649, 1650, 820, 1.800, 26.02, 4.00, 1.806, 26.00, 3.81, 0.009, 19.03, -39.30);
insert into SHOT values (1451, 1650, 1651, 820, 4.750, 345.02, -25.00, 4.754, 344.93, -25.01, 0.008, 279.80, -18.75);
insert into SHOT values (1452, 1651, 1652, 820, 0.050, 345.02, -25.00, 0.046, 345.96, -25.88, 0.004, 155.62, 15.26);
insert into SHOT values (1453, 1652, 1653, 820, 0.050, 160.02, 35.00, 0.054, 153.43, 33.85, 0.006, 104.08, 12.04);
insert into SHOT values (1454, 1653, 1654, 820, 7.200, 160.02, 35.00, 7.196, 160.06, 35.02, 0.006, 300.99, 2.45);
insert into SURVEY values (822, 19, '507', '507.Sakany', 'Cheminee a la base du puits des Coinceurs');
 insert into CENTRELINE values (823, 822, NULL, NULL, NULL, 0.00, 0.00, 0.00);
 insert into CENTRELINE values (824, 822, NULL, '2002-06-23', NULL, 13.45, 0.00, 0.00);
 insert into TOPO values (5, 824);
 insert into TOPO values (2, 824);
 insert into SHOT values (1455, 1655, 1656, 824, 0.050, 170.02, -35.00, 0.058, 180.00, -30.96, 0.012, 216.30, -6.29);
insert into SHOT values (1456, 1656, 1657, 824, 3.500, 170.02, -35.00, 3.499, 169.95, -35.06, 0.006, 41.72, -26.76);
insert into SHOT values (1457, 1657, 1658, 824, 5.000, 180.02, 80.00, 5.006, 180.00, 79.99, 0.006, 168.81, 73.26);
insert into SHOT values (1458, 1658, 1659, 824, 0.900, 180.02, 80.00, 0.893, 180.00, 80.33, 0.009, 0.57, -45.20);
insert into SHOT values (1459, 1659, 1660, 824, 2.000, 140.02, 40.00, 2.004, 140.29, 40.06, 0.009, 216.06, 30.98);
insert into SHOT values (1460, 1660, 1661, 824, 2.000, 140.02, 40.00, 2.003, 139.76, 40.09, 0.008, 54.48, 32.45);
insert into SURVEY values (826, 19, '508', '508.Sakany', 'Suite en venant des puits jumeaux [Nd:308]');
 insert into CENTRELINE values (827, 826, NULL, NULL, NULL, 0.00, 0.00, 0.00);
 insert into CENTRELINE values (828, 826, NULL, '2002-06-23', NULL, 81.75, 0.00, 0.00);
 insert into TOPO values (5, 828);
 insert into TOPO values (2, 828);
 insert into SHOT values (1461, 1662, 1663, 828, 1.900, 210.02, 30.00, 1.834, 210.65, 31.19, 0.078, 17.33, -0.00);
insert into SHOT values (1462, 1663, 1664, 828, 2.900, 140.02, 30.00, 2.870, 138.29, 30.81, 0.091, 17.36, 12.72);
insert into SHOT values (1463, 1664, 1665, 828, 9.500, 185.02, 50.00, 9.481, 184.39, 51.69, 0.289, 20.78, 34.27);
insert into SHOT values (1464, 1665, 1666, 828, 5.000, 151.02, 30.00, 4.962, 149.04, 30.92, 0.173, 33.75, 16.76);
insert into SHOT values (1465, 1666, 1667, 828, 0.100, 75.02, 20.00, 0.168, 63.43, 20.97, 0.072, 47.12, 21.01);
insert into SHOT values (1466, 1667, 1668, 828, 3.000, 75.02, 20.00, 3.077, 73.07, 20.35, 0.125, 18.22, 20.53);
insert into SHOT values (1467, 1668, 1669, 828, 0.050, 270.02, -37.00, 0.068, 71.57, 62.21, 0.114, 81.87, 51.90);
insert into SHOT values (1468, 1669, 1670, 828, 2.300, 270.02, -37.00, 2.199, 271.29, -35.92, 0.117, 55.37, 53.73);
insert into SHOT values (1469, 1670, 1671, 828, 12.200, 195.02, 50.00, 12.285, 194.78, 52.45, 0.531, 20.17, 47.93);
insert into SHOT values (1470, 1671, 1672, 828, 0.050, 195.02, 50.00, 0.121, 191.31, 65.13, 0.074, 185.03, 75.13);
insert into SHOT values (1471, 1672, 1673, 828, 5.850, 212.02, 2.00, 5.748, 213.27, 2.69, 0.177, 342.36, 21.81);
insert into SHOT values (1472, 1673, 1674, 828, 2.860, 202.02, -8.00, 2.737, 202.31, -7.56, 0.126, 15.48, 17.61);
insert into SHOT values (1473, 1674, 1675, 828, 2.860, 202.02, -8.00, 2.737, 202.31, -7.56, 0.126, 15.48, 17.61);
insert into SHOT values (1474, 1675, 1676, 828, 3.380, 225.02, -25.00, 3.276, 226.36, -24.92, 0.126, 8.37, 22.59);
insert into SHOT values (1475, 1676, 1677, 828, 7.560, 200.02, -45.00, 7.437, 200.41, -45.45, 0.141, 4.47, 18.97);
insert into SHOT values (1476, 1677, 1678, 828, 5.450, 275.02, -15.00, 5.427, 278.42, -14.40, 0.318, 8.12, 10.98);
insert into SHOT values (1477, 1678, 1679, 828, 9.250, 208.02, -2.00, 9.141, 209.43, -1.25, 0.277, 323.80, 26.30);
insert into SHOT values (1478, 1679, 1680, 828, 2.720, 185.02, 25.00, 2.646, 184.82, 26.00, 0.088, 10.47, 6.86);
insert into SHOT values (1479, 1680, 1681, 828, 0.020, 182.02, -40.00, 0.100, 7.13, 36.66, 0.120, 6.31, 37.23);
insert into SHOT values (1480, 1681, 1682, 828, 4.800, 182.02, -40.00, 4.677, 181.44, -40.22, 0.130, 20.81, 30.27);
insert into SURVEY values (830, 19, '509', '509.Sakany', 'Boucle laterale en 508.10 [Nd:315]');
 insert into CENTRELINE values (831, 830, NULL, NULL, NULL, 0.00, 0.00, 0.00);
 insert into CENTRELINE values (832, 830, NULL, '2002-06-23', NULL, 25.18, 0.00, 0.00);
 insert into TOPO values (5, 832);
 insert into TOPO values (2, 832);
 insert into SHOT values (1481, 1683, 1684, 832, 0.020, 175.02, -45.00, 0.032, 180.00, 71.57, 0.044, 343.30, 84.48);
insert into SHOT values (1482, 1684, 1685, 832, 4.000, 175.02, -45.00, 3.974, 175.17, -44.18, 0.063, 193.61, 68.61);
insert into SHOT values (1483, 1685, 1686, 832, 4.100, 150.02, 15.00, 4.156, 150.68, 15.63, 0.086, 197.51, 43.33);
insert into SHOT values (1484, 1686, 1687, 832, 11.430, 16.02, -36.00, 11.341, 16.44, -35.28, 0.182, 96.60, 67.99);
insert into SHOT values (1485, 1687, 1688, 832, 3.100, 11.02, 0.00, 3.048, 11.16, 0.75, 0.066, 182.96, 37.11);
insert into SHOT values (1486, 1688, 1689, 832, 2.530, 315.02, -12.00, 2.488, 314.50, -11.36, 0.055, 167.25, 40.88);
insert into SURVEY values (834, 19, '510', '510.Sakany', 'BALCON SUR PUITS JUMEAU');
 insert into CENTRELINE values (835, 834, NULL, NULL, NULL, 0.00, 0.00, 0.00);
 insert into CENTRELINE values (836, 834, NULL, '2002-06-23', NULL, 13.18, 0.00, 0.00);
 insert into TOPO values (5, 836);
 insert into TOPO values (2, 836);
 insert into SHOT values (1487, 1690, 1691, 836, 2.900, 358.02, -9.00, 2.897, 358.00, -8.94, 0.005, 204.57, 52.10);
insert into SHOT values (1488, 1691, 1692, 836, 2.980, 37.02, 23.00, 2.977, 37.00, 22.93, 0.005, 267.37, -68.54);
insert into SHOT values (1489, 1692, 1693, 836, 2.900, 300.02, -24.00, 2.895, 299.96, -24.06, 0.007, 145.55, -3.93);
insert into SHOT values (1490, 1693, 1694, 836, 4.400, 4.02, 15.00, 4.401, 4.05, 15.01, 0.002, 77.72, 32.55);
insert into SURVEY values (838, 19, '511', '511.Sakany', 'Sakany Faille: Puits en faille a gauche de N314');
 insert into CENTRELINE values (839, 838, NULL, NULL, NULL, 0.00, 0.00, 0.00);
 insert into CENTRELINE values (840, 838, NULL, '2002-06-28', NULL, 23.32, 0.00, 0.00);
 insert into TOPO values (5, 840);
 insert into TOPO values (2, 840);
 insert into SHOT values (1491, 1695, 1696, 840, 0.100, 30.02, -10.00, 0.095, 32.01, -6.05, 0.009, 172.18, 54.18);
insert into SHOT values (1492, 1696, 1697, 840, 2.700, 32.02, -10.00, 2.705, 31.96, -10.01, 0.006, 359.95, -11.49);
insert into SHOT values (1493, 1697, 1698, 840, 5.800, 10.02, 22.00, 5.795, 10.08, 21.99, 0.007, 144.83, -21.75);
insert into SHOT values (1494, 1698, 1699, 840, 7.650, 120.02, 65.00, 7.648, 120.05, 64.98, 0.004, 160.73, -53.25);
insert into SHOT values (1495, 1699, 1700, 840, 1.870, 160.02, 35.00, 1.874, 160.14, 35.20, 0.008, 264.07, 65.89);
insert into SHOT values (1496, 1700, 1701, 840, 2.400, 199.02, 10.00, 2.395, 199.05, 9.86, 0.008, 5.70, -56.54);
insert into SHOT values (1497, 1701, 1702, 840, 2.800, 166.02, -60.00, 2.797, 165.96, -59.92, 0.005, 127.38, 64.01);
insert into SURVEY values (842, 19, '512', '512.Sakany', 'Sakany Faille: Remontee en N314');
 insert into CENTRELINE values (843, 842, NULL, NULL, NULL, 0.00, 0.00, 0.00);
 insert into CENTRELINE values (844, 842, NULL, '2002-06-28', NULL, 11.20, 0.00, 0.00);
 insert into TOPO values (5, 844);
 insert into TOPO values (2, 844);
 insert into SHOT values (1498, 1703, 1704, 844, 3.500, 166.02, 3.00, 3.497, 166.08, 2.95, 0.005, 292.88, -35.36);
insert into SHOT values (1499, 1704, 1705, 844, 7.700, 167.02, 48.00, 7.698, 166.99, 47.99, 0.004, 76.57, -34.63);
insert into SURVEY values (846, 19, '513', '513.Sakany', 'Sakany Faille: Cheminee et tremie en Nd317');
 insert into CENTRELINE values (847, 846, NULL, NULL, NULL, 0.00, 0.00, 0.00);
 insert into CENTRELINE values (848, 846, NULL, '2002-06-28', NULL, 9.10, 0.00, 0.00);
 insert into TOPO values (5, 848);
 insert into TOPO values (2, 848);
 insert into SHOT values (1500, 1706, 1707, 848, 0.100, 181.02, 50.00, 0.100, 180.00, 53.13, 0.006, 15.07, 37.53);
insert into SHOT values (1501, 1707, 1708, 848, 9.000, 181.02, 50.00, 9.000, 180.99, 49.95, 0.008, 149.60, -33.03);
insert into SURVEY values (850, 19, '514', '514.Sakany', 'Sakany Faille: tremie au-dessus de la MC du Puits des C');
 insert into CENTRELINE values (851, 850, NULL, NULL, NULL, 0.00, 0.00, 0.00);
 insert into CENTRELINE values (852, 850, NULL, '2002-06-28', NULL, 6.00, 0.00, 0.00);
 insert into TOPO values (5, 852);
 insert into TOPO values (2, 852);
 insert into SHOT values (1502, 1709, 1710, 852, 6.000, 240.02, 35.00, 6.003, 240.00, 34.96, 0.005, 210.02, -16.17);
insert into SURVEY values (854, 19, '515', '515.Sakany', 'Axe ppal du reseau Gitanes');
 insert into CENTRELINE values (855, 854, NULL, NULL, NULL, 0.00, 0.00, 0.00);
 insert into CENTRELINE values (856, 854, NULL, '2005-02-19', NULL, 44.96, 0.00, 0.00);
 insert into TOPO values (5, 856);
 insert into TOPO values (2, 856);
 insert into SHOT values (1503, 1711, 1712, 856, 0.100, 300.30, -48.00, 0.099, 300.96, -53.91, 0.010, 115.79, -33.36);
insert into SHOT values (1504, 1712, 1713, 856, 5.000, 300.30, -48.00, 4.997, 300.32, -47.94, 0.006, 329.69, 66.08);
insert into SHOT values (1505, 1713, 1714, 856, 4.700, 345.30, -75.00, 4.701, 345.28, -74.96, 0.004, 339.75, -2.36);
insert into SHOT values (1506, 1714, 1715, 856, 2.000, 140.30, 2.00, 1.997, 140.49, 2.01, 0.007, 252.10, 1.60);
insert into SHOT values (1507, 1715, 1716, 856, 1.480, 20.30, 0.00, 1.484, 20.51, 0.00, 0.007, 74.02, 0.00);
insert into SHOT values (1508, 1716, 1717, 856, 0.020, 20.30, 0.00, 0.020, 0.00, 0.00, 0.007, 280.15, 0.00);
insert into SHOT values (1509, 1717, 1718, 856, 7.200, 10.30, -55.00, 7.200, 10.33, -55.03, 0.004, 150.63, -29.51);
insert into SHOT values (1510, 1718, 1719, 856, 0.050, 10.30, -55.00, 0.051, 18.43, -51.67, 0.005, 69.91, 10.45);
insert into SHOT values (1511, 1719, 1720, 856, 0.010, 148.30, 38.00, 0.010, 180.00, 0.00, 0.008, 231.49, -49.32);
insert into SHOT values (1512, 1720, 1721, 856, 5.890, 148.30, 38.00, 5.893, 148.30, 38.02, 0.004, 144.43, 68.55);
insert into SHOT values (1513, 1721, 1722, 856, 0.080, 220.30, -60.00, 0.079, 213.69, -62.75, 0.006, 85.05, -6.95);
insert into SHOT values (1514, 1722, 1723, 856, 4.700, 220.30, -60.00, 4.699, 220.34, -60.02, 0.002, 356.43, 7.70);
insert into SHOT values (1515, 1723, 1724, 856, 0.020, 220.30, -60.00, 0.024, 225.00, -54.74, 0.005, 236.11, -32.20);
insert into SHOT values (1516, 1724, 1725, 856, 0.010, 240.30, -89.99, 0.010, 90.00, -90.00, 0.000, 60.30, -0.01);
insert into SHOT values (1517, 1725, 1726, 856, 11.700, 240.30, -89.99, 11.700, 90.00, -90.00, 0.002, 60.30, -0.00);
insert into SHOT values (1518, 1726, 1727, 856, 2.000, 240.30, 45.00, 2.005, 240.36, 45.10, 0.006, 295.12, 72.92);
insert into SURVEY values (858, 19, '516', '516.Sakany', 'Reseau Gitanes: Autour de B12: Descente ds le pendage');
 insert into CENTRELINE values (859, 858, NULL, NULL, NULL, 0.00, 0.00, 0.00);
 insert into CENTRELINE values (860, 858, NULL, '2005-02-19', NULL, 13.55, 0.00, 0.00);
 insert into TOPO values (5, 860);
 insert into TOPO values (2, 860);
 insert into SHOT values (1519, 1728, 1729, 860, 0.030, 30.30, -10.00, 0.024, 26.57, -24.09, 0.009, 221.68, -33.00);
insert into SHOT values (1520, 1729, 1730, 860, 1.600, 30.30, -10.00, 1.611, 30.28, -10.01, 0.011, 28.20, -11.34);
insert into SHOT values (1521, 1730, 1731, 860, 6.600, 310.30, -50.00, 6.596, 310.22, -49.96, 0.008, 228.88, 45.92);
insert into SHOT values (1522, 1731, 1732, 860, 0.020, 345.30, 0.00, 0.020, 0.00, 0.00, 0.005, 82.65, 0.00);
insert into SHOT values (1523, 1732, 1733, 860, 0.300, 45.30, 45.00, 0.298, 45.00, 44.71, 0.002, 315.15, -62.74);
insert into SHOT values (1524, 1733, 1734, 860, 4.000, 45.30, 45.00, 4.001, 45.29, 45.02, 0.002, 319.30, 72.15);
insert into SHOT values (1525, 1734, 1735, 860, 1.000, 45.30, 45.00, 0.997, 45.58, 45.40, 0.008, 199.23, 20.25);
insert into SURVEY values (862, 19, '517', '517.Sakany', 'Reseau Gitanes: Reseau remontant en B12');
 insert into CENTRELINE values (863, 862, NULL, NULL, NULL, 0.00, 0.00, 0.00);
 insert into CENTRELINE values (864, 862, NULL, '2005-02-19', NULL, 19.41, 0.00, 0.00);
 insert into TOPO values (5, 864);
 insert into TOPO values (2, 864);
 insert into SHOT values (1526, 1736, 1737, 864, 0.050, 145.30, 1.00, 0.050, 143.13, 0.00, 0.002, 54.44, -24.78);
insert into SHOT values (1527, 1737, 1738, 864, 2.000, 145.30, 1.00, 2.000, 145.59, 0.86, 0.012, 234.59, -25.24);
insert into SHOT values (1528, 1738, 1739, 864, 1.000, 145.30, 1.00, 0.999, 145.20, 1.15, 0.003, 20.94, 50.15);
insert into SHOT values (1529, 1739, 1740, 864, 3.460, 215.30, -45.00, 3.457, 215.32, -45.13, 0.008, 28.21, -23.74);
insert into SHOT values (1530, 1740, 1741, 864, 8.900, 160.30, 55.00, 8.902, 160.32, 54.98, 0.004, 195.06, -6.17);
insert into SHOT values (1531, 1741, 1742, 864, 4.000, 160.30, 85.00, 4.005, 160.02, 84.97, 0.006, 126.00, 59.77);
insert into SURVEY values (866, 19, '518', '518.Sakany', 'Reseau Gitantes: Branche descendante en Nd371');
 insert into CENTRELINE values (867, 866, NULL, NULL, NULL, 0.00, 0.00, 0.00);
 insert into CENTRELINE values (868, 866, NULL, '2005-02-19', NULL, 31.32, 0.00, 0.00);
 insert into TOPO values (5, 868);
 insert into TOPO values (2, 868);
 insert into SHOT values (1532, 1743, 1744, 868, 0.100, 8.30, -50.00, 0.100, 9.46, -52.75, 0.005, 168.64, -42.71);
insert into SHOT values (1533, 1744, 1745, 868, 7.000, 8.30, -50.00, 7.003, 8.29, -49.94, 0.008, 5.45, 16.89);
insert into SHOT values (1534, 1745, 1746, 868, 2.000, 8.30, -50.00, 1.997, 8.07, -50.02, 0.006, 248.94, 19.49);
insert into SHOT values (1535, 1746, 1747, 868, 8.800, 80.30, -89.99, 8.800, 90.00, -90.00, 0.002, 260.30, -0.00);
insert into SHOT values (1536, 1747, 1748, 868, 1.580, 80.30, -45.00, 1.588, 80.29, -44.84, 0.009, 79.04, -17.26);
insert into SHOT values (1537, 1748, 1749, 868, 5.540, 10.30, -32.00, 5.539, 10.18, -32.06, 0.011, 255.53, -22.81);
insert into SHOT values (1538, 1749, 1750, 868, 4.000, 335.30, -42.00, 3.995, 335.33, -41.94, 0.007, 103.25, 70.10);
insert into SHOT values (1539, 1750, 1751, 868, 2.300, 306.30, -60.00, 2.295, 306.47, -60.11, 0.007, 96.34, 15.08);
insert into SURVEY values (870, 19, '519', '519.Sakany', 'Reseau Gitanes: Fracture des HA12');
 insert into CENTRELINE values (871, 870, NULL, NULL, NULL, 0.00, 0.00, 0.00);
 insert into CENTRELINE values (872, 870, NULL, '2005-02-19', NULL, 11.02, 0.00, 0.00);
 insert into TOPO values (5, 872);
 insert into TOPO values (2, 872);
 insert into SHOT values (1540, 1752, 1753, 872, 0.020, 217.30, 22.00, 0.017, 225.00, 35.26, 0.006, 14.59, 27.06);
insert into SHOT values (1541, 1753, 1754, 872, 5.000, 217.30, 22.00, 5.001, 217.29, 21.96, 0.004, 203.28, -53.15);
insert into SHOT values (1542, 1754, 1755, 872, 5.000, 217.30, 22.00, 5.005, 217.29, 22.06, 0.007, 203.28, 71.93);
insert into SHOT values (1543, 1755, 1756, 872, 1.000, 217.30, 22.00, 0.992, 217.49, 21.91, 0.009, 13.50, -30.57);
insert into SURVEY values (874, 19, '580', '580.Sakany', 'Petite grotte [sakany 11]');
 insert into CENTRELINE values (875, 874, NULL, NULL, NULL, 0.00, 0.00, 0.00);
 insert into CENTRELINE values (876, 874, NULL, '2005-02-19', NULL, 10.85, 0.00, 0.00);
 insert into TOPO values (5, 876);
 insert into TOPO values (2, 876);
 insert into SHOT values (1544, 1757, 1758, 876, 0.100, 51.30, -45.00, 0.100, 56.31, -44.15, 0.006, 131.18, 6.34);
insert into SHOT values (1545, 1758, 1759, 876, 4.800, 51.30, -45.00, 4.801, 51.21, -44.92, 0.009, 9.24, 27.78);
insert into SHOT values (1546, 1759, 1760, 876, 0.030, 170.30, 0.00, 0.030, 180.00, 0.00, 0.005, 265.15, 0.00);
insert into SHOT values (1547, 1760, 1761, 876, 0.020, 170.30, 0.00, 0.022, 153.43, 0.00, 0.007, 92.47, 0.00);
insert into SHOT values (1548, 1761, 1762, 876, 1.800, 170.30, 0.00, 1.805, 170.43, 0.00, 0.007, 210.46, 0.00);
insert into SHOT values (1549, 1762, 1763, 876, 4.100, 190.30, -33.00, 4.102, 190.39, -33.10, 0.009, 300.56, -48.20);
insert into SURVEY values (878, 19, '581', '581.Sakany', 'Petite grotte [sakany 12]');
 insert into CENTRELINE values (879, 878, NULL, NULL, NULL, 0.00, 0.00, 0.00);
 insert into CENTRELINE values (880, 878, NULL, '2005-02-19', NULL, 3.88, 0.00, 0.00);
 insert into TOPO values (5, 880);
 insert into TOPO values (2, 880);
 insert into SHOT values (1550, 1764, 1765, 880, 0.020, 320.30, -44.00, 0.017, 315.00, -35.26, 0.004, 217.14, 71.00);
insert into SHOT values (1551, 1765, 1766, 880, 2.660, 320.30, -44.00, 2.659, 320.31, -44.08, 0.004, 132.46, -34.96);
insert into SHOT values (1552, 1766, 1767, 880, 1.200, 300.30, 0.00, 1.206, 300.39, 0.00, 0.006, 319.94, 0.00);
insert into SURVEY values (882, 19, '600', '600.Sakany', 'Reseau Sakany VII');
 insert into CENTRELINE values (883, 882, NULL, NULL, NULL, 0.00, 0.00, 0.00);
 insert into CENTRELINE values (884, 882, NULL, '2002-06-28', NULL, 96.38, 0.00, 0.00);
 insert into TOPO values (5, 884);
 insert into TOPO values (2, 884);
 insert into SHOT values (1553, 1768, 1769, 884, 0.100, 5.02, -8.00, 0.102, 5.71, -11.26, 0.006, 44.44, -72.69);
insert into SHOT values (1554, 1769, 1770, 884, 3.000, 5.02, -8.00, 2.992, 4.84, -8.26, 0.019, 227.32, -42.02);
insert into SHOT values (1555, 1770, 1771, 884, 1.450, 305.02, -40.00, 1.476, 304.82, -40.58, 0.030, 283.56, -69.09);
insert into SHOT values (1556, 1771, 1772, 884, 2.750, 215.02, -50.00, 2.780, 215.20, -50.01, 0.031, 231.23, -49.63);
insert into SHOT values (1557, 1772, 1773, 884, 1.000, 215.02, -50.00, 1.030, 215.13, -50.11, 0.030, 219.16, -53.76);
insert into SHOT values (1558, 1773, 1774, 884, 2.960, 215.02, -89.90, 3.000, 270.00, -89.81, 0.041, 301.02, -78.40);
insert into SHOT values (1559, 1774, 1775, 884, 0.100, 20.02, -45.00, 0.014, 270.00, 45.00, 0.110, 207.25, 47.20);
insert into SHOT values (1560, 1775, 1776, 884, 5.300, 20.02, -45.00, 5.198, 18.97, -44.76, 0.125, 249.52, 44.60);
insert into SHOT values (1561, 1776, 1777, 884, 4.500, 49.02, -50.00, 4.392, 48.87, -49.92, 0.109, 235.68, 53.22);
insert into SHOT values (1562, 1777, 1778, 884, 4.400, 296.02, -37.00, 4.389, 294.68, -36.16, 0.105, 225.24, 33.46);
insert into SHOT values (1563, 1778, 1779, 884, 4.500, 310.02, -49.00, 4.448, 308.69, -48.29, 0.103, 225.35, 47.75);
insert into SHOT values (1564, 1779, 1780, 884, 3.260, 346.02, -6.00, 3.227, 344.67, -5.16, 0.096, 235.43, 31.96);
insert into SHOT values (1565, 1780, 1781, 884, 3.800, 240.02, -60.00, 3.460, 237.99, -58.80, 0.354, 90.32, 69.18);
insert into SHOT values (1566, 1781, 1782, 884, 0.800, 180.02, 0.00, 0.857, 177.31, 6.70, 0.119, 141.10, 57.28);
insert into SHOT values (1567, 1782, 1783, 884, 3.000, 285.02, -60.00, 2.629, 284.66, -59.27, 0.373, 108.18, 65.15);
insert into SHOT values (1568, 1783, 1784, 884, 5.600, 305.02, -45.00, 5.256, 305.43, -43.23, 0.384, 113.21, 69.64);
insert into SHOT values (1569, 1784, 1785, 884, 7.200, 285.02, -61.00, 6.826, 284.49, -60.14, 0.390, 124.02, 75.43);
insert into SHOT values (1570, 1785, 1786, 884, 4.200, 350.02, -28.00, 3.972, 352.64, -25.34, 0.340, 116.84, 53.05);
insert into SHOT values (1571, 1786, 1787, 884, 3.060, 300.02, -33.00, 2.758, 300.13, -30.75, 0.323, 118.69, 52.62);
insert into SHOT values (1572, 1787, 1788, 884, 6.300, 242.02, -48.00, 6.300, 242.16, -47.97, 0.010, 316.62, 9.98);
insert into SHOT values (1573, 1788, 1789, 884, 11.900, 265.02, -45.00, 11.902, 265.02, -45.03, 0.006, 93.77, -62.15);
insert into SHOT values (1574, 1789, 1790, 884, 5.700, 250.02, -35.00, 5.703, 249.97, -34.99, 0.005, 199.48, -6.72);
insert into SHOT values (1575, 1790, 1791, 884, 3.000, 295.02, 45.00, 2.998, 295.11, 44.99, 0.004, 39.29, -20.92);
insert into SHOT values (1576, 1791, 1792, 884, 8.500, 180.02, -60.00, 8.499, 180.00, -60.00, 0.002, 90.01, 33.92);
insert into SURVEY values (886, 19, '601', '601.Sakany', 'SAKANY VII: PETIT RESEAU PALIER X5: X103..X5');
 insert into CENTRELINE values (887, 886, NULL, NULL, NULL, 0.00, 0.00, 0.00);
 insert into CENTRELINE values (888, 886, NULL, '2002-06-28', NULL, 31.39, 0.00, 0.00);
 insert into TOPO values (5, 888);
 insert into TOPO values (2, 888);
 insert into SHOT values (1577, 1793, 1794, 888, 4.400, 205.02, -25.00, 4.395, 204.96, -25.04, 0.008, 63.45, -3.59);
insert into SHOT values (1578, 1794, 1795, 888, 6.700, 275.02, 89.90, 6.700, 270.00, 89.83, 0.008, 263.01, 0.07);
insert into SHOT values (1579, 1795, 1796, 888, 1.250, 275.02, 0.00, 1.245, 275.07, 0.00, 0.005, 84.23, 0.00);
insert into SHOT values (1580, 1796, 1797, 888, 4.140, 315.02, 25.00, 4.136, 315.00, 25.03, 0.005, 154.74, 4.36);
insert into SHOT values (1581, 1797, 1798, 888, 4.000, 265.02, 18.00, 4.001, 265.02, 18.05, 0.004, 244.47, 88.23);
insert into SHOT values (1582, 1798, 1799, 888, 3.600, 265.02, 89.00, 3.601, 270.00, 88.89, 0.009, 306.34, 3.41);
insert into SHOT values (1583, 1799, 1800, 888, 3.300, 0.02, -22.00, 3.302, 0.19, -22.06, 0.009, 88.07, -23.58);
insert into SHOT values (1584, 1800, 1801, 888, 4.000, 30.02, 20.00, 3.997, 30.05, 20.05, 0.005, 189.95, 23.30);
insert into SURVEY values (890, 19, '602', '602.Sakany', 'SAKANY VII: PUITS INFERIEURS PARRALLELES X15..X08');
 insert into CENTRELINE values (891, 890, NULL, NULL, NULL, 0.00, 0.00, 0.00);
 insert into CENTRELINE values (892, 890, NULL, '2002-06-28', NULL, 21.70, 0.00, 0.00);
 insert into TOPO values (5, 892);
 insert into TOPO values (2, 892);
 insert into SHOT values (1585, 1802, 1803, 892, 6.200, 100.02, 55.00, 6.567, 100.70, 56.09, 0.389, 121.86, 72.72);
insert into SHOT values (1586, 1803, 1804, 892, 2.000, 100.02, 89.00, 2.361, 104.04, 88.00, 0.363, 106.97, 82.46);
insert into SHOT values (1587, 1804, 1805, 892, 11.000, 120.02, 45.00, 11.355, 119.64, 47.56, 0.615, 323.86, 78.15);
insert into SHOT values (1588, 1805, 1806, 892, 2.500, 145.02, 32.00, 2.789, 143.97, 34.01, 0.306, 132.54, 50.14);
insert into SURVEY values (894, 19, '603', '603.Sakany', 'Sakany VII: Remontee parallele vers puits d''entree');
 insert into CENTRELINE values (895, 894, NULL, NULL, NULL, 0.00, 0.00, 0.00);
 insert into CENTRELINE values (896, 894, NULL, '2002-06-28', NULL, 53.75, 0.00, 0.00);
 insert into TOPO values (5, 896);
 insert into TOPO values (2, 896);
 insert into SHOT values (1589, 1807, 1808, 896, 0.100, 345.02, 0.00, 0.083, 330.26, 13.93, 0.036, 208.02, 33.57);
insert into SHOT values (1590, 1808, 1809, 896, 6.100, 345.02, 3.00, 6.090, 342.67, 3.86, 0.267, 250.24, 19.90);
insert into SHOT values (1591, 1809, 1810, 896, 2.300, 336.02, 0.00, 2.286, 334.89, 1.00, 0.062, 228.29, 40.15);
insert into SHOT values (1592, 1810, 1811, 896, 5.600, 350.02, 10.00, 5.591, 347.91, 10.82, 0.218, 252.45, 20.80);
insert into SHOT values (1593, 1811, 1812, 896, 3.650, 228.02, 45.00, 3.761, 228.37, 45.22, 0.113, 241.09, 51.84);
insert into SHOT values (1594, 1812, 1813, 896, 2.800, 202.02, -58.00, 2.761, 202.80, -57.17, 0.060, 259.18, 66.24);
insert into SHOT values (1595, 1813, 1814, 896, 8.200, 140.02, 50.00, 8.293, 141.86, 51.05, 0.244, 249.91, 43.56);
insert into SHOT values (1596, 1814, 1815, 896, 0.100, 125.02, 31.00, 0.146, 131.19, 43.25, 0.054, 154.76, 64.63);
insert into SHOT values (1597, 1815, 1816, 896, 4.500, 125.02, 31.00, 4.552, 126.37, 31.96, 0.129, 212.59, 45.58);
insert into SHOT values (1598, 1816, 1817, 896, 4.120, 153.02, 26.00, 4.178, 154.40, 26.90, 0.124, 229.36, 42.40);
insert into SHOT values (1599, 1817, 1818, 896, 6.750, 175.02, 26.00, 6.824, 176.89, 27.02, 0.243, 262.45, 35.47);
insert into SHOT values (1600, 1818, 1819, 896, 2.100, 227.02, 0.00, 2.158, 227.07, 1.06, 0.071, 228.55, 34.55);
insert into SHOT values (1601, 1819, 1820, 896, 3.830, 115.02, -35.00, 3.729, 115.98, -34.27, 0.123, 252.56, 51.73);
insert into SHOT values (1602, 1820, 1821, 896, 1.600, 150.02, -10.00, 1.585, 150.98, -8.71, 0.047, 259.46, 53.76);
insert into SHOT values (1603, 1821, 1822, 896, 2.000, 200.02, -10.00, 2.024, 200.79, -8.81, 0.055, 241.32, 42.62);
insert into SURVEY values (898, 19, '604', '604.Sakany', 'Sakany VII: Galerie a droite en X303');
 insert into CENTRELINE values (899, 898, NULL, NULL, NULL, 0.00, 0.00, 0.00);
 insert into CENTRELINE values (900, 898, NULL, '2002-06-28', NULL, 28.02, 0.00, 0.00);
 insert into TOPO values (5, 900);
 insert into TOPO values (2, 900);
 insert into SHOT values (1604, 1823, 1824, 900, 0.070, 42.02, 89.00, 0.070, 90.00, 90.00, 0.001, 222.02, 0.50);
insert into SHOT values (1605, 1824, 1825, 900, 2.300, 42.02, 89.00, 2.300, 45.00, 88.94, 0.003, 86.68, 6.38);
insert into SHOT values (1606, 1825, 1826, 900, 6.010, 42.02, 20.00, 6.014, 41.99, 20.03, 0.006, 351.03, 43.39);
insert into SHOT values (1607, 1826, 1827, 900, 2.000, 25.02, 47.00, 1.999, 24.69, 46.93, 0.009, 300.10, -18.56);
insert into SHOT values (1608, 1827, 1828, 900, 2.220, 17.02, 28.00, 2.217, 17.23, 27.98, 0.008, 124.82, -16.65);
insert into SHOT values (1609, 1828, 1829, 900, 3.780, 62.02, 30.00, 3.781, 61.95, 29.99, 0.005, 346.52, -0.00);
insert into SHOT values (1610, 1829, 1830, 900, 3.240, 315.02, 35.00, 3.239, 314.85, 35.05, 0.009, 208.67, 10.69);
insert into SHOT values (1611, 1830, 1831, 900, 8.400, 132.02, 48.00, 8.407, 131.97, 48.03, 0.009, 59.11, 54.69);
insert into SURVEY values (902, 19, '605', '605.Sakany', 'Sakany VII: Chatiere X313');
 insert into CENTRELINE values (903, 902, NULL, NULL, NULL, 0.00, 0.00, 0.00);
 insert into CENTRELINE values (904, 902, NULL, '2002-06-28', NULL, 5.00, 0.00, 0.00);
 insert into TOPO values (5, 904);
 insert into TOPO values (2, 904);
 insert into SHOT values (1612, 1832, 1833, 904, 0.100, 260.02, 45.00, 0.101, 254.05, 43.88, 0.008, 182.65, -5.23);
insert into SHOT values (1613, 1833, 1834, 904, 2.900, 260.02, 45.00, 2.899, 260.17, 45.00, 0.005, 355.71, -6.64);
insert into SHOT values (1614, 1834, 1835, 904, 2.000, 260.02, 89.00, 2.000, 251.57, 89.09, 0.006, 132.09, 2.96);
insert into SURVEY values (906, 19, '606', '606.Sakany', 'Sakany VII: REMONTEE // AU PUITS D''ENTREE: X220..X219');
 insert into CENTRELINE values (907, 906, NULL, NULL, NULL, 0.00, 0.00, 0.00);
 insert into CENTRELINE values (908, 906, NULL, '2002-06-28', NULL, 6.45, 0.00, 0.00);
 insert into TOPO values (5, 908);
 insert into TOPO values (2, 908);
 insert into SHOT values (1615, 1836, 1837, 908, 4.500, 150.02, -30.00, 4.497, 149.94, -30.02, 0.007, 26.29, 0.00);
insert into SHOT values (1616, 1837, 1838, 908, 1.950, 155.02, 15.00, 1.951, 155.20, 15.15, 0.008, 244.03, 41.98);
insert into SURVEY values (910, 19, '607', '607.Sakany', 'SAKANY VII: RESEAUX HORIZONTAUX vers entree basse');
 insert into CENTRELINE values (911, 910, NULL, NULL, NULL, 0.00, 0.00, 0.00);
 insert into CENTRELINE values (912, 910, NULL, '2002-06-28', NULL, 81.28, 0.00, 0.00);
 insert into TOPO values (5, 912);
 insert into TOPO values (2, 912);
 insert into SHOT values (1617, 1839, 1840, 912, 0.100, 350.02, 0.00, 0.112, 349.70, 5.11, 0.015, 346.91, 40.23);
insert into SHOT values (1618, 1840, 1841, 912, 1.400, 350.02, 0.00, 1.401, 350.13, 0.41, 0.010, 65.18, 74.48);
insert into SHOT values (1619, 1841, 1842, 912, 5.000, 76.02, 50.00, 5.032, 75.83, 50.09, 0.035, 39.05, 59.16);
insert into SHOT values (1620, 1842, 1843, 912, 1.800, 5.02, 15.00, 1.812, 5.25, 15.36, 0.018, 43.96, 51.76);
insert into SHOT values (1621, 1843, 1844, 912, 2.030, 305.02, 0.00, 2.023, 305.34, 0.28, 0.017, 68.28, 36.88);
insert into SHOT values (1622, 1844, 1845, 912, 5.700, 305.02, -62.00, 5.668, 305.24, -61.91, 0.035, 69.83, 69.70);
insert into SHOT values (1623, 1845, 1846, 912, 3.200, 276.02, -30.00, 3.177, 276.25, -29.82, 0.027, 60.20, 47.37);
insert into SHOT values (1624, 1846, 1847, 912, 3.800, 240.02, -15.00, 3.750, 240.17, -19.31, 0.289, 55.99, -62.74);
insert into SHOT values (1625, 1847, 1848, 912, 2.400, 241.02, -42.00, 2.443, 241.04, -45.43, 0.151, 60.57, -62.69);
insert into SHOT values (1626, 1848, 1849, 912, 3.760, 325.02, -40.00, 3.955, 329.50, -42.07, 0.330, 43.48, -44.88);
insert into SHOT values (1627, 1849, 1850, 912, 3.100, 240.02, -40.00, 3.137, 240.07, -43.26, 0.181, 58.90, -60.23);
insert into SHOT values (1628, 1850, 1851, 912, 0.100, 300.02, 50.00, 0.223, 98.75, -53.84, 0.321, 105.69, -53.07);
insert into SHOT values (1629, 1851, 1852, 912, 3.150, 300.02, 50.00, 2.838, 303.69, 48.64, 0.344, 82.08, -55.44);
insert into SHOT values (1630, 1852, 1853, 912, 5.000, 0.02, 3.00, 5.124, 5.60, 0.11, 0.568, 77.89, -26.30);
insert into SHOT values (1631, 1853, 1854, 912, 3.150, 5.02, 10.00, 3.232, 8.79, 7.11, 0.275, 69.93, -32.31);
insert into SHOT values (1632, 1854, 1855, 912, 2.700, 106.02, 38.00, 2.642, 103.33, 34.85, 0.187, 36.68, -54.44);
insert into SHOT values (1633, 1855, 1856, 912, 0.020, 57.02, 15.00, 0.154, 59.04, -40.61, 0.143, 59.44, -47.22);
insert into SHOT values (1634, 1856, 1857, 912, 2.200, 57.02, 15.00, 2.280, 57.02, 10.61, 0.189, 56.92, -52.14);
insert into SHOT values (1635, 1857, 1858, 912, 2.700, 117.02, 20.00, 2.647, 113.85, 15.78, 0.248, 29.63, -55.22);
insert into SHOT values (1636, 1858, 1859, 912, 0.050, 60.02, 50.00, 0.078, 53.13, 50.19, 0.029, 41.09, 49.55);
insert into SHOT values (1637, 1859, 1860, 912, 3.500, 60.02, 50.00, 3.530, 60.04, 50.14, 0.032, 61.96, 66.30);
insert into SHOT values (1638, 1860, 1861, 912, 0.050, 60.02, 50.00, 0.091, 59.04, 50.21, 0.041, 57.82, 50.44);
insert into SHOT values (1639, 1861, 1862, 912, 3.810, 352.02, -12.00, 3.802, 352.28, -11.68, 0.028, 92.33, 52.31);
insert into SHOT values (1640, 1862, 1863, 912, 2.000, 64.02, -23.00, 1.993, 63.85, -22.73, 0.013, 306.02, 61.51);
insert into SHOT values (1641, 1863, 1864, 912, 6.340, 39.02, -28.00, 6.338, 39.22, -27.64, 0.044, 87.46, 55.23);
insert into SHOT values (1642, 1864, 1865, 912, 3.690, 28.02, -25.00, 3.684, 28.17, -24.71, 0.021, 103.89, 65.27);
insert into SHOT values (1643, 1865, 1866, 912, 4.980, 30.02, -66.00, 4.957, 30.09, -65.77, 0.031, 46.01, 73.00);
insert into SHOT values (1644, 1866, 1867, 912, 5.550, 30.02, 10.00, 5.569, 30.12, 10.24, 0.031, 62.92, 57.06);
insert into SURVEY values (914, 19, '608', '608.Sakany', 'SAKANY VII: Entre N333 et N335');
 insert into CENTRELINE values (915, 914, NULL, NULL, NULL, 0.00, 0.00, 0.00);
 insert into CENTRELINE values (916, 914, NULL, '2002-06-28', NULL, 10.14, 0.00, 0.00);
 insert into TOPO values (5, 916);
 insert into TOPO values (2, 916);
 insert into SHOT values (1645, 1868, 1869, 916, 0.140, 161.55, 13.70, 0.185, 159.44, 22.28, 0.051, 151.29, 46.21);
insert into SHOT values (1646, 1869, 1870, 916, 5.000, 161.55, 13.70, 5.038, 160.56, 14.95, 0.144, 77.65, 53.74);
insert into SHOT values (1647, 1870, 1871, 916, 5.000, 161.55, 13.70, 5.047, 160.60, 14.93, 0.143, 84.37, 54.24);
insert into SURVEY values (918, 19, '609', '609.Sakany', 'SAKANY VII: Entre N333 et N335');
 insert into CENTRELINE values (919, 918, NULL, NULL, NULL, 0.00, 0.00, 0.00);
 insert into CENTRELINE values (920, 918, NULL, '2002-06-28', NULL, 9.14, 0.00, 0.00);
 insert into TOPO values (5, 920);
 insert into TOPO values (2, 920);
 insert into SHOT values (1648, 1872, 1873, 920, 0.140, 341.55, 13.70, 0.248, 326.31, 43.32, 0.150, 290.21, 66.08);
insert into SHOT values (1649, 1873, 1874, 920, 5.000, 350.02, -25.00, 4.754, 345.40, -20.82, 0.564, 244.05, 48.63);
insert into SHOT values (1650, 1874, 1875, 920, 4.000, 350.02, -25.00, 3.744, 346.08, -21.13, 0.440, 229.60, 50.73);
insert into SURVEY values (922, 19, '610', '610.Sakany', 'Positionnement topo de surface de l''entree basse de Sak');
 insert into CENTRELINE values (923, 922, NULL, NULL, NULL, 0.00, 0.00, 0.00);
 insert into CENTRELINE values (924, 922, NULL, '2002-06-28', NULL, 0.00, 4.58, 0.00);
 insert into TOPO values (5, 924);
 insert into TOPO values (2, 924);
 insert into SHOT values (1651, 1876, 1877, 924, 3.580, 185.02, -89.00, 3.611, 189.46, -89.03, 0.031, 296.32, -80.61);
insert into SHOT_FLAG values(1651, 'srf');
insert into SHOT values (1652, 1877, 1878, 924, 1.000, 185.02, 0.00, 1.014, 185.09, -0.57, 0.017, 189.92, -35.44);
insert into SHOT_FLAG values(1652, 'srf');
insert into SURVEY values (926, 19, '611', '611.Sakany', 'Boucle en N334');
 insert into CENTRELINE values (927, 926, NULL, NULL, NULL, 0.00, 0.00, 0.00);
 insert into CENTRELINE values (928, 926, NULL, '2002-06-28', NULL, 20.76, 0.00, 0.00);
 insert into TOPO values (5, 928);
 insert into TOPO values (2, 928);
 insert into SHOT values (1653, 1879, 1880, 928, 1.000, 167.02, 90.00, 0.220, 291.04, 50.67, 0.842, 291.04, -80.47);
insert into SHOT values (1654, 1880, 1881, 928, 3.300, 167.02, 20.00, 2.813, 178.33, 12.94, 0.841, 294.57, -36.35);
insert into SHOT values (1655, 1881, 1882, 928, 2.600, 190.02, 89.00, 1.775, 278.75, 85.75, 0.841, 297.91, -80.54);
insert into SHOT values (1656, 1882, 1883, 928, 2.460, 190.02, 20.00, 2.148, 201.19, 11.82, 0.624, 311.50, -40.05);
insert into SHOT values (1657, 1883, 1884, 928, 3.000, 305.02, 30.00, 3.090, 302.20, 21.65, 0.472, 277.33, -49.74);
insert into SHOT values (1658, 1884, 1885, 928, 2.100, 330.02, 6.00, 2.461, 324.76, -0.93, 0.499, 298.08, -31.30);
insert into SHOT values (1659, 1885, 1886, 928, 6.300, 85.02, -30.00, 6.405, 77.18, -39.92, 1.311, 313.70, -47.08);
insert into SURVEY values (930, 19, '612', '612.Sakany', 'Boucle en N334');
 insert into CENTRELINE values (931, 930, NULL, NULL, NULL, 0.00, 0.00, 0.00);
 insert into CENTRELINE values (932, 930, NULL, '2002-06-28', NULL, 4.40, 0.00, 0.00);
 insert into TOPO values (5, 932);
 insert into TOPO values (2, 932);
 insert into SHOT values (1660, 1887, 1888, 932, 4.400, 165.02, 15.00, 4.402, 165.02, 14.87, 0.010, 157.78, -62.31);
insert into SURVEY values (934, 19, '613', '613.Sakany', 'Sakany VII: Escalade 2008 (Serie 600)');
 insert into CENTRELINE values (935, 934, NULL, NULL, NULL, 0.00, 0.00, 0.00);
 insert into CENTRELINE values (936, 934, NULL, '2008-03-23', NULL, 56.64, 0.00, 0.00);
 insert into TOPO values (5, 936);
 insert into TOPO values (2, 936);
 insert into SHOT values (1661, 1889, 1890, 936, 8.400, 350.59, 12.00, 8.404, 350.62, 12.02, 0.006, 34.95, 35.76);
insert into SHOT values (1662, 1890, 1891, 936, 9.950, 108.59, 62.00, 9.951, 108.63, 62.05, 0.009, 265.89, 32.15);
insert into SHOT values (1663, 1891, 1892, 936, 3.000, 245.59, 25.00, 2.994, 245.42, 24.89, 0.012, 137.65, -41.60);
insert into SHOT values (1664, 1892, 1893, 936, 2.620, 325.59, 31.00, 2.626, 325.67, 30.94, 0.007, 351.90, 4.78);
insert into SHOT values (1665, 1893, 1894, 936, 6.250, 60.59, 33.00, 6.254, 60.65, 33.04, 0.008, 135.08, 49.36);
insert into SHOT values (1666, 1894, 1895, 936, 2.400, 10.59, 10.00, 2.395, 10.50, 9.86, 0.009, 234.33, -50.46);
insert into SHOT values (1667, 1895, 1896, 936, 2.680, 262.59, 48.00, 2.687, 262.64, 48.10, 0.009, 304.32, 76.26);
insert into SHOT values (1668, 1896, 1897, 936, 1.710, 148.59, 16.00, 1.709, 148.44, 15.96, 0.005, 49.47, -16.50);
insert into SHOT values (1669, 1897, 1898, 936, 3.020, 205.59, 89.00, 3.020, 216.87, 89.05, 0.010, 316.18, 2.52);
insert into SHOT values (1670, 1898, 1899, 936, 2.550, 205.59, 7.00, 2.546, 205.55, 6.99, 0.004, 51.80, -10.16);
insert into SHOT values (1671, 1899, 1900, 936, 3.000, 283.59, 12.00, 2.997, 283.61, 11.94, 0.004, 82.58, -58.87);
insert into SHOT values (1672, 1900, 1901, 936, 4.500, 197.59, 18.00, 4.502, 197.67, 17.98, 0.006, 266.04, -5.16);
insert into SHOT values (1673, 1901, 1902, 936, 0.080, 197.59, 18.00, 0.088, 194.04, 19.99, 0.010, 158.14, 33.24);
insert into SHOT values (1674, 1902, 1903, 936, 1.080, 281.59, -18.00, 1.086, 281.75, -18.24, 0.008, 313.10, -50.15);
insert into SHOT values (1675, 1903, 1904, 936, 1.400, 280.59, 40.00, 1.397, 280.78, 40.10, 0.005, 55.90, 1.10);
insert into SHOT values (1676, 1904, 1905, 936, 4.000, 200.59, 31.00, 4.001, 200.65, 30.98, 0.004, 263.80, -2.17);
insert into SURVEY values (938, 19, '614', '614.Sakany', 'Sakany VII: Escalade 2008 (Serie 602)');
 insert into CENTRELINE values (939, 938, NULL, NULL, NULL, 0.00, 0.00, 0.00);
 insert into CENTRELINE values (940, 938, NULL, '2008-03-23', NULL, 17.36, 0.00, 0.00);
 insert into TOPO values (5, 940);
 insert into TOPO values (2, 940);
 insert into SHOT values (1677, 1906, 1907, 940, 3.460, 32.59, 89.00, 3.460, 30.96, 89.03, 0.003, 250.91, 11.14);
insert into SHOT values (1678, 1907, 1908, 940, 1.400, 32.59, 0.00, 1.404, 32.78, 0.00, 0.006, 85.24, 0.00);
insert into SHOT values (1679, 1908, 1909, 940, 1.800, 82.59, 0.00, 1.795, 82.64, 0.00, 0.005, 247.92, 0.00);
insert into SHOT values (1680, 1909, 1910, 940, 5.200, 120.59, 58.00, 5.199, 120.57, 58.03, 0.003, 320.91, 2.72);
insert into SHOT values (1681, 1910, 1911, 940, 5.500, 120.59, 58.00, 5.496, 120.53, 57.98, 0.006, 19.06, -50.16);
insert into SURVEY values (942, 19, '615', '615.Sakany', 'Sakany VII: Escalade 2008 (Serie 603)');
 insert into CENTRELINE values (943, 942, NULL, NULL, NULL, 0.00, 0.00, 0.00);
 insert into CENTRELINE values (944, 942, NULL, '2008-03-23', NULL, 11.81, 0.00, 0.00);
 insert into TOPO values (5, 944);
 insert into TOPO values (2, 944);
 insert into SHOT values (1682, 1912, 1913, 944, 6.980, 345.59, -46.00, 6.982, 345.56, -45.97, 0.005, 315.53, 10.71);
insert into SHOT values (1683, 1913, 1914, 944, 0.010, 162.59, -89.00, 0.010, 90.00, -90.00, 0.000, 342.59, -0.50);
insert into SHOT values (1684, 1914, 1915, 944, 0.010, 162.97, -61.30, 0.010, 90.00, -90.00, 0.005, 342.97, -14.35);
insert into SHOT values (1685, 1915, 1916, 944, 4.810, 162.97, -61.30, 4.812, 162.90, -61.28, 0.004, 110.46, -13.37);
insert into SURVEY values (946, 19, '616', '616.Sakany', 'Sakany VII: Diaclase dans escalade 2008 (Serie 601)');
 insert into CENTRELINE values (947, 946, NULL, NULL, NULL, 0.00, 0.00, 0.00);
 insert into CENTRELINE values (948, 946, NULL, '2008-03-23', NULL, 7.00, 0.00, 0.00);
 insert into TOPO values (5, 948);
 insert into TOPO values (2, 948);
 insert into SHOT values (1686, 1917, 1918, 948, 2.000, 180.59, -17.00, 1.996, 180.60, -16.89, 0.005, 356.02, 62.09);
insert into SHOT values (1687, 1918, 1919, 948, 5.000, 260.59, -58.00, 4.998, 260.43, -58.03, 0.008, 150.34, 1.72);
insert into SURVEY values (950, 19, '650', '650.Sakany', 'Topo de surface entre Grotte sous Amoureux et Amoureux');
 insert into CENTRELINE values (951, 950, NULL, NULL, NULL, 0.00, 0.00, 0.00);
 insert into CENTRELINE values (952, 950, NULL, '2002-06-28', NULL, 0.00, 57.50, 0.00);
 insert into TOPO values (5, 952);
 insert into TOPO values (2, 952);
 insert into SHOT values (1688, 1920, 1921, 952, 2.700, 130.02, -28.00, 2.696, 130.05, -28.11, 0.007, 299.55, -20.77);
insert into SHOT_FLAG values(1688, 'srf');
insert into SHOT values (1689, 1921, 1922, 952, 13.400, 85.02, 20.00, 13.404, 85.04, 19.98, 0.007, 110.82, -27.26);
insert into SHOT_FLAG values(1689, 'srf');
insert into SHOT values (1690, 1922, 1923, 952, 17.200, 36.02, 25.00, 17.198, 35.99, 25.01, 0.008, 287.53, 6.53);
insert into SHOT_FLAG values(1690, 'srf');
insert into SHOT values (1691, 1923, 1924, 952, 12.800, 354.02, 30.00, 12.795, 354.04, 30.01, 0.006, 140.58, -0.00);
insert into SHOT_FLAG values(1691, 'srf');
insert into SHOT values (1692, 1924, 1925, 952, 11.400, 293.02, 33.00, 11.401, 293.03, 33.00, 0.001, 304.30, 49.51);
insert into SHOT_FLAG values(1692, 'srf');
insert into SURVEY values (954, 19, '651', '651.Sakany', 'Petite grotte sous Amoureux: Branche 344>345>347');
 insert into CENTRELINE values (955, 954, NULL, NULL, NULL, 0.00, 0.00, 0.00);
 insert into CENTRELINE values (956, 954, NULL, '2002-06-28', NULL, 19.44, 0.00, 0.00);
 insert into TOPO values (5, 956);
 insert into TOPO values (2, 956);
 insert into SHOT values (1693, 1926, 1927, 956, 2.500, 345.02, -10.00, 2.504, 344.95, -10.12, 0.007, 292.88, -54.99);
insert into SHOT values (1694, 1927, 1928, 956, 1.000, 345.02, -10.00, 0.999, 344.69, -9.79, 0.007, 256.16, 32.70);
insert into SHOT values (1695, 1928, 1929, 956, 1.000, 345.02, -10.00, 0.997, 345.26, -9.82, 0.006, 106.87, 37.91);
insert into SHOT values (1696, 1929, 1930, 956, 2.620, 97.02, -22.00, 2.623, 97.10, -22.18, 0.009, 198.66, -70.09);
insert into SHOT values (1697, 1930, 1931, 956, 0.180, 5.02, 5.00, 0.182, 6.34, 6.30, 0.006, 72.26, 43.71);
insert into SHOT values (1698, 1931, 1932, 956, 4.800, 352.02, 5.00, 4.806, 351.95, 5.01, 0.008, 304.70, 11.76);
insert into SHOT values (1699, 1932, 1933, 956, 4.040, 27.02, 10.00, 4.037, 27.08, 9.99, 0.005, 152.04, -17.89);
insert into SHOT values (1700, 1933, 1934, 956, 3.300, 300.02, 0.00, 3.302, 299.98, 0.00, 0.003, 246.67, 0.00);
insert into SURVEY values (958, 19, '652', '652.Sakany', 'Petite grotte sous Amoureux: Branche 344,345,347');
 insert into CENTRELINE values (959, 958, NULL, NULL, NULL, 0.00, 0.00, 0.00);
 insert into CENTRELINE values (960, 958, NULL, '2002-06-28', NULL, 18.30, 0.00, 0.00);
 insert into TOPO values (5, 960);
 insert into TOPO values (2, 960);
 insert into SHOT values (1701, 1935, 1936, 960, 1.800, 295.02, 15.00, 1.804, 295.10, 14.77, 0.009, 314.95, -42.45);
insert into SHOT values (1702, 1936, 1937, 960, 3.800, 295.02, 15.00, 3.793, 295.03, 14.97, 0.007, 113.92, -28.32);
insert into SHOT values (1703, 1937, 1938, 960, 5.700, 240.02, 50.00, 5.706, 240.08, 49.98, 0.007, 275.48, 29.66);
insert into SHOT values (1704, 1938, 1939, 960, 7.000, 200.02, 60.00, 6.997, 199.89, 60.00, 0.009, 100.60, -14.18);
insert into SURVEY values (962, 19, '654', '654.Sakany', 'Petite grotte sous Amoureux: Branche Ouest');
 insert into CENTRELINE values (963, 962, NULL, NULL, NULL, 0.00, 0.00, 0.00);
 insert into CENTRELINE values (964, 962, NULL, '2002-06-28', NULL, 25.75, 0.00, 0.00);
 insert into TOPO values (5, 964);
 insert into TOPO values (2, 964);
 insert into SHOT values (1705, 1940, 1941, 964, 0.100, 300.02, 20.00, 0.098, 296.57, 24.09, 0.009, 169.04, 39.04);
insert into SHOT values (1706, 1941, 1942, 964, 3.000, 300.02, 20.00, 2.997, 300.02, 19.90, 0.006, 126.06, -80.80);
insert into SHOT values (1707, 1942, 1943, 964, 1.000, 300.02, 20.00, 1.000, 300.12, 20.49, 0.009, 93.06, 65.70);
insert into SHOT values (1708, 1943, 1944, 964, 3.200, 2.02, 0.00, 3.202, 1.97, 0.00, 0.004, 303.31, 0.00);
insert into SHOT values (1709, 1944, 1945, 964, 3.850, 45.02, 40.00, 3.852, 45.00, 39.88, 0.008, 33.97, -35.82);
insert into SHOT values (1710, 1945, 1946, 964, 0.050, 45.02, 40.00, 0.041, 45.00, 46.69, 0.010, 225.09, -12.05);
insert into SHOT values (1711, 1946, 1947, 964, 0.050, 359.02, 40.00, 0.057, 0.00, 45.00, 0.008, 20.95, 76.94);
insert into SHOT values (1712, 1947, 1948, 964, 1.700, 355.02, -40.00, 1.706, 355.16, -40.14, 0.008, 48.25, -61.44);
insert into SHOT values (1713, 1948, 1949, 964, 4.000, 355.02, -40.00, 3.998, 354.94, -40.01, 0.005, 238.17, 12.99);
insert into SHOT values (1714, 1949, 1950, 964, 8.800, 95.02, 8.00, 8.809, 95.00, 8.03, 0.011, 70.68, 28.62);
insert into SURVEY values (966, 19, '655', '655.Sakany', 'Branches en N349');
 insert into CENTRELINE values (967, 966, NULL, NULL, NULL, 0.00, 0.00, 0.00);
 insert into CENTRELINE values (968, 966, NULL, '2002-06-28', NULL, 7.55, 0.00, 0.00);
 insert into TOPO values (5, 968);
 insert into TOPO values (2, 968);
 insert into SHOT values (1715, 1951, 1952, 968, 0.050, 355.02, 60.00, 0.050, 0.00, 53.13, 0.006, 23.06, -30.81);
insert into SHOT values (1716, 1952, 1953, 968, 7.500, 355.02, 60.00, 7.506, 354.96, 59.99, 0.008, 310.98, 37.36);
insert into SURVEY values (970, 19, '656', '656.Sakany', 'Branches en N349');
 insert into CENTRELINE values (971, 970, NULL, NULL, NULL, 0.00, 0.00, 0.00);
 insert into CENTRELINE values (972, 970, NULL, '2002-06-28', NULL, 3.00, 0.00, 0.00);
 insert into TOPO values (5, 972);
 insert into TOPO values (2, 972);
 insert into SHOT values (1717, 1954, 1955, 972, 3.000, 230.02, 25.00, 2.997, 230.22, 24.86, 0.012, 316.57, -39.98);
insert into SURVEY values (974, 19, '660', '660.Sakany', 'Positionnement de fenetre au-dessus des entrees Echelle');
 insert into CENTRELINE values (975, 974, NULL, NULL, NULL, 0.00, 0.00, 0.00);
 insert into CENTRELINE values (976, 974, NULL, '2002-06-28', NULL, 0.00, 27.50, 0.00);
 insert into TOPO values (5, 976);
 insert into TOPO values (2, 976);
 insert into SHOT values (1718, 1956, 1957, 976, 27.500, 301.74, 50.02, 27.502, 301.75, 50.01, 0.006, 312.63, -23.98);
insert into SHOT_FLAG values(1718, 'srf');
insert into SURVEY values (978, 19, '661', '661.Sakany', 'Petite fenetre au-dessus Amoureux [queute]');
 insert into CENTRELINE values (979, 978, NULL, NULL, NULL, 0.00, 0.00, 0.00);
 insert into CENTRELINE values (980, 978, NULL, '2002-07-20', NULL, 11.90, 0.00, 0.00);
 insert into TOPO values (5, 980);
 insert into TOPO values (2, 980);
 insert into SHOT values (1719, 1958, 1959, 980, 0.100, 280.03, -45.00, 0.099, 278.13, -44.71, 0.002, 189.08, 16.86);
insert into SHOT values (1720, 1959, 1960, 980, 2.000, 280.03, -45.00, 2.001, 279.73, -44.79, 0.011, 229.51, 23.41);
insert into SHOT values (1721, 1960, 1961, 980, 2.400, 300.03, -10.00, 2.399, 300.26, -10.08, 0.010, 41.22, -18.88);
insert into SHOT values (1722, 1961, 1962, 980, 2.900, 210.03, 8.00, 2.904, 210.04, 7.92, 0.006, 216.69, -37.71);
insert into SHOT values (1723, 1962, 1963, 980, 3.000, 165.03, -10.00, 2.995, 165.07, -10.00, 0.005, 323.00, 10.27);
insert into SHOT values (1724, 1963, 1964, 980, 1.500, 165.03, -10.00, 1.502, 165.12, -9.97, 0.003, 208.25, 8.11);
insert into SURVEY values (982, 19, '701', '701.Sakany', 'Petite Grotte des Echelles');
 insert into CENTRELINE values (983, 982, NULL, NULL, NULL, 0.00, 0.00, 0.00);
 insert into CENTRELINE values (984, 982, NULL, '2002-03-23', NULL, 26.86, 0.00, 0.00);
 insert into TOPO values (5, 984);
 insert into TOPO values (2, 984);
 insert into SHOT values (1725, 1965, 1966, 984, 0.020, 10.00, -10.00, 0.022, 270.00, -26.57, 0.031, 230.37, -12.11);
insert into SHOT values (1726, 1966, 1967, 984, 2.000, 10.00, -10.00, 1.983, 8.55, -10.17, 0.053, 259.40, -2.93);
insert into SHOT values (1727, 1967, 1968, 984, 2.430, 10.00, -10.00, 2.413, 8.47, -10.02, 0.066, 264.11, 1.71);
insert into SHOT values (1728, 1968, 1969, 984, 9.300, 295.00, 25.00, 9.359, 293.07, 24.42, 0.305, 222.18, -11.41);
insert into SHOT values (1729, 1969, 1970, 984, 3.150, 2.00, 22.00, 3.136, 0.39, 21.90, 0.083, 263.82, -6.94);
insert into SHOT values (1730, 1970, 1971, 984, 2.700, 10.00, 25.00, 2.699, 9.89, 24.99, 0.005, 271.46, -12.58);
insert into SHOT values (1731, 1971, 1972, 984, 2.380, 292.00, 30.00, 2.382, 292.21, 29.98, 0.008, 7.83, -0.00);
insert into SHOT values (1732, 1972, 1973, 984, 4.380, 292.00, 30.00, 4.374, 292.03, 30.04, 0.007, 96.17, -0.00);
insert into SHOT values (1733, 1973, 1974, 984, 0.500, 292.00, 30.00, 0.506, 291.32, 29.60, 0.009, 255.58, -0.00);
insert into SURVEY values (986, 19, '702', '702.Sakany', 'Petite Grotte des Echelles: Cheminee et reseau Fredholm');
 insert into CENTRELINE values (987, 986, NULL, NULL, NULL, 0.00, 0.00, 0.00);
 insert into CENTRELINE values (988, 986, NULL, '2006-03-03', NULL, 47.21, 0.00, 0.00);
 insert into TOPO values (2, 988);
 insert into TOPO values (6, 988);
 insert into SHOT values (1734, 1975, 1976, 988, 0.050, 30.40, 15.00, 0.046, 26.57, 12.60, 0.006, 249.51, -31.84);
insert into SHOT values (1735, 1976, 1977, 988, 5.450, 30.40, -30.00, 5.453, 30.42, -30.05, 0.005, 120.06, -66.65);
insert into SHOT values (1736, 1977, 1978, 988, 3.900, 359.40, -40.00, 3.898, 359.43, -39.90, 0.007, 29.72, 66.52);
insert into SHOT values (1737, 1978, 1979, 988, 5.450, 76.40, -40.00, 5.456, 76.43, -40.04, 0.007, 132.05, -66.64);
insert into SHOT values (1738, 1979, 1980, 988, 2.000, 88.40, 0.00, 2.001, 88.28, 0.00, 0.004, 11.01, 0.00);
insert into SHOT values (1739, 1980, 1981, 988, 6.140, 10.40, -42.00, 6.142, 10.35, -42.00, 0.004, 300.45, -21.30);
insert into SHOT values (1740, 1981, 1982, 988, 6.830, 10.40, -89.99, 6.830, 90.00, -90.00, 0.001, 190.40, -0.00);
insert into SHOT values (1741, 1982, 1983, 988, 2.800, 205.40, -6.00, 2.763, 204.05, -5.82, 0.076, 85.72, 9.66);
insert into SHOT values (1742, 1983, 1984, 988, 3.190, 125.40, -31.00, 3.237, 124.32, -30.65, 0.073, 78.99, -5.55);
insert into SHOT values (1743, 1984, 1985, 988, 2.950, 88.40, 0.00, 3.031, 88.30, 0.19, 0.082, 84.76, 7.00);
insert into SHOT values (1744, 1985, 1986, 988, 8.450, 20.40, -65.00, 8.462, 22.12, -64.54, 0.129, 79.71, 8.17);
insert into SURVEY values (990, 19, '703', '703.Sakany', 'Petite grotte des echelles: boyau des stigmates');
 insert into CENTRELINE values (991, 990, NULL, NULL, NULL, 0.00, 0.00, 0.00);
 insert into CENTRELINE values (992, 990, NULL, '2006-03-03', NULL, 62.70, 0.00, 0.00);
 insert into TOPO values (2, 992);
 insert into TOPO values (6, 992);
 insert into SHOT values (1745, 1987, 1988, 992, 0.050, 290.40, 32.00, 0.114, 281.31, 26.12, 0.065, 274.95, 21.24);
insert into SHOT values (1746, 1988, 1989, 992, 2.850, 290.40, 32.00, 2.906, 289.82, 31.54, 0.065, 267.94, 8.56);
insert into SHOT values (1747, 1989, 1990, 992, 3.000, 291.40, 19.00, 3.064, 290.81, 18.85, 0.070, 266.00, 10.89);
insert into SHOT values (1748, 1990, 1991, 992, 0.080, 291.40, 19.00, 0.149, 285.95, 11.64, 0.071, 280.11, 3.20);
insert into SHOT values (1749, 1991, 1992, 992, 1.290, 315.40, -40.00, 1.332, 314.60, -39.66, 0.045, 294.47, -27.69);
insert into SHOT values (1750, 1992, 1993, 992, 1.230, 24.40, -27.00, 1.196, 22.70, -27.37, 0.047, 247.03, 10.28);
insert into SHOT values (1751, 1993, 1994, 992, 1.230, 24.40, -27.00, 1.200, 23.20, -27.29, 0.038, 241.04, 12.69);
insert into SHOT values (1752, 1994, 1995, 992, 2.290, 330.40, -1.00, 2.324, 328.91, -1.23, 0.070, 269.36, -8.28);
insert into SHOT values (1753, 1995, 1996, 992, 1.650, 300.40, -33.00, 1.707, 299.60, -32.62, 0.061, 279.88, -20.45);
insert into SHOT values (1754, 1996, 1997, 992, 1.800, 340.40, -18.00, 1.826, 339.06, -18.19, 0.048, 279.12, -16.59);
insert into SHOT values (1755, 1997, 1998, 992, 3.500, 342.40, -40.00, 3.488, 341.63, -40.17, 0.039, 228.69, -0.36);
insert into SHOT values (1756, 1998, 1999, 992, 2.500, 294.40, -32.00, 2.512, 293.80, -31.97, 0.025, 230.69, -11.85);
insert into SHOT values (1757, 1999, 2000, 992, 1.650, 20.40, -8.00, 1.614, 20.14, -8.19, 0.037, 211.69, -0.56);
insert into SHOT values (1758, 2000, 2001, 992, 4.450, 100.40, -29.00, 4.435, 101.16, -29.15, 0.055, 210.58, -2.69);
insert into SHOT values (1759, 2001, 2002, 992, 1.750, 177.40, -1.00, 1.781, 178.07, -1.29, 0.039, 211.28, -14.15);
insert into SHOT values (1760, 2002, 2003, 992, 3.820, 287.40, -53.00, 3.834, 286.87, -52.96, 0.025, 223.10, -21.21);
insert into SHOT values (1761, 2003, 2004, 992, 1.940, 223.40, -30.00, 1.984, 223.35, -29.94, 0.044, 221.35, -27.20);
insert into SHOT values (1762, 2004, 2005, 992, 2.150, 314.40, -5.00, 2.152, 313.68, -5.07, 0.027, 226.77, -5.54);
insert into SHOT values (1763, 2005, 2006, 992, 4.440, 267.40, -62.00, 4.462, 267.02, -61.74, 0.033, 241.07, -17.06);
insert into SHOT values (1764, 2006, 2007, 992, 1.950, 210.40, -16.00, 1.991, 210.45, -16.03, 0.042, 213.01, -17.54);
insert into SHOT values (1765, 2007, 2008, 992, 4.650, 310.40, -30.00, 4.660, 309.37, -30.00, 0.073, 226.84, -3.93);
insert into SHOT values (1766, 2008, 2009, 992, 3.900, 238.40, -57.00, 3.934, 238.08, -56.76, 0.039, 217.89, -29.38);
insert into SHOT values (1767, 2009, 2010, 992, 2.160, 246.40, -5.00, 2.193, 246.25, -4.97, 0.034, 236.91, -2.96);
insert into SHOT values (1768, 2010, 2011, 992, 2.070, 217.40, -30.00, 2.106, 217.43, -29.90, 0.037, 219.49, -24.16);
insert into SHOT values (1769, 2011, 2012, 992, 1.600, 150.40, 10.00, 1.609, 151.33, 10.02, 0.027, 222.61, 4.55);
insert into SHOT values (1770, 2012, 2013, 992, 4.700, 150.40, -89.00, 4.711, 156.04, -88.80, 0.022, 181.60, -29.83);
insert into SURVEY values (994, 19, '704', '704.Sakany', 'petite grte des echelles: terminus salle perchee');
 insert into CENTRELINE values (995, 994, NULL, NULL, NULL, 0.00, 0.00, 0.00);
 insert into CENTRELINE values (996, 994, NULL, '2006-03-03', NULL, 4.25, 0.00, 0.00);
 insert into TOPO values (2, 996);
 insert into TOPO values (6, 996);
 insert into SHOT values (1771, 2014, 2015, 996, 2.550, 205.40, -25.00, 2.552, 205.35, -25.03, 0.003, 152.55, -42.49);
insert into SHOT values (1772, 2015, 2016, 996, 1.700, 270.40, 0.00, 1.700, 270.34, 0.00, 0.002, 181.33, 0.00);
insert into SURVEY values (998, 19, '705', '705.Sakany', 'Petite Grte des Echelles: diverticules en 412.23');
 insert into CENTRELINE values (999, 998, NULL, NULL, NULL, 0.00, 0.00, 0.00);
 insert into CENTRELINE values (1000, 998, NULL, '2006-03-04', NULL, 10.39, 0.00, 0.00);
 insert into TOPO values (5, 1000);
 insert into TOPO values (2, 1000);
 insert into SHOT values (1773, 2017, 2018, 1000, 0.500, 166.40, 65.00, 0.499, 166.61, 64.37, 0.006, 176.29, -34.27);
insert into SHOT values (1774, 2018, 2019, 1000, 3.000, 166.40, 65.00, 3.000, 166.29, 65.04, 0.003, 38.19, 20.30);
insert into SHOT values (1775, 2019, 2020, 1000, 3.090, 342.40, 8.00, 3.095, 342.33, 7.99, 0.006, 306.19, -0.45);
insert into SHOT values (1776, 2020, 2021, 1000, 1.200, 0.40, -10.00, 1.199, 0.49, -10.09, 0.003, 133.71, -32.77);
insert into SHOT values (1777, 2021, 2022, 1000, 2.600, 340.40, -20.00, 2.599, 340.38, -20.03, 0.002, 190.19, -24.89);
insert into SURVEY values (1002, 19, '706', '706.Sakany', 'Petite grte des echelles: vers jonct P52');
 insert into CENTRELINE values (1003, 1002, NULL, NULL, NULL, 0.00, 0.00, 0.00);
 insert into CENTRELINE values (1004, 1002, NULL, '2006-03-04', NULL, 63.64, 0.00, 0.00);
 insert into TOPO values (5, 1004);
 insert into TOPO values (2, 1004);
 insert into SHOT values (1778, 2023, 2024, 1004, 0.030, 60.40, 65.00, 0.024, 315.00, 54.74, 0.023, 280.08, -18.61);
insert into SHOT values (1779, 2024, 2025, 1004, 4.240, 60.40, 65.00, 4.219, 59.81, 65.20, 0.031, 279.75, -24.16);
insert into SHOT values (1780, 2025, 2026, 1004, 1.000, 350.40, 1.00, 1.038, 349.45, 1.10, 0.041, 325.82, 3.53);
insert into SHOT values (1781, 2026, 2027, 1004, 3.180, 14.40, 32.00, 3.182, 13.26, 31.87, 0.054, 289.51, -5.48);
insert into SHOT values (1782, 2027, 2028, 1004, 2.480, 162.40, 50.00, 2.461, 163.41, 50.18, 0.035, 286.43, -16.30);
insert into SHOT values (1783, 2028, 2029, 1004, 3.300, 300.40, -29.00, 3.344, 300.33, -28.78, 0.046, 295.85, -12.69);
insert into SHOT values (1784, 2029, 2030, 1004, 0.870, 330.40, 0.00, 0.919, 329.25, 0.00, 0.052, 309.84, 0.00);
insert into SHOT values (1785, 2030, 2031, 1004, 5.060, 330.40, -85.00, 5.059, 329.93, -85.02, 0.004, 211.93, 10.41);
insert into SHOT values (1786, 2031, 2032, 1004, 2.530, 335.40, -20.00, 2.522, 335.06, -19.94, 0.016, 221.36, 19.00);
insert into SHOT values (1787, 2032, 2033, 1004, 3.500, 355.40, 22.00, 3.498, 354.87, 22.00, 0.030, 261.01, -2.15);
insert into SHOT values (1788, 2033, 2034, 1004, 5.430, 330.40, -48.00, 5.423, 329.90, -47.99, 0.032, 232.77, 9.49);
insert into SHOT values (1789, 2034, 2035, 1004, 1.900, 285.40, -35.00, 1.921, 285.10, -34.94, 0.022, 260.61, -27.35);
insert into SHOT values (1790, 2035, 2036, 1004, 2.220, 320.40, -48.00, 2.219, 320.19, -48.03, 0.005, 214.09, -2.29);
insert into SHOT values (1791, 2036, 2037, 1004, 1.650, 20.40, -45.00, 1.625, 19.86, -45.04, 0.027, 230.76, 37.93);
insert into SHOT values (1792, 2037, 2038, 1004, 4.850, 120.40, -89.99, 4.850, 90.00, -90.00, 0.001, 300.40, -0.00);
insert into SHOT values (1793, 2038, 2039, 1004, 0.800, 180.40, 0.00, 0.810, 181.41, 0.00, 0.018, 235.29, 0.00);
insert into SHOT values (1794, 2039, 2040, 1004, 7.800, 280.40, -48.00, 7.801, 280.00, -47.81, 0.045, 219.72, 21.76);
insert into SHOT values (1795, 2040, 2041, 1004, 1.300, 190.40, 0.00, 1.314, 190.97, 0.00, 0.019, 233.63, 0.00);
insert into SHOT values (1796, 2041, 2042, 1004, 11.500, 264.73, -80.50, 11.498, 264.43, -80.19, 0.063, 255.47, 11.21);
insert into SURVEY values (1006, 19, '707', '707.Sakany', 'petite grte des echelle: reseau stigmates');
 insert into CENTRELINE values (1007, 1006, NULL, NULL, NULL, 0.00, 0.00, 0.00);
 insert into CENTRELINE values (1008, 1006, NULL, '2006-03-04', NULL, 72.02, 0.00, 0.00);
 insert into TOPO values (5, 1008);
 insert into TOPO values (2, 1008);
 insert into SHOT values (1797, 2043, 2044, 1008, 0.110, 10.40, 10.00, 0.133, 8.75, 8.65, 0.023, 1.10, 2.19);
insert into SHOT values (1798, 2044, 2045, 1008, 3.700, 10.40, 10.00, 3.725, 9.41, 9.89, 0.068, 302.05, -2.11);
insert into SHOT values (1799, 2045, 2046, 1008, 2.640, 80.40, 18.00, 2.616, 79.59, 17.80, 0.043, 320.56, -21.41);
insert into SHOT values (1800, 2046, 2047, 1008, 4.430, 135.40, 89.00, 4.430, 135.00, 89.45, 0.035, 315.88, 1.11);
insert into SHOT values (1801, 2047, 2048, 1008, 3.700, 135.40, 0.00, 3.656, 135.55, -0.16, 0.046, 302.55, -12.47);
insert into SHOT values (1802, 2048, 2049, 1008, 3.190, 135.40, 89.00, 3.180, 135.00, 89.49, 0.029, 315.81, -19.15);
insert into SHOT values (1803, 2049, 2050, 1008, 2.200, 0.40, -8.00, 2.232, 0.00, -7.98, 0.035, 334.40, -6.25);
insert into SHOT values (1804, 2050, 2051, 1008, 1.350, 70.40, -3.00, 1.324, 69.65, -3.03, 0.031, 284.36, 1.21);
insert into SHOT values (1805, 2051, 2052, 1008, 4.350, 260.40, 80.00, 4.349, 261.03, 79.81, 0.017, 291.58, -13.45);
insert into SHOT values (1806, 2052, 2053, 1008, 2.400, 28.40, 7.00, 2.415, 27.31, 6.90, 0.048, 316.40, -2.99);
insert into SHOT values (1807, 2053, 2054, 1008, 4.380, 59.40, 44.00, 4.372, 58.54, 44.05, 0.048, 318.50, -3.10);
insert into SHOT values (1808, 2054, 2055, 1008, 2.050, 141.40, -10.00, 2.011, 141.57, -10.31, 0.041, 313.08, -5.66);
insert into SHOT values (1809, 2055, 2056, 1008, 5.000, 141.40, 28.00, 4.999, 141.44, 28.04, 0.005, 270.53, 30.56);
insert into SHOT values (1810, 2056, 2057, 1008, 1.200, 130.40, 28.00, 1.197, 130.01, 27.90, 0.008, 24.83, -24.65);
insert into SHOT values (1811, 2057, 2058, 1008, 0.500, 145.40, 89.00, 0.500, 135.00, 88.38, 0.006, 119.18, 0.76);
insert into SHOT values (1812, 2058, 2059, 1008, 5.350, 145.40, 15.00, 5.346, 145.42, 15.07, 0.008, 307.00, 42.07);
insert into SHOT values (1813, 2059, 2060, 1008, 5.340, 115.40, 22.00, 5.340, 115.48, 21.99, 0.007, 202.33, -3.23);
insert into SHOT values (1814, 2060, 2061, 1008, 4.180, 210.40, 27.00, 4.177, 210.36, 27.06, 0.006, 61.17, 24.39);
insert into SHOT values (1815, 2061, 2062, 1008, 5.280, 255.40, 48.00, 5.278, 255.41, 47.97, 0.004, 304.34, -70.25);
insert into SHOT values (1816, 2062, 2063, 1008, 1.800, 306.40, 70.00, 1.801, 306.50, 69.79, 0.007, 316.53, -12.59);
insert into SHOT values (1817, 2063, 2064, 1008, 1.200, 300.40, -2.00, 1.193, 300.22, -1.92, 0.008, 146.99, 13.03);
insert into SHOT values (1818, 2064, 2065, 1008, 2.450, 295.40, -15.00, 2.453, 295.48, -14.88, 0.007, 336.65, 36.76);
insert into SHOT values (1819, 2065, 2066, 1008, 0.010, 295.40, 89.99, 0.010, 90.00, 90.00, 0.000, 115.40, 0.01);
insert into SHOT values (1820, 2066, 2067, 1008, 0.010, 92.40, 89.99, 0.010, 90.00, 90.00, 0.000, 272.40, 0.00);
insert into SHOT values (1821, 2067, 2068, 1008, 3.000, 92.40, 45.00, 2.999, 92.43, 44.97, 0.002, 157.58, -43.27);
insert into SHOT values (1822, 2068, 2069, 1008, 2.200, 330.40, -5.00, 2.195, 330.39, -5.23, 0.010, 154.43, -53.34);
insert into SURVEY values (1010, 19, '708', '708.Sakany', 'Reseau Stigmates, secteur mondmilch');
 insert into CENTRELINE values (1011, 1010, NULL, NULL, NULL, 0.00, 0.00, 0.00);
 insert into CENTRELINE values (1012, 1010, NULL, '2006-04-15', NULL, 5.76, 0.00, 0.00);
 insert into TOPO values (5, 1012);
 insert into TOPO values (2, 1012);
 insert into SHOT values (1823, 2070, 2071, 1012, 0.550, 350.41, 80.00, 0.549, 354.29, 79.46, 0.008, 45.42, -11.20);
insert into SHOT values (1824, 2071, 2072, 1012, 3.210, 350.41, 22.00, 3.205, 350.32, 21.98, 0.007, 221.02, -21.99);
insert into SHOT values (1825, 2072, 2073, 1012, 2.000, 260.41, 45.00, 2.000, 260.60, 45.22, 0.009, 38.11, 38.81);
insert into SURVEY values (1014, 19, '709', '709.Sakany', 'Reseau stigmates: Entree impenetrable');
 insert into CENTRELINE values (1015, 1014, NULL, NULL, NULL, 0.00, 0.00, 0.00);
 insert into CENTRELINE values (1016, 1014, NULL, '2006-04-15', NULL, 4.70, 0.00, 0.00);
 insert into TOPO values (5, 1016);
 insert into TOPO values (2, 1016);
 insert into SHOT values (1826, 2074, 2075, 1016, 2.200, 110.41, 0.00, 2.209, 110.40, 0.00, 0.009, 109.54, 0.00);
insert into SHOT values (1827, 2075, 2076, 1016, 1.500, 110.41, 10.00, 1.497, 110.65, 10.00, 0.007, 222.53, -4.06);
insert into SHOT values (1828, 2076, 2077, 1016, 1.000, 110.41, 10.00, 0.997, 110.28, 10.40, 0.008, 318.60, 54.49);
insert into SURVEY values (1018, 19, '710', '710.Sakany', 'Reseau Stigmates: autre branche vers p52');
 insert into CENTRELINE values (1019, 1018, NULL, NULL, NULL, 0.00, 0.00, 0.00);
 insert into CENTRELINE values (1020, 1018, NULL, '2006-04-15', NULL, 105.49, 0.00, 0.00);
 insert into TOPO values (5, 1020);
 insert into TOPO values (2, 1020);
 insert into SHOT values (1829, 2078, 2079, 1020, 0.080, 270.41, 70.00, 0.090, 284.04, 62.73, 0.017, 307.80, 16.78);
insert into SHOT values (1830, 2079, 2080, 1020, 4.680, 270.41, 70.00, 4.679, 271.06, 69.74, 0.028, 313.83, -16.11);
insert into SHOT values (1831, 2080, 2081, 1020, 1.090, 265.41, -8.00, 1.123, 265.88, -7.68, 0.035, 280.68, 2.80);
insert into SHOT values (1832, 2081, 2082, 1020, 4.300, 312.41, -48.00, 4.342, 312.37, -47.67, 0.048, 309.77, -17.39);
insert into SHOT values (1833, 2082, 2083, 1020, 2.510, 40.41, -50.00, 2.524, 39.76, -49.89, 0.023, 344.79, -17.99);
insert into SHOT values (1834, 2083, 2084, 1020, 1.220, 300.41, -60.00, 1.254, 300.19, -59.49, 0.035, 295.20, -41.59);
insert into SHOT values (1835, 2084, 2085, 1020, 1.000, 240.41, 0.00, 1.016, 241.16, 0.00, 0.021, 280.60, 0.00);
insert into SHOT values (1836, 2085, 2086, 1020, 5.130, 330.41, -45.00, 5.168, 330.08, -44.77, 0.048, 303.62, -15.12);
insert into SHOT values (1837, 2086, 2087, 1020, 2.470, 312.41, -40.00, 2.508, 312.69, -39.63, 0.043, 325.98, -16.73);
insert into SHOT values (1838, 2087, 2088, 1020, 0.900, 262.41, -20.00, 0.933, 262.79, -20.05, 0.034, 273.14, -21.00);
insert into SHOT values (1839, 2088, 2089, 1020, 5.750, 282.41, -38.00, 5.785, 283.03, -37.85, 0.062, 336.30, -9.17);
insert into SHOT values (1840, 2089, 2090, 1020, 2.480, 288.41, 0.00, 2.527, 288.94, 0.00, 0.052, 314.99, 0.00);
insert into SHOT values (1841, 2090, 2091, 1020, 2.330, 185.41, -32.00, 2.315, 186.15, -32.09, 0.030, 305.81, 9.13);
insert into SHOT values (1842, 2091, 2092, 1020, 3.530, 249.41, -20.00, 3.547, 250.37, -19.95, 0.058, 323.28, -2.62);
insert into SHOT values (1843, 2092, 2093, 1020, 9.160, 314.41, -45.00, 9.198, 314.38, -44.61, 0.073, 311.98, 13.51);
insert into SHOT values (1844, 2093, 2094, 1020, 0.060, 237.41, -20.00, 0.073, 243.43, -24.09, 0.016, 271.70, -37.17);
insert into SHOT values (1845, 2094, 2095, 1020, 2.400, 237.41, -20.00, 2.415, 238.34, -20.11, 0.040, 309.70, -13.26);
insert into SHOT values (1846, 2095, 2096, 1020, 0.550, 255.41, 89.00, 0.550, 270.00, 88.96, 0.003, 343.62, 1.90);
insert into SHOT values (1847, 2096, 2097, 1020, 1.800, 255.41, 0.00, 1.834, 256.12, 0.00, 0.040, 289.52, 0.00);
insert into SHOT values (1848, 2097, 2098, 1020, 4.300, 280.41, 65.00, 4.305, 280.94, 64.64, 0.032, 313.80, -12.79);
insert into SHOT values (1849, 2098, 2099, 1020, 1.400, 150.41, 0.00, 1.357, 150.41, 0.00, 0.043, 330.26, 0.00);
insert into SHOT values (1850, 2099, 2100, 1020, 2.560, 270.41, 38.00, 2.581, 271.12, 37.75, 0.035, 318.44, 6.50);
insert into SHOT values (1851, 2100, 2101, 1020, 6.600, 255.41, 46.00, 6.618, 256.48, 45.75, 0.092, 324.71, -4.75);
insert into SHOT values (1852, 2101, 2102, 1020, 4.810, 275.41, 60.00, 4.819, 275.90, 59.68, 0.035, 312.26, -9.13);
insert into SHOT values (1853, 2102, 2103, 1020, 6.930, 280.41, 54.00, 6.948, 281.04, 53.57, 0.071, 321.12, -13.33);
insert into SHOT values (1854, 2103, 2104, 1020, 1.700, 249.41, 45.00, 1.712, 250.22, 44.96, 0.021, 310.99, 22.10);
insert into SHOT values (1855, 2104, 2105, 1020, 0.300, 215.41, 0.00, 0.300, 216.87, 0.00, 0.008, 306.14, 0.00);
insert into SHOT values (1856, 2105, 2106, 1020, 3.000, 215.41, 0.00, 2.990, 216.30, -0.19, 0.048, 317.84, -11.91);
insert into SHOT values (1857, 2106, 2107, 1020, 8.300, 100.41, -76.00, 8.297, 99.85, -76.56, 0.083, 293.60, -11.44);
insert into SHOT values (1858, 2107, 2108, 1020, 3.150, 130.41, -65.00, 3.138, 130.36, -65.27, 0.019, 313.41, 14.50);
insert into SHOT values (1859, 2108, 2109, 1020, 1.000, 180.41, 0.00, 0.960, 181.19, 0.00, 0.042, 342.13, 0.00);
insert into SHOT values (1860, 2109, 2110, 1020, 7.400, 180.41, -89.00, 7.401, 186.34, -89.30, 0.040, 346.94, -1.61);
insert into SHOT values (1861, 2110, 2111, 1020, 2.600, 105.41, 15.00, 2.558, 104.77, 14.95, 0.050, 320.09, -14.91);
insert into SURVEY values (1022, 19, '711', '711.Sakany', 'Cheminee mondmilcheuse');
 insert into CENTRELINE values (1023, 1022, NULL, NULL, NULL, 0.00, 0.00, 0.00);
 insert into CENTRELINE values (1024, 1022, NULL, '2006-04-15', NULL, 18.61, 0.00, 0.00);
 insert into TOPO values (5, 1024);
 insert into TOPO values (2, 1024);
 insert into SHOT values (1862, 2112, 2113, 1024, 1.680, 200.41, -70.00, 1.682, 200.32, -69.98, 0.002, 166.28, -41.02);
insert into SHOT values (1863, 2113, 2114, 1024, 1.520, 340.41, -15.00, 1.525, 340.58, -14.82, 0.008, 18.91, 25.35);
insert into SHOT values (1864, 2114, 2115, 1024, 1.700, 15.41, -60.00, 1.699, 15.67, -59.91, 0.005, 82.50, 28.08);
insert into SHOT values (1865, 2115, 2116, 1024, 1.080, 110.41, -30.00, 1.076, 110.77, -30.13, 0.008, 239.68, 0.00);
insert into SHOT values (1866, 2116, 2117, 1024, 1.790, 90.41, -89.00, 1.790, 90.00, -89.04, 0.001, 280.17, -12.22);
insert into SHOT values (1867, 2117, 2118, 1024, 2.940, 80.41, -42.00, 2.947, 80.28, -41.95, 0.009, 43.92, -18.53);
insert into SHOT values (1868, 2118, 2119, 1024, 1.870, 168.41, -20.00, 1.877, 168.56, -19.93, 0.009, 199.85, -2.64);
insert into SHOT values (1869, 2119, 2120, 1024, 2.980, 72.41, -44.00, 2.985, 72.41, -43.91, 0.007, 72.40, 0.68);
insert into SHOT values (1870, 2120, 2121, 1024, 3.050, 25.41, -45.00, 3.052, 25.26, -45.05, 0.007, 289.82, -30.39);
insert into SURVEY values (1026, 19, '712', '712.Sakany', 'cloches imp');
 insert into CENTRELINE values (1027, 1026, NULL, NULL, NULL, 0.00, 0.00, 0.00);
 insert into CENTRELINE values (1028, 1026, NULL, '2006-04-15', NULL, 4.52, 0.00, 0.00);
 insert into TOPO values (5, 1028);
 insert into TOPO values (2, 1028);
 insert into SHOT values (1871, 2122, 2123, 1028, 2.320, 215.41, 20.00, 2.328, 215.51, 20.10, 0.010, 245.62, 40.77);
insert into SHOT values (1872, 2123, 2124, 1028, 2.200, 220.41, 40.00, 2.194, 220.42, 39.99, 0.006, 36.76, -45.32);
insert into SURVEY values (1030, 19, '713', '713.Sakany', 'Regard sur puits');
 insert into CENTRELINE values (1031, 1030, NULL, NULL, NULL, 0.00, 0.00, 0.00);
 insert into CENTRELINE values (1032, 1030, NULL, '2008-03-22', NULL, 7.50, 0.00, 0.00);
 insert into TOPO values (5, 1032);
 insert into TOPO values (2, 1032);
 insert into SHOT values (1873, 2125, 2126, 1032, 7.500, 180.59, -67.00, 7.506, 180.59, -67.02, 0.006, 48.08, -85.51);
insert into CENTRELINE values (1034, 19, NULL, NULL, NULL, 0.00, 0.00, 0.00);
 insert into STATION values (1, '0', 22, 0.00, 0.00, 0.00);
insert into STATION_FLAG values(1, 'fix');
insert into STATION values (2, '1', 22, 4.51, 9.78, 4.50);
insert into STATION values (3, '2', 22, -2.17, 18.40, 12.24);
insert into STATION values (4, '3', 22, 8.14, 24.24, 5.85);
insert into STATION values (5, '4', 22, 9.58, 30.45, 4.34);
insert into STATION values (6, '5', 22, 10.68, 42.03, 4.23);
insert into STATION values (7, '6', 22, 6.04, 45.93, 3.55);
insert into STATION values (8, '7', 22, 11.45, 42.15, 3.44);
insert into STATION values (9, '8', 22, 26.61, 33.78, -6.56);
insert into STATION values (10, '9', 22, 34.95, 36.83, -10.71);
insert into STATION values (11, '10', 22, 50.31, 34.42, -23.29);
insert into STATION values (12, '11', 22, 53.96, 53.36, -22.62);
insert into STATION values (13, '12', 22, 57.40, 73.06, -22.62);
insert into STATION values (14, '13', 22, 61.87, 92.56, -22.62);
insert into STATION values (15, '14', 22, 63.02, 102.03, -21.95);
insert into STATION values (16, '15', 22, 68.01, 122.19, -21.95);
insert into STATION values (17, '16', 22, 62.98, 129.34, -16.90);
insert into STATION values (18, '17', 22, 50.48, 134.12, -4.42);
insert into STATION values (19, '18', 22, 40.70, 136.54, 5.30);
insert into STATION values (20, '19', 22, 30.38, 133.17, 15.79);
insert into STATION values (21, '20', 22, 25.56, 123.25, 22.68);
insert into STATION values (22, '0', 26, 6.04, 45.93, 3.55);
insert into STATION values (23, '1', 26, 6.07, 45.89, 3.57);
insert into STATION values (24, '2', 26, 4.59, 43.13, -1.89);
insert into STATION values (25, '3', 26, 4.60, 43.07, -11.56);
insert into STATION values (26, '4', 26, 1.41, 43.52, -10.35);
insert into STATION values (27, '5', 26, -3.27, 47.50, -6.46);
insert into STATION values (28, '6', 26, -4.92, 52.22, -5.07);
insert into STATION values (29, '7', 26, -8.85, 60.67, -8.18);
insert into STATION values (30, '8', 26, -6.25, 59.48, -8.56);
insert into STATION values (31, '9', 26, -4.93, 58.77, -11.29);
insert into STATION values (32, '10', 26, -5.64, 59.68, -11.27);
insert into STATION values (33, '11', 26, -6.02, 58.51, -14.38);
insert into STATION values (34, '12', 26, -4.00, 56.93, -15.83);
insert into STATION values (35, '13', 26, -5.21, 55.79, -19.04);
insert into STATION values (36, '14', 26, -2.55, 61.96, -29.24);
insert into STATION values (37, '15', 26, -2.41, 61.97, -33.20);
insert into STATION values (38, '16', 26, -1.19, 61.98, -33.19);
insert into STATION values (39, '17', 26, 3.05, 58.79, -39.74);
insert into STATION values (40, '18', 26, 0.87, 56.88, -43.02);
insert into STATION values (41, '19', 26, 2.19, 56.43, -43.01);
insert into STATION values (42, '20', 26, 2.28, 56.41, -48.17);
insert into STATION values (43, '21', 26, 1.96, 54.14, -49.00);
insert into STATION values (44, '0', 30, -8.85, 60.67, -8.18);
insert into STATION values (45, '1', 30, -12.10, 65.81, -7.94);
insert into STATION values (46, '2', 30, -8.63, 68.55, -7.14);
insert into STATION values (47, '3', 30, -8.65, 72.79, -7.88);
insert into STATION values (48, '4', 30, -15.28, 75.84, -9.14);
insert into STATION values (49, '5', 30, -19.44, 69.96, -9.37);
insert into STATION values (50, '6', 30, -27.47, 76.57, -8.71);
insert into STATION values (51, '7', 30, -26.58, 81.89, -5.41);
insert into STATION values (52, '8', 30, -31.68, 89.30, -4.87);
insert into STATION values (53, '9', 30, -35.25, 87.62, -3.02);
insert into STATION values (54, '10', 30, -36.76, 89.36, -2.97);
insert into STATION values (55, '11', 30, -36.80, 89.38, -0.43);
insert into STATION values (56, '12', 30, -35.64, 87.95, -0.39);
insert into STATION values (57, '13', 30, -35.68, 87.97, 1.74);
insert into STATION values (58, '14', 30, -35.01, 92.21, 1.01);
insert into STATION values (59, '15', 30, -34.05, 93.91, 1.05);
insert into STATION values (60, '16', 30, -34.05, 93.93, -0.41);
insert into STATION values (61, '17', 30, -32.99, 95.80, -0.32);
insert into STATION values (62, '18', 30, -32.60, 98.19, 2.61);
insert into STATION values (63, '0', 34, 1.96, 54.14, -49.00);
insert into STATION values (64, '1', 34, 0.07, 50.84, -49.05);
insert into STATION values (65, '2', 34, -5.43, 47.39, -49.39);
insert into STATION values (66, '3', 34, -7.97, 46.46, -49.43);
insert into STATION values (67, '4', 34, -17.37, 55.14, -49.80);
insert into STATION values (68, '5', 34, -21.22, 40.10, -49.86);
insert into STATION values (69, '6', 34, -24.74, 32.20, -48.66);
insert into STATION values (70, '7', 34, -33.21, 23.87, -48.06);
insert into STATION values (71, '8', 34, -22.77, 17.03, -49.54);
insert into STATION values (72, '9', 34, -13.78, 23.01, -49.34);
insert into STATION values (73, '10', 34, -11.62, 28.74, -45.80);
insert into STATION values (74, '11', 34, -8.41, 32.62, -43.94);
insert into STATION values (75, '12', 34, -5.45, 29.41, -44.19);
insert into STATION values (76, '13', 34, -0.40, 33.13, -48.38);
insert into STATION values (77, '14', 34, 2.99, 33.84, -48.16);
insert into STATION values (78, '15', 34, 7.38, 29.23, -48.53);
insert into STATION values (79, '16', 34, 14.82, 34.51, -45.41);
insert into STATION values (80, '17', 34, 17.29, 41.72, -42.79);
insert into STATION values (81, '18', 34, 13.74, 52.62, -48.25);
insert into STATION values (82, '19', 34, 6.42, 48.79, -48.04);
insert into STATION values (83, '20', 34, 1.96, 54.14, -49.00);
insert into STATION values (84, '0', 38, -33.21, 23.87, -48.06);
insert into STATION values (85, '1', 38, -28.46, 26.79, -48.08);
insert into STATION values (86, '2', 38, -24.24, 29.37, -48.10);
insert into STATION values (87, '3', 38, -20.02, 31.96, -48.11);
insert into STATION values (88, '4', 38, -15.80, 34.54, -48.13);
insert into STATION values (89, '5', 38, -11.58, 37.12, -48.15);
insert into STATION values (90, '6', 38, -7.36, 39.71, -48.16);
insert into STATION values (91, '7', 38, -3.14, 42.29, -48.18);
insert into STATION values (92, '8', 38, 1.08, 44.87, -48.20);
insert into STATION values (93, '9', 38, 5.30, 47.46, -48.21);
insert into STATION values (94, '10', 38, 9.52, 50.04, -48.23);
insert into STATION values (95, '11', 38, 13.74, 52.62, -48.25);
insert into STATION values (96, '0', 42, -33.21, 23.87, -48.06);
insert into STATION values (97, '1', 42, -44.17, 33.39, -47.54);
insert into STATION values (98, '2', 42, -51.13, 39.67, -47.44);
insert into STATION values (99, '3', 42, -54.19, 47.38, -47.79);
insert into STATION values (100, '4', 42, -55.51, 56.69, -47.84);
insert into STATION values (101, '5', 42, -69.39, 66.30, -47.99);
insert into STATION values (102, '6', 42, -75.10, 58.68, -48.04);
insert into STATION values (103, '7', 42, -77.43, 54.86, -47.27);
insert into STATION values (104, '8', 42, -77.49, 54.77, -47.28);
insert into STATION values (105, '9', 42, -84.83, 45.56, -47.97);
insert into STATION values (106, '10', 42, -93.22, 36.65, -47.84);
insert into STATION values (107, '11', 42, -99.92, 32.37, -47.74);
insert into STATION values (108, '12', 42, -105.26, 23.80, -47.39);
insert into STATION values (109, '13', 42, -105.25, 19.20, -47.39);
insert into STATION values (110, '14', 42, -110.96, 5.00, -47.39);
insert into STATION values (111, '0', 46, -99.92, 32.37, -47.74);
insert into STATION values (112, '1', 46, -103.89, 35.57, -47.76);
insert into STATION values (113, '2', 46, -107.02, 40.99, -48.46);
insert into STATION values (114, '3', 46, -108.42, 48.87, -48.46);
insert into STATION values (115, '0', 50, 1.96, 54.14, -49.00);
insert into STATION values (116, '1', 50, -0.32, 64.14, -49.58);
insert into STATION values (117, '2', 50, -3.34, 75.45, -49.35);
insert into STATION values (118, '3', 50, -4.75, 83.12, -47.99);
insert into STATION values (119, '4', 50, -5.24, 90.31, -47.85);
insert into STATION values (120, '5', 50, -9.12, 90.48, -47.85);
insert into STATION values (121, '6', 50, -11.02, 94.56, -47.85);
insert into STATION values (122, '7', 50, -12.47, 94.55, -47.46);
insert into STATION values (123, '8', 50, -13.32, 96.87, -47.03);
insert into STATION values (124, '0', 54, -0.32, 64.14, -49.58);
insert into STATION values (125, '1', 54, -5.25, 65.10, -49.42);
insert into STATION values (126, '2', 54, -9.71, 71.02, -50.34);
insert into STATION values (127, '3', 54, -17.12, 78.10, -49.58);
insert into STATION values (128, '4', 54, -20.19, 76.29, -51.13);
insert into STATION values (129, '5', 54, -19.33, 63.11, -50.09);
insert into STATION values (130, '6', 54, -17.37, 55.14, -49.80);
insert into STATION values (131, '0', 58, -9.71, 71.02, -50.34);
insert into STATION values (132, '1', 58, -6.55, 77.82, -50.21);
insert into STATION values (133, '0', 62, -0.32, 64.14, -49.58);
insert into STATION values (134, '1', 62, 7.18, 66.51, -49.34);
insert into STATION values (135, '2', 62, 5.36, 61.54, -48.37);
insert into STATION values (136, '3', 62, 11.87, 59.08, -48.19);
insert into STATION values (137, '4', 62, 13.74, 52.62, -48.25);
insert into STATION values (138, '0', 66, 0.00, 0.00, 0.00);
insert into STATION values (139, '1', 66, -4.37, -0.26, -0.85);
insert into STATION values (140, '2', 66, -7.37, -1.17, -2.41);
insert into STATION values (141, '3', 66, -8.68, -5.87, -1.31);
insert into STATION values (142, '4', 66, -10.98, -8.75, -2.17);
insert into STATION values (143, '5', 66, -14.82, -11.56, -1.13);
insert into STATION values (144, '6', 66, -16.97, -14.82, -0.72);
insert into STATION values (145, '7', 66, -19.35, -11.48, 0.08);
insert into STATION values (146, '8', 66, -20.39, -9.19, 0.06);
insert into STATION values (147, '9', 66, -23.35, -6.97, -0.27);
insert into STATION values (148, '10', 66, -27.10, -8.55, -0.86);
insert into STATION values (149, '11', 66, -27.89, -11.32, -0.85);
insert into STATION values (150, '12', 66, -31.10, -10.77, -1.33);
insert into STATION values (151, '13', 66, -33.24, -13.21, -1.21);
insert into STATION values (152, '14', 66, -34.50, -15.05, -0.73);
insert into STATION values (153, '15', 66, -36.93, -12.49, -0.60);
insert into STATION values (154, '16', 66, -39.71, -15.81, -1.28);
insert into STATION values (155, '17', 66, -41.42, -14.39, -1.27);
insert into STATION values (156, '18', 66, -43.38, -12.35, -0.49);
insert into STATION values (157, '19', 66, -45.02, -10.99, -1.29);
insert into STATION values (158, '20', 66, -48.21, -8.06, -1.44);
insert into STATION values (159, '21', 66, -51.85, -7.99, -1.64);
insert into STATION values (160, '22', 66, -55.76, -4.05, -2.64);
insert into STATION values (161, '23', 66, -57.98, 0.92, -2.64);
insert into STATION values (162, '24', 66, -54.94, 6.11, -0.82);
insert into STATION values (163, '25', 66, -56.65, 8.18, -1.77);
insert into STATION values (164, '26', 66, -59.54, 12.46, -3.38);
insert into STATION values (165, '27', 66, -59.65, 13.61, -2.93);
insert into STATION values (166, '28', 66, -65.20, 17.16, -13.80);
insert into STATION values (167, '29', 66, -67.36, 23.48, -16.28);
insert into STATION values (168, '30', 66, -69.04, 28.00, -21.24);
insert into STATION values (169, '31', 66, -59.50, 24.98, -21.23);
insert into STATION values (170, '32', 66, -56.95, 22.22, -21.42);
insert into STATION values (171, '33', 66, -56.83, 24.11, -22.83);
insert into STATION values (172, '34', 66, -55.28, 27.63, -23.05);
insert into STATION values (173, '35', 66, -52.18, 27.64, -21.96);
insert into STATION values (174, '36', 66, -50.79, 29.91, -21.95);
insert into STATION values (175, '37', 66, -49.15, 33.07, -24.07);
insert into STATION values (176, '38', 66, -50.51, 39.69, -24.96);
insert into STATION values (177, '39', 66, -47.97, 43.01, -24.08);
insert into STATION values (178, '40', 66, -47.42, 43.76, -23.89);
insert into STATION values (179, '41', 66, -47.34, 43.78, -23.95);
insert into STATION values (180, '42', 66, -46.23, 42.23, -23.94);
insert into STATION values (181, '43', 66, -46.17, 42.41, -31.60);
insert into STATION values (182, '44', 66, -46.16, 47.71, -34.55);
insert into STATION values (183, '45', 66, -45.92, 50.09, -34.54);
insert into STATION values (184, '46', 66, -45.92, 50.11, -38.62);
insert into STATION values (185, '47', 66, -48.95, 49.68, -38.84);
insert into STATION values (186, '48', 66, -49.98, 50.47, -40.09);
insert into STATION values (187, '49', 66, -52.52, 48.74, -43.80);
insert into STATION values (188, '50', 66, -53.22, 47.89, -43.77);
insert into STATION values (189, '51', 66, -53.21, 47.91, -47.85);
insert into STATION values (190, '52', 66, -53.11, 47.98, -47.82);
insert into STATION values (191, '53', 66, -54.19, 47.38, -47.79);
insert into STATION values (192, '0', 70, -45.92, 50.09, -34.54);
insert into STATION values (193, '1', 70, -44.28, 52.77, -35.12);
insert into STATION values (194, '2', 70, -43.07, 55.04, -35.15);
insert into STATION values (195, '3', 70, -41.62, 53.44, -35.61);
insert into STATION values (196, '4', 70, -41.06, 50.28, -39.44);
insert into STATION values (197, '5', 70, -39.40, 56.50, -42.44);
insert into STATION values (198, '6', 70, -36.96, 54.14, -44.73);
insert into STATION values (199, '7', 70, -36.96, 54.14, -46.33);
insert into STATION values (200, '0', 74, -47.42, 43.76, -23.89);
insert into STATION values (201, '1', 74, -45.88, 44.84, -23.62);
insert into STATION values (202, '2', 74, -42.86, 41.72, -20.58);
insert into STATION values (203, '3', 74, -41.74, 38.65, -17.64);
insert into STATION values (204, '4', 74, -40.50, 38.99, -16.11);
insert into STATION values (205, '5', 74, -36.46, 38.28, -13.24);
insert into STATION values (206, '6', 74, -33.13, 37.07, -7.09);
insert into STATION values (207, '7', 74, -32.33, 32.61, -4.98);
insert into STATION values (208, '0', 78, -56.95, 22.22, -21.42);
insert into STATION values (209, '1', 78, -55.36, 18.32, -20.49);
insert into STATION values (210, '2', 78, -49.56, 14.98, -18.82);
insert into STATION values (211, '3', 78, -49.52, 15.05, -14.07);
insert into STATION values (212, '4', 78, -47.47, 12.62, -8.98);
insert into STATION values (213, '5', 78, -47.88, 10.31, -7.73);
insert into STATION values (214, '6', 78, -50.30, 10.30, -6.33);
insert into STATION values (215, '7', 78, -49.87, 7.86, -1.67);
insert into STATION values (216, '8', 78, -49.47, 7.17, -1.38);
insert into STATION values (217, '9', 78, -48.58, 4.45, 2.72);
insert into STATION values (218, '10', 78, -48.58, 3.95, 2.72);
insert into STATION values (219, '11', 78, -44.73, 2.40, 5.73);
insert into STATION values (220, '12', 78, -43.84, 4.30, 5.36);
insert into STATION values (221, '13', 78, -44.14, 5.99, 7.82);
insert into STATION values (222, '14', 78, -44.85, 7.22, 8.93);
insert into STATION values (223, '15', 78, -43.20, 7.52, 10.34);
insert into STATION values (224, '16', 78, -41.11, 7.00, 12.57);
insert into STATION values (225, '17', 78, -39.36, 6.82, 14.67);
insert into STATION values (226, '18', 78, -39.01, 6.78, 16.64);
insert into STATION values (227, '0', 82, -55.36, 18.32, -20.49);
insert into STATION values (228, '1', 82, -57.14, 16.56, -19.58);
insert into STATION values (229, '2', 82, -58.35, 17.23, -19.86);
insert into STATION values (230, '3', 82, -61.17, 18.85, -20.56);
insert into STATION values (231, '4', 82, -60.05, 21.60, -20.43);
insert into STATION values (232, '5', 82, -59.92, 21.89, -21.54);
insert into STATION values (233, '6', 82, -58.99, 23.55, -21.76);
insert into STATION values (234, '7', 82, -56.95, 22.22, -21.42);
insert into STATION values (235, '0', 86, -69.04, 28.00, -21.24);
insert into STATION values (236, '1', 86, -77.65, 26.78, -21.24);
insert into STATION values (237, '2', 86, -79.83, 30.00, -21.38);
insert into STATION values (238, '3', 86, -84.49, 27.82, -21.11);
insert into STATION values (239, '4', 86, -84.52, 27.81, -23.11);
insert into STATION values (240, '5', 86, -84.98, 27.60, -23.11);
insert into STATION values (241, '0', 90, -79.83, 30.00, -21.38);
insert into STATION values (242, '1', 90, -82.21, 33.39, -19.87);
insert into STATION values (243, '2', 90, -82.21, 35.57, -21.29);
insert into STATION values (244, '3', 90, -83.25, 38.40, -23.25);
insert into STATION values (245, '0', 94, -57.98, 0.92, -2.64);
insert into STATION values (246, '1', 94, -58.59, 7.69, -1.44);
insert into STATION values (247, '2', 94, -60.52, 9.99, -1.44);
insert into STATION values (248, '3', 94, -61.81, 9.11, -1.80);
insert into STATION values (249, '4', 94, -63.14, 10.94, -1.92);
insert into STATION values (250, '5', 94, -62.86, 12.51, -1.92);
insert into STATION values (251, '6', 94, -64.13, 14.02, -2.26);
insert into STATION values (252, '0', 98, -16.97, -14.82, -0.72);
insert into STATION values (253, '1', 98, -18.62, -17.88, -0.69);
insert into STATION values (254, '2', 98, -17.58, -20.73, -2.44);
insert into STATION values (255, '0', 102, -54.18, 10.07, -17.95);
insert into STATION values (256, '1', 102, -54.24, 10.24, -18.02);
insert into STATION values (257, '2', 102, -55.46, 13.60, -19.32);
insert into STATION values (258, '3', 102, -55.66, 14.76, -17.64);
insert into STATION values (259, '4', 102, -56.87, 17.36, -19.65);
insert into STATION values (260, '5', 102, -58.35, 17.23, -19.86);
insert into STATION values (261, '0', 106, -58.35, 17.23, -19.86);
insert into STATION values (262, '1', 106, -60.33, 17.06, -17.88);
insert into STATION values (263, '2', 106, -62.44, 16.87, -15.76);
insert into STATION values (264, '3', 106, -62.89, 14.34, -12.69);
insert into STATION values (265, '0', 110, -49.15, 33.07, -24.07);
insert into STATION values (266, '1', 110, -50.90, 33.43, -24.39);
insert into STATION values (267, '2', 110, -54.89, 33.91, -32.54);
insert into STATION values (268, '3', 110, -54.49, 36.22, -34.74);
insert into STATION values (269, '4', 110, -53.98, 40.36, -39.09);
insert into STATION values (270, '5', 110, -53.22, 42.12, -39.83);
insert into STATION values (271, '6', 110, -52.55, 45.05, -40.84);
insert into STATION values (272, '7', 110, -54.09, 45.53, -39.28);
insert into STATION values (273, '8', 110, -54.56, 45.53, -40.05);
insert into STATION values (274, '9', 110, -57.17, 45.65, -44.42);
insert into STATION values (275, '10', 110, -59.21, 45.75, -47.85);
insert into STATION values (276, '11', 110, -59.31, 45.73, -47.75);
insert into STATION values (277, '12', 110, -54.19, 47.38, -47.79);
insert into STATION values (278, '0', 114, -54.09, 45.53, -39.28);
insert into STATION values (279, '1', 114, -52.55, 42.86, -36.21);
insert into STATION values (280, '2', 114, -51.39, 41.38, -34.89);
insert into STATION values (281, '3', 114, -51.39, 39.12, -33.59);
insert into STATION values (282, '4', 114, -49.99, 38.47, -31.75);
insert into STATION values (283, '5', 114, -48.95, 37.22, -30.12);
insert into STATION values (284, '0', 118, -76.39, 25.53, -18.01);
insert into STATION values (285, '1', 118, -76.81, 25.60, -17.76);
insert into STATION values (286, '2', 118, -80.65, 26.28, -15.51);
insert into STATION values (287, '3', 118, -81.33, 28.16, -15.51);
insert into STATION values (288, '4', 118, -83.58, 29.46, -17.01);
insert into STATION values (289, '5', 118, -84.27, 30.65, -17.30);
insert into STATION values (290, '6', 118, -84.27, 30.65, -19.30);
insert into STATION values (291, '7', 118, -86.19, 31.35, -21.35);
insert into STATION values (292, '8', 118, -84.98, 27.60, -23.11);
insert into STATION values (293, '0', 122, -78.27, 25.11, -17.67);
insert into STATION values (294, '1', 122, -78.32, 25.20, -17.50);
insert into STATION values (295, '2', 122, -78.87, 26.15, -15.59);
insert into STATION values (296, '3', 122, -78.53, 30.00, -16.63);
insert into STATION values (297, '4', 122, -78.53, 30.00, -19.13);
insert into STATION values (298, '5', 122, -79.03, 30.87, -19.13);
insert into STATION values (299, '6', 122, -79.18, 31.13, -19.13);
insert into STATION values (300, '7', 122, -79.83, 30.00, -21.38);
insert into STATION values (301, '0', 126, -55.36, 18.32, -20.49);
insert into STATION values (302, '1', 126, -53.21, 22.09, -13.84);
insert into STATION values (303, '2', 126, -53.09, 24.21, -12.85);
insert into STATION values (304, '3', 126, -52.31, 24.71, -13.04);
insert into STATION values (305, '4', 126, -53.61, 26.10, -14.67);
insert into STATION values (306, '5', 126, -53.30, 27.37, -16.07);
insert into STATION values (307, '6', 126, -55.84, 26.60, -19.60);
insert into STATION values (308, '7', 126, -55.68, 25.27, -21.15);
insert into STATION values (309, '8', 126, -56.45, 24.81, -21.32);
insert into STATION values (310, '9', 126, -56.80, 26.41, -23.04);
insert into STATION values (311, '10', 126, -56.70, 28.27, -23.77);
insert into STATION values (312, '11', 126, -55.28, 27.63, -23.05);
insert into STATION values (313, '0', 130, -52.31, 24.71, -13.04);
insert into STATION values (314, '1', 130, -48.00, 23.75, -11.43);
insert into STATION values (315, '0', 134, -49.47, 7.17, -1.38);
insert into STATION values (316, '1', 134, -50.64, 9.26, -1.17);
insert into STATION values (317, '2', 134, -50.16, 11.84, -2.18);
insert into STATION values (318, '3', 134, -51.12, 13.55, -3.09);
insert into STATION values (319, '4', 134, -52.35, 17.26, -6.04);
insert into STATION values (320, '5', 134, -53.80, 19.38, -8.61);
insert into STATION values (321, '6', 134, -53.81, 19.38, -8.78);
insert into STATION values (322, '7', 134, -59.07, 18.03, -20.43);
insert into STATION values (323, '0', 138, -47.88, 10.31, -7.73);
insert into STATION values (324, '1', 138, -47.22, 8.43, -7.20);
insert into STATION values (325, '2', 138, -48.13, 7.88, -6.77);
insert into STATION values (326, '3', 138, -47.41, 7.26, -6.77);
insert into STATION values (327, '4', 138, -48.85, 6.45, -3.91);
insert into STATION values (328, '0', 142, -44.73, 2.40, 5.73);
insert into STATION values (329, '1', 142, -47.33, -2.01, 8.81);
insert into STATION values (330, '2', 142, -48.08, -3.99, 10.93);
insert into STATION values (331, '0', 146, -100.38, 20.73, 22.98);
insert into STATION values (332, '1', 146, -99.05, 18.02, 24.58);
insert into STATION values (333, '2', 146, -96.28, 16.55, 26.25);
insert into STATION values (334, '3', 146, -102.62, 12.09, 27.07);
insert into STATION values (335, '0', 150, -99.05, 18.02, 24.58);
insert into STATION values (336, '1', 150, -101.97, 18.28, 26.99);
insert into STATION values (337, '2', 150, -104.21, 19.69, 26.84);
insert into STATION values (338, '3', 150, -104.71, 21.46, 26.91);
insert into STATION values (339, '4', 150, -104.73, 23.26, 26.30);
insert into STATION values (340, '5', 150, -100.14, 23.59, 22.40);
insert into STATION values (341, '6', 150, -100.38, 20.73, 22.98);
insert into STATION values (342, '0', 154, -94.45, 26.11, 22.99);
insert into STATION values (343, '1', 154, -95.07, 29.61, 22.37);
insert into STATION values (344, '2', 154, -96.67, 31.89, 21.57);
insert into STATION values (345, '3', 154, -98.33, 28.31, 22.26);
insert into STATION values (346, '4', 154, -100.05, 27.85, 22.91);
insert into STATION values (347, '5', 154, -101.40, 26.24, 23.59);
insert into STATION values (348, '0', 158, -98.33, 28.31, 22.26);
insert into STATION values (349, '1', 158, -96.78, 28.73, 22.26);
insert into STATION values (350, '2', 158, -97.09, 24.32, 23.87);
insert into STATION values (351, '3', 158, -98.68, 25.24, 22.03);
insert into STATION values (352, '0', 162, -83.25, -17.39, 24.25);
insert into STATION values (353, '1', 162, -83.24, -17.19, 24.28);
insert into STATION values (354, '2', 162, -83.10, -13.15, 25.04);
insert into STATION values (355, '3', 162, -82.93, -8.63, 25.90);
insert into STATION values (356, '4', 162, -82.74, -3.61, 26.85);
insert into STATION values (357, '5', 162, -81.89, 1.32, 25.80);
insert into STATION values (358, '6', 162, -81.72, 2.40, 25.57);
insert into STATION values (359, '7', 162, -81.71, 2.88, 25.38);
insert into STATION values (360, '8', 162, -81.97, 8.67, 25.59);
insert into STATION values (361, '9', 162, -84.02, 13.45, 24.39);
insert into STATION values (362, '10', 162, -85.83, 19.91, 24.64);
insert into STATION values (363, '11', 162, -86.83, 28.90, 22.90);
insert into STATION values (364, '12', 162, -89.45, 37.43, 21.33);
insert into STATION values (365, '13', 162, -92.48, 46.88, 19.58);
insert into STATION values (366, '14', 162, -92.62, 47.45, 19.47);
insert into STATION values (367, '15', 162, -92.66, 47.49, 16.47);
insert into STATION values (368, '16', 162, -96.11, 51.09, 15.51);
insert into STATION values (369, '17', 162, -93.06, 56.03, 16.55);
insert into STATION values (370, '18', 162, -93.79, 58.30, 18.54);
insert into STATION values (371, '19', 162, -93.02, 60.72, 16.37);
insert into STATION values (372, '20', 162, -92.21, 63.32, 21.22);
insert into STATION values (373, '21', 162, -89.37, 69.47, 23.72);
insert into STATION values (374, '22', 162, -87.98, 73.58, 22.12);
insert into STATION values (375, '23', 162, -84.88, 76.35, 27.65);
insert into STATION values (376, '24', 162, -83.09, 78.47, 27.65);
insert into STATION values (377, '25', 162, -80.53, 81.21, 25.78);
insert into STATION values (378, '26', 162, -74.98, 82.72, 25.47);
insert into STATION values (379, '27', 162, -72.46, 85.42, 27.65);
insert into STATION values (380, '28', 162, -75.86, 89.21, 28.53);
insert into STATION values (381, '29', 162, -72.83, 88.61, 32.35);
insert into STATION values (382, '30', 162, -73.53, 97.17, 26.28);
insert into STATION values (383, '31', 162, -70.60, 98.93, 26.28);
insert into STATION values (384, '32', 162, -70.60, 99.00, 22.58);
insert into STATION values (385, '33', 162, -72.08, 99.84, 22.58);
insert into STATION values (386, '34', 162, -73.98, 100.94, 22.58);
insert into STATION values (387, '35', 162, -74.04, 100.94, 19.28);
insert into STATION values (388, '36', 162, -77.04, 100.94, 14.08);
insert into STATION values (389, '37', 162, -74.75, 105.25, 10.27);
insert into STATION values (390, '38', 162, -74.75, 105.26, 10.26);
insert into STATION values (391, '39', 162, -66.18, 110.22, -1.54);
insert into STATION values (392, '40', 162, -64.01, 118.36, -8.61);
insert into STATION values (393, '41', 162, -63.92, 118.73, -8.93);
insert into STATION values (394, '0', 166, -81.97, 8.67, 25.59);
insert into STATION values (395, '1', 166, -86.27, 11.90, 26.06);
insert into STATION values (396, '2', 166, -86.97, 16.85, 26.32);
insert into STATION values (397, '0', 170, -95.62, 10.22, 29.67);
insert into STATION values (398, '1', 170, -95.60, 10.26, 29.65);
insert into STATION values (399, '2', 170, -94.26, 12.58, 28.68);
insert into STATION values (400, '3', 170, -95.33, 16.06, 28.03);
insert into STATION values (401, '4', 170, -90.84, 19.46, 25.98);
insert into STATION values (402, '5', 170, -85.83, 19.91, 24.64);
insert into STATION values (403, '0', 174, -90.84, 19.46, 25.98);
insert into STATION values (404, '1', 174, -93.23, 19.04, 26.32);
insert into STATION values (405, '0', 178, -85.83, 19.91, 24.64);
insert into STATION values (406, '1', 178, -91.27, 26.44, 24.79);
insert into STATION values (407, '2', 178, -94.45, 26.11, 22.99);
insert into STATION values (408, '3', 178, -94.47, 23.98, 22.52);
insert into STATION values (409, '4', 178, -96.91, 22.77, 21.60);
insert into STATION values (410, '5', 178, -100.38, 20.73, 22.98);
insert into STATION values (411, '6', 178, -99.91, 23.78, 23.02);
insert into STATION values (412, '7', 178, -102.33, 24.82, 20.01);
insert into STATION values (413, '8', 178, -102.51, 24.93, 14.09);
insert into STATION values (414, '9', 178, -102.87, 30.57, 12.19);
insert into STATION values (415, '10', 178, -109.31, 30.23, 5.96);
insert into STATION values (416, '11', 178, -111.33, 29.63, 2.32);
insert into STATION values (417, '12', 178, -111.41, 29.65, -5.10);
insert into STATION values (418, '13', 178, -108.40, 37.01, -7.94);
insert into STATION values (419, '14', 178, -109.17, 42.08, -13.51);
insert into STATION values (420, '15', 178, -109.35, 42.94, -27.83);
insert into STATION values (421, '16', 178, -111.16, 44.17, -27.77);
insert into STATION values (422, '17', 178, -111.34, 44.30, -33.80);
insert into STATION values (423, '18', 178, -114.45, 45.51, -36.40);
insert into STATION values (424, '19', 178, -114.55, 45.57, -40.33);
insert into STATION values (425, '20', 178, -114.85, 48.93, -40.74);
insert into STATION values (426, '21', 178, -112.68, 53.84, -43.84);
insert into STATION values (427, '22', 178, -108.03, 58.49, -45.36);
insert into STATION values (428, '23', 178, -109.81, 61.03, -46.49);
insert into STATION values (429, '24', 178, -110.34, 64.73, -48.82);
insert into STATION values (430, '25', 178, -110.58, 66.41, -49.88);
insert into STATION values (431, '0', 182, -91.27, 26.44, 24.79);
insert into STATION values (432, '1', 182, -90.05, 29.07, 24.79);
insert into STATION values (433, '2', 182, -92.12, 30.26, 18.21);
insert into STATION values (434, '0', 186, -111.41, 29.65, -5.10);
insert into STATION values (435, '1', 186, -113.27, 25.25, -4.14);
insert into STATION values (436, '2', 186, -119.58, 20.79, -5.69);
insert into STATION values (437, '0', 190, -112.68, 53.84, -43.84);
insert into STATION values (438, '1', 190, -115.43, 55.42, -47.02);
insert into STATION values (439, '0', 194, -107.02, 40.99, -48.46);
insert into STATION values (440, '1', 194, -110.43, 39.93, -48.47);
insert into STATION values (441, '2', 194, -112.01, 39.60, -43.98);
insert into STATION values (442, '3', 194, -113.40, 38.16, -43.71);
insert into STATION values (443, '4', 194, -118.68, 32.20, -42.64);
insert into STATION values (444, '5', 194, -118.68, 32.16, -42.65);
insert into STATION values (445, '6', 194, -118.67, 32.10, -42.69);
insert into STATION values (446, '7', 194, -118.21, 37.79, -37.08);
insert into STATION values (447, '8', 194, -118.98, 38.22, -36.20);
insert into STATION values (448, '9', 194, -116.27, 43.75, -40.04);
insert into STATION values (449, '10', 194, -114.55, 45.57, -40.33);
insert into STATION values (450, '0', 198, -81.72, 2.40, 25.57);
insert into STATION values (451, '1', 198, -75.83, 3.97, 26.06);
insert into STATION values (452, '2', 198, -78.35, 8.80, 26.50);
insert into STATION values (453, '3', 198, -77.22, 10.33, 26.64);
insert into STATION values (454, '4', 198, -80.24, 10.85, 27.15);
insert into STATION values (455, '5', 198, -77.58, 12.18, 28.12);
insert into STATION values (456, '6', 198, -76.77, 13.60, 28.12);
insert into STATION values (457, '7', 198, -75.84, 15.41, 27.55);
insert into STATION values (458, '8', 198, -75.21, 17.73, 27.81);
insert into STATION values (459, '9', 198, -76.72, 20.67, 28.17);
insert into STATION values (460, '10', 198, -79.53, 20.87, 28.38);
insert into STATION values (461, '11', 198, -79.14, 21.85, 29.05);
insert into STATION values (462, '12', 198, -79.03, 25.68, 29.13);
insert into STATION values (463, '13', 198, -81.35, 29.06, 25.80);
insert into STATION values (464, '14', 198, -81.40, 29.07, 22.95);
insert into STATION values (465, '15', 198, -86.83, 28.90, 22.90);
insert into STATION values (466, '0', 202, -79.53, 20.87, 28.38);
insert into STATION values (467, '1', 202, -75.88, 22.58, 29.69);
insert into STATION values (468, '2', 202, -74.75, 23.53, 31.17);
insert into STATION values (469, '3', 202, -71.98, 19.59, 36.92);
insert into STATION values (470, '4', 202, -71.65, 21.46, 36.92);
insert into STATION values (471, '5', 202, -71.65, 21.46, 36.12);
insert into STATION values (472, '6', 202, -68.98, 22.83, 36.12);
insert into STATION values (473, '7', 202, -67.57, 18.98, 36.33);
insert into STATION values (474, '8', 202, -65.88, 18.93, 36.18);
insert into STATION values (475, '9', 202, -65.46, 17.38, 36.18);
insert into STATION values (476, '10', 202, -64.55, 15.74, 36.87);
insert into STATION values (477, '11', 202, -62.32, 17.75, 36.87);
insert into STATION values (478, '12', 202, -61.05, 18.82, 34.74);
insert into STATION values (479, '13', 202, -60.07, 20.08, 34.74);
insert into STATION values (480, '14', 202, -59.00, 16.12, 34.74);
insert into STATION values (481, '15', 202, -57.48, 13.50, 36.49);
insert into STATION values (482, '16', 202, -56.50, 14.76, 36.49);
insert into STATION values (483, '17', 202, -54.43, 14.01, 36.49);
insert into STATION values (484, '18', 202, -53.83, 17.46, 37.11);
insert into STATION values (485, '19', 202, -51.44, 18.84, 39.42);
insert into STATION values (486, '20', 202, -49.28, 18.84, 40.21);
insert into STATION values (487, '21', 202, -49.12, 18.96, 40.22);
insert into STATION values (488, '22', 202, -46.66, 20.68, 40.38);
insert into STATION values (489, '23', 202, -44.21, 22.40, 40.54);
insert into STATION values (490, '24', 202, -43.40, 22.97, 40.59);
insert into STATION values (491, '0', 206, -79.53, 20.87, 28.38);
insert into STATION values (492, '1', 206, -81.35, 15.02, 29.88);
insert into STATION values (493, '2', 206, -84.02, 13.45, 24.39);
insert into STATION values (494, '0', 210, -75.83, 3.97, 26.06);
insert into STATION values (495, '1', 210, -71.76, 0.37, 27.75);
insert into STATION values (496, '2', 210, -66.59, -3.05, 29.32);
insert into STATION values (497, '3', 210, -60.39, -5.89, 29.47);
insert into STATION values (498, '4', 210, -57.35, -7.31, 28.38);
insert into STATION values (499, '5', 210, -53.94, -9.29, 29.22);
insert into STATION values (500, '6', 210, -50.39, -11.86, 29.14);
insert into STATION values (501, '7', 210, -47.21, -10.68, 27.91);
insert into STATION values (502, '8', 210, -47.12, -10.67, 22.60);
insert into STATION values (503, '9', 210, -45.27, -8.91, 22.64);
insert into STATION values (504, '10', 210, -42.37, -5.68, 19.97);
insert into STATION values (505, '11', 210, -44.40, -4.51, 19.12);
insert into STATION values (506, '0', 214, -45.27, -8.91, 22.64);
insert into STATION values (507, '1', 214, -43.70, -17.20, 26.57);
insert into STATION values (508, '2', 214, -46.25, -20.11, 26.51);
insert into STATION values (509, '3', 214, -48.43, -27.59, 25.63);
insert into STATION values (510, '4', 214, -52.54, -29.64, 24.06);
insert into STATION values (511, '0', 218, -52.54, -29.64, 24.06);
insert into STATION values (512, '1', 218, -52.86, -27.85, 23.79);
insert into STATION values (513, '2', 218, -53.93, -21.98, 22.89);
insert into STATION values (514, '3', 218, -53.64, -18.19, 23.63);
insert into STATION values (515, '4', 218, -52.28, -15.74, 23.29);
insert into STATION values (516, '5', 218, -49.76, -15.47, 22.90);
insert into STATION values (517, '6', 218, -49.53, -12.46, 23.49);
insert into STATION values (518, '7', 218, -45.27, -8.91, 22.64);
insert into STATION values (519, '0', 222, -66.59, -3.05, 29.32);
insert into STATION values (520, '1', 222, -66.67, -3.23, 29.38);
insert into STATION values (521, '2', 222, -72.15, -15.59, 33.00);
insert into STATION values (522, '0', 226, -50.39, -11.86, 29.14);
insert into STATION values (523, '1', 226, -50.85, -14.04, 29.74);
insert into STATION values (524, '2', 226, -47.50, -16.37, 27.84);
insert into STATION values (525, '3', 226, -49.38, -18.25, 29.07);
insert into STATION values (526, '4', 226, -53.72, -23.09, 29.07);
insert into STATION values (527, '5', 226, -53.07, -26.73, 29.07);
insert into STATION values (528, '0', 230, -79.03, 25.68, 29.13);
insert into STATION values (529, '1', 230, -77.35, 27.79, 32.89);
insert into STATION values (530, '2', 230, -78.07, 29.54, 30.93);
insert into STATION values (531, '3', 230, -79.22, 32.45, 29.63);
insert into STATION values (532, '4', 230, -75.78, 32.00, 27.28);
insert into STATION values (533, '0', 234, -83.25, -17.39, 24.25);
insert into STATION values (534, '1', 234, -73.31, -11.48, 26.54);
insert into STATION values (535, '2', 234, -70.12, -6.82, 24.33);
insert into STATION values (536, '3', 234, -69.09, -10.77, 24.66);
insert into STATION values (537, '4', 234, -67.13, -13.60, 25.31);
insert into STATION values (538, '5', 234, -65.35, -15.91, 23.65);
insert into STATION values (539, '6', 234, -65.04, -14.42, 24.23);
insert into STATION values (540, '7', 234, -63.19, -14.74, 24.94);
insert into STATION values (541, '8', 234, -62.11, -12.84, 25.68);
insert into STATION values (542, '9', 234, -57.57, -7.28, 24.51);
insert into STATION values (543, '10', 234, -56.77, -6.31, 23.04);
insert into STATION values (544, '11', 234, -57.96, -5.63, 21.44);
insert into STATION values (545, '12', 234, -56.59, -2.64, 22.67);
insert into STATION values (546, '13', 234, -55.34, 0.09, 19.14);
insert into STATION values (547, '14', 234, -55.10, 3.27, 18.89);
insert into STATION values (548, '15', 234, -49.63, 6.75, 23.75);
insert into STATION values (549, '0', 238, -65.35, -15.91, 23.65);
insert into STATION values (550, '1', 238, -65.83, -17.24, 21.97);
insert into STATION values (551, '2', 238, -64.99, -19.53, 22.86);
insert into STATION values (552, '3', 238, -64.92, -19.71, 22.93);
insert into STATION values (553, '4', 238, -65.29, -19.88, 22.93);
insert into STATION values (554, '5', 238, -68.91, -21.58, 23.00);
insert into STATION values (555, '0', 242, -64.92, -19.71, 22.93);
insert into STATION values (556, '1', 242, -63.90, -21.49, 24.98);
insert into STATION values (557, '2', 242, -64.18, -21.89, 24.89);
insert into STATION values (558, '3', 242, -65.59, -23.91, 24.46);
insert into STATION values (559, '0', 246, -63.90, -21.49, 24.98);
insert into STATION values (560, '1', 246, -60.81, -25.15, 26.72);
insert into STATION values (561, '0', 250, -73.72, -18.20, 23.02);
insert into STATION values (562, '1', 250, -73.63, -18.04, 22.79);
insert into STATION values (563, '2', 250, -72.02, -15.25, 18.96);
insert into STATION values (564, '3', 250, -68.54, -15.86, 22.49);
insert into STATION values (565, '4', 250, -65.35, -15.91, 23.65);
insert into STATION values (566, '0', 254, -63.55, 11.45, 21.55);
insert into STATION values (567, '1', 254, -60.12, 5.52, 23.00);
insert into STATION values (568, '2', 254, -59.24, 3.12, 22.55);
insert into STATION values (569, '3', 254, -55.10, 3.27, 21.89);
insert into STATION values (570, '4', 254, -55.10, 3.27, 18.89);
insert into STATION values (571, '0', 258, -60.12, 5.52, 23.00);
insert into STATION values (572, '1', 258, -60.28, 9.80, 24.39);
insert into STATION values (573, '2', 258, -62.49, 12.25, 24.39);
insert into STATION values (574, '3', 258, -63.12, 17.33, 23.49);
insert into STATION values (575, '0', 262, -119.58, 20.79, -5.69);
insert into STATION values (576, '1', 262, -119.55, 20.80, -5.83);
insert into STATION values (577, '2', 262, -119.53, 20.79, -11.37);
insert into STATION values (578, '3', 262, -119.82, 18.80, -11.40);
insert into STATION values (579, '4', 262, -119.80, 18.86, -18.19);
insert into STATION values (580, '5', 262, -121.17, 23.50, -23.09);
insert into STATION values (581, '6', 262, -126.50, 25.99, -28.41);
insert into STATION values (582, '7', 262, -122.80, 30.72, -36.39);
insert into STATION values (583, '8', 262, -118.67, 32.10, -42.69);
insert into STATION values (584, '0', 266, -78.07, 29.54, 30.93);
insert into STATION values (585, '1', 266, -81.06, 28.45, 31.21);
insert into STATION values (586, '2', 266, -81.05, 19.61, 36.31);
insert into STATION values (587, '0', 270, -70.48, 25.60, 0.27);
insert into STATION values (588, '1', 270, -70.48, 25.61, 0.26);
insert into STATION values (589, '2', 270, -73.32, 33.38, -1.19);
insert into STATION values (590, '3', 270, -73.32, 36.92, 3.02);
insert into STATION values (591, '4', 270, -69.59, 43.40, 6.51);
insert into STATION values (592, '5', 270, -69.67, 43.50, 6.49);
insert into STATION values (593, '6', 270, -75.17, 38.40, 15.09);
insert into STATION values (594, '7', 270, -77.43, 39.91, 16.06);
insert into STATION values (595, '8', 270, -78.56, 33.96, 20.34);
insert into STATION values (596, '9', 270, -75.91, 33.52, 25.38);
insert into STATION values (597, '10', 270, -75.72, 31.97, 27.29);
insert into STATION values (598, '11', 270, -75.78, 32.00, 27.28);
insert into STATION values (599, '0', 274, -70.48, 25.61, 0.26);
insert into STATION values (600, '1', 274, -68.76, 26.42, 0.88);
insert into STATION values (601, '2', 274, -67.18, 32.34, -4.26);
insert into STATION values (602, '0', 278, -47.21, -10.68, 27.91);
insert into STATION values (603, '1', 278, -47.38, -9.59, 26.80);
insert into STATION values (604, '2', 278, -47.57, -8.50, 28.41);
insert into STATION values (605, '3', 278, -51.88, -8.88, 32.11);
insert into STATION values (606, '4', 278, -52.41, -6.83, 34.28);
insert into STATION values (607, '5', 278, -49.59, -11.47, 38.75);
insert into STATION values (608, '6', 278, -52.34, -13.06, 41.18);
insert into STATION values (609, '7', 278, -57.67, -11.65, 45.14);
insert into STATION values (610, '8', 278, -57.33, -10.42, 44.27);
insert into STATION values (611, '9', 278, -57.73, -9.29, 41.71);
insert into STATION values (612, '10', 278, -58.41, -7.38, 40.99);
insert into STATION values (613, '11', 278, -59.09, -5.48, 39.00);
insert into STATION values (614, '12', 278, -59.61, -6.91, 39.02);
insert into STATION values (615, '13', 278, -59.69, -7.12, 29.20);
insert into STATION values (616, '14', 278, -60.39, -5.89, 29.47);
insert into STATION values (617, '0', 282, -59.09, -5.48, 39.00);
insert into STATION values (618, '1', 282, -57.75, -3.21, 39.96);
insert into STATION values (619, '2', 282, -58.77, -0.34, 39.96);
insert into STATION values (620, '3', 282, -59.52, 5.35, 39.15);
insert into STATION values (621, '4', 282, -58.77, 7.36, 37.35);
insert into STATION values (622, '5', 282, -55.32, 7.94, 43.41);
insert into STATION values (623, '6', 282, -52.85, 8.36, 47.74);
insert into STATION values (624, '0', 286, -47.38, -9.59, 26.80);
insert into STATION values (625, '1', 286, -45.58, -8.08, 26.11);
insert into STATION values (626, '2', 286, -49.15, -5.80, 26.90);
insert into STATION values (627, '3', 286, -50.17, -2.82, 25.30);
insert into STATION values (628, '4', 286, -51.52, 0.12, 20.51);
insert into STATION values (629, '5', 286, -51.05, 3.92, 21.68);
insert into STATION values (630, '6', 286, -49.30, 6.34, 22.42);
insert into STATION values (631, '7', 286, -49.63, 6.75, 23.75);
insert into STATION values (632, '8', 286, -47.02, 8.66, 22.75);
insert into STATION values (633, '9', 286, -40.47, 7.73, 22.29);
insert into STATION values (634, '10', 286, -37.50, 4.24, 22.45);
insert into STATION values (635, '11', 286, -39.23, 1.06, 21.56);
insert into STATION values (636, '12', 286, -44.13, -3.30, 22.13);
insert into STATION values (637, '13', 286, -42.17, -3.71, 22.13);
insert into STATION values (638, '14', 286, -42.37, -5.68, 19.97);
insert into STATION values (639, '0', 290, -49.63, 6.75, 23.75);
insert into STATION values (640, '1', 290, -51.23, 7.94, 23.03);
insert into STATION values (641, '2', 290, -52.31, 9.52, 23.01);
insert into STATION values (642, '3', 290, -53.74, 11.29, 22.61);
insert into STATION values (643, '4', 290, -55.04, 10.32, 22.59);
insert into STATION values (644, '5', 290, -56.51, 8.46, 23.00);
insert into STATION values (645, '6', 290, -56.80, 6.41, 22.98);
insert into STATION values (646, '7', 290, -57.49, 7.02, 24.47);
insert into STATION values (647, '8', 290, -57.77, 5.07, 24.45);
insert into STATION values (648, '0', 294, -51.52, 0.12, 20.51);
insert into STATION values (649, '1', 294, -54.08, 0.38, 23.46);
insert into STATION values (650, '2', 294, -58.74, 0.94, 24.69);
insert into STATION values (651, '3', 294, -58.74, 2.77, 24.44);
insert into STATION values (652, '4', 294, -57.77, 5.07, 24.45);
insert into STATION values (653, '5', 294, -59.47, 6.99, 25.81);
insert into STATION values (654, '6', 294, -59.27, 9.07, 25.63);
insert into STATION values (655, '7', 294, -60.91, 9.53, 25.87);
insert into STATION values (656, '8', 294, -61.19, 16.00, 25.42);
insert into STATION values (657, '0', 298, -50.17, -2.82, 25.30);
insert into STATION values (658, '1', 298, -48.43, -0.58, 25.75);
insert into STATION values (659, '2', 298, -46.41, -0.85, 23.65);
insert into STATION values (660, '3', 298, -44.55, -1.84, 23.62);
insert into STATION values (661, '4', 298, -42.17, -3.71, 22.13);
insert into STATION values (662, '0', 302, -42.17, -3.71, 22.13);
insert into STATION values (663, '1', 302, -42.21, -3.71, 22.18);
insert into STATION values (664, '2', 302, -47.10, -3.67, 28.00);
insert into STATION values (665, '3', 302, -46.29, 0.72, 28.78);
insert into STATION values (666, '4', 302, -43.67, 1.16, 31.94);
insert into STATION values (667, '5', 302, -43.69, 1.16, 31.99);
insert into STATION values (668, '6', 302, -43.71, 1.17, 32.03);
insert into STATION values (669, '7', 302, -45.86, 1.56, 36.70);
insert into STATION values (670, '0', 306, -50.17, -2.82, 25.30);
insert into STATION values (671, '1', 306, -49.56, -2.22, 22.95);
insert into STATION values (672, '2', 306, -48.37, -0.60, 20.94);
insert into STATION values (673, '3', 306, -46.08, -2.55, 19.84);
insert into STATION values (674, '0', 310, -57.77, 5.07, 24.45);
insert into STATION values (675, '1', 310, -63.48, 4.11, 25.27);
insert into STATION values (676, '2', 310, -64.17, 2.27, 25.61);
insert into STATION values (677, '0', 314, -58.74, 2.77, 24.44);
insert into STATION values (678, '1', 314, -61.28, 2.80, 25.62);
insert into STATION values (679, '2', 314, -60.50, -1.84, 27.33);
insert into STATION values (680, '0', 318, -58.74, 2.77, 24.44);
insert into STATION values (681, '1', 318, -62.23, 8.46, 22.65);
insert into STATION values (682, '0', 322, -2.17, 18.40, 12.24);
insert into STATION values (683, '1', 322, -17.79, 15.64, 25.92);
insert into STATION values (684, '2', 322, -32.87, 14.76, 38.94);
insert into STATION values (685, '3', 322, -47.37, 16.70, 52.04);
insert into STATION values (686, '4', 322, -57.48, 19.66, 51.99);
insert into STATION values (687, '0', 326, -57.48, 19.66, 51.99);
insert into STATION values (688, '1', 326, -57.47, 19.65, 52.01);
insert into STATION values (689, '2', 326, -67.34, 21.76, 53.99);
insert into STATION values (690, '3', 326, -78.00, 18.75, 61.02);
insert into STATION values (691, '4', 326, -77.85, 25.97, 63.76);
insert into STATION values (692, '5', 326, -77.85, 25.97, 63.77);
insert into STATION values (693, '6', 326, -78.38, 31.36, 70.32);
insert into STATION values (694, '7', 326, -77.52, 33.26, 70.33);
insert into STATION values (695, '8', 326, -77.51, 33.29, 70.38);
insert into STATION values (696, '9', 326, -75.71, 33.60, 70.40);
insert into STATION values (697, '10', 326, -74.80, 35.51, 71.41);
insert into STATION values (698, '11', 326, -70.79, 38.58, 68.81);
insert into STATION values (699, '12', 326, -72.32, 42.95, 68.21);
insert into STATION values (700, '13', 326, -77.92, 43.33, 71.30);
insert into STATION values (701, '14', 326, -77.17, 46.69, 73.49);
insert into STATION values (702, '15', 326, -75.73, 48.71, 73.96);
insert into STATION values (703, '16', 326, -69.81, 51.65, 68.19);
insert into STATION values (704, '17', 326, -66.07, 54.51, 68.66);
insert into STATION values (705, '18', 326, -62.99, 56.00, 68.70);
insert into STATION values (706, '19', 326, -62.31, 56.18, 71.28);
insert into STATION values (707, '20', 326, -60.53, 59.74, 69.04);
insert into STATION values (708, '21', 326, -58.79, 62.46, 70.94);
insert into STATION values (709, '22', 326, -57.01, 66.16, 70.11);
insert into STATION values (710, '23', 326, -56.99, 67.66, 70.13);
insert into STATION values (711, '24', 326, -58.65, 70.59, 65.37);
insert into STATION values (712, '25', 326, -62.14, 74.53, 59.18);
insert into STATION values (713, '26', 326, -62.13, 74.55, 59.22);
insert into STATION values (714, '27', 326, -61.34, 72.46, 56.09);
insert into STATION values (715, '28', 326, -64.28, 72.56, 48.00);
insert into STATION values (716, '29', 326, -64.26, 72.56, 48.06);
insert into STATION values (717, '30', 326, -64.28, 72.57, 48.08);
insert into STATION values (718, '31', 326, -64.44, 71.29, 47.63);
insert into STATION values (719, '32', 326, -65.25, 72.06, 46.73);
insert into STATION values (720, '33', 326, -67.32, 75.35, 42.97);
insert into STATION values (721, '34', 326, -67.41, 75.46, 35.24);
insert into STATION values (722, '35', 326, -67.98, 76.38, 35.26);
insert into STATION values (723, '36', 326, -68.04, 76.44, 35.28);
insert into STATION values (724, '37', 326, -68.12, 76.45, 35.22);
insert into STATION values (725, '38', 326, -73.14, 76.16, 27.29);
insert into STATION values (726, '39', 326, -70.91, 66.97, 25.28);
insert into STATION values (727, '40', 326, -73.54, 61.31, 24.87);
insert into STATION values (728, '41', 326, -68.38, 59.15, 22.18);
insert into STATION values (729, '42', 326, -69.39, 50.76, 19.94);
insert into STATION values (730, '43', 326, -68.22, 42.32, 16.83);
insert into STATION values (731, '44', 326, -70.18, 40.25, 15.22);
insert into STATION values (732, '45', 326, -69.59, 43.40, 6.51);
insert into STATION values (733, '0', 330, -58.79, 62.46, 70.94);
insert into STATION values (734, '1', 330, -58.80, 62.46, 70.93);
insert into STATION values (735, '2', 330, -66.10, 61.16, 66.99);
insert into STATION values (736, '0', 334, -53.67, 53.48, 73.29);
insert into STATION values (737, '1', 334, -53.68, 53.48, 73.28);
insert into STATION values (738, '2', 334, -56.04, 54.85, 72.29);
insert into STATION values (739, '3', 334, -54.46, 59.20, 73.11);
insert into STATION values (740, '4', 334, -57.01, 66.16, 70.11);
insert into STATION values (741, '0', 338, -64.26, 72.56, 48.06);
insert into STATION values (742, '1', 338, -65.97, 65.42, 45.82);
insert into STATION values (743, '2', 338, -69.96, 61.56, 45.42);
insert into STATION values (744, '3', 338, -66.36, 54.43, 46.70);
insert into STATION values (745, '4', 338, -64.31, 46.55, 51.26);
insert into STATION values (746, '5', 338, -63.95, 42.58, 53.18);
insert into STATION values (747, '6', 338, -60.83, 41.56, 53.99);
insert into STATION values (748, '7', 338, -60.85, 39.57, 54.02);
insert into STATION values (749, '8', 338, -62.33, 36.51, 53.89);
insert into STATION values (750, '9', 338, -61.27, 34.97, 54.08);
insert into STATION values (751, '10', 338, -59.27, 30.30, 56.23);
insert into STATION values (752, '11', 338, -57.20, 29.94, 57.25);
insert into STATION values (753, '12', 338, -55.46, 27.98, 58.25);
insert into STATION values (754, '13', 338, -52.38, 26.98, 57.11);
insert into STATION values (755, '0', 342, -64.26, 72.56, 48.06);
insert into STATION values (756, '1', 342, -64.16, 72.60, 48.05);
insert into STATION values (757, '2', 342, -57.70, 78.21, 49.35);
insert into STATION values (758, '3', 342, -57.03, 81.62, 48.88);
insert into STATION values (759, '4', 342, -61.40, 80.70, 51.47);
insert into STATION values (760, '5', 342, -61.41, 80.70, 51.47);
insert into STATION values (761, '6', 342, -68.20, 77.95, 53.85);
insert into STATION values (762, '7', 342, -66.97, 75.32, 56.46);
insert into STATION values (763, '8', 342, -60.78, 77.58, 61.99);
insert into STATION values (764, '0', 346, -61.40, 80.70, 51.47);
insert into STATION values (765, '1', 346, -64.10, 86.57, 49.21);
insert into STATION values (766, '2', 346, -64.04, 89.09, 47.83);
insert into STATION values (767, '3', 346, -63.76, 89.19, 47.70);
insert into STATION values (768, '4', 346, -59.32, 91.00, 45.75);
insert into STATION values (769, '5', 346, -56.62, 92.15, 44.55);
insert into STATION values (770, '6', 346, -53.91, 93.31, 43.35);
insert into STATION values (771, '7', 346, -53.63, 92.82, 42.55);
insert into STATION values (772, '8', 346, -50.30, 87.29, 33.23);
insert into STATION values (773, '0', 350, -57.48, 19.66, 51.99);
insert into STATION values (774, '1', 350, -52.38, 26.98, 57.11);
insert into STATION values (775, '0', 354, -68.04, 76.44, 35.28);
insert into STATION values (776, '1', 354, -68.00, 76.40, 35.33);
insert into STATION values (777, '2', 354, -71.65, 83.33, 27.43);
insert into STATION values (778, '3', 354, -62.59, 83.81, 22.44);
insert into STATION values (779, '4', 354, -62.11, 83.84, 22.19);
insert into STATION values (780, '0', 358, -73.14, 76.16, 27.29);
insert into STATION values (781, '1', 358, -79.34, 75.94, 27.29);
insert into STATION values (782, '2', 358, -80.72, 68.09, 27.99);
insert into STATION values (783, '3', 358, -78.49, 65.44, 29.99);
insert into STATION values (784, '0', 362, -78.00, 18.75, 61.02);
insert into STATION values (785, '1', 362, -77.99, 18.74, 61.02);
insert into STATION values (786, '2', 362, -73.88, 11.90, 60.46);
insert into STATION values (787, '3', 362, -72.85, 10.19, 60.32);
insert into STATION values (788, '0', 366, -78.00, 18.75, 61.02);
insert into STATION values (789, '1', 366, -85.20, 16.81, 66.24);
insert into STATION values (790, '2', 366, -85.59, 16.71, 66.53);
insert into STATION values (791, '0', 370, -77.85, 25.97, 63.76);
insert into STATION values (792, '1', 370, -73.16, 26.26, 66.30);
insert into STATION values (793, '2', 370, -73.16, 26.26, 66.30);
insert into STATION values (794, '3', 370, -66.87, 33.50, 62.81);
insert into STATION values (795, '0', 374, -73.16, 26.26, 66.30);
insert into STATION values (796, '1', 374, -76.29, 22.52, 70.48);
insert into STATION values (797, '2', 374, -84.52, 10.71, 74.67);
insert into STATION values (798, '3', 374, -84.90, 6.04, 74.88);
insert into STATION values (799, '0', 378, -57.48, 19.66, 51.99);
insert into STATION values (800, '1', 378, -57.42, 19.74, 52.00);
insert into STATION values (801, '2', 378, -51.31, 28.81, 53.15);
insert into STATION values (802, '3', 378, -51.26, 32.31, 53.27);
insert into STATION values (803, '4', 378, -49.17, 38.05, 54.35);
insert into STATION values (804, '5', 378, -45.84, 39.26, 53.72);
insert into STATION values (805, '6', 378, -45.51, 40.19, 53.55);
insert into STATION values (806, '0', 382, -51.31, 28.81, 53.15);
insert into STATION values (807, '1', 382, -50.31, 27.08, 53.15);
insert into STATION values (808, '0', 386, -51.26, 32.31, 53.27);
insert into STATION values (809, '1', 386, -51.25, 32.30, 53.28);
insert into STATION values (810, '2', 386, -49.20, 29.87, 56.46);
insert into STATION values (811, '3', 386, -48.98, 29.60, 56.82);
insert into STATION values (812, '0', 390, -70.91, 66.97, 25.28);
insert into STATION values (813, '1', 390, -68.04, 69.84, 21.88);
insert into STATION values (814, '2', 390, -67.29, 74.08, 21.80);
insert into STATION values (815, '3', 390, -65.56, 74.23, 22.44);
insert into STATION values (816, '4', 390, -63.69, 73.36, 18.55);
insert into STATION values (817, '5', 390, -63.79, 78.74, 11.91);
insert into STATION values (818, '6', 390, -61.95, 82.35, 8.50);
insert into STATION values (819, '7', 390, -58.62, 88.89, 7.47);
insert into STATION values (820, '8', 390, -52.45, 96.25, 10.59);
insert into STATION values (821, '9', 390, -54.15, 100.89, 7.96);
insert into STATION values (822, '10', 390, -51.23, 105.06, 2.31);
insert into STATION values (823, '11', 390, -55.15, 113.45, -4.17);
insert into STATION values (824, '12', 390, -53.11, 114.40, -5.47);
insert into STATION values (825, '13', 390, -52.72, 118.97, -8.68);
insert into STATION values (826, '14', 390, -54.40, 120.38, -8.68);
insert into STATION values (827, '15', 390, -55.61, 122.97, -7.03);
insert into STATION values (828, '0', 394, -68.04, 69.84, 21.88);
insert into STATION values (829, '1', 394, -69.08, 72.08, 19.13);
insert into STATION values (830, '0', 398, -67.29, 74.08, 21.80);
insert into STATION values (831, '1', 398, -64.95, 71.48, 21.74);
insert into STATION values (832, '2', 398, -64.14, 68.47, 19.56);
insert into STATION values (833, '0', 402, -76.38, 23.37, -19.96);
insert into STATION values (834, '1', 402, -75.31, 20.43, -18.83);
insert into STATION values (835, '2', 402, -74.24, 17.49, -17.69);
insert into STATION values (836, '3', 402, -74.24, 17.48, -9.69);
insert into STATION values (837, '4', 402, -72.91, 19.78, -5.10);
insert into STATION values (838, '5', 402, -74.43, 21.59, -4.68);
insert into STATION values (839, '6', 402, -69.91, 22.39, -2.03);
insert into STATION values (840, '7', 402, -70.48, 25.61, 0.26);
insert into STATION values (841, '0', 406, -74.24, 17.48, -9.69);
insert into STATION values (842, '1', 406, -71.82, 12.30, -10.69);
insert into STATION values (843, '2', 406, -76.68, 11.88, -7.76);
insert into STATION values (844, '3', 406, -77.72, 9.04, -4.16);
insert into STATION values (845, '4', 406, -76.75, 8.94, -4.17);
insert into STATION values (846, '5', 406, -78.29, 6.98, -3.95);
insert into STATION values (847, '6', 406, -79.69, 6.47, -3.82);
insert into STATION values (848, '7', 406, -81.09, 6.97, -5.31);
insert into STATION values (849, '0', 410, -77.72, 9.04, -4.16);
insert into STATION values (850, '1', 410, -77.56, 9.99, -4.13);
insert into STATION values (851, '2', 410, -76.75, 8.94, -4.17);
insert into STATION values (852, '0', 414, -84.90, 6.04, 74.88);
insert into STATION values (853, '1', 414, -95.53, -2.46, 77.06);
insert into STATION values (854, '2', 414, -107.04, -10.53, 81.36);
insert into STATION values (855, '3', 414, -113.46, -2.32, 83.57);
insert into STATION values (856, '0', 418, -95.53, -2.46, 77.06);
insert into STATION values (857, '1', 418, -100.59, 1.92, 81.50);
insert into STATION values (858, '2', 418, -99.21, -11.18, 76.18);
insert into STATION values (859, '0', 422, -100.59, 1.92, 81.50);
insert into STATION values (860, '1', 422, -101.57, 2.30, 82.12);
insert into STATION values (861, '2', 422, -103.18, 3.48, 84.14);
insert into STATION values (862, '3', 422, -101.35, 3.49, 85.26);
insert into STATION values (863, '4', 422, -98.52, 6.33, 83.68);
insert into STATION values (864, '5', 422, -99.63, 8.74, 84.67);
insert into STATION values (865, '6', 422, -97.31, 9.59, 83.27);
insert into STATION values (866, '7', 422, -97.97, 9.84, 79.29);
insert into STATION values (867, '8', 422, -96.21, 12.88, 78.70);
insert into STATION values (868, '9', 422, -94.27, 15.99, 78.09);
insert into STATION values (869, '10', 422, -97.52, 15.13, 80.96);
insert into STATION values (870, '11', 422, -96.37, 17.58, 80.41);
insert into STATION values (871, '12', 422, -95.69, 19.04, 80.71);
insert into STATION values (872, '13', 422, -93.17, 21.56, 74.15);
insert into STATION values (873, '14', 422, -87.29, 22.14, 68.37);
insert into STATION values (874, '15', 422, -87.28, 23.76, 68.39);
insert into STATION values (875, '16', 422, -85.90, 24.01, 66.74);
insert into STATION values (876, '17', 422, -81.60, 26.51, 68.39);
insert into STATION values (877, '18', 422, -80.75, 30.43, 70.74);
insert into STATION values (878, '19', 422, -77.52, 33.26, 70.33);
insert into STATION values (879, '0', 426, -113.46, -2.32, 83.57);
insert into STATION values (880, '1', 426, -112.34, 0.78, 83.57);
insert into STATION values (881, '2', 426, -112.33, 0.81, 68.97);
insert into STATION values (882, '3', 426, -111.02, 2.48, 66.85);
insert into STATION values (883, '4', 426, -111.01, 2.49, 66.84);
insert into STATION values (884, '5', 426, -107.96, 5.15, 65.12);
insert into STATION values (885, '6', 426, -106.46, -0.45, 66.67);
insert into STATION values (886, '7', 426, -106.21, -1.38, 66.93);
insert into STATION values (887, '0', 430, -111.02, 2.48, 66.85);
insert into STATION values (888, '1', 430, -111.63, 4.35, 66.50);
insert into STATION values (889, '2', 430, -111.63, 4.36, 69.55);
insert into STATION values (890, '3', 430, -114.30, 5.49, 70.67);
insert into STATION values (891, '4', 430, -114.31, 5.49, 70.67);
insert into STATION values (892, '5', 430, -115.80, 5.64, 71.54);
insert into STATION values (893, '6', 430, -115.81, 5.65, 71.54);
insert into STATION values (894, '7', 430, -115.85, 5.65, 51.54);
insert into STATION values (895, '8', 430, -118.83, 5.96, 51.59);
insert into STATION values (896, '0', 434, -114.30, 5.49, 70.67);
insert into STATION values (897, '1', 434, -114.30, 5.48, 70.67);
insert into STATION values (898, '2', 434, -114.31, 5.44, 49.67);
insert into STATION values (899, '3', 434, -115.03, 3.58, 49.70);
insert into STATION values (900, '0', 438, -99.21, -11.18, 76.18);
insert into STATION values (901, '1', 438, -99.29, -10.68, 76.18);
insert into STATION values (902, '2', 438, -99.55, -9.21, 67.71);
insert into STATION values (903, '3', 438, -107.43, -12.72, 61.89);
insert into STATION values (904, '4', 438, -103.69, -14.39, 62.04);
insert into STATION values (905, '0', 442, -4.92, 52.22, -5.07);
insert into STATION values (906, '1', 442, -7.41, 45.34, -2.30);
insert into STATION values (907, '2', 442, -7.56, 41.20, -2.54);
insert into STATION values (908, '3', 442, -6.89, 38.01, -3.13);
insert into STATION values (909, '4', 442, -5.18, 35.62, -5.88);
insert into STATION values (910, '5', 442, -5.23, 35.56, -5.96);
insert into STATION values (911, '6', 442, -5.17, 35.62, -26.39);
insert into STATION values (912, '7', 442, -6.40, 33.36, -25.35);
insert into STATION values (913, '0', 446, -4.37, -0.26, -0.85);
insert into STATION values (914, '1', 446, -4.43, -0.19, -0.87);
insert into STATION values (915, '2', 446, -4.48, 3.97, -0.14);
insert into STATION values (916, '3', 446, -4.45, 5.70, 0.16);
insert into STATION values (917, '4', 446, -4.60, 8.89, -1.32);
insert into STATION values (918, '5', 446, -6.35, 10.50, -2.16);
insert into STATION values (919, '6', 446, -5.86, 12.83, -1.74);
insert into STATION values (920, '7', 446, -10.84, 12.73, -1.07);
insert into STATION values (921, '8', 446, -12.84, 15.71, -1.69);
insert into STATION values (922, '9', 446, -14.31, 17.93, -1.65);
insert into STATION values (923, '10', 446, -16.70, 22.05, -2.47);
insert into STATION values (924, '11', 446, -22.90, 27.41, -9.38);
insert into STATION values (925, '12', 446, -20.31, 27.73, -10.37);
insert into STATION values (926, '13', 446, -19.98, 31.66, -13.66);
insert into STATION values (927, '14', 446, -20.33, 37.33, -18.67);
insert into STATION values (928, '15', 446, -21.50, 38.14, -19.13);
insert into STATION values (929, '16', 446, -22.18, 39.60, -20.48);
insert into STATION values (930, '17', 446, -22.18, 39.60, -25.28);
insert into STATION values (931, '18', 446, -27.05, 39.43, -26.14);
insert into STATION values (932, '19', 446, -25.96, 35.33, -30.39);
insert into STATION values (933, '20', 446, -29.29, 35.92, -31.62);
insert into STATION values (934, '0', 450, -16.70, 22.05, -2.47);
insert into STATION values (935, '1', 450, -19.53, 17.16, -1.57);
insert into STATION values (936, '2', 450, -24.81, 16.97, -2.04);
insert into STATION values (937, '3', 450, -25.71, 10.61, -1.13);
insert into STATION values (938, '4', 450, -29.20, 12.62, 0.18);
insert into STATION values (939, '5', 450, -30.49, 10.39, -1.03);
insert into STATION values (940, '6', 450, -30.09, 8.12, -1.03);
insert into STATION values (941, '0', 454, -29.20, 12.62, 0.18);
insert into STATION values (942, '1', 454, -29.89, 10.51, 0.77);
insert into STATION values (943, '2', 454, -34.40, 7.91, -3.60);
insert into STATION values (944, '3', 454, -32.40, 7.91, -3.60);
insert into STATION values (945, '0', 458, -4.37, -0.26, -0.85);
insert into STATION values (946, '1', 458, -4.01, -2.34, -2.62);
insert into STATION values (947, '2', 458, -4.38, -6.65, -2.55);
insert into STATION values (948, '3', 458, -3.54, -7.66, -3.02);
insert into STATION values (949, '4', 458, -3.23, -11.15, -3.02);
insert into STATION values (950, '5', 458, -3.23, -11.15, -4.32);
insert into STATION values (951, '6', 458, -3.73, -12.88, -4.32);
insert into STATION values (952, '0', 462, -4.38, -6.65, -2.55);
insert into STATION values (953, '1', 462, -4.37, -6.64, -2.55);
insert into STATION values (954, '2', 462, -2.54, -4.81, -2.55);
insert into STATION values (955, '3', 462, -0.54, -7.12, -2.01);
insert into STATION values (956, '0', 466, -7.37, -1.17, -2.41);
insert into STATION values (957, '1', 466, -7.25, 0.23, -5.57);
insert into STATION values (958, '2', 466, -6.22, 2.00, -3.84);
insert into STATION values (959, '3', 466, -7.02, 1.86, 0.79);
insert into STATION values (960, '0', 470, -10.98, -8.75, -2.17);
insert into STATION values (961, '1', 470, -11.26, -8.35, -2.26);
insert into STATION values (962, '2', 470, -14.45, -3.79, -3.24);
insert into STATION values (963, '0', 474, -10.98, -8.75, -2.17);
insert into STATION values (964, '1', 474, -12.78, -9.58, -3.55);
insert into STATION values (965, '2', 474, -15.67, -8.50, -5.61);
insert into STATION values (966, '3', 474, -16.33, -6.55, -7.87);
insert into STATION values (967, '4', 474, -18.71, -3.39, -8.78);
insert into STATION values (968, '5', 474, -18.37, -1.22, -7.86);
insert into STATION values (969, '6', 474, -20.70, 0.37, -8.26);
insert into STATION values (970, '7', 474, -21.10, -0.24, -8.31);
insert into STATION values (971, '8', 474, -21.95, -3.24, -12.86);
insert into STATION values (972, '9', 474, -22.07, -3.25, -22.69);
insert into STATION values (973, '10', 474, -20.14, -3.01, -22.74);
insert into STATION values (974, '11', 474, -18.76, -2.64, -23.16);
insert into STATION values (975, '12', 474, -16.80, -0.95, -23.68);
insert into STATION values (976, '13', 474, -17.14, 0.53, -24.59);
insert into STATION values (977, '14', 474, -17.17, 0.59, -28.23);
insert into STATION values (978, '15', 474, -17.23, 4.03, -29.42);
insert into STATION values (979, '16', 474, -17.56, 5.19, -29.67);
insert into STATION values (980, '17', 474, -19.53, 4.43, -29.71);
insert into STATION values (981, '18', 474, -21.59, 5.34, -29.80);
insert into STATION values (982, '19', 474, -21.58, 5.33, -26.71);
insert into STATION values (983, '20', 474, -19.92, 7.24, -25.70);
insert into STATION values (984, '21', 474, -17.92, 7.55, -26.37);
insert into STATION values (985, '22', 474, -17.35, 8.51, -25.91);
insert into STATION values (986, '23', 474, -16.50, 7.01, -24.13);
insert into STATION values (987, '24', 474, -17.28, 8.11, -23.96);
insert into STATION values (988, '25', 474, -17.28, 8.09, -22.67);
insert into STATION values (989, '26', 474, -14.30, 12.15, -22.07);
insert into STATION values (990, '27', 474, -12.17, 14.20, -21.72);
insert into STATION values (991, '28', 474, -12.11, 14.24, -21.67);
insert into STATION values (992, '29', 474, -11.48, 14.84, -21.54);
insert into STATION values (993, '30', 474, -11.49, 14.81, -25.95);
insert into STATION values (994, '31', 474, -10.32, 12.88, -25.52);
insert into STATION values (995, '32', 474, -7.07, 11.33, -25.59);
insert into STATION values (996, '33', 474, -4.27, 13.04, -26.80);
insert into STATION values (997, '34', 474, -4.44, 11.05, -27.13);
insert into STATION values (998, '35', 474, -4.50, 10.34, -27.26);
insert into STATION values (999, '36', 474, -4.74, 7.66, -27.70);
insert into STATION values (1000, '37', 474, -4.75, 7.63, -31.58);
insert into STATION values (1001, '38', 474, -5.84, 12.21, -33.40);
insert into STATION values (1002, '39', 474, -2.04, 13.63, -34.98);
insert into STATION values (1003, '40', 474, -0.18, 16.18, -36.67);
insert into STATION values (1004, '41', 474, 3.05, 20.18, -41.52);
insert into STATION values (1005, '42', 474, 5.10, 23.89, -43.51);
insert into STATION values (1006, '43', 474, 11.04, 21.64, -48.24);
insert into STATION values (1007, '44', 474, 12.88, 24.35, -48.83);
insert into STATION values (1008, '45', 474, 12.61, 25.55, -48.87);
insert into STATION values (1009, '46', 474, 10.12, 24.66, -48.87);
insert into STATION values (1010, '47', 474, 9.09, 26.38, -48.19);
insert into STATION values (1011, '48', 474, 7.10, 25.25, -48.24);
insert into STATION values (1012, '49', 474, 7.17, 26.25, -48.31);
insert into STATION values (1013, '50', 474, 7.24, 27.24, -48.39);
insert into STATION values (1014, '51', 474, 7.31, 28.23, -48.46);
insert into STATION values (1015, '52', 474, 7.38, 29.23, -48.53);
insert into STATION values (1016, '0', 478, -20.70, 0.37, -8.26);
insert into STATION values (1017, '1', 478, -23.92, 4.97, -9.25);
insert into STATION values (1018, '0', 482, -14.82, -11.56, -1.13);
insert into STATION values (1019, '1', 482, -13.00, -14.17, -0.46);
insert into STATION values (1020, '2', 482, -13.00, -14.17, 2.84);
insert into STATION values (1021, '3', 482, -12.66, -14.89, 2.84);
insert into STATION values (1022, '4', 482, -12.32, -15.62, 2.84);
insert into STATION values (1023, '0', 486, -18.62, -17.88, -0.69);
insert into STATION values (1024, '1', 486, -20.04, -15.14, -0.50);
insert into STATION values (1025, '2', 486, -21.83, -11.83, -0.28);
insert into STATION values (1026, '3', 486, -20.39, -9.19, 0.06);
insert into STATION values (1027, '0', 490, -27.10, -8.55, -0.86);
insert into STATION values (1028, '1', 490, -26.46, -4.94, 0.13);
insert into STATION values (1029, '2', 490, -27.94, -5.20, 2.72);
insert into STATION values (1030, '3', 490, -29.84, -2.15, 2.98);
insert into STATION values (1031, '4', 490, -30.26, -0.17, 2.43);
insert into STATION values (1032, '5', 490, -31.12, 3.02, 2.43);
insert into STATION values (1033, '0', 494, -27.94, -5.20, 2.72);
insert into STATION values (1034, '1', 494, -24.50, -6.45, 3.91);
insert into STATION values (1035, '2', 494, -23.23, -9.16, 2.19);
insert into STATION values (1036, '3', 494, -25.35, -7.93, 1.05);
insert into STATION values (1037, '4', 494, -25.35, -7.94, -1.75);
insert into STATION values (1038, '5', 494, -27.10, -8.55, -0.86);
insert into STATION values (1039, '0', 498, -27.89, -11.32, -0.85);
insert into STATION values (1040, '1', 498, -28.05, -13.15, 0.98);
insert into STATION values (1041, '2', 498, -26.29, -16.20, -0.16);
insert into STATION values (1042, '3', 498, -24.56, -17.28, 1.02);
insert into STATION values (1043, '4', 498, -25.06, -17.87, 0.81);
insert into STATION values (1044, '5', 498, -26.86, -20.18, 3.54);
insert into STATION values (1045, '6', 498, -23.63, -21.35, 4.92);
insert into STATION values (1046, '7', 498, -22.56, -22.25, 5.46);
insert into STATION values (1047, '8', 498, -22.76, -23.69, 6.34);
insert into STATION values (1048, '9', 498, -22.29, -24.76, 9.53);
insert into STATION values (1049, '0', 502, -24.56, -17.28, 1.02);
insert into STATION values (1050, '1', 502, -24.37, -22.60, -2.71);
insert into STATION values (1051, '0', 506, -22.56, -22.25, 5.46);
insert into STATION values (1052, '1', 506, -20.72, -24.29, 7.38);
insert into STATION values (1053, '0', 510, -39.71, -15.81, -1.28);
insert into STATION values (1054, '1', 510, -40.20, -16.32, -1.26);
insert into STATION values (1055, '2', 510, -40.40, -16.55, -1.23);
insert into STATION values (1056, '3', 510, -40.44, -16.62, -3.68);
insert into STATION values (1057, '4', 510, -40.24, -16.22, -3.89);
insert into STATION values (1058, '5', 510, -38.18, -12.18, -6.00);
insert into STATION values (1059, '6', 510, -35.56, -11.72, -6.47);
insert into STATION values (1060, '7', 510, -35.56, -11.72, -9.77);
insert into STATION values (1061, '8', 510, -33.43, -9.17, -11.85);
insert into STATION values (1062, '9', 510, -29.76, -11.20, -14.08);
insert into STATION values (1063, '10', 510, -27.28, -12.25, -13.84);
insert into STATION values (1064, '0', 514, -40.44, -16.62, -3.68);
insert into STATION values (1065, '1', 514, -43.24, -14.91, -3.16);
insert into STATION values (1066, '2', 514, -46.22, -15.12, -1.95);
insert into STATION values (1067, '3', 514, -47.44, -17.24, -1.07);
insert into STATION values (1068, '0', 518, -43.24, -14.91, -3.16);
insert into STATION values (1069, '1', 518, -41.24, -13.01, -0.68);
insert into STATION values (1070, '2', 518, -38.83, -11.64, -0.64);
insert into STATION values (1071, '3', 518, -36.93, -12.49, -0.60);
insert into STATION values (1072, '0', 522, -46.22, -15.12, -1.95);
insert into STATION values (1073, '1', 522, -45.90, -10.48, -0.71);
insert into STATION values (1074, '0', 526, -22.87, 40.83, -2.79);
insert into STATION values (1075, '1', 526, -23.68, 40.34, -2.78);
insert into STATION values (1076, '2', 526, -24.16, 39.64, -8.27);
insert into STATION values (1077, '3', 526, -23.61, 38.12, -10.08);
insert into STATION values (1078, '4', 526, -23.51, 38.02, -14.39);
insert into STATION values (1079, '5', 526, -23.33, 37.90, -18.69);
insert into STATION values (1080, '6', 526, -20.33, 37.33, -18.67);
insert into STATION values (1081, '0', 530, -22.87, 40.83, -2.79);
insert into STATION values (1082, '1', 530, -26.08, 45.60, -3.90);
insert into STATION values (1083, '2', 530, -28.52, 47.18, -4.36);
insert into STATION values (1084, '3', 530, -30.39, 53.08, -6.01);
insert into STATION values (1085, '4', 530, -31.37, 55.62, -7.77);
insert into STATION values (1086, '5', 530, -31.45, 55.68, -11.85);
insert into STATION values (1087, '6', 530, -32.44, 58.49, -14.25);
insert into STATION values (1088, '7', 530, -32.50, 58.51, -15.87);
insert into STATION values (1089, '8', 530, -33.03, 61.85, -17.18);
insert into STATION values (1090, '9', 530, -30.79, 60.33, -18.28);
insert into STATION values (1091, '10', 530, -29.79, 59.74, -20.41);
insert into STATION values (1092, '11', 530, -30.20, 58.13, -21.05);
insert into STATION values (1093, '12', 530, -30.91, 55.40, -20.82);
insert into STATION values (1094, '13', 530, -33.17, 57.73, -22.25);
insert into STATION values (1095, '14', 530, -35.34, 60.63, -22.70);
insert into STATION values (1096, '15', 530, -38.72, 59.84, -26.55);
insert into STATION values (1097, '16', 530, -41.18, 57.89, -29.85);
insert into STATION values (1098, '17', 530, -39.52, 56.05, -31.97);
insert into STATION values (1099, '18', 530, -41.51, 56.39, -33.86);
insert into STATION values (1100, '19', 530, -42.05, 56.57, -35.66);
insert into STATION values (1101, '20', 530, -43.07, 55.04, -35.15);
insert into STATION values (1102, '0', 534, -39.52, 56.05, -31.97);
insert into STATION values (1103, '1', 534, -38.56, 52.46, -30.24);
insert into STATION values (1104, '0', 538, -22.87, 40.83, -2.79);
insert into STATION values (1105, '1', 538, -22.75, 37.94, -2.19);
insert into STATION values (1106, '2', 538, -21.15, 32.84, -0.87);
insert into STATION values (1107, '3', 538, -21.15, 32.80, -1.03);
insert into STATION values (1108, '4', 538, -19.41, 28.68, -9.60);
insert into STATION values (1109, '5', 538, -20.31, 27.73, -10.37);
insert into STATION values (1110, '0', 542, -20.31, 27.73, -10.37);
insert into STATION values (1111, '1', 542, -19.48, 28.73, -9.61);
insert into STATION values (1112, '2', 542, -17.47, 27.32, -12.06);
insert into STATION values (1113, '3', 542, -17.48, 27.32, -18.03);
insert into STATION values (1114, '4', 542, -15.32, 29.15, -18.78);
insert into STATION values (1115, '5', 542, -15.32, 29.15, -18.77);
insert into STATION values (1116, '6', 542, -10.14, 31.60, -20.07);
insert into STATION values (1117, '7', 542, -10.15, 31.59, -25.74);
insert into STATION values (1118, '8', 542, -9.99, 31.67, -25.71);
insert into STATION values (1119, '9', 542, -6.40, 33.36, -25.35);
insert into STATION values (1120, '10', 542, -3.69, 34.63, -25.08);
insert into STATION values (1121, '11', 542, -2.69, 35.09, -24.99);
insert into STATION values (1122, '0', 546, -17.48, 27.32, -18.03);
insert into STATION values (1123, '1', 546, -17.62, 27.18, -18.01);
insert into STATION values (1124, '2', 546, -23.25, 21.54, -17.31);
insert into STATION values (1125, '0', 550, -15.32, 29.15, -18.78);
insert into STATION values (1126, '1', 550, -14.72, 36.01, -18.42);
insert into STATION values (1127, '0', 554, 25.56, 123.25, 22.68);
insert into STATION values (1128, '1', 554, 25.55, 123.19, 22.67);
insert into STATION values (1129, '2', 554, 25.09, 120.60, 22.06);
insert into STATION values (1130, '3', 554, 24.54, 120.28, 21.30);
insert into STATION values (1131, '4', 554, 23.91, 122.01, 19.75);
insert into STATION values (1132, '5', 554, 23.91, 122.01, 14.75);
insert into STATION values (1133, '6', 554, 23.45, 122.53, 14.87);
insert into STATION values (1134, '7', 554, 20.22, 126.24, 15.74);
insert into STATION values (1135, '8', 554, 13.89, 127.59, 18.76);
insert into STATION values (1136, '9', 554, 7.18, 130.03, 19.01);
insert into STATION values (1137, '10', 554, 6.26, 132.57, 19.15);
insert into STATION values (1138, '11', 554, 2.89, 140.12, 17.70);
insert into STATION values (1139, '0', 558, 21.66, 117.34, 11.55);
insert into STATION values (1140, '1', 558, 22.43, 119.45, 14.23);
insert into STATION values (1141, '2', 558, 23.91, 122.01, 14.75);
insert into STATION values (1142, '0', 562, 20.22, 126.24, 15.74);
insert into STATION values (1143, '1', 562, 22.03, 127.51, 15.74);
insert into STATION values (1144, '2', 562, 23.74, 127.05, 14.20);
insert into STATION values (1145, '0', 566, 16.35, 128.03, 27.26);
insert into STATION values (1146, '1', 566, 16.15, 127.99, 27.26);
insert into STATION values (1147, '2', 566, 13.89, 127.59, 27.26);
insert into STATION values (1148, '3', 566, 13.89, 127.59, 18.76);
insert into STATION values (1149, '0', 570, 9.06, 134.64, 25.80);
insert into STATION values (1150, '1', 570, 6.12, 137.10, 25.12);
insert into STATION values (1151, '2', 570, 6.12, 137.10, 23.32);
insert into STATION values (1152, '3', 570, 7.01, 134.64, 20.70);
insert into STATION values (1153, '4', 570, 6.26, 132.57, 19.15);
insert into STATION values (1154, '0', 574, 16.74, 128.55, 25.71);
insert into STATION values (1155, '1', 574, 16.74, 128.59, 25.69);
insert into STATION values (1156, '2', 574, 16.09, 133.15, 24.02);
insert into STATION values (1157, '3', 574, 12.86, 132.87, 24.02);
insert into STATION values (1158, '4', 574, 9.06, 134.64, 25.80);
insert into STATION values (1159, '5', 574, 4.68, 136.68, 24.50);
insert into STATION values (1160, '6', 574, 2.59, 138.56, 23.48);
insert into STATION values (1161, '7', 574, 0.62, 139.94, 23.60);
insert into STATION values (1162, '8', 574, 0.62, 139.94, 17.80);
insert into STATION values (1163, '9', 574, -0.78, 141.34, 17.45);
insert into STATION values (1164, '10', 574, -1.95, 142.51, 17.16);
insert into STATION values (1165, '11', 574, -2.70, 141.21, 17.16);
insert into STATION values (1166, '12', 574, -5.34, 139.00, 17.77);
insert into STATION values (1167, '13', 574, -8.34, 141.70, 19.40);
insert into STATION values (1168, '14', 574, -13.19, 144.28, 17.40);
insert into STATION values (1169, '15', 574, -12.52, 146.80, 16.70);
insert into STATION values (1170, '16', 574, -15.89, 154.03, 8.99);
insert into STATION values (1171, '17', 574, -16.89, 159.68, 6.90);
insert into STATION values (1172, '18', 574, -20.89, 160.75, 4.11);
insert into STATION values (1173, '19', 574, -26.28, 166.14, 1.03);
insert into STATION values (1174, '20', 574, -26.30, 166.12, -1.87);
insert into STATION values (1175, '21', 574, -29.45, 162.37, -1.87);
insert into STATION values (1176, '22', 574, -29.47, 162.34, -5.77);
insert into STATION values (1177, '23', 574, -35.27, 162.34, -9.12);
insert into STATION values (1178, '24', 574, -36.61, 163.93, -9.84);
insert into STATION values (1179, '25', 574, -38.05, 167.02, -11.28);
insert into STATION values (1180, '26', 574, -40.87, 167.52, -12.93);
insert into STATION values (1181, '0', 578, 2.59, 138.56, 23.48);
insert into STATION values (1182, '1', 578, 3.22, 138.86, 23.48);
insert into STATION values (1183, '2', 578, 5.94, 140.13, 23.48);
insert into STATION values (1184, '3', 578, 5.95, 140.13, 20.78);
insert into STATION values (1185, '4', 578, 6.58, 140.43, 20.78);
insert into STATION values (1186, '0', 582, -13.94, 148.73, 48.45);
insert into STATION values (1187, '1', 582, -14.05, 148.14, 48.46);
insert into STATION values (1188, '2', 582, -14.41, 146.17, 48.49);
insert into STATION values (1189, '3', 582, -13.82, 143.93, 47.87);
insert into STATION values (1190, '4', 582, -13.36, 141.24, 48.86);
insert into STATION values (1191, '5', 582, -11.81, 138.99, 50.26);
insert into STATION values (1192, '6', 582, -10.05, 136.45, 51.83);
insert into STATION values (1193, '7', 582, -8.52, 137.47, 52.32);
insert into STATION values (1194, '8', 582, -7.07, 137.46, 52.32);
insert into STATION values (1195, '9', 582, -6.42, 136.53, 50.10);
insert into STATION values (1196, '10', 582, -5.08, 138.11, 46.02);
insert into STATION values (1197, '11', 582, -5.07, 138.12, 39.87);
insert into STATION values (1198, '12', 582, -6.27, 136.07, 39.10);
insert into STATION values (1199, '13', 582, -4.29, 135.88, 37.11);
insert into STATION values (1200, '14', 582, -1.47, 136.11, 34.28);
insert into STATION values (1201, '15', 582, -0.67, 133.87, 34.70);
insert into STATION values (1202, '16', 582, -0.63, 133.87, 34.67);
insert into STATION values (1203, '17', 582, 3.17, 134.18, 32.00);
insert into STATION values (1204, '18', 582, 3.17, 134.22, 31.97);
insert into STATION values (1205, '19', 582, 3.14, 136.45, 29.49);
insert into STATION values (1206, '20', 582, 2.59, 138.55, 23.52);
insert into STATION values (1207, '21', 582, 2.59, 138.56, 23.48);
insert into STATION values (1208, '0', 586, -8.52, 137.47, 52.32);
insert into STATION values (1209, '1', 586, -7.98, 138.92, 52.74);
insert into STATION values (1210, '2', 586, -7.85, 139.28, 52.84);
insert into STATION values (1211, '3', 586, -7.31, 140.73, 53.25);
insert into STATION values (1212, '4', 586, -5.46, 143.45, 53.54);
insert into STATION values (1213, '5', 586, -6.18, 145.85, 53.98);
insert into STATION values (1214, '6', 586, -5.43, 147.99, 53.98);
insert into STATION values (1215, '0', 590, -0.67, 133.87, 34.70);
insert into STATION values (1216, '1', 590, -0.86, 133.68, 36.22);
insert into STATION values (1217, '2', 590, -3.36, 132.25, 38.24);
insert into STATION values (1218, '3', 590, -3.85, 132.17, 38.33);
insert into STATION values (1219, '0', 594, 3.09, 129.75, 50.12);
insert into STATION values (1220, '1', 594, 3.08, 129.75, 50.12);
insert into STATION values (1221, '2', 594, -0.83, 131.61, 47.62);
insert into STATION values (1222, '3', 594, -2.85, 133.32, 44.35);
insert into STATION values (1223, '4', 594, -3.48, 136.13, 41.46);
insert into STATION values (1224, '5', 594, -5.07, 138.12, 39.87);
insert into STATION values (1225, '0', 598, 13.20, 121.25, 65.81);
insert into STATION values (1226, '1', 598, 12.77, 121.51, 65.81);
insert into STATION values (1227, '2', 598, 12.66, 121.57, 58.51);
insert into STATION values (1228, '3', 598, 10.57, 122.79, 54.49);
insert into STATION values (1229, '4', 598, 8.52, 125.35, 50.58);
insert into STATION values (1230, '5', 598, 10.07, 126.23, 45.68);
insert into STATION values (1231, '6', 598, 10.94, 126.73, 45.68);
insert into STATION values (1232, '7', 598, 9.06, 130.82, 40.32);
insert into STATION values (1233, '8', 598, 9.06, 130.82, 40.32);
insert into STATION values (1234, '9', 598, 7.60, 133.49, 38.19);
insert into STATION values (1235, '10', 598, 3.38, 133.37, 34.65);
insert into STATION values (1236, '11', 598, 3.37, 133.41, 32.00);
insert into STATION values (1237, '12', 598, 3.17, 134.18, 32.00);
insert into STATION values (1238, '0', 602, -4.84, 140.11, 34.82);
insert into STATION values (1239, '1', 602, -4.83, 140.12, 34.83);
insert into STATION values (1240, '2', 602, -3.20, 141.05, 35.51);
insert into STATION values (1241, '3', 602, -1.84, 138.66, 38.79);
insert into STATION values (1242, '4', 602, -0.43, 136.96, 36.88);
insert into STATION values (1243, '5', 602, -0.44, 134.52, 39.79);
insert into STATION values (1244, '6', 602, 1.80, 132.87, 42.57);
insert into STATION values (1245, '7', 602, 4.12, 132.86, 40.62);
insert into STATION values (1246, '8', 602, 6.03, 132.23, 37.15);
insert into STATION values (1247, '9', 602, 3.38, 133.37, 34.65);
insert into STATION values (1248, '0', 606, 9.06, 130.82, 40.32);
insert into STATION values (1249, '1', 606, 12.18, 130.25, 41.80);
insert into STATION values (1250, '2', 606, 13.22, 127.35, 43.24);
insert into STATION values (1251, '3', 606, 13.23, 127.31, 40.84);
insert into STATION values (1252, '4', 606, 17.27, 127.64, 45.33);
insert into STATION values (1253, '5', 606, 17.32, 127.64, 48.33);
insert into STATION values (1254, '6', 606, 17.82, 127.68, 48.33);
insert into STATION values (1255, '0', 610, 13.23, 127.31, 40.84);
insert into STATION values (1256, '1', 610, 7.78, 129.66, 35.86);
insert into STATION values (1257, '2', 610, 7.08, 129.96, 35.21);
insert into STATION values (1258, '0', 614, 10.07, 126.23, 45.68);
insert into STATION values (1259, '1', 614, 12.69, 127.44, 43.88);
insert into STATION values (1260, '2', 614, 15.10, 124.91, 44.06);
insert into STATION values (1261, '3', 614, 16.14, 122.84, 47.14);
insert into STATION values (1262, '4', 614, 16.13, 122.84, 47.14);
insert into STATION values (1263, '5', 614, 16.12, 122.84, 47.14);
insert into STATION values (1264, '6', 614, 13.34, 122.36, 49.97);
insert into STATION values (1265, '0', 618, 15.10, 124.91, 44.06);
insert into STATION values (1266, '1', 618, 13.31, 127.61, 41.35);
insert into STATION values (1267, '2', 618, 14.67, 129.21, 42.33);
insert into STATION values (1268, '0', 622, -12.52, 146.80, 16.70);
insert into STATION values (1269, '1', 622, -15.41, 150.82, 17.05);
insert into STATION values (1270, '2', 622, -16.78, 147.10, 21.15);
insert into STATION values (1271, '3', 622, -13.61, 146.58, 23.58);
insert into STATION values (1272, '4', 622, -11.41, 145.54, 24.09);
insert into STATION values (1273, '5', 622, -10.12, 143.86, 23.83);
insert into STATION values (1274, '6', 622, -8.52, 145.18, 23.91);
insert into STATION values (1275, '7', 622, -7.62, 141.50, 27.57);
insert into STATION values (1276, '8', 622, -5.41, 139.26, 29.24);
insert into STATION values (1277, '9', 622, -2.51, 140.30, 32.54);
insert into STATION values (1278, '10', 622, -2.14, 138.36, 35.26);
insert into STATION values (1279, '11', 622, -3.69, 132.30, 39.48);
insert into STATION values (1280, '12', 622, -0.41, 132.74, 41.55);
insert into STATION values (1281, '13', 622, -1.39, 134.85, 43.88);
insert into STATION values (1282, '0', 626, 8.11, 62.70, 7.69);
insert into STATION values (1283, '1', 626, 7.77, 59.64, 8.52);
insert into STATION values (1284, '2', 626, 3.53, 48.24, 11.40);
insert into STATION values (1285, '3', 626, 11.38, 42.37, 3.69);
insert into STATION values (1286, '4', 626, 6.04, 45.93, 3.55);
insert into STATION values (1287, '0', 630, -0.50, 44.14, 22.38);
insert into STATION values (1288, '1', 630, -0.53, 44.10, 22.36);
insert into STATION values (1289, '2', 630, -1.77, 42.53, 21.71);
insert into STATION values (1290, '3', 630, -3.43, 41.94, 20.24);
insert into STATION values (1291, '4', 630, -4.48, 39.11, 20.45);
insert into STATION values (1292, '5', 630, -5.48, 38.54, 20.37);
insert into STATION values (1293, '6', 630, -7.91, 37.77, 19.64);
insert into STATION values (1294, '7', 630, -10.59, 36.82, 19.08);
insert into STATION values (1295, '8', 630, -12.38, 37.87, 18.79);
insert into STATION values (1296, '9', 630, -13.37, 38.87, 18.42);
insert into STATION values (1297, '10', 630, -14.09, 39.29, 16.77);
insert into STATION values (1298, '11', 630, -14.37, 37.79, 17.04);
insert into STATION values (1299, '12', 630, -17.64, 37.81, 17.44);
insert into STATION values (1300, '13', 630, -18.70, 37.99, 17.34);
insert into STATION values (1301, '14', 630, -20.86, 37.22, 15.91);
insert into STATION values (1302, '0', 634, -4.65, 38.48, 26.97);
insert into STATION values (1303, '1', 634, -4.65, 38.51, 26.93);
insert into STATION values (1304, '2', 634, -5.06, 39.66, 24.81);
insert into STATION values (1305, '3', 634, -5.48, 38.54, 20.37);
insert into STATION values (1306, '0', 638, 3.53, 48.24, 11.40);
insert into STATION values (1307, '1', 638, 3.47, 48.26, 11.45);
insert into STATION values (1308, '2', 638, 1.53, 46.49, 14.43);
insert into STATION values (1309, '3', 638, -0.56, 46.72, 14.96);
insert into STATION values (1310, '4', 638, -5.59, 44.56, 12.79);
insert into STATION values (1311, '5', 638, -7.65, 52.01, 10.69);
insert into STATION values (1312, '6', 638, -7.71, 52.03, 10.73);
insert into STATION values (1313, '7', 638, -10.38, 52.75, 11.37);
insert into STATION values (1314, '8', 638, -14.86, 51.99, 5.76);
insert into STATION values (1315, '9', 638, -16.64, 48.97, 5.70);
insert into STATION values (1316, '10', 638, -15.79, 41.94, 8.46);
insert into STATION values (1317, '11', 638, -15.08, 39.44, 10.09);
insert into STATION values (1318, '12', 638, -15.83, 36.56, 8.73);
insert into STATION values (1319, '13', 638, -15.29, 36.55, 6.73);
insert into STATION values (1320, '14', 638, -13.69, 37.64, 6.71);
insert into STATION values (1321, '15', 638, -12.86, 35.83, 9.55);
insert into STATION values (1322, '16', 638, -11.03, 37.07, 13.42);
insert into STATION values (1323, '17', 638, -11.00, 37.03, 13.43);
insert into STATION values (1324, '18', 638, -11.03, 34.78, 13.44);
insert into STATION values (1325, '19', 638, -12.61, 34.75, 14.09);
insert into STATION values (1326, '20', 638, -11.25, 33.36, 16.04);
insert into STATION values (1327, '21', 638, -11.63, 31.12, 15.66);
insert into STATION values (1328, '22', 638, -11.01, 30.04, 15.67);
insert into STATION values (1329, '0', 642, -8.90, 63.43, 3.05);
insert into STATION values (1330, '1', 642, -6.80, 65.05, 6.43);
insert into STATION values (1331, '2', 642, -6.24, 64.05, 8.80);
insert into STATION values (1332, '3', 642, -6.73, 62.94, 8.82);
insert into STATION values (1333, '4', 642, -5.30, 60.16, 9.68);
insert into STATION values (1334, '5', 642, -6.86, 57.26, 11.23);
insert into STATION values (1335, '6', 642, -6.86, 57.22, 13.34);
insert into STATION values (1336, '7', 642, -7.50, 55.76, 13.36);
insert into STATION values (1337, '8', 642, -8.02, 55.09, 12.08);
insert into STATION values (1338, '9', 642, -6.42, 54.10, 11.44);
insert into STATION values (1339, '10', 642, -7.65, 52.01, 10.69);
insert into STATION values (1340, '0', 646, -15.83, 36.56, 8.73);
insert into STATION values (1341, '1', 646, -16.91, 36.79, 8.26);
insert into STATION values (1342, '2', 646, -17.36, 36.89, 8.06);
insert into STATION values (1343, '3', 646, -17.81, 36.99, 7.87);
insert into STATION values (1344, '4', 646, -18.44, 37.12, 7.59);
insert into STATION values (1345, '0', 650, -15.79, 41.94, 8.46);
insert into STATION values (1346, '1', 650, -19.61, 39.43, 7.54);
insert into STATION values (1347, '2', 650, -19.99, 36.30, 10.78);
insert into STATION values (1348, '3', 650, -21.16, 34.36, 4.56);
insert into STATION values (1349, '4', 650, -22.80, 36.32, 2.47);
insert into STATION values (1350, '5', 650, -23.07, 40.26, 0.08);
insert into STATION values (1351, '6', 650, -22.26, 39.19, 0.10);
insert into STATION values (1352, '7', 650, -22.27, 39.22, 0.10);
insert into STATION values (1353, '8', 650, -22.87, 40.83, -2.79);
insert into STATION values (1354, '0', 654, -8.90, 63.43, 3.05);
insert into STATION values (1355, '1', 654, -9.10, 62.36, 1.64);
insert into STATION values (1356, '2', 654, -11.68, 65.30, -5.49);
insert into STATION values (1357, '3', 654, -11.69, 65.35, -7.92);
insert into STATION values (1358, '4', 654, -12.10, 65.81, -7.94);
insert into STATION values (1359, '0', 658, -23.07, 40.26, 0.08);
insert into STATION values (1360, '1', 658, -23.20, 41.25, 0.07);
insert into STATION values (1361, '2', 658, -23.76, 45.21, 0.00);
insert into STATION values (1362, '3', 658, -24.32, 49.17, -0.07);
insert into STATION values (1363, '4', 658, -24.46, 50.16, -0.09);
insert into STATION values (1364, '5', 658, -24.59, 51.14, -0.27);
insert into STATION values (1365, '6', 658, -24.73, 52.11, -0.44);
insert into STATION values (1366, '0', 662, -12.10, 65.81, -7.94);
insert into STATION values (1367, '1', 662, -13.99, 65.75, -8.09);
insert into STATION values (1368, '2', 662, -17.18, 69.54, -13.01);
insert into STATION values (1369, '3', 662, -16.99, 70.73, -12.98);
insert into STATION values (1370, '4', 662, -19.44, 71.38, -11.50);
insert into STATION values (1371, '5', 662, -19.44, 71.38, -9.38);
insert into STATION values (1372, '6', 662, -19.44, 69.96, -9.37);
insert into STATION values (1373, '0', 666, -11.01, 30.04, 15.67);
insert into STATION values (1374, '1', 666, -11.01, 30.03, 15.66);
insert into STATION values (1375, '2', 666, -12.28, 29.28, 7.52);
insert into STATION values (1376, '3', 666, -17.10, 27.40, 1.45);
insert into STATION values (1377, '4', 666, -17.39, 27.28, 1.09);
insert into STATION values (1378, '5', 666, -17.41, 27.26, -9.87);
insert into STATION values (1379, '6', 666, -20.31, 27.73, -10.37);
insert into STATION values (1380, '0', 670, -20.20, 39.01, 18.72);
insert into STATION values (1381, '1', 670, -20.15, 39.00, 18.70);
insert into STATION values (1382, '2', 670, -17.30, 38.48, 17.34);
insert into STATION values (1383, '3', 670, -17.30, 37.98, 17.34);
insert into STATION values (1384, '4', 670, -18.70, 37.99, 17.34);
insert into STATION values (1385, '0', 674, -14.09, 39.29, 16.77);
insert into STATION values (1386, '1', 674, -12.60, 38.74, 13.65);
insert into STATION values (1387, '2', 674, -15.25, 43.39, 7.70);
insert into STATION values (1388, '3', 674, -15.26, 43.37, 7.72);
insert into STATION values (1389, '4', 674, -15.79, 41.94, 8.46);
insert into STATION values (1390, '0', 678, 4.60, 43.07, -11.56);
insert into STATION values (1391, '1', 678, 8.69, 43.79, -12.68);
insert into STATION values (1392, '2', 678, 8.85, 43.90, -12.73);
insert into STATION values (1393, '3', 678, 8.33, 45.32, -13.60);
insert into STATION values (1394, '4', 678, 8.33, 48.93, -25.41);
insert into STATION values (1395, '5', 678, 12.28, 49.63, -31.15);
insert into STATION values (1396, '6', 678, 11.00, 53.58, -36.47);
insert into STATION values (1397, '7', 678, 8.63, 51.92, -39.91);
insert into STATION values (1398, '8', 678, 8.62, 51.91, -49.71);
insert into STATION values (1399, '9', 678, 1.57, 54.48, -49.45);
insert into STATION values (1400, '0', 682, -17.56, 5.19, -29.67);
insert into STATION values (1401, '1', 682, -17.92, 5.94, -29.75);
insert into STATION values (1402, '2', 682, -15.73, 8.54, -30.39);
insert into STATION values (1403, '3', 682, -15.70, 8.76, -30.37);
insert into STATION values (1404, '4', 682, -15.21, 11.38, -29.23);
insert into STATION values (1405, '5', 682, -12.41, 13.57, -27.22);
insert into STATION values (1406, '6', 682, -11.49, 14.81, -25.95);
insert into STATION values (1407, '0', 686, -12.41, 13.57, -27.22);
insert into STATION values (1408, '1', 686, -12.46, 13.56, -27.23);
insert into STATION values (1409, '2', 686, -15.94, 13.26, -28.10);
insert into STATION values (1410, '3', 686, -19.96, 12.98, -25.59);
insert into STATION values (1411, '4', 686, -21.84, 15.00, -23.27);
insert into STATION values (1412, '0', 690, -4.27, 13.04, -26.80);
insert into STATION values (1413, '1', 690, -4.38, 12.94, -29.98);
insert into STATION values (1414, '0', 694, -4.38, 12.94, -29.98);
insert into STATION values (1415, '1', 694, -0.93, 17.04, -28.20);
insert into STATION values (1416, '2', 694, -1.00, 16.96, -25.18);
insert into STATION values (1417, '3', 694, -4.27, 13.04, -26.80);
insert into STATION values (1418, '0', 698, -4.75, 7.63, -31.58);
insert into STATION values (1419, '1', 698, -6.53, 4.78, -31.05);
insert into STATION values (1420, '2', 698, -7.34, 5.16, -30.72);
insert into STATION values (1421, '3', 698, -8.76, 5.54, -29.87);
insert into STATION values (1422, '0', 702, 3.05, 20.18, -41.52);
insert into STATION values (1423, '1', 702, 3.11, 20.06, -41.37);
insert into STATION values (1424, '2', 702, 4.80, 16.42, -36.91);
insert into STATION values (1425, '0', 706, 11.04, 21.64, -48.24);
insert into STATION values (1426, '1', 706, 13.42, 17.68, -48.24);
insert into STATION values (1427, '2', 706, 13.11, 15.93, -47.93);
insert into STATION values (1428, '3', 706, 13.63, 17.88, -42.40);
insert into STATION values (1429, '4', 706, 13.63, 19.87, -42.23);
insert into STATION values (1430, '0', 710, 7.10, 25.25, -48.24);
insert into STATION values (1431, '1', 710, 3.66, 28.57, -48.66);
insert into STATION values (1432, '2', 710, 1.79, 25.58, -49.29);
insert into STATION values (1433, '3', 710, -0.50, 25.01, -48.95);
insert into STATION values (1434, '4', 710, -1.06, 21.01, -48.10);
insert into STATION values (1435, '5', 710, -5.26, 18.07, -49.00);
insert into STATION values (1436, '0', 714, -11.49, 14.81, -25.95);
insert into STATION values (1437, '1', 714, -12.24, 15.83, -22.47);
insert into STATION values (1438, '2', 714, -13.23, 17.96, -21.97);
insert into STATION values (1439, '3', 714, -11.06, 19.21, -21.97);
insert into STATION values (1440, '4', 714, -13.09, 23.37, -20.99);
insert into STATION values (1441, '5', 714, -12.12, 26.37, -19.72);
insert into STATION values (1442, '6', 714, -11.51, 33.27, -23.72);
insert into STATION values (1443, '0', 718, -50.30, 87.29, 33.23);
insert into STATION values (1444, '1', 718, -50.40, 87.28, 33.14);
insert into STATION values (1445, '2', 718, -56.15, 85.62, 27.78);
insert into STATION values (1446, '3', 718, -60.49, 84.34, 23.72);
insert into STATION values (1447, '4', 718, -62.11, 83.84, 22.19);
insert into STATION values (1448, '0', 722, -50.30, 87.29, 33.23);
insert into STATION values (1449, '1', 722, -50.15, 87.32, 33.15);
insert into STATION values (1450, '2', 722, -43.87, 88.35, 27.41);
insert into STATION values (1451, '3', 722, -43.72, 88.38, 27.34);
insert into STATION values (1452, '4', 722, -43.29, 88.45, 26.98);
insert into STATION values (1453, '5', 722, -42.99, 88.50, 20.58);
insert into STATION values (1454, '6', 722, -42.92, 88.50, 20.66);
insert into STATION values (1455, '7', 722, -41.95, 86.09, 20.66);
insert into STATION values (1456, '8', 722, -40.83, 83.31, 20.66);
insert into STATION values (1457, '0', 726, -42.92, 88.50, 20.66);
insert into STATION values (1458, '1', 726, -43.72, 92.11, 24.07);
insert into STATION values (1459, '2', 726, -43.96, 93.13, 25.06);
insert into STATION values (1460, '3', 726, -42.42, 96.74, 25.65);
insert into STATION values (1461, '4', 726, -47.54, 95.36, 27.97);
insert into STATION values (1462, '5', 726, -48.97, 92.87, 29.15);
insert into STATION values (1463, '6', 726, -50.87, 95.37, 30.99);
insert into STATION values (1464, '7', 726, -56.24, 94.03, 34.71);
insert into STATION values (1465, '8', 726, -57.39, 96.60, 32.34);
insert into STATION values (1466, '9', 726, -57.10, 101.04, 31.57);
insert into STATION values (1467, '10', 726, -60.31, 102.47, 31.32);
insert into STATION values (1468, '11', 726, -60.45, 102.91, 30.65);
insert into STATION values (1469, '12', 726, -60.63, 103.00, 30.66);
insert into STATION values (1470, '13', 726, -66.12, 104.78, 35.47);
insert into STATION values (1471, '14', 726, -66.53, 103.80, 35.47);
insert into STATION values (1472, '15', 726, -68.29, 102.96, 33.32);
insert into STATION values (1473, '16', 726, -68.26, 102.96, 28.83);
insert into STATION values (1474, '17', 726, -70.49, 101.89, 27.36);
insert into STATION values (1475, '18', 726, -70.60, 98.93, 26.28);
insert into STATION values (1476, '0', 730, -66.12, 104.78, 35.47);
insert into STATION values (1477, '1', 730, -65.03, 106.13, 37.57);
insert into STATION values (1478, '2', 730, -63.02, 105.77, 37.99);
insert into STATION values (1479, '3', 730, -60.94, 105.90, 35.82);
insert into STATION values (1480, '4', 730, -60.96, 104.18, 33.00);
insert into STATION values (1481, '5', 730, -60.31, 102.47, 31.32);
insert into STATION values (1482, '0', 734, -40.83, 83.31, 20.66);
insert into STATION values (1483, '1', 734, -38.73, 84.29, 23.96);
insert into STATION values (1484, '2', 734, -38.55, 81.74, 23.74);
insert into STATION values (1485, '3', 734, -38.20, 81.13, 27.75);
insert into STATION values (1486, '4', 734, -38.20, 80.43, 25.83);
insert into STATION values (1487, '5', 734, -35.53, 79.19, 28.30);
insert into STATION values (1488, '6', 734, -34.05, 79.09, 29.79);
insert into STATION values (1489, '7', 734, -33.10, 81.12, 29.79);
insert into STATION values (1490, '8', 734, -32.98, 82.48, 30.42);
insert into STATION values (1491, '9', 734, -34.42, 82.17, 32.17);
insert into STATION values (1492, '10', 734, -33.49, 85.64, 31.54);
insert into STATION values (1493, '11', 734, -33.48, 85.66, 30.54);
insert into STATION values (1494, '12', 734, -32.07, 88.10, 29.23);
insert into STATION values (1495, '13', 734, -28.66, 87.62, 26.33);
insert into STATION values (1496, '14', 734, -28.66, 90.13, 23.82);
insert into STATION values (1497, '15', 734, -27.45, 89.44, 22.43);
insert into STATION values (1498, '16', 734, -26.05, 90.99, 20.34);
insert into STATION values (1499, '17', 734, -23.26, 89.38, 17.11);
insert into STATION values (1500, '18', 734, -24.36, 87.48, 16.32);
insert into STATION values (1501, '19', 734, -22.48, 87.25, 15.98);
insert into STATION values (1502, '20', 734, -22.46, 89.35, 15.87);
insert into STATION values (1503, '21', 734, -21.80, 90.49, 13.99);
insert into STATION values (1504, '22', 734, -21.30, 91.36, 13.99);
insert into STATION values (1505, '0', 738, -42.42, 96.74, 25.65);
insert into STATION values (1506, '1', 738, -40.71, 99.58, 26.89);
insert into STATION values (1507, '2', 738, -40.56, 99.64, 26.67);
insert into STATION values (1508, '3', 738, -35.38, 102.23, 18.44);
insert into STATION values (1509, '4', 738, -34.84, 101.91, 3.39);
insert into STATION values (1510, '5', 738, -32.60, 98.19, 2.61);
insert into STATION values (1511, '0', 742, -57.55, 100.72, 47.27);
insert into STATION values (1512, '1', 742, -57.81, 98.14, 47.32);
insert into STATION values (1513, '2', 742, -57.81, 98.16, 42.44);
insert into STATION values (1514, '3', 742, -57.11, 94.12, 42.52);
insert into STATION values (1515, '4', 742, -53.91, 93.31, 43.35);
insert into STATION values (1516, '0', 746, -85.53, 103.09, 82.43);
insert into STATION values (1517, '1', 746, -85.50, 103.11, 82.40);
insert into STATION values (1518, '2', 746, -81.90, 105.35, 78.15);
insert into STATION values (1519, '3', 746, -80.36, 103.58, 77.30);
insert into STATION values (1520, '4', 746, -75.23, 102.67, 72.93);
insert into STATION values (1521, '5', 746, -72.80, 101.79, 67.85);
insert into STATION values (1522, '6', 746, -72.27, 103.78, 67.49);
insert into STATION values (1523, '7', 746, -71.13, 106.22, 65.94);
insert into STATION values (1524, '8', 746, -68.89, 104.92, 59.54);
insert into STATION values (1525, '9', 746, -67.90, 103.66, 56.09);
insert into STATION values (1526, '10', 746, -67.85, 103.61, 56.02);
insert into STATION values (1527, '11', 746, -61.82, 100.13, 51.15);
insert into STATION values (1528, '12', 746, -57.55, 100.72, 47.27);
insert into STATION values (1529, '0', 750, -80.36, 103.58, 77.30);
insert into STATION values (1530, '1', 750, -80.62, 102.61, 77.35);
insert into STATION values (1531, '2', 750, -82.59, 95.28, 77.75);
insert into STATION values (1532, '0', 754, -57.55, 100.72, 47.27);
insert into STATION values (1533, '1', 754, -49.44, 103.13, 36.61);
insert into STATION values (1534, '2', 754, -40.71, 99.58, 26.89);
insert into STATION values (1535, '0', 758, -31.61, 99.50, 13.51);
insert into STATION values (1536, '1', 758, -31.62, 99.46, 13.54);
insert into STATION values (1537, '2', 758, -33.34, 95.79, 16.38);
insert into STATION values (1538, '3', 758, -35.32, 96.32, 14.33);
insert into STATION values (1539, '4', 758, -35.36, 96.33, 19.73);
insert into STATION values (1540, '5', 758, -37.30, 95.99, 20.08);
insert into STATION values (1541, '6', 758, -39.23, 95.29, 25.72);
insert into STATION values (1542, '7', 758, -41.08, 95.96, 26.06);
insert into STATION values (1543, '8', 758, -42.42, 96.74, 25.65);
insert into STATION values (1544, '0', 762, -64.04, 89.09, 47.83);
insert into STATION values (1545, '1', 762, -64.38, 88.50, 47.95);
insert into STATION values (1546, '2', 762, -65.86, 85.94, 48.47);
insert into STATION values (1547, '3', 762, -67.09, 83.81, 48.90);
insert into STATION values (1548, '4', 762, -67.34, 83.38, 48.99);
insert into STATION values (1549, '5', 762, -72.19, 81.61, 46.58);
insert into STATION values (1550, '6', 762, -73.13, 81.27, 46.12);
insert into STATION values (1551, '7', 762, -73.13, 81.27, 37.92);
insert into STATION values (1552, '8', 762, -75.95, 80.25, 37.92);
insert into STATION values (1553, '9', 762, -76.04, 80.21, 37.92);
insert into STATION values (1554, '0', 766, -57.01, 66.16, 70.11);
insert into STATION values (1555, '1', 766, -56.90, 66.16, 70.39);
insert into STATION values (1556, '2', 766, -54.75, 66.16, 75.99);
insert into STATION values (1557, '3', 766, -53.82, 64.55, 78.21);
insert into STATION values (1558, '4', 766, -54.72, 62.98, 79.06);
insert into STATION values (1559, '5', 766, -52.46, 61.82, 79.24);
insert into STATION values (1560, '6', 766, -52.46, 54.50, 82.20);
insert into STATION values (1561, '7', 766, -50.66, 53.24, 82.24);
insert into STATION values (1562, '8', 766, -46.12, 52.44, 80.56);
insert into STATION values (1563, '9', 766, -44.04, 50.69, 79.29);
insert into STATION values (1564, '10', 766, -43.35, 50.10, 78.87);
insert into STATION values (1565, '0', 770, -50.66, 53.24, 82.24);
insert into STATION values (1566, '1', 770, -52.66, 51.24, 85.06);
insert into STATION values (1567, '2', 770, -53.00, 47.40, 89.66);
insert into STATION values (1568, '0', 774, -32.60, 98.19, 2.61);
insert into STATION values (1569, '1', 774, -32.48, 98.18, 2.41);
insert into STATION values (1570, '2', 774, -26.31, 98.24, -8.04);
insert into STATION values (1571, '3', 774, -20.65, 94.63, -24.90);
insert into STATION values (1572, '4', 774, -17.21, 95.08, -26.91);
insert into STATION values (1573, '5', 774, -15.23, 91.55, -30.47);
insert into STATION values (1574, '6', 774, -14.84, 89.33, -31.75);
insert into STATION values (1575, '7', 774, -9.49, 90.41, -46.81);
insert into STATION values (1576, '8', 774, -9.12, 90.48, -47.85);
insert into STATION values (1577, '0', 778, -83.25, -17.39, 24.25);
insert into STATION values (1578, '1', 778, -76.50, -21.25, 16.65);
insert into STATION values (1579, '2', 778, -77.49, -26.29, 14.76);
insert into STATION values (1580, '3', 778, -88.34, -35.58, 8.58);
insert into STATION values (1581, '4', 778, -83.32, -43.83, 0.35);
insert into STATION values (1582, '5', 778, -94.82, -40.62, 2.57);
insert into STATION values (1583, '6', 778, -102.52, -39.59, 2.52);
insert into STATION values (1584, '7', 778, -110.48, -39.11, 1.78);
insert into STATION values (1585, '8', 778, -118.01, -40.89, 1.55);
insert into STATION values (1586, '9', 778, -127.16, -43.37, 1.74);
insert into STATION values (1587, '10', 778, -132.99, -44.98, 1.46);
insert into STATION values (1588, '0', 782, -88.34, -35.58, 8.58);
insert into STATION values (1589, '1', 782, -91.33, -28.35, 12.68);
insert into STATION values (1590, '2', 782, -92.21, -27.32, 12.28);
insert into STATION values (1591, '0', 786, -76.50, -21.25, 16.65);
insert into STATION values (1592, '1', 786, -71.60, -26.15, 13.85);
insert into STATION values (1593, '2', 786, -67.13, -29.64, 12.22);
insert into STATION values (1594, '3', 786, -63.34, -30.87, 11.87);
insert into STATION values (1595, '0', 790, -63.34, -30.87, 11.87);
insert into STATION values (1596, '1', 790, -63.20, -30.74, 11.91);
insert into STATION values (1597, '2', 790, -61.04, -28.72, 12.43);
insert into STATION values (1598, '3', 790, -59.31, -27.11, 12.84);
insert into STATION values (1599, '4', 790, -56.88, -28.00, 13.07);
insert into STATION values (1600, '5', 790, -56.70, -26.02, 12.90);
insert into STATION values (1601, '0', 794, -132.99, -44.98, 1.46);
insert into STATION values (1602, '1', 794, -133.00, -45.00, 1.45);
insert into STATION values (1603, '2', 794, -133.40, -42.92, 2.94);
insert into STATION values (1604, '3', 794, -133.80, -40.82, 1.90);
insert into STATION values (1605, '4', 794, -133.06, -38.07, 0.92);
insert into STATION values (1606, '5', 794, -134.33, -35.82, -0.62);
insert into STATION values (1607, '6', 794, -134.22, -33.40, -2.38);
insert into STATION values (1608, '7', 794, -136.70, -29.45, -6.73);
insert into STATION values (1609, '8', 794, -138.51, -25.34, -11.41);
insert into STATION values (1610, '9', 794, -138.57, -25.34, -11.49);
insert into STATION values (1611, '10', 794, -143.05, -25.34, -17.88);
insert into STATION values (1612, '11', 794, -145.55, -23.08, -18.91);
insert into STATION values (1613, '12', 794, -149.04, -25.53, -20.89);
insert into STATION values (1614, '13', 794, -149.05, -25.44, -20.95);
insert into STATION values (1615, '14', 794, -150.36, -19.28, -25.20);
insert into STATION values (1616, '15', 794, -154.21, -20.10, -27.38);
insert into STATION values (1617, '0', 798, -132.99, -44.98, 1.46);
insert into STATION values (1618, '1', 798, -133.09, -44.94, 1.45);
insert into STATION values (1619, '2', 798, -135.52, -44.06, 1.23);
insert into STATION values (1620, '3', 798, -137.44, -44.06, 0.49);
insert into STATION values (1621, '4', 798, -139.40, -43.14, -0.76);
insert into STATION values (1622, '0', 802, -137.44, -44.06, 0.49);
insert into STATION values (1623, '1', 802, -135.86, -43.15, 1.54);
insert into STATION values (1624, '2', 802, -135.14, -40.47, 5.09);
insert into STATION values (1625, '3', 802, -133.58, -36.40, 6.85);
insert into STATION values (1626, '4', 802, -129.99, -40.00, 7.29);
insert into STATION values (1627, '5', 802, -130.92, -42.57, -0.22);
insert into STATION values (1628, '0', 806, -135.14, -40.47, 5.09);
insert into STATION values (1629, '1', 806, -138.43, -42.22, 7.24);
insert into STATION values (1630, '2', 806, -140.16, -42.95, 7.85);
insert into STATION values (1631, '3', 806, -140.21, -42.75, 7.64);
insert into STATION values (1632, '4', 806, -141.67, -37.28, 1.98);
insert into STATION values (1633, '5', 806, -141.28, -33.59, 2.37);
insert into STATION values (1634, '0', 810, -139.11, -44.76, 7.63);
insert into STATION values (1635, '1', 810, -139.16, -44.67, 7.64);
insert into STATION values (1636, '2', 810, -140.16, -42.95, 7.85);
insert into STATION values (1637, '0', 814, -139.11, -44.76, 7.63);
insert into STATION values (1638, '1', 814, -145.04, -46.46, 6.32);
insert into STATION values (1639, '2', 814, -149.00, -51.71, 8.98);
insert into STATION values (1640, '3', 814, -161.84, -59.12, 13.79);
insert into STATION values (1641, '4', 814, -166.81, -59.55, 14.05);
insert into STATION values (1642, '5', 814, -168.54, -57.82, 16.33);
insert into STATION values (1643, '6', 814, -166.81, -59.55, 14.05);
insert into STATION values (1644, '7', 814, -176.29, -62.81, 14.58);
insert into STATION values (1645, '8', 814, -181.85, -68.17, 12.51);
insert into STATION values (1646, '9', 814, -188.92, -70.75, 13.57);
insert into STATION values (1647, '10', 814, -192.07, -66.25, 17.41);
insert into STATION values (1648, '0', 818, -145.04, -46.46, 6.32);
insert into STATION values (1649, '1', 818, -144.99, -46.37, 6.33);
insert into STATION values (1650, '2', 818, -144.20, -44.75, 6.45);
insert into STATION values (1651, '3', 818, -145.32, -40.59, 4.44);
insert into STATION values (1652, '4', 818, -145.33, -40.55, 4.42);
insert into STATION values (1653, '5', 818, -145.31, -40.59, 4.45);
insert into STATION values (1654, '6', 818, -143.30, -46.13, 8.58);
insert into STATION values (1655, '0', 822, -149.05, -25.44, -20.95);
insert into STATION values (1656, '1', 822, -149.05, -25.49, -20.98);
insert into STATION values (1657, '2', 822, -148.55, -28.31, -22.99);
insert into STATION values (1658, '3', 822, -148.55, -29.18, -18.06);
insert into STATION values (1659, '4', 822, -148.55, -29.33, -17.18);
insert into STATION values (1660, '5', 822, -147.57, -30.51, -15.89);
insert into STATION values (1661, '6', 822, -146.58, -31.68, -14.60);
insert into STATION values (1662, '0', 826, -121.17, 23.50, -23.09);
insert into STATION values (1663, '1', 826, -121.97, 22.15, -22.14);
insert into STATION values (1664, '2', 826, -120.33, 20.31, -20.67);
insert into STATION values (1665, '3', 826, -120.78, 14.45, -13.23);
insert into STATION values (1666, '4', 826, -118.59, 10.80, -10.68);
insert into STATION values (1667, '5', 826, -118.45, 10.87, -10.62);
insert into STATION values (1668, '6', 826, -115.69, 11.71, -9.55);
insert into STATION values (1669, '7', 826, -115.66, 11.72, -9.49);
insert into STATION values (1670, '8', 826, -117.44, 11.76, -10.78);
insert into STATION values (1671, '9', 826, -119.35, 4.52, -1.04);
insert into STATION values (1672, '10', 826, -119.36, 4.47, -0.93);
insert into STATION values (1673, '11', 826, -122.51, -0.33, -0.66);
insert into STATION values (1674, '12', 826, -123.54, -2.84, -1.02);
insert into STATION values (1675, '13', 826, -124.57, -5.35, -1.38);
insert into STATION values (1676, '14', 826, -126.72, -7.40, -2.76);
insert into STATION values (1677, '15', 826, -128.54, -12.29, -8.06);
insert into STATION values (1678, '16', 826, -133.74, -11.52, -9.41);
insert into STATION values (1679, '17', 826, -138.23, -19.48, -9.61);
insert into STATION values (1680, '18', 826, -138.43, -21.85, -8.45);
insert into STATION values (1681, '19', 826, -138.42, -21.77, -8.39);
insert into STATION values (1682, '20', 826, -138.51, -25.34, -11.41);
insert into STATION values (1683, '0', 830, -119.36, 4.47, -0.93);
insert into STATION values (1684, '1', 830, -119.36, 4.46, -0.90);
insert into STATION values (1685, '2', 830, -119.12, 1.62, -3.67);
insert into STATION values (1686, '3', 830, -117.16, -1.87, -2.55);
insert into STATION values (1687, '4', 830, -114.54, 7.01, -9.10);
insert into STATION values (1688, '5', 830, -113.95, 10.00, -9.06);
insert into STATION values (1689, '6', 830, -115.69, 11.71, -9.55);
insert into STATION values (1690, '0', 834, -115.69, 11.71, -9.55);
insert into STATION values (1691, '1', 834, -115.79, 14.57, -10.00);
insert into STATION values (1692, '2', 834, -114.14, 16.76, -8.84);
insert into STATION values (1693, '3', 834, -116.43, 18.08, -10.02);
insert into STATION values (1694, '4', 834, -116.13, 22.32, -8.88);
insert into STATION values (1695, '0', 838, -128.83, -3.82, -8.71);
insert into STATION values (1696, '1', 838, -128.78, -3.74, -8.72);
insert into STATION values (1697, '2', 838, -127.37, -1.48, -9.19);
insert into STATION values (1698, '3', 838, -126.43, 3.81, -7.02);
insert into STATION values (1699, '4', 838, -123.63, 2.19, -0.09);
insert into STATION values (1700, '5', 838, -123.11, 0.75, 0.99);
insert into STATION values (1701, '6', 838, -123.88, -1.48, 1.40);
insert into STATION values (1702, '7', 838, -123.54, -2.84, -1.02);
insert into STATION values (1703, '0', 842, -123.54, -2.84, -1.02);
insert into STATION values (1704, '1', 842, -122.70, -6.23, -0.84);
insert into STATION values (1705, '2', 842, -121.54, -11.25, 4.88);
insert into STATION values (1706, '0', 846, -117.16, -1.87, -2.55);
insert into STATION values (1707, '1', 846, -117.16, -1.93, -2.47);
insert into STATION values (1708, '2', 846, -117.26, -7.72, 4.42);
insert into STATION values (1709, '0', 850, -138.43, -21.85, -8.45);
insert into STATION values (1710, '1', 850, -142.69, -24.31, -5.01);
insert into STATION values (1711, '0', 854, -153.16, -20.47, -2.36);
insert into STATION values (1712, '1', 854, -153.21, -20.44, -2.44);
insert into STATION values (1713, '2', 854, -156.10, -18.75, -6.15);
insert into STATION values (1714, '3', 854, -156.41, -17.57, -10.69);
insert into STATION values (1715, '4', 854, -155.14, -19.11, -10.62);
insert into STATION values (1716, '5', 854, -154.62, -17.72, -10.62);
insert into STATION values (1717, '6', 854, -154.62, -17.70, -10.62);
insert into STATION values (1718, '7', 854, -153.88, -13.64, -16.52);
insert into STATION values (1719, '8', 854, -153.87, -13.61, -16.56);
insert into STATION values (1720, '9', 854, -153.87, -13.62, -16.56);
insert into STATION values (1721, '10', 854, -151.43, -17.57, -12.93);
insert into STATION values (1722, '11', 854, -151.45, -17.60, -13.00);
insert into STATION values (1723, '12', 854, -152.97, -19.39, -17.07);
insert into STATION values (1724, '13', 854, -152.98, -19.40, -17.09);
insert into STATION values (1725, '14', 854, -152.98, -19.40, -17.10);
insert into STATION values (1726, '15', 854, -152.98, -19.40, -28.80);
insert into STATION values (1727, '16', 854, -154.21, -20.10, -27.38);
insert into STATION values (1728, '0', 858, -156.41, -17.57, -10.69);
insert into STATION values (1729, '1', 858, -156.40, -17.55, -10.70);
insert into STATION values (1730, '2', 858, -155.60, -16.18, -10.98);
insert into STATION values (1731, '3', 858, -158.84, -13.44, -16.03);
insert into STATION values (1732, '4', 858, -158.84, -13.42, -16.03);
insert into STATION values (1733, '5', 858, -158.69, -13.27, -15.82);
insert into STATION values (1734, '6', 858, -156.68, -11.28, -12.99);
insert into STATION values (1735, '7', 858, -156.18, -10.79, -12.28);
insert into STATION values (1736, '0', 862, -156.41, -17.57, -10.69);
insert into STATION values (1737, '1', 862, -156.38, -17.61, -10.69);
insert into STATION values (1738, '2', 862, -155.25, -19.26, -10.66);
insert into STATION values (1739, '3', 862, -154.68, -20.08, -10.64);
insert into STATION values (1740, '4', 862, -156.09, -22.07, -13.09);
insert into STATION values (1741, '5', 862, -154.37, -26.88, -5.80);
insert into STATION values (1742, '6', 862, -154.25, -27.21, -1.81);
insert into STATION values (1743, '0', 866, -153.87, -13.61, -16.56);
insert into STATION values (1744, '1', 866, -153.86, -13.55, -16.64);
insert into STATION values (1745, '2', 866, -153.21, -9.09, -22.00);
insert into STATION values (1746, '3', 866, -153.03, -7.82, -23.53);
insert into STATION values (1747, '4', 866, -153.03, -7.82, -32.33);
insert into STATION values (1748, '5', 866, -151.92, -7.63, -33.45);
insert into STATION values (1749, '6', 866, -151.09, -3.01, -36.39);
insert into STATION values (1750, '7', 866, -152.33, -0.31, -39.06);
insert into STATION values (1751, '8', 866, -153.25, 0.37, -41.05);
insert into STATION values (1752, '0', 870, -152.98, -19.40, -17.09);
insert into STATION values (1753, '1', 870, -152.99, -19.41, -17.08);
insert into STATION values (1754, '2', 870, -155.80, -23.10, -15.21);
insert into STATION values (1755, '3', 870, -158.61, -26.79, -13.33);
insert into STATION values (1756, '4', 870, -159.17, -27.52, -12.96);
insert into STATION values (1757, '0', 874, -170.94, -54.78, 22.03);
insert into STATION values (1758, '1', 874, -170.88, -54.74, 21.96);
insert into STATION values (1759, '2', 874, -168.23, -52.61, 18.57);
insert into STATION values (1760, '3', 874, -168.23, -52.64, 18.57);
insert into STATION values (1761, '4', 874, -168.22, -52.66, 18.57);
insert into STATION values (1762, '5', 874, -167.92, -54.44, 18.57);
insert into STATION values (1763, '6', 874, -168.54, -57.82, 16.33);
insert into STATION values (1764, '0', 878, -192.07, -66.25, 17.41);
insert into STATION values (1765, '1', 878, -192.08, -66.24, 17.40);
insert into STATION values (1766, '2', 878, -193.30, -64.77, 15.55);
insert into STATION values (1767, '3', 878, -194.34, -64.16, 15.55);
insert into STATION values (1768, '0', 882, -92.21, -27.32, 12.28);
insert into STATION values (1769, '1', 882, -92.20, -27.22, 12.26);
insert into STATION values (1770, '2', 882, -91.95, -24.27, 11.83);
insert into STATION values (1771, '3', 882, -92.87, -23.63, 10.87);
insert into STATION values (1772, '4', 882, -93.90, -25.09, 8.74);
insert into STATION values (1773, '5', 882, -94.28, -25.63, 7.95);
insert into STATION values (1774, '6', 882, -94.29, -25.63, 4.95);
insert into STATION values (1775, '7', 882, -94.30, -25.63, 4.96);
insert into STATION values (1776, '8', 882, -93.10, -22.14, 1.30);
insert into STATION values (1777, '9', 882, -90.97, -20.28, -2.06);
insert into STATION values (1778, '10', 882, -94.19, -18.80, -4.65);
insert into STATION values (1779, '11', 882, -96.50, -16.95, -7.97);
insert into STATION values (1780, '12', 882, -97.35, -13.85, -8.26);
insert into STATION values (1781, '13', 882, -98.87, -14.80, -11.22);
insert into STATION values (1782, '14', 882, -98.83, -15.65, -11.12);
insert into STATION values (1783, '15', 882, -100.13, -15.31, -13.38);
insert into STATION values (1784, '16', 882, -103.25, -13.09, -16.98);
insert into STATION values (1785, '17', 882, -106.54, -12.24, -22.90);
insert into STATION values (1786, '18', 882, -107.00, -8.68, -24.60);
insert into STATION values (1787, '19', 882, -109.05, -7.49, -26.01);
insert into STATION values (1788, '20', 882, -112.78, -9.46, -30.69);
insert into STATION values (1789, '21', 882, -121.16, -10.19, -39.11);
insert into STATION values (1790, '22', 882, -125.55, -11.79, -42.38);
insert into STATION values (1791, '23', 882, -127.47, -10.89, -40.26);
insert into STATION values (1792, '24', 882, -127.47, -15.14, -47.62);
insert into STATION values (1793, '0', 886, -83.41, -25.41, -13.62);
insert into STATION values (1794, '1', 886, -85.09, -29.02, -15.48);
insert into STATION values (1795, '2', 886, -85.11, -29.02, -8.78);
insert into STATION values (1796, '3', 886, -86.35, -28.91, -8.78);
insert into STATION values (1797, '4', 886, -89.00, -26.26, -7.03);
insert into STATION values (1798, '5', 886, -92.79, -26.59, -5.79);
insert into STATION values (1799, '6', 886, -92.86, -26.59, -2.19);
insert into STATION values (1800, '7', 886, -92.85, -23.53, -3.43);
insert into STATION values (1801, '8', 886, -90.97, -20.28, -2.06);
insert into STATION values (1802, '0', 890, -109.05, -7.49, -26.01);
insert into STATION values (1803, '1', 890, -105.45, -8.17, -20.56);
insert into STATION values (1804, '2', 890, -105.37, -8.19, -18.20);
insert into STATION values (1805, '3', 890, -98.71, -11.98, -9.82);
insert into STATION values (1806, '4', 890, -97.35, -13.85, -8.26);
insert into STATION values (1807, '0', 894, -97.35, -13.85, -8.26);
insert into STATION values (1808, '1', 894, -97.39, -13.78, -8.24);
insert into STATION values (1809, '2', 894, -99.20, -7.98, -7.83);
insert into STATION values (1810, '3', 894, -100.17, -5.91, -7.79);
insert into STATION values (1811, '4', 894, -101.32, -0.54, -6.74);
insert into STATION values (1812, '5', 894, -103.30, -2.30, -4.07);
insert into STATION values (1813, '6', 894, -103.88, -3.68, -6.39);
insert into STATION values (1814, '7', 894, -100.66, -7.78, 0.06);
insert into STATION values (1815, '8', 894, -100.58, -7.85, 0.16);
insert into STATION values (1816, '9', 894, -97.47, -10.14, 2.57);
insert into STATION values (1817, '10', 894, -95.86, -13.50, 4.46);
insert into STATION values (1818, '11', 894, -95.53, -19.57, 7.56);
insert into STATION values (1819, '12', 894, -97.11, -21.04, 7.60);
insert into STATION values (1820, '13', 894, -94.34, -22.39, 5.50);
insert into STATION values (1821, '14', 894, -93.58, -23.76, 5.26);
insert into STATION values (1822, '15', 894, -94.29, -25.63, 4.95);
insert into STATION values (1823, '0', 898, -101.32, -0.54, -6.74);
insert into STATION values (1824, '1', 898, -101.32, -0.54, -6.67);
insert into STATION values (1825, '2', 898, -101.29, -0.51, -4.37);
insert into STATION values (1826, '3', 898, -97.51, 3.69, -2.31);
insert into STATION values (1827, '4', 898, -96.94, 4.93, -0.85);
insert into STATION values (1828, '5', 898, -96.36, 6.80, 0.19);
insert into STATION values (1829, '6', 898, -93.47, 8.34, 2.08);
insert into STATION values (1830, '7', 898, -95.35, 10.21, 3.94);
insert into STATION values (1831, '8', 898, -91.17, 6.45, 10.19);
insert into STATION values (1832, '0', 902, -96.94, 4.93, -0.85);
insert into STATION values (1833, '1', 902, -97.01, 4.91, -0.78);
insert into STATION values (1834, '2', 902, -99.03, 4.56, 1.27);
insert into STATION values (1835, '3', 902, -99.06, 4.55, 3.27);
insert into STATION values (1836, '0', 906, -103.40, -2.70, 1.80);
insert into STATION values (1837, '1', 906, -101.45, -6.07, -0.45);
insert into STATION values (1838, '2', 906, -100.66, -7.78, 0.06);
insert into STATION values (1839, '0', 910, -110.38, -38.04, 5.40);
insert into STATION values (1840, '1', 910, -110.40, -37.93, 5.41);
insert into STATION values (1841, '2', 910, -110.64, -36.55, 5.42);
insert into STATION values (1842, '3', 910, -107.51, -35.76, 9.28);
insert into STATION values (1843, '4', 910, -107.35, -34.02, 9.76);
insert into STATION values (1844, '5', 910, -109.00, -32.85, 9.77);
insert into STATION values (1845, '6', 910, -111.18, -31.31, 4.77);
insert into STATION values (1846, '7', 910, -113.92, -31.01, 3.19);
insert into STATION values (1847, '8', 910, -116.99, -32.77, 1.95);
insert into STATION values (1848, '9', 910, -118.49, -33.60, 0.21);
insert into STATION values (1849, '10', 910, -119.98, -31.07, -2.44);
insert into STATION values (1850, '11', 910, -121.96, -32.21, -4.59);
insert into STATION values (1851, '12', 910, -121.83, -32.23, -4.77);
insert into STATION values (1852, '13', 910, -123.39, -31.19, -2.64);
insert into STATION values (1853, '14', 910, -122.89, -26.09, -2.63);
insert into STATION values (1854, '15', 910, -122.40, -22.92, -2.23);
insert into STATION values (1855, '16', 910, -120.29, -23.42, -0.72);
insert into STATION values (1856, '17', 910, -120.19, -23.36, -0.82);
insert into STATION values (1857, '18', 910, -118.31, -22.14, -0.40);
insert into STATION values (1858, '19', 910, -115.98, -23.17, 0.32);
insert into STATION values (1859, '20', 910, -115.94, -23.14, 0.38);
insert into STATION values (1860, '21', 910, -113.98, -22.01, 3.09);
insert into STATION values (1861, '22', 910, -113.93, -21.98, 3.16);
insert into STATION values (1862, '23', 910, -114.43, -18.29, 2.39);
insert into STATION values (1863, '24', 910, -112.78, -17.48, 1.62);
insert into STATION values (1864, '25', 910, -109.23, -13.13, -1.32);
insert into STATION values (1865, '26', 910, -107.65, -10.18, -2.86);
insert into STATION values (1866, '27', 910, -106.63, -8.42, -7.38);
insert into STATION values (1867, '28', 910, -103.88, -3.68, -6.39);
insert into STATION values (1868, '0', 914, -120.29, -23.42, -0.72);
insert into STATION values (1869, '1', 914, -120.23, -23.58, -0.65);
insert into STATION values (1870, '2', 914, -118.61, -28.17, 0.65);
insert into STATION values (1871, '3', 914, -116.99, -32.77, 1.95);
insert into STATION values (1872, '0', 918, -113.92, -31.01, 3.19);
insert into STATION values (1873, '1', 918, -114.02, -30.86, 3.36);
insert into STATION values (1874, '2', 918, -115.14, -26.56, 1.67);
insert into STATION values (1875, '3', 918, -115.98, -23.17, 0.32);
insert into STATION values (1876, '0', 922, -110.38, -38.04, 5.40);
insert into STATION values (1877, '1', 922, -110.39, -38.10, 1.79);
insert into STATION values (1878, '2', 922, -110.48, -39.11, 1.78);
insert into STATION values (1879, '0', 926, -121.96, -32.21, -4.59);
insert into STATION values (1880, '1', 926, -122.09, -32.16, -4.42);
insert into STATION values (1881, '2', 926, -122.01, -34.90, -3.79);
insert into STATION values (1882, '3', 926, -122.14, -34.88, -2.02);
insert into STATION values (1883, '4', 926, -122.90, -36.84, -1.58);
insert into STATION values (1884, '5', 926, -125.33, -35.31, -0.44);
insert into STATION values (1885, '6', 926, -126.75, -33.30, -0.48);
insert into STATION values (1886, '7', 926, -121.96, -32.21, -4.59);
insert into STATION values (1887, '0', 930, -122.01, -34.90, -3.79);
insert into STATION values (1888, '1', 930, -120.91, -39.01, -2.66);
insert into STATION values (1889, '0', 934, -127.47, -10.89, -40.26);
insert into STATION values (1890, '1', 934, -128.81, -2.78, -38.51);
insert into STATION values (1891, '2', 934, -124.39, -4.27, -29.72);
insert into STATION values (1892, '3', 934, -126.86, -5.40, -28.46);
insert into STATION values (1893, '4', 934, -128.13, -3.54, -27.11);
insert into STATION values (1894, '5', 934, -123.56, -0.97, -23.70);
insert into STATION values (1895, '6', 934, -123.13, 1.35, -23.29);
insert into STATION values (1896, '7', 934, -124.91, 1.12, -21.29);
insert into STATION values (1897, '8', 934, -124.05, -0.28, -20.82);
insert into STATION values (1898, '9', 934, -124.08, -0.32, -17.80);
insert into STATION values (1899, '10', 934, -125.17, -2.60, -17.49);
insert into STATION values (1900, '11', 934, -128.02, -1.91, -16.87);
insert into STATION values (1901, '12', 934, -129.32, -5.99, -15.48);
insert into STATION values (1902, '13', 934, -129.34, -6.07, -15.45);
insert into STATION values (1903, '14', 934, -130.35, -5.86, -15.79);
insert into STATION values (1904, '15', 934, -131.40, -5.66, -14.89);
insert into STATION values (1905, '16', 934, -132.61, -8.87, -12.83);
insert into STATION values (1906, '0', 938, -125.17, -2.60, -17.49);
insert into STATION values (1907, '1', 938, -125.14, -2.55, -14.03);
insert into STATION values (1908, '2', 938, -124.38, -1.37, -14.03);
insert into STATION values (1909, '3', 938, -122.60, -1.14, -14.03);
insert into STATION values (1910, '4', 938, -120.23, -2.54, -9.62);
insert into STATION values (1911, '5', 938, -117.72, -4.02, -4.96);
insert into STATION values (1912, '0', 942, -122.60, -1.14, -14.03);
insert into STATION values (1913, '1', 942, -123.81, 3.56, -19.05);
insert into STATION values (1914, '2', 942, -123.81, 3.56, -19.06);
insert into STATION values (1915, '3', 942, -123.81, 3.56, -19.07);
insert into STATION values (1916, '4', 942, -123.13, 1.35, -23.29);
insert into STATION values (1917, '0', 946, -130.35, -5.86, -15.79);
insert into STATION values (1918, '1', 946, -130.37, -7.77, -16.37);
insert into STATION values (1919, '2', 946, -132.98, -8.21, -20.61);
insert into STATION values (1920, '0', 950, -13.58, -26.93, -23.19);
insert into STATION values (1921, '1', 950, -11.76, -28.46, -24.46);
insert into STATION values (1922, '2', 950, 0.79, -27.37, -19.88);
insert into STATION values (1923, '3', 950, 9.95, -14.76, -12.61);
insert into STATION values (1924, '4', 950, 8.80, -3.74, -6.21);
insert into STATION values (1925, '5', 950, 0.00, 0.00, 0.00);
insert into STATION values (1926, '0', 954, -13.58, -26.93, -23.19);
insert into STATION values (1927, '1', 954, -14.22, -24.55, -23.63);
insert into STATION values (1928, '2', 954, -14.48, -23.60, -23.80);
insert into STATION values (1929, '3', 954, -14.73, -22.65, -23.97);
insert into STATION values (1930, '4', 954, -12.32, -22.95, -24.96);
insert into STATION values (1931, '5', 954, -12.30, -22.77, -24.94);
insert into STATION values (1932, '6', 954, -12.97, -18.03, -24.52);
insert into STATION values (1933, '7', 954, -11.16, -14.49, -23.82);
insert into STATION values (1934, '8', 954, -14.02, -12.84, -23.82);
insert into STATION values (1935, '0', 958, -14.73, -22.65, -23.97);
insert into STATION values (1936, '1', 958, -16.31, -21.91, -23.51);
insert into STATION values (1937, '2', 958, -19.63, -20.36, -22.53);
insert into STATION values (1938, '3', 958, -22.81, -22.19, -18.16);
insert into STATION values (1939, '4', 958, -24.00, -25.48, -12.10);
insert into STATION values (1940, '0', 962, -20.78, -37.79, -24.70);
insert into STATION values (1941, '1', 962, -20.86, -37.75, -24.66);
insert into STATION values (1942, '2', 962, -23.30, -36.34, -23.64);
insert into STATION values (1943, '3', 962, -24.11, -35.87, -23.29);
insert into STATION values (1944, '4', 962, -24.00, -32.67, -23.29);
insert into STATION values (1945, '5', 962, -21.91, -30.58, -20.82);
insert into STATION values (1946, '6', 962, -21.89, -30.56, -20.79);
insert into STATION values (1947, '7', 962, -21.89, -30.52, -20.75);
insert into STATION values (1948, '8', 962, -22.00, -29.22, -21.85);
insert into STATION values (1949, '9', 962, -22.27, -26.17, -24.42);
insert into STATION values (1950, '10', 962, -13.58, -26.93, -23.19);
insert into STATION values (1951, '0', 966, -24.11, -35.87, -23.29);
insert into STATION values (1952, '1', 966, -24.11, -35.84, -23.25);
insert into STATION values (1953, '2', 966, -24.44, -32.10, -16.75);
insert into STATION values (1954, '0', 970, -24.11, -35.87, -23.29);
insert into STATION values (1955, '1', 970, -26.20, -37.61, -22.03);
insert into STATION values (1956, '0', 974, -2.17, 18.40, 12.24);
insert into STATION values (1957, '1', 974, -17.20, 27.70, 33.31);
insert into STATION values (1958, '0', 978, -13.39, 33.03, 35.59);
insert into STATION values (1959, '1', 978, -13.46, 33.04, 35.52);
insert into STATION values (1960, '2', 978, -14.86, 33.28, 34.11);
insert into STATION values (1961, '3', 978, -16.90, 34.47, 33.69);
insert into STATION values (1962, '4', 978, -18.34, 31.98, 34.09);
insert into STATION values (1963, '5', 978, -17.58, 29.13, 33.57);
insert into STATION values (1964, '6', 978, -17.20, 27.70, 33.31);
insert into STATION values (1965, '0', 982, 8.11, 62.70, 7.69);
insert into STATION values (1966, '1', 982, 8.09, 62.70, 7.68);
insert into STATION values (1967, '2', 982, 8.38, 64.63, 7.33);
insert into STATION values (1968, '3', 982, 8.73, 66.98, 6.91);
insert into STATION values (1969, '4', 982, 0.89, 70.32, 10.78);
insert into STATION values (1970, '5', 982, 0.91, 73.23, 11.95);
insert into STATION values (1971, '6', 982, 1.33, 75.64, 13.09);
insert into STATION values (1972, '7', 982, -0.58, 76.42, 14.28);
insert into STATION values (1973, '8', 982, -4.09, 77.84, 16.47);
insert into STATION values (1974, '9', 982, -4.50, 78.00, 16.72);
insert into STATION values (1975, '0', 986, -13.93, 61.22, 41.18);
insert into STATION values (1976, '1', 986, -13.91, 61.26, 41.19);
insert into STATION values (1977, '2', 986, -11.52, 65.33, 38.46);
insert into STATION values (1978, '3', 986, -11.55, 68.32, 35.96);
insert into STATION values (1979, '4', 986, -7.49, 69.30, 32.45);
insert into STATION values (1980, '5', 986, -5.49, 69.36, 32.45);
insert into STATION values (1981, '6', 986, -4.67, 73.85, 28.34);
insert into STATION values (1982, '7', 986, -4.67, 73.85, 21.51);
insert into STATION values (1983, '8', 986, -5.79, 71.34, 21.23);
insert into STATION values (1984, '9', 986, -3.49, 69.77, 19.58);
insert into STATION values (1985, '10', 986, -0.46, 69.86, 19.59);
insert into STATION values (1986, '11', 986, 0.91, 73.23, 11.95);
insert into STATION values (1987, '0', 990, -4.67, 73.85, 21.51);
insert into STATION values (1988, '1', 990, -4.77, 73.87, 21.56);
insert into STATION values (1989, '2', 990, -7.10, 74.71, 23.08);
insert into STATION values (1990, '3', 990, -9.81, 75.74, 24.07);
insert into STATION values (1991, '4', 990, -9.95, 75.78, 24.10);
insert into STATION values (1992, '5', 990, -10.68, 76.50, 23.25);
insert into STATION values (1993, '6', 990, -10.27, 77.48, 22.70);
insert into STATION values (1994, '7', 990, -9.85, 78.46, 22.15);
insert into STATION values (1995, '8', 990, -11.05, 80.45, 22.10);
insert into STATION values (1996, '9', 990, -12.30, 81.16, 21.18);
insert into STATION values (1997, '10', 990, -12.92, 82.78, 20.61);
insert into STATION values (1998, '11', 990, -13.76, 85.31, 18.36);
insert into STATION values (1999, '12', 990, -15.71, 86.17, 17.03);
insert into STATION values (2000, '13', 990, -15.16, 87.67, 16.80);
insert into STATION values (2001, '14', 990, -11.36, 86.92, 14.64);
insert into STATION values (2002, '15', 990, -11.30, 85.14, 14.60);
insert into STATION values (2003, '16', 990, -13.51, 85.81, 11.54);
insert into STATION values (2004, '17', 990, -14.69, 84.56, 10.55);
insert into STATION values (2005, '18', 990, -16.24, 86.04, 10.36);
insert into STATION values (2006, '19', 990, -18.35, 85.93, 6.43);
insert into STATION values (2007, '20', 990, -19.32, 84.28, 5.88);
insert into STATION values (2008, '21', 990, -22.44, 86.84, 3.55);
insert into STATION values (2009, '22', 990, -24.27, 85.70, 0.26);
insert into STATION values (2010, '23', 990, -26.27, 84.82, 0.07);
insert into STATION values (2011, '24', 990, -27.38, 83.37, -0.98);
insert into STATION values (2012, '25', 990, -26.62, 81.98, -0.70);
insert into STATION values (2013, '26', 990, -26.58, 81.89, -5.41);
insert into STATION values (2014, '0', 994, -9.81, 75.74, 24.07);
insert into STATION values (2015, '1', 994, -10.80, 73.65, 22.99);
insert into STATION values (2016, '2', 994, -12.50, 73.66, 22.99);
insert into STATION values (2017, '0', 998, -26.27, 84.82, 0.07);
insert into STATION values (2018, '1', 998, -26.22, 84.61, 0.52);
insert into STATION values (2019, '2', 998, -25.92, 83.38, 3.24);
insert into STATION values (2020, '3', 998, -26.85, 86.30, 3.67);
insert into STATION values (2021, '4', 998, -26.84, 87.48, 3.46);
insert into STATION values (2022, '5', 998, -27.66, 89.78, 2.57);
insert into STATION values (2023, '0', 1002, -12.92, 82.78, 20.61);
insert into STATION values (2024, '1', 1002, -12.93, 82.79, 20.63);
insert into STATION values (2025, '2', 1002, -11.40, 83.68, 24.46);
insert into STATION values (2026, '3', 1002, -11.59, 84.70, 24.48);
insert into STATION values (2027, '4', 1002, -10.97, 87.33, 26.16);
insert into STATION values (2028, '5', 1002, -10.52, 85.82, 28.05);
insert into STATION values (2029, '6', 1002, -13.05, 87.30, 26.44);
insert into STATION values (2030, '7', 1002, -13.52, 88.09, 26.44);
insert into STATION values (2031, '8', 1002, -13.74, 88.47, 21.40);
insert into STATION values (2032, '9', 1002, -14.74, 90.62, 20.54);
insert into STATION values (2033, '10', 1002, -15.03, 93.85, 21.85);
insert into STATION values (2034, '11', 1002, -16.85, 96.99, 17.82);
insert into STATION values (2035, '12', 1002, -18.37, 97.40, 16.72);
insert into STATION values (2036, '13', 1002, -19.32, 98.54, 15.07);
insert into STATION values (2037, '14', 1002, -18.93, 99.62, 13.92);
insert into STATION values (2038, '15', 1002, -18.93, 99.62, 9.07);
insert into STATION values (2039, '16', 1002, -18.95, 98.81, 9.07);
insert into STATION values (2040, '17', 1002, -24.11, 99.72, 3.29);
insert into STATION values (2041, '18', 1002, -24.36, 98.43, 3.29);
insert into STATION values (2042, '19', 1002, -26.31, 98.24, -8.04);
insert into STATION values (2043, '0', 1006, -13.52, 88.09, 26.44);
insert into STATION values (2044, '1', 1006, -13.50, 88.22, 26.46);
insert into STATION values (2045, '2', 1006, -12.90, 91.84, 27.10);
insert into STATION values (2046, '3', 1006, -10.45, 92.29, 27.90);
insert into STATION values (2047, '4', 1006, -10.42, 92.26, 32.33);
insert into STATION values (2048, '5', 1006, -7.86, 89.65, 32.32);
insert into STATION values (2049, '6', 1006, -7.84, 89.63, 35.50);
insert into STATION values (2050, '7', 1006, -7.84, 91.84, 35.19);
insert into STATION values (2051, '8', 1006, -6.60, 92.30, 35.12);
insert into STATION values (2052, '9', 1006, -7.36, 92.18, 39.40);
insert into STATION values (2053, '10', 1006, -6.26, 94.31, 39.69);
insert into STATION values (2054, '11', 1006, -3.58, 95.95, 42.73);
insert into STATION values (2055, '12', 1006, -2.35, 94.40, 42.37);
insert into STATION values (2056, '13', 1006, 0.40, 90.95, 44.72);
insert into STATION values (2057, '14', 1006, 1.21, 90.27, 45.28);
insert into STATION values (2058, '15', 1006, 1.22, 90.26, 45.78);
insert into STATION values (2059, '16', 1006, 4.15, 86.01, 47.17);
insert into STATION values (2060, '17', 1006, 8.62, 83.88, 49.17);
insert into STATION values (2061, '18', 1006, 6.74, 80.67, 51.07);
insert into STATION values (2062, '19', 1006, 3.32, 79.78, 54.99);
insert into STATION values (2063, '20', 1006, 2.82, 80.15, 56.68);
insert into STATION values (2064, '21', 1006, 1.79, 80.75, 56.64);
insert into STATION values (2065, '22', 1006, -0.35, 81.77, 56.01);
insert into STATION values (2066, '23', 1006, -0.35, 81.77, 56.02);
insert into STATION values (2067, '24', 1006, -0.35, 81.77, 56.03);
insert into STATION values (2068, '25', 1006, 1.77, 81.68, 58.15);
insert into STATION values (2069, '26', 1006, 0.69, 83.58, 57.95);
insert into STATION values (2070, '0', 1010, 8.62, 83.88, 49.17);
insert into STATION values (2071, '1', 1010, 8.61, 83.98, 49.71);
insert into STATION values (2072, '2', 1010, 8.11, 86.91, 50.91);
insert into STATION values (2073, '3', 1010, 6.72, 86.68, 52.33);
insert into STATION values (2074, '0', 1014, 2.82, 80.15, 56.68);
insert into STATION values (2075, '1', 1014, 4.89, 79.38, 56.68);
insert into STATION values (2076, '2', 1014, 6.27, 78.86, 56.94);
insert into STATION values (2077, '3', 1014, 7.19, 78.52, 57.12);
insert into STATION values (2078, '0', 1018, -2.35, 94.40, 42.37);
insert into STATION values (2079, '1', 1018, -2.39, 94.41, 42.45);
insert into STATION values (2080, '2', 1018, -4.01, 94.44, 46.84);
insert into STATION values (2081, '3', 1018, -5.12, 94.36, 46.69);
insert into STATION values (2082, '4', 1018, -7.28, 96.33, 43.48);
insert into STATION values (2083, '5', 1018, -6.24, 97.58, 41.55);
insert into STATION values (2084, '6', 1018, -6.79, 97.90, 40.47);
insert into STATION values (2085, '7', 1018, -7.68, 97.41, 40.47);
insert into STATION values (2086, '8', 1018, -9.51, 100.59, 36.83);
insert into STATION values (2087, '9', 1018, -10.93, 101.90, 35.23);
insert into STATION values (2088, '10', 1018, -11.80, 101.79, 34.91);
insert into STATION values (2089, '11', 1018, -16.25, 102.82, 31.36);
insert into STATION values (2090, '12', 1018, -18.64, 103.64, 31.36);
insert into STATION values (2091, '13', 1018, -18.85, 101.69, 30.13);
insert into STATION values (2092, '14', 1018, -21.99, 100.57, 28.92);
insert into STATION values (2093, '15', 1018, -26.67, 105.15, 22.46);
insert into STATION values (2094, '16', 1018, -26.73, 105.12, 22.43);
insert into STATION values (2095, '17', 1018, -28.66, 103.93, 21.60);
insert into STATION values (2096, '18', 1018, -28.67, 103.93, 22.15);
insert into STATION values (2097, '19', 1018, -30.45, 103.49, 22.15);
insert into STATION values (2098, '20', 1018, -32.26, 103.84, 26.04);
insert into STATION values (2099, '21', 1018, -31.59, 102.66, 26.04);
insert into STATION values (2100, '22', 1018, -33.63, 102.70, 27.62);
insert into STATION values (2101, '23', 1018, -38.12, 101.62, 32.36);
insert into STATION values (2102, '24', 1018, -40.54, 101.87, 36.52);
insert into STATION values (2103, '25', 1018, -44.59, 102.66, 42.11);
insert into STATION values (2104, '26', 1018, -45.73, 102.25, 43.32);
insert into STATION values (2105, '27', 1018, -45.91, 102.01, 43.32);
insert into STATION values (2106, '28', 1018, -47.68, 99.60, 43.31);
insert into STATION values (2107, '29', 1018, -45.78, 99.27, 35.24);
insert into STATION values (2108, '30', 1018, -44.78, 98.42, 32.39);
insert into STATION values (2109, '31', 1018, -44.80, 97.46, 32.39);
insert into STATION values (2110, '32', 1018, -44.81, 97.37, 24.99);
insert into STATION values (2111, '33', 1018, -42.42, 96.74, 25.65);
insert into STATION values (2112, '0', 1022, -12.71, 95.32, 53.08);
insert into STATION values (2113, '1', 1022, -12.91, 94.78, 51.50);
insert into STATION values (2114, '2', 1022, -13.40, 96.17, 51.11);
insert into STATION values (2115, '3', 1022, -13.17, 96.99, 49.64);
insert into STATION values (2116, '4', 1022, -12.30, 96.66, 49.10);
insert into STATION values (2117, '5', 1022, -12.27, 96.66, 47.31);
insert into STATION values (2118, '6', 1022, -10.11, 97.03, 45.34);
insert into STATION values (2119, '7', 1022, -9.76, 95.30, 44.70);
insert into STATION values (2120, '8', 1022, -7.71, 95.95, 42.63);
insert into STATION values (2121, '9', 1022, -6.79, 97.90, 40.47);
insert into STATION values (2122, '0', 1026, -4.01, 94.44, 46.84);
insert into STATION values (2123, '1', 1026, -5.28, 92.66, 47.64);
insert into STATION values (2124, '2', 1026, -6.37, 91.38, 49.05);
insert into STATION values (2125, '0', 1030, -30.45, 103.49, 22.15);
insert into STATION values (2126, '1', 1030, -30.48, 100.56, 15.24);
