create table SURVEY (ID integer, PARENT_ID integer, NAME varchar(10), FULL_NAME varchar(12), TITLE varchar(27));
create table CENTRELINE (ID integer, SURVEY_ID integer, TITLE varchar(4), TOPO_DATE date, EXPLO_DATE date, LENGTH real, SURFACE_LENGTH real, DUPLICATE_LENGTH real);
create table PERSON (ID integer, NAME varchar(4), SURNAME varchar(14));
create table EXPLO (PERSON_ID integer, CENTRELINE_ID integer);
create table TOPO (PERSON_ID integer, CENTRELINE_ID integer);
create table STATION (ID integer, NAME varchar(4), SURVEY_ID integer, X real, Y real, Z real);
create table STATION_FLAG (STATION_ID integer, FLAG char(3));
create table SHOT (ID integer, FROM_ID integer, TO_ID integer, CENTRELINE_ID integer, LENGTH real, BEARING real, GRADIENT real, ADJ_LENGTH real, ADJ_BEARING real, ADJ_GRADIENT real, ERR_LENGTH real, ERR_BEARING real, ERR_GRADIENT real);
create table SHOT_FLAG (SHOT_ID integer, FLAG char(3));
create table MAPS (ID integer, SURVEY_ID integer, NAME varchar(10), TITLE varchar(27), PROJID integer, LENGTH real, DEPTH real);
create table SCRAPS (ID integer, SURVEY_ID integer, NAME varchar(10), PROJID integer, MAX_DISTORTION real, AVG_DISTORTION real);
create table MAPITEMS (ID integer, TYPE integer, ITEMID integer);
insert into SURVEY values (1, 0, '', '', NULL);
 insert into CENTRELINE values (2, 1, NULL, NULL, NULL, 0.00, 0.00, 0.00);
 insert into SURVEY values (19, 1, 'PuitsWilly', 'PuitsWilly', NULL);
 insert into CENTRELINE values (20, 19, NULL, NULL, NULL, 0.00, 0.00, 0.00);
 insert into CENTRELINE values (21, 19, NULL, NULL, NULL, 0.00, 0.00, 0.00);
 insert into SURVEY values (22, 19, '1', '1.PuitsWilly', 'doline d''entree - fond');
 insert into CENTRELINE values (23, 22, NULL, NULL, NULL, 0.00, 0.00, 0.00);
 insert into CENTRELINE values (24, 22, NULL, '2003-11-02', NULL, 100.27, 0.00, 0.00);
 insert into PERSON values (1, NULL, 'Chopard V.,_');
insert into TOPO values (1, 24);
 insert into PERSON values (2, NULL, 'Linder D.');
insert into TOPO values (2, 24);
 insert into SHOT values (1, 1, 2, 24, 10.500, 243.44, -32.00, 10.494, 243.43, -32.00, 0.007, 76.35, 39.25);
insert into SHOT values (2, 2, 3, 24, 6.900, 190.44, -90.00, 6.900, 90.00, -90.00, 0.000, 190.44, -75.11);
insert into SHOT values (3, 3, 4, 24, 0.300, 170.44, -90.00, 0.300, 90.00, -90.00, 0.000, 170.44, 88.68);
insert into SHOT values (4, 4, 5, 24, 4.500, 126.44, -51.00, 4.497, 126.50, -51.10, 0.009, 285.12, -18.57);
insert into SHOT values (5, 5, 6, 24, 3.980, 279.44, -58.00, 3.983, 279.28, -58.05, 0.008, 175.20, -38.37);
insert into SHOT values (6, 6, 7, 24, 1.000, 279.44, -58.00, 0.992, 279.82, -57.86, 0.009, 41.79, 62.94);
insert into SHOT values (7, 7, 8, 24, 4.000, 279.44, -58.00, 4.006, 279.51, -58.07, 0.008, 22.99, -72.55);
insert into SHOT values (8, 9, 10, 24, 3.380, 203.44, -68.00, 3.375, 203.32, -68.02, 0.006, 65.88, 43.65);
insert into SHOT values (9, 10, 11, 24, 3.620, 200.44, -44.00, 3.624, 200.45, -44.06, 0.005, 272.40, -84.48);
insert into SHOT values (10, 11, 12, 24, 4.550, 156.44, -26.00, 4.547, 156.51, -25.95, 0.007, 253.59, 44.57);
insert into SHOT values (11, 12, 13, 24, 1.500, 107.44, -24.00, 1.502, 107.38, -23.96, 0.003, 74.51, 2.15);
insert into SHOT values (12, 13, 14, 24, 1.730, 107.44, -24.00, 1.732, 107.63, -23.84, 0.008, 160.39, 28.75);
insert into SHOT values (13, 14, 15, 24, 1.450, 100.44, -90.00, 1.450, 90.00, -90.00, 0.000, 100.44, 85.75);
insert into SHOT values (14, 16, 17, 24, 2.700, 94.44, -36.00, 2.696, 94.48, -36.15, 0.008, 264.04, -20.84);
insert into SHOT values (15, 17, 18, 24, 1.000, 110.44, -90.00, 1.000, 90.00, -90.00, 0.000, 110.44, 0.00);
insert into SHOT values (16, 18, 19, 24, 4.220, 120.44, -90.00, 4.220, 90.00, -90.00, 0.000, 120.44, -61.85);
insert into SHOT values (17, 19, 20, 24, 2.070, 140.44, -37.00, 2.073, 140.15, -37.08, 0.009, 57.47, -26.53);
insert into SHOT values (18, 20, 21, 24, 4.400, 163.44, -28.00, 4.401, 163.57, -27.91, 0.011, 229.38, 31.09);
insert into SHOT values (19, 21, 22, 24, 1.670, 115.44, -33.00, 1.674, 115.29, -32.94, 0.006, 72.15, -4.69);
insert into SHOT values (20, 22, 23, 24, 3.700, 127.44, -90.00, 3.700, 90.00, -90.00, 0.000, 127.44, -74.08);
insert into SHOT values (21, 23, 24, 24, 2.600, 137.44, -32.00, 2.598, 137.39, -32.09, 0.005, 343.03, -27.05);
insert into SHOT values (22, 24, 25, 24, 6.120, 146.44, -40.00, 6.119, 146.48, -39.96, 0.005, 205.53, 47.49);
insert into SHOT values (23, 25, 26, 24, 2.550, 161.44, -61.00, 2.548, 161.57, -61.06, 0.004, 299.86, 4.03);
insert into SHOT values (24, 26, 27, 24, 8.150, 131.44, -54.00, 8.159, 131.37, -53.99, 0.011, 85.98, -35.92);
insert into SHOT values (25, 27, 28, 24, 2.710, 145.44, -51.00, 2.700, 145.56, -51.05, 0.011, 301.53, 34.95);
insert into SHOT values (26, 28, 29, 24, 5.150, 128.44, -43.00, 5.159, 128.54, -43.02, 0.011, 180.23, -42.92);
insert into SHOT values (27, 29, 30, 24, 2.620, 170.44, -70.00, 2.617, 170.33, -70.06, 0.004, 18.34, 27.39);
insert into SHOT values (28, 30, 31, 24, 2.400, 160.44, -60.00, 2.401, 160.51, -60.05, 0.002, 294.14, -39.43);
insert into SHOT values (29, 31, 32, 24, 0.800, 100.44, -15.00, 0.798, 100.44, -14.51, 0.007, 46.22, 89.35);
insert into SURVEY values (26, 19, '2', '2.PuitsWilly', 'cheminee en desssus du R3');
 insert into CENTRELINE values (27, 26, NULL, NULL, NULL, 0.00, 0.00, 0.00);
 insert into CENTRELINE values (28, 26, NULL, '2003-11-02', NULL, 10.30, 0.00, 0.00);
 insert into TOPO values (1, 28);
 insert into TOPO values (2, 28);
 insert into SHOT values (30, 33, 34, 28, 2.800, 15.44, 90.00, 2.800, 90.00, 90.00, 0.000, 15.44, 81.86);
insert into SHOT values (31, 34, 35, 28, 3.000, 15.44, 35.00, 3.000, 15.34, 34.99, 0.005, 286.19, -9.17);
insert into SHOT values (32, 35, 36, 28, 4.500, 10.44, 90.00, 4.500, 90.00, 90.00, 0.000, 10.44, 0.00);
insert into CENTRELINE values (30, 19, NULL, NULL, NULL, 0.00, 0.00, 0.00);
 insert into STATION values (1, '0', 22, 578280.00, 236270.00, 975.00);
insert into STATION_FLAG values(1, 'fix');
insert into STATION values (2, '1', 22, 578272.04, 236266.02, 969.44);
insert into STATION values (3, '2', 22, 578272.04, 236266.02, 962.54);
insert into STATION values (4, '3', 22, 578272.04, 236266.02, 962.24);
insert into STATION values (5, '4', 22, 578274.31, 236264.34, 958.74);
insert into STATION values (6, '5', 22, 578272.23, 236264.68, 955.36);
insert into STATION values (7, '6', 22, 578271.71, 236264.77, 954.52);
insert into STATION values (8, '7', 22, 578269.62, 236265.12, 951.12);
insert into STATION values (9, '8', 22, 578269.62, 236265.12, 951.12);
insert into STATION values (10, '9', 22, 578269.12, 236263.96, 947.99);
insert into STATION values (11, '10', 22, 578268.21, 236261.52, 945.47);
insert into STATION values (12, '11', 22, 578269.84, 236257.77, 943.48);
insert into STATION values (13, '12', 22, 578271.15, 236257.36, 942.87);
insert into STATION values (14, '13', 22, 578272.66, 236256.88, 942.17);
insert into STATION values (15, '14', 22, 578272.66, 236256.88, 940.72);
insert into STATION values (16, '15', 22, 578272.66, 236256.88, 940.72);
insert into STATION values (17, '16', 22, 578274.83, 236256.71, 939.13);
insert into STATION values (18, '17', 22, 578274.83, 236256.71, 938.13);
insert into STATION values (19, '18', 22, 578274.83, 236256.71, 933.91);
insert into STATION values (20, '19', 22, 578275.89, 236255.44, 932.66);
insert into STATION values (21, '20', 22, 578276.99, 236251.71, 930.60);
insert into STATION values (22, '21', 22, 578278.26, 236251.11, 929.69);
insert into STATION values (23, '22', 22, 578278.26, 236251.11, 925.99);
insert into STATION values (24, '23', 22, 578279.75, 236249.49, 924.61);
insert into STATION values (25, '24', 22, 578282.34, 236245.58, 920.68);
insert into STATION values (26, '25', 22, 578282.73, 236244.41, 918.45);
insert into STATION values (27, '26', 22, 578286.33, 236241.24, 911.85);
insert into STATION values (28, '27', 22, 578287.29, 236239.84, 909.75);
insert into STATION values (29, '28', 22, 578290.24, 236237.49, 906.23);
insert into STATION values (30, '29', 22, 578290.39, 236236.61, 903.77);
insert into STATION values (31, '30', 22, 578290.79, 236235.48, 901.69);
insert into STATION values (32, '31', 22, 578291.55, 236235.34, 901.49);
insert into STATION values (33, '0', 26, 578272.66, 236256.88, 942.17);
insert into STATION values (34, '1', 26, 578272.66, 236256.88, 944.97);
insert into STATION values (35, '2', 26, 578273.31, 236259.25, 946.69);
insert into STATION values (36, '3', 26, 578273.31, 236259.25, 951.19);
