create table SURVEY (ID integer, PARENT_ID integer, NAME varchar(21), FULL_NAME varchar(34), TITLE varchar(43));
create table CENTRELINE (ID integer, SURVEY_ID integer, TITLE varchar(4), TOPO_DATE date, EXPLO_DATE date, LENGTH real, SURFACE_LENGTH real, DUPLICATE_LENGTH real);
create table PERSON (ID integer, NAME varchar(9), SURNAME varchar(10));
create table EXPLO (PERSON_ID integer, CENTRELINE_ID integer);
create table TOPO (PERSON_ID integer, CENTRELINE_ID integer);
create table STATION (ID integer, NAME varchar(18), SURVEY_ID integer, X real, Y real, Z real);
create table STATION_FLAG (STATION_ID integer, FLAG char(3));
create table SHOT (ID integer, FROM_ID integer, TO_ID integer, CENTRELINE_ID integer, LENGTH real, BEARING real, GRADIENT real, ADJ_LENGTH real, ADJ_BEARING real, ADJ_GRADIENT real, ERR_LENGTH real, ERR_BEARING real, ERR_GRADIENT real);
create table SHOT_FLAG (SHOT_ID integer, FLAG char(3));
create table MAPS (ID integer, SURVEY_ID integer, NAME varchar(21), TITLE varchar(43), PROJID integer, LENGTH real, DEPTH real);
create table SCRAPS (ID integer, SURVEY_ID integer, NAME varchar(21), PROJID integer, MAX_DISTORTION real, AVG_DISTORTION real);
create table MAPITEMS (ID integer, TYPE integer, ITEMID integer);
insert into SURVEY values (1, 0, '', '', NULL);
 insert into CENTRELINE values (2, 1, NULL, NULL, NULL, 0.00, 0.00, 0.00);
 insert into SURVEY values (19, 1, 'Cong', 'Cong', 'Pigeon Hole and Wolves'' Hole');
 insert into CENTRELINE values (20, 19, NULL, NULL, NULL, 0.00, 0.00, 0.00);
 insert into SURVEY values (21, 19, 'ballymaglancy', 'ballymaglancy.Cong', 'Ballymaglancy Cave');
 insert into CENTRELINE values (22, 21, NULL, NULL, NULL, 0.00, 0.00, 0.00);
 insert into SURVEY values (23, 21, 'BmlMain1', 'BmlMain1.ballymaglancy.Cong', NULL);
 insert into CENTRELINE values (24, 23, NULL, NULL, NULL, 0.00, 0.00, 0.00);
 insert into SCRAPS values (25, 23, 'BmlMain1SP1', 1, 14.28962, 0.44197);
 insert into SCRAPS values (49, 23, 'BmlMain1SP2', 1, 13.48837, 0.80154);
 insert into SCRAPS values (77, 23, 'BmlMain1SP3', 1, 5.76781, 0.89365);
 insert into SCRAPS values (95, 23, 'BmlMain1SP4', 1, 26.29566, 0.68757);
 insert into SCRAPS values (133, 23, 'BmlMain1SP5', 1, 2.03175, 0.05857);
 insert into SCRAPS values (165, 23, 'BmlMain1SP6', 1, 23.28855, 0.62305);
 insert into SCRAPS values (186, 23, 'BmlMain1SP7', 1, 4.54554, 0.07379);
 insert into SCRAPS values (232, 23, 'BmlMain1SP8', 1, 0.32888, 0.01331);
 insert into SCRAPS values (319, 23, 'scrap301', 1, 0.00000, 0.00000);
 insert into SCRAPS values (321, 23, 'scrap303', 1, 0.00000, 0.00000);
 insert into SCRAPS values (323, 23, 'BmlMain1SP9', 1, 49.63356, 2.21889);
 insert into SCRAPS values (343, 23, 'BmlMain1SX1.1', 2, 0.00000, 0.00000);
 insert into SCRAPS values (347, 23, 'BmlMain1SX1.5', 2, 0.00000, 0.00000);
 insert into SCRAPS values (351, 23, 'BmlMain1SX1.8', 2, 0.00000, 0.00000);
 insert into SCRAPS values (355, 23, 'BmlMain1SX1.12', 2, 0.00000, 0.00000);
 insert into SCRAPS values (359, 23, 'BmlMain1SX1.20', 2, 0.00000, 0.00000);
 insert into SCRAPS values (363, 23, 'BmlMain1SX1.26', 2, 0.00000, 0.00000);
 insert into SCRAPS values (368, 23, 'BmlMain1SX1.27', 2, 0.00000, 0.00000);
 insert into SCRAPS values (372, 23, 'BmlMain1SX1.30', 2, 0.00000, 0.00000);
 insert into SCRAPS values (375, 23, 'BmlMain1SX1.32', 2, 0.00000, 0.00000);
 insert into SCRAPS values (379, 23, 'BmlMain1SX1.33', 2, 0.00000, 0.00000);
 insert into SCRAPS values (383, 23, 'BmlMain1SX1.34', 2, 0.00000, 0.00000);
 insert into SCRAPS values (387, 23, 'BmlMain1SX1.37', 2, 0.00000, 0.00000);
 insert into SCRAPS values (391, 23, 'BmlMain1SX1.39', 2, 0.00000, 0.00000);
 insert into SCRAPS values (395, 23, 'BmlMain1SX1.40', 2, 0.00000, 0.00000);
 insert into SCRAPS values (399, 23, 'BmlMain1SX1.41', 2, 0.00000, 0.00000);
 insert into SCRAPS values (403, 23, 'BmlMain1SX1.42', 2, 0.00000, 0.00000);
 insert into SCRAPS values (407, 23, 'BmlMain1SX1.45', 2, 0.00000, 0.00000);
 insert into SCRAPS values (412, 23, 'BmlMain1SX1.46', 2, 0.00000, 0.00000);
 insert into SCRAPS values (416, 23, 'BmlMain1SX1.48', 2, 0.00000, 0.00000);
 insert into SCRAPS values (420, 23, 'BmlMain1SX1.50', 2, 0.00000, 0.00000);
 insert into SCRAPS values (424, 23, 'BmlMain1SX1.53', 2, 0.00000, 0.00000);
 insert into SCRAPS values (428, 23, 'BmlMain1SX1.55', 2, 0.00000, 0.00000);
 insert into SCRAPS values (432, 23, 'BmlMain1SX1.58', 2, 0.00000, 0.00000);
 insert into MAPS values (436, 23, 'BmlMain1M', NULL, 1, 534.265, -10.650);
 insert into MAPITEMS values (436, 4, 25);
 insert into MAPITEMS values (436, 4, 49);
 insert into MAPITEMS values (436, 4, 77);
 insert into MAPITEMS values (436, 4, 95);
 insert into MAPITEMS values (436, 4, 133);
 insert into MAPITEMS values (436, 4, 165);
 insert into MAPITEMS values (436, 4, 186);
 insert into MAPITEMS values (436, 4, 232);
 insert into MAPITEMS values (436, 4, 323);
 insert into CENTRELINE values (437, 23, NULL, '2012-06-20', NULL, 534.27, 0.00, 0.00);
 insert into PERSON values (1, 'Stuart', 'Alldred');
insert into TOPO values (1, 437);
 insert into PERSON values (2, 'Chris', 'Burnley');
insert into TOPO values (2, 437);
 insert into PERSON values (3, 'Alex', 'Crow');
insert into TOPO values (3, 437);
 insert into PERSON values (4, 'Adam', 'Henry');
insert into TOPO values (4, 437);
 insert into SHOT values (1, 1, 2, 437, 4.156, 42.83, 4.10, 4.128, 42.84, 4.03, 0.028, 221.90, -14.78);
insert into SHOT values (2, 2, 3, 437, 6.375, 315.23, -8.15, 6.371, 315.26, -8.12, 0.006, 91.10, 40.45);
insert into SHOT values (3, 2, 4, 437, 6.135, 105.25, -5.62, 6.133, 105.20, -5.61, 0.006, 354.67, 7.78);
insert into SHOT values (4, 2, 5, 437, 1.047, 134.48, -83.43, 1.047, 131.63, -83.40, 0.006, 49.00, 1.19);
insert into SHOT values (5, 2, 6, 437, 9.471, 126.35, -1.49, 9.473, 126.33, -1.45, 0.008, 70.22, 53.04);
insert into SHOT values (6, 2, 7, 437, 2.953, 123.97, -5.97, 2.955, 123.91, -5.83, 0.008, 76.40, 58.53);
insert into SHOT values (7, 2, 8, 437, 5.082, 251.46, -8.87, 5.079, 251.53, -8.83, 0.008, 5.20, 28.36);
insert into SHOT values (8, 2, 9, 437, 4.293, 226.09, -13.40, 4.289, 226.17, -13.35, 0.008, 347.15, 37.11);
insert into SHOT values (9, 2, 10, 437, 5.562, 11.23, -9.08, 5.564, 11.23, -9.00, 0.008, 9.42, 69.64);
insert into SHOT values (10, 2, 11, 437, 1.189, 314.72, -47.12, 1.186, 315.00, -47.18, 0.005, 81.74, 14.45);
insert into SHOT values (11, 2, 12, 437, 4.369, 158.00, -5.98, 4.361, 157.93, -5.92, 0.010, 13.95, 29.69);
insert into SHOT values (12, 2, 13, 437, 2.607, 152.11, -22.94, 2.602, 152.15, -22.84, 0.007, 302.23, 59.26);
insert into SHOT values (13, 14, 2, 437, 11.114, 303.80, 1.15, 11.110, 303.80, 1.13, 0.005, 108.57, -37.33);
insert into SHOT values (14, 2, 15, 437, 7.496, 50.49, -5.28, 7.477, 50.45, -5.37, 0.023, 244.47, -26.26);
insert into SHOT values (15, 15, 16, 437, 9.161, 285.45, -2.23, 9.158, 285.46, -2.19, 0.007, 65.25, 60.63);
insert into SHOT values (16, 15, 17, 437, 4.046, 282.76, -5.03, 4.045, 282.76, -4.96, 0.005, 98.02, 79.19);
insert into SHOT values (17, 15, 18, 437, 0.560, 292.56, -40.15, 0.554, 292.31, -40.50, 0.007, 128.53, 9.10);
insert into SHOT values (18, 15, 19, 437, 0.668, 92.51, 81.94, 0.677, 95.71, 81.47, 0.012, 132.54, 44.58);
insert into SHOT values (19, 15, 20, 437, 1.412, 50.39, 4.51, 1.412, 50.77, 4.87, 0.013, 143.24, 43.92);
insert into SHOT values (20, 15, 21, 437, 4.182, 134.98, 0.84, 4.187, 135.00, 0.96, 0.010, 153.65, 61.23);
insert into SHOT values (21, 15, 22, 437, 7.000, 296.89, -0.98, 6.995, 296.86, -0.90, 0.011, 157.14, 58.97);
insert into SHOT values (22, 15, 23, 437, 0.673, 143.99, 76.45, 0.679, 145.30, 76.53, 0.007, 227.82, 57.50);
insert into SHOT values (23, 15, 24, 437, 1.842, 101.51, 6.27, 1.850, 101.62, 6.52, 0.012, 128.72, 49.74);
insert into SHOT values (24, 15, 25, 437, 4.219, 140.14, 0.95, 4.225, 140.09, 0.95, 0.007, 107.02, 0.43);
insert into SHOT values (25, 15, 26, 437, 4.339, 289.33, -3.96, 4.333, 289.32, -3.84, 0.011, 120.62, 60.76);
insert into SHOT values (26, 15, 27, 437, 1.297, 277.71, -14.52, 1.291, 277.35, -14.36, 0.011, 153.37, 28.79);
insert into SHOT values (27, 15, 28, 437, 11.448, 339.52, 3.77, 11.440, 339.17, 3.71, 0.071, 243.71, -10.25);
insert into SHOT values (28, 28, 29, 437, 7.152, 145.03, -5.79, 7.160, 145.06, -5.77, 0.010, 169.76, 9.15);
insert into SHOT values (29, 28, 30, 437, 5.048, 151.35, -13.53, 5.049, 151.40, -13.52, 0.005, 226.57, 12.80);
insert into SHOT values (30, 28, 31, 437, 8.147, 158.44, -7.58, 8.156, 158.45, -7.54, 0.011, 166.54, 26.10);
insert into SHOT values (31, 28, 32, 437, 4.691, 184.99, -14.73, 4.690, 184.93, -14.70, 0.005, 94.52, 31.11);
insert into SHOT values (32, 28, 33, 437, 5.548, 195.67, -13.48, 5.553, 195.68, -13.43, 0.007, 208.27, 28.37);
insert into SHOT values (33, 28, 34, 437, 7.124, 178.68, -9.39, 7.127, 178.70, -9.37, 0.005, 211.33, 30.66);
insert into SHOT values (34, 28, 35, 437, 7.300, 186.84, -9.37, 7.309, 186.85, -9.37, 0.009, 194.92, -9.46);
insert into SHOT values (35, 28, 36, 437, 3.073, 200.74, -24.91, 3.075, 200.77, -24.80, 0.006, 221.20, 43.13);
insert into SHOT values (36, 28, 37, 437, 4.338, 205.22, -16.94, 4.343, 205.21, -16.87, 0.007, 197.90, 33.22);
insert into SHOT values (37, 28, 38, 437, 6.825, 201.98, -6.71, 6.829, 201.99, -6.64, 0.009, 215.38, 54.19);
insert into SHOT values (38, 28, 39, 437, 6.191, 225.58, -6.91, 6.196, 225.53, -6.86, 0.010, 182.77, 30.38);
insert into SHOT values (39, 28, 40, 437, 5.851, 226.78, -11.11, 5.852, 226.69, -11.03, 0.012, 155.12, 39.32);
insert into SHOT values (40, 28, 41, 437, 4.882, 231.64, -14.99, 4.885, 231.62, -14.95, 0.005, 214.01, 34.71);
insert into SHOT values (41, 28, 42, 437, 5.999, 229.20, -12.77, 6.003, 229.15, -12.70, 0.009, 189.50, 40.18);
insert into SHOT values (42, 28, 43, 437, 5.082, 254.40, -16.19, 5.081, 254.31, -16.11, 0.010, 174.99, 42.94);
insert into SHOT values (43, 28, 44, 437, 5.617, 245.25, -13.01, 5.619, 245.17, -12.96, 0.010, 179.58, 27.45);
insert into SHOT values (44, 28, 45, 437, 5.264, 282.58, -11.11, 5.261, 282.53, -11.07, 0.007, 164.62, 40.22);
insert into SHOT values (45, 28, 46, 437, 2.355, 254.09, -33.97, 2.354, 253.97, -33.81, 0.008, 200.93, 50.16);
insert into SHOT values (46, 28, 47, 437, 0.632, 181.36, -49.56, 0.631, 181.40, -49.49, 0.001, 238.79, 72.17);
insert into SHOT values (47, 28, 48, 437, 1.130, 341.07, -84.59, 1.125, 343.30, -84.67, 0.007, 99.65, 47.01);
insert into SHOT values (48, 28, 49, 437, 3.827, 93.84, -17.55, 3.826, 93.93, -17.49, 0.007, 186.82, 34.81);
insert into SHOT values (49, 28, 50, 437, 2.711, 136.43, -28.49, 2.710, 136.53, -28.42, 0.005, 211.76, 36.13);
insert into SHOT values (50, 28, 51, 437, 3.879, 52.42, -18.47, 3.880, 52.51, -18.48, 0.006, 132.20, -10.83);
insert into SHOT values (51, 28, 52, 437, 4.112, 21.80, -18.09, 4.101, 21.83, -18.04, 0.012, 189.37, 36.07);
insert into SHOT values (52, 28, 53, 437, 6.371, 353.38, -11.54, 6.370, 353.38, -11.50, 0.005, 205.29, 81.93);
insert into SHOT values (53, 28, 54, 437, 8.306, 334.50, -7.97, 8.301, 334.49, -7.96, 0.005, 162.31, 19.81);
insert into SHOT values (54, 28, 55, 437, 3.303, 278.69, -24.98, 3.301, 278.64, -24.90, 0.005, 188.40, 64.31);
insert into SHOT values (55, 28, 56, 437, 7.398, 24.80, -4.02, 7.392, 24.86, -4.03, 0.010, 153.42, -7.51);
insert into SHOT values (56, 28, 57, 437, 4.699, 58.45, -10.05, 4.696, 58.44, -10.06, 0.003, 250.24, 0.20);
insert into SHOT values (57, 28, 58, 437, 5.692, 61.55, -12.77, 5.687, 61.59, -12.70, 0.009, 189.39, 60.07);
insert into SHOT values (58, 28, 59, 437, 5.637, 25.05, -9.76, 5.633, 25.04, -9.71, 0.007, 216.31, 57.23);
insert into SHOT values (59, 28, 60, 437, 12.074, 43.53, -1.07, 12.076, 43.56, -1.04, 0.008, 112.64, 40.98);
insert into SHOT values (60, 28, 61, 437, 6.361, 57.18, -2.52, 6.358, 57.21, -2.52, 0.004, 185.38, -4.10);
insert into SHOT values (61, 28, 62, 437, 5.548, 39.39, -1.60, 5.544, 39.43, -1.55, 0.008, 173.44, 38.53);
insert into SHOT values (62, 28, 63, 437, 5.177, 46.44, -7.55, 5.173, 46.50, -7.55, 0.007, 171.05, 1.81);
insert into SHOT values (63, 28, 64, 437, 4.568, 47.70, 0.36, 4.566, 47.75, 0.38, 0.005, 161.06, 15.89);
insert into SHOT values (64, 65, 28, 437, 8.927, 225.73, 0.22, 8.924, 225.73, 0.19, 0.005, 55.21, -59.05);
insert into SHOT values (65, 65, 66, 437, 0.680, 107.62, -5.91, 0.687, 107.90, -5.85, 0.008, 134.58, 0.13);
insert into SHOT values (66, 65, 67, 437, 0.781, 292.72, 2.13, 0.781, 292.62, 2.20, 0.002, 183.85, 34.27);
insert into SHOT values (67, 65, 68, 437, 0.321, 180.95, 88.03, 0.320, 180.00, 88.21, 0.001, 10.03, -37.68);
insert into SHOT values (68, 65, 69, 437, 0.325, 326.02, -88.58, 0.330, 90.00, -90.00, 0.010, 146.02, -32.34);
insert into SHOT values (69, 65, 70, 437, 1.151, 292.40, -20.65, 1.147, 292.50, -20.94, 0.007, 94.11, -35.17);
insert into SHOT values (70, 65, 71, 437, 0.465, 306.50, 38.92, 0.461, 305.91, 39.01, 0.006, 170.98, -22.05);
insert into SHOT values (71, 65, 72, 437, 0.298, 88.81, 40.87, 0.298, 90.00, 39.56, 0.008, 134.89, -36.96);
insert into SHOT values (72, 65, 73, 437, 0.787, 103.01, -17.91, 0.787, 103.11, -17.76, 0.002, 165.94, 53.94);
insert into SHOT values (73, 74, 65, 437, 5.861, 210.29, -6.23, 5.860, 210.31, -6.17, 0.006, 306.79, 74.00);
insert into SHOT values (74, 74, 75, 437, 1.858, 272.26, 2.47, 1.854, 272.17, 2.78, 0.011, 123.28, 59.80);
insert into SHOT values (75, 74, 76, 437, 0.354, 257.01, -83.60, 0.352, 255.96, -83.28, 0.003, 233.92, 43.09);
insert into SHOT values (76, 74, 77, 437, 2.499, 229.25, -6.64, 2.497, 229.25, -6.44, 0.009, 52.12, 86.52);
insert into SHOT values (77, 74, 78, 437, 3.070, 195.63, -7.24, 3.066, 195.63, -7.12, 0.008, 9.54, 66.79);
insert into SHOT values (78, 74, 79, 437, 2.265, 335.83, 9.71, 2.259, 335.85, 9.94, 0.011, 148.74, 45.01);
insert into SHOT values (79, 74, 80, 437, 2.244, 6.58, 9.20, 2.244, 6.74, 9.23, 0.006, 95.03, 11.15);
insert into SHOT values (80, 74, 81, 437, 0.267, 53.62, 3.00, 0.273, 53.97, 4.20, 0.008, 70.92, 46.87);
insert into SHOT values (81, 74, 82, 437, 2.666, 351.98, 10.35, 2.659, 352.09, 10.40, 0.009, 139.51, 6.38);
insert into SHOT values (82, 74, 83, 437, 1.713, 124.23, -3.01, 1.716, 124.06, -2.67, 0.012, 68.40, 58.57);
insert into SHOT values (83, 28, 84, 437, 2.744, 244.89, 2.03, 2.744, 244.74, 2.09, 0.008, 153.64, 21.86);
insert into SHOT values (84, 28, 85, 437, 18.004, 318.92, -3.09, 18.022, 319.24, -3.12, 0.102, 38.99, -5.37);
insert into SHOT values (85, 85, 86, 437, 3.092, 223.63, 8.93, 3.093, 223.67, 8.93, 0.003, 290.99, 0.80);
insert into SHOT values (86, 85, 87, 437, 2.451, 256.28, -20.14, 2.446, 256.15, -20.09, 0.008, 127.48, 29.64);
insert into SHOT values (87, 85, 88, 437, 3.471, 243.60, -12.39, 3.474, 243.59, -12.30, 0.006, 233.09, 48.04);
insert into SHOT values (88, 85, 89, 437, 2.710, 217.50, -15.76, 2.710, 217.53, -15.62, 0.007, 250.66, 68.02);
insert into SHOT values (89, 85, 90, 437, 0.885, 220.00, -25.73, 0.881, 219.90, -25.54, 0.005, 73.25, 58.64);
insert into SHOT values (90, 85, 91, 437, 1.135, 327.12, 81.87, 1.131, 325.30, 81.96, 0.007, 210.80, -32.75);
insert into SHOT values (91, 85, 92, 437, 5.182, 35.80, 21.21, 5.187, 35.83, 21.25, 0.007, 67.40, 49.28);
insert into SHOT values (92, 85, 93, 437, 7.739, 105.17, 12.74, 7.745, 105.20, 12.75, 0.007, 136.66, 26.83);
insert into SHOT values (93, 85, 94, 437, 4.389, 158.27, 10.30, 4.389, 158.25, 10.37, 0.006, 40.16, 70.92);
insert into SHOT values (94, 85, 95, 437, 8.805, 120.71, 5.60, 8.813, 120.72, 5.60, 0.008, 130.15, 5.84);
insert into SHOT values (95, 85, 96, 437, 7.571, 118.23, 6.85, 7.570, 118.27, 6.83, 0.006, 212.98, -29.22);
insert into SHOT values (96, 85, 97, 437, 8.468, 110.67, 10.72, 8.475, 110.68, 10.74, 0.008, 121.14, 38.09);
insert into SHOT values (97, 85, 98, 437, 11.869, 12.88, 9.72, 11.866, 12.90, 9.75, 0.008, 150.43, 50.99);
insert into SHOT values (98, 85, 99, 437, 11.714, 15.63, 9.43, 11.715, 15.61, 9.43, 0.004, 295.92, 11.86);
insert into SHOT values (99, 85, 100, 437, 5.303, 299.94, -9.20, 5.297, 299.95, -9.23, 0.007, 112.40, -17.68);
insert into SHOT values (100, 85, 101, 437, 5.544, 296.14, -4.20, 5.538, 296.10, -4.14, 0.009, 148.19, 41.18);
insert into SHOT values (101, 85, 102, 437, 2.402, 297.15, -20.85, 2.401, 297.02, -20.74, 0.007, 211.41, 44.52);
insert into SHOT values (102, 85, 103, 437, 10.198, 351.62, 10.96, 10.193, 351.61, 10.97, 0.005, 188.05, 12.32);
insert into SHOT values (103, 85, 104, 437, 11.699, 8.20, 9.73, 11.697, 8.23, 9.75, 0.007, 117.10, 24.15);
insert into SHOT values (104, 85, 105, 437, 1.894, 262.92, -25.09, 1.891, 262.96, -25.03, 0.004, 56.76, 49.93);
insert into SHOT values (105, 85, 106, 437, 5.523, 302.47, -9.57, 5.517, 302.46, -9.60, 0.006, 127.82, -16.38);
insert into SHOT values (106, 85, 107, 437, 3.483, 310.24, -14.33, 3.478, 310.31, -14.32, 0.006, 89.42, 18.86);
insert into SHOT values (107, 85, 108, 437, 6.509, 321.51, -5.91, 6.511, 321.52, -5.91, 0.002, 350.86, 4.78);
insert into SHOT values (108, 85, 109, 437, 6.239, 349.63, 9.71, 6.240, 349.60, 9.69, 0.004, 286.02, -36.62);
insert into SHOT values (109, 85, 110, 437, 12.651, 319.63, 0.17, 12.667, 319.84, 0.14, 0.049, 30.40, -8.87);
insert into SHOT values (110, 110, 111, 437, 3.833, 213.04, 11.13, 3.830, 213.06, 11.14, 0.003, 10.02, 1.92);
insert into SHOT values (111, 110, 112, 437, 4.094, 213.68, -13.47, 4.086, 213.61, -13.44, 0.009, 68.21, 23.33);
insert into SHOT values (112, 110, 113, 437, 1.078, 220.54, 79.99, 1.076, 220.60, 80.13, 0.003, 36.70, -27.97);
insert into SHOT values (113, 110, 114, 437, 0.673, 243.85, -63.78, 0.667, 243.43, -64.15, 0.008, 81.35, 28.23);
insert into SHOT values (114, 110, 115, 437, 2.490, 359.43, 56.90, 2.494, 359.58, 56.95, 0.005, 85.59, 48.90);
insert into SHOT values (115, 110, 116, 437, 3.516, 28.77, 28.38, 3.522, 28.71, 28.30, 0.009, 8.08, -8.15);
insert into SHOT values (116, 110, 117, 437, 4.214, 37.88, 23.95, 4.217, 37.94, 23.92, 0.005, 87.49, -6.64);
insert into SHOT values (117, 110, 118, 437, 1.533, 186.16, -37.69, 1.530, 186.18, -37.91, 0.007, 1.44, -24.16);
insert into SHOT values (118, 110, 119, 437, 6.749, 152.89, -6.92, 6.748, 152.82, -6.89, 0.008, 61.42, 22.12);
insert into SHOT values (119, 110, 120, 437, 8.834, 139.38, -5.33, 8.831, 139.34, -5.33, 0.007, 28.87, 4.82);
insert into SHOT values (120, 110, 121, 437, 1.901, 130.40, 19.00, 1.899, 130.26, 19.05, 0.005, 13.34, 12.20);
insert into SHOT values (121, 110, 122, 437, 1.398, 85.56, 34.71, 1.404, 85.53, 34.74, 0.006, 76.51, 42.20);
insert into SHOT values (122, 110, 123, 437, 1.199, 321.14, 64.61, 1.195, 321.34, 64.62, 0.004, 97.07, -50.97);
insert into SHOT values (123, 110, 124, 437, 2.385, 6.88, 47.27, 2.386, 7.08, 47.17, 0.007, 61.69, -15.36);
insert into SHOT values (124, 110, 125, 437, 1.653, 210.34, -24.44, 1.644, 210.50, -24.43, 0.010, 0.92, 23.99);
insert into SHOT values (125, 110, 126, 437, 3.669, 212.73, -6.34, 3.662, 212.77, -6.43, 0.009, 11.69, -31.88);
insert into SHOT values (126, 110, 127, 437, 3.554, 212.95, 0.05, 3.550, 212.93, 0.00, 0.005, 51.86, -39.14);
insert into SHOT values (127, 110, 128, 437, 1.660, 266.28, -0.72, 1.653, 266.53, -0.69, 0.010, 39.53, 4.91);
insert into SHOT values (128, 110, 129, 437, 2.431, 307.70, -12.38, 2.436, 307.83, -12.32, 0.008, 351.17, 8.41);
insert into SHOT values (129, 110, 130, 437, 2.185, 272.28, -12.96, 2.178, 272.43, -13.00, 0.009, 55.20, 0.19);
insert into SHOT values (130, 110, 131, 437, 13.197, 292.40, 0.03, 13.212, 292.80, 0.00, 0.094, 13.15, -4.22);
insert into SHOT values (131, 131, 132, 437, 6.198, 126.93, -8.19, 6.206, 126.93, -8.24, 0.010, 124.19, -44.33);
insert into SHOT values (132, 131, 133, 437, 7.657, 138.43, -2.75, 7.659, 138.39, -2.77, 0.006, 69.74, -25.94);
insert into SHOT values (133, 131, 134, 437, 8.379, 118.96, -2.59, 8.383, 118.92, -2.60, 0.007, 65.21, -11.38);
insert into SHOT values (134, 131, 135, 437, 8.789, 111.26, -3.52, 8.793, 111.24, -3.52, 0.005, 80.56, -4.75);
insert into SHOT values (135, 131, 136, 437, 1.474, 233.25, 20.91, 1.473, 232.96, 20.67, 0.009, 152.06, -41.17);
insert into SHOT values (136, 131, 137, 437, 0.822, 156.11, 87.93, 0.821, 146.31, 87.48, 0.009, 109.68, -9.80);
insert into SHOT values (137, 131, 138, 437, 7.549, 59.80, 8.51, 7.552, 59.87, 8.45, 0.012, 126.77, -37.30);
insert into SHOT values (138, 131, 139, 437, 2.546, 57.21, -5.59, 2.545, 57.25, -5.64, 0.003, 183.07, -41.01);
insert into SHOT values (139, 131, 140, 437, 0.757, 34.23, -64.75, 0.765, 35.13, -64.43, 0.010, 70.15, -30.94);
insert into SHOT values (140, 131, 141, 437, 5.430, 118.95, -5.86, 5.436, 118.98, -5.91, 0.008, 148.70, -41.37);
insert into SHOT values (141, 131, 142, 437, 10.069, 83.28, 9.44, 10.074, 83.30, 9.43, 0.006, 113.58, -13.44);
insert into SHOT values (142, 131, 143, 437, 3.212, 131.56, -13.06, 3.222, 131.51, -13.09, 0.011, 116.26, -23.27);
insert into SHOT values (143, 131, 144, 437, 1.903, 67.53, -27.72, 1.907, 67.69, -27.83, 0.007, 139.51, -43.38);
insert into SHOT values (144, 131, 145, 437, 4.885, 103.04, -7.24, 4.896, 103.09, -7.28, 0.012, 126.80, -21.44);
insert into SHOT values (145, 131, 146, 437, 5.886, 62.46, 2.21, 5.890, 62.48, 2.14, 0.009, 84.79, -54.93);
insert into SHOT values (146, 131, 147, 437, 6.936, 61.02, 4.86, 6.940, 61.03, 4.79, 0.009, 71.33, -59.05);
insert into SHOT values (147, 131, 148, 437, 7.724, 71.06, 7.93, 7.726, 71.09, 7.89, 0.008, 127.89, -47.37);
insert into SHOT values (148, 131, 149, 437, 2.563, 59.06, -3.83, 2.567, 59.23, -4.02, 0.012, 126.09, -47.01);
insert into SHOT values (149, 131, 150, 437, 2.988, 334.66, -12.05, 2.988, 334.66, -12.17, 0.006, 144.74, -79.03);
insert into SHOT values (150, 131, 151, 437, 4.664, 345.25, -12.02, 4.664, 345.26, -12.13, 0.009, 132.95, -76.77);
insert into SHOT values (151, 131, 152, 437, 4.835, 7.43, 1.74, 4.833, 7.49, 1.66, 0.009, 113.25, -50.67);
insert into SHOT values (152, 131, 153, 437, 3.197, 21.84, -5.51, 3.196, 21.97, -5.57, 0.008, 121.79, -22.51);
insert into SHOT values (153, 131, 154, 437, 3.331, 15.63, -8.70, 3.332, 15.68, -8.80, 0.007, 107.63, -63.48);
insert into SHOT values (154, 131, 155, 437, 2.594, 49.87, -4.51, 2.599, 49.85, -4.64, 0.007, 41.12, -54.40);
insert into SHOT values (155, 131, 156, 437, 1.819, 47.69, -30.24, 1.827, 47.82, -30.23, 0.009, 74.72, -25.55);
insert into SHOT values (156, 131, 157, 437, 3.337, 15.91, -8.98, 3.340, 16.02, -9.13, 0.011, 88.68, -54.54);
insert into SHOT values (157, 131, 158, 437, 8.122, 27.66, -0.62, 8.119, 27.67, -0.64, 0.004, 181.50, -31.55);
insert into SHOT values (158, 131, 159, 437, 5.807, 11.55, -0.64, 5.809, 11.62, -0.69, 0.009, 82.93, -34.32);
insert into SHOT values (159, 159, 160, 437, 4.091, 284.96, 18.34, 4.090, 284.93, 18.39, 0.004, 145.92, 43.84);
insert into SHOT values (160, 159, 161, 437, 3.225, 78.51, -1.23, 3.225, 78.55, -1.24, 0.002, 170.93, -18.26);
insert into SHOT values (161, 159, 162, 437, 2.896, 75.67, -19.53, 2.891, 75.76, -19.60, 0.007, 218.57, -14.65);
insert into SHOT values (162, 159, 163, 437, 1.936, 293.10, -29.19, 1.937, 292.93, -29.03, 0.007, 240.11, 34.20);
insert into SHOT values (163, 159, 164, 437, 3.206, 287.00, 24.47, 3.206, 286.94, 24.51, 0.004, 170.12, 32.67);
insert into SHOT values (164, 159, 165, 437, 1.444, 148.54, 88.44, 1.441, 153.43, 88.22, 0.007, 184.57, -28.10);
insert into SHOT values (165, 159, 166, 437, 5.445, 326.22, 11.68, 5.446, 326.16, 11.65, 0.006, 248.77, -22.67);
insert into SHOT values (166, 159, 167, 437, 4.382, 17.49, -12.49, 4.380, 17.42, -12.53, 0.006, 264.75, -21.86);
insert into SHOT values (167, 159, 168, 437, 4.745, 354.27, -0.31, 4.744, 354.19, -0.24, 0.008, 258.89, 41.98);
insert into SHOT values (168, 159, 169, 437, 4.991, 358.22, -5.51, 4.986, 358.15, -5.52, 0.008, 225.35, -5.56);
insert into SHOT values (169, 159, 170, 437, 6.038, 345.42, 4.00, 6.040, 345.39, 3.99, 0.004, 280.84, -17.73);
insert into SHOT values (170, 170, 171, 437, 1.531, 121.98, -15.26, 1.532, 122.29, -15.14, 0.009, 200.30, 19.68);
insert into SHOT values (171, 170, 172, 437, 2.542, 108.67, -35.69, 2.543, 108.61, -35.59, 0.005, 77.84, 35.88);
insert into SHOT values (172, 170, 173, 437, 1.574, 307.90, -63.81, 1.571, 307.37, -63.86, 0.007, 195.22, 19.05);
insert into SHOT values (173, 170, 174, 437, 7.179, 110.29, 10.62, 7.183, 110.31, 10.67, 0.008, 151.72, 61.87);
insert into SHOT values (174, 170, 175, 437, 1.136, 113.56, 71.86, 1.135, 113.63, 72.08, 0.004, 287.99, 5.95);
insert into SHOT values (175, 170, 176, 437, 5.649, 122.70, 10.06, 5.652, 122.75, 10.09, 0.006, 187.22, 31.80);
insert into SHOT values (176, 170, 177, 437, 10.875, 47.56, -9.88, 10.877, 47.57, -9.85, 0.007, 88.91, 59.27);
insert into SHOT values (177, 170, 178, 437, 11.653, 42.66, -8.67, 11.653, 42.68, -8.64, 0.008, 114.04, 58.11);
insert into SHOT values (178, 170, 179, 437, 10.069, 57.66, 0.10, 10.068, 57.70, 0.11, 0.007, 155.71, 18.89);
insert into SHOT values (179, 170, 180, 437, 0.437, 39.18, -5.78, 0.435, 40.31, -5.28, 0.010, 142.83, 24.44);
insert into SHOT values (180, 170, 181, 437, 10.122, 40.24, -5.31, 10.118, 40.25, -5.27, 0.008, 188.63, 62.09);
insert into SHOT values (181, 170, 182, 437, 19.583, 43.06, -2.63, 19.583, 43.07, -2.63, 0.005, 130.92, -15.91);
insert into SHOT values (182, 182, 183, 437, 2.131, 303.86, 25.48, 2.133, 303.77, 25.55, 0.004, 234.26, 46.38);
insert into SHOT values (183, 182, 184, 437, 2.214, 303.64, 44.84, 2.215, 303.59, 44.77, 0.003, 276.46, -21.02);
insert into SHOT values (184, 182, 185, 437, 1.923, 300.79, 62.13, 1.926, 300.53, 61.96, 0.008, 268.91, 0.35);
insert into SHOT values (185, 182, 186, 437, 2.924, 288.00, 76.15, 2.926, 288.18, 76.06, 0.006, 310.79, 10.10);
insert into SHOT values (186, 182, 187, 437, 2.769, 215.39, 85.78, 2.768, 215.22, 85.69, 0.005, 207.19, -18.86);
insert into SHOT values (187, 182, 188, 437, 2.863, 148.13, 74.94, 2.867, 148.24, 75.02, 0.006, 302.10, 58.37);
insert into SHOT values (188, 182, 189, 437, 1.889, 135.67, 61.84, 1.893, 135.91, 61.92, 0.006, 232.19, 50.70);
insert into SHOT values (189, 182, 190, 437, 1.880, 138.46, 58.16, 1.879, 138.70, 58.38, 0.009, 286.87, 19.75);
insert into SHOT values (190, 182, 191, 437, 0.450, 310.67, -3.06, 0.447, 310.46, -2.56, 0.005, 163.68, 53.63);
insert into SHOT values (191, 182, 192, 437, 0.839, 314.75, -50.91, 0.839, 314.24, -50.79, 0.005, 240.43, 13.62);
insert into SHOT values (192, 182, 193, 437, 1.128, 319.21, -65.56, 1.122, 318.47, -65.37, 0.009, 236.83, 48.63);
insert into SHOT values (193, 182, 194, 437, 2.530, 127.07, -89.01, 2.530, 135.00, -89.04, 0.006, 233.19, -3.55);
insert into SHOT values (194, 182, 195, 437, 1.385, 158.54, -50.46, 1.378, 158.68, -50.29, 0.009, 282.68, 71.82);
insert into SHOT values (195, 182, 196, 437, 2.142, 309.89, 26.30, 2.146, 309.73, 26.27, 0.007, 257.37, 7.93);
insert into SHOT values (196, 182, 197, 437, 6.782, 212.19, 14.20, 6.784, 212.26, 14.25, 0.011, 299.19, 36.30);
insert into SHOT values (197, 182, 198, 437, 22.201, 221.81, -0.09, 22.202, 221.80, -0.08, 0.005, 171.87, 66.93);
insert into SHOT values (198, 182, 199, 437, 8.377, 221.24, -11.65, 8.378, 221.25, -11.64, 0.002, 251.13, 42.90);
insert into SHOT values (199, 182, 200, 437, 8.198, 217.27, -18.09, 8.196, 217.28, -18.05, 0.006, 325.73, 72.04);
insert into SHOT values (200, 182, 201, 437, 8.489, 230.49, 7.42, 8.496, 230.49, 7.44, 0.008, 232.17, 27.87);
insert into SHOT values (201, 182, 202, 437, 11.570, 212.89, 3.97, 11.569, 212.91, 3.97, 0.003, 313.63, -17.41);
insert into SHOT values (202, 182, 203, 437, 3.162, 37.75, -28.04, 3.162, 37.73, -27.91, 0.007, 23.58, 60.84);
insert into SHOT values (203, 203, 204, 437, 0.911, 182.26, 2.83, 0.912, 182.52, 2.51, 0.007, 258.80, -49.75);
insert into SHOT values (204, 203, 205, 437, 2.165, 162.53, 41.17, 2.163, 162.90, 41.02, 0.012, 239.55, -25.83);
insert into SHOT values (205, 203, 206, 437, 3.490, 155.79, 65.20, 3.493, 155.88, 65.15, 0.005, 183.94, 20.81);
insert into SHOT values (206, 203, 207, 437, 4.592, 162.00, 85.64, 4.594, 163.61, 85.58, 0.011, 224.61, 6.55);
insert into SHOT values (207, 203, 208, 437, 1.785, 74.56, 86.69, 1.782, 77.47, 87.04, 0.012, 231.47, -9.61);
insert into SHOT values (208, 203, 209, 437, 0.984, 173.14, -36.78, 0.990, 173.50, -36.58, 0.009, 208.89, -5.56);
insert into SHOT values (209, 203, 210, 437, 1.090, 18.14, -87.10, 1.091, 11.31, -87.32, 0.008, 251.45, -10.46);
insert into SHOT values (210, 203, 211, 437, 0.870, 180.44, -2.11, 0.871, 180.66, -1.97, 0.004, 259.55, 30.91);
insert into SHOT values (211, 203, 212, 437, 1.870, 260.90, -3.59, 1.878, 260.79, -3.66, 0.009, 236.20, -18.64);
insert into SHOT values (212, 203, 213, 437, 13.664, 81.63, 0.95, 13.658, 81.62, 0.92, 0.009, 279.14, -44.53);
insert into SHOT values (213, 213, 214, 437, 0.623, 3.88, 0.74, 0.621, 3.69, 0.92, 0.003, 234.64, 36.63);
insert into SHOT values (214, 213, 215, 437, 3.998, 262.14, -8.37, 4.001, 262.01, -8.34, 0.009, 191.00, 12.09);
insert into SHOT values (215, 213, 216, 437, 4.502, 310.96, 84.77, 4.508, 309.99, 84.85, 0.011, 180.60, 36.81);
insert into SHOT values (216, 213, 217, 437, 1.386, 237.34, -80.84, 1.377, 236.31, -80.96, 0.010, 99.16, 55.01);
insert into SHOT values (217, 213, 218, 437, 2.364, 92.05, -0.10, 2.362, 92.18, 0.00, 0.007, 204.42, 34.46);
insert into SHOT values (218, 218, 219, 437, 1.362, 235.47, 0.72, 1.359, 235.49, 0.84, 0.004, 44.49, 45.97);
insert into SHOT values (219, 218, 220, 437, 0.857, 279.81, -27.29, 0.855, 279.83, -27.13, 0.003, 62.73, 79.57);
insert into SHOT values (220, 218, 221, 437, 2.695, 353.97, -25.68, 2.700, 354.10, -25.68, 0.007, 48.21, -17.08);
insert into SHOT values (221, 218, 222, 437, 2.304, 337.38, -35.28, 2.305, 337.52, -35.23, 0.005, 41.75, 8.03);
insert into SHOT values (222, 218, 223, 437, 5.103, 273.43, 63.19, 5.096, 273.50, 63.24, 0.009, 72.73, -29.60);
insert into SHOT values (223, 218, 224, 437, 0.990, 315.93, -18.06, 0.990, 316.29, -18.24, 0.007, 51.23, -27.28);
insert into SHOT values (224, 224, 225, 437, 0.852, 110.56, 8.85, 0.855, 110.79, 8.75, 0.005, 158.02, -12.91);
insert into SHOT values (225, 224, 226, 437, 1.397, 167.57, 1.76, 1.403, 167.65, 2.04, 0.010, 185.18, 47.85);
insert into SHOT values (226, 224, 227, 437, 4.945, 212.29, 76.58, 4.945, 212.16, 76.60, 0.003, 86.27, 0.44);
insert into SHOT values (227, 224, 228, 437, 0.932, 99.64, -18.46, 0.929, 99.78, -18.18, 0.006, 218.36, 63.77);
insert into SHOT values (228, 224, 229, 437, 4.426, 88.69, 3.17, 4.428, 88.70, 3.24, 0.006, 119.74, 67.05);
insert into SHOT values (229, 229, 230, 437, 2.806, 120.49, -23.43, 2.810, 120.54, -23.48, 0.006, 159.66, -47.19);
insert into SHOT values (230, 229, 231, 437, 1.126, 117.27, -14.77, 1.129, 117.27, -14.88, 0.004, 117.44, -49.72);
insert into SHOT values (231, 229, 232, 437, 0.678, 199.25, -5.42, 0.680, 198.97, -5.91, 0.007, 137.66, -57.87);
insert into SHOT values (232, 229, 233, 437, 2.079, 303.68, 86.99, 2.073, 303.69, 87.01, 0.006, 122.49, -80.71);
insert into SHOT values (233, 229, 234, 437, 4.828, 262.58, 73.73, 4.823, 262.35, 73.72, 0.007, 166.18, -40.44);
insert into SHOT values (234, 229, 235, 437, 1.599, 44.67, -6.68, 1.595, 44.49, -6.84, 0.008, 274.80, -31.57);
insert into SHOT values (235, 229, 236, 437, 2.205, 18.39, -3.41, 2.205, 18.27, -3.38, 0.005, 286.55, 14.19);
insert into SHOT values (236, 229, 237, 437, 0.709, 189.54, -0.40, 0.710, 189.73, -0.81, 0.006, 251.88, -62.42);
insert into SHOT values (237, 229, 238, 437, 0.768, 135.37, 5.08, 0.774, 135.53, 5.19, 0.006, 155.35, 17.95);
insert into SHOT values (238, 229, 239, 437, 4.305, 54.86, -15.92, 4.299, 54.85, -15.93, 0.006, 241.74, 7.88);
insert into SHOT values (239, 229, 240, 437, 9.967, 33.79, -3.30, 9.965, 33.77, -3.34, 0.007, 273.84, -58.49);
insert into SHOT values (240, 229, 241, 437, 10.017, 34.35, -3.15, 10.017, 34.33, -3.15, 0.004, 304.26, 6.07);
insert into SHOT values (241, 241, 242, 437, 0.978, 145.21, 0.88, 0.985, 145.34, 0.58, 0.009, 163.62, -34.83);
insert into SHOT values (242, 241, 243, 437, 1.609, 142.07, -29.36, 1.611, 142.23, -29.36, 0.005, 207.47, -14.21);
insert into SHOT values (243, 241, 244, 437, 0.980, 350.98, -56.58, 0.980, 351.42, -56.83, 0.006, 123.63, -20.12);
insert into SHOT values (244, 241, 245, 437, 2.308, 144.87, 26.86, 2.314, 144.85, 26.71, 0.008, 139.65, -19.25);
insert into SHOT values (245, 241, 246, 437, 0.856, 32.96, -83.01, 0.856, 36.87, -83.29, 0.008, 155.81, -2.56);
insert into SHOT values (246, 241, 247, 437, 6.688, 66.15, -8.91, 6.685, 66.15, -8.95, 0.005, 240.56, -49.92);
insert into SHOT values (247, 241, 248, 437, 6.555, 54.74, -8.80, 6.557, 54.74, -8.86, 0.007, 62.08, -84.23);
insert into SHOT values (248, 241, 249, 437, 10.001, 60.80, 6.07, 9.998, 60.81, 6.03, 0.008, 209.81, -74.06);
insert into SHOT values (249, 241, 250, 437, 4.492, 72.19, 0.26, 4.494, 72.25, 0.25, 0.005, 140.02, -4.22);
insert into SHOT values (250, 241, 251, 437, 8.863, 58.54, 0.78, 8.861, 58.57, 0.78, 0.005, 173.63, -6.96);
insert into SHOT values (251, 251, 252, 437, 0.939, 312.64, -9.07, 0.939, 312.81, -9.19, 0.003, 48.27, -34.75);
insert into SHOT values (252, 251, 253, 437, 1.760, 320.46, 32.47, 1.758, 320.74, 32.33, 0.009, 47.19, -33.94);
insert into SHOT values (253, 251, 254, 437, 5.189, 352.68, 80.70, 5.188, 352.45, 80.71, 0.004, 241.24, -12.48);
insert into SHOT values (254, 251, 255, 437, 4.432, 226.58, -14.57, 4.437, 226.60, -14.62, 0.007, 250.01, -46.95);
insert into SHOT values (255, 251, 256, 437, 2.929, 219.65, -24.21, 2.928, 219.53, -24.19, 0.006, 124.30, 11.55);
insert into SHOT values (256, 251, 257, 437, 6.243, 32.03, -16.12, 6.249, 32.00, -16.17, 0.009, 351.66, -50.48);
insert into SHOT values (257, 251, 258, 437, 5.648, 24.08, -17.31, 5.645, 24.09, -17.31, 0.003, 180.02, 9.78);
insert into SHOT values (258, 251, 259, 437, 5.534, 31.35, -1.49, 5.540, 31.34, -1.55, 0.008, 19.14, -46.41);
insert into SHOT values (259, 251, 260, 437, 4.378, 21.87, -1.51, 4.377, 21.87, -1.57, 0.005, 186.76, -71.53);
insert into SHOT values (260, 251, 261, 437, 10.083, 24.41, -7.01, 10.082, 24.44, -7.01, 0.005, 125.66, 5.91);
insert into SHOT values (261, 261, 262, 437, 0.668, 168.29, 60.30, 0.665, 169.38, 60.69, 0.008, 299.60, -1.71);
insert into SHOT values (262, 261, 263, 437, 3.714, 60.97, 86.65, 3.707, 59.93, 86.60, 0.009, 2.93, -58.52);
insert into SHOT values (263, 261, 264, 437, 5.760, 1.52, 87.72, 5.755, 0.00, 87.71, 0.008, 278.71, -41.52);
insert into SHOT values (264, 261, 265, 437, 5.811, 312.94, 79.88, 5.811, 313.03, 79.83, 0.005, 330.52, -6.62);
insert into SHOT values (265, 261, 266, 437, 3.618, 325.48, 74.61, 3.623, 325.49, 74.45, 0.011, 326.61, 9.25);
insert into SHOT values (266, 261, 267, 437, 2.602, 321.73, 71.09, 2.604, 321.65, 70.85, 0.011, 315.96, -8.05);
insert into SHOT values (267, 261, 268, 437, 5.771, 288.99, 84.58, 5.766, 289.09, 84.52, 0.007, 299.97, -44.64);
insert into SHOT values (268, 261, 269, 437, 2.717, 313.53, 55.63, 2.719, 313.42, 55.46, 0.009, 294.48, -16.84);
insert into SHOT values (269, 261, 270, 437, 1.254, 318.52, 46.12, 1.258, 318.69, 45.69, 0.011, 334.19, -21.60);
insert into SHOT values (270, 261, 271, 437, 1.443, 322.20, 17.50, 1.448, 322.05, 17.28, 0.008, 291.76, -29.28);
insert into SHOT values (271, 261, 272, 437, 1.139, 317.14, -12.21, 1.144, 317.17, -12.12, 0.005, 325.39, 10.44);
insert into SHOT values (272, 261, 273, 437, 1.422, 314.77, -23.41, 1.427, 314.69, -23.54, 0.006, 285.56, -53.76);
insert into SHOT values (273, 261, 274, 437, 0.678, 107.18, -60.48, 0.677, 105.71, -60.60, 0.009, 5.50, -0.10);
insert into SHOT values (274, 261, 275, 437, 7.538, 202.13, -1.22, 7.537, 202.14, -1.22, 0.002, 315.74, 17.13);
insert into SHOT values (275, 261, 276, 437, 10.260, 204.93, -0.37, 10.259, 204.97, -0.39, 0.008, 305.03, -28.96);
insert into SHOT values (276, 261, 277, 437, 4.341, 208.26, -8.27, 4.341, 208.35, -8.34, 0.009, 302.39, -37.85);
insert into SHOT values (277, 261, 278, 437, 1.716, 234.97, -20.22, 1.717, 235.12, -20.45, 0.008, 341.28, -56.61);
insert into SHOT values (278, 261, 279, 437, 13.745, 28.44, 2.24, 13.747, 28.43, 2.21, 0.008, 346.57, -67.39);
insert into SHOT values (279, 279, 280, 437, 1.721, 161.63, 1.10, 1.718, 161.67, 1.33, 0.008, 322.40, 61.53);
insert into SHOT values (280, 279, 281, 437, 1.905, 142.36, -37.48, 1.900, 142.52, -37.25, 0.010, 227.95, 64.55);
insert into SHOT values (281, 279, 282, 437, 4.251, 167.63, 58.64, 4.250, 167.72, 58.66, 0.004, 282.97, 0.14);
insert into SHOT values (282, 279, 283, 437, 2.288, 101.65, -22.89, 2.283, 101.52, -22.94, 0.007, 321.80, -0.42);
insert into SHOT values (283, 279, 284, 437, 2.831, 101.68, -24.59, 2.827, 101.66, -24.45, 0.008, 319.10, 79.69);
insert into SHOT values (284, 279, 285, 437, 1.758, 220.70, -41.56, 1.756, 220.70, -41.33, 0.007, 219.36, 60.83);
insert into SHOT values (285, 279, 286, 437, 5.547, 215.08, -11.84, 5.543, 215.10, -11.76, 0.009, 1.46, 70.61);
insert into SHOT values (286, 279, 287, 437, 8.703, 208.95, -6.19, 8.702, 208.96, -6.13, 0.009, 299.81, 74.47);
insert into SHOT values (287, 279, 288, 437, 0.512, 206.65, -4.59, 0.507, 207.07, -4.53, 0.006, 349.92, 8.86);
insert into SHOT values (288, 279, 289, 437, 2.257, 105.25, -27.64, 2.253, 105.08, -27.49, 0.009, 9.33, 49.81);
insert into SHOT values (289, 289, 290, 437, 1.481, 339.24, -4.03, 1.482, 338.99, -4.26, 0.009, 257.43, -42.38);
insert into SHOT values (290, 289, 291, 437, 1.141, 339.04, 36.16, 1.139, 339.01, 36.03, 0.003, 241.11, -80.90);
insert into SHOT values (291, 289, 292, 437, 0.800, 127.48, 77.52, 0.798, 130.24, 77.68, 0.009, 236.24, -7.23);
insert into SHOT values (292, 289, 293, 437, 3.962, 49.02, -3.75, 3.957, 49.01, -3.77, 0.005, 239.27, -9.22);
insert into SHOT values (293, 289, 294, 437, 2.692, 28.26, -4.88, 2.690, 28.29, -4.91, 0.003, 178.49, -21.21);
insert into SHOT values (294, 289, 295, 437, 1.681, 9.11, -4.30, 1.675, 8.95, -4.45, 0.008, 226.36, -28.06);
insert into SHOT values (295, 289, 296, 437, 2.894, 271.49, 1.03, 2.901, 271.38, 0.99, 0.009, 235.10, -12.56);
insert into SHOT values (296, 289, 297, 437, 5.299, 291.04, 86.76, 5.298, 289.65, 86.78, 0.008, 183.60, -4.02);
insert into SHOT values (297, 289, 298, 437, 2.313, 61.64, -2.92, 2.307, 61.77, -2.98, 0.008, 200.52, -15.56);
insert into SHOT values (298, 289, 299, 437, 0.674, 78.31, -10.08, 0.674, 78.69, -10.26, 0.005, 177.82, -24.48);
insert into SHOT values (299, 289, 300, 437, 3.988, 48.66, -3.55, 3.976, 48.68, -3.61, 0.013, 222.54, -13.83);
insert into SHOT values (300, 289, 301, 437, 15.921, 28.11, 0.00, 15.918, 28.11, 0.00, 0.003, 200.95, 0.00);
insert into SHOT values (301, 301, 302, 437, 2.610, 179.02, -3.84, 2.607, 179.12, -3.96, 0.008, 309.37, -41.31);
insert into SHOT values (302, 301, 303, 437, 3.774, 192.99, -0.67, 3.777, 193.01, -0.76, 0.007, 212.48, -60.36);
insert into SHOT values (303, 301, 304, 437, 5.674, 201.57, 2.14, 5.673, 201.63, 2.12, 0.007, 298.32, -16.53);
insert into SHOT values (304, 301, 305, 437, 9.225, 204.02, 1.88, 9.226, 204.06, 1.86, 0.008, 283.30, -19.96);
insert into SHOT values (305, 301, 306, 437, 2.271, 221.39, -20.55, 2.278, 221.39, -20.56, 0.007, 221.05, -24.69);
insert into SHOT values (306, 301, 307, 437, 10.007, 215.18, -0.84, 10.011, 215.20, -0.86, 0.006, 252.99, -30.99);
insert into SHOT values (307, 301, 308, 437, 12.081, 211.45, -0.37, 12.088, 211.47, -0.38, 0.008, 241.04, -13.97);
insert into SHOT values (308, 301, 309, 437, 1.734, 294.08, -9.97, 1.736, 294.17, -9.95, 0.003, 346.13, 3.66);
insert into SHOT values (309, 301, 310, 437, 1.286, 304.91, -61.29, 1.288, 304.46, -61.30, 0.005, 223.87, -23.18);
insert into SHOT values (310, 301, 311, 437, 1.180, 74.69, -71.74, 1.178, 74.05, -72.00, 0.007, 289.74, 4.73);
insert into SHOT values (311, 301, 312, 437, 1.408, 287.92, 16.17, 1.409, 287.63, 16.07, 0.007, 208.53, -17.00);
insert into SHOT values (312, 301, 313, 437, 1.132, 79.12, -13.91, 1.133, 79.00, -13.79, 0.003, 20.23, 37.75);
insert into SHOT values (313, 301, 314, 437, 2.318, 350.67, -28.41, 2.320, 350.68, -28.59, 0.007, 162.96, -74.81);
insert into SHOT values (314, 301, 315, 437, 3.306, 8.56, -19.55, 3.306, 8.49, -19.62, 0.005, 259.00, -44.87);
insert into SHOT values (315, 301, 316, 437, 2.074, 26.67, -31.74, 2.076, 26.57, -31.68, 0.004, 336.44, 14.25);
insert into SHOT values (316, 301, 317, 437, 1.474, 45.62, -48.49, 1.478, 45.83, -48.68, 0.007, 151.03, -58.99);
insert into SHOT values (317, 301, 318, 437, 2.928, 11.23, -10.81, 2.927, 11.23, -10.83, 0.001, 183.38, -40.64);
insert into SHOT values (318, 318, 319, 437, 1.367, 141.46, -23.62, 1.368, 141.48, -23.71, 0.002, 227.03, -77.04);
insert into SHOT values (319, 318, 320, 437, 1.522, 140.35, 7.10, 1.518, 140.39, 7.19, 0.005, 307.43, 21.67);
insert into SHOT values (320, 318, 321, 437, 2.226, 145.08, 60.69, 2.223, 145.14, 60.79, 0.005, 312.64, -11.35);
insert into SHOT values (321, 318, 322, 437, 3.293, 73.57, -11.65, 3.290, 73.59, -11.75, 0.007, 236.71, -50.65);
insert into SHOT values (322, 318, 323, 437, 1.330, 65.72, -24.38, 1.328, 65.56, -24.47, 0.005, 293.67, -12.12);
insert into SHOT values (323, 318, 324, 437, 0.726, 315.86, 22.94, 0.728, 315.60, 22.63, 0.005, 272.68, -34.11);
insert into SHOT values (324, 318, 325, 437, 0.715, 33.49, -50.70, 0.721, 33.34, -50.91, 0.007, 2.91, -70.94);
insert into SHOT values (325, 318, 326, 437, 2.226, 174.67, -14.84, 2.224, 174.66, -14.85, 0.002, 2.00, 2.92);
insert into SHOT values (326, 318, 327, 437, 2.703, 184.58, -12.28, 2.701, 184.57, -12.40, 0.006, 17.46, -60.75);
insert into SHOT values (327, 318, 328, 437, 6.435, 188.71, -5.04, 6.439, 188.70, -5.08, 0.006, 170.93, -50.63);
insert into SHOT values (328, 318, 329, 437, 2.651, 205.01, -12.22, 2.654, 205.08, -12.18, 0.005, 246.84, 12.55);
insert into SHOT values (329, 318, 330, 437, 1.841, 218.17, -17.52, 1.846, 218.30, -17.66, 0.008, 272.66, -48.77);
insert into SHOT values (330, 318, 331, 437, 4.569, 207.72, 60.00, 4.564, 207.91, 59.94, 0.010, 287.47, -41.55);
insert into SHOT values (331, 318, 332, 437, 1.526, 132.93, -21.41, 1.528, 133.01, -21.49, 0.004, 185.49, -51.03);
insert into SHOT values (332, 318, 333, 437, 1.363, 169.28, -23.61, 1.367, 169.41, -23.73, 0.006, 218.83, -47.88);
insert into SHOT values (333, 318, 334, 437, 3.705, 66.26, -10.34, 3.701, 66.18, -10.43, 0.009, 292.04, -35.92);
insert into SHOT values (334, 318, 335, 437, 2.681, 84.40, -13.86, 2.680, 84.49, -13.82, 0.005, 187.23, 28.73);
insert into SHOT values (335, 318, 336, 437, 1.387, 127.33, -22.83, 1.386, 127.68, -22.94, 0.008, 233.40, -12.86);
insert into SHOT values (336, 318, 337, 437, 1.898, 113.54, -16.50, 1.901, 113.61, -16.50, 0.004, 153.55, -14.71);
insert into SHOT values (337, 318, 338, 437, 0.599, 18.85, -63.71, 0.600, 17.74, -64.08, 0.007, 259.31, -26.96);
insert into SHOT values (338, 318, 339, 437, 1.363, 67.77, -23.12, 1.363, 67.94, -23.34, 0.006, 184.71, -48.35);
insert into SHOT values (339, 318, 340, 437, 1.821, 218.95, -16.85, 1.828, 218.97, -16.86, 0.007, 223.80, -18.65);
insert into SHOT values (340, 318, 341, 437, 1.458, 72.45, -10.43, 1.452, 72.45, -10.72, 0.010, 251.47, -38.71);
insert into SHOT values (341, 318, 342, 437, 11.242, 53.24, -2.39, 11.242, 53.25, -2.40, 0.003, 147.48, -24.32);
insert into SHOT values (342, 342, 343, 437, 1.627, 308.24, 0.81, 1.631, 308.28, 0.70, 0.005, 324.14, -38.31);
insert into SHOT values (343, 342, 344, 437, 1.881, 310.90, -53.14, 1.889, 310.71, -53.08, 0.009, 279.89, -34.67);
insert into SHOT values (344, 342, 345, 437, 7.097, 228.33, -3.52, 7.104, 228.37, -3.55, 0.010, 267.03, -26.05);
insert into SHOT values (345, 342, 346, 437, 5.200, 219.38, -4.85, 5.198, 219.44, -4.86, 0.006, 331.93, -3.55);
insert into SHOT values (346, 342, 347, 437, 2.131, 216.19, -15.12, 2.135, 216.31, -15.21, 0.007, 273.59, -37.96);
insert into SHOT values (347, 342, 348, 437, 2.238, 239.52, -17.05, 2.242, 239.72, -17.12, 0.009, 311.34, -25.23);
insert into SHOT values (348, 342, 349, 437, 3.190, 235.83, -9.04, 3.193, 235.86, -9.01, 0.004, 261.06, 19.15);
insert into SHOT values (349, 342, 350, 437, 4.139, 233.92, -6.81, 4.146, 233.99, -6.79, 0.009, 272.50, 5.30);
insert into SHOT values (350, 342, 351, 437, 2.049, 0.17, -51.56, 2.057, 0.00, -51.51, 0.009, 328.58, -35.28);
insert into SHOT values (351, 342, 352, 437, 1.686, 51.91, -66.33, 1.682, 51.60, -66.29, 0.006, 311.72, 48.76);
insert into SHOT values (352, 342, 353, 437, 2.270, 345.97, -1.16, 2.268, 345.96, -1.26, 0.004, 172.56, -65.55);
insert into SHOT values (353, 342, 354, 437, 3.639, 33.79, -1.75, 3.643, 33.69, -1.73, 0.008, 338.12, 8.43);
insert into SHOT values (354, 342, 355, 437, 7.555, 20.62, -6.92, 7.555, 20.61, -6.92, 0.001, 292.27, 11.57);
insert into SHOT values (355, 355, 356, 437, 0.995, 302.16, 35.60, 0.999, 301.93, 35.50, 0.005, 262.98, 8.73);
insert into SHOT values (356, 355, 357, 437, 2.514, 299.93, 60.88, 2.517, 299.92, 60.93, 0.004, 146.27, 82.81);
insert into SHOT values (357, 355, 358, 437, 2.507, 301.07, 63.52, 2.505, 301.14, 63.40, 0.006, 321.01, -44.86);
insert into SHOT values (358, 355, 359, 437, 5.672, 282.39, 86.65, 5.670, 281.98, 86.59, 0.007, 259.96, -19.91);
insert into SHOT values (359, 355, 360, 437, 2.275, 135.03, 78.18, 2.278, 135.00, 78.18, 0.003, 115.94, 77.39);
insert into SHOT values (360, 355, 361, 437, 1.164, 117.78, 61.77, 1.155, 117.51, 62.05, 0.011, 312.82, -29.71);
insert into SHOT values (361, 355, 362, 437, 1.106, 122.04, 34.23, 1.099, 121.94, 34.34, 0.008, 314.75, -16.48);
insert into SHOT values (362, 355, 363, 437, 2.201, 268.66, -45.48, 2.206, 268.89, -45.36, 0.009, 310.44, -4.09);
insert into SHOT values (363, 355, 364, 437, 2.125, 190.81, -47.75, 2.121, 190.92, -47.76, 0.005, 329.12, 36.56);
insert into SHOT values (364, 355, 365, 437, 3.144, 230.43, 14.02, 3.141, 230.46, 14.00, 0.004, 22.57, -25.91);
insert into SHOT values (365, 355, 366, 437, 5.515, 221.65, 17.45, 5.515, 221.69, 17.41, 0.005, 290.17, -44.86);
insert into SHOT values (366, 355, 367, 437, 1.994, 218.65, -7.03, 1.993, 218.84, -7.21, 0.009, 324.28, -40.92);
insert into SHOT values (367, 355, 368, 437, 3.042, 215.61, -28.94, 3.038, 215.66, -28.94, 0.005, 0.45, 24.79);
insert into SHOT values (368, 355, 369, 437, 2.430, 207.61, -29.70, 2.433, 207.66, -29.82, 0.006, 283.23, -73.06);
insert into SHOT values (369, 355, 370, 437, 1.772, 198.33, -5.41, 1.770, 198.54, -5.51, 0.008, 311.35, -22.81);
insert into SHOT values (370, 355, 371, 437, 9.477, 205.03, 1.78, 9.475, 205.05, 1.75, 0.006, 320.14, -49.17);
insert into SHOT values (371, 355, 372, 437, 2.851, 198.20, 6.53, 2.851, 198.31, 6.44, 0.007, 278.64, -37.97);
insert into SHOT values (372, 355, 373, 437, 2.639, 340.07, 14.44, 2.637, 340.07, 14.50, 0.003, 155.24, 34.29);
insert into SHOT values (373, 355, 374, 437, 5.565, 356.60, 1.79, 5.562, 356.60, 1.75, 0.005, 180.75, -56.98);
insert into SHOT values (374, 355, 375, 437, 7.212, 6.83, 0.25, 7.210, 6.77, 0.24, 0.008, 264.22, -10.94);
insert into SHOT values (375, 355, 376, 437, 1.366, 89.51, 20.03, 1.364, 89.55, 20.16, 0.004, 253.34, 31.49);
insert into SHOT values (376, 355, 377, 437, 1.962, 62.90, 12.57, 1.957, 62.90, 12.69, 0.006, 243.21, 29.62);
insert into SHOT values (377, 355, 378, 437, 2.529, 48.78, 8.64, 2.530, 48.73, 8.64, 0.002, 344.53, 1.83);
insert into SHOT values (378, 355, 379, 437, 3.053, 28.90, 6.87, 3.056, 28.76, 6.77, 0.010, 322.87, -33.00);
insert into SHOT values (379, 355, 380, 437, 3.515, 18.44, 4.96, 3.510, 18.33, 4.90, 0.009, 254.91, -26.35);
insert into SHOT values (380, 355, 381, 437, 1.940, 20.28, -45.73, 1.941, 20.31, -45.75, 0.001, 111.93, -50.66);
insert into SHOT values (381, 355, 382, 437, 1.486, 71.99, -18.16, 1.484, 71.82, -18.06, 0.005, 320.76, 35.47);
insert into SHOT values (382, 355, 383, 437, 0.599, 11.86, 0.77, 0.602, 11.50, 0.95, 0.005, 321.19, 21.60);
insert into SHOT values (383, 355, 384, 437, 11.852, 11.87, 0.72, 11.841, 10.96, 1.69, 0.276, 276.79, 46.80);
insert into SHOT values (384, 355, 385, 437, 0.235, 83.29, -53.79, 0.309, 83.66, -54.08, 0.074, 84.88, -54.99);
insert into SHOT values (385, 384, 386, 437, 0.815, 268.79, 2.88, 0.811, 269.29, 2.83, 0.008, 27.75, -6.65);
insert into SHOT values (386, 384, 387, 437, 0.989, 266.58, 32.53, 0.986, 266.55, 32.51, 0.003, 95.94, -37.70);
insert into SHOT values (387, 384, 388, 437, 1.332, 258.40, 56.20, 1.332, 258.23, 56.47, 0.007, 99.63, 27.81);
insert into SHOT values (388, 384, 389, 437, 1.122, 236.53, 76.59, 1.119, 236.31, 76.96, 0.008, 63.56, -10.13);
insert into SHOT values (389, 384, 390, 437, 6.489, 186.21, 52.61, 6.488, 186.13, 52.69, 0.010, 40.45, 24.58);
insert into SHOT values (390, 384, 391, 437, 1.109, 172.61, 84.35, 1.116, 169.70, 84.25, 0.009, 106.15, 45.86);
insert into SHOT values (391, 384, 392, 437, 1.455, 100.49, -83.64, 1.449, 100.62, -83.55, 0.006, 113.46, 74.71);
insert into SHOT values (392, 384, 393, 437, 1.532, 288.16, -79.34, 1.527, 288.43, -79.26, 0.006, 336.68, 71.79);
insert into SHOT values (393, 384, 394, 437, 1.365, 284.79, -49.69, 1.363, 285.14, -49.75, 0.006, 39.58, 8.48);
insert into SHOT values (394, 384, 395, 437, 1.300, 283.76, -29.14, 1.296, 283.79, -29.08, 0.004, 91.16, 46.44);
insert into SHOT values (395, 384, 396, 437, 0.807, 283.17, -22.65, 0.802, 283.28, -22.74, 0.005, 86.41, 8.52);
insert into SHOT values (396, 384, 397, 437, 3.811, 179.40, 44.27, 3.812, 179.37, 44.25, 0.002, 132.21, -7.10);
insert into SHOT values (397, 384, 398, 437, 4.760, 181.45, 57.71, 4.764, 181.35, 57.77, 0.008, 65.06, 52.15);
insert into SHOT values (398, 384, 399, 437, 5.015, 179.28, 4.24, 5.014, 179.20, 4.23, 0.007, 82.92, -6.25);
insert into SHOT values (399, 384, 400, 437, 6.284, 184.97, 3.91, 6.278, 184.95, 3.93, 0.007, 27.63, 12.86);
insert into SHOT values (400, 384, 401, 437, 7.341, 188.50, 2.87, 7.339, 188.47, 2.89, 0.005, 70.44, 32.58);
insert into SHOT values (401, 384, 402, 437, 7.403, 188.03, -1.52, 7.404, 188.00, -1.47, 0.008, 120.45, 56.35);
insert into SHOT values (402, 384, 403, 437, 6.567, 181.74, -3.18, 6.563, 181.66, -3.14, 0.011, 66.72, 23.68);
insert into SHOT values (403, 384, 404, 437, 10.925, 189.34, 7.82, 10.925, 189.31, 7.84, 0.007, 90.53, 28.91);
insert into SHOT values (404, 384, 405, 437, 13.272, 190.13, -0.15, 13.266, 190.12, -0.13, 0.008, 38.75, 35.98);
insert into SHOT values (405, 384, 406, 437, 5.435, 192.25, 3.89, 5.436, 192.24, 3.90, 0.002, 155.32, 50.33);
insert into SHOT values (406, 384, 407, 437, 3.462, 191.50, -3.93, 3.455, 191.38, -3.82, 0.012, 62.03, 36.98);
insert into SHOT values (407, 384, 408, 437, 1.560, 198.96, -4.04, 1.557, 198.79, -4.05, 0.006, 72.99, -0.92);
insert into SHOT values (408, 384, 409, 437, 0.741, 234.72, -11.20, 0.738, 234.55, -10.94, 0.005, 92.71, 49.25);
insert into SHOT values (409, 384, 410, 437, 1.155, 331.27, -4.92, 1.154, 331.43, -4.97, 0.003, 73.64, -15.96);
insert into SHOT values (410, 384, 411, 437, 1.787, 357.75, -3.50, 1.785, 357.75, -3.53, 0.002, 178.63, -21.58);
insert into SHOT values (411, 384, 412, 437, 2.286, 348.05, -27.91, 2.269, 347.69, -27.28, 0.033, 241.62, 66.14);
insert into SHOT values (412, 412, 413, 437, 1.254, 342.51, 12.11, 1.254, 342.45, 11.96, 0.003, 291.73, -62.43);
insert into SHOT values (413, 412, 414, 437, 2.205, 12.43, 1.85, 2.202, 12.33, 1.82, 0.005, 243.11, -13.68);
insert into SHOT values (414, 412, 415, 437, 3.874, 24.99, -1.79, 3.876, 25.04, -1.77, 0.004, 85.08, 13.33);
insert into SHOT values (415, 412, 416, 437, 4.215, 28.81, -2.39, 4.215, 28.82, -2.45, 0.004, 99.43, -81.96);
insert into SHOT values (416, 412, 417, 437, 8.504, 48.01, -5.04, 8.509, 48.01, -5.06, 0.006, 54.71, -31.82);
insert into SHOT values (417, 412, 418, 437, 5.855, 56.31, -2.83, 5.857, 56.36, -2.84, 0.006, 131.84, -9.01);
insert into SHOT values (418, 412, 419, 437, 5.473, 64.66, -2.72, 5.472, 64.65, -2.72, 0.001, 282.46, -18.76);
insert into SHOT values (419, 412, 420, 437, 4.555, 79.36, -0.34, 4.558, 79.38, -0.38, 0.005, 107.59, -39.72);
insert into SHOT values (420, 412, 421, 437, 1.766, 102.35, 6.47, 1.763, 102.53, 6.51, 0.006, 221.36, 9.06);
insert into SHOT values (421, 412, 422, 437, 1.572, 123.91, 7.42, 1.569, 124.00, 7.32, 0.005, 264.44, -38.89);
insert into SHOT values (422, 412, 423, 437, 2.496, 71.66, 8.15, 2.491, 71.57, 8.08, 0.007, 295.48, -33.34);
insert into SHOT values (423, 412, 424, 437, 1.423, 62.54, 31.61, 1.422, 62.37, 31.84, 0.007, 282.18, 37.32);
insert into SHOT values (424, 412, 425, 437, 4.173, 28.62, -2.01, 4.173, 28.65, -2.06, 0.004, 110.41, -54.53);
insert into SHOT values (425, 412, 426, 437, 17.797, 40.15, -2.40, 17.765, 39.17, -1.00, 0.530, 306.06, 55.14);
insert into SHOT values (426, 426, 427, 437, 1.898, 194.31, -8.55, 1.898, 194.18, -8.48, 0.005, 108.80, 28.00);
insert into SHOT values (427, 426, 428, 437, 2.777, 201.90, -4.32, 2.777, 201.84, -4.34, 0.003, 104.07, -15.79);
insert into SHOT values (428, 426, 429, 437, 4.331, 205.43, 2.30, 4.333, 205.44, 2.25, 0.005, 225.73, -56.67);
insert into SHOT values (429, 426, 430, 437, 0.546, 136.43, -25.26, 0.550, 136.64, -25.86, 0.007, 188.82, -72.10);
insert into SHOT values (430, 426, 431, 437, 0.925, 134.96, -14.26, 0.934, 135.00, -14.26, 0.009, 139.26, -14.01);
insert into SHOT values (431, 426, 432, 437, 1.508, 134.47, 0.19, 1.513, 134.46, 0.00, 0.007, 133.17, -43.42);
insert into SHOT values (432, 426, 433, 437, 1.730, 132.97, 15.25, 1.729, 133.06, 15.08, 0.006, 209.04, -61.97);
insert into SHOT values (433, 426, 434, 437, 1.938, 132.26, 24.68, 1.946, 132.25, 24.59, 0.009, 130.82, 5.10);
insert into SHOT values (434, 426, 435, 437, 1.634, 121.74, 37.37, 1.640, 121.87, 37.14, 0.009, 140.78, -11.30);
insert into SHOT values (435, 426, 436, 437, 2.070, 128.39, 38.37, 2.067, 128.49, 38.27, 0.006, 223.55, -58.71);
insert into SHOT values (436, 426, 437, 437, 1.849, 130.30, 48.59, 1.847, 130.04, 48.34, 0.010, 82.03, -42.69);
insert into SHOT values (437, 426, 438, 437, 2.449, 125.72, 48.61, 2.448, 125.74, 48.37, 0.010, 131.07, -45.76);
insert into SHOT values (438, 426, 439, 437, 2.137, 119.69, 66.43, 2.139, 120.16, 66.41, 0.007, 199.12, 10.18);
insert into SHOT values (439, 426, 440, 437, 3.249, 138.86, 67.20, 3.245, 138.86, 67.12, 0.006, 137.69, -64.31);
insert into SHOT values (440, 426, 441, 437, 3.958, 139.17, 71.03, 3.956, 139.40, 70.96, 0.007, 190.86, -24.73);
insert into SHOT values (441, 426, 442, 437, 4.823, 145.48, 77.36, 4.817, 145.41, 77.33, 0.006, 103.11, -72.27);
insert into SHOT values (442, 426, 443, 437, 1.971, 318.86, 79.14, 1.965, 319.40, 79.18, 0.007, 85.58, -52.76);
insert into SHOT values (443, 426, 444, 437, 1.642, 311.82, 57.63, 1.632, 311.74, 57.74, 0.011, 140.12, -40.43);
insert into SHOT values (444, 426, 445, 437, 1.867, 314.33, 45.61, 1.861, 314.38, 45.63, 0.007, 121.71, -39.64);
insert into SHOT values (445, 426, 446, 437, 1.213, 318.97, 45.08, 1.209, 318.81, 45.32, 0.007, 159.59, 9.41);
insert into SHOT values (446, 426, 447, 437, 1.111, 303.26, 25.60, 1.113, 303.22, 25.55, 0.002, 283.22, -1.21);
insert into SHOT values (447, 426, 448, 437, 0.980, 309.14, -4.86, 0.979, 308.75, -5.28, 0.010, 202.47, -45.39);
insert into SHOT values (448, 426, 449, 437, 0.953, 295.07, -41.77, 0.954, 295.11, -42.16, 0.007, 106.93, -52.34);
insert into SHOT values (449, 426, 450, 437, 1.492, 279.14, -65.54, 1.494, 279.31, -65.56, 0.003, 357.93, -45.41);
insert into SHOT values (450, 426, 451, 437, 8.284, 204.89, 1.05, 8.288, 204.83, 1.04, 0.009, 138.67, -11.52);
insert into SHOT values (451, 426, 452, 437, 11.082, 210.11, 1.52, 11.084, 210.06, 1.50, 0.011, 132.29, -21.85);
insert into SHOT values (452, 426, 453, 437, 14.271, 214.98, 4.01, 14.275, 214.96, 4.02, 0.006, 167.61, 19.67);
insert into SHOT values (453, 426, 454, 437, 12.235, 212.77, 3.35, 12.234, 212.77, 3.33, 0.005, 70.70, -78.71);
insert into SHOT values (454, 426, 455, 437, 8.821, 211.34, -3.30, 8.820, 211.34, -3.31, 0.003, 7.71, -54.74);
insert into SHOT values (455, 426, 456, 437, 1.915, 242.80, 3.02, 1.917, 242.63, 2.99, 0.006, 171.70, -8.58);
insert into SHOT values (456, 426, 457, 437, 3.106, 231.07, 2.66, 3.103, 231.02, 2.59, 0.005, 95.54, -49.16);
insert into SHOT values (457, 426, 458, 437, 4.679, 223.44, 3.61, 4.678, 223.44, 3.55, 0.005, 49.11, -76.81);
insert into SHOT values (458, 426, 459, 437, 6.317, 220.32, 3.62, 6.320, 220.31, 3.63, 0.003, 193.71, 19.30);
insert into SHOT values (459, 426, 460, 437, 9.161, 218.61, 3.29, 9.159, 218.56, 3.25, 0.010, 114.31, -36.52);
insert into SHOT values (460, 426, 461, 437, 9.239, 216.32, 2.97, 9.241, 216.27, 2.98, 0.008, 140.99, 9.79);
insert into SHOT values (461, 426, 462, 437, 4.470, 203.55, -13.75, 4.470, 203.49, -13.85, 0.009, 86.41, -57.81);
insert into SHOT values (462, 426, 463, 437, 4.363, 214.43, -13.56, 4.367, 214.44, -13.64, 0.007, 231.18, -70.11);
insert into SHOT values (463, 426, 464, 437, 2.141, 182.10, -36.15, 2.147, 181.99, -36.27, 0.008, 125.33, -59.89);
insert into SHOT values (464, 426, 465, 437, 2.220, 226.03, -32.26, 2.226, 225.86, -32.32, 0.008, 170.66, -37.05);
insert into SHOT values (465, 426, 466, 437, 4.460, 209.02, -13.47, 4.456, 208.99, -13.50, 0.005, 55.24, -12.67);
insert into SHOT values (466, 426, 467, 437, 16.383, 38.55, -2.41, 16.382, 38.55, -2.41, 0.002, 203.53, -35.73);
insert into SHOT values (467, 467, 468, 437, 3.280, 202.70, -0.65, 3.282, 202.58, -0.70, 0.008, 126.99, -21.56);
insert into SHOT values (468, 467, 469, 437, 4.234, 207.34, 1.38, 4.232, 207.29, 1.35, 0.004, 90.16, -26.64);
insert into SHOT values (469, 467, 470, 437, 8.097, 208.70, -0.69, 8.096, 208.72, -0.71, 0.004, 311.62, -42.61);
insert into SHOT values (470, 467, 471, 437, 7.987, 213.67, 1.79, 7.981, 213.65, 1.80, 0.007, 55.63, 4.20);
insert into SHOT values (471, 467, 472, 437, 12.133, 212.15, 5.00, 12.129, 212.15, 5.01, 0.005, 25.75, 33.07);
insert into SHOT values (472, 467, 473, 437, 11.938, 216.35, 0.56, 11.939, 216.31, 0.58, 0.008, 134.95, 23.70);
insert into SHOT values (473, 467, 474, 437, 9.020, 217.36, 0.88, 9.019, 217.34, 0.89, 0.003, 115.43, 25.61);
insert into SHOT values (474, 467, 475, 437, 8.097, 219.42, 1.24, 8.094, 219.43, 1.20, 0.006, 4.59, -54.99);
insert into SHOT values (475, 467, 476, 437, 6.040, 220.86, 2.38, 6.038, 220.90, 2.37, 0.005, 334.35, -9.92);
insert into SHOT values (476, 467, 477, 437, 4.178, 224.67, 1.98, 4.174, 224.61, 1.92, 0.007, 94.94, -38.63);
insert into SHOT values (477, 467, 478, 437, 2.194, 226.24, -5.75, 2.189, 226.12, -5.77, 0.007, 91.33, -1.62);
insert into SHOT values (478, 467, 479, 437, 2.006, 131.25, 8.80, 2.008, 131.32, 8.88, 0.004, 188.83, 46.22);
insert into SHOT values (479, 467, 480, 437, 3.422, 262.27, 77.25, 3.425, 262.41, 77.24, 0.003, 314.22, 46.15);
insert into SHOT values (480, 467, 481, 437, 1.795, 305.19, 8.39, 1.792, 305.12, 8.34, 0.004, 159.18, -28.07);
insert into SHOT values (481, 467, 482, 437, 0.699, 127.49, -85.93, 0.702, 126.87, -85.91, 0.003, 72.99, -76.49);
insert into SHOT values (482, 467, 483, 437, 3.039, 351.74, -2.38, 3.033, 351.84, -2.46, 0.009, 127.85, -25.57);
insert into SHOT values (483, 467, 484, 437, 4.164, 5.07, -4.93, 4.162, 5.12, -4.96, 0.005, 124.53, -27.24);
insert into SHOT values (484, 467, 485, 437, 5.725, 10.82, -6.33, 5.726, 10.84, -6.32, 0.002, 61.42, 28.92);
insert into SHOT values (485, 467, 486, 437, 5.971, 48.17, -6.60, 5.974, 48.14, -6.63, 0.006, 5.48, -41.84);
insert into SHOT values (486, 467, 487, 437, 2.477, 72.29, -6.75, 2.484, 72.30, -6.71, 0.007, 76.01, 9.30);
insert into SHOT values (487, 467, 488, 437, 2.056, 103.66, -12.53, 2.056, 103.55, -12.64, 0.006, 356.11, -44.94);
insert into SHOT values (488, 467, 489, 437, 4.027, 357.68, -2.39, 4.027, 357.72, -2.42, 0.004, 93.83, -35.10);
insert into SHOT values (489, 467, 490, 437, 3.645, 71.12, -1.97, 3.649, 71.12, -2.04, 0.006, 69.76, -54.33);
insert into SHOT values (490, 467, 491, 437, 2.489, 25.57, 6.64, 2.490, 25.63, 6.69, 0.004, 93.50, 36.55);
insert into SHOT values (491, 467, 492, 437, 2.878, 24.03, 4.90, 2.879, 24.06, 4.78, 0.006, 66.68, -66.21);
insert into SHOT values (492, 467, 493, 437, 7.795, 20.64, -1.90, 7.796, 20.67, -1.91, 0.004, 100.12, -21.30);
insert into SHOT values (493, 467, 494, 437, 8.284, 20.32, -1.60, 8.280, 20.36, -1.59, 0.007, 140.52, 10.39);
insert into SHOT values (494, 494, 495, 437, 8.300, 198.23, 1.44, 8.301, 198.26, 1.45, 0.005, 282.22, 17.37);
insert into SHOT values (495, 494, 496, 437, 3.445, 157.94, 7.98, 3.443, 157.95, 8.01, 0.003, 323.29, 36.89);
insert into SHOT values (496, 494, 497, 437, 3.420, 157.93, 7.83, 3.418, 157.98, 7.73, 0.007, 266.88, -62.35);
insert into SHOT values (497, 494, 498, 437, 4.717, 142.03, 9.15, 4.713, 142.07, 9.16, 0.005, 282.89, -1.02);
insert into SHOT values (498, 494, 499, 437, 5.521, 158.20, 10.19, 5.516, 158.16, 10.13, 0.009, 20.16, -50.14);
insert into SHOT values (499, 494, 500, 437, 6.189, 169.50, 10.91, 6.184, 169.47, 10.91, 0.006, 24.43, -13.13);
insert into SHOT values (500, 494, 501, 437, 6.310, 177.84, 11.41, 6.309, 177.87, 11.43, 0.004, 285.51, 26.97);
insert into SHOT values (501, 494, 502, 437, 7.539, 186.95, 11.11, 7.536, 186.99, 11.09, 0.007, 304.13, -24.32);
insert into SHOT values (502, 494, 503, 437, 9.006, 194.99, 11.07, 9.000, 195.03, 11.08, 0.009, 332.13, 5.08);
insert into SHOT values (503, 494, 504, 437, 2.382, 137.74, -2.17, 2.380, 137.73, -2.17, 0.002, 334.87, 6.13);
insert into SHOT values (504, 494, 505, 437, 2.119, 169.77, 1.62, 2.114, 169.91, 1.63, 0.008, 305.74, 0.71);
insert into SHOT values (505, 494, 506, 437, 3.317, 180.82, 2.99, 3.315, 180.87, 2.94, 0.005, 309.03, -41.55);
insert into SHOT values (506, 494, 507, 437, 4.507, 190.50, 4.08, 4.507, 190.51, 4.07, 0.001, 290.91, -37.46);
insert into SHOT values (507, 494, 508, 437, 6.168, 195.45, 5.44, 6.161, 195.51, 5.40, 0.011, 332.47, -26.73);
insert into SHOT values (508, 494, 509, 437, 9.082, 195.24, 6.59, 9.077, 195.24, 6.58, 0.005, 16.49, -24.73);
insert into SHOT values (509, 494, 510, 437, 2.587, 136.95, -6.24, 2.576, 136.90, -6.24, 0.011, 329.03, 6.30);
insert into SHOT values (510, 494, 511, 437, 2.312, 137.14, 2.33, 2.308, 137.11, 2.23, 0.005, 337.51, -48.10);
insert into SHOT values (511, 494, 512, 437, 4.643, 136.88, 7.86, 4.635, 136.85, 7.81, 0.010, 331.62, -31.33);
insert into SHOT values (512, 494, 513, 437, 4.669, 135.78, 11.29, 4.665, 135.80, 11.25, 0.005, 291.92, -49.11);
insert into SHOT values (513, 494, 514, 437, 3.218, 133.88, 27.51, 3.212, 133.72, 27.44, 0.011, 18.13, -36.20);
insert into SHOT values (514, 494, 515, 437, 3.141, 132.52, 34.23, 3.132, 132.50, 34.19, 0.009, 321.37, -46.42);
insert into SHOT values (515, 494, 516, 437, 1.973, 129.15, 51.44, 1.966, 129.03, 51.55, 0.008, 329.84, -20.58);
insert into SHOT values (516, 494, 517, 437, 1.756, 319.20, 18.87, 1.761, 319.14, 18.89, 0.005, 297.17, 23.48);
insert into SHOT values (517, 494, 518, 437, 4.187, 30.85, 0.15, 4.193, 30.85, 0.14, 0.006, 29.15, -8.86);
insert into SHOT values (518, 494, 519, 437, 8.154, 46.08, -3.03, 8.152, 46.05, -3.02, 0.005, 289.09, 10.61);
insert into SHOT values (519, 494, 520, 437, 10.583, 55.05, -2.23, 10.586, 55.05, -2.22, 0.003, 50.85, 31.34);
insert into SHOT values (520, 494, 521, 437, 12.697, 57.71, -1.96, 12.700, 57.71, -1.99, 0.007, 71.09, -61.78);
insert into SHOT values (521, 494, 522, 437, 13.028, 73.50, -1.79, 13.023, 73.49, -1.80, 0.006, 285.21, -28.85);
insert into SHOT values (522, 494, 523, 437, 5.518, 94.69, 0.05, 5.518, 94.68, 0.00, 0.005, 23.39, -76.16);
insert into SHOT values (523, 494, 524, 437, 7.110, 86.99, -0.89, 7.111, 86.94, -0.89, 0.007, 5.82, 3.79);
insert into SHOT values (524, 494, 525, 437, 8.606, 80.75, -1.11, 8.605, 80.70, -1.13, 0.008, 339.93, -24.49);
insert into SHOT values (525, 494, 526, 437, 3.320, 90.44, -8.33, 3.315, 90.35, -8.33, 0.007, 316.69, 7.87);
insert into SHOT values (526, 494, 527, 437, 4.958, 79.55, -5.79, 4.958, 79.49, -5.79, 0.005, 350.52, 1.90);
insert into SHOT values (527, 494, 528, 437, 6.811, 73.57, -4.35, 6.810, 73.49, -4.38, 0.010, 335.87, -18.99);
insert into SHOT values (528, 494, 529, 437, 16.497, 63.92, 1.32, 16.498, 63.89, 1.32, 0.010, 340.54, -0.18);
insert into SHOT values (529, 529, 530, 437, 5.895, 244.71, -2.16, 5.891, 244.65, -2.14, 0.007, 118.54, 17.25);
insert into SHOT values (530, 529, 531, 437, 3.335, 255.38, -7.39, 3.336, 255.29, -7.41, 0.005, 177.80, -11.42);
insert into SHOT values (531, 529, 532, 437, 7.028, 223.75, -3.84, 7.032, 223.73, -3.83, 0.005, 192.86, 8.16);
insert into SHOT values (532, 529, 533, 437, 1.742, 303.46, -30.38, 1.735, 303.26, -30.48, 0.009, 156.28, 6.02);
insert into SHOT values (533, 529, 534, 437, 1.130, 311.41, -52.86, 1.128, 311.42, -52.92, 0.002, 126.71, 20.58);
insert into SHOT values (534, 529, 535, 437, 2.250, 342.48, -23.50, 2.244, 342.45, -23.64, 0.008, 171.17, -19.96);
insert into SHOT values (535, 529, 536, 437, 1.692, 350.10, -29.03, 1.684, 350.22, -29.13, 0.009, 149.36, 7.12);
insert into SHOT values (536, 529, 537, 437, 10.509, 187.61, 7.35, 10.517, 187.60, 7.32, 0.010, 179.37, -25.83);
insert into SHOT values (537, 529, 538, 437, 2.576, 186.78, -11.22, 2.577, 186.82, -11.19, 0.002, 242.61, 32.16);
insert into SHOT values (538, 529, 539, 437, 3.252, 160.46, -12.39, 3.258, 160.54, -12.41, 0.007, 199.72, -17.47);
insert into SHOT values (539, 529, 540, 437, 4.201, 143.70, -7.59, 4.208, 143.68, -7.65, 0.008, 130.45, -39.71);
insert into SHOT values (540, 529, 541, 437, 6.565, 129.57, -4.89, 6.565, 129.60, -4.89, 0.004, 214.67, -5.46);
insert into SHOT values (541, 529, 542, 437, 2.862, 43.34, -11.12, 2.862, 43.41, -11.08, 0.004, 132.99, 28.68);
insert into SHOT values (542, 529, 543, 437, 4.255, 85.92, -10.30, 4.258, 86.03, -10.28, 0.009, 152.18, 5.12);
insert into SHOT values (543, 529, 544, 437, 5.718, 97.75, -8.91, 5.722, 97.83, -8.95, 0.010, 162.72, -26.70);
insert into SHOT values (544, 529, 545, 437, 1.979, 110.91, -27.37, 1.979, 111.01, -27.38, 0.003, 211.85, -3.22);
insert into SHOT values (545, 529, 546, 437, 4.011, 119.17, -12.97, 4.011, 119.25, -12.97, 0.006, 211.11, 2.30);
insert into SHOT values (546, 529, 547, 437, 8.072, 109.75, -7.88, 8.079, 109.79, -7.90, 0.010, 151.17, -19.60);
insert into SHOT values (547, 529, 548, 437, 7.042, 107.08, -7.07, 7.044, 107.14, -7.09, 0.008, 182.03, -23.32);
insert into SHOT values (548, 529, 549, 437, 4.230, 172.04, 4.08, 4.232, 171.97, 4.06, 0.006, 103.77, -9.40);
insert into SHOT values (549, 529, 550, 437, 4.586, 165.27, 4.24, 4.592, 165.33, 4.25, 0.008, 203.11, 7.14);
insert into SHOT values (550, 529, 551, 437, 3.114, 162.99, -9.26, 3.115, 162.98, -9.24, 0.002, 140.59, 38.81);
insert into SHOT values (551, 529, 552, 437, 3.000, 171.89, -9.32, 3.010, 171.87, -9.37, 0.010, 165.88, -23.62);
insert into SHOT values (552, 529, 553, 437, 3.257, 182.86, -15.90, 3.260, 182.74, -16.02, 0.010, 103.58, -50.22);
insert into SHOT values (553, 529, 554, 437, 2.486, 182.26, -12.12, 2.487, 182.12, -12.07, 0.006, 102.63, 18.22);
insert into SHOT values (554, 529, 555, 437, 4.814, 177.25, 5.45, 4.817, 177.25, 5.36, 0.008, 179.98, -65.54);
insert into SHOT values (555, 529, 556, 437, 11.899, 180.13, 6.18, 11.899, 180.10, 6.18, 0.007, 91.55, -8.17);
insert into SHOT values (556, 529, 557, 437, 4.324, 29.95, -10.27, 4.321, 30.06, -10.26, 0.009, 138.08, 5.89);
insert into SHOT values (557, 529, 558, 437, 2.454, 33.19, -12.73, 2.451, 33.22, -12.73, 0.003, 185.52, 13.25);
insert into SHOT values (558, 529, 559, 437, 0.948, 116.54, -80.03, 0.955, 118.07, -79.75, 0.010, 154.60, -40.56);
insert into SHOT values (559, 529, 560, 437, 13.146, 125.72, -0.74, 13.148, 125.75, -0.74, 0.006, 200.64, -2.00);
insert into SHOT values (560, 560, 561, 437, 4.631, 354.24, -9.00, 4.631, 354.23, -9.07, 0.006, 224.71, -77.38);
insert into SHOT values (561, 560, 562, 437, 5.536, 337.19, -7.19, 5.534, 337.17, -7.27, 0.008, 192.05, -67.38);
insert into SHOT values (562, 560, 563, 437, 6.868, 321.66, -6.29, 6.870, 321.72, -6.35, 0.011, 40.72, -45.44);
insert into SHOT values (563, 560, 564, 437, 7.487, 312.28, -5.62, 7.484, 312.28, -5.67, 0.008, 132.71, -60.46);
insert into SHOT values (564, 560, 565, 437, 8.816, 305.38, -4.89, 8.817, 305.41, -4.88, 0.005, 23.67, 17.90);
insert into SHOT values (565, 560, 566, 437, 10.069, 304.21, -4.20, 10.068, 304.24, -4.22, 0.007, 47.26, -22.20);
insert into SHOT values (566, 560, 567, 437, 6.266, 341.75, -4.28, 6.270, 341.83, -4.30, 0.009, 49.92, -14.68);
insert into SHOT values (567, 560, 568, 437, 7.973, 332.02, -3.30, 7.972, 332.05, -3.31, 0.005, 81.40, -12.76);
insert into SHOT values (568, 560, 569, 437, 9.802, 323.64, -2.67, 9.803, 323.68, -2.69, 0.008, 44.80, -25.53);
insert into SHOT values (569, 560, 570, 437, 11.793, 315.65, -1.83, 11.794, 315.65, -1.85, 0.004, 348.52, -66.36);
insert into SHOT values (570, 560, 571, 437, 4.521, 301.19, -3.91, 4.516, 301.29, -3.94, 0.010, 63.90, -10.22);
insert into SHOT values (571, 560, 572, 437, 2.831, 298.16, -10.40, 2.829, 298.31, -10.38, 0.008, 39.64, 7.75);
insert into SHOT values (572, 560, 573, 437, 2.249, 287.70, -14.68, 2.246, 287.68, -14.70, 0.003, 118.53, -1.12);
insert into SHOT values (573, 560, 574, 437, 1.848, 268.45, -18.82, 1.841, 268.35, -19.02, 0.010, 107.25, -23.21);
insert into SHOT values (574, 560, 575, 437, 0.797, 134.93, -22.10, 0.801, 134.45, -22.00, 0.007, 78.14, -1.16);
insert into SHOT values (575, 560, 576, 437, 1.371, 158.89, -11.40, 1.369, 158.59, -11.37, 0.007, 57.73, 8.00);
insert into SHOT values (576, 560, 577, 437, 1.461, 157.53, 10.09, 1.461, 157.53, 9.85, 0.006, 164.69, -81.99);
insert into SHOT values (577, 560, 578, 437, 3.894, 164.25, 7.66, 3.891, 164.20, 7.68, 0.005, 28.77, 10.88);
insert into SHOT values (578, 560, 579, 437, 3.350, 172.98, -4.14, 3.344, 172.94, -4.12, 0.007, 14.40, 16.10);
insert into SHOT values (579, 560, 580, 437, 2.734, 226.55, -15.57, 2.733, 226.54, -15.71, 0.007, 57.08, -69.32);
insert into SHOT values (580, 560, 581, 437, 4.027, 209.07, -10.27, 4.022, 209.03, -10.31, 0.007, 57.38, -18.18);
insert into SHOT values (581, 560, 582, 437, 5.297, 189.32, -7.32, 5.293, 189.32, -7.38, 0.007, 9.68, -48.27);
insert into SHOT values (582, 560, 583, 437, 6.895, 178.99, -5.96, 6.899, 179.00, -5.99, 0.005, 196.52, -49.41);
insert into SHOT values (583, 560, 584, 437, 7.467, 173.73, -5.36, 7.468, 173.67, -5.38, 0.008, 90.96, -17.35);
insert into SHOT values (584, 560, 585, 437, 2.179, 223.57, -7.49, 2.177, 223.69, -7.66, 0.008, 349.49, -47.82);
insert into SHOT values (585, 560, 586, 437, 3.062, 210.19, -4.51, 3.061, 210.09, -4.50, 0.005, 106.70, 8.48);
insert into SHOT values (586, 560, 587, 437, 4.091, 194.27, -0.67, 4.085, 194.17, -0.70, 0.010, 61.34, -12.93);
insert into SHOT values (587, 560, 588, 437, 6.068, 179.95, 1.72, 6.063, 179.91, 1.70, 0.007, 41.21, -16.95);
insert into SHOT values (588, 560, 589, 437, 12.716, 189.07, 8.65, 12.711, 189.07, 8.64, 0.005, 20.40, -28.75);
insert into SHOT values (589, 560, 590, 437, 2.586, 205.52, -7.69, 2.582, 205.46, -7.79, 0.006, 56.12, -38.99);
insert into SHOT values (590, 590, 591, 437, 2.923, 82.59, -8.28, 2.924, 82.65, -8.26, 0.004, 152.18, 15.10);
insert into SHOT values (591, 590, 592, 437, 1.684, 82.08, -1.97, 1.687, 82.16, -2.04, 0.004, 122.28, -30.31);
insert into SHOT values (592, 590, 593, 437, 1.561, 81.89, 14.81, 1.557, 81.98, 14.89, 0.005, 234.14, 11.17);
insert into SHOT values (593, 590, 594, 437, 2.017, 85.16, 18.20, 2.018, 85.21, 18.20, 0.002, 156.41, 0.63);
insert into SHOT values (594, 590, 595, 437, 1.787, 83.23, 22.47, 1.786, 83.39, 22.39, 0.006, 177.72, -32.50);
insert into SHOT values (595, 590, 596, 437, 0.992, 74.28, 54.04, 0.990, 74.05, 53.94, 0.004, 341.31, -52.26);
insert into SHOT values (596, 590, 597, 437, 0.886, 339.70, 81.08, 0.891, 338.96, 81.01, 0.005, 296.30, 61.07);
insert into SHOT values (597, 590, 598, 437, 0.946, 251.46, 74.11, 0.947, 252.26, 73.91, 0.005, 298.00, 1.68);
insert into SHOT values (598, 590, 599, 437, 1.176, 252.64, 55.55, 1.179, 252.65, 55.35, 0.005, 253.51, 2.68);
insert into SHOT values (599, 590, 600, 437, 1.468, 264.09, 43.47, 1.468, 264.08, 43.46, 0.000, 225.07, 7.50);
insert into SHOT values (600, 590, 601, 437, 1.236, 254.97, 44.16, 1.238, 255.03, 44.01, 0.004, 269.33, -16.51);
insert into SHOT values (601, 590, 602, 437, 0.767, 253.31, 39.88, 0.763, 253.11, 39.94, 0.004, 104.11, -24.57);
insert into SHOT values (602, 590, 603, 437, 0.510, 233.51, 17.22, 0.509, 233.37, 17.15, 0.002, 100.41, -30.53);
insert into SHOT values (603, 590, 604, 437, 1.221, 225.67, -14.56, 1.228, 225.68, -14.62, 0.007, 228.14, -26.03);
insert into SHOT values (604, 590, 605, 437, 2.646, 133.42, 4.70, 2.648, 133.31, 4.77, 0.006, 60.66, 31.43);
insert into SHOT values (605, 590, 606, 437, 4.835, 143.30, 2.80, 4.836, 143.25, 2.84, 0.006, 63.72, 41.44);
insert into SHOT values (606, 590, 607, 437, 2.539, 128.01, -1.13, 2.537, 127.95, -1.13, 0.003, 357.80, 1.29);
insert into SHOT values (607, 590, 608, 437, 3.273, 107.16, -6.24, 3.274, 107.15, -6.14, 0.006, 94.79, 78.06);
insert into SHOT values (608, 590, 609, 437, 3.166, 142.23, 6.16, 3.169, 142.22, 6.16, 0.003, 132.48, 5.71);
insert into SHOT values (609, 609, 610, 437, 3.113, 207.17, -6.49, 3.110, 207.15, -6.46, 0.003, 52.89, 32.37);
insert into SHOT values (610, 609, 611, 437, 4.016, 184.92, -6.46, 4.020, 184.88, -6.43, 0.005, 152.54, 21.24);
insert into SHOT values (611, 609, 612, 437, 6.017, 168.49, -5.84, 6.011, 168.52, -5.82, 0.007, 320.15, 17.69);
insert into SHOT values (612, 609, 613, 437, 6.138, 137.82, 1.49, 6.140, 137.84, 1.49, 0.003, 182.07, 7.28);
insert into SHOT values (613, 613, 614, 437, 3.693, 320.62, 2.30, 3.698, 320.71, 2.32, 0.008, 8.88, 12.78);
insert into SHOT values (614, 613, 615, 437, 2.207, 15.66, -24.80, 2.209, 15.63, -24.89, 0.004, 319.60, -74.62);
insert into SHOT values (615, 613, 616, 437, 2.415, 359.55, -23.79, 2.414, 359.48, -23.70, 0.005, 275.92, 57.87);
insert into SHOT values (616, 613, 617, 437, 2.890, 340.63, -19.47, 2.890, 340.50, -19.40, 0.007, 265.48, 27.57);
insert into SHOT values (617, 613, 618, 437, 3.117, 335.67, -18.09, 3.118, 335.68, -18.13, 0.002, 72.30, -69.95);
insert into SHOT values (618, 613, 619, 437, 1.022, 357.03, -14.51, 1.025, 357.11, -14.70, 0.005, 33.58, -59.57);
insert into SHOT values (619, 613, 620, 437, 1.254, 332.25, -12.24, 1.259, 332.39, -12.38, 0.007, 6.53, -37.00);
insert into SHOT values (620, 613, 621, 437, 1.537, 321.35, -8.64, 1.540, 321.40, -8.59, 0.004, 344.26, 14.75);
insert into SHOT values (621, 613, 622, 437, 1.822, 309.84, -6.27, 1.821, 309.85, -6.30, 0.001, 111.28, -55.51);
insert into SHOT values (622, 613, 623, 437, 1.582, 296.28, -1.45, 1.584, 296.24, -1.45, 0.002, 264.26, 0.93);
insert into SHOT values (623, 613, 624, 437, 1.293, 286.05, -2.39, 1.292, 286.19, -2.22, 0.005, 28.17, 50.51);
insert into SHOT values (624, 613, 625, 437, 0.887, 272.82, 1.29, 0.892, 273.22, 1.29, 0.008, 326.06, 0.23);
insert into SHOT values (625, 613, 626, 437, 0.813, 235.47, 0.07, 0.813, 235.53, 0.00, 0.001, 344.57, -48.42);
insert into SHOT values (626, 613, 627, 437, 2.366, 234.59, -23.73, 2.366, 234.77, -23.67, 0.007, 316.94, 17.27);
insert into SHOT values (627, 613, 628, 437, 2.501, 257.52, -22.55, 2.506, 257.52, -22.53, 0.005, 260.28, -10.39);
insert into SHOT values (628, 613, 629, 437, 2.856, 273.59, -19.43, 2.858, 273.62, -19.42, 0.002, 305.79, 1.50);
insert into SHOT values (629, 613, 630, 437, 3.676, 284.87, -14.96, 3.674, 284.86, -14.99, 0.003, 118.16, -20.60);
insert into SHOT values (630, 613, 631, 437, 3.664, 233.53, -12.13, 3.664, 233.51, -12.13, 0.001, 136.59, -4.92);
insert into SHOT values (631, 613, 632, 437, 1.833, 225.24, 33.41, 1.831, 225.53, 33.47, 0.008, 334.43, 4.88);
insert into SHOT values (632, 613, 633, 437, 0.791, 205.81, 78.20, 0.786, 206.57, 78.51, 0.007, 4.32, -37.23);
insert into SHOT values (633, 613, 634, 437, 2.343, 237.16, -24.43, 2.338, 237.28, -24.51, 0.007, 18.46, -7.70);
insert into SHOT values (634, 613, 635, 437, 0.861, 246.59, -12.61, 0.859, 246.80, -12.78, 0.004, 15.46, -27.00);
insert into SHOT values (635, 613, 636, 437, 1.237, 249.23, 34.80, 1.239, 249.25, 34.95, 0.004, 310.81, 85.18);
insert into SHOT values (636, 613, 637, 437, 0.457, 77.57, 28.81, 0.457, 77.01, 28.80, 0.004, 344.62, -3.36);
insert into SHOT values (637, 613, 638, 437, 0.782, 209.49, 1.76, 0.784, 209.84, 1.46, 0.007, 274.05, -37.43);
insert into SHOT values (638, 613, 639, 437, 1.668, 187.77, 1.79, 1.667, 187.94, 1.72, 0.005, 292.14, -22.82);
insert into SHOT values (639, 613, 640, 437, 2.828, 172.88, -1.42, 2.823, 172.87, -1.42, 0.005, 355.05, 0.87);
insert into SHOT values (640, 613, 641, 437, 3.950, 164.46, -0.54, 3.945, 164.41, -0.58, 0.006, 17.79, -25.99);
insert into SHOT values (641, 613, 642, 437, 1.412, 140.29, 9.58, 1.412, 140.25, 9.78, 0.005, 22.04, 77.00);
insert into SHOT values (642, 613, 643, 437, 4.147, 200.41, -12.29, 4.142, 200.54, -12.27, 0.011, 317.39, 14.79);
insert into SHOT values (643, 613, 644, 437, 5.278, 183.08, -8.48, 5.275, 183.08, -8.50, 0.003, 8.34, -31.11);
insert into SHOT values (644, 613, 645, 437, 6.102, 175.29, -7.33, 6.100, 175.35, -7.35, 0.007, 283.46, -11.56);
insert into SHOT values (645, 613, 646, 437, 2.287, 144.24, 7.26, 2.283, 144.34, 7.30, 0.006, 279.15, 9.51);
insert into SHOT values (646, 613, 647, 437, 8.177, 159.21, -5.28, 8.175, 159.21, -5.26, 0.003, 355.04, 49.64);
insert into SHOT values (647, 647, 648, 437, 8.651, 352.93, -1.08, 8.658, 352.90, -1.06, 0.009, 320.17, 20.38);
insert into SHOT values (648, 647, 649, 437, 6.849, 357.75, 0.55, 6.846, 357.74, 0.50, 0.007, 196.59, -58.30);
insert into SHOT values (649, 647, 650, 437, 5.301, 7.30, 1.42, 5.304, 7.26, 1.40, 0.005, 317.45, -15.72);
insert into SHOT values (650, 647, 651, 437, 4.986, 9.02, 1.40, 4.983, 9.01, 1.38, 0.004, 205.72, -29.60);
insert into SHOT values (651, 647, 652, 437, 3.574, 20.02, 1.72, 3.576, 19.96, 1.76, 0.005, 319.57, 30.96);
insert into SHOT values (652, 647, 653, 437, 3.356, 24.25, -0.15, 3.357, 24.27, -0.17, 0.002, 86.08, -35.77);
insert into SHOT values (653, 647, 654, 437, 2.515, 28.22, 6.90, 2.514, 28.21, 6.85, 0.002, 266.91, -74.58);
insert into SHOT values (654, 647, 655, 437, 2.261, 275.51, 13.16, 2.258, 275.48, 13.05, 0.005, 133.19, -67.31);
insert into SHOT values (655, 647, 656, 437, 1.630, 286.10, -8.15, 1.630, 286.19, -8.11, 0.003, 5.79, 22.66);
insert into SHOT values (656, 647, 657, 437, 0.980, 285.72, 53.50, 0.981, 285.95, 53.60, 0.003, 28.51, 43.27);
insert into SHOT values (657, 647, 658, 437, 2.225, 325.75, 30.97, 2.228, 325.65, 30.78, 0.009, 296.00, -35.47);
insert into SHOT values (658, 647, 659, 437, 1.635, 337.09, 33.02, 1.634, 336.80, 32.99, 0.007, 246.31, -7.97);
insert into SHOT values (659, 647, 660, 437, 3.305, 100.99, -0.76, 3.301, 101.00, -0.87, 0.007, 269.31, -56.28);
insert into SHOT values (660, 647, 661, 437, 6.285, 112.85, -1.39, 6.285, 112.85, -1.37, 0.002, 208.00, 84.22);
insert into SHOT values (661, 647, 662, 437, 4.156, 163.59, 6.19, 4.154, 163.54, 6.22, 0.005, 37.85, 23.28);
insert into SHOT values (662, 647, 663, 437, 5.614, 149.12, 4.59, 5.611, 149.12, 4.60, 0.004, 320.98, 12.09);
insert into SHOT values (663, 647, 664, 437, 4.859, 134.04, -1.89, 4.854, 134.00, -1.89, 0.006, 349.72, 2.42);
insert into SHOT values (664, 647, 665, 437, 5.068, 138.29, -0.10, 5.064, 138.28, -0.11, 0.004, 327.60, -16.39);
insert into SHOT values (665, 647, 666, 437, 3.727, 113.82, -6.44, 3.727, 113.73, -6.47, 0.006, 19.14, -18.22);
insert into SHOT values (666, 647, 667, 437, 5.544, 125.58, -5.12, 5.542, 125.56, -5.18, 0.006, 339.86, -60.60);
insert into SHOT values (667, 647, 668, 437, 3.448, 161.45, -8.49, 3.444, 161.51, -8.52, 0.006, 301.43, -9.28);
insert into SHOT values (668, 647, 669, 437, 3.823, 150.62, -8.23, 3.823, 150.72, -8.27, 0.008, 244.30, -21.46);
insert into SHOT values (669, 647, 670, 437, 16.225, 127.59, -1.05, 16.218, 127.58, -1.06, 0.008, 319.90, -20.45);
insert into SHOT values (670, 670, 671, 437, 0.796, 213.76, 12.26, 0.798, 213.49, 12.31, 0.004, 145.81, 13.63);
insert into SHOT values (671, 670, 672, 437, 1.463, 213.70, 25.33, 1.463, 213.57, 25.51, 0.005, 87.79, 47.96);
insert into SHOT values (672, 670, 673, 437, 1.643, 213.74, 30.75, 1.645, 213.47, 30.70, 0.007, 143.86, -0.43);
insert into SHOT values (673, 670, 674, 437, 1.823, 214.50, 35.05, 1.822, 214.33, 35.18, 0.006, 90.65, 30.13);
insert into SHOT values (674, 670, 675, 437, 1.543, 214.90, 43.71, 1.549, 214.82, 43.67, 0.007, 199.67, 34.19);
insert into SHOT values (675, 670, 676, 437, 1.197, 217.12, 72.11, 1.199, 216.25, 71.93, 0.007, 164.37, 7.09);
insert into SHOT values (676, 670, 677, 437, 1.194, 223.12, 80.89, 1.195, 222.88, 80.80, 0.002, 201.31, 26.20);
insert into SHOT values (677, 670, 678, 437, 1.170, 116.07, 81.92, 1.172, 118.07, 81.66, 0.008, 163.57, 11.33);
insert into SHOT values (678, 670, 679, 437, 0.868, 79.36, 75.01, 0.869, 79.70, 75.09, 0.002, 203.98, 43.96);
insert into SHOT values (679, 670, 680, 437, 2.507, 44.05, 71.95, 2.502, 44.47, 72.06, 0.009, 180.55, -23.55);
insert into SHOT values (680, 670, 681, 437, 0.979, 63.66, 72.95, 0.983, 65.22, 73.06, 0.009, 159.49, 27.12);
insert into SHOT values (681, 670, 682, 437, 1.615, 54.62, 69.69, 1.620, 55.18, 69.76, 0.008, 147.09, 44.79);
insert into SHOT values (682, 670, 683, 437, 1.417, 47.94, 58.73, 1.417, 48.30, 58.67, 0.005, 124.96, -13.55);
insert into SHOT values (683, 670, 684, 437, 1.491, 30.14, 35.08, 1.492, 30.56, 35.19, 0.010, 125.29, 18.94);
insert into SHOT values (684, 670, 685, 437, 1.859, 33.19, 18.27, 1.854, 33.42, 18.23, 0.009, 153.32, -18.81);
insert into SHOT values (685, 670, 686, 437, 2.103, 34.96, 8.75, 2.100, 34.99, 8.77, 0.004, 195.68, 1.34);
insert into SHOT values (686, 670, 687, 437, 1.612, 34.83, 3.84, 1.613, 34.88, 3.91, 0.002, 100.27, 55.06);
insert into SHOT values (687, 670, 688, 437, 0.503, 34.71, -29.93, 0.497, 35.54, -30.17, 0.009, 167.94, 6.47);
insert into SHOT values (688, 670, 689, 437, 2.863, 82.69, 7.99, 2.861, 82.70, 8.04, 0.003, 249.88, 41.63);
insert into SHOT values (689, 670, 690, 437, 4.053, 94.93, 5.42, 4.053, 94.98, 5.38, 0.004, 179.26, -40.50);
insert into SHOT values (690, 670, 691, 437, 4.961, 108.81, 5.59, 4.969, 108.87, 5.54, 0.011, 142.31, -17.60);
insert into SHOT values (691, 670, 692, 437, 7.076, 124.25, 3.63, 7.082, 124.27, 3.64, 0.007, 154.38, 17.60);
insert into SHOT values (692, 670, 693, 437, 2.279, 9.60, 10.52, 2.281, 9.76, 10.61, 0.007, 83.90, 31.40);
insert into SHOT values (693, 670, 694, 437, 3.432, 337.53, 6.88, 3.423, 337.51, 6.88, 0.009, 164.91, -7.18);
insert into SHOT values (694, 670, 695, 437, 5.165, 325.93, 4.10, 5.155, 325.94, 4.12, 0.010, 140.59, 4.24);
insert into SHOT values (695, 670, 696, 437, 7.089, 315.56, 2.89, 7.081, 315.57, 2.91, 0.009, 124.27, 16.47);
insert into SHOT values (696, 670, 697, 437, 8.622, 311.64, 2.73, 8.616, 311.66, 2.73, 0.007, 109.80, -5.64);
insert into SHOT values (697, 670, 698, 437, 7.278, 300.62, 6.20, 7.270, 300.61, 6.24, 0.009, 128.23, 25.31);
insert into SHOT values (698, 670, 699, 437, 6.674, 297.15, 7.33, 6.673, 297.15, 7.32, 0.002, 164.46, -70.58);
insert into SHOT values (699, 670, 700, 437, 5.702, 292.32, 8.95, 5.702, 292.33, 8.98, 0.003, 32.35, 69.00);
insert into SHOT values (700, 670, 701, 437, 4.475, 281.03, 11.46, 4.471, 281.05, 11.48, 0.005, 78.56, 10.34);
insert into SHOT values (701, 670, 702, 437, 2.710, 262.48, 19.64, 2.710, 262.35, 19.62, 0.006, 176.30, -8.20);
insert into SHOT values (702, 670, 703, 437, 1.784, 243.57, 30.23, 1.786, 243.43, 30.26, 0.004, 175.94, 24.80);
insert into SHOT values (703, 670, 704, 437, 1.630, 200.80, 30.24, 1.632, 200.75, 30.15, 0.004, 179.38, -14.22);
insert into SHOT values (704, 670, 705, 437, 2.917, 163.15, 17.58, 2.926, 163.12, 17.50, 0.010, 155.66, -6.28);
insert into SHOT values (705, 670, 706, 437, 4.595, 153.46, 12.34, 4.600, 153.43, 12.30, 0.006, 134.95, -18.61);
insert into SHOT values (706, 670, 707, 437, 4.534, 146.30, 5.76, 4.544, 146.27, 5.81, 0.011, 135.12, 26.64);
insert into SHOT values (707, 670, 708, 437, 4.615, 138.67, 4.30, 4.619, 138.70, 4.35, 0.006, 169.48, 42.16);
insert into SHOT values (708, 670, 709, 437, 14.555, 135.35, 2.42, 14.559, 135.36, 2.44, 0.007, 179.04, 48.60);
insert into SHOT values (709, 709, 710, 437, 0.311, 197.34, 22.10, 0.302, 196.50, 21.34, 0.010, 49.29, -42.10);
insert into SHOT values (710, 709, 711, 437, 0.454, 194.19, 47.52, 0.451, 193.13, 46.97, 0.008, 118.10, -39.58);
insert into SHOT values (711, 709, 712, 437, 1.781, 196.92, 51.98, 1.779, 196.95, 51.90, 0.003, 236.59, -73.55);
insert into SHOT values (712, 709, 713, 437, 2.669, 199.70, 58.48, 2.663, 199.74, 58.49, 0.006, 5.32, -54.63);
insert into SHOT values (713, 709, 714, 437, 2.347, 209.05, 73.08, 2.342, 208.81, 73.00, 0.006, 149.81, -58.48);
insert into SHOT values (714, 709, 715, 437, 2.116, 162.52, 89.05, 2.110, 161.57, 89.14, 0.007, 351.16, -58.46);
insert into SHOT values (715, 709, 716, 437, 2.105, 24.92, 77.27, 2.102, 25.46, 77.21, 0.006, 98.34, -35.24);
insert into SHOT values (716, 709, 717, 437, 2.111, 23.00, 73.28, 2.110, 23.20, 73.22, 0.003, 70.64, -31.39);
insert into SHOT values (717, 709, 718, 437, 1.655, 39.89, 70.17, 1.648, 39.94, 70.11, 0.007, 183.30, -83.54);
insert into SHOT values (718, 709, 719, 437, 1.217, 16.83, 66.71, 1.210, 16.93, 66.58, 0.008, 129.90, -83.46);
insert into SHOT values (719, 709, 720, 437, 0.673, 23.76, 63.08, 0.675, 24.90, 62.77, 0.007, 81.16, -0.57);
insert into SHOT values (720, 709, 721, 437, 0.793, 42.15, 42.71, 0.786, 42.21, 42.40, 0.008, 206.99, -74.03);
insert into SHOT values (721, 709, 722, 437, 1.203, 36.23, 27.59, 1.200, 36.22, 27.29, 0.007, 246.39, -88.77);
insert into SHOT values (722, 709, 723, 437, 1.818, 28.48, 8.41, 1.818, 28.56, 8.22, 0.006, 108.69, -66.47);
insert into SHOT values (723, 709, 724, 437, 2.340, 30.70, -1.47, 2.342, 30.84, -1.47, 0.006, 103.78, 0.28);
insert into SHOT values (724, 709, 725, 437, 1.777, 28.94, -9.26, 1.783, 28.90, -9.36, 0.007, 14.70, -37.28);
insert into SHOT values (725, 709, 726, 437, 1.432, 26.36, -23.19, 1.437, 26.57, -23.37, 0.008, 84.29, -47.49);
insert into SHOT values (726, 709, 727, 437, 1.865, 26.13, -39.37, 1.875, 26.21, -39.39, 0.010, 42.19, -42.86);
insert into SHOT values (727, 709, 728, 437, 1.879, 27.96, -40.45, 1.877, 28.00, -40.53, 0.003, 187.28, -17.30);
insert into SHOT values (728, 709, 729, 437, 1.211, 89.28, -76.80, 1.213, 90.00, -76.65, 0.005, 134.92, -11.43);
insert into SHOT values (729, 709, 730, 437, 9.669, 307.76, 2.51, 9.666, 307.81, 2.49, 0.009, 54.42, -22.07);
insert into SHOT values (730, 709, 731, 437, 9.241, 300.07, 4.42, 9.240, 300.10, 4.41, 0.006, 44.64, -23.14);
insert into SHOT values (731, 709, 732, 437, 9.126, 295.10, 4.56, 9.128, 295.10, 4.52, 0.006, 301.31, -68.39);
insert into SHOT values (732, 709, 733, 437, 7.579, 287.70, 7.38, 7.580, 287.74, 7.35, 0.006, 5.16, -35.37);
insert into SHOT values (733, 709, 734, 437, 5.420, 284.56, 9.28, 5.414, 284.63, 9.25, 0.010, 53.70, -23.96);
insert into SHOT values (734, 709, 735, 437, 3.755, 282.35, 12.00, 3.758, 282.41, 11.98, 0.005, 335.53, -8.19);
insert into SHOT values (735, 709, 736, 437, 2.673, 270.75, 20.93, 2.665, 270.69, 20.88, 0.008, 112.37, -35.06);
insert into SHOT values (736, 709, 737, 437, 1.953, 249.39, 30.55, 1.948, 249.40, 30.55, 0.005, 64.09, -29.70);
insert into SHOT values (737, 709, 738, 437, 1.795, 220.96, 47.29, 1.790, 221.01, 47.06, 0.009, 253.73, -77.63);
insert into SHOT values (738, 709, 739, 437, 1.571, 135.99, 15.58, 1.571, 136.07, 15.51, 0.003, 220.81, -41.89);
insert into SHOT values (739, 709, 740, 437, 3.811, 121.63, 4.24, 3.813, 121.56, 4.21, 0.005, 52.08, -19.35);
insert into SHOT values (740, 709, 741, 437, 5.239, 116.53, 1.55, 5.243, 116.52, 1.53, 0.005, 101.03, -21.15);
insert into SHOT values (741, 709, 742, 437, 7.694, 109.86, 0.34, 7.696, 109.82, 0.30, 0.008, 45.12, -47.43);
insert into SHOT values (742, 709, 743, 437, 5.170, 314.03, 1.67, 5.165, 314.06, 1.66, 0.006, 107.35, -6.52);
insert into SHOT values (743, 709, 744, 437, 4.171, 323.82, 0.77, 4.173, 323.87, 0.69, 0.007, 29.57, -55.25);
insert into SHOT values (744, 709, 745, 437, 3.284, 339.25, 0.77, 3.282, 339.30, 0.70, 0.005, 101.33, -49.71);
insert into SHOT values (745, 709, 746, 437, 2.365, 27.87, -0.65, 2.367, 27.97, -0.73, 0.006, 97.12, -34.69);
insert into SHOT values (746, 709, 747, 437, 2.873, 66.26, 0.96, 2.875, 66.20, 0.80, 0.009, 8.09, -66.58);
insert into SHOT values (747, 709, 748, 437, 4.692, 79.95, -1.09, 4.693, 79.94, -1.10, 0.002, 33.29, -25.83);
insert into SHOT values (748, 709, 749, 437, 7.196, 87.20, -1.73, 7.202, 87.21, -1.75, 0.007, 104.12, -24.47);
insert into SHOT values (749, 709, 750, 437, 9.420, 90.21, -1.96, 9.426, 90.18, -2.01, 0.011, 51.99, -47.87);
insert into SHOT values (750, 709, 751, 437, 11.276, 95.93, -1.34, 11.283, 95.90, -1.37, 0.011, 58.86, -36.16);
insert into SHOT values (751, 709, 752, 437, 12.948, 100.64, -1.66, 12.948, 100.64, -1.68, 0.005, 188.60, -83.90);
insert into SHOT values (752, 709, 753, 437, 13.380, 107.05, -3.40, 13.382, 107.06, -3.43, 0.008, 172.69, -58.04);
insert into SHOT values (753, 753, 754, 437, 1.723, 217.51, -12.57, 1.716, 217.49, -12.45, 0.008, 44.61, 41.41);
insert into SHOT values (754, 753, 755, 437, 1.943, 219.14, -6.20, 1.937, 219.31, -6.22, 0.008, 354.83, -1.09);
insert into SHOT values (755, 753, 756, 437, 1.721, 216.38, 1.73, 1.717, 216.47, 1.67, 0.005, 3.49, -21.48);
insert into SHOT values (756, 753, 757, 437, 1.984, 218.21, 9.49, 1.978, 218.34, 9.60, 0.008, 2.82, 20.75);
insert into SHOT values (757, 753, 758, 437, 2.477, 219.19, 14.67, 2.470, 219.22, 14.78, 0.009, 29.77, 17.89);
insert into SHOT values (758, 753, 759, 437, 2.903, 219.47, 18.10, 2.900, 219.41, 18.08, 0.004, 88.19, -25.26);
insert into SHOT values (759, 753, 760, 437, 2.937, 220.79, 23.93, 2.932, 220.76, 23.94, 0.005, 56.10, -16.14);
insert into SHOT values (760, 753, 761, 437, 2.170, 226.10, 36.31, 2.172, 226.16, 36.44, 0.006, 359.21, 63.28);
insert into SHOT values (761, 753, 762, 437, 2.333, 233.37, 43.47, 2.337, 233.40, 43.54, 0.005, 280.09, 75.48);
insert into SHOT values (762, 753, 763, 437, 3.650, 231.88, 50.66, 3.644, 232.04, 50.70, 0.009, 2.04, -19.11);
insert into SHOT values (763, 753, 764, 437, 3.117, 231.40, 61.85, 3.117, 231.65, 61.93, 0.008, 354.22, 12.72);
insert into SHOT values (764, 753, 765, 437, 2.809, 234.63, 71.07, 2.810, 234.90, 71.22, 0.009, 22.27, 19.81);
insert into SHOT values (765, 753, 766, 437, 2.521, 211.07, 82.63, 2.520, 210.65, 82.84, 0.010, 44.57, -1.01);
insert into SHOT values (766, 753, 767, 437, 2.312, 198.65, 84.64, 2.310, 199.29, 84.74, 0.005, 348.55, -21.80);
insert into SHOT values (767, 753, 768, 437, 1.350, 117.09, 83.13, 1.350, 115.02, 82.96, 0.007, 60.43, -2.45);
insert into SHOT values (768, 753, 769, 437, 1.156, 37.99, 69.98, 1.163, 38.00, 69.57, 0.011, 38.37, 20.47);
insert into SHOT values (769, 753, 770, 437, 1.219, 37.82, 53.12, 1.224, 37.81, 53.16, 0.006, 34.18, 62.82);
insert into SHOT values (770, 753, 771, 437, 1.367, 38.30, 37.33, 1.375, 38.33, 37.13, 0.009, 42.30, 6.34);
insert into SHOT values (771, 753, 772, 437, 1.433, 34.86, 21.28, 1.440, 34.99, 21.17, 0.008, 57.63, -0.52);
insert into SHOT values (772, 753, 773, 437, 1.448, 33.94, 16.81, 1.452, 34.15, 16.82, 0.006, 89.75, 11.47);
insert into SHOT values (773, 753, 774, 437, 1.414, 24.67, 19.55, 1.426, 24.66, 19.68, 0.012, 22.88, 34.60);
insert into SHOT values (774, 753, 775, 437, 1.572, 359.37, 18.12, 1.578, 359.62, 18.09, 0.009, 46.84, 7.06);
insert into SHOT values (775, 753, 776, 437, 2.194, 340.29, 13.95, 2.200, 340.29, 13.94, 0.006, 341.37, 10.61);
insert into SHOT values (776, 753, 777, 437, 3.340, 326.81, 9.57, 3.342, 326.89, 9.65, 0.007, 37.92, 44.28);
insert into SHOT values (777, 753, 778, 437, 4.703, 318.45, 7.18, 4.706, 318.56, 7.20, 0.010, 31.75, 13.04);
insert into SHOT values (778, 753, 779, 437, 6.141, 309.01, 6.37, 6.144, 309.08, 6.35, 0.009, 15.73, -8.65);
insert into SHOT values (779, 753, 780, 437, 2.015, 88.21, 13.14, 2.014, 87.95, 13.20, 0.009, 351.58, 12.40);
insert into SHOT values (780, 753, 781, 437, 2.983, 114.88, 10.35, 2.980, 114.82, 10.44, 0.006, 334.80, 39.05);
insert into SHOT values (781, 753, 782, 437, 4.310, 128.53, 8.77, 4.307, 128.51, 8.82, 0.005, 326.10, 35.25);
insert into SHOT values (782, 753, 783, 437, 6.532, 135.43, 4.67, 6.527, 135.37, 4.66, 0.008, 8.11, -12.91);
insert into SHOT values (783, 753, 784, 437, 7.745, 140.35, 4.04, 7.739, 140.31, 4.08, 0.009, 0.89, 27.28);
insert into SHOT values (784, 753, 785, 437, 4.934, 279.44, 8.77, 4.933, 279.44, 8.74, 0.002, 45.08, -79.79);
insert into SHOT values (785, 753, 786, 437, 4.033, 276.05, 9.14, 4.033, 276.05, 9.13, 0.001, 316.46, -49.08);
insert into SHOT values (786, 753, 787, 437, 3.273, 265.36, 14.17, 3.269, 265.48, 14.16, 0.008, 23.99, -9.43);
insert into SHOT values (787, 753, 788, 437, 2.789, 224.15, 16.84, 2.786, 224.24, 16.90, 0.006, 352.70, 20.51);
insert into SHOT values (788, 753, 789, 437, 1.463, 196.24, 0.12, 1.459, 196.32, 0.39, 0.008, 349.25, 55.82);
insert into SHOT values (789, 753, 790, 437, 1.568, 179.56, -0.11, 1.560, 179.63, 0.00, 0.009, 345.43, 20.13);
insert into SHOT values (790, 753, 791, 437, 1.807, 163.52, -0.95, 1.804, 163.57, -0.95, 0.004, 314.46, -0.64);
insert into SHOT values (791, 753, 792, 437, 0.219, 155.17, 1.05, 0.210, 154.65, 2.72, 0.011, 347.38, 33.82);
insert into SHOT values (792, 753, 793, 437, 3.678, 151.41, 2.03, 3.672, 151.34, 2.03, 0.008, 7.53, -2.16);
insert into SHOT values (793, 753, 794, 437, 4.301, 148.34, 1.84, 4.295, 148.24, 1.87, 0.010, 21.86, 11.10);
insert into SHOT values (794, 753, 795, 437, 4.445, 147.54, 2.13, 4.442, 147.42, 2.19, 0.011, 36.76, 25.89);
insert into SHOT values (795, 753, 796, 437, 2.956, 210.15, 21.08, 2.952, 210.11, 21.25, 0.010, 46.34, 42.91);
insert into SHOT values (796, 753, 797, 437, 3.646, 194.14, 16.95, 3.643, 194.12, 16.92, 0.004, 44.74, -46.84);
insert into SHOT values (797, 753, 798, 437, 4.189, 185.72, 16.07, 4.184, 185.71, 16.10, 0.005, 12.06, 4.63);
insert into SHOT values (798, 753, 799, 437, 4.852, 178.18, 15.75, 4.846, 178.16, 15.81, 0.008, 12.18, 21.23);
insert into SHOT values (799, 753, 800, 437, 5.280, 171.14, 15.47, 5.274, 171.06, 15.51, 0.010, 37.66, 9.28);
insert into SHOT values (800, 753, 801, 437, 5.392, 166.28, 15.29, 5.390, 166.20, 15.27, 0.007, 66.78, -15.40);
insert into SHOT values (801, 753, 802, 437, 5.091, 141.68, 2.00, 5.093, 141.62, 2.03, 0.006, 71.68, 23.13);
insert into SHOT values (802, 753, 803, 437, 5.277, 145.27, 1.81, 5.276, 145.19, 1.85, 0.008, 47.37, 25.75);
insert into SHOT values (803, 753, 804, 437, 4.307, 131.63, 6.30, 4.304, 131.59, 6.27, 0.005, 1.88, -34.03);
insert into SHOT values (804, 753, 805, 437, 1.173, 299.52, -5.43, 1.170, 299.87, -5.40, 0.008, 52.98, 7.40);
insert into SHOT values (805, 753, 806, 437, 4.682, 297.37, -1.60, 4.680, 297.50, -1.59, 0.011, 36.75, 3.97);
insert into SHOT values (806, 753, 807, 437, 6.674, 294.24, -1.79, 6.672, 294.26, -1.80, 0.003, 62.88, -27.16);
insert into SHOT values (807, 753, 808, 437, 7.344, 289.57, -0.39, 7.344, 289.57, -0.39, 0.000, 302.86, -1.51);
insert into SHOT values (808, 753, 809, 437, 10.392, 287.10, 0.39, 10.391, 287.13, 0.39, 0.005, 27.94, -8.11);
insert into SHOT values (809, 753, 810, 437, 7.757, 141.68, 6.40, 7.752, 141.64, 6.44, 0.009, 0.93, 34.27);
insert into SHOT values (810, 810, 811, 437, 1.377, 250.40, -12.58, 1.371, 250.35, -12.64, 0.006, 82.04, -0.80);
insert into SHOT values (811, 810, 812, 437, 1.251, 282.97, -4.77, 1.247, 283.03, -5.06, 0.008, 87.45, -50.80);
insert into SHOT values (812, 810, 813, 437, 1.472, 302.41, -5.07, 1.471, 302.17, -5.07, 0.006, 200.07, 0.78);
insert into SHOT values (813, 810, 814, 437, 1.697, 307.38, -4.29, 1.689, 307.28, -4.41, 0.009, 147.25, -19.31);
insert into SHOT values (814, 810, 815, 437, 3.066, 309.13, -4.08, 3.064, 309.16, -4.12, 0.003, 88.93, -38.32);
insert into SHOT values (815, 810, 816, 437, 3.275, 311.14, -4.13, 3.276, 311.15, -4.20, 0.004, 2.61, -76.29);
insert into SHOT values (816, 810, 817, 437, 0.463, 282.46, 87.42, 0.460, 270.00, 87.51, 0.005, 175.54, -29.30);
insert into SHOT values (817, 810, 818, 437, 1.266, 126.55, -85.63, 1.274, 126.87, -85.50, 0.008, 135.55, -65.03);
insert into SHOT values (818, 810, 819, 437, 0.411, 49.73, 7.40, 0.408, 50.01, 7.04, 0.005, 195.82, -39.23);
insert into SHOT values (819, 810, 820, 437, 1.238, 234.42, -23.12, 1.239, 233.94, -23.29, 0.010, 141.45, -22.02);
insert into SHOT values (820, 810, 821, 437, 1.221, 233.47, -7.34, 1.219, 233.41, -7.54, 0.005, 74.52, -51.46);
insert into SHOT values (821, 810, 822, 437, 1.390, 227.85, 8.40, 1.395, 227.64, 8.24, 0.008, 184.27, -22.94);
insert into SHOT values (822, 810, 823, 437, 1.660, 224.62, 17.09, 1.655, 224.49, 16.86, 0.009, 97.60, -59.99);
insert into SHOT values (823, 810, 824, 437, 1.743, 223.58, 25.08, 1.749, 223.47, 25.03, 0.007, 195.26, 10.05);
insert into SHOT values (824, 810, 825, 437, 0.961, 229.21, 35.34, 0.960, 228.61, 34.97, 0.010, 155.98, -34.28);
insert into SHOT values (825, 810, 826, 437, 0.555, 231.84, 59.78, 0.558, 230.71, 59.37, 0.007, 182.77, 3.28);
insert into SHOT values (826, 810, 827, 437, 0.314, 43.66, 54.60, 0.310, 45.00, 53.67, 0.008, 109.80, -51.67);
insert into SHOT values (827, 810, 828, 437, 0.387, 69.88, -48.59, 0.387, 69.44, -48.53, 0.002, 349.63, 7.17);
insert into SHOT values (828, 810, 829, 437, 0.632, 110.17, -78.06, 0.633, 112.62, -78.16, 0.006, 209.08, -16.56);
insert into SHOT values (829, 810, 830, 437, 1.660, 239.67, -44.24, 1.657, 239.53, -44.43, 0.007, 84.97, -16.08);
insert into SHOT values (830, 810, 831, 437, 1.722, 240.04, -33.68, 1.726, 239.86, -33.80, 0.007, 161.43, -47.67);
insert into SHOT values (831, 810, 832, 437, 1.211, 204.00, -10.32, 1.211, 203.77, -10.47, 0.006, 109.13, -32.26);
insert into SHOT values (832, 810, 833, 437, 1.583, 176.35, -8.72, 1.582, 176.33, -8.73, 0.002, 13.41, -0.29);
insert into SHOT values (833, 810, 834, 437, 2.534, 160.66, -4.46, 2.541, 160.64, -4.51, 0.008, 152.08, -22.64);
insert into SHOT values (834, 810, 835, 437, 2.997, 150.11, -4.56, 2.998, 150.09, -4.59, 0.002, 85.04, -55.78);
insert into SHOT values (835, 810, 836, 437, 3.711, 159.84, -11.30, 3.717, 159.78, -11.33, 0.008, 124.13, -22.20);
insert into SHOT values (836, 810, 837, 437, 4.738, 144.72, -10.07, 4.743, 144.68, -10.08, 0.006, 108.06, -14.90);
insert into SHOT values (837, 810, 838, 437, 0.865, 131.33, -11.13, 0.867, 131.19, -11.30, 0.004, 79.63, -48.16);
insert into SHOT values (838, 810, 839, 437, 1.078, 133.89, -28.85, 1.081, 134.14, -28.76, 0.005, 184.99, 1.63);
insert into SHOT values (839, 810, 840, 437, 1.979, 168.15, -22.03, 1.987, 168.08, -22.18, 0.010, 144.68, -53.80);
insert into SHOT values (840, 840, 841, 437, 2.021, 146.83, 2.13, 2.018, 146.94, 2.27, 0.007, 275.63, 44.18);
insert into SHOT values (841, 840, 842, 437, 3.189, 127.45, -1.98, 3.190, 127.48, -1.98, 0.002, 185.98, 5.01);
insert into SHOT values (842, 840, 843, 437, 5.064, 91.32, 10.18, 5.062, 91.27, 10.24, 0.007, 328.03, 41.73);
insert into SHOT values (843, 840, 844, 437, 6.618, 100.23, 5.67, 6.618, 100.23, 5.72, 0.006, 242.30, 80.14);
insert into SHOT values (844, 840, 845, 437, 7.884, 106.97, 5.14, 7.883, 106.96, 5.17, 0.004, 346.22, 64.05);
insert into SHOT values (845, 840, 846, 437, 2.255, 69.00, 22.69, 2.255, 68.86, 22.70, 0.005, 332.58, 1.68);
insert into SHOT values (846, 840, 847, 437, 2.705, 81.27, 19.14, 2.701, 81.20, 19.24, 0.007, 289.68, 26.43);
insert into SHOT values (847, 840, 848, 437, 1.778, 30.82, 32.22, 1.777, 30.83, 32.31, 0.003, 199.82, 46.70);
insert into SHOT values (848, 840, 849, 437, 6.539, 109.68, 1.06, 6.533, 109.68, 1.14, 0.011, 285.24, 55.33);
insert into SHOT values (849, 849, 850, 437, 0.638, 229.75, 12.11, 0.631, 229.60, 11.89, 0.008, 63.35, -29.40);
insert into SHOT values (850, 849, 851, 437, 1.077, 269.12, 2.71, 1.071, 268.93, 2.67, 0.007, 121.40, -7.90);
insert into SHOT values (851, 849, 852, 437, 1.520, 277.96, 1.51, 1.515, 277.97, 1.51, 0.005, 94.67, -0.64);
insert into SHOT values (852, 849, 853, 437, 3.513, 283.28, 4.87, 3.505, 283.24, 4.75, 0.011, 120.75, -46.45);
insert into SHOT values (853, 849, 854, 437, 2.122, 284.45, 1.35, 2.118, 284.50, 1.35, 0.004, 81.21, 0.08);
insert into SHOT values (854, 849, 855, 437, 2.583, 333.80, 10.82, 2.585, 333.84, 10.70, 0.006, 2.73, -53.60);
insert into SHOT values (855, 849, 856, 437, 4.143, 307.72, 9.03, 4.136, 307.74, 9.04, 0.007, 116.18, -1.96);
insert into SHOT values (856, 849, 857, 437, 1.300, 31.59, 28.29, 1.301, 31.48, 27.96, 0.008, 4.26, -51.27);
insert into SHOT values (857, 849, 858, 437, 1.350, 78.60, 26.96, 1.350, 78.50, 26.87, 0.003, 12.04, -43.06);
insert into SHOT values (858, 849, 859, 437, 1.676, 105.41, 20.46, 1.680, 105.45, 20.19, 0.009, 114.12, -40.86);
insert into SHOT values (859, 849, 860, 437, 2.330, 127.40, 21.34, 2.333, 127.34, 21.11, 0.010, 107.59, -51.88);
insert into SHOT values (860, 849, 861, 437, 8.765, 295.64, 2.62, 8.762, 295.66, 2.62, 0.004, 70.15, -9.52);
insert into SHOT values (861, 849, 862, 437, 2.251, 188.15, -0.97, 2.252, 187.91, -1.02, 0.009, 102.78, -11.55);
insert into SHOT values (862, 849, 863, 437, 3.366, 174.31, 1.28, 3.368, 174.20, 1.19, 0.008, 102.74, -38.77);
insert into SHOT values (863, 849, 864, 437, 4.357, 162.39, 1.24, 4.356, 162.36, 1.18, 0.005, 48.85, -57.06);
insert into SHOT values (864, 849, 865, 437, 5.491, 152.09, 1.03, 5.490, 152.08, 0.94, 0.009, 3.41, -80.31);
insert into SHOT values (865, 849, 866, 437, 6.033, 145.54, 0.38, 6.033, 145.47, 0.38, 0.008, 56.64, -0.09);
insert into SHOT values (866, 849, 867, 437, 2.641, 129.66, 21.06, 2.638, 129.57, 20.88, 0.010, 41.62, -66.41);
insert into SHOT values (867, 849, 868, 437, 1.080, 207.26, 80.31, 1.075, 206.57, 80.42, 0.006, 63.93, -51.68);
insert into SHOT values (868, 849, 869, 437, 1.042, 296.44, 82.43, 1.039, 296.57, 82.58, 0.004, 111.02, -43.08);
insert into SHOT values (869, 849, 870, 437, 0.734, 210.82, 6.41, 0.735, 210.43, 6.25, 0.006, 134.14, -20.68);
insert into SHOT values (870, 849, 871, 437, 1.112, 42.43, 20.08, 1.114, 42.68, 19.94, 0.006, 99.42, -18.18);
insert into SHOT values (871, 849, 872, 437, 0.622, 157.86, -83.69, 0.624, 153.43, -83.82, 0.006, 51.89, -18.19);
insert into SHOT values (872, 849, 873, 437, 3.984, 150.20, 5.42, 3.986, 150.08, 5.33, 0.011, 79.20, -35.01);
insert into SHOT values (873, 873, 874, 437, 1.998, 15.93, 16.61, 1.995, 15.78, 16.60, 0.006, 258.51, -11.55);
insert into SHOT values (874, 873, 875, 437, 1.909, 0.35, 15.75, 1.912, 0.31, 15.78, 0.003, 336.20, 31.60);
insert into SHOT values (875, 873, 876, 437, 5.393, 338.81, 1.83, 5.388, 338.77, 1.81, 0.006, 195.05, -20.40);
insert into SHOT values (876, 873, 877, 437, 1.116, 142.93, 88.10, 1.121, 146.31, 88.16, 0.005, 258.30, 62.97);
insert into SHOT values (877, 873, 878, 437, 2.573, 9.75, 77.09, 2.573, 9.13, 77.27, 0.010, 228.23, 11.70);
insert into SHOT values (878, 873, 879, 437, 0.770, 202.74, 43.60, 0.774, 202.93, 43.19, 0.007, 217.92, -7.90);
insert into SHOT values (879, 873, 880, 437, 0.970, 198.72, 56.64, 0.974, 199.44, 56.27, 0.010, 241.36, -1.00);
insert into SHOT values (880, 873, 881, 437, 1.247, 199.31, 60.14, 1.248, 199.59, 59.89, 0.006, 229.17, -13.16);
insert into SHOT values (881, 873, 882, 437, 1.123, 104.19, 88.39, 1.120, 108.43, 88.38, 0.003, 194.58, -47.52);
insert into SHOT values (882, 873, 883, 437, 1.137, 185.78, 77.16, 1.138, 186.84, 77.22, 0.005, 286.97, 16.72);
insert into SHOT values (883, 873, 884, 437, 2.588, 23.76, 78.46, 2.591, 23.05, 78.63, 0.010, 245.83, 24.62);
insert into SHOT values (884, 873, 885, 437, 2.698, 21.60, 64.25, 2.698, 21.53, 64.26, 0.001, 276.62, -3.23);
insert into SHOT values (885, 873, 886, 437, 2.941, 21.98, 62.99, 2.941, 21.96, 62.96, 0.001, 4.45, -8.60);
insert into SHOT values (886, 873, 887, 437, 2.292, 6.22, 53.77, 2.289, 5.96, 53.94, 0.010, 225.36, 6.95);
insert into SHOT values (887, 873, 888, 437, 1.706, 19.76, 58.57, 1.711, 19.65, 58.58, 0.005, 344.96, 56.32);
insert into SHOT values (888, 873, 889, 437, 1.495, 21.41, 43.03, 1.494, 20.92, 43.05, 0.009, 286.07, -0.99);
insert into SHOT values (889, 873, 890, 437, 1.836, 17.79, 26.59, 1.832, 17.77, 26.59, 0.004, 205.73, -26.08);
insert into SHOT values (890, 873, 891, 437, 1.659, 19.29, 25.81, 1.657, 19.16, 25.75, 0.004, 275.73, -34.40);
insert into SHOT values (891, 873, 892, 437, 1.841, 22.28, 17.08, 1.840, 22.04, 17.07, 0.007, 282.34, -5.55);
insert into SHOT values (892, 873, 893, 437, 1.309, 25.59, 5.87, 1.305, 25.58, 6.16, 0.008, 208.63, 50.61);
insert into SHOT values (893, 873, 894, 437, 0.962, 16.84, -12.30, 0.961, 16.70, -12.02, 0.005, 279.56, 64.90);
insert into SHOT values (894, 873, 895, 437, 2.833, 28.11, -14.45, 2.833, 28.06, -14.52, 0.004, 274.39, -50.20);
insert into SHOT values (895, 873, 896, 437, 2.828, 53.50, 8.54, 2.820, 53.46, 8.57, 0.009, 246.31, 0.28);
insert into SHOT values (896, 873, 897, 437, 4.118, 69.66, 2.70, 4.112, 69.62, 2.79, 0.009, 271.25, 41.00);
insert into SHOT values (897, 873, 898, 437, 5.205, 69.94, 3.63, 5.205, 69.96, 3.64, 0.002, 161.74, 13.28);
insert into SHOT values (898, 873, 899, 437, 1.418, 125.08, 34.75, 1.417, 125.19, 34.87, 0.004, 263.22, 26.55);
insert into SHOT values (899, 873, 900, 437, 4.062, 105.65, 13.24, 4.056, 105.73, 13.26, 0.008, 245.37, -2.25);
insert into SHOT values (900, 873, 901, 437, 3.045, 109.80, 15.70, 3.038, 109.80, 15.85, 0.011, 289.87, 34.93);
insert into SHOT values (901, 873, 902, 437, 2.969, 121.01, -17.22, 2.968, 121.00, -17.25, 0.002, 327.86, -42.01);
insert into SHOT values (902, 873, 903, 437, 3.881, 102.65, -11.96, 3.875, 102.64, -11.91, 0.006, 287.03, 41.46);
insert into SHOT values (903, 873, 904, 437, 5.656, 94.37, -9.62, 5.655, 94.42, -9.57, 0.007, 182.86, 45.03);
insert into SHOT values (904, 873, 905, 437, 6.950, 88.12, -7.75, 6.947, 88.17, -7.78, 0.007, 204.96, -22.72);
insert into SHOT values (905, 873, 906, 437, 8.458, 84.42, -6.46, 8.454, 84.40, -6.45, 0.005, 300.91, 17.17);
insert into SHOT values (906, 873, 907, 437, 9.942, 75.97, -2.05, 9.943, 75.96, -2.02, 0.006, 34.55, 76.09);
insert into SHOT values (907, 907, 908, 437, 1.198, 340.69, -26.42, 1.201, 340.38, -26.73, 0.009, 244.22, -50.25);
insert into SHOT values (908, 907, 909, 437, 1.166, 337.07, -12.33, 1.169, 336.80, -12.34, 0.006, 278.40, -9.18);
insert into SHOT values (909, 907, 910, 437, 1.443, 336.70, -1.79, 1.443, 336.28, -1.99, 0.012, 243.82, -24.99);
insert into SHOT values (910, 907, 911, 437, 1.959, 337.27, 3.54, 1.958, 337.11, 3.51, 0.006, 232.83, -9.68);
insert into SHOT values (911, 907, 912, 437, 1.865, 337.34, 8.85, 1.863, 337.33, 8.64, 0.007, 181.47, -85.59);
insert into SHOT values (912, 907, 913, 437, 0.867, 341.05, 36.09, 0.865, 340.79, 36.12, 0.004, 223.08, -11.12);
insert into SHOT values (913, 907, 914, 437, 0.666, 340.01, 60.88, 0.664, 338.20, 60.88, 0.010, 243.56, -10.04);
insert into SHOT values (914, 907, 915, 437, 0.604, 113.41, 85.50, 0.602, 116.57, 85.74, 0.004, 251.42, -30.15);
insert into SHOT values (915, 907, 916, 437, 0.689, 166.64, 66.26, 0.688, 167.47, 66.30, 0.004, 268.25, -9.66);
insert into SHOT values (916, 907, 917, 437, 0.881, 161.97, 49.30, 0.876, 162.82, 48.90, 0.012, 244.60, -42.43);
insert into SHOT values (917, 907, 918, 437, 1.188, 162.57, 41.50, 1.183, 162.99, 41.27, 0.010, 260.45, -47.36);
insert into SHOT values (918, 907, 919, 437, 3.020, 153.69, 28.75, 3.023, 153.82, 28.67, 0.008, 208.53, -19.04);
insert into SHOT values (919, 907, 920, 437, 2.904, 155.49, 21.05, 2.905, 155.61, 20.98, 0.007, 227.35, -27.27);
insert into SHOT values (920, 907, 921, 437, 3.763, 155.32, 14.87, 3.763, 155.48, 14.78, 0.012, 238.72, -29.26);
insert into SHOT values (921, 907, 922, 437, 3.546, 160.29, 13.67, 3.549, 160.36, 13.52, 0.010, 198.32, -50.25);
insert into SHOT values (922, 907, 923, 437, 0.653, 23.11, -81.38, 0.657, 18.43, -81.70, 0.009, 269.87, -27.48);
insert into SHOT values (923, 907, 924, 437, 3.741, 166.66, 16.16, 3.742, 166.81, 16.14, 0.010, 247.47, -6.92);
insert into SHOT values (924, 907, 925, 437, 3.731, 180.16, 18.26, 3.735, 180.16, 18.10, 0.011, 181.35, -52.66);
insert into SHOT values (925, 907, 926, 437, 3.958, 189.74, 21.40, 3.956, 189.85, 21.35, 0.008, 286.89, -31.16);
insert into SHOT values (926, 907, 927, 437, 4.236, 200.58, 17.05, 4.236, 200.67, 17.02, 0.007, 282.15, -16.94);
insert into SHOT values (927, 907, 928, 437, 4.857, 211.62, 14.78, 4.862, 211.70, 14.78, 0.008, 263.77, 6.76);
insert into SHOT values (928, 907, 929, 437, 5.600, 223.53, 11.75, 5.606, 223.52, 11.73, 0.006, 218.80, -3.56);
insert into SHOT values (929, 907, 930, 437, 6.313, 234.88, 9.50, 6.317, 234.93, 9.48, 0.008, 286.22, -14.62);
insert into SHOT values (930, 907, 931, 437, 8.291, 241.94, 7.53, 8.298, 241.94, 7.48, 0.010, 242.72, -40.68);
insert into SHOT values (931, 907, 932, 437, 8.763, 245.25, 7.26, 8.768, 245.26, 7.21, 0.009, 264.38, -51.77);
insert into SHOT values (932, 907, 933, 437, 6.815, 260.11, 5.82, 6.817, 260.07, 5.81, 0.006, 189.47, -11.01);
insert into SHOT values (933, 907, 934, 437, 4.788, 262.69, 6.20, 4.796, 262.65, 6.10, 0.012, 243.85, -36.22);
insert into SHOT values (934, 907, 935, 437, 3.571, 270.18, 6.84, 3.575, 270.16, 6.75, 0.007, 256.28, -49.25);
insert into SHOT values (935, 907, 936, 437, 2.308, 290.27, 7.79, 2.311, 290.18, 7.71, 0.006, 246.01, -27.83);
insert into SHOT values (936, 907, 937, 437, 1.971, 321.54, 5.36, 1.971, 321.20, 5.24, 0.012, 234.99, -19.67);
insert into SHOT values (937, 907, 938, 437, 1.985, 347.02, 5.64, 1.981, 346.81, 5.50, 0.009, 231.96, -32.53);
insert into SHOT values (938, 907, 939, 437, 2.308, 9.30, 1.34, 2.300, 9.26, 1.25, 0.009, 201.98, -27.61);
insert into SHOT values (939, 907, 940, 437, 2.676, 25.71, -0.21, 2.675, 25.70, -0.21, 0.001, 218.03, -7.96);
insert into SHOT values (940, 907, 941, 437, 3.067, 32.19, -1.18, 3.061, 32.18, -1.31, 0.009, 214.73, -48.15);
insert into SHOT values (941, 907, 942, 437, 4.380, 44.62, -2.97, 4.376, 44.63, -3.01, 0.005, 214.02, -36.22);
insert into SHOT values (942, 907, 943, 437, 5.968, 52.34, -3.40, 5.963, 52.30, -3.46, 0.009, 270.43, -44.37);
insert into SHOT values (943, 907, 944, 437, 6.927, 55.88, -3.51, 6.925, 55.85, -3.56, 0.007, 293.47, -54.98);
insert into SHOT values (944, 907, 945, 437, 8.279, 61.57, -3.40, 8.271, 61.57, -3.47, 0.013, 238.59, -45.05);
insert into SHOT values (945, 907, 946, 437, 9.607, 66.04, -2.97, 9.598, 66.06, -2.99, 0.010, 229.26, -13.04);
insert into SHOT values (946, 907, 947, 437, 11.049, 70.13, -2.73, 11.040, 70.12, -2.75, 0.010, 261.99, -21.60);
insert into SHOT values (947, 907, 948, 437, 11.570, 74.08, -2.46, 11.564, 74.08, -2.48, 0.007, 261.90, -29.51);
insert into SHOT values (948, 907, 949, 437, 3.684, 145.93, 13.84, 3.687, 146.04, 13.81, 0.008, 209.38, -8.91);
insert into SHOT values (949, 907, 950, 437, 3.865, 117.59, 11.28, 3.858, 117.72, 11.21, 0.012, 243.84, -29.99);
insert into SHOT values (950, 907, 951, 437, 5.960, 109.72, 5.85, 5.958, 109.72, 5.78, 0.008, 290.77, -79.64);
insert into SHOT values (951, 907, 952, 437, 1.333, 102.72, 3.96, 1.327, 103.09, 3.89, 0.010, 224.89, -11.42);
insert into SHOT values (952, 907, 953, 437, 7.232, 76.94, -5.04, 7.225, 76.91, -5.08, 0.009, 284.49, -30.46);
insert into SHOT values (953, 907, 954, 437, 6.025, 79.75, -5.74, 6.016, 79.80, -5.82, 0.014, 233.12, -33.09);
insert into SHOT values (954, 907, 955, 437, 5.300, 81.71, -6.92, 5.294, 81.68, -6.94, 0.007, 281.57, -12.41);
insert into SHOT values (955, 907, 956, 437, 1.188, 82.09, -24.94, 1.182, 81.95, -25.03, 0.007, 284.01, 7.48);
insert into SHOT values (956, 907, 957, 437, 0.540, 95.96, -50.38, 0.542, 96.71, -50.82, 0.006, 210.40, -39.37);
insert into SHOT values (957, 907, 958, 437, 10.081, 93.64, 2.83, 10.072, 93.65, 2.79, 0.011, 263.71, -42.42);
insert into SHOT values (958, 907, 959, 437, 8.426, 87.07, 6.42, 8.424, 87.06, 6.41, 0.004, 310.20, -36.78);
insert into SHOT values (959, 959, 960, 437, 3.593, 116.04, -20.41, 3.588, 116.11, -20.39, 0.007, 252.72, 27.05);
insert into SHOT values (960, 959, 961, 437, 2.823, 97.41, -27.81, 2.820, 97.61, -27.91, 0.010, 217.26, -16.36);
insert into SHOT values (961, 959, 962, 437, 2.513, 86.14, -31.66, 2.510, 86.24, -31.73, 0.006, 225.88, -9.64);
insert into SHOT values (962, 959, 963, 437, 2.104, 334.80, -45.55, 2.101, 334.65, -45.55, 0.005, 219.77, 25.51);
insert into SHOT values (963, 959, 964, 437, 2.223, 319.72, -41.99, 2.225, 319.66, -42.03, 0.003, 254.33, -57.14);
insert into SHOT values (964, 959, 965, 437, 2.825, 302.47, -37.48, 2.823, 302.41, -37.53, 0.004, 158.48, -15.29);
insert into SHOT values (965, 959, 966, 437, 2.583, 290.06, -33.16, 2.580, 290.03, -33.13, 0.004, 144.63, 54.40);
insert into SHOT values (966, 959, 967, 437, 0.976, 185.22, 64.13, 0.980, 185.31, 63.86, 0.006, 192.06, 16.67);
insert into SHOT values (967, 959, 968, 437, 2.352, 199.07, -17.87, 2.355, 199.00, -17.80, 0.005, 162.67, 20.97);
insert into SHOT values (968, 959, 969, 437, 1.209, 200.54, 10.53, 1.216, 200.56, 10.42, 0.008, 203.23, -7.16);
insert into SHOT values (969, 959, 970, 437, 3.105, 154.54, -10.84, 3.112, 154.61, -10.93, 0.009, 188.69, -42.25);
insert into SHOT values (970, 959, 971, 437, 5.047, 140.45, -6.15, 5.044, 140.50, -6.15, 0.005, 260.68, 7.43);
insert into SHOT values (971, 959, 972, 437, 5.711, 135.38, -5.57, 5.713, 135.43, -5.63, 0.008, 210.70, -48.79);
insert into SHOT values (972, 959, 973, 437, 2.347, 180.66, -18.79, 2.356, 180.77, -18.82, 0.010, 208.36, -23.32);
insert into SHOT values (973, 959, 974, 437, 4.281, 125.99, -11.11, 4.284, 126.00, -11.17, 0.005, 145.33, -70.29);
insert into SHOT values (974, 974, 975, 437, 0.579, 16.35, -72.29, 0.578, 16.39, -72.14, 0.002, 23.02, 55.40);
insert into SHOT values (975, 974, 976, 437, 0.983, 18.60, -55.89, 0.977, 18.10, -55.96, 0.007, 247.08, 31.61);
insert into SHOT values (976, 974, 977, 437, 1.180, 25.35, -47.06, 1.172, 25.28, -47.20, 0.009, 212.77, 26.57);
insert into SHOT values (977, 974, 978, 437, 2.660, 31.44, -18.75, 2.657, 31.35, -18.66, 0.006, 283.92, 52.08);
insert into SHOT values (978, 974, 979, 437, 2.877, 32.73, -14.23, 2.866, 32.66, -14.14, 0.012, 232.44, 36.33);
insert into SHOT values (979, 974, 980, 437, 3.253, 32.20, -6.51, 3.248, 32.21, -6.54, 0.006, 204.23, -12.34);
insert into SHOT values (980, 974, 981, 437, 2.183, 32.49, -1.00, 2.181, 32.45, -0.79, 0.009, 246.00, 72.06);
insert into SHOT values (981, 974, 982, 437, 1.558, 32.96, 7.97, 1.555, 33.07, 8.13, 0.006, 172.94, 40.46);
insert into SHOT values (982, 974, 983, 437, 1.045, 23.83, 19.04, 1.042, 23.96, 19.05, 0.004, 165.93, -13.68);
insert into SHOT values (983, 974, 984, 437, 0.924, 21.20, 29.93, 0.918, 21.40, 30.06, 0.007, 176.23, -8.81);
insert into SHOT values (984, 974, 985, 437, 0.933, 42.32, 52.10, 0.932, 42.14, 52.57, 0.008, 237.23, 28.49);
insert into SHOT values (985, 974, 986, 437, 0.916, 50.50, 67.18, 0.919, 50.83, 67.72, 0.009, 214.60, 38.12);
insert into SHOT values (986, 974, 987, 437, 1.869, 46.37, 74.29, 1.869, 45.81, 74.41, 0.006, 277.33, 7.34);
insert into SHOT values (987, 974, 988, 437, 1.877, 99.28, 84.25, 1.879, 99.46, 84.43, 0.006, 273.30, 23.57);
insert into SHOT values (988, 974, 989, 437, 1.937, 134.45, 79.55, 1.942, 135.00, 79.51, 0.007, 191.43, 51.67);
insert into SHOT values (989, 974, 990, 437, 1.289, 229.88, 71.63, 1.295, 230.01, 71.79, 0.007, 19.79, 74.23);
insert into SHOT values (990, 974, 991, 437, 3.343, 36.59, -7.53, 3.338, 36.52, -7.40, 0.010, 259.15, 55.37);
insert into SHOT values (991, 974, 992, 437, 3.414, 20.55, -7.64, 3.412, 20.42, -7.58, 0.009, 281.76, 26.26);
insert into SHOT values (992, 974, 993, 437, 3.825, 11.89, -8.37, 3.821, 11.90, -8.28, 0.007, 173.05, 65.43);
insert into SHOT values (993, 974, 994, 437, 4.559, 4.51, -8.53, 4.553, 4.46, -8.46, 0.009, 223.96, 44.15);
insert into SHOT values (994, 974, 995, 437, 4.887, 359.36, -8.32, 4.881, 359.29, -8.25, 0.011, 228.31, 42.12);
insert into SHOT values (995, 974, 996, 437, 0.955, 357.96, -42.47, 0.949, 357.55, -42.41, 0.008, 230.91, 37.29);
insert into SHOT values (996, 974, 997, 437, 3.336, 34.80, -8.53, 3.334, 34.75, -8.45, 0.006, 288.17, 58.58);
insert into SHOT values (997, 974, 998, 437, 3.495, 52.80, -7.22, 3.490, 52.87, -7.24, 0.007, 195.50, -6.48);
insert into SHOT values (998, 974, 999, 437, 4.338, 65.82, -4.87, 4.335, 65.81, -4.90, 0.004, 260.55, -28.89);
insert into SHOT values (999, 974, 1000, 437, 5.192, 72.90, -2.93, 5.185, 72.93, -2.87, 0.009, 231.53, 35.29);
insert into SHOT values (1000, 974, 1001, 437, 6.096, 75.36, -3.50, 6.087, 75.41, -3.48, 0.011, 221.58, 11.44);
insert into SHOT values (1001, 974, 1002, 437, 5.018, 114.70, 0.54, 5.021, 114.73, 0.57, 0.004, 158.93, 37.36);
insert into SHOT values (1002, 974, 1003, 437, 5.547, 110.02, 0.42, 5.546, 110.04, 0.41, 0.002, 236.45, -17.94);
insert into SHOT values (1003, 974, 1004, 437, 7.498, 99.30, -0.79, 7.499, 99.29, -0.76, 0.004, 40.10, 60.34);
insert into SHOT values (1004, 974, 1005, 437, 9.105, 93.91, -1.69, 9.105, 93.91, -1.70, 0.002, 16.62, -72.38);
insert into SHOT values (1005, 974, 1006, 437, 10.688, 91.22, -2.06, 10.679, 91.23, -2.04, 0.010, 252.38, 24.72);
insert into SHOT values (1006, 974, 1007, 437, 1.565, 99.10, 36.08, 1.565, 99.09, 36.01, 0.002, 88.82, -56.55);
insert into SHOT values (1007, 974, 1008, 437, 1.208, 62.18, 20.35, 1.207, 62.08, 20.36, 0.002, 309.75, -2.27);
insert into SHOT values (1008, 974, 1009, 437, 2.727, 84.51, 7.44, 2.726, 84.48, 7.59, 0.007, 307.55, 73.34);
insert into SHOT values (1009, 974, 1010, 437, 9.987, 90.58, -3.05, 9.985, 90.57, -3.04, 0.003, 288.70, 29.19);
insert into SHOT values (1010, 1010, 1011, 437, 0.579, 320.57, 80.51, 0.577, 319.40, 80.81, 0.004, 170.38, -15.86);
insert into SHOT values (1011, 1010, 1012, 437, 0.365, 159.49, 42.81, 0.365, 160.20, 43.26, 0.004, 281.72, 26.63);
insert into SHOT values (1012, 1010, 1013, 437, 3.260, 334.83, 6.20, 3.258, 334.78, 6.17, 0.004, 206.21, -30.36);
insert into SHOT values (1013, 1010, 1014, 437, 2.360, 335.93, -7.26, 2.356, 335.74, -7.32, 0.009, 214.47, -10.96);
insert into SHOT values (1014, 1010, 1015, 437, 3.534, 304.98, 4.02, 3.535, 304.95, 4.06, 0.003, 236.93, 51.47);
insert into SHOT values (1015, 1010, 1016, 437, 4.104, 291.58, 1.63, 4.106, 291.44, 1.67, 0.011, 210.59, 17.73);
insert into SHOT values (1016, 1010, 1017, 437, 4.852, 286.34, 2.13, 4.848, 286.30, 2.13, 0.005, 144.93, -3.88);
insert into SHOT values (1017, 1010, 1018, 437, 1.658, 322.19, 37.41, 1.661, 322.09, 37.46, 0.004, 260.24, 45.82);
insert into SHOT values (1018, 1010, 1019, 437, 1.460, 81.18, 5.90, 1.455, 81.25, 5.92, 0.006, 242.05, -0.77);
insert into SHOT values (1019, 1010, 1020, 437, 2.316, 74.88, 1.63, 2.310, 74.94, 1.74, 0.008, 231.54, 33.32);
insert into SHOT values (1020, 1010, 1021, 437, 4.185, 67.23, -0.94, 4.187, 67.23, -0.96, 0.002, 75.99, -37.49);
insert into SHOT values (1021, 1010, 1022, 437, 5.853, 61.83, -0.11, 5.852, 61.86, -0.10, 0.003, 174.02, 20.94);
insert into SHOT values (1022, 1010, 1023, 437, 6.334, 60.40, 0.03, 6.332, 60.48, 0.09, 0.011, 162.97, 36.25);
insert into SHOT values (1023, 1010, 1024, 437, 3.594, 346.94, 7.08, 3.590, 346.86, 7.04, 0.007, 222.71, -26.82);
insert into SHOT values (1024, 1010, 1025, 437, 11.650, 34.25, 2.78, 11.644, 34.28, 2.81, 0.010, 172.05, 29.91);
insert into SHOT values (1025, 1010, 1026, 437, 10.736, 30.75, 3.09, 10.733, 30.75, 3.10, 0.004, 198.88, 20.39);
insert into SHOT values (1026, 1010, 1027, 437, 9.192, 25.88, 4.73, 9.191, 25.89, 4.74, 0.003, 141.82, 38.03);
insert into SHOT values (1027, 1010, 1028, 437, 8.750, 22.89, 5.39, 8.746, 22.91, 5.38, 0.006, 161.98, -18.82);
insert into SHOT values (1028, 1010, 1029, 437, 4.866, 4.52, 6.81, 4.860, 4.52, 6.85, 0.007, 185.95, 24.19);
insert into SHOT values (1029, 1010, 1030, 437, 4.642, 2.89, 7.02, 4.641, 2.86, 7.05, 0.004, 238.73, 45.89);
insert into SHOT values (1030, 1010, 1031, 437, 2.520, 350.81, -6.54, 2.519, 350.80, -6.61, 0.003, 184.43, -63.84);
insert into SHOT values (1031, 1010, 1032, 437, 2.257, 8.47, -7.59, 2.255, 8.49, -7.65, 0.003, 169.77, -33.29);
insert into SHOT values (1032, 1010, 1033, 437, 3.076, 24.94, -5.45, 3.069, 24.97, -5.42, 0.007, 189.89, 17.85);
insert into SHOT values (1033, 1010, 1034, 437, 3.336, 30.00, -4.97, 3.328, 30.04, -5.00, 0.008, 191.56, -6.72);
insert into SHOT values (1034, 1010, 1035, 437, 4.050, 35.69, -4.04, 4.050, 35.74, -3.96, 0.006, 111.05, 57.63);
insert into SHOT values (1035, 1010, 1036, 437, 4.975, 39.95, -3.42, 4.970, 40.01, -3.35, 0.010, 170.36, 43.21);
insert into SHOT values (1036, 1010, 1037, 437, 5.112, 39.48, -2.19, 5.111, 39.52, -2.13, 0.006, 142.56, 56.13);
insert into SHOT values (1037, 1010, 1038, 437, 6.696, 39.66, -1.99, 6.694, 39.66, -1.97, 0.003, 206.82, 50.65);
insert into SHOT values (1038, 1010, 1039, 437, 7.957, 41.16, -1.71, 7.948, 41.17, -1.73, 0.010, 209.69, -15.45);
insert into SHOT values (1039, 1010, 1040, 437, 10.023, 43.50, -1.19, 10.018, 43.54, -1.20, 0.009, 166.06, -11.28);
insert into SHOT values (1040, 1010, 1041, 437, 1.930, 359.16, 25.79, 1.923, 359.01, 25.90, 0.009, 210.69, 2.00);
insert into SHOT values (1041, 1010, 1042, 437, 2.329, 11.68, 20.35, 2.321, 11.67, 20.43, 0.009, 193.56, 0.54);
insert into SHOT values (1042, 1010, 1043, 437, 3.102, 23.22, 14.01, 3.098, 23.32, 14.01, 0.007, 150.10, -8.02);
insert into SHOT values (1043, 1010, 1044, 437, 3.978, 34.55, 8.94, 3.974, 34.62, 8.98, 0.007, 167.81, 14.99);
insert into SHOT values (1044, 1010, 1045, 437, 4.178, 38.13, 6.61, 4.173, 38.14, 6.61, 0.005, 208.19, -10.00);
insert into SHOT values (1045, 1010, 1046, 437, 5.075, 41.78, 4.45, 5.072, 41.79, 4.52, 0.007, 199.08, 62.13);
insert into SHOT values (1046, 1010, 1047, 437, 5.943, 45.00, 3.13, 5.935, 45.00, 3.19, 0.010, 224.37, 32.67);
insert into SHOT values (1047, 1010, 1048, 437, 7.348, 47.06, 1.78, 7.348, 47.10, 1.79, 0.005, 134.33, 20.06);
insert into SHOT values (1048, 1010, 1049, 437, 11.574, 43.98, -0.13, 11.570, 44.02, -0.10, 0.011, 160.17, 34.55);
insert into SHOT values (1049, 1049, 1050, 437, 0.887, 325.08, 8.36, 0.890, 324.69, 7.74, 0.012, 273.29, -49.52);
insert into SHOT values (1050, 1049, 1051, 437, 1.440, 326.04, 17.46, 1.441, 325.96, 17.36, 0.003, 284.15, -37.09);
insert into SHOT values (1051, 1049, 1052, 437, 1.626, 324.60, 23.07, 1.625, 324.51, 22.80, 0.008, 280.22, -64.25);
insert into SHOT values (1052, 1049, 1053, 437, 1.823, 323.62, 19.18, 1.828, 323.46, 18.83, 0.013, 293.51, -43.22);
insert into SHOT values (1053, 1049, 1054, 437, 1.250, 321.75, 34.39, 1.247, 321.69, 34.14, 0.006, 267.68, -77.08);
insert into SHOT values (1054, 1049, 1055, 437, 0.926, 324.70, 56.73, 0.927, 324.46, 56.17, 0.009, 310.03, -26.64);
insert into SHOT values (1055, 1049, 1056, 437, 0.909, 267.23, 87.54, 0.901, 270.00, 87.46, 0.008, 331.37, -75.25);
insert into SHOT values (1056, 1049, 1057, 437, 1.013, 190.12, 72.87, 1.005, 191.69, 72.86, 0.012, 296.20, -43.67);
insert into SHOT values (1057, 1049, 1058, 437, 1.100, 161.00, 62.80, 1.090, 161.20, 62.89, 0.011, 325.60, -51.88);
insert into SHOT values (1058, 1049, 1059, 437, 1.310, 160.95, 52.04, 1.306, 161.11, 52.05, 0.004, 298.83, -39.67);
insert into SHOT values (1059, 1049, 1060, 437, 1.730, 165.18, 41.22, 1.724, 165.21, 41.41, 0.008, 340.26, 0.09);
insert into SHOT values (1060, 1049, 1061, 437, 2.414, 162.84, 30.27, 2.408, 162.96, 30.17, 0.009, 291.74, -50.94);
insert into SHOT values (1061, 1049, 1062, 437, 2.953, 159.32, 25.53, 2.949, 159.32, 25.51, 0.004, 340.26, -40.58);
insert into SHOT values (1062, 1049, 1063, 437, 2.590, 160.00, 25.26, 2.587, 160.02, 25.17, 0.005, 312.64, -73.13);
insert into SHOT values (1063, 1049, 1064, 437, 2.162, 159.79, 23.85, 2.154, 159.82, 23.82, 0.008, 330.85, -33.04);
insert into SHOT values (1064, 1049, 1065, 437, 1.929, 160.76, 21.05, 1.927, 160.86, 20.98, 0.004, 264.95, -41.15);
insert into SHOT values (1065, 1049, 1066, 437, 1.653, 159.47, 10.53, 1.651, 159.44, 10.47, 0.003, 1.03, -47.12);
insert into SHOT values (1066, 1049, 1067, 437, 1.744, 159.05, 2.14, 1.736, 159.06, 1.98, 0.010, 337.30, -32.00);
insert into SHOT values (1067, 1049, 1068, 437, 1.806, 159.15, -1.68, 1.799, 159.15, -1.91, 0.010, 340.00, -43.44);
insert into SHOT values (1068, 1049, 1069, 437, 0.302, 107.45, -71.74, 0.304, 102.53, -72.36, 0.009, 358.15, -20.95);
insert into SHOT values (1069, 1049, 1070, 437, 2.337, 152.49, -6.76, 2.329, 152.44, -6.90, 0.010, 346.52, -29.82);
insert into SHOT values (1070, 1049, 1071, 437, 3.683, 272.03, 11.64, 3.687, 272.06, 11.58, 0.006, 294.48, -29.32);
insert into SHOT values (1071, 1049, 1072, 437, 2.565, 166.18, -5.14, 2.564, 166.18, -5.15, 0.001, 338.51, -14.67);
insert into SHOT values (1072, 1049, 1073, 437, 2.934, 185.36, -2.38, 2.926, 185.50, -2.55, 0.013, 324.35, -37.45);
insert into SHOT values (1073, 1049, 1074, 437, 3.483, 194.19, -1.27, 3.479, 194.32, -1.32, 0.009, 312.52, -17.77);
insert into SHOT values (1074, 1049, 1075, 437, 3.709, 201.78, 0.66, 3.707, 201.86, 0.62, 0.006, 315.60, -25.78);
insert into SHOT values (1075, 1049, 1076, 437, 1.671, 162.35, 8.78, 1.667, 162.33, 8.63, 0.006, 348.64, -53.50);
insert into SHOT values (1076, 1049, 1077, 437, 1.702, 174.98, 8.82, 1.696, 175.21, 8.82, 0.009, 306.99, -6.14);
insert into SHOT values (1077, 1049, 1078, 437, 2.040, 189.40, 8.48, 2.039, 189.42, 8.46, 0.001, 321.24, -46.61);
insert into SHOT values (1078, 1049, 1079, 437, 2.735, 204.69, 8.03, 2.738, 204.86, 7.98, 0.009, 274.04, -13.11);
insert into SHOT values (1079, 1049, 1080, 437, 3.617, 214.41, 6.41, 3.617, 214.57, 6.35, 0.011, 301.74, -20.18);
insert into SHOT values (1080, 1049, 1081, 437, 4.551, 219.12, 5.03, 4.544, 219.17, 4.92, 0.012, 2.56, -51.24);
insert into SHOT values (1081, 1049, 1082, 437, 5.918, 223.14, 6.44, 5.923, 223.21, 6.40, 0.010, 276.94, -22.69);
insert into SHOT values (1082, 1049, 1083, 437, 2.543, 17.72, 9.78, 2.545, 17.64, 9.73, 0.004, 316.32, -26.59);
insert into SHOT values (1083, 1049, 1084, 437, 3.801, 30.44, 4.18, 3.802, 30.42, 4.07, 0.007, 341.26, -76.41);
insert into SHOT values (1084, 1049, 1085, 437, 5.268, 35.55, 1.33, 5.271, 35.50, 1.30, 0.006, 338.35, -22.85);
insert into SHOT values (1085, 1049, 1086, 437, 6.046, 42.54, 0.82, 6.045, 42.45, 0.76, 0.011, 308.04, -35.37);
insert into SHOT values (1086, 1049, 1087, 437, 8.454, 47.50, 0.26, 8.458, 47.44, 0.20, 0.012, 341.88, -43.01);
insert into SHOT values (1087, 1049, 1088, 437, 10.872, 50.40, -0.59, 10.867, 50.38, -0.63, 0.010, 271.42, -51.22);
insert into SHOT values (1088, 1049, 1089, 437, 2.321, 136.64, -6.76, 2.316, 136.59, -6.94, 0.009, 336.44, -47.35);
insert into SHOT values (1089, 1049, 1090, 437, 2.458, 124.69, -6.47, 2.452, 124.80, -6.56, 0.009, 269.96, -20.20);
insert into SHOT values (1090, 1049, 1091, 437, 3.105, 106.66, -4.78, 3.099, 106.56, -4.81, 0.008, 328.39, -8.68);
insert into SHOT values (1091, 1049, 1092, 437, 3.409, 100.25, -0.34, 3.403, 100.15, -0.34, 0.008, 325.22, 1.65);
insert into SHOT values (1092, 1049, 1093, 437, 8.818, 99.10, 6.20, 8.811, 99.06, 6.19, 0.009, 316.07, -14.87);
insert into SHOT values (1093, 1049, 1094, 437, 10.176, 101.28, 5.67, 10.175, 101.28, 5.64, 0.005, 311.71, -80.98);
insert into SHOT values (1094, 1049, 1095, 437, 2.586, 109.77, -1.22, 2.582, 109.70, -1.33, 0.007, 325.77, -42.45);
insert into SHOT values (1095, 1049, 1096, 437, 3.500, 99.22, -2.34, 3.498, 99.22, -2.46, 0.007, 277.97, -74.80);
insert into SHOT values (1096, 1049, 1097, 437, 3.965, 89.55, -2.33, 3.964, 89.42, -2.46, 0.013, 349.72, -44.48);
insert into SHOT values (1097, 1049, 1098, 437, 4.459, 81.02, -2.21, 4.459, 80.96, -2.31, 0.009, 346.60, -60.43);
insert into SHOT values (1098, 1049, 1099, 437, 4.914, 72.64, -2.17, 4.909, 72.56, -2.22, 0.009, 305.12, -25.40);
insert into SHOT values (1099, 1049, 1100, 437, 5.551, 66.89, -1.93, 5.550, 66.86, -1.96, 0.005, 312.51, -40.66);
insert into SHOT values (1100, 1049, 1101, 437, 6.252, 63.52, -1.74, 6.250, 63.48, -1.74, 0.005, 315.35, -1.90);
insert into SHOT values (1101, 1049, 1102, 437, 0.866, 70.10, -4.83, 0.867, 69.68, -5.29, 0.010, 347.46, -47.82);
insert into SHOT values (1102, 1049, 1103, 437, 3.671, 53.10, -1.30, 3.671, 52.97, -1.40, 0.010, 322.74, -39.96);
insert into SHOT values (1103, 1049, 1104, 437, 9.747, 70.62, 2.88, 9.744, 70.62, 2.88, 0.003, 262.05, 4.98);
insert into SHOT values (1104, 1104, 1105, 437, 1.197, 345.87, 77.36, 1.191, 344.93, 76.93, 0.012, 314.72, -43.17);
insert into SHOT values (1105, 1104, 1106, 437, 5.060, 161.22, 4.80, 5.055, 161.24, 4.77, 0.006, 318.46, -33.98);
insert into SHOT values (1106, 1104, 1107, 437, 5.174, 174.98, 4.26, 5.164, 174.99, 4.22, 0.011, 350.97, -23.39);
insert into SHOT values (1107, 1104, 1108, 437, 5.996, 178.73, 4.98, 5.994, 178.75, 4.98, 0.003, 307.31, -9.09);
insert into SHOT values (1108, 1104, 1109, 437, 5.986, 186.08, 5.13, 5.977, 186.07, 5.09, 0.010, 9.26, -31.34);
insert into SHOT values (1109, 1104, 1110, 437, 6.230, 188.88, 5.15, 6.229, 188.90, 5.07, 0.010, 282.18, -75.79);
insert into SHOT values (1110, 1104, 1111, 437, 6.311, 193.71, 4.75, 6.311, 193.70, 4.73, 0.003, 73.76, -78.22);
insert into SHOT values (1111, 1104, 1112, 437, 7.055, 198.10, 5.34, 7.047, 198.10, 5.29, 0.010, 17.90, -42.55);
insert into SHOT values (1112, 1104, 1113, 437, 7.325, 200.34, 5.34, 7.319, 200.40, 5.33, 0.010, 329.21, -9.79);
insert into SHOT values (1113, 1104, 1114, 437, 7.131, 206.68, 4.61, 7.129, 206.67, 4.59, 0.004, 49.91, -59.58);
insert into SHOT values (1114, 1104, 1115, 437, 7.371, 210.01, 4.52, 7.371, 210.05, 4.51, 0.006, 301.52, -8.68);
insert into SHOT values (1115, 1104, 1116, 437, 8.897, 213.74, 4.58, 8.895, 213.78, 4.58, 0.007, 318.87, -3.82);
insert into SHOT values (1116, 1104, 1117, 437, 8.405, 227.50, 3.77, 8.398, 227.51, 3.75, 0.007, 28.35, -20.71);
insert into SHOT values (1117, 1104, 1118, 437, 2.761, 61.53, -2.72, 2.760, 61.39, -2.91, 0.011, 320.53, -52.69);
insert into SHOT values (1118, 1104, 1119, 437, 2.763, 61.97, -2.86, 2.759, 61.85, -2.91, 0.007, 298.33, -17.85);
insert into SHOT values (1119, 1104, 1120, 437, 3.637, 57.01, -3.09, 3.633, 56.92, -3.16, 0.008, 292.29, -30.82);
insert into SHOT values (1120, 1104, 1121, 437, 4.503, 104.68, -2.02, 4.500, 104.69, -2.04, 0.004, 276.42, -20.93);
insert into SHOT values (1121, 1104, 1122, 437, 4.254, 89.82, -4.92, 4.256, 89.73, -4.99, 0.009, 14.37, -37.05);
insert into SHOT values (1122, 1104, 1123, 437, 4.335, 79.12, -5.64, 4.340, 79.05, -5.69, 0.008, 32.10, -30.74);
insert into SHOT values (1123, 1104, 1124, 437, 5.475, 347.76, 5.07, 5.476, 347.72, 5.03, 0.005, 276.29, -45.76);
insert into SHOT values (1124, 1104, 1125, 437, 5.984, 358.01, 3.47, 5.985, 357.99, 3.45, 0.003, 283.03, -40.54);
insert into SHOT values (1125, 1104, 1126, 437, 6.666, 3.92, 2.24, 6.670, 3.87, 2.23, 0.007, 311.61, -4.42);
insert into SHOT values (1126, 1104, 1127, 437, 8.391, 9.13, 1.63, 8.399, 9.11, 1.57, 0.012, 354.90, -45.03);
insert into SHOT values (1127, 1104, 1128, 437, 9.034, 13.47, 1.33, 9.040, 13.44, 1.27, 0.012, 331.99, -51.34);
insert into SHOT values (1128, 1104, 1129, 437, 3.827, 355.44, -11.22, 3.836, 355.43, -11.27, 0.010, 349.44, -33.24);
insert into SHOT values (1129, 1104, 1130, 437, 4.468, 10.67, -9.48, 4.477, 10.57, -9.52, 0.012, 327.37, -20.59);
insert into SHOT values (1130, 1104, 1131, 437, 5.401, 20.91, -7.35, 5.407, 20.87, -7.44, 0.011, 344.45, -54.91);
insert into SHOT values (1131, 1104, 1132, 437, 7.044, 26.94, -6.04, 7.048, 26.89, -6.11, 0.011, 325.98, -54.48);
insert into SHOT values (1132, 1104, 1133, 437, 9.217, 30.91, -4.42, 9.222, 30.89, -4.48, 0.011, 354.97, -60.35);
insert into SHOT values (1133, 1104, 1134, 437, 10.295, 33.56, -3.90, 10.297, 33.57, -3.90, 0.002, 67.71, 5.38);
insert into SHOT values (1134, 1104, 1135, 437, 1.914, 338.89, -5.67, 1.918, 338.81, -5.68, 0.005, 308.62, -9.97);
insert into SHOT values (1135, 1104, 1136, 437, 1.588, 321.23, -4.01, 1.591, 321.40, -4.32, 0.010, 21.89, -59.27);
insert into SHOT values (1136, 1104, 1137, 437, 1.627, 301.48, -4.55, 1.626, 301.63, -4.59, 0.005, 45.95, -11.88);
insert into SHOT values (1137, 1104, 1138, 437, 2.210, 280.65, -3.29, 2.212, 280.70, -3.37, 0.004, 324.24, -48.44);
insert into SHOT values (1138, 1104, 1139, 437, 3.089, 264.29, 0.57, 3.085, 264.42, 0.56, 0.008, 25.51, -5.11);
insert into SHOT values (1139, 1104, 1140, 437, 4.348, 246.40, 2.43, 4.343, 246.51, 2.38, 0.010, 4.56, -25.20);
insert into SHOT values (1140, 1104, 1141, 437, 1.939, 338.66, -5.95, 1.943, 338.75, -6.21, 0.010, 26.45, -65.44);
insert into SHOT values (1141, 1104, 1142, 437, 11.490, 18.95, -1.34, 11.495, 18.94, -1.35, 0.006, 358.96, -13.00);
insert into SHOT values (1142, 1142, 1143, 437, 2.269, 215.28, 11.00, 2.272, 215.33, 10.91, 0.005, 244.20, -36.42);
insert into SHOT values (1143, 1142, 1144, 437, 3.296, 213.12, 11.34, 3.299, 213.15, 11.18, 0.010, 231.81, -56.04);
insert into SHOT values (1144, 1142, 1145, 437, 2.461, 224.97, 21.28, 2.458, 225.00, 21.23, 0.004, 15.40, -51.61);
insert into SHOT values (1145, 1142, 1146, 437, 2.791, 229.46, 21.43, 2.796, 229.52, 21.40, 0.006, 257.06, 2.66);
insert into SHOT values (1146, 1142, 1147, 437, 4.932, 230.99, 17.44, 4.931, 231.04, 17.34, 0.009, 295.25, -62.30);
insert into SHOT values (1147, 1142, 1148, 437, 5.526, 235.10, 17.76, 5.527, 235.13, 17.70, 0.007, 285.41, -54.29);
insert into SHOT values (1148, 1142, 1149, 437, 5.985, 239.77, 17.02, 5.988, 239.81, 16.99, 0.006, 284.36, -18.23);
insert into SHOT values (1149, 1142, 1150, 437, 1.590, 244.24, 16.96, 1.589, 244.28, 16.83, 0.004, 343.08, -74.85);
insert into SHOT values (1150, 1142, 1151, 437, 5.793, 248.15, 17.94, 5.795, 248.18, 17.89, 0.006, 285.51, -42.33);
insert into SHOT values (1151, 1142, 1152, 437, 4.923, 252.40, 24.75, 4.921, 252.42, 24.75, 0.003, 38.15, -23.73);
insert into SHOT values (1152, 1142, 1153, 437, 2.787, 256.20, 20.68, 2.783, 256.23, 20.62, 0.005, 47.10, -55.20);
insert into SHOT values (1153, 1142, 1154, 437, 1.908, 265.70, 19.75, 1.906, 265.53, 19.62, 0.007, 172.44, -41.44);
insert into SHOT values (1154, 1142, 1155, 437, 1.556, 300.08, 11.01, 1.551, 299.93, 10.78, 0.009, 163.06, -51.23);
insert into SHOT values (1155, 1142, 1156, 437, 5.846, 163.16, -2.77, 5.847, 163.18, -2.84, 0.008, 233.50, -74.24);
insert into SHOT values (1156, 1142, 1157, 437, 5.267, 148.61, -3.29, 5.269, 148.61, -3.37, 0.008, 140.86, -77.55);
insert into SHOT values (1157, 1142, 1158, 437, 5.169, 130.71, -3.86, 5.167, 130.67, -3.88, 0.004, 9.69, -28.59);
insert into SHOT values (1158, 1142, 1159, 437, 5.893, 120.19, -3.86, 5.893, 120.23, -3.89, 0.005, 212.71, -39.19);
insert into SHOT values (1159, 1142, 1160, 437, 7.632, 176.58, -1.89, 7.628, 176.62, -1.95, 0.011, 309.52, -51.11);
insert into SHOT values (1160, 1142, 1161, 437, 8.176, 179.54, -2.06, 8.176, 179.58, -2.10, 0.008, 274.51, -46.74);
insert into SHOT values (1161, 1142, 1162, 437, 8.664, 186.95, -2.02, 8.669, 186.96, -2.05, 0.007, 205.85, -39.73);
insert into SHOT values (1162, 1142, 1163, 437, 8.351, 181.97, -2.24, 8.352, 181.99, -2.26, 0.005, 264.62, -47.55);
insert into SHOT values (1163, 1142, 1164, 437, 3.026, 158.95, -4.02, 3.028, 159.04, -4.17, 0.009, 235.75, -56.78);
insert into SHOT values (1164, 1142, 1165, 437, 2.696, 122.20, -5.51, 2.695, 122.21, -5.54, 0.001, 267.21, -54.08);
insert into SHOT values (1165, 1142, 1166, 437, 6.558, 106.82, -4.12, 6.556, 106.80, -4.11, 0.003, 334.86, 21.62);
insert into SHOT values (1166, 1142, 1167, 437, 6.905, 98.61, -3.86, 6.903, 98.60, -3.90, 0.006, 306.78, -67.52);
insert into SHOT values (1167, 1142, 1168, 437, 7.042, 103.13, -3.84, 7.041, 103.17, -3.91, 0.010, 212.13, -60.44);
insert into SHOT values (1168, 1142, 1169, 437, 6.759, 104.87, -3.81, 6.761, 104.86, -3.82, 0.002, 71.15, -25.20);
insert into SHOT values (1169, 1142, 1170, 437, 6.871, 96.67, -3.96, 6.874, 96.70, -4.00, 0.007, 155.62, -51.74);
insert into SHOT values (1170, 1142, 1171, 437, 6.942, 93.15, -4.31, 6.941, 93.15, -4.38, 0.009, 278.17, -76.86);
insert into SHOT values (1171, 1142, 1172, 437, 6.866, 81.24, -3.96, 6.866, 81.27, -4.01, 0.007, 174.59, -60.58);
insert into SHOT values (1172, 1142, 1173, 437, 7.297, 78.63, -3.95, 7.300, 78.67, -4.01, 0.010, 148.48, -49.96);
insert into SHOT values (1173, 1142, 1174, 437, 6.250, 75.22, -4.40, 6.245, 75.20, -4.41, 0.005, 271.88, -5.38);
insert into SHOT values (1174, 1142, 1175, 437, 5.728, 71.69, -4.62, 5.726, 71.72, -4.61, 0.004, 184.55, 20.10);
insert into SHOT values (1175, 1142, 1176, 437, 6.065, 59.35, -3.42, 6.069, 59.33, -3.50, 0.009, 24.87, -64.58);
insert into SHOT values (1176, 1142, 1177, 437, 4.834, 66.47, -3.34, 4.832, 66.41, -3.44, 0.010, 306.53, -56.20);
insert into SHOT values (1177, 1142, 1178, 437, 2.322, 313.51, 3.75, 2.318, 313.42, 3.71, 0.006, 174.95, -19.66);
insert into SHOT values (1178, 1142, 1179, 437, 3.062, 328.47, 2.98, 3.066, 328.49, 2.99, 0.004, 346.50, 12.38);
insert into SHOT values (1179, 1142, 1180, 437, 2.987, 82.25, -5.32, 2.990, 82.28, -5.37, 0.004, 110.09, -43.31);
insert into SHOT values (1180, 1142, 1181, 437, 2.793, 43.03, -2.65, 2.791, 42.96, -2.67, 0.004, 277.16, -12.68);
insert into SHOT values (1181, 1142, 1182, 437, 7.692, 359.55, 0.57, 7.691, 359.55, 0.52, 0.007, 158.94, -77.21);
insert into SHOT values (1182, 1182, 1183, 437, 0.263, 248.75, -43.25, 0.264, 248.75, -42.98, 0.002, 248.80, 7.37);
insert into SHOT values (1183, 1182, 1184, 437, 0.885, 247.26, -10.55, 0.884, 246.97, -10.43, 0.005, 146.79, 24.90);
insert into SHOT values (1184, 1182, 1185, 437, 2.241, 245.79, 1.99, 2.239, 245.73, 2.05, 0.004, 119.93, 35.47);
insert into SHOT values (1185, 1182, 1186, 437, 4.156, 244.62, 11.96, 4.160, 244.69, 11.93, 0.007, 292.34, -9.80);
insert into SHOT values (1186, 1182, 1187, 437, 2.411, 243.92, 22.59, 2.414, 243.90, 22.66, 0.004, 205.51, 68.75);
insert into SHOT values (1187, 1182, 1188, 437, 1.546, 244.03, 35.87, 1.552, 244.05, 35.91, 0.006, 249.60, 46.15);
insert into SHOT values (1188, 1182, 1189, 437, 1.152, 240.03, 50.09, 1.157, 239.97, 50.29, 0.006, 160.71, 82.66);
insert into SHOT values (1189, 1182, 1190, 437, 0.884, 229.65, 77.14, 0.883, 229.09, 77.00, 0.003, 181.25, -34.98);
insert into SHOT values (1190, 1182, 1191, 437, 0.842, 110.27, 80.61, 0.842, 111.04, 80.47, 0.003, 154.84, -15.09);
insert into SHOT values (1191, 1182, 1192, 437, 0.880, 72.87, 58.35, 0.881, 72.35, 58.38, 0.004, 342.26, 11.92);
insert into SHOT values (1192, 1182, 1193, 437, 1.094, 75.55, 43.35, 1.093, 75.44, 43.31, 0.002, 346.32, -32.83);
insert into SHOT values (1193, 1182, 1194, 437, 1.381, 70.70, 22.71, 1.381, 70.71, 23.01, 0.007, 245.31, 69.44);
insert into SHOT values (1194, 1182, 1195, 437, 1.905, 69.26, 11.63, 1.901, 69.23, 11.84, 0.008, 260.94, 49.90);
insert into SHOT values (1195, 1182, 1196, 437, 2.705, 68.94, 4.66, 2.700, 68.87, 4.67, 0.006, 280.87, 2.25);
insert into SHOT values (1196, 1182, 1197, 437, 3.330, 68.12, -4.67, 3.331, 68.07, -4.65, 0.003, 2.78, 19.80);
insert into SHOT values (1197, 1182, 1198, 437, 3.277, 67.61, -9.79, 3.270, 67.57, -9.68, 0.009, 268.92, 51.13);
insert into SHOT values (1198, 1182, 1199, 437, 0.306, 71.40, -44.63, 0.298, 70.71, -44.74, 0.008, 274.81, 37.78);
insert into SHOT values (1199, 1182, 1200, 437, 0.182, 128.64, -83.97, 0.181, 135.00, -85.51, 0.005, 291.45, 10.61);
insert into SHOT values (1200, 1182, 1201, 437, 5.557, 192.30, 0.31, 5.559, 192.36, 0.31, 0.006, 264.39, -0.60);
insert into SHOT values (1201, 1182, 1202, 437, 4.973, 200.75, 2.25, 4.976, 200.73, 2.30, 0.006, 171.70, 56.40);
insert into SHOT values (1202, 1182, 1203, 437, 5.332, 207.67, 3.24, 5.327, 207.67, 3.23, 0.005, 23.35, -14.82);
insert into SHOT values (1203, 1182, 1204, 437, 4.822, 221.74, 10.07, 4.821, 221.75, 10.16, 0.007, 15.54, 68.02);
insert into SHOT values (1204, 1182, 1205, 437, 4.086, 241.51, 11.59, 4.088, 241.52, 11.57, 0.002, 252.79, -22.72);
insert into SHOT values (1205, 1182, 1206, 437, 4.966, 256.79, 9.36, 4.966, 256.79, 9.39, 0.002, 133.59, 82.98);
insert into SHOT values (1206, 1182, 1207, 437, 6.046, 269.23, 6.69, 6.052, 269.24, 6.74, 0.008, 277.90, 44.45);
insert into SHOT values (1207, 1182, 1208, 437, 7.325, 274.47, 5.36, 7.325, 274.48, 5.41, 0.006, 24.82, 71.72);
insert into SHOT values (1208, 1182, 1209, 437, 5.145, 121.36, -6.20, 5.145, 121.33, -6.14, 0.006, 51.57, 62.92);
insert into SHOT values (1209, 1182, 1210, 437, 5.334, 115.64, -5.69, 5.331, 115.70, -5.71, 0.006, 236.78, -10.71);
insert into SHOT values (1210, 1182, 1211, 437, 4.366, 105.57, -8.16, 4.363, 105.58, -8.17, 0.003, 269.48, -5.31);
insert into SHOT values (1211, 1182, 1212, 437, 4.524, 93.53, -7.07, 4.522, 93.58, -6.99, 0.008, 196.64, 60.88);
insert into SHOT values (1212, 1182, 1213, 437, 3.307, 73.27, -9.17, 3.300, 73.23, -9.07, 0.010, 271.37, 47.05);
insert into SHOT values (1213, 1182, 1214, 437, 3.226, 58.36, -10.39, 3.227, 58.26, -10.35, 0.006, 345.20, 17.84);
insert into SHOT values (1214, 1182, 1215, 437, 3.427, 40.46, -8.93, 3.432, 40.45, -8.88, 0.006, 37.56, 20.77);
insert into SHOT values (1215, 1182, 1216, 437, 4.773, 30.01, -6.91, 4.770, 30.03, -6.86, 0.005, 176.65, 53.44);
insert into SHOT values (1216, 1182, 1217, 437, 5.504, 21.87, -6.03, 5.505, 21.88, -6.05, 0.002, 73.66, -55.92);
insert into SHOT values (1217, 1182, 1218, 437, 5.344, 2.55, -4.80, 5.344, 2.58, -4.72, 0.008, 89.79, 66.24);
insert into SHOT values (1218, 1182, 1219, 437, 6.033, 347.60, -3.92, 6.034, 347.63, -3.90, 0.004, 58.95, 39.19);
insert into SHOT values (1219, 1182, 1220, 437, 6.378, 344.25, -4.24, 6.377, 344.22, -4.23, 0.004, 243.24, 22.24);
insert into SHOT values (1220, 1182, 1221, 437, 5.757, 194.23, -26.08, 5.754, 194.22, -26.08, 0.003, 24.25, 21.05);
insert into SHOT values (1221, 1182, 1222, 437, 1.211, 178.99, -14.88, 1.211, 179.02, -14.84, 0.001, 287.76, 55.16);
insert into SHOT values (1222, 1182, 1223, 437, 1.965, 173.54, -10.35, 1.964, 173.46, -10.27, 0.004, 73.21, 49.44);
insert into SHOT values (1223, 1182, 1224, 437, 4.908, 256.09, 9.51, 4.908, 256.14, 9.50, 0.004, 339.14, -12.68);
insert into SHOT values (1224, 1182, 1225, 437, 1.031, 9.42, -25.94, 1.035, 9.26, -25.77, 0.006, 342.15, 9.95);
insert into SHOT values (1225, 1182, 1226, 437, 1.844, 353.83, -14.80, 1.841, 353.87, -14.79, 0.003, 146.59, 19.24);
insert into SHOT values (1226, 1182, 1227, 437, 2.884, 341.99, -8.50, 2.880, 342.01, -8.39, 0.007, 142.86, 63.00);
insert into SHOT values (1227, 1182, 1228, 437, 7.991, 278.53, 3.62, 7.994, 278.51, 3.66, 0.007, 228.38, 52.39);
insert into SHOT values (1228, 1228, 1229, 437, 0.900, 191.33, 15.34, 0.899, 191.31, 15.48, 0.002, 26.06, 59.15);
insert into SHOT values (1229, 1228, 1230, 437, 4.551, 358.22, -3.91, 4.553, 358.23, -3.90, 0.002, 31.77, 8.93);
insert into SHOT values (1230, 1228, 1231, 437, 0.714, 347.62, 27.16, 0.710, 348.16, 26.80, 0.009, 94.58, -43.57);
insert into SHOT values (1231, 1228, 1232, 437, 10.484, 69.73, -5.60, 10.489, 69.71, -5.64, 0.009, 24.13, -51.41);
insert into SHOT values (1232, 1228, 1233, 437, 7.508, 57.40, -6.44, 7.512, 57.42, -6.42, 0.005, 86.06, 23.56);
insert into SHOT values (1233, 1228, 1234, 437, 8.006, 47.84, -6.96, 8.009, 47.80, -6.96, 0.006, 352.05, 1.34);
insert into SHOT values (1234, 1228, 1235, 437, 7.697, 38.83, -7.32, 7.701, 38.84, -7.31, 0.004, 50.32, 8.98);
insert into SHOT values (1235, 1228, 1236, 437, 7.351, 33.97, -8.28, 7.360, 33.97, -8.28, 0.009, 37.73, -8.75);
insert into SHOT values (1236, 1228, 1237, 437, 5.947, 30.14, -9.99, 5.951, 30.11, -9.97, 0.005, 351.74, 18.37);
insert into SHOT values (1237, 1228, 1238, 437, 3.944, 19.85, -14.12, 3.946, 19.86, -14.08, 0.003, 28.50, 38.33);
insert into SHOT values (1238, 1228, 1239, 437, 5.001, 28.18, -12.29, 5.006, 28.19, -12.34, 0.007, 42.18, -55.80);
insert into SHOT values (1239, 1228, 1240, 437, 3.893, 18.63, -13.50, 3.896, 18.63, -13.51, 0.003, 15.05, -21.76);
insert into SHOT values (1240, 1228, 1241, 437, 3.734, 10.56, -14.45, 3.738, 10.50, -14.41, 0.006, 334.02, 16.50);
insert into SHOT values (1241, 1228, 1242, 437, 4.231, 15.93, -8.22, 4.235, 15.93, -8.28, 0.006, 12.83, -56.62);
insert into SHOT values (1242, 1228, 1243, 437, 5.838, 64.59, -10.19, 5.841, 64.55, -10.26, 0.008, 359.77, -58.58);
insert into SHOT values (1243, 1228, 1244, 437, 4.250, 65.18, -13.76, 4.256, 65.11, -13.73, 0.008, 24.87, 6.44);
insert into SHOT values (1244, 1228, 1245, 437, 1.642, 50.39, -29.55, 1.641, 50.40, -29.57, 0.001, 211.60, -12.95);
insert into SHOT values (1245, 1228, 1246, 437, 1.330, 120.82, 7.17, 1.323, 120.66, 6.94, 0.009, 331.77, -41.07);
insert into SHOT values (1246, 1228, 1247, 437, 0.664, 189.95, 12.09, 0.664, 189.75, 12.17, 0.002, 102.73, 22.55);
insert into SHOT values (1247, 1228, 1248, 437, 0.963, 233.33, 7.40, 0.958, 233.13, 7.20, 0.007, 86.83, -33.99);
insert into SHOT values (1248, 1228, 1249, 437, 1.137, 238.77, 5.40, 1.135, 239.12, 5.06, 0.010, 343.21, -44.15);
insert into SHOT values (1249, 1228, 1250, 437, 1.645, 257.90, 1.85, 1.646, 258.08, 1.74, 0.006, 332.89, -30.63);
insert into SHOT values (1250, 1228, 1251, 437, 3.648, 267.05, 2.17, 3.647, 267.17, 2.20, 0.008, 4.11, 13.67);
insert into SHOT values (1251, 1228, 1252, 437, 6.840, 277.39, -0.51, 6.837, 277.40, -0.50, 0.003, 82.90, 16.66);
insert into SHOT values (1252, 1228, 1253, 437, 6.913, 322.70, -3.26, 6.912, 322.71, -3.32, 0.007, 93.26, -69.95);
insert into SHOT values (1253, 1228, 1254, 437, 5.652, 321.57, -10.71, 5.650, 321.58, -10.71, 0.002, 102.18, 10.30);
insert into SHOT values (1254, 1228, 1255, 437, 6.446, 313.72, -9.17, 6.448, 313.73, -9.19, 0.003, 338.32, -52.46);
insert into SHOT values (1255, 1228, 1256, 437, 8.304, 302.70, -7.79, 8.305, 302.74, -7.82, 0.008, 33.08, -34.87);
insert into SHOT values (1256, 1228, 1257, 437, 12.669, 295.97, -5.19, 12.669, 296.00, -5.21, 0.007, 31.14, -33.39);
insert into SHOT values (1257, 1228, 1258, 437, 15.147, 300.94, -1.19, 15.150, 300.95, -1.21, 0.007, 346.60, -51.46);
insert into SHOT values (1258, 1258, 1259, 437, 0.454, 217.39, -86.96, 0.451, 206.57, -87.16, 0.006, 100.66, 35.56);
insert into SHOT values (1259, 1258, 1260, 437, 0.579, 19.92, -45.52, 0.576, 20.22, -45.35, 0.004, 128.32, 53.81);
insert into SHOT values (1260, 1258, 1261, 437, 1.277, 36.59, -14.56, 1.277, 36.78, -14.52, 0.004, 126.51, 14.24);
insert into SHOT values (1261, 1258, 1262, 437, 1.725, 38.07, -9.64, 1.727, 38.08, -9.67, 0.002, 50.15, -32.59);
insert into SHOT values (1262, 1258, 1263, 437, 3.070, 40.44, -3.47, 3.069, 40.50, -3.36, 0.007, 134.41, 60.73);
insert into SHOT values (1263, 1258, 1264, 437, 2.533, 38.54, 0.93, 2.533, 38.59, 0.90, 0.003, 116.48, -26.18);
insert into SHOT values (1264, 1258, 1265, 437, 1.137, 39.32, 8.96, 1.137, 39.22, 9.11, 0.004, 304.01, 55.61);
insert into SHOT values (1265, 1258, 1266, 437, 0.454, 34.42, 30.71, 0.451, 34.51, 30.64, 0.003, 197.58, -41.55);
insert into SHOT values (1266, 1258, 1267, 437, 0.293, 353.68, 61.84, 0.295, 355.91, 61.64, 0.006, 63.86, 16.12);
insert into SHOT values (1267, 1258, 1268, 437, 0.248, 202.88, 56.14, 0.252, 201.04, 56.45, 0.006, 125.90, 41.47);
insert into SHOT values (1268, 1258, 1269, 437, 0.586, 205.18, 22.91, 0.588, 205.14, 23.02, 0.002, 193.14, 50.41);
insert into SHOT values (1269, 1258, 1270, 437, 1.511, 201.33, 9.67, 1.514, 201.23, 9.89, 0.007, 144.48, 63.69);
insert into SHOT values (1270, 1258, 1271, 437, 3.690, 205.21, 5.37, 3.685, 205.17, 5.45, 0.008, 50.58, 37.14);
insert into SHOT values (1271, 1258, 1272, 437, 3.142, 206.20, -2.26, 3.142, 206.08, -2.19, 0.008, 116.12, 29.92);
insert into SHOT values (1272, 1258, 1273, 437, 2.929, 203.19, -5.13, 2.928, 203.22, -5.09, 0.003, 321.10, 43.04);
insert into SHOT values (1273, 1258, 1274, 437, 2.838, 202.83, -12.89, 2.836, 202.76, -12.83, 0.005, 93.86, 42.73);
insert into SHOT values (1274, 1258, 1275, 437, 1.513, 197.24, -27.42, 1.508, 197.35, -27.23, 0.008, 323.59, 63.68);
insert into SHOT values (1275, 1258, 1276, 437, 1.006, 197.78, -33.35, 1.002, 197.35, -33.27, 0.007, 88.21, 24.81);
insert into SHOT values (1276, 1258, 1277, 437, 0.750, 198.26, -42.96, 0.748, 198.10, -42.99, 0.003, 57.89, 25.63);
insert into SHOT values (1277, 1258, 1278, 437, 0.538, 192.93, -63.02, 0.539, 191.77, -62.94, 0.005, 114.57, -6.23);
insert into SHOT values (1278, 1258, 1279, 437, 7.051, 105.13, 0.11, 7.054, 105.12, 0.16, 0.007, 85.47, 62.19);
insert into SHOT values (1279, 1258, 1280, 437, 4.873, 98.30, -0.51, 4.871, 98.26, -0.47, 0.005, 331.97, 41.71);
insert into SHOT values (1280, 1258, 1281, 437, 3.081, 65.08, -0.22, 3.087, 65.10, -0.19, 0.006, 73.21, 16.56);
insert into SHOT values (1281, 1258, 1282, 437, 3.219, 43.67, -2.67, 3.222, 43.62, -2.67, 0.004, 356.07, -0.67);
insert into SHOT values (1282, 1258, 1283, 437, 9.010, 136.57, 0.20, 9.012, 136.53, 0.19, 0.007, 62.40, -12.40);
insert into SHOT values (1283, 1258, 1284, 437, 7.084, 145.13, -0.15, 7.082, 145.12, -0.16, 0.002, 356.62, -36.07);
insert into SHOT values (1284, 1258, 1285, 437, 4.978, 154.93, 0.23, 4.979, 154.93, 0.23, 0.001, 148.44, 0.80);
insert into SHOT values (1285, 1258, 1286, 437, 3.996, 169.23, 1.45, 4.002, 169.20, 1.43, 0.007, 148.58, -9.56);
insert into SHOT values (1286, 1258, 1287, 437, 3.522, 183.70, 1.84, 3.519, 183.59, 1.95, 0.010, 68.15, 42.07);
insert into SHOT values (1287, 1258, 1288, 437, 3.571, 205.11, 3.47, 3.572, 205.06, 3.53, 0.005, 133.05, 47.89);
insert into SHOT values (1288, 1258, 1289, 437, 4.172, 130.66, -9.23, 4.175, 130.57, -9.24, 0.007, 63.06, -6.83);
insert into SHOT values (1289, 1258, 1290, 437, 2.127, 155.93, -18.28, 2.124, 155.72, -18.11, 0.010, 57.15, 43.90);
insert into SHOT values (1290, 1258, 1291, 437, 3.678, 237.07, 2.45, 3.676, 237.00, 2.49, 0.006, 119.27, 29.83);
insert into SHOT values (1291, 1258, 1292, 437, 3.962, 256.10, 0.78, 3.956, 256.10, 0.87, 0.008, 72.60, 45.91);
insert into SHOT values (1292, 1258, 1293, 437, 5.237, 269.12, 0.05, 5.231, 269.12, 0.11, 0.008, 85.39, 40.31);
insert into SHOT values (1293, 1258, 1294, 437, 7.703, 279.57, -1.00, 7.698, 279.57, -0.97, 0.006, 94.00, 43.50);
insert into SHOT values (1294, 1258, 1295, 437, 9.739, 288.15, -1.61, 9.737, 288.14, -1.59, 0.004, 161.13, 54.93);
insert into SHOT values (1295, 1258, 1296, 437, 4.784, 10.33, -3.73, 4.788, 10.37, -3.71, 0.005, 49.09, 12.89);
insert into SHOT values (1296, 1258, 1297, 437, 3.295, 29.74, -3.51, 3.289, 29.77, -3.49, 0.006, 194.11, 16.50);
insert into SHOT values (1297, 1258, 1298, 437, 4.617, 11.14, -3.35, 4.615, 11.14, -3.35, 0.002, 190.93, -5.03);
insert into SHOT values (1298, 1258, 1299, 437, 6.105, 359.05, -3.53, 6.102, 359.06, -3.48, 0.007, 156.42, 64.48);
insert into SHOT values (1299, 1258, 1300, 437, 6.892, 350.61, -2.79, 6.890, 350.63, -2.75, 0.007, 115.97, 56.70);
insert into SHOT values (1300, 1258, 1301, 437, 2.563, 276.53, -14.25, 2.564, 276.47, -14.22, 0.003, 218.66, 15.76);
insert into SHOT values (1301, 1258, 1302, 437, 7.841, 305.56, -1.70, 7.837, 305.60, -1.68, 0.007, 70.33, 22.39);
insert into SHOT values (1302, 1302, 1303, 437, 6.325, 80.86, -0.92, 6.320, 80.90, -0.91, 0.006, 219.60, 14.37);
insert into SHOT values (1303, 1302, 1304, 437, 5.716, 73.90, -0.79, 5.713, 73.94, -0.80, 0.005, 194.03, -12.83);
insert into SHOT values (1304, 1302, 1305, 437, 5.263, 61.52, -1.25, 5.259, 61.49, -1.20, 0.007, 279.76, 43.77);
insert into SHOT values (1305, 1302, 1306, 437, 5.568, 56.59, -1.40, 5.560, 56.60, -1.44, 0.009, 232.01, -25.79);
insert into SHOT values (1306, 1302, 1307, 437, 2.179, 151.73, -11.43, 2.177, 151.75, -11.39, 0.003, 302.69, 43.73);
insert into SHOT values (1307, 1302, 1308, 437, 0.882, 178.73, -26.30, 0.881, 179.27, -26.27, 0.008, 273.84, 5.96);
insert into SHOT values (1308, 1302, 1309, 437, 0.497, 210.71, -50.48, 0.496, 212.20, -49.98, 0.009, 282.71, 21.26);
insert into SHOT values (1309, 1302, 1310, 437, 0.445, 318.58, -65.85, 0.447, 317.29, -66.66, 0.008, 176.06, -31.12);
insert into SHOT values (1310, 1302, 1311, 437, 0.666, 10.52, -38.90, 0.667, 10.01, -39.04, 0.005, 274.95, -20.94);
insert into SHOT values (1311, 1302, 1312, 437, 1.640, 28.34, -17.31, 1.641, 28.20, -17.38, 0.004, 300.77, -28.39);
insert into SHOT values (1312, 1302, 1313, 437, 2.175, 24.89, -12.94, 2.172, 24.87, -13.04, 0.005, 216.40, -39.41);
insert into SHOT values (1313, 1302, 1314, 437, 2.888, 23.15, -10.15, 2.882, 23.04, -10.19, 0.009, 242.68, -7.08);
insert into SHOT values (1314, 1302, 1315, 437, 1.083, 323.37, 72.23, 1.081, 322.43, 72.33, 0.006, 207.98, -12.61);
insert into SHOT values (1315, 1302, 1316, 437, 0.368, 140.77, -88.10, 0.370, 180.00, -88.45, 0.008, 265.93, -15.89);
insert into SHOT values (1316, 1302, 1317, 437, 9.400, 29.39, -2.62, 9.395, 29.35, -2.62, 0.008, 257.98, -2.14);
insert into SHOT values (1317, 1302, 1318, 437, 8.694, 18.29, -2.78, 8.687, 18.27, -2.77, 0.007, 224.76, 13.06);
insert into SHOT values (1318, 1302, 1319, 437, 8.165, 12.57, -3.26, 8.158, 12.55, -3.23, 0.009, 211.68, 29.78);
insert into SHOT values (1319, 1302, 1320, 437, 7.429, 6.91, -3.13, 7.425, 6.89, -3.17, 0.006, 209.94, -43.04);
insert into SHOT values (1320, 1302, 1321, 437, 5.399, 7.89, -5.01, 5.390, 7.81, -5.00, 0.011, 227.71, 7.66);
insert into SHOT values (1321, 1302, 1322, 437, 5.126, 2.52, -5.35, 5.127, 2.47, -5.37, 0.005, 286.30, -24.55);
insert into SHOT values (1322, 1302, 1323, 437, 3.963, 336.41, -7.03, 3.961, 336.30, -6.96, 0.009, 232.78, 34.09);
insert into SHOT values (1323, 1302, 1324, 437, 7.685, 44.96, -3.14, 7.684, 44.95, -3.13, 0.002, 274.66, 24.53);
insert into SHOT values (1324, 1324, 1325, 437, 2.380, 224.15, -3.01, 2.387, 224.15, -3.12, 0.008, 224.48, -37.73);
insert into SHOT values (1325, 1324, 1326, 437, 3.329, 230.89, -1.60, 3.328, 230.86, -1.55, 0.004, 111.47, 53.24);
insert into SHOT values (1326, 1324, 1327, 437, 3.810, 235.70, -1.31, 3.815, 235.68, -1.35, 0.006, 224.55, -30.70);
insert into SHOT values (1327, 1324, 1328, 437, 4.693, 265.59, -1.23, 4.695, 265.60, -1.22, 0.002, 293.27, 18.95);
insert into SHOT values (1328, 1324, 1329, 437, 1.082, 137.57, 24.68, 1.082, 137.88, 24.57, 0.006, 217.62, -18.10);
insert into SHOT values (1329, 1324, 1330, 437, 3.136, 338.28, -1.11, 3.133, 338.27, -1.10, 0.003, 172.41, 14.93);
insert into SHOT values (1330, 1324, 1331, 437, 2.891, 350.06, -1.17, 2.884, 350.02, -1.19, 0.007, 188.32, -7.80);
insert into SHOT values (1331, 1324, 1332, 437, 2.628, 6.66, -1.11, 2.628, 6.56, -1.09, 0.005, 272.67, 10.96);
insert into SHOT values (1332, 1324, 1333, 437, 3.086, 19.83, -1.88, 3.082, 19.73, -1.86, 0.007, 256.82, 10.93);
insert into SHOT values (1333, 1324, 1334, 437, 4.490, 28.12, -0.46, 4.487, 28.05, -0.51, 0.007, 270.78, -32.96);
insert into SHOT values (1334, 1324, 1335, 437, 6.309, 35.56, -0.87, 6.308, 35.58, -0.91, 0.005, 141.95, -60.39);
insert into SHOT values (1335, 1324, 1336, 437, 6.307, 34.97, -0.62, 6.306, 34.93, -0.64, 0.005, 293.31, -19.50);
insert into SHOT values (1336, 1324, 1337, 437, 1.203, 119.26, 31.53, 1.200, 119.33, 31.68, 0.005, 284.37, 10.76);
insert into SHOT values (1337, 1324, 1338, 437, 1.530, 95.20, 19.76, 1.527, 95.19, 19.91, 0.005, 276.87, 34.28);
insert into SHOT values (1338, 1324, 1339, 437, 2.412, 81.44, 9.69, 2.411, 81.53, 9.79, 0.006, 195.60, 44.57);
insert into SHOT values (1339, 1324, 1340, 437, 2.819, 73.92, 7.32, 2.821, 74.03, 7.33, 0.006, 143.00, 8.40);
insert into SHOT values (1340, 1324, 1341, 437, 12.604, 51.05, 2.20, 12.595, 51.06, 2.18, 0.010, 211.41, -23.00);
insert into SHOT values (1341, 1341, 1342, 437, 1.412, 135.43, -25.19, 1.414, 135.32, -25.12, 0.003, 86.09, 16.43);
insert into SHOT values (1342, 1341, 1343, 437, 2.254, 130.58, -7.19, 2.252, 130.46, -7.14, 0.005, 18.05, 23.16);
insert into SHOT values (1343, 1341, 1344, 437, 3.157, 133.24, 0.44, 3.155, 133.20, 0.54, 0.006, 4.12, 65.46);
insert into SHOT values (1344, 1341, 1345, 437, 4.078, 132.32, 4.74, 4.078, 132.21, 4.78, 0.008, 39.13, 20.81);
insert into SHOT values (1345, 1341, 1346, 437, 4.482, 132.98, 10.92, 4.482, 132.97, 10.93, 0.001, 59.88, 67.75);
insert into SHOT values (1346, 1341, 1347, 437, 1.502, 131.41, 17.07, 1.498, 131.04, 17.08, 0.010, 17.81, -5.03);
insert into SHOT values (1347, 1341, 1348, 437, 0.670, 122.87, 29.71, 0.672, 122.32, 30.39, 0.010, 11.96, 53.15);
insert into SHOT values (1348, 1341, 1349, 437, 0.404, 108.06, 50.29, 0.406, 107.74, 49.74, 0.005, 89.81, -9.78);
insert into SHOT values (1349, 1341, 1350, 437, 0.388, 61.56, 59.78, 0.393, 59.53, 59.88, 0.009, 346.19, 33.29);
insert into SHOT values (1350, 1341, 1351, 437, 2.088, 309.53, -7.59, 2.084, 309.70, -7.44, 0.009, 67.06, 39.94);
insert into SHOT values (1351, 1341, 1352, 437, 1.934, 307.50, -17.82, 1.938, 307.74, -17.72, 0.009, 4.67, 11.42);
insert into SHOT values (1352, 1341, 1353, 437, 0.359, 353.85, 54.17, 0.359, 354.56, 53.97, 0.003, 67.21, -21.25);
insert into SHOT values (1353, 1341, 1354, 437, 1.783, 305.65, 3.67, 1.780, 305.84, 3.86, 0.009, 63.32, 41.65);
insert into SHOT values (1354, 1341, 1355, 437, 3.391, 252.86, -2.47, 3.381, 252.96, -2.37, 0.013, 41.01, 28.66);
insert into SHOT values (1355, 1341, 1356, 437, 4.159, 245.92, -1.96, 4.152, 245.97, -1.93, 0.008, 38.84, 16.28);
insert into SHOT values (1356, 1341, 1357, 437, 5.448, 242.56, -0.15, 5.443, 242.54, -0.11, 0.007, 83.02, 40.18);
insert into SHOT values (1357, 1341, 1358, 437, 4.489, 128.89, 9.82, 4.491, 128.76, 9.87, 0.011, 45.63, 23.75);
insert into SHOT values (1358, 1341, 1359, 437, 4.853, 153.05, 4.70, 4.856, 152.96, 4.73, 0.008, 79.97, 16.37);
insert into SHOT values (1359, 1341, 1360, 437, 0.359, 180.10, 5.28, 0.352, 180.00, 6.52, 0.010, 4.73, 42.87);
insert into SHOT values (1360, 1341, 1361, 437, 6.705, 189.78, 5.91, 6.702, 189.76, 5.91, 0.004, 48.64, -5.96);
insert into SHOT values (1361, 1341, 1362, 437, 1.074, 142.65, -15.94, 1.074, 142.47, -15.67, 0.006, 74.93, 54.09);
insert into SHOT values (1362, 426, 1363, 437, 7.393, 219.83, -4.09, 7.396, 219.78, -4.11, 0.008, 155.56, -19.54);
insert into SURVEY values (439, 21, 'BmlEntrance1', 'BmlEntrance1.ballymaglancy.Cong', NULL);
 insert into CENTRELINE values (440, 439, NULL, NULL, NULL, 0.00, 0.00, 0.00);
 insert into SCRAPS values (441, 439, 'BmlEntrance1SP1', 1, 13.94458, 2.51369);
 insert into SCRAPS values (449, 439, 'BmlEntrance1SP2', 1, 6.33614, 0.71448);
 insert into MAPS values (476, 439, 'BmlEntrance1M', NULL, 1, 36.491, -0.900);
 insert into MAPITEMS values (476, 4, 441);
 insert into MAPITEMS values (476, 4, 449);
 insert into CENTRELINE values (477, 439, NULL, '2012-06-23', NULL, 36.49, 0.00, 0.00);
 insert into TOPO values (1, 477);
 insert into TOPO values (2, 477);
 insert into TOPO values (4, 477);
 insert into PERSON values (5, 'Stuart', 'Walker');
insert into TOPO values (5, 477);
 insert into SHOT values (1363, 1364, 1365, 477, 2.384, 7.77, -7.47, 2.382, 7.79, -7.48, 0.002, 169.05, -1.72);
insert into SHOT values (1364, 1364, 1366, 477, 2.387, 7.49, -7.46, 2.391, 7.51, -7.45, 0.004, 23.13, -1.34);
insert into SHOT values (1365, 1364, 1367, 477, 2.387, 187.54, 6.76, 2.387, 187.51, 6.74, 0.001, 95.03, -42.30);
insert into SHOT values (1366, 1364, 1368, 477, 8.876, 323.13, -3.77, 8.882, 323.44, -3.68, 0.050, 44.58, 15.69);
insert into SHOT values (1367, 1368, 1369, 477, 0.581, 216.22, -62.50, 0.587, 216.03, -62.38, 0.006, 202.48, -50.27);
insert into SHOT values (1368, 1368, 1370, 477, 0.836, 210.15, -29.28, 0.833, 209.74, -29.47, 0.006, 85.08, -10.21);
insert into SHOT values (1369, 1368, 1371, 477, 0.031, 207.37, 0.00, 0.032, 198.43, 0.00, 0.005, 120.16, 0.00);
insert into SHOT values (1370, 1368, 1372, 477, 0.765, 205.56, 17.81, 0.765, 205.16, 17.51, 0.007, 124.70, -37.60);
insert into SHOT values (1371, 1368, 1373, 477, 0.418, 208.41, 54.18, 0.420, 206.57, 54.12, 0.008, 127.09, 7.54);
insert into SHOT values (1372, 1368, 1374, 477, 0.340, 235.69, 78.84, 0.336, 231.34, 79.02, 0.006, 123.71, -34.28);
insert into SHOT values (1373, 1368, 1375, 477, 0.333, 344.72, 67.92, 0.334, 345.96, 68.25, 0.003, 104.10, 24.79);
insert into SHOT values (1374, 1368, 1376, 477, 0.319, 35.35, 64.97, 0.320, 36.03, 64.87, 0.002, 92.47, 26.61);
insert into SHOT values (1375, 1368, 1377, 477, 0.531, 205.39, -69.71, 0.534, 205.20, -69.41, 0.004, 195.97, -27.17);
insert into SHOT values (1376, 1368, 1378, 477, 0.799, 229.31, 11.11, 0.801, 228.61, 10.80, 0.011, 153.08, -21.76);
insert into SHOT values (1377, 1368, 1379, 477, 2.020, 239.32, 6.74, 2.018, 239.09, 6.54, 0.011, 140.78, -40.35);
insert into SHOT values (1378, 1368, 1380, 477, 2.599, 264.70, 3.88, 2.597, 264.69, 3.75, 0.006, 104.57, -70.96);
insert into SHOT values (1379, 1368, 1381, 477, 2.034, 268.14, 5.62, 2.031, 268.02, 5.65, 0.005, 143.85, 8.60);
insert into SHOT values (1380, 1368, 1382, 477, 1.733, 278.39, 4.17, 1.732, 278.32, 3.97, 0.006, 182.29, -69.79);
insert into SHOT values (1381, 1368, 1383, 477, 1.923, 283.15, 4.26, 1.914, 283.02, 4.19, 0.010, 130.41, -16.33);
insert into SHOT values (1382, 1368, 1384, 477, 2.633, 286.23, 3.61, 2.628, 286.16, 3.49, 0.008, 145.79, -46.91);
insert into SHOT values (1383, 1368, 1385, 477, 3.997, 288.64, 5.58, 3.997, 288.62, 5.60, 0.002, 202.32, 39.49);
insert into SHOT values (1384, 1368, 1386, 477, 4.506, 290.59, 4.97, 4.501, 290.50, 4.97, 0.009, 165.38, -2.36);
insert into SHOT values (1385, 1368, 1387, 477, 3.258, 301.80, 4.79, 3.258, 301.78, 4.75, 0.002, 220.78, -61.13);
insert into SHOT values (1386, 1368, 1388, 477, 2.963, 306.71, 4.86, 2.955, 306.71, 4.85, 0.008, 125.46, -7.04);
insert into SHOT values (1387, 1368, 1389, 477, 2.752, 311.82, 4.40, 2.749, 311.89, 4.38, 0.005, 85.62, -13.10);
insert into SHOT values (1388, 1368, 1390, 477, 1.278, 315.36, 1.39, 1.273, 315.64, 1.35, 0.008, 83.24, -7.35);
insert into SHOT values (1389, 1368, 1391, 477, 1.168, 316.46, 0.78, 1.160, 316.40, 0.49, 0.010, 145.71, -36.42);
insert into SHOT values (1390, 1368, 1392, 477, 0.282, 327.38, 2.44, 0.275, 326.89, 2.09, 0.008, 165.60, -14.89);
insert into SHOT values (1391, 1368, 1393, 477, 1.220, 94.64, 9.20, 1.219, 94.76, 8.97, 0.006, 187.95, -62.88);
insert into SHOT values (1392, 1368, 1394, 477, 1.872, 112.71, 6.41, 1.876, 112.71, 6.43, 0.004, 114.33, 13.09);
insert into SHOT values (1393, 1368, 1395, 477, 2.647, 130.16, 3.16, 2.650, 130.25, 3.03, 0.008, 178.58, -47.29);
insert into SHOT values (1394, 1368, 1396, 477, 5.247, 137.37, 3.42, 5.253, 137.40, 3.38, 0.008, 156.47, -23.34);
insert into SHOT values (1395, 1368, 1397, 477, 1.016, 156.06, 9.29, 1.020, 155.98, 9.03, 0.006, 138.70, -40.11);
insert into SHOT values (1396, 1368, 1398, 477, 0.745, 182.89, 10.52, 0.752, 182.32, 9.96, 0.012, 140.62, -28.83);
insert into SHOT values (1397, 1368, 1399, 477, 0.807, 215.36, 12.16, 0.809, 214.70, 12.14, 0.009, 135.38, 0.07);
insert into SHOT values (1398, 1368, 1400, 477, 4.273, 151.48, 7.42, 4.282, 151.44, 7.38, 0.010, 135.10, -10.54);
insert into SHOT values (1399, 1368, 1401, 477, 4.702, 145.09, 6.80, 4.707, 145.02, 6.71, 0.011, 98.52, -39.53);
insert into SHOT values (1400, 1368, 1402, 477, 4.557, 290.45, 6.63, 4.541, 290.65, 6.70, 0.023, 68.35, 9.59);
insert into SHOT values (1401, 1402, 1403, 477, 4.523, 113.04, -9.22, 4.526, 113.06, -9.28, 0.006, 149.00, -59.84);
insert into SHOT values (1402, 1402, 1404, 477, 3.805, 106.21, -8.05, 3.808, 106.18, -8.15, 0.008, 52.14, -68.00);
insert into SHOT values (1403, 1402, 1405, 477, 3.089, 100.27, -9.20, 3.091, 100.39, -9.31, 0.009, 183.66, -44.05);
insert into SHOT values (1404, 1402, 1406, 477, 2.867, 93.40, -9.60, 2.866, 93.45, -9.64, 0.004, 218.95, -32.17);
insert into SHOT values (1405, 1402, 1407, 477, 1.421, 84.52, -12.39, 1.420, 84.62, -12.61, 0.006, 211.74, -59.80);
insert into SHOT values (1406, 1402, 1408, 477, 1.301, 66.71, -13.97, 1.303, 66.68, -14.22, 0.006, 22.85, -81.33);
insert into SHOT values (1407, 1402, 1409, 477, 1.474, 37.60, -13.29, 1.466, 37.59, -13.41, 0.008, 218.89, -7.83);
insert into SHOT values (1408, 1402, 1410, 477, 2.694, 31.41, -15.24, 2.694, 31.30, -15.28, 0.005, 289.54, -20.52);
insert into SHOT values (1409, 1402, 1411, 477, 2.930, 24.06, -13.46, 2.929, 24.04, -13.62, 0.008, 222.25, -71.87);
insert into SHOT values (1410, 1402, 1412, 477, 2.384, 13.39, -10.05, 2.380, 13.32, -10.16, 0.006, 225.29, -37.82);
insert into SHOT values (1411, 1402, 1413, 477, 2.548, 7.07, -6.13, 2.545, 7.04, -6.32, 0.009, 203.94, -60.07);
insert into SHOT values (1412, 1402, 1414, 477, 3.675, 4.37, -4.23, 3.671, 4.39, -4.37, 0.010, 170.87, -63.84);
insert into SHOT values (1413, 1402, 1415, 477, 4.136, 2.00, -4.87, 4.138, 1.95, -4.99, 0.010, 290.45, -65.03);
insert into SHOT values (1414, 1402, 1416, 477, 4.614, 359.77, -4.28, 4.613, 359.75, -4.35, 0.006, 235.32, -71.19);
insert into SHOT values (1415, 1402, 1417, 477, 1.154, 211.64, 36.43, 1.152, 211.81, 36.18, 0.006, 279.20, -60.76);
insert into SHOT values (1416, 1402, 1418, 477, 2.135, 264.38, 20.59, 2.136, 264.26, 20.56, 0.004, 192.92, -10.70);
insert into SHOT values (1417, 1402, 1419, 477, 3.656, 289.92, 13.45, 3.662, 289.86, 13.42, 0.007, 257.93, -2.98);
insert into SHOT values (1418, 1402, 1420, 477, 4.518, 298.24, 10.30, 4.518, 298.18, 10.20, 0.009, 229.46, -56.56);
insert into SHOT values (1419, 1402, 1421, 477, 6.168, 303.50, 7.15, 6.174, 303.48, 7.07, 0.010, 287.31, -48.01);
insert into SHOT values (1420, 1402, 1422, 477, 3.785, 316.30, 0.39, 3.784, 316.18, 0.30, 0.010, 218.57, -35.16);
insert into SHOT values (1421, 1402, 1423, 477, 3.879, 327.29, -4.81, 3.878, 327.26, -4.88, 0.005, 207.82, -60.36);
insert into SHOT values (1422, 1402, 1424, 477, 3.021, 331.78, -6.88, 3.020, 331.73, -7.04, 0.009, 213.21, -67.82);
insert into SHOT values (1423, 1402, 1425, 477, 2.789, 335.69, -8.27, 2.787, 335.57, -8.46, 0.011, 215.79, -53.59);
insert into SHOT values (1424, 1402, 1426, 477, 2.610, 338.10, -8.59, 2.609, 337.91, -8.60, 0.009, 238.87, -1.07);
insert into SHOT values (1425, 1402, 1427, 477, 2.815, 342.90, -6.92, 2.814, 342.93, -6.94, 0.002, 120.19, -23.57);
insert into SHOT values (1426, 1402, 1428, 477, 5.406, 352.57, -0.73, 5.415, 352.68, -0.74, 0.013, 42.37, -4.84);
insert into SHOT values (1427, 1428, 1429, 477, 1.212, 142.75, -8.54, 1.212, 142.46, -8.54, 0.006, 48.08, -0.17);
insert into SHOT values (1428, 1428, 1430, 477, 0.905, 123.49, -16.77, 0.906, 122.77, -16.67, 0.011, 42.08, 5.83);
insert into SHOT values (1429, 1428, 1431, 477, 1.778, 150.08, -6.91, 1.777, 150.09, -6.79, 0.004, 248.90, 83.91);
insert into SHOT values (1430, 1428, 1432, 477, 1.427, 100.86, -16.20, 1.430, 100.49, -16.24, 0.009, 27.15, -11.53);
insert into SHOT values (1431, 1428, 1433, 477, 1.826, 86.30, -10.06, 1.832, 86.19, -10.06, 0.007, 55.52, -8.34);
insert into SHOT values (1432, 1428, 1434, 477, 1.815, 77.18, -10.57, 1.816, 77.05, -10.47, 0.005, 3.74, 35.39);
insert into SHOT values (1433, 1428, 1435, 477, 2.937, 65.61, -4.22, 2.939, 65.62, -4.10, 0.007, 78.02, 68.59);
insert into SHOT values (1434, 1428, 1436, 477, 5.838, 62.95, -4.01, 5.842, 62.95, -4.02, 0.004, 63.89, -25.29);
insert into SHOT values (1435, 1428, 1437, 477, 2.389, 184.22, -2.69, 2.389, 184.09, -2.64, 0.006, 91.06, 20.63);
insert into SHOT values (1436, 1428, 1438, 477, 1.740, 202.83, -8.19, 1.730, 202.67, -8.31, 0.011, 48.40, -10.91);
insert into SHOT values (1437, 1428, 1439, 477, 1.656, 219.28, -6.10, 1.650, 219.31, -5.91, 0.008, 28.75, 48.86);
insert into SHOT values (1438, 1428, 1440, 477, 1.758, 233.35, -8.41, 1.749, 233.46, -8.55, 0.010, 33.13, -16.61);
insert into SHOT values (1439, 1428, 1441, 477, 2.103, 253.39, -11.96, 2.098, 253.59, -11.83, 0.010, 10.57, 35.21);
insert into SHOT values (1440, 1428, 1442, 477, 4.302, 270.15, 0.45, 4.300, 270.13, 0.53, 0.007, 125.32, 69.93);
insert into SHOT values (1441, 1428, 1443, 477, 3.626, 276.25, -1.69, 3.624, 276.34, -1.74, 0.007, 28.13, -26.67);
insert into SHOT values (1442, 1428, 1444, 477, 3.400, 281.17, -4.30, 3.394, 281.24, -4.22, 0.009, 62.94, 35.31);
insert into SHOT values (1443, 1428, 1445, 477, 3.543, 290.12, -6.14, 3.539, 290.29, -6.16, 0.011, 43.13, -5.32);
insert into SHOT values (1444, 1428, 1446, 477, 4.014, 346.71, -2.38, 4.020, 346.76, -2.42, 0.008, 15.46, -24.95);
insert into SHOT values (1445, 1428, 1447, 477, 3.282, 352.19, -2.52, 3.283, 352.29, -2.44, 0.007, 73.99, 36.86);
insert into SHOT values (1446, 1428, 1448, 477, 2.950, 3.62, -1.63, 2.957, 3.69, -1.55, 0.009, 28.11, 25.99);
insert into SHOT values (1447, 1428, 1449, 477, 3.066, 15.94, -1.79, 3.071, 16.07, -1.68, 0.011, 68.24, 32.67);
insert into SHOT values (1448, 1428, 1450, 477, 3.334, 27.01, -1.62, 3.338, 27.10, -1.55, 0.008, 82.46, 33.19);
insert into SHOT values (1449, 1428, 1451, 477, 4.449, 33.90, -0.75, 4.460, 33.94, -0.77, 0.012, 48.98, -8.64);
insert into SHOT values (1450, 1428, 1452, 477, 3.929, 32.58, -10.17, 3.933, 32.66, -10.10, 0.009, 80.14, 26.09);
insert into SHOT values (1451, 1428, 1453, 477, 3.423, 31.02, -12.55, 3.432, 31.08, -12.45, 0.011, 50.70, 19.87);
insert into SHOT values (1452, 1428, 1454, 477, 3.139, 29.05, -16.47, 3.150, 29.11, -16.41, 0.012, 44.28, -0.25);
insert into SHOT values (1453, 1428, 1455, 477, 2.426, 25.04, -23.88, 2.426, 25.06, -23.83, 0.002, 80.31, 62.67);
insert into SHOT values (1454, 1428, 1456, 477, 1.949, 9.70, -34.26, 1.954, 9.99, -34.27, 0.009, 75.60, -17.62);
insert into SHOT values (1455, 1428, 1457, 477, 1.672, 353.85, -37.99, 1.672, 353.90, -38.02, 0.001, 97.47, -35.91);
insert into SHOT values (1456, 1428, 1458, 477, 1.737, 327.56, -32.77, 1.741, 327.83, -32.69, 0.008, 25.16, 1.29);
insert into SHOT values (1457, 1428, 1459, 477, 2.086, 315.95, -26.42, 2.086, 316.30, -26.48, 0.012, 50.56, -9.10);
insert into SHOT values (1458, 1428, 1460, 477, 2.439, 295.05, -23.77, 2.438, 295.19, -23.70, 0.006, 23.62, 30.00);
insert into SHOT values (1459, 1428, 1461, 477, 3.208, 306.40, -19.20, 3.201, 306.53, -19.15, 0.010, 75.58, 29.83);
insert into SHOT values (1460, 1428, 1462, 477, 3.900, 311.77, -16.08, 3.899, 311.86, -16.08, 0.006, 53.20, 2.06);
insert into SHOT values (1461, 1428, 1463, 477, 4.594, 316.96, -13.33, 4.596, 316.99, -13.34, 0.003, 18.58, -15.48);
insert into SHOT values (1462, 1428, 1464, 477, 1.625, 211.78, -41.65, 1.624, 211.86, -41.69, 0.002, 347.02, -1.53);
insert into SHOT values (1463, 1428, 1465, 477, 1.784, 187.08, -36.09, 1.782, 186.78, -36.10, 0.008, 85.23, 6.45);
insert into SHOT values (1464, 1428, 1466, 477, 2.534, 181.87, -26.59, 2.528, 181.77, -26.55, 0.008, 39.73, 34.23);
insert into SHOT values (1465, 1428, 1467, 477, 2.617, 168.18, -25.38, 2.614, 168.02, -25.37, 0.007, 53.05, 13.38);
insert into SHOT values (1466, 1428, 1468, 477, 2.477, 162.73, -24.85, 2.472, 162.62, -24.88, 0.007, 23.49, 7.79);
insert into SHOT values (1467, 1428, 1469, 477, 4.827, 315.43, -5.48, 4.830, 315.51, -5.46, 0.007, 15.82, 7.65);
insert into SHOT values (1468, 1428, 1470, 477, 7.956, 40.80, -0.79, 7.989, 40.33, -0.65, 0.076, 337.48, 14.98);
insert into SHOT values (1469, 1470, 1471, 477, 2.441, 162.92, -7.37, 2.438, 162.91, -7.54, 0.008, 346.36, -58.65);
insert into SHOT values (1470, 1470, 1472, 477, 3.259, 179.39, -4.26, 3.259, 179.29, -4.22, 0.006, 91.98, 20.98);
insert into SHOT values (1471, 1470, 1473, 477, 3.966, 190.85, -5.24, 3.966, 190.80, -5.21, 0.004, 108.82, 30.97);
insert into SHOT values (1472, 1470, 1474, 477, 4.647, 199.80, -4.47, 4.648, 199.80, -4.44, 0.002, 210.77, 60.78);
insert into SHOT values (1473, 1470, 1475, 477, 5.970, 207.44, -5.32, 5.966, 207.47, -5.39, 0.009, 352.76, -49.50);
insert into SHOT values (1474, 1470, 1476, 477, 7.565, 210.96, -2.48, 7.565, 210.98, -2.50, 0.003, 300.20, -51.39);
insert into SHOT values (1475, 1470, 1477, 477, 5.544, 226.47, -5.75, 5.546, 226.47, -5.80, 0.005, 217.50, -75.79);
insert into SHOT values (1476, 1470, 1478, 477, 4.049, 228.08, -4.46, 4.042, 228.12, -4.54, 0.009, 28.16, -33.36);
insert into SHOT values (1477, 1470, 1479, 477, 3.284, 234.59, -6.19, 3.283, 234.61, -6.30, 0.006, 29.56, -71.66);
insert into SHOT values (1478, 1470, 1480, 477, 3.115, 241.94, -5.18, 3.117, 241.95, -5.15, 0.003, 252.75, 26.60);
insert into SHOT values (1479, 1470, 1481, 477, 3.234, 252.13, -4.20, 3.235, 252.13, -4.26, 0.003, 220.89, -82.31);
insert into SHOT values (1480, 1470, 1482, 477, 4.578, 256.45, -4.40, 4.581, 256.45, -4.38, 0.003, 256.31, 25.11);
insert into SHOT values (1481, 1470, 1483, 477, 5.356, 261.59, -4.39, 5.353, 261.60, -4.39, 0.003, 71.05, -0.47);
insert into SHOT values (1482, 1470, 1484, 477, 0.946, 215.72, -87.08, 0.951, 216.87, -86.99, 0.006, 244.85, -68.50);
insert into SHOT values (1483, 1470, 1485, 477, 2.989, 166.66, -18.23, 2.989, 166.55, -18.33, 0.007, 64.50, -41.76);
insert into SHOT values (1484, 1470, 1486, 477, 2.440, 166.99, 0.99, 2.443, 166.99, 0.94, 0.004, 164.72, -34.93);
insert into SHOT values (1485, 1470, 1487, 477, 1.605, 20.57, -34.97, 1.603, 20.50, -35.01, 0.003, 237.28, -2.24);
insert into SHOT values (1486, 1470, 1488, 477, 2.227, 24.26, -3.99, 2.230, 24.15, -4.11, 0.007, 328.37, -43.03);
insert into SHOT values (1487, 1470, 1489, 477, 2.015, 25.75, 0.28, 2.022, 25.80, 0.28, 0.007, 41.80, 1.27);
insert into SHOT values (1488, 1470, 1490, 477, 4.809, 11.79, -0.88, 4.812, 11.75, -0.95, 0.007, 319.96, -57.27);
insert into SHOT values (1489, 1470, 1491, 477, 3.095, 155.75, -3.76, 3.091, 155.68, -3.90, 0.009, 15.26, -49.28);
insert into SHOT values (1490, 1470, 1492, 477, 5.206, 143.73, -1.68, 5.203, 143.68, -1.76, 0.009, 15.71, -52.19);
insert into SHOT values (1491, 1470, 1493, 477, 6.207, 139.43, -1.61, 6.208, 139.38, -1.66, 0.008, 56.96, -44.63);
insert into SHOT values (1492, 1470, 1494, 477, 1.187, 37.27, -31.76, 1.194, 36.98, -31.85, 0.009, 350.16, -36.84);
insert into SHOT values (1493, 1470, 1495, 477, 1.287, 70.10, -30.95, 1.289, 69.93, -30.80, 0.005, 26.48, 21.41);
insert into SHOT values (1494, 1470, 1496, 477, 1.708, 89.89, -19.46, 1.708, 89.64, -19.50, 0.007, 356.48, -8.05);
insert into SHOT values (1495, 1470, 1497, 477, 3.318, 92.19, -8.70, 3.320, 92.10, -8.66, 0.006, 25.61, 17.55);
insert into SHOT values (1496, 1470, 1498, 477, 3.841, 95.48, -5.74, 3.847, 95.40, -5.82, 0.010, 48.81, -37.51);
insert into SHOT values (1497, 1470, 1499, 477, 4.251, 97.50, -7.38, 4.252, 97.50, -7.43, 0.004, 42.07, -83.81);
insert into SHOT values (1498, 1470, 1500, 477, 9.696, 101.29, 3.32, 9.673, 100.38, 3.14, 0.159, 2.81, -11.47);
insert into SHOT values (1499, 1500, 1501, 477, 7.401, 197.17, -5.95, 7.406, 197.13, -5.89, 0.010, 155.68, 43.28);
insert into SHOT values (1500, 1500, 1502, 477, 6.279, 211.97, -7.18, 6.284, 211.96, -7.13, 0.007, 195.49, 41.76);
insert into SHOT values (1501, 1500, 1503, 477, 5.921, 223.68, -8.65, 5.924, 223.62, -8.64, 0.007, 157.45, 4.04);
insert into SHOT values (1502, 1500, 1504, 477, 5.965, 237.89, -8.45, 5.968, 237.87, -8.38, 0.008, 210.97, 55.83);
insert into SHOT values (1503, 1500, 1505, 477, 7.093, 254.16, -7.01, 7.092, 254.09, -6.96, 0.011, 162.53, 32.36);
insert into SHOT values (1504, 1500, 1506, 477, 8.534, 261.72, -5.33, 8.536, 261.68, -5.31, 0.007, 192.79, 22.58);
insert into SHOT values (1505, 1500, 1507, 477, 7.706, 280.32, -7.94, 7.705, 280.26, -7.91, 0.009, 190.48, 30.92);
insert into SHOT values (1506, 1500, 1508, 477, 2.890, 294.46, -22.18, 2.890, 294.27, -22.16, 0.009, 206.53, 6.46);
insert into SHOT values (1507, 1500, 1509, 477, 2.069, 246.59, -38.04, 2.063, 246.43, -38.00, 0.008, 115.81, 39.59);
insert into SHOT values (1508, 1500, 1510, 477, 2.335, 251.90, -33.57, 2.336, 251.75, -33.51, 0.006, 187.34, 11.55);
insert into SHOT values (1509, 1500, 1511, 477, 3.170, 277.95, -22.32, 3.164, 277.85, -22.29, 0.008, 142.56, 28.84);
insert into SHOT values (1510, 1500, 1512, 477, 1.896, 227.83, -40.99, 1.898, 227.54, -40.79, 0.010, 175.58, 21.44);
insert into SHOT values (1511, 1500, 1513, 477, 4.201, 276.64, -18.98, 4.202, 276.50, -18.89, 0.012, 203.32, 31.71);
insert into SHOT values (1512, 1500, 1514, 477, 5.368, 261.63, -15.40, 5.367, 261.56, -15.34, 0.009, 178.73, 39.31);
insert into SHOT values (1513, 1500, 1515, 477, 6.817, 263.63, -12.39, 6.819, 263.62, -12.36, 0.004, 244.69, 40.28);
insert into SHOT values (1514, 1500, 1516, 477, 8.004, 267.27, -9.73, 8.004, 267.24, -9.71, 0.005, 181.13, 32.01);
insert into SHOT values (1515, 1500, 1517, 477, 4.744, 261.63, -17.54, 4.739, 261.60, -17.56, 0.006, 106.89, -3.05);
insert into SHOT values (1516, 1500, 1518, 477, 5.085, 273.96, -16.04, 5.078, 273.88, -16.00, 0.011, 144.63, 28.48);
insert into SHOT values (1517, 1500, 1519, 477, 6.772, 253.87, -12.03, 6.769, 253.86, -12.02, 0.003, 90.24, 29.41);
insert into SHOT values (1518, 1500, 1520, 477, 2.928, 211.35, -26.27, 2.933, 211.34, -26.09, 0.011, 207.14, 34.29);
insert into SHOT values (1519, 1500, 1521, 477, 2.975, 202.77, -25.46, 2.978, 202.75, -25.45, 0.003, 186.43, -18.58);
insert into SHOT values (1520, 1500, 1522, 477, 7.487, 196.38, -6.61, 7.492, 196.39, -6.59, 0.006, 208.90, 19.03);
insert into SHOT values (1521, 1364, 1523, 477, 5.412, 328.73, -2.69, 5.413, 328.69, -2.65, 0.006, 259.37, 44.96);
insert into SHOT values (1522, 1364, 1524, 477, 6.258, 328.95, -4.90, 6.258, 328.91, -4.86, 0.006, 246.36, 45.61);
insert into SHOT values (1523, 1364, 1525, 477, 6.176, 329.27, -6.36, 6.181, 329.26, -6.32, 0.007, 316.92, 38.26);
insert into SHOT values (1524, 1364, 1526, 477, 3.379, 329.94, -7.29, 3.379, 329.92, -7.31, 0.002, 231.74, -40.06);
insert into SHOT values (1525, 1364, 1527, 477, 5.362, 316.39, -1.92, 5.364, 316.36, -1.92, 0.004, 266.48, -5.41);
insert into SHOT values (1526, 1364, 1528, 477, 3.680, 316.25, -3.40, 3.677, 316.21, -3.43, 0.004, 175.96, -25.59);
insert into SHOT values (1527, 1364, 1529, 477, 1.307, 325.48, 51.86, 1.312, 325.53, 51.73, 0.006, 332.37, 20.12);
insert into SHOT values (1528, 1364, 1530, 477, 1.768, 321.58, 31.78, 1.767, 321.76, 31.76, 0.005, 57.89, -13.68);
insert into SHOT values (1529, 1364, 1531, 477, 2.711, 320.64, 17.05, 2.704, 320.65, 16.98, 0.007, 137.03, -41.93);
insert into SHOT values (1530, 1364, 1532, 477, 3.812, 321.06, 9.83, 3.810, 321.05, 9.82, 0.002, 156.18, -26.33);
insert into SHOT values (1531, 1364, 1533, 477, 4.788, 322.07, -0.67, 4.789, 322.13, -0.72, 0.006, 38.91, -40.70);
insert into SURVEY values (479, 21, 'BmlEntrance2', 'BmlEntrance2.ballymaglancy.Cong', NULL);
 insert into CENTRELINE values (480, 479, NULL, NULL, NULL, 0.00, 0.00, 0.00);
 insert into SCRAPS values (481, 479, 'BmlEntrance2SP1', 1, 6.22847, 1.01399);
 insert into SCRAPS values (494, 479, 'BmlEntrance2SP2', 1, 18.30457, 0.54729);
 insert into MAPS values (509, 479, 'BmlEntrance2M', NULL, 1, 86.437, -1.290);
 insert into MAPITEMS values (509, 4, 481);
 insert into MAPITEMS values (509, 4, 494);
 insert into CENTRELINE values (510, 479, NULL, '2012-06-23', NULL, 86.44, 0.00, 0.00);
 insert into TOPO values (1, 510);
 insert into PERSON values (6, 'Simon', 'Hadfield');
insert into TOPO values (6, 510);
 insert into TOPO values (4, 510);
 insert into TOPO values (5, 510);
 insert into SHOT values (1532, 1534, 1535, 510, 6.229, 138.45, -1.62, 6.229, 138.45, -1.66, 0.004, 134.59, -86.38);
insert into SHOT values (1533, 1534, 1536, 510, 2.934, 157.76, -3.69, 2.935, 157.73, -3.71, 0.002, 86.52, -32.30);
insert into SHOT values (1534, 1534, 1537, 510, 2.480, 166.58, -2.82, 2.482, 166.47, -2.77, 0.006, 96.99, 21.20);
insert into SHOT values (1535, 1534, 1538, 510, 3.854, 187.42, -4.87, 3.856, 187.33, -4.91, 0.007, 109.20, -24.03);
insert into SHOT values (1536, 1534, 1539, 510, 4.617, 200.82, -5.13, 4.618, 200.76, -5.22, 0.009, 111.61, -55.89);
insert into SHOT values (1537, 1534, 1540, 510, 6.196, 210.09, -5.95, 6.195, 210.10, -6.02, 0.008, 353.28, -74.66);
insert into SHOT values (1538, 1534, 1541, 510, 7.267, 217.87, -6.49, 7.265, 217.85, -6.48, 0.003, 94.68, 29.08);
insert into SHOT values (1539, 1534, 1542, 510, 5.534, 225.47, -7.94, 5.534, 225.52, -8.00, 0.007, 323.70, -50.83);
insert into SHOT values (1540, 1534, 1543, 510, 4.063, 229.58, -6.49, 4.062, 229.52, -6.50, 0.004, 126.47, -10.13);
insert into SHOT values (1541, 1534, 1544, 510, 3.307, 235.47, -6.30, 3.308, 235.54, -6.42, 0.008, 327.49, -62.05);
insert into SHOT values (1542, 1534, 1545, 510, 3.848, 249.16, -9.00, 3.845, 249.18, -8.98, 0.003, 43.98, 34.31);
insert into SHOT values (1543, 1534, 1546, 510, 5.210, 259.84, -6.25, 5.212, 259.88, -6.28, 0.005, 328.29, -34.20);
insert into SHOT values (1544, 1534, 1547, 510, 6.180, 264.07, -5.19, 6.178, 264.12, -5.20, 0.006, 16.70, -9.07);
insert into SHOT values (1545, 1534, 1548, 510, 6.187, 264.08, -5.26, 6.189, 264.13, -5.28, 0.006, 340.47, -26.22);
insert into SHOT values (1546, 1534, 1549, 510, 2.936, 79.74, 7.65, 2.943, 79.73, 7.62, 0.007, 75.34, -7.00);
insert into SHOT values (1547, 1534, 1550, 510, 2.418, 65.88, 6.48, 2.414, 65.89, 6.42, 0.004, 237.63, -41.04);
insert into SHOT values (1548, 1534, 1551, 510, 2.226, 44.73, 7.69, 2.227, 44.63, 7.74, 0.004, 318.29, 29.43);
insert into SHOT values (1549, 1534, 1552, 510, 2.007, 34.49, 4.49, 2.011, 34.64, 4.28, 0.010, 82.89, -45.34);
insert into SHOT values (1550, 1534, 1553, 510, 1.894, 11.86, 1.97, 1.892, 11.90, 1.82, 0.006, 158.92, -62.62);
insert into SHOT values (1551, 1534, 1554, 510, 1.931, 346.04, 1.45, 1.936, 346.25, 1.48, 0.009, 40.56, 7.43);
insert into SHOT values (1552, 1534, 1555, 510, 3.804, 327.77, -5.75, 3.803, 327.74, -5.73, 0.003, 221.56, 26.28);
insert into SHOT values (1553, 1534, 1556, 510, 5.381, 319.89, -6.21, 5.376, 319.93, -6.19, 0.007, 101.80, 17.74);
insert into SHOT values (1554, 1534, 1557, 510, 9.518, 273.86, -4.51, 9.515, 273.63, -4.22, 0.062, 184.42, 51.17);
insert into SHOT values (1555, 1557, 1558, 510, 5.321, 150.25, -2.39, 5.317, 150.20, -2.48, 0.010, 19.19, -53.34);
insert into SHOT values (1556, 1557, 1559, 510, 4.553, 142.53, -2.48, 4.555, 142.50, -2.52, 0.004, 85.24, -46.39);
insert into SHOT values (1557, 1557, 1560, 510, 3.063, 127.09, -1.38, 3.065, 126.91, -1.50, 0.012, 47.91, -31.98);
insert into SHOT values (1558, 1557, 1561, 510, 3.403, 113.31, -0.17, 3.405, 113.18, -0.17, 0.008, 35.91, 0.68);
insert into SHOT values (1559, 1557, 1562, 510, 4.145, 108.13, 2.16, 4.149, 108.13, 2.07, 0.007, 106.31, -58.92);
insert into SHOT values (1560, 1557, 1563, 510, 5.213, 103.96, -0.85, 5.213, 103.88, -0.88, 0.008, 11.57, -19.14);
insert into SHOT values (1561, 1557, 1564, 510, 3.626, 105.40, 12.75, 3.627, 105.41, 12.74, 0.001, 153.36, -15.60);
insert into SHOT values (1562, 1557, 1565, 510, 4.221, 120.11, 11.49, 4.220, 120.04, 11.48, 0.005, 19.03, -8.51);
insert into SHOT values (1563, 1557, 1566, 510, 4.592, 125.61, 10.83, 4.591, 125.52, 10.80, 0.008, 27.61, -21.99);
insert into SHOT values (1564, 1557, 1567, 510, 4.523, 131.18, 9.62, 4.521, 131.09, 9.55, 0.009, 30.68, -38.95);
insert into SHOT values (1565, 1557, 1568, 510, 2.990, 164.74, 6.53, 2.984, 164.74, 6.54, 0.006, 342.71, -0.31);
insert into SHOT values (1566, 1557, 1569, 510, 3.434, 190.21, 4.48, 3.433, 190.10, 4.34, 0.011, 95.91, -49.97);
insert into SHOT values (1567, 1557, 1570, 510, 3.883, 203.17, 3.13, 3.877, 203.12, 3.11, 0.007, 51.32, -15.79);
insert into SHOT values (1568, 1557, 1571, 510, 4.135, 211.03, 4.86, 4.133, 210.99, 4.86, 0.004, 82.62, -4.67);
insert into SHOT values (1569, 1557, 1572, 510, 4.425, 211.59, 2.58, 4.417, 211.56, 2.59, 0.008, 46.16, 5.89);
insert into SHOT values (1570, 1557, 1573, 510, 4.169, 227.99, 2.92, 4.162, 228.02, 2.89, 0.008, 29.66, -17.65);
insert into SHOT values (1571, 1557, 1574, 510, 2.843, 172.16, 4.80, 2.836, 172.07, 4.65, 0.011, 28.70, -46.59);
insert into SHOT values (1572, 1557, 1575, 510, 3.254, 161.79, 3.42, 3.250, 161.68, 3.35, 0.009, 41.90, -28.95);
insert into SHOT values (1573, 1557, 1576, 510, 3.839, 157.61, 0.04, 3.842, 157.51, 0.00, 0.008, 92.93, -19.09);
insert into SHOT values (1574, 1557, 1577, 510, 1.821, 42.46, 25.09, 1.826, 42.55, 24.94, 0.008, 63.42, -16.29);
insert into SHOT values (1575, 1557, 1578, 510, 1.801, 349.62, 21.64, 1.802, 349.70, 21.48, 0.006, 25.76, -48.38);
insert into SHOT values (1576, 1557, 1579, 510, 2.238, 308.28, 17.29, 2.235, 308.53, 17.18, 0.011, 50.19, -28.10);
insert into SHOT values (1577, 1557, 1580, 510, 2.571, 298.88, 16.77, 2.566, 298.96, 16.76, 0.006, 79.17, -17.95);
insert into SHOT values (1578, 1557, 1581, 510, 4.953, 149.74, 1.10, 4.949, 149.65, 1.04, 0.010, 31.76, -30.35);
insert into SHOT values (1579, 1557, 1582, 510, 8.035, 147.19, 5.61, 7.992, 147.27, 5.67, 0.045, 313.23, 5.73);
insert into SHOT values (1580, 1557, 1583, 510, 2.208, 251.71, 17.56, 2.210, 251.48, 17.38, 0.011, 187.48, -33.07);
insert into SHOT values (1581, 1583, 1584, 510, 2.308, 34.07, -0.82, 2.305, 34.03, -0.75, 0.004, 240.19, 42.75);
insert into SHOT values (1582, 1583, 1585, 510, 2.365, 344.48, -2.96, 2.368, 344.55, -2.90, 0.005, 24.48, 24.39);
insert into SHOT values (1583, 1583, 1586, 510, 2.960, 272.63, -20.74, 2.952, 272.70, -20.63, 0.010, 60.77, 53.71);
insert into SHOT values (1584, 1583, 1587, 510, 2.197, 282.05, -30.89, 2.191, 282.26, -30.74, 0.011, 30.90, 46.81);
insert into SHOT values (1585, 1583, 1588, 510, 0.907, 311.23, -61.75, 0.909, 312.18, -61.64, 0.008, 22.08, -7.72);
insert into SHOT values (1586, 1583, 1589, 510, 0.992, 54.76, -42.31, 0.990, 54.37, -41.80, 0.010, 7.08, 48.88);
insert into SHOT values (1587, 1583, 1590, 510, 1.798, 76.14, -20.79, 1.795, 75.88, -20.55, 0.011, 344.85, 47.07);
insert into SHOT values (1588, 1583, 1591, 510, 3.205, 240.94, -2.65, 3.203, 241.03, -2.50, 0.010, 343.98, 57.28);
insert into SHOT values (1589, 1583, 1592, 510, 4.607, 259.83, -5.29, 4.601, 259.82, -5.24, 0.007, 90.67, 41.81);
insert into SHOT values (1590, 1583, 1593, 510, 6.531, 271.01, -2.11, 6.526, 271.05, -2.11, 0.007, 48.71, 3.55);
insert into SHOT values (1591, 1583, 1594, 510, 2.710, 254.93, -3.66, 2.708, 254.99, -3.60, 0.005, 25.18, 40.89);
insert into SHOT values (1592, 1583, 1595, 510, 3.715, 267.47, -1.94, 3.715, 267.53, -1.85, 0.007, 349.03, 55.75);
insert into SHOT values (1593, 1583, 1596, 510, 5.896, 283.35, -4.08, 5.889, 283.18, -3.99, 0.020, 173.27, 27.66);
insert into SHOT values (1594, 1596, 1597, 510, 3.622, 59.53, 1.50, 3.618, 59.61, 1.43, 0.008, 186.98, -38.51);
insert into SHOT values (1595, 1596, 1598, 510, 4.581, 74.76, 1.56, 4.582, 74.81, 1.50, 0.006, 154.89, -49.25);
insert into SHOT values (1596, 1596, 1599, 510, 4.990, 41.99, 4.17, 4.991, 41.99, 4.14, 0.003, 26.04, -69.04);
insert into SHOT values (1597, 1596, 1600, 510, 5.715, 29.29, 5.35, 5.715, 29.36, 5.32, 0.007, 112.99, -23.13);
insert into SHOT values (1598, 1596, 1601, 510, 0.350, 24.28, 81.40, 0.343, 26.57, 82.51, 0.010, 191.17, -37.67);
insert into SHOT values (1599, 1596, 1602, 510, 2.795, 171.12, 14.52, 2.802, 171.09, 14.47, 0.007, 160.59, -6.08);
insert into SHOT values (1600, 1596, 1603, 510, 1.685, 219.08, 13.35, 1.689, 218.82, 13.35, 0.008, 154.26, 6.54);
insert into SHOT values (1601, 1596, 1604, 510, 1.939, 270.16, 5.54, 1.938, 270.00, 5.33, 0.009, 180.68, -53.04);
insert into SHOT values (1602, 1596, 1605, 510, 2.032, 300.01, 5.22, 2.029, 299.99, 5.09, 0.006, 132.86, -57.48);
insert into SHOT values (1603, 1596, 1606, 510, 2.295, 314.11, 4.12, 2.290, 314.11, 4.01, 0.007, 132.95, -45.26);
insert into SHOT values (1604, 1596, 1607, 510, 1.017, 55.14, -44.90, 1.017, 55.20, -45.06, 0.003, 212.59, -45.80);
insert into SHOT values (1605, 1596, 1608, 510, 1.436, 20.24, -29.09, 1.433, 20.61, -29.25, 0.010, 141.49, -11.06);
insert into SHOT values (1606, 1596, 1609, 510, 2.419, 7.90, -16.03, 2.417, 7.92, -16.09, 0.004, 171.64, -34.76);
insert into SHOT values (1607, 1596, 1610, 510, 1.737, 355.93, -9.88, 1.730, 355.96, -9.98, 0.007, 168.29, -15.46);
insert into SHOT values (1608, 1596, 1611, 510, 4.592, 357.21, -9.10, 4.594, 357.22, -9.14, 0.004, 29.15, -70.32);
insert into SHOT values (1609, 1596, 1612, 510, 4.426, 1.85, -9.45, 4.423, 1.84, -9.50, 0.005, 195.24, -41.11);
insert into SHOT values (1610, 1596, 1613, 510, 4.026, 6.37, -10.38, 4.021, 6.39, -10.46, 0.007, 174.10, -39.04);
insert into SHOT values (1611, 1596, 1614, 510, 3.447, 14.43, -12.28, 3.447, 14.45, -12.40, 0.007, 161.26, -73.96);
insert into SHOT values (1612, 1596, 1615, 510, 2.856, 26.26, -14.29, 2.858, 26.38, -14.39, 0.008, 110.03, -41.09);
insert into SHOT values (1613, 1596, 1616, 510, 2.138, 38.83, -19.42, 2.141, 38.97, -19.37, 0.006, 97.51, 8.55);
insert into SHOT values (1614, 1596, 1617, 510, 1.954, 57.06, -20.17, 1.953, 57.26, -20.38, 0.010, 174.70, -40.32);
insert into SHOT values (1615, 1596, 1618, 510, 10.132, 359.84, 0.40, 10.110, 359.89, 0.40, 0.023, 159.37, -1.81);
insert into SHOT values (1616, 1618, 1619, 510, 0.261, 254.34, -37.52, 0.257, 253.30, -35.69, 0.010, 189.28, 64.99);
insert into SHOT values (1617, 1618, 1620, 510, 0.456, 255.93, -18.14, 0.456, 255.32, -17.87, 0.005, 175.86, 22.88);
insert into SHOT values (1618, 1618, 1621, 510, 0.728, 258.24, -9.64, 0.726, 257.91, -9.52, 0.005, 144.52, 22.63);
insert into SHOT values (1619, 1618, 1622, 510, 1.484, 258.32, -1.27, 1.483, 257.93, -1.16, 0.010, 163.19, 15.98);
insert into SHOT values (1620, 1618, 1623, 510, 1.082, 256.21, 19.72, 1.086, 255.83, 19.92, 0.009, 186.41, 34.01);
insert into SHOT values (1621, 1618, 1624, 510, 0.811, 255.07, 40.16, 0.816, 255.07, 40.48, 0.007, 253.96, 80.52);
insert into SHOT values (1622, 1618, 1625, 510, 0.659, 250.81, 61.16, 0.662, 249.86, 61.15, 0.006, 177.75, 26.36);
insert into SHOT values (1623, 1618, 1626, 510, 0.655, 265.76, 85.88, 0.662, 258.69, 85.58, 0.010, 205.21, 42.88);
insert into SHOT values (1624, 1618, 1627, 510, 0.772, 82.73, 77.26, 0.779, 83.29, 77.31, 0.007, 143.97, 74.78);
insert into SHOT values (1625, 1618, 1628, 510, 0.928, 81.32, 56.18, 0.935, 82.18, 56.58, 0.012, 184.29, 48.57);
insert into SHOT values (1626, 1618, 1629, 510, 1.415, 79.30, 33.36, 1.414, 79.74, 33.49, 0.010, 187.90, 11.27);
insert into SHOT values (1627, 1618, 1630, 510, 2.193, 78.52, 20.44, 2.198, 78.80, 20.50, 0.012, 145.40, 20.86);
insert into SHOT values (1628, 1618, 1631, 510, 3.391, 84.37, 12.78, 3.390, 84.44, 12.78, 0.005, 193.39, -1.48);
insert into SHOT values (1629, 1618, 1632, 510, 4.247, 86.80, 4.31, 4.248, 86.89, 4.32, 0.007, 165.77, 7.18);
insert into SHOT values (1630, 1618, 1633, 510, 4.309, 87.43, 3.47, 4.313, 87.47, 3.59, 0.010, 131.08, 65.05);
insert into SHOT values (1631, 1618, 1634, 510, 1.316, 88.34, -4.23, 1.313, 88.69, -3.93, 0.011, 193.12, 40.70);
insert into SHOT values (1632, 1618, 1635, 510, 0.600, 87.22, -23.69, 0.600, 87.92, -23.56, 0.007, 169.70, 9.03);
insert into SHOT values (1633, 1618, 1636, 510, 0.192, 91.18, -52.53, 0.192, 94.76, -51.24, 0.009, 157.00, 16.13);
insert into SHOT values (1634, 1618, 1637, 510, 5.696, 147.03, 4.04, 5.698, 147.06, 4.13, 0.009, 212.49, 66.79);
insert into SHOT values (1635, 1618, 1638, 510, 5.672, 132.03, 6.33, 5.678, 132.06, 6.37, 0.008, 155.04, 36.95);
insert into SHOT values (1636, 1618, 1639, 510, 4.983, 113.92, 6.04, 4.984, 113.93, 6.10, 0.006, 159.09, 81.92);
insert into SHOT values (1637, 1618, 1640, 510, 4.626, 93.93, 4.76, 4.628, 93.98, 4.83, 0.007, 168.66, 56.43);
insert into SHOT values (1638, 1618, 1641, 510, 4.049, 77.77, 3.55, 4.048, 77.86, 3.54, 0.006, 175.50, -6.71);
insert into SHOT values (1639, 1618, 1642, 510, 3.854, 54.21, 2.93, 3.852, 54.20, 2.98, 0.004, 247.54, 51.91);
insert into SHOT values (1640, 1618, 1643, 510, 5.053, 32.21, 2.02, 5.050, 32.21, 2.04, 0.004, 213.33, 30.74);
insert into SHOT values (1641, 1618, 1644, 510, 1.781, 316.03, 6.09, 1.778, 315.92, 6.13, 0.005, 185.96, 12.90);
insert into SHOT values (1642, 1618, 1645, 510, 1.596, 272.71, 0.22, 1.592, 272.52, 0.36, 0.008, 142.51, 29.28);
insert into SHOT values (1643, 1618, 1646, 510, 2.301, 215.31, 0.37, 2.303, 215.28, 0.50, 0.006, 180.67, 65.39);
insert into SHOT values (1644, 1618, 1647, 510, 3.439, 203.24, -0.12, 3.440, 203.29, 0.00, 0.008, 268.80, 67.43);
insert into SHOT values (1645, 1618, 1648, 510, 6.554, 198.94, 0.20, 6.556, 198.96, 0.26, 0.008, 251.24, 68.49);
insert into SHOT values (1646, 1618, 1649, 510, 1.874, 353.53, -9.62, 1.868, 353.45, -9.55, 0.007, 197.22, 27.23);
insert into SHOT values (1647, 1618, 1650, 510, 3.387, 323.71, 3.94, 3.385, 323.67, 4.07, 0.008, 181.55, 63.66);
insert into SHOT values (1648, 1618, 1651, 510, 11.568, 353.80, 1.86, 11.543, 353.83, 1.94, 0.030, 160.62, 29.44);
insert into SHOT values (1649, 1651, 1652, 510, 3.627, 171.75, -11.06, 3.635, 171.78, -11.10, 0.008, 185.87, -30.18);
insert into SHOT values (1650, 1651, 1653, 510, 6.246, 166.84, -6.80, 6.246, 166.86, -6.80, 0.002, 247.82, -11.97);
insert into SHOT values (1651, 1651, 1654, 510, 10.022, 166.11, -4.18, 10.029, 166.12, -4.17, 0.007, 174.66, 4.16);
insert into SHOT values (1652, 1651, 1655, 510, 4.798, 129.41, -6.75, 4.800, 129.47, -6.70, 0.006, 194.75, 37.41);
insert into SHOT values (1653, 1651, 1656, 510, 6.298, 127.75, -6.47, 6.297, 127.86, -6.47, 0.012, 222.43, -1.56);
insert into SHOT values (1654, 1651, 1657, 510, 9.292, 121.14, -4.18, 9.294, 121.19, -4.20, 0.008, 193.98, -19.27);
insert into SHOT values (1655, 1651, 1658, 510, 3.088, 225.98, 0.28, 3.090, 225.92, 0.19, 0.007, 172.21, -50.41);
insert into SHOT values (1656, 1651, 1659, 510, 6.055, 216.10, -0.18, 6.063, 216.08, -0.19, 0.008, 197.18, -6.93);
insert into SHOT values (1657, 1651, 1660, 510, 6.004, 184.08, -1.57, 6.008, 184.11, -1.62, 0.007, 219.99, -50.54);
insert into SHOT values (1658, 1651, 1661, 510, 2.149, 283.51, -22.78, 2.151, 283.41, -22.70, 0.005, 230.00, 24.74);
insert into SHOT values (1659, 1651, 1662, 510, 4.495, 265.73, -1.52, 4.494, 265.66, -1.53, 0.006, 170.18, -7.83);
insert into SHOT values (1660, 1651, 1663, 510, 4.733, 276.64, -1.60, 4.733, 276.55, -1.57, 0.007, 184.71, 16.77);
insert into SHOT values (1661, 1651, 1664, 510, 4.375, 289.12, -2.52, 4.375, 289.10, -2.49, 0.003, 192.16, 53.88);
insert into SHOT values (1662, 1651, 1665, 510, 6.330, 301.11, -0.99, 6.331, 301.10, -1.00, 0.001, 261.92, -26.60);
insert into SHOT values (1663, 1651, 1666, 510, 6.388, 306.19, -0.62, 6.391, 306.15, -0.63, 0.005, 250.29, -9.70);
insert into SHOT values (1664, 1651, 1667, 510, 2.903, 312.47, -28.11, 2.900, 312.30, -28.20, 0.009, 188.03, -13.74);
insert into SHOT values (1665, 1651, 1668, 510, 3.864, 330.09, -20.17, 3.861, 330.04, -20.15, 0.005, 200.13, 28.89);
insert into SHOT values (1666, 1651, 1669, 510, 4.537, 331.16, -17.06, 4.541, 331.07, -17.03, 0.008, 274.19, 7.48);
insert into SHOT values (1667, 1651, 1670, 510, 5.685, 313.00, -4.40, 5.670, 312.78, -4.35, 0.027, 190.02, 13.21);
insert into SHOT values (1668, 1651, 1671, 510, 1.377, 69.50, -87.92, 1.381, 75.96, -88.29, 0.011, 222.24, -21.08);
insert into SHOT values (1669, 1651, 1672, 510, 1.036, 212.64, -41.03, 1.037, 212.47, -41.00, 0.002, 141.22, 2.03);
insert into SHOT values (1670, 1557, 1673, 510, 7.975, 26.11, -0.60, 7.970, 26.53, -0.43, 0.063, 121.39, 21.74);
insert into SHOT values (1671, 1673, 1674, 510, 0.233, 305.57, -25.15, 0.231, 305.22, -25.67, 0.003, 149.96, -17.47);
insert into SHOT values (1672, 1673, 1675, 510, 1.603, 303.90, -16.12, 1.606, 303.90, -16.27, 0.005, 300.60, -66.85);
insert into SHOT values (1673, 1673, 1676, 510, 2.046, 304.21, -13.51, 2.043, 304.33, -13.59, 0.006, 73.90, -20.60);
insert into SHOT values (1674, 1673, 1677, 510, 3.436, 307.09, -4.76, 3.432, 307.04, -4.85, 0.007, 164.63, -43.05);
insert into SHOT values (1675, 1673, 1678, 510, 3.369, 307.89, -2.67, 3.368, 307.76, -2.72, 0.009, 211.06, -20.95);
insert into SHOT values (1676, 1673, 1679, 510, 3.376, 307.64, -1.12, 3.373, 307.65, -1.19, 0.005, 115.84, -52.24);
insert into SHOT values (1677, 1673, 1680, 510, 2.011, 306.36, 3.71, 2.014, 306.30, 3.70, 0.004, 273.56, -1.81);
insert into SHOT values (1678, 1673, 1681, 510, 1.679, 302.56, 11.40, 1.678, 302.34, 11.34, 0.007, 205.94, -16.15);
insert into SHOT values (1679, 1673, 1682, 510, 1.017, 297.27, 25.45, 1.017, 297.12, 25.02, 0.008, 258.49, -61.38);
insert into SHOT values (1680, 1673, 1683, 510, 0.756, 294.92, 59.30, 0.755, 294.57, 59.37, 0.003, 179.27, -1.05);
insert into SHOT values (1681, 1673, 1684, 510, 0.693, 245.44, 85.24, 0.692, 239.04, 85.17, 0.007, 159.30, -5.34);
insert into SHOT values (1682, 1673, 1685, 510, 0.537, 105.33, 69.17, 0.534, 105.52, 69.51, 0.005, 276.67, -24.42);
insert into SHOT values (1683, 1673, 1686, 510, 4.244, 278.87, -4.92, 4.246, 278.84, -5.00, 0.007, 227.43, -63.45);
insert into SHOT values (1684, 1673, 1687, 510, 7.176, 211.40, 0.22, 7.181, 211.39, 0.16, 0.009, 193.37, -55.73);
insert into SHOT values (1685, 1673, 1688, 510, 7.012, 231.01, -3.61, 7.017, 230.97, -3.68, 0.011, 185.29, -50.48);
insert into SHOT values (1686, 1673, 1689, 510, 9.144, 187.82, -0.44, 9.145, 187.79, -0.44, 0.004, 107.35, 2.85);
insert into SHOT values (1687, 1673, 1690, 510, 2.348, 189.62, 3.91, 2.348, 189.58, 3.91, 0.002, 105.38, -4.01);
insert into SHOT values (1688, 1673, 1691, 510, 0.580, 37.60, 5.74, 0.572, 37.87, 5.01, 0.011, 196.33, -46.79);
insert into SHOT values (1689, 1673, 1692, 510, 2.380, 34.57, 13.31, 2.370, 34.59, 13.17, 0.011, 210.49, -43.82);
insert into SHOT values (1690, 1673, 1693, 510, 4.431, 331.19, -3.97, 4.428, 331.17, -4.01, 0.005, 177.20, -44.72);
insert into SHOT values (1691, 1673, 1694, 510, 5.280, 340.19, -4.89, 5.280, 340.22, -4.89, 0.003, 79.56, 1.65);
insert into SHOT values (1692, 1673, 1695, 510, 5.923, 347.03, -4.28, 5.919, 346.98, -4.36, 0.011, 217.21, -47.51);
insert into SHOT values (1693, 1673, 1696, 510, 6.696, 352.61, -2.62, 6.693, 352.61, -2.65, 0.005, 175.38, -48.52);
insert into SHOT values (1694, 1673, 1697, 510, 4.503, 13.15, 6.30, 4.481, 13.51, 6.41, 0.036, 142.65, 9.32);
insert into SHOT values (1695, 1697, 1698, 510, 3.199, 164.49, -7.49, 3.191, 164.60, -7.56, 0.011, 307.49, -16.38);
insert into SHOT values (1696, 1697, 1699, 510, 3.077, 175.76, -7.83, 3.077, 175.86, -7.85, 0.005, 269.70, -8.59);
insert into SHOT values (1697, 1697, 1700, 510, 3.650, 185.20, -6.23, 3.647, 185.22, -6.30, 0.005, 342.55, -46.71);
insert into SHOT values (1698, 1697, 1701, 510, 4.320, 192.46, -6.38, 4.319, 192.51, -6.38, 0.004, 300.10, 0.64);
insert into SHOT values (1699, 1697, 1702, 510, 4.958, 144.42, 1.13, 4.954, 144.45, 1.16, 0.005, 291.21, 26.54);
insert into SHOT values (1700, 1697, 1703, 510, 6.949, 136.06, 0.68, 6.945, 136.05, 0.66, 0.005, 335.86, -33.17);
insert into SHOT values (1701, 1697, 1704, 510, 3.527, 94.40, -0.44, 3.551, 94.52, -0.32, 0.026, 111.76, 15.64);
insert into SHOT values (1702, 1704, 1705, 510, 6.436, 277.81, -8.43, 6.437, 277.76, -8.40, 0.007, 206.56, 31.21);
insert into SHOT values (1703, 1704, 1706, 510, 6.206, 286.56, -8.11, 6.207, 286.55, -8.15, 0.005, 217.46, -71.29);
insert into SHOT values (1704, 1704, 1707, 510, 6.760, 262.93, -7.25, 6.765, 262.90, -7.22, 0.008, 226.94, 24.30);
insert into SHOT values (1705, 1704, 1708, 510, 6.731, 301.13, -7.54, 6.729, 301.14, -7.51, 0.004, 83.29, 59.98);
insert into SHOT values (1706, 1704, 1709, 510, 7.559, 305.50, -4.36, 7.558, 305.44, -4.33, 0.009, 209.85, 30.34);
insert into SHOT values (1707, 1704, 1710, 510, 10.486, 146.81, 1.78, 10.521, 146.72, 1.96, 0.051, 120.00, 42.28);
insert into SHOT values (1708, 1710, 1711, 510, 6.904, 133.09, 3.60, 6.941, 133.07, 3.72, 0.040, 129.02, 24.48);
insert into SURVEY values (512, 21, 'BmlStreamSplit1', 'BmlStreamSplit1.ballymaglancy.Cong', NULL);
 insert into CENTRELINE values (513, 512, NULL, NULL, NULL, 0.00, 0.00, 0.00);
 insert into SCRAPS values (514, 512, 'BmlStreamSplit1SP1', 1, 3.20555, 0.53095);
 insert into SCRAPS values (539, 512, 'BmlStreamSplit1SP2', 1, 1.61122, 0.56481);
 insert into SCRAPS values (544, 512, 'BmlStreamSplit1SP3', 1, 0.00000, 0.00000);
 insert into MAPS values (547, 512, 'BmlStreamSplit1M', NULL, 1, 35.771, -3.050);
 insert into MAPITEMS values (547, 4, 514);
 insert into MAPITEMS values (547, 4, 539);
 insert into MAPITEMS values (547, 4, 544);
 insert into CENTRELINE values (548, 512, NULL, '2012-06-23', NULL, 35.77, 0.00, 0.00);
 insert into TOPO values (1, 548);
 insert into TOPO values (6, 548);
 insert into TOPO values (4, 548);
 insert into TOPO values (5, 548);
 insert into SHOT values (1709, 1712, 1713, 548, 2.084, 74.94, -32.77, 2.082, 75.09, -32.87, 0.006, 202.14, -19.28);
insert into SHOT values (1710, 1712, 1714, 548, 1.616, 81.38, -53.69, 1.610, 81.53, -53.83, 0.007, 240.83, 17.54);
insert into SHOT values (1711, 1714, 1715, 548, 2.645, 49.59, 11.94, 2.677, 49.94, 11.20, 0.050, 72.49, -33.25);
insert into SHOT values (1712, 1715, 1716, 548, 1.000, 322.69, -2.35, 1.007, 322.67, -2.28, 0.007, 320.32, 8.30);
insert into SHOT values (1713, 1715, 1717, 548, 1.216, 220.76, -83.59, 1.217, 221.99, -83.66, 0.004, 334.25, -27.03);
insert into SHOT values (1714, 1715, 1718, 548, 1.237, 156.20, 1.95, 1.237, 156.13, 2.32, 0.008, 44.02, 78.51);
insert into SHOT values (1715, 1715, 1719, 548, 2.386, 254.59, -11.34, 2.390, 254.66, -11.34, 0.005, 289.04, -9.63);
insert into SHOT values (1716, 1715, 1720, 548, 0.593, 298.39, -48.93, 0.588, 299.20, -48.48, 0.009, 29.87, 52.18);
insert into SHOT values (1717, 1715, 1721, 548, 0.750, 53.16, -31.67, 0.746, 53.31, -31.52, 0.005, 197.49, 52.93);
insert into SHOT values (1718, 1715, 1722, 548, 1.200, 212.07, -20.64, 1.200, 212.28, -20.50, 0.005, 293.21, 36.35);
insert into SHOT values (1719, 1715, 1723, 548, 0.760, 166.87, -42.88, 0.752, 167.47, -42.67, 0.010, 289.91, 45.97);
insert into SHOT values (1720, 1715, 1724, 548, 0.886, 120.34, -43.27, 0.875, 120.19, -43.32, 0.012, 310.98, 39.15);
insert into SHOT values (1721, 1715, 1725, 548, 1.353, 84.63, -34.21, 1.350, 84.34, -34.27, 0.007, 322.96, 5.97);
insert into SHOT values (1722, 1715, 1726, 548, 2.825, 58.18, -5.36, 2.879, 58.42, -5.78, 0.059, 71.19, -26.28);
insert into SHOT values (1723, 1726, 1727, 548, 0.966, 215.35, -23.56, 0.970, 215.84, -23.71, 0.009, 286.10, -25.89);
insert into SHOT values (1724, 1726, 1728, 548, 1.874, 242.87, -12.39, 1.872, 243.01, -12.34, 0.005, 347.58, 23.78);
insert into SHOT values (1725, 1726, 1729, 548, 0.792, 291.92, -28.10, 0.792, 291.80, -27.86, 0.004, 246.29, 56.17);
insert into SHOT values (1726, 1726, 1730, 548, 0.909, 279.80, -89.22, 0.910, 270.00, -88.74, 0.008, 254.90, -7.64);
insert into SHOT values (1727, 1726, 1731, 548, 1.110, 352.25, -31.33, 1.112, 352.13, -31.43, 0.004, 283.37, -52.05);
insert into SHOT values (1728, 1726, 1732, 548, 1.563, 9.95, -24.41, 1.562, 9.73, -24.59, 0.007, 252.49, -33.14);
insert into SHOT values (1729, 1726, 1733, 548, 2.590, 11.16, -10.14, 2.616, 11.44, -10.57, 0.035, 41.48, -43.94);
insert into SHOT values (1730, 1733, 1734, 548, 1.194, 287.45, 16.09, 1.189, 287.32, 16.12, 0.006, 132.35, -8.67);
insert into SHOT values (1731, 1733, 1735, 548, 0.428, 286.04, 55.06, 0.423, 284.62, 55.82, 0.010, 144.19, -5.12);
insert into SHOT values (1732, 1733, 1736, 548, 0.339, 116.72, 84.07, 0.342, 123.69, 83.95, 0.005, 196.79, 32.36);
insert into SHOT values (1733, 1733, 1737, 548, 0.379, 119.75, 73.53, 0.378, 120.96, 72.05, 0.010, 134.86, -20.01);
insert into SHOT values (1734, 1733, 1738, 548, 0.578, 120.93, 35.19, 0.583, 121.37, 34.50, 0.009, 146.28, -19.67);
insert into SHOT values (1735, 1733, 1739, 548, 0.860, 117.34, 20.13, 0.864, 117.82, 19.61, 0.011, 163.35, -32.02);
insert into SHOT values (1736, 1733, 1740, 548, 1.631, 115.03, 12.29, 1.639, 115.12, 12.33, 0.009, 133.47, 18.73);
insert into SHOT values (1737, 1733, 1741, 548, 0.874, 113.09, 1.05, 0.882, 113.37, 0.65, 0.011, 139.81, -32.24);
insert into SHOT values (1738, 1733, 1742, 548, 1.133, 114.74, -31.50, 1.136, 114.98, -31.29, 0.007, 155.23, 17.60);
insert into SHOT values (1739, 1733, 1743, 548, 0.972, 114.18, -15.02, 0.977, 114.39, -14.83, 0.007, 146.74, 16.23);
insert into SHOT values (1740, 1733, 1744, 548, 1.441, 163.71, -12.22, 1.451, 163.61, -12.34, 0.011, 148.71, -27.52);
insert into SHOT values (1741, 1733, 1745, 548, 1.114, 137.42, -20.60, 1.118, 137.32, -20.42, 0.005, 115.94, 21.52);
insert into SHOT values (1742, 1733, 1746, 548, 1.198, 60.73, -25.13, 1.201, 60.84, -25.12, 0.004, 94.15, -17.76);
insert into SHOT values (1743, 1733, 1747, 548, 1.127, 85.24, -28.75, 1.131, 85.38, -28.53, 0.006, 110.37, 20.02);
insert into SHOT values (1744, 1733, 1748, 548, 1.521, 44.90, -20.03, 1.520, 45.00, -20.00, 0.003, 149.53, 20.58);
insert into SHOT values (1745, 1733, 1749, 548, 2.494, 38.33, -17.14, 2.489, 38.51, -17.29, 0.011, 168.59, -27.25);
insert into SHOT values (1746, 1733, 1750, 548, 3.365, 31.01, -4.07, 3.360, 31.08, -4.10, 0.007, 173.83, -9.73);
insert into SHOT values (1747, 1733, 1751, 548, 2.299, 24.99, -6.34, 2.301, 25.11, -6.49, 0.008, 102.25, -51.98);
insert into SHOT values (1748, 1733, 1752, 548, 0.643, 18.30, -8.05, 0.639, 18.43, -8.10, 0.004, 178.91, 0.56);
insert into SHOT values (1749, 1733, 1753, 548, 3.225, 30.90, -3.43, 3.252, 31.39, -3.88, 0.046, 78.15, -35.76);
insert into SHOT values (1750, 1753, 1754, 548, 1.489, 222.29, -6.52, 1.482, 222.25, -6.59, 0.007, 51.44, -7.54);
insert into SHOT values (1751, 1753, 1755, 548, 1.182, 199.77, -9.70, 1.175, 199.69, -9.80, 0.008, 32.57, -6.33);
insert into SHOT values (1752, 1753, 1756, 548, 0.742, 183.96, -13.09, 0.741, 183.97, -13.25, 0.002, 355.36, -62.94);
insert into SHOT values (1753, 1753, 1757, 548, 0.231, 120.75, 86.98, 0.230, 90.00, 87.51, 0.006, 355.78, -6.21);
insert into SHOT values (1754, 1753, 1758, 548, 0.877, 200.38, -88.28, 0.880, 206.57, -88.54, 0.006, 349.90, -35.56);
insert into SHOT values (1755, 1753, 1759, 548, 2.141, 178.84, -3.64, 2.135, 178.92, -3.76, 0.008, 332.64, -30.09);
insert into SHOT values (1756, 1753, 1760, 548, 0.940, 165.04, -8.20, 0.942, 165.07, -8.55, 0.006, 188.20, -78.99);
insert into SHOT values (1757, 1753, 1761, 548, 0.710, 182.70, -16.88, 0.712, 182.53, -17.15, 0.005, 123.75, -57.77);
insert into SHOT values (1758, 1753, 1762, 548, 0.574, 144.07, -29.30, 0.573, 144.06, -30.41, 0.011, 325.04, -54.43);
insert into SHOT values (1759, 1753, 1763, 548, 0.689, 179.71, -24.91, 0.684, 180.00, -25.07, 0.006, 327.19, 1.99);
insert into SHOT values (1760, 1753, 1764, 548, 0.583, 139.97, -36.53, 0.585, 140.19, -36.76, 0.003, 225.46, -58.31);
insert into SHOT values (1761, 1753, 1765, 548, 1.509, 177.73, -0.72, 1.511, 177.72, -0.76, 0.003, 173.73, -24.13);
insert into SHOT values (1762, 1733, 1766, 548, 4.397, 58.40, -3.93, 4.396, 58.52, -3.91, 0.009, 156.28, 8.33);
insert into SHOT values (1763, 1753, 1767, 548, 2.199, 57.71, -3.39, 2.248, 57.94, -4.08, 0.056, 68.60, -32.20);
insert into SHOT values (1764, 1767, 1768, 548, 1.078, 256.46, -7.03, 1.077, 256.48, -6.93, 0.002, 18.87, 75.42);
insert into SHOT values (1765, 1767, 1769, 548, 2.131, 243.25, -12.61, 2.121, 243.31, -12.53, 0.011, 49.58, 29.45);
insert into SHOT values (1766, 1767, 1770, 548, 2.662, 237.54, -8.49, 2.659, 237.58, -8.44, 0.005, 26.39, 41.55);
insert into SHOT values (1767, 1767, 1771, 548, 3.903, 229.10, -4.25, 3.903, 229.06, -4.26, 0.003, 128.61, -16.32);
insert into SHOT values (1768, 1767, 1772, 548, 2.059, 181.06, -2.31, 2.052, 180.84, -2.23, 0.011, 49.21, 15.65);
insert into SHOT values (1769, 1767, 1773, 548, 0.324, 228.37, -17.06, 0.318, 228.99, -16.45, 0.008, 14.77, 40.28);
insert into SHOT values (1770, 1767, 1774, 548, 0.314, 232.24, -28.11, 0.316, 232.31, -28.35, 0.002, 248.74, -61.56);
insert into SHOT values (1771, 1767, 1775, 548, 1.086, 281.81, -34.31, 1.079, 282.32, -34.41, 0.010, 51.51, 11.79);
insert into SHOT values (1772, 1767, 1776, 548, 1.001, 314.55, -33.61, 0.999, 315.00, -33.39, 0.008, 38.42, 31.86);
insert into SHOT values (1773, 1767, 1777, 548, 2.300, 352.14, -3.54, 2.304, 352.75, -3.98, 0.031, 76.02, -36.13);
insert into SHOT values (1774, 1777, 1778, 548, 0.516, 130.68, -20.18, 0.521, 130.86, -20.20, 0.005, 147.76, -21.44);
insert into SHOT values (1775, 1777, 1779, 548, 1.485, 158.47, -11.70, 1.490, 158.71, -11.61, 0.008, 206.46, 7.94);
insert into SHOT values (1776, 1777, 1780, 548, 0.299, 94.21, 20.98, 0.302, 96.12, 21.34, 0.010, 170.58, 17.00);
insert into SHOT values (1777, 1777, 1781, 548, 2.966, 19.28, -3.87, 2.982, 19.65, -4.42, 0.038, 73.58, -51.35);
insert into SHOT values (1778, 1781, 1782, 548, 1.121, 158.58, -14.84, 1.124, 158.39, -14.95, 0.005, 106.09, -32.99);
insert into SHOT values (1779, 1781, 1783, 548, 1.053, 207.65, -34.60, 1.055, 207.45, -34.66, 0.004, 134.75, -33.08);
insert into SHOT values (1780, 1781, 1784, 548, 1.688, 201.81, -18.51, 1.679, 201.73, -18.40, 0.010, 37.73, 37.39);
insert into SHOT values (1781, 1781, 1785, 548, 0.709, 220.04, -29.41, 0.704, 219.69, -29.82, 0.008, 68.78, -13.16);
insert into SHOT values (1782, 1781, 1786, 548, 0.711, 245.93, -34.83, 0.712, 245.64, -35.17, 0.005, 124.42, -48.29);
insert into SHOT values (1783, 1781, 1787, 548, 2.313, 180.81, -4.29, 2.316, 180.74, -4.21, 0.005, 144.64, 33.60);
insert into SHOT values (1784, 1781, 1788, 548, 1.098, 281.18, -34.75, 1.091, 281.56, -34.62, 0.009, 44.88, 39.32);
insert into SHOT values (1785, 1781, 1789, 548, 1.805, 301.11, -21.61, 1.799, 301.32, -21.52, 0.009, 66.64, 32.84);
insert into SHOT values (1786, 1781, 1790, 548, 2.450, 322.08, -9.49, 2.449, 322.23, -9.40, 0.007, 53.72, 32.23);
insert into SHOT values (1787, 1781, 1791, 548, 3.072, 329.84, -8.42, 3.071, 329.97, -8.43, 0.007, 69.83, -1.37);
insert into SHOT values (1788, 1781, 1792, 548, 2.137, 309.94, -4.05, 2.099, 310.54, -4.65, 0.049, 100.86, -22.89);
insert into SHOT values (1789, 1792, 1793, 548, 0.776, 81.28, -43.40, 0.768, 81.72, -43.64, 0.010, 233.17, 19.21);
insert into SHOT values (1790, 1792, 1794, 548, 3.512, 13.05, -8.65, 3.530, 13.44, -9.13, 0.042, 73.63, -49.60);
insert into SHOT values (1791, 1794, 1795, 548, 2.383, 347.85, 15.55, 2.379, 347.91, 15.61, 0.006, 143.95, 12.23);
insert into SHOT values (1792, 1794, 1796, 548, 1.013, 321.99, 18.83, 1.010, 321.81, 19.08, 0.006, 175.69, 29.17);
insert into SHOT values (1793, 1794, 1797, 548, 1.520, 345.24, 12.46, 1.516, 345.12, 12.57, 0.006, 199.84, 20.23);
insert into SHOT values (1794, 1794, 1798, 548, 1.206, 6.29, 12.55, 1.206, 6.34, 12.45, 0.002, 95.45, -63.64);
insert into SHOT values (1795, 1794, 1799, 548, 0.922, 14.48, 15.66, 0.922, 14.35, 15.73, 0.002, 282.10, 28.94);
insert into SHOT values (1796, 1794, 1800, 548, 0.950, 234.46, -2.29, 0.947, 234.46, -2.42, 0.004, 53.94, -34.35);
insert into SHOT values (1797, 1794, 1801, 548, 0.788, 273.38, -5.46, 0.785, 272.94, -5.85, 0.009, 153.94, -35.79);
insert into SHOT values (1798, 1794, 1802, 548, 0.305, 312.27, 79.84, 0.304, 306.87, 80.54, 0.006, 181.74, -2.01);
insert into SHOT values (1799, 1794, 1803, 548, 1.138, 219.94, 0.65, 1.136, 220.00, 0.50, 0.004, 12.43, -49.12);
insert into SHOT values (1800, 1794, 1804, 548, 2.382, 348.21, 15.24, 2.351, 348.84, 14.79, 0.044, 123.75, -36.32);
insert into SHOT values (1801, 1804, 1805, 548, 1.646, 154.04, -11.92, 1.637, 154.08, -11.99, 0.009, 328.19, -0.16);
insert into SHOT values (1802, 1804, 1806, 548, 1.146, 172.84, -5.86, 1.145, 172.94, -6.02, 0.004, 298.39, -51.74);
insert into SHOT values (1803, 1804, 1807, 548, 7.374, 40.28, 3.79, 7.407, 40.67, 3.10, 0.108, 92.93, -54.23);
insert into SURVEY values (550, 21, 'BmlEnd1', 'BmlEnd1.ballymaglancy.Cong', NULL);
 insert into CENTRELINE values (551, 550, NULL, NULL, NULL, 0.00, 0.00, 0.00);
 insert into SCRAPS values (552, 550, 'BmlEnd1SP1', 1, 50.64414, 2.08606);
 insert into SCRAPS values (574, 550, 'BmlEnd1SX5.2', 2, 0.00000, 0.00000);
 insert into SCRAPS values (578, 550, 'BmlEnd1SEe0', 3, 0.00000, 0.00000);
 insert into MAPS values (582, 550, 'BmlEnd1M', NULL, 1, 32.764, -1.760);
 insert into MAPITEMS values (582, 4, 552);
 insert into MAPS values (583, 550, 'BmlEnd1Ee1M', NULL, 3, 0.000, 0.00);
 insert into MAPITEMS values (583, 4, 578);
 insert into CENTRELINE values (584, 550, NULL, '2012-06-23', NULL, 32.76, 0.00, 0.00);
 insert into TOPO values (1, 584);
 insert into TOPO values (6, 584);
 insert into TOPO values (4, 584);
 insert into TOPO values (5, 584);
 insert into SHOT values (1804, 1808, 1809, 584, 6.562, 197.26, 3.56, 6.557, 197.24, 3.58, 0.006, 37.09, 24.80);
insert into SHOT values (1805, 1808, 1810, 584, 7.733, 215.75, 1.71, 7.727, 215.73, 1.71, 0.007, 63.27, -6.37);
insert into SHOT values (1806, 1808, 1811, 584, 10.901, 228.23, 0.62, 10.900, 228.24, 0.63, 0.002, 351.99, 61.58);
insert into SHOT values (1807, 1808, 1812, 584, 12.877, 231.24, 1.18, 12.878, 231.24, 1.20, 0.005, 266.20, 79.75);
insert into SHOT values (1808, 1808, 1813, 584, 4.713, 156.44, 3.04, 4.709, 156.43, 3.04, 0.004, 344.53, 0.74);
insert into SHOT values (1809, 1808, 1814, 584, 1.351, 193.99, -23.99, 1.345, 194.15, -24.14, 0.008, 348.29, -5.20);
insert into SHOT values (1810, 1808, 1815, 584, 2.659, 215.35, -11.78, 2.653, 215.28, -11.75, 0.007, 63.03, 22.78);
insert into SHOT values (1811, 1808, 1816, 584, 5.336, 222.73, -5.91, 5.329, 222.78, -5.92, 0.009, 9.83, -3.70);
insert into SHOT values (1812, 1808, 1817, 584, 8.607, 225.02, -3.29, 8.605, 225.05, -3.26, 0.006, 335.27, 43.05);
insert into SHOT values (1813, 1808, 1818, 584, 11.573, 237.71, -1.21, 11.571, 237.71, -1.19, 0.005, 54.05, 71.54);
insert into SHOT values (1814, 1808, 1819, 584, 8.854, 241.95, -2.29, 8.847, 241.93, -2.27, 0.009, 89.22, 25.88);
insert into SHOT values (1815, 1808, 1820, 584, 3.990, 248.22, -6.40, 3.987, 248.23, -6.34, 0.005, 60.38, 63.08);
insert into SHOT values (1816, 1808, 1821, 584, 2.408, 263.54, -12.23, 2.409, 263.66, -12.22, 0.005, 341.50, 1.17);
insert into SHOT values (1817, 1808, 1822, 584, 1.814, 282.29, -17.98, 1.809, 282.42, -18.03, 0.006, 65.21, -0.40);
insert into SHOT values (1818, 1808, 1823, 584, 2.420, 321.00, -8.99, 2.418, 321.12, -8.80, 0.009, 60.48, 59.23);
insert into SHOT values (1819, 1808, 1824, 584, 3.169, 335.06, -9.48, 3.171, 335.24, -9.44, 0.010, 54.31, 11.19);
insert into SHOT values (1820, 1808, 1825, 584, 4.154, 355.91, -7.16, 4.162, 355.97, -7.04, 0.012, 23.80, 38.61);
insert into SHOT values (1821, 1808, 1826, 584, 4.949, 14.53, -6.05, 4.956, 14.57, -6.02, 0.008, 41.10, 11.44);
insert into SHOT values (1822, 1808, 1827, 584, 6.347, 25.43, -5.37, 6.352, 25.47, -5.33, 0.008, 63.97, 29.14);
insert into SHOT values (1823, 1808, 1828, 584, 2.846, 44.20, -9.73, 2.855, 44.14, -9.68, 0.010, 25.87, 5.62);
insert into SHOT values (1824, 1808, 1829, 584, 2.100, 49.21, -15.18, 2.108, 49.18, -15.13, 0.008, 42.76, -0.77);
insert into SHOT values (1825, 1808, 1830, 584, 2.524, 73.08, -13.31, 2.525, 72.97, -13.28, 0.005, 1.25, 11.70);
insert into SHOT values (1826, 1808, 1831, 584, 3.370, 74.65, -4.95, 3.373, 74.64, -4.93, 0.003, 61.27, 16.47);
insert into SHOT values (1827, 1808, 1832, 584, 3.537, 114.09, 5.99, 3.534, 114.01, 6.01, 0.006, 347.48, 8.50);
insert into SHOT values (1828, 1808, 1833, 584, 4.119, 101.08, 6.69, 4.123, 100.98, 6.69, 0.008, 40.39, 1.03);
insert into SHOT values (1829, 1808, 1834, 584, 5.126, 84.96, 5.74, 5.126, 84.94, 5.82, 0.008, 343.67, 74.18);
insert into SHOT values (1830, 1808, 1835, 584, 3.010, 89.75, -11.52, 3.010, 89.61, -11.50, 0.007, 5.30, 8.90);
insert into SHOT values (1831, 1808, 1836, 584, 2.054, 104.66, -17.04, 2.052, 104.46, -17.00, 0.007, 0.89, 15.14);
insert into SHOT values (1832, 1808, 1837, 584, 12.058, 37.55, -1.85, 12.065, 37.55, -1.85, 0.007, 43.33, -5.82);
insert into SHOT values (1833, 1837, 1838, 584, 8.037, 208.81, 2.63, 8.042, 208.80, 2.64, 0.005, 189.85, 12.80);
insert into SHOT values (1834, 1837, 1839, 584, 8.762, 202.45, 4.93, 8.767, 202.48, 4.97, 0.010, 251.98, 46.70);
insert into SHOT values (1835, 1837, 1840, 584, 5.052, 200.81, 9.88, 5.051, 200.84, 9.92, 0.004, 323.70, 47.00);
insert into SHOT values (1836, 1837, 1841, 584, 3.276, 185.75, 17.81, 3.275, 185.71, 17.96, 0.009, 37.36, 62.53);
insert into SHOT values (1837, 1837, 1842, 584, 4.290, 151.40, 22.97, 4.294, 151.42, 23.03, 0.006, 199.00, 69.30);
insert into SHOT values (1838, 1837, 1843, 584, 1.524, 72.75, 31.08, 1.521, 72.54, 31.29, 0.008, 294.42, 24.47);
insert into SHOT values (1839, 1837, 1844, 584, 2.835, 34.57, -3.19, 2.830, 34.48, -3.04, 0.010, 262.60, 51.37);
insert into SHOT values (1840, 1837, 1845, 584, 6.894, 229.44, 0.51, 6.894, 229.47, 0.58, 0.009, 314.28, 67.13);
insert into SHOT values (1841, 1837, 1846, 584, 4.994, 242.33, -2.07, 4.995, 242.31, -2.07, 0.002, 179.73, 8.91);
insert into SHOT values (1842, 1837, 1847, 584, 3.357, 257.40, -1.96, 3.362, 257.45, -1.87, 0.008, 287.73, 38.55);
insert into SHOT values (1843, 1837, 1848, 584, 3.263, 272.17, -2.58, 3.265, 272.11, -2.46, 0.008, 217.37, 57.64);
insert into SHOT values (1844, 1837, 1849, 584, 3.384, 288.90, -2.85, 3.384, 288.81, -2.71, 0.010, 206.67, 56.86);
insert into SHOT values (1845, 1837, 1850, 584, 1.959, 318.22, -2.93, 1.964, 318.10, -2.92, 0.007, 279.19, 1.18);
insert into SHOT values (1846, 1837, 1851, 584, 2.071, 339.55, -3.52, 2.073, 339.64, -3.32, 0.008, 34.73, 61.65);
insert into SHOT values (1847, 1837, 1852, 584, 2.558, 356.88, -2.38, 2.556, 356.86, -2.24, 0.007, 204.74, 70.46);
insert into SHOT values (1848, 1837, 1853, 584, 2.726, 11.23, -1.93, 2.724, 11.23, -1.89, 0.003, 195.03, 37.40);
insert into SHOT values (1849, 1837, 1854, 584, 2.264, 18.71, 3.34, 2.262, 18.60, 3.55, 0.010, 262.01, 57.88);
insert into SHOT values (1850, 1837, 1855, 584, 3.896, 161.97, 76.36, 3.899, 162.16, 76.44, 0.007, 309.90, 34.33);
insert into SHOT values (1851, 1837, 1856, 584, 0.290, 222.06, -57.36, 0.290, 222.51, -55.85, 0.008, 233.41, 32.90);
insert into SHOT values (1852, 1837, 1857, 584, 7.994, 216.44, 3.56, 7.996, 216.44, 3.59, 0.004, 208.95, 65.31);
insert into SHOT values (1853, 1837, 1858, 584, 1.227, 28.21, 20.17, 1.223, 28.13, 20.58, 0.010, 222.00, 46.15);
insert into SHOT values (1854, 1837, 1859, 584, 6.554, 25.94, 1.85, 6.551, 25.90, 1.92, 0.010, 263.80, 56.74);
insert into SHOT values (1855, 1859, 1860, 584, 1.158, 304.20, -14.81, 1.155, 304.40, -15.06, 0.007, 83.08, -33.78);
insert into SHOT values (1856, 1859, 1861, 584, 0.733, 299.80, 2.03, 0.726, 299.74, 1.58, 0.009, 125.62, -40.54);
insert into SHOT values (1857, 1859, 1862, 584, 0.345, 288.80, 36.87, 0.340, 289.09, 36.01, 0.007, 50.45, -76.72);
insert into SHOT values (1858, 1859, 1863, 584, 0.342, 263.81, 75.06, 0.340, 262.87, 76.27, 0.008, 93.69, -3.28);
insert into SHOT values (1859, 1859, 1864, 584, 0.479, 148.10, 73.00, 0.473, 146.31, 72.23, 0.010, 100.43, -52.93);
insert into SHOT values (1860, 1859, 1865, 584, 0.684, 130.90, 65.10, 0.685, 130.82, 64.88, 0.003, 121.76, -8.69);
insert into SHOT values (1861, 1859, 1866, 584, 0.381, 114.92, -36.71, 0.385, 114.90, -36.69, 0.004, 113.42, -34.54);
insert into SHOT values (1862, 1859, 1867, 584, 0.396, 253.23, -88.67, 0.400, 270.00, -88.57, 0.005, 335.66, -54.67);
insert into SHOT values (1863, 1859, 1868, 584, 2.998, 192.79, 5.59, 2.998, 192.78, 5.55, 0.002, 117.57, -72.45);
insert into SHOT values (1864, 1859, 1869, 584, 1.183, 177.94, 1.55, 1.181, 177.57, 1.46, 0.008, 76.49, -14.52);
insert into SHOT values (1865, 1859, 1870, 584, 2.870, 211.22, -0.14, 2.862, 211.14, -0.20, 0.009, 60.27, -18.80);
insert into SHOT values (1866, 1859, 1871, 584, 1.428, 227.16, -7.69, 1.422, 227.01, -8.08, 0.012, 73.82, -48.10);
insert into SHOT values (1867, 1859, 1872, 584, 0.815, 307.11, -6.13, 0.811, 307.44, -6.37, 0.007, 80.19, -25.19);
insert into SHOT values (1868, 1859, 1873, 584, 2.280, 272.03, 1.11, 2.272, 272.02, 1.01, 0.009, 95.44, -27.01);
insert into SHOT values (1869, 1859, 1874, 584, 2.734, 44.37, -3.02, 2.734, 44.41, -3.15, 0.006, 154.59, -73.13);
insert into SHOT values (1870, 1859, 1875, 584, 5.224, 33.12, -3.26, 5.226, 33.11, -3.29, 0.003, 6.23, -57.31);
insert into SHOT values (1871, 1859, 1876, 584, 1.205, 348.87, -4.95, 1.207, 348.97, -5.23, 0.007, 39.82, -65.89);
insert into SHOT values (1872, 1859, 1877, 584, 3.658, 14.10, -2.57, 3.654, 14.11, -2.67, 0.007, 183.92, -54.75);
insert into SHOT values (1873, 1859, 1878, 584, 7.082, 18.14, -2.14, 7.089, 18.18, -2.18, 0.010, 54.31, -34.53);
insert into SHOT values (1874, 1859, 1879, 584, 9.803, 25.30, 3.59, 9.806, 25.28, 3.57, 0.006, 344.92, -38.07);
insert into SHOT values (1875, 1879, 1880, 584, 2.099, 151.02, -5.80, 2.106, 150.87, -5.72, 0.009, 111.23, 13.45);
insert into SHOT values (1876, 1879, 1881, 584, 2.540, 172.12, -3.82, 2.550, 172.09, -3.82, 0.010, 164.96, -4.50);
insert into SHOT values (1877, 1879, 1882, 584, 2.981, 182.48, -4.00, 2.990, 182.31, -4.03, 0.013, 136.09, -9.30);
insert into SHOT values (1878, 1879, 1883, 584, 3.930, 199.77, -4.49, 3.931, 199.68, -4.52, 0.007, 119.73, -21.09);
insert into SHOT values (1879, 1879, 1884, 584, 0.910, 223.07, -10.51, 0.915, 222.75, -10.71, 0.008, 170.99, -31.80);
insert into SHOT values (1880, 1879, 1885, 584, 1.160, 141.34, -54.47, 1.162, 140.95, -54.02, 0.010, 112.07, 22.74);
insert into SHOT values (1881, 1879, 1886, 584, 4.610, 216.30, -8.45, 4.609, 216.17, -8.48, 0.011, 117.68, -13.38);
insert into SHOT values (1882, 1879, 1887, 584, 2.131, 210.15, -15.29, 2.131, 210.06, -15.23, 0.004, 135.81, 28.96);
insert into SHOT values (1883, 1879, 1888, 584, 4.970, 215.08, -6.14, 4.975, 215.04, -6.12, 0.006, 179.83, 14.40);
insert into SHOT values (1884, 1879, 1889, 584, 1.410, 117.15, 5.62, 1.411, 117.11, 5.69, 0.002, 76.52, 53.13);
insert into SHOT values (1885, 1879, 1890, 584, 2.543, 27.72, -3.25, 2.540, 27.98, -3.16, 0.012, 129.85, 19.59);
insert into SHOT values (1886, 1890, 1891, 584, 1.160, 221.78, 5.15, 1.159, 221.84, 4.95, 0.004, 351.25, -69.54);
insert into SHOT values (1887, 1890, 1892, 584, 1.840, 212.26, 3.74, 1.838, 212.30, 3.74, 0.003, 1.06, -0.46);
insert into SHOT values (1888, 1890, 1893, 584, 0.780, 127.89, 4.26, 0.772, 127.61, 3.71, 0.012, 333.41, -42.61);
insert into SHOT values (1889, 1890, 1894, 584, 1.250, 154.59, 10.98, 1.247, 154.90, 10.63, 0.011, 256.34, -50.24);
insert into SHOT values (1890, 1890, 1895, 584, 2.150, 174.12, 8.29, 2.143, 174.32, 8.32, 0.010, 308.65, 0.03);
insert into SHOT values (1891, 1890, 1896, 584, 2.230, 190.54, 10.07, 2.233, 190.75, 10.06, 0.008, 260.45, 0.55);
insert into SHOT values (1892, 1890, 1897, 584, 3.101, 182.20, 3.38, 3.098, 182.22, 3.33, 0.005, 341.21, -38.87);
insert into SHOT values (1893, 1890, 1898, 584, 1.390, 134.43, 69.06, 1.379, 134.17, 69.28, 0.012, 328.57, -42.02);
insert into SHOT values (1894, 1890, 1899, 584, 1.480, 76.75, 73.72, 1.479, 75.96, 73.81, 0.006, 321.93, -6.01);
insert into SHOT values (1895, 1890, 1900, 584, 0.230, 240.46, 58.04, 0.228, 241.39, 56.60, 0.007, 270.32, -51.54);
insert into SHOT values (1896, 1890, 1901, 584, 0.940, 65.17, 21.80, 0.936, 64.90, 21.29, 0.010, 329.09, -65.78);
insert into SHOT values (1897, 1890, 1902, 584, 0.640, 29.05, 36.32, 0.634, 29.05, 35.71, 0.009, 206.75, -84.45);
insert into SHOT values (1898, 1890, 1903, 584, 1.660, 47.20, 60.40, 1.657, 46.97, 60.32, 0.005, 330.79, -45.30);
insert into SHOT values (1899, 1890, 1904, 584, 1.530, 55.14, 47.66, 1.527, 54.92, 47.75, 0.006, 280.20, -9.18);
insert into SHOT values (1900, 1890, 1905, 584, 1.806, 42.75, 36.69, 1.803, 42.49, 36.41, 0.012, 335.11, -51.36);
insert into SHOT values (1901, 1905, 1906, 584, 0.450, 146.94, 9.59, 0.457, 147.72, 10.09, 0.010, 194.15, 30.99);
insert into SHOT values (1902, 1905, 1907, 584, 0.370, 279.07, 9.34, 0.368, 277.91, 9.37, 0.008, 176.00, -0.37);
insert into SHOT values (1903, 1905, 1908, 584, 0.390, 191.54, 60.65, 0.392, 191.89, 60.27, 0.003, 212.96, 1.06);
insert into SHOT values (1904, 1905, 1909, 584, 0.260, 343.67, -77.29, 0.256, 338.20, -77.84, 0.007, 218.65, 30.06);
insert into MAPS values (586, 21, 'BallymaglancyM', NULL, 1, 725.728, -10.650);
 insert into MAPITEMS values (586, 4, 436);
 insert into MAPITEMS values (586, 4, 476);
 insert into MAPITEMS values (586, 4, 509);
 insert into MAPITEMS values (586, 4, 582);
 insert into MAPITEMS values (586, 4, 547);
 insert into SURVEY values (594, 19, 'BallyResCave', 'BallyResCave.Cong', NULL);
 insert into CENTRELINE values (595, 594, NULL, NULL, NULL, 0.00, 0.00, 0.00);
 insert into SURVEY values (596, 594, 'balresur', 'balresur.BallyResCave.Cong', NULL);
 insert into CENTRELINE values (597, 596, NULL, NULL, NULL, 0.00, 0.00, 0.00);
 insert into SCRAPS values (598, 596, 'balresurSP1', 1, 1.31422, 0.08667);
 insert into SCRAPS values (622, 596, 'balresurSE1', 4, 0.00000, 0.00000);
 insert into SCRAPS values (624, 596, 'balresurSEXE1.1', 2, 0.00000, 0.00000);
 insert into MAPS values (626, 596, 'balresurM', NULL, 1, 26.803, -1.520);
 insert into MAPITEMS values (626, 4, 598);
 insert into MAPS values (627, 596, 'balresurME', NULL, 4, 0.000, 0.00);
 insert into MAPITEMS values (627, 4, 622);
 insert into CENTRELINE values (628, 596, NULL, '2014-08-20', NULL, 26.80, 0.00, 0.00);
 insert into TOPO values (6, 628);
 insert into PERSON values (7, 'Richard', 'Jalili');
insert into TOPO values (7, 628);
 insert into SHOT values (1905, 1910, 1911, 628, 0.000, 356.18, 0.00, 0.000, 90.00, 0.00, 0.000, 90.00, 0.00);
insert into SHOT values (1906, 1910, 1912, 628, 0.766, 32.89, -55.51, 0.761, 32.57, -55.86, 0.007, 232.45, 11.02);
insert into SHOT values (1907, 1910, 1913, 628, 0.981, 292.91, -35.77, 0.984, 292.73, -35.39, 0.008, 271.57, 26.68);
insert into SHOT values (1908, 1910, 1914, 628, 1.177, 235.29, -26.41, 1.178, 235.41, -26.20, 0.005, 275.12, 45.33);
insert into SHOT values (1909, 1910, 1915, 628, 0.741, 199.79, -18.04, 0.748, 199.71, -17.91, 0.007, 191.94, -4.19);
insert into SHOT values (1910, 1910, 1916, 628, 0.777, 33.64, -65.46, 0.778, 32.20, -65.80, 0.009, 278.59, -19.78);
insert into SHOT values (1911, 1910, 1917, 628, 0.887, 198.77, -36.77, 0.892, 198.69, -36.44, 0.007, 191.01, 7.42);
insert into SHOT values (1912, 1910, 1918, 628, 1.869, 3.99, 21.70, 1.866, 3.97, 21.70, 0.003, 197.49, -23.25);
insert into SHOT values (1913, 1910, 1919, 628, 1.599, 290.25, 8.30, 1.601, 289.92, 8.26, 0.009, 216.10, -5.04);
insert into SHOT values (1914, 1910, 1920, 628, 1.263, 189.31, -71.47, 1.267, 189.93, -71.30, 0.007, 232.52, -21.13);
insert into SHOT values (1915, 1920, 1921, 628, 0.548, 41.50, -14.71, 0.550, 41.19, -14.76, 0.003, 338.36, -14.70);
insert into SHOT values (1916, 1920, 1922, 628, 1.119, 42.72, -5.66, 1.123, 42.83, -5.62, 0.005, 67.95, 4.17);
insert into SHOT values (1917, 1920, 1923, 628, 1.458, 36.88, 8.61, 1.459, 37.11, 8.67, 0.006, 122.63, 16.46);
insert into SHOT values (1918, 1920, 1924, 628, 0.913, 40.53, 20.69, 0.919, 40.75, 21.04, 0.009, 81.06, 55.77);
insert into SHOT values (1919, 1920, 1925, 628, 0.410, 61.22, 41.63, 0.410, 60.95, 41.16, 0.004, 29.96, -40.04);
insert into SHOT values (1920, 1920, 1926, 628, 0.362, 162.79, 54.31, 0.366, 163.30, 55.16, 0.007, 304.74, 63.10);
insert into SHOT values (1921, 1920, 1927, 628, 0.599, 177.37, 27.62, 0.600, 176.76, 27.81, 0.006, 88.18, 22.26);
insert into SHOT values (1922, 1920, 1928, 628, 0.406, 179.56, 14.31, 0.403, 180.00, 14.38, 0.005, 318.10, -4.40);
insert into SHOT values (1923, 1920, 1929, 628, 0.487, 181.39, 17.19, 0.484, 181.25, 18.06, 0.008, 13.86, 49.08);
insert into SHOT values (1924, 1920, 1930, 628, 0.429, 198.59, 25.20, 0.433, 197.97, 26.03, 0.008, 119.12, 59.84);
insert into SHOT values (1925, 1920, 1931, 628, 1.817, 144.39, -8.67, 1.819, 144.28, -8.54, 0.006, 86.00, 43.96);
insert into SHOT values (1926, 1920, 1932, 628, 1.456, 125.69, -9.17, 1.459, 125.68, -9.07, 0.004, 120.53, 34.75);
insert into SHOT values (1927, 1920, 1933, 628, 1.432, 102.39, -8.03, 1.436, 102.18, -8.01, 0.007, 50.45, 0.34);
insert into SHOT values (1928, 1920, 1934, 628, 1.787, 74.69, -3.63, 1.786, 74.72, -3.53, 0.003, 185.67, 72.45);
insert into SHOT values (1929, 1920, 1935, 628, 2.003, 63.42, -2.61, 2.006, 63.31, -2.57, 0.005, 7.47, 14.64);
insert into SHOT values (1930, 1920, 1936, 628, 2.054, 155.05, -6.00, 2.051, 155.07, -5.88, 0.005, 319.12, 59.85);
insert into SHOT values (1931, 1920, 1937, 628, 1.038, 127.51, -11.98, 1.041, 127.43, -11.63, 0.007, 111.45, 48.41);
insert into SHOT values (1932, 1937, 1938, 628, 1.790, 183.89, -0.75, 1.784, 183.86, -0.96, 0.009, 13.05, -48.16);
insert into SHOT values (1933, 1937, 1939, 628, 2.159, 185.66, -1.01, 2.162, 185.84, -1.06, 0.008, 255.64, -14.62);
insert into SHOT values (1934, 1937, 1940, 628, 0.987, 236.52, -1.71, 0.991, 236.95, -1.74, 0.008, 300.85, -3.75);
insert into SHOT values (1935, 1937, 1941, 628, 1.027, 228.19, -0.16, 1.027, 228.55, -0.56, 0.010, 315.90, -47.45);
insert into SHOT values (1936, 1937, 1942, 628, 1.118, 223.92, -1.40, 1.118, 224.27, -1.54, 0.007, 316.95, -21.01);
insert into SHOT values (1937, 1937, 1943, 628, 1.180, 213.51, 0.91, 1.176, 213.55, 0.97, 0.004, 19.26, 17.45);
insert into SHOT values (1938, 1937, 1944, 628, 1.949, 208.33, 1.57, 1.947, 208.54, 1.47, 0.008, 311.89, -24.53);
insert into SHOT values (1939, 1937, 1945, 628, 1.975, 202.81, -1.23, 1.977, 202.93, -1.45, 0.009, 272.09, -58.74);
insert into SHOT values (1940, 1937, 1946, 628, 1.390, 196.08, 1.01, 1.386, 196.34, 0.83, 0.009, 316.63, -31.07);
insert into SHOT values (1941, 1920, 1947, 628, 2.071, 60.06, -8.58, 2.075, 60.19, -8.59, 0.006, 111.29, -9.84);
insert into SHOT values (1942, 1947, 1948, 628, 0.245, 58.88, 20.27, 0.242, 57.72, 21.83, 0.009, 280.15, 36.77);
insert into SHOT values (1943, 1947, 1949, 628, 0.429, 40.08, 9.88, 0.434, 39.29, 10.63, 0.009, 342.36, 42.67);
insert into SHOT values (1944, 1947, 1950, 628, 1.379, 304.26, 12.33, 1.386, 304.16, 12.50, 0.009, 284.29, 39.41);
insert into SHOT values (1945, 1947, 1951, 628, 1.984, 323.99, 12.10, 1.991, 323.78, 12.18, 0.010, 275.06, 23.61);
insert into SHOT values (1946, 1947, 1952, 628, 1.298, 26.12, 0.27, 1.301, 25.97, 0.44, 0.006, 343.12, 39.29);
insert into SHOT values (1947, 1952, 1953, 628, 0.494, 170.43, 4.52, 0.498, 170.73, 4.61, 0.005, 203.38, 12.59);
insert into SHOT values (1948, 1952, 1954, 628, 0.432, 97.30, 3.89, 0.425, 98.13, 4.04, 0.009, 235.02, 4.32);
insert into SHOT values (1949, 1952, 1955, 628, 0.981, 77.64, 0.71, 0.983, 77.66, 0.58, 0.003, 90.70, -49.79);
insert into SHOT values (1950, 1952, 1956, 628, 1.213, 65.70, -0.96, 1.208, 65.56, -0.95, 0.005, 278.96, 3.41);
insert into SHOT values (1951, 1952, 1957, 628, 1.516, 44.83, -1.13, 1.514, 45.00, -1.14, 0.005, 163.53, -1.13);
insert into SHOT values (1952, 1952, 1958, 628, 1.829, 23.34, -1.38, 1.828, 23.20, -1.25, 0.006, 284.46, 42.19);
insert into SHOT values (1953, 1952, 1959, 628, 2.215, 7.62, -1.09, 2.209, 7.54, -1.04, 0.007, 215.00, 19.08);
insert into SHOT values (1954, 1952, 1960, 628, 2.630, 359.95, 1.08, 2.630, 359.78, 1.09, 0.008, 273.54, 3.24);
insert into SHOT values (1955, 1952, 1961, 628, 3.327, 355.50, 1.81, 3.322, 355.51, 1.73, 0.007, 167.95, -44.41);
insert into SHOT values (1956, 1952, 1962, 628, 3.597, 354.96, 1.52, 3.596, 354.89, 1.59, 0.006, 245.14, 46.74);
insert into SHOT values (1957, 1952, 1963, 628, 3.393, 351.99, 1.51, 3.395, 351.87, 1.52, 0.007, 280.22, 4.62);
insert into SHOT values (1958, 1952, 1964, 628, 3.435, 349.47, 1.55, 3.430, 349.41, 1.50, 0.007, 201.35, -24.77);
insert into SHOT values (1959, 1952, 1965, 628, 3.505, 348.48, 1.29, 3.502, 348.47, 1.31, 0.004, 180.13, 17.41);
insert into SHOT values (1960, 1952, 1966, 628, 3.745, 347.11, -0.19, 3.745, 347.04, -0.15, 0.005, 262.69, 28.76);
insert into SHOT values (1961, 1952, 1967, 628, 3.961, 345.73, -0.27, 3.963, 345.68, -0.29, 0.004, 290.83, -19.88);
insert into SHOT values (1962, 1952, 1968, 628, 1.642, 290.62, 9.79, 1.647, 290.56, 9.79, 0.006, 272.51, 8.19);
insert into SHOT values (1963, 1952, 1969, 628, 2.107, 302.62, 8.65, 2.111, 302.47, 8.72, 0.007, 242.95, 26.85);
insert into SHOT values (1964, 1952, 1970, 628, 1.784, 274.62, 10.92, 1.788, 274.57, 10.96, 0.005, 255.94, 26.42);
insert into SHOT values (1965, 1952, 1971, 628, 2.574, 312.41, 11.15, 2.576, 312.27, 11.19, 0.007, 239.54, 20.05);
insert into SHOT values (1966, 1952, 1972, 628, 2.087, 322.98, 0.77, 2.084, 322.80, 0.82, 0.007, 209.54, 15.58);
insert into SHOT values (1967, 1952, 1973, 628, 1.256, 307.02, -0.53, 1.258, 306.60, -0.46, 0.010, 229.45, 9.72);
insert into SHOT values (1968, 1952, 1974, 628, 0.988, 288.57, -0.86, 0.990, 288.25, -1.16, 0.008, 217.76, -41.91);
insert into SHOT values (1969, 1952, 1975, 628, 0.826, 269.41, 3.03, 0.831, 269.31, 2.76, 0.007, 254.30, -34.14);
insert into SHOT values (1970, 1952, 1976, 628, 0.941, 245.63, 4.21, 0.947, 245.61, 4.24, 0.006, 242.29, 8.93);
insert into SHOT values (1971, 1952, 1977, 628, 3.352, 333.22, 2.19, 3.352, 333.21, 2.22, 0.002, 252.14, 70.48);
insert into SHOT values (1972, 1977, 1978, 628, 0.744, 180.92, -12.33, 0.747, 180.78, -12.36, 0.004, 153.38, -17.17);
insert into SHOT values (1973, 1977, 1979, 628, 0.654, 201.94, -12.73, 0.654, 202.14, -13.25, 0.006, 315.92, -67.68);
insert into SHOT values (1974, 1977, 1980, 628, 1.623, 203.32, -5.22, 1.629, 203.24, -5.28, 0.006, 182.54, -22.18);
insert into SHOT values (1975, 1977, 1981, 628, 1.722, 218.96, -5.20, 1.721, 219.08, -5.34, 0.006, 333.45, -44.73);
insert into SHOT values (1976, 1977, 1982, 628, 2.608, 223.15, -3.47, 2.608, 223.13, -3.52, 0.002, 158.76, -71.13);
insert into SHOT values (1977, 1977, 1983, 628, 0.970, 234.65, -5.94, 0.973, 234.67, -5.90, 0.004, 240.55, 6.10);
insert into SHOT values (1978, 1977, 1984, 628, 0.888, 241.55, -7.01, 0.893, 241.70, -7.08, 0.005, 269.05, -17.68);
insert into SHOT values (1979, 1977, 1985, 628, 0.973, 249.58, -4.83, 0.975, 249.51, -4.71, 0.003, 219.84, 41.40);
insert into SHOT values (1980, 1977, 1986, 628, 1.462, 260.35, -2.66, 1.463, 260.15, -2.74, 0.006, 182.84, -22.78);
insert into SHOT values (1981, 1977, 1987, 628, 0.681, 263.67, -9.00, 0.684, 263.19, -9.26, 0.007, 194.39, -30.06);
insert into SHOT values (1982, 1977, 1988, 628, 0.592, 263.15, -8.73, 0.591, 263.12, -8.76, 0.001, 100.52, -8.57);
insert into SHOT values (1983, 1977, 1989, 628, 0.390, 285.53, -6.42, 0.396, 284.74, -7.25, 0.010, 240.39, -40.14);
insert into SHOT values (1984, 1977, 1990, 628, 0.320, 319.91, -4.12, 0.320, 318.81, -5.37, 0.009, 226.83, -49.01);
insert into SHOT values (1985, 1977, 1991, 628, 1.207, 344.35, -0.57, 1.206, 344.12, -0.48, 0.005, 243.41, 22.41);
insert into SHOT values (1986, 1977, 1992, 628, 0.783, 341.55, -2.93, 0.782, 341.33, -2.93, 0.003, 234.52, 0.45);
insert into SHOT values (1987, 1977, 1993, 628, 0.850, 51.13, -6.38, 0.852, 51.23, -6.74, 0.006, 93.77, -67.07);
insert into SHOT values (1988, 1977, 1994, 628, 1.135, 23.49, -6.45, 1.132, 23.60, -6.60, 0.005, 173.21, -29.54);
insert into SHOT values (1989, 1977, 1995, 628, 4.061, 357.69, -0.36, 4.064, 357.60, -0.42, 0.008, 291.39, -34.39);
insert into SHOT values (1990, 1995, 1996, 628, 3.599, 183.20, -0.23, 3.606, 183.18, -0.16, 0.008, 173.93, 33.71);
insert into SHOT values (1991, 1995, 1997, 628, 3.241, 185.81, 0.18, 3.246, 185.66, 0.18, 0.010, 125.52, -1.07);
insert into SHOT values (1992, 1995, 1998, 628, 2.852, 186.83, 0.02, 2.860, 186.83, 0.00, 0.008, 186.82, -6.86);
insert into SHOT values (1993, 1995, 1999, 628, 2.761, 190.59, -0.27, 2.766, 190.42, -0.21, 0.010, 129.70, 17.69);
insert into SHOT values (1994, 1995, 2000, 628, 2.347, 193.40, -1.01, 2.353, 193.27, -0.97, 0.008, 152.84, 9.59);
insert into SHOT values (1995, 1995, 2001, 628, 2.004, 195.50, -1.61, 2.002, 195.36, -1.43, 0.008, 85.82, 50.25);
insert into SHOT values (1996, 1995, 2002, 628, 1.880, 205.23, -2.09, 1.880, 205.20, -2.13, 0.002, 120.63, -59.44);
insert into SHOT values (1997, 1995, 2003, 628, 1.622, 212.23, 0.82, 1.626, 211.93, 1.06, 0.012, 148.68, 35.86);
insert into SHOT values (1998, 1995, 2004, 628, 1.596, 215.27, -5.13, 1.593, 214.99, -5.04, 0.009, 105.25, 18.48);
insert into SHOT values (1999, 1995, 2005, 628, 1.105, 215.60, -4.87, 1.108, 215.42, -4.66, 0.006, 169.52, 38.36);
insert into SHOT values (2000, 1995, 2006, 628, 0.891, 216.73, -4.73, 0.897, 216.36, -4.48, 0.009, 173.10, 22.55);
insert into SHOT values (2001, 1995, 2007, 628, 0.961, 236.49, -4.59, 0.954, 236.14, -4.21, 0.011, 97.27, 38.29);
insert into SHOT values (2002, 1995, 2008, 628, 0.459, 235.91, -2.58, 0.461, 235.62, -2.49, 0.003, 185.28, 12.49);
insert into SHOT values (2003, 1995, 2009, 628, 0.358, 240.38, -1.25, 0.359, 239.86, -1.60, 0.004, 159.82, -33.68);
insert into SHOT values (2004, 1995, 2010, 628, 0.944, 285.07, 8.54, 0.942, 284.93, 8.55, 0.003, 151.63, -3.47);
insert into SHOT values (2005, 1995, 2011, 628, 1.282, 307.34, 9.04, 1.272, 307.23, 9.05, 0.010, 139.88, -7.92);
insert into SHOT values (2006, 1995, 2012, 628, 1.310, 318.07, 8.12, 1.303, 318.14, 8.39, 0.010, 125.67, 31.26);
insert into SHOT values (2007, 1995, 2013, 628, 1.415, 320.77, 6.69, 1.410, 320.51, 6.93, 0.010, 187.57, 30.82);
insert into SHOT values (2008, 1995, 2014, 628, 1.863, 324.28, 3.94, 1.861, 324.43, 4.01, 0.006, 77.99, 20.61);
insert into SHOT values (2009, 1995, 2015, 628, 1.760, 63.61, 1.20, 1.762, 63.73, 1.30, 0.005, 120.04, 35.60);
insert into SHOT values (2010, 1995, 2016, 628, 1.333, 86.91, -1.46, 1.332, 86.99, -1.29, 0.004, 198.20, 63.18);
insert into SHOT values (2011, 1995, 2017, 628, 1.260, 99.26, -0.32, 1.268, 99.54, 0.00, 0.012, 138.70, 35.85);
insert into SHOT values (2012, 1995, 2018, 628, 1.244, 114.11, -0.43, 1.249, 114.10, -0.46, 0.005, 112.92, -7.69);
insert into SHOT values (2013, 1995, 2019, 628, 1.253, 131.52, 1.67, 1.255, 131.44, 1.83, 0.004, 85.15, 57.62);
insert into SHOT values (2014, 1995, 2020, 628, 1.296, 133.50, 1.94, 1.302, 133.75, 2.20, 0.010, 177.26, 35.90);
insert into SHOT values (2015, 1995, 2021, 628, 1.507, 151.00, -0.46, 1.508, 151.06, -0.38, 0.003, 197.91, 44.53);
insert into SHOT values (2016, 1995, 2022, 628, 1.877, 160.69, -1.04, 1.876, 160.70, -0.92, 0.004, 327.88, 72.59);
insert into SHOT values (2017, 1995, 2023, 628, 2.962, 163.62, -1.26, 2.962, 163.52, -1.16, 0.007, 77.55, 46.57);
insert into SHOT values (2018, 1995, 2024, 628, 3.041, 168.01, -1.82, 3.049, 167.88, -1.69, 0.013, 129.25, 31.19);
insert into SHOT values (2019, 1995, 2025, 628, 4.938, 169.77, -1.20, 4.940, 169.74, -1.16, 0.005, 118.77, 45.51);
insert into SHOT values (2020, 1995, 2026, 628, 2.028, 198.24, -2.08, 2.031, 198.08, -1.97, 0.008, 140.47, 28.44);
insert into SHOT values (2021, 1995, 2027, 628, 1.930, 196.27, -2.03, 1.938, 196.19, -2.07, 0.009, 178.12, -10.97);
insert into SHOT values (2022, 1995, 2028, 628, 0.402, 2.41, -12.60, 0.401, 2.94, -12.98, 0.005, 119.23, -29.73);
insert into SHOT values (2023, 1995, 2029, 628, 0.845, 20.37, -8.48, 0.841, 20.39, -8.21, 0.006, 193.92, 51.85);
insert into SHOT values (2024, 1995, 2030, 628, 0.965, 22.16, -6.17, 0.960, 22.80, -5.98, 0.012, 136.36, 17.44);
insert into SHOT values (2025, 1995, 2031, 628, 1.358, 25.39, -5.56, 1.357, 25.43, -5.50, 0.002, 154.25, 52.43);
insert into SHOT values (2026, 1995, 2032, 628, 1.992, 26.27, -1.00, 1.990, 26.57, -0.86, 0.012, 125.17, 24.45);
insert into SHOT values (2027, 2032, 2033, 628, 0.934, 113.62, 4.33, 0.930, 113.52, 4.32, 0.005, 313.05, -6.48);
insert into SHOT values (2028, 2032, 2034, 628, 1.019, 85.76, 3.87, 1.016, 85.47, 3.95, 0.006, 320.85, 11.24);
insert into SHOT values (2029, 2032, 2035, 628, 1.472, 55.90, 2.55, 1.469, 55.55, 2.34, 0.011, 305.66, -30.24);
insert into SHOT values (2030, 2032, 2036, 628, 1.596, 40.98, 5.10, 1.594, 40.91, 5.04, 0.003, 266.05, -37.47);
insert into SHOT values (2031, 2032, 2037, 628, 2.279, 38.17, 2.99, 2.276, 38.03, 3.02, 0.007, 275.86, 9.91);
insert into SHOT values (2032, 2032, 2038, 628, 3.034, 354.04, -0.31, 3.037, 353.95, -0.38, 0.006, 297.11, -33.57);
insert into SHOT values (2033, 2032, 2039, 628, 2.615, 346.13, -0.97, 2.617, 346.07, -1.09, 0.007, 298.08, -58.61);
insert into SHOT values (2034, 2032, 2040, 628, 2.012, 338.71, 0.70, 2.020, 338.51, 0.57, 0.012, 300.23, -22.79);
insert into SHOT values (2035, 2032, 2041, 628, 1.632, 329.65, 2.58, 1.638, 329.52, 2.45, 0.008, 297.01, -26.68);
insert into SHOT values (2036, 2032, 2042, 628, 0.501, 323.28, -1.59, 0.500, 323.13, -2.29, 0.006, 201.01, -76.05);
insert into SHOT values (2037, 2032, 2043, 628, 0.360, 293.72, -1.66, 0.363, 294.44, -1.58, 0.005, 354.11, 4.63);
insert into SHOT values (2038, 2032, 2044, 628, 0.601, 237.26, 6.25, 0.605, 237.89, 5.69, 0.010, 292.67, -33.74);
insert into SHOT values (2039, 2032, 2045, 628, 1.079, 216.44, -2.50, 1.079, 217.08, -2.66, 0.012, 306.60, -13.58);
insert into SHOT values (2040, 2032, 2046, 628, 1.414, 359.84, 0.82, 1.420, 359.60, 0.81, 0.009, 315.83, -1.58);
insert into SHOT values (2041, 2046, 2047, 628, 1.023, 192.37, -2.42, 1.025, 192.41, -2.80, 0.007, 214.00, -73.90);
insert into SHOT values (2042, 2046, 2048, 628, 0.558, 202.28, -18.25, 0.559, 202.20, -18.78, 0.005, 66.87, -79.58);
insert into SHOT values (2043, 2046, 2049, 628, 0.362, 214.28, -35.43, 0.368, 214.22, -34.78, 0.007, 211.76, -1.13);
insert into SHOT values (2044, 2046, 2050, 628, 1.841, 224.23, 5.43, 1.847, 224.12, 5.28, 0.008, 193.95, -31.43);
insert into SHOT values (2045, 2046, 2051, 628, 1.259, 237.18, 1.06, 1.265, 236.94, 0.91, 0.009, 195.87, -22.40);
insert into SHOT values (2046, 2046, 2052, 628, 0.864, 259.89, -1.58, 0.865, 259.34, -1.99, 0.010, 178.27, -36.49);
insert into SHOT values (2047, 2046, 2053, 628, 1.025, 255.44, -2.64, 1.025, 255.28, -2.80, 0.004, 158.22, -45.54);
insert into SHOT values (2048, 2046, 2054, 628, 0.417, 244.39, -1.14, 0.412, 244.06, -1.39, 0.006, 87.78, -15.97);
insert into SHOT values (2049, 2046, 2055, 628, 0.388, 233.75, 4.84, 0.387, 233.43, 4.44, 0.004, 127.76, -50.68);
insert into SHOT values (2050, 2046, 2056, 628, 1.269, 238.15, 2.71, 1.272, 238.19, 2.70, 0.003, 252.52, 0.01);
insert into SHOT values (2051, 2046, 2057, 628, 1.329, 242.85, 0.71, 1.328, 242.66, 0.43, 0.008, 145.35, -56.43);
insert into SHOT values (2052, 2046, 2058, 628, 1.391, 248.42, 0.14, 1.391, 248.05, 0.00, 0.010, 157.39, -20.66);
insert into SHOT values (2053, 2046, 2059, 628, 1.492, 252.67, -2.10, 1.491, 252.42, -2.31, 0.009, 150.40, -38.65);
insert into SHOT values (2054, 2046, 2060, 628, 1.392, 250.54, -1.02, 1.392, 250.26, -1.23, 0.008, 160.25, -38.13);
insert into SHOT values (2055, 2046, 2061, 628, 1.380, 246.64, -1.60, 1.385, 246.58, -1.66, 0.005, 230.84, -17.37);
insert into SHOT values (2056, 2046, 2062, 628, 0.329, 243.39, -0.52, 0.327, 242.65, -1.75, 0.009, 122.44, -55.09);
insert into SHOT values (2057, 2046, 2063, 628, 0.248, 230.79, 4.58, 0.249, 229.90, 4.60, 0.004, 157.52, 2.81);
insert into SHOT values (2058, 2046, 2064, 628, 0.196, 226.11, 5.25, 0.199, 225.00, 5.77, 0.005, 172.07, 23.61);
insert into SHOT values (2059, 2046, 2065, 628, 2.068, 222.11, 8.11, 2.067, 222.03, 8.07, 0.003, 111.82, -30.36);
insert into SHOT values (2060, 2046, 2066, 628, 1.398, 111.48, 1.65, 1.401, 111.80, 1.64, 0.008, 182.67, -1.74);
insert into SHOT values (2061, 2046, 2067, 628, 1.407, 94.75, 1.42, 1.405, 94.90, 1.22, 0.006, 205.84, -50.58);
insert into SHOT values (2062, 2046, 2068, 628, 1.080, 326.19, -0.16, 1.073, 326.01, -0.53, 0.010, 172.21, -43.38);
insert into SHOT values (2063, 2046, 2069, 628, 0.865, 307.14, -1.91, 0.865, 307.00, -1.99, 0.002, 202.76, -29.22);
insert into SHOT values (2064, 2046, 2070, 628, 1.235, 334.42, -1.04, 1.230, 334.48, -0.93, 0.005, 139.34, 26.12);
insert into SHOT values (2065, 2068, 2071, 628, 0.355, 217.94, -9.59, 0.352, 219.17, -8.17, 0.012, 321.68, 49.75);
insert into SHOT values (2066, 2068, 2072, 628, 0.533, 267.76, -0.79, 0.530, 267.84, 0.00, 0.008, 71.31, 69.95);
insert into SHOT values (2067, 2068, 2073, 628, 1.007, 272.38, 1.11, 1.011, 272.83, 1.13, 0.009, 333.81, 3.07);
insert into SHOT values (2068, 2068, 2074, 628, 1.006, 280.28, -2.65, 1.007, 280.30, -2.28, 0.007, 300.87, 77.90);
insert into SHOT values (2069, 2068, 2075, 628, 1.491, 288.61, -4.25, 1.494, 288.80, -4.22, 0.006, 351.62, 5.03);
insert into SHOT values (2070, 2068, 2076, 628, 0.458, 309.34, -0.26, 0.455, 309.64, 0.00, 0.005, 94.24, 26.11);
insert into SHOT values (2071, 2068, 2077, 628, 0.358, 325.97, -3.40, 0.361, 326.31, -3.17, 0.004, 0.15, 17.77);
insert into SHOT values (2072, 2068, 2078, 628, 0.268, 8.09, -3.83, 0.273, 8.43, -2.10, 0.010, 24.39, 53.85);
insert into SHOT values (2073, 2068, 2079, 628, 0.291, 21.73, -3.19, 0.292, 22.17, -1.96, 0.007, 87.85, 68.45);
insert into SHOT values (2074, 2068, 2080, 628, 2.313, 94.14, 0.15, 2.316, 93.96, 0.25, 0.008, 23.87, 27.74);
insert into SHOT values (2075, 2068, 2081, 628, 2.475, 75.26, -0.96, 2.472, 75.23, -0.93, 0.004, 274.26, 24.72);
insert into SHOT values (2076, 2068, 2082, 628, 2.555, 68.34, -1.10, 2.554, 68.16, -0.90, 0.012, 329.62, 48.12);
insert into SHOT values (2077, 2068, 2083, 628, 2.989, 54.89, -1.51, 2.986, 54.82, -1.34, 0.010, 287.75, 63.25);
insert into SHOT values (2078, 2068, 2084, 628, 3.554, 43.06, -1.40, 3.560, 43.06, -1.29, 0.009, 47.56, 49.39);
insert into SHOT values (2079, 2068, 2085, 628, 4.028, 30.95, -0.30, 4.032, 30.89, -0.28, 0.006, 346.16, 10.98);
insert into SHOT values (2080, 2068, 2086, 628, 1.195, 88.49, 2.27, 1.192, 88.07, 2.40, 0.010, 336.71, 16.13);
insert into SHOT values (2081, 2086, 2087, 628, 1.286, 314.39, -3.72, 1.275, 314.36, -3.60, 0.011, 137.25, 18.23);
insert into SHOT values (2082, 2086, 2088, 628, 2.061, 323.43, -2.47, 2.054, 323.52, -2.51, 0.008, 117.84, -8.59);
insert into SHOT values (2083, 2086, 2089, 628, 2.170, 330.54, -2.86, 2.161, 330.58, -2.92, 0.009, 139.36, -10.59);
insert into SHOT values (2084, 2086, 2090, 628, 2.595, 334.40, -2.57, 2.588, 334.33, -2.44, 0.010, 178.09, 39.03);
insert into SHOT values (2085, 2086, 2091, 628, 4.535, 0.45, -1.22, 4.531, 0.51, -1.14, 0.009, 129.59, 47.46);
insert into SHOT values (2086, 2086, 2092, 628, 5.308, 359.15, -1.70, 5.303, 359.14, -1.73, 0.006, 191.19, -26.07);
insert into SHOT values (2087, 2086, 2093, 628, 5.458, 356.84, -1.22, 5.449, 356.84, -1.16, 0.011, 172.61, 36.08);
insert into SHOT values (2088, 2086, 2094, 628, 5.126, 354.63, -1.35, 5.124, 354.62, -1.34, 0.002, 183.59, 20.39);
insert into SHOT values (2089, 2086, 2095, 628, 1.046, 349.16, -8.33, 1.039, 349.35, -8.30, 0.008, 144.09, 10.87);
insert into SHOT values (2090, 2095, 2096, 628, 0.779, 268.27, 7.62, 0.777, 268.51, 7.40, 0.005, 27.81, -41.03);
insert into SHOT values (2091, 2095, 2097, 628, 0.833, 270.53, 3.52, 0.832, 270.69, 3.45, 0.003, 30.62, -22.69);
insert into SHOT values (2092, 2095, 2098, 628, 0.861, 277.12, 2.30, 0.858, 277.37, 2.00, 0.007, 47.14, -42.22);
insert into SHOT values (2093, 2095, 2099, 628, 1.462, 281.73, 4.15, 1.465, 281.85, 4.31, 0.006, 328.01, 44.43);
insert into SHOT values (2094, 2095, 2100, 628, 3.325, 282.62, 1.68, 3.323, 282.70, 1.72, 0.006, 39.44, 25.78);
insert into SHOT values (2095, 2095, 2101, 628, 3.525, 286.28, 0.87, 3.522, 286.33, 0.81, 0.005, 57.36, -41.76);
insert into SHOT values (2096, 2095, 2102, 628, 3.306, 290.48, 0.02, 3.310, 290.52, 0.00, 0.005, 320.11, -14.34);
insert into SHOT values (2097, 2095, 2103, 628, 3.258, 292.27, 0.56, 3.265, 292.32, 0.53, 0.008, 317.35, -13.76);
insert into SHOT values (2098, 2095, 2104, 628, 1.404, 293.89, 0.68, 1.401, 294.00, 0.82, 0.005, 67.47, 40.17);
insert into SHOT values (2099, 2095, 2105, 628, 1.215, 295.99, 0.58, 1.212, 295.93, 0.47, 0.004, 138.13, -36.15);
insert into SHOT values (2100, 2095, 2106, 628, 1.294, 318.88, 3.37, 1.292, 318.77, 3.55, 0.005, 188.03, 51.65);
insert into SHOT values (2101, 2095, 2107, 628, 1.631, 325.70, 3.75, 1.637, 325.73, 3.85, 0.007, 333.44, 28.12);
insert into SHOT values (2102, 2095, 2108, 628, 2.028, 329.07, 2.24, 2.029, 329.13, 2.26, 0.003, 43.25, 16.77);
insert into SHOT values (2103, 2095, 2109, 628, 2.053, 329.83, 1.47, 2.057, 329.94, 1.39, 0.007, 14.89, -24.17);
insert into SHOT values (2104, 2095, 2110, 628, 2.383, 344.26, 4.62, 2.388, 344.15, 4.56, 0.007, 304.78, -16.09);
insert into SHOT values (2105, 2110, 2111, 628, 0.937, 204.11, 0.78, 0.940, 203.84, 1.22, 0.009, 150.89, 52.83);
insert into SHOT values (2106, 2110, 2112, 628, 0.526, 217.29, -11.83, 0.526, 217.09, -12.08, 0.003, 101.88, -48.33);
insert into SHOT values (2107, 2110, 2113, 628, 0.777, 262.01, -1.55, 0.768, 261.76, -1.49, 0.009, 102.27, 6.19);
insert into SHOT values (2108, 2110, 2114, 628, 1.255, 312.50, 1.04, 1.253, 312.74, 1.37, 0.009, 65.82, 51.84);
insert into SHOT values (2109, 2110, 2115, 628, 1.763, 331.28, -4.46, 1.759, 331.39, -4.24, 0.009, 106.45, 55.42);
insert into SHOT values (2110, 2110, 2116, 628, 1.878, 5.88, -2.05, 1.872, 6.14, -1.84, 0.013, 131.52, 34.46);
insert into SHOT values (2111, 2110, 2117, 628, 1.706, 330.28, 5.51, 1.702, 330.26, 5.73, 0.008, 157.55, 50.61);
insert into SHOT values (2112, 2117, 2118, 628, 1.514, 298.86, 31.74, 1.512, 298.75, 31.50, 0.007, 238.53, -67.28);
insert into SURVEY values (630, 594, 'balresur2', 'balresur2.BallyResCave.Cong', NULL);
 insert into CENTRELINE values (631, 630, NULL, NULL, NULL, 0.00, 0.00, 0.00);
 insert into SCRAPS values (632, 630, 'balresur2SP1', 1, 0.81643, 0.11653);
 insert into MAPS values (640, 630, 'balresur2M', NULL, 1, 10.725, -0.880);
 insert into MAPITEMS values (640, 4, 632);
 insert into CENTRELINE values (641, 630, NULL, '2014-08-21', NULL, 10.72, 0.00, 0.00);
 insert into TOPO values (6, 641);
 insert into PERSON values (8, 'Elliott', 'Smith');
insert into TOPO values (8, 641);
 insert into SHOT values (2113, 2119, 2120, 641, 1.829, 108.30, -42.91, 1.831, 108.30, -43.06, 0.005, 286.88, -67.51);
insert into SHOT values (2114, 2121, 2122, 641, 2.068, 95.28, -36.67, 2.071, 95.16, -36.43, 0.010, 72.85, 29.99);
insert into SHOT values (2115, 2121, 2123, 641, 2.332, 88.61, -32.26, 2.337, 88.55, -32.05, 0.010, 76.38, 28.25);
insert into SHOT values (2116, 2121, 2124, 641, 2.495, 88.47, -29.65, 2.495, 88.42, -29.54, 0.005, 50.81, 53.40);
insert into SHOT values (2117, 2121, 2125, 641, 2.056, 116.84, -36.82, 2.055, 116.72, -36.77, 0.004, 24.70, 32.87);
insert into SHOT values (2118, 2121, 2126, 641, 2.193, 139.43, -14.78, 2.193, 139.40, -14.79, 0.001, 52.44, -27.23);
insert into SHOT values (2119, 2121, 2127, 641, 1.983, 134.32, -16.42, 1.990, 134.15, -16.35, 0.009, 97.00, 3.43);
insert into SHOT values (2120, 2121, 2128, 641, 1.861, 125.49, -21.88, 1.861, 125.35, -21.76, 0.006, 56.63, 37.45);
insert into SHOT values (2121, 2121, 2129, 641, 1.846, 120.12, -24.30, 1.848, 119.91, -24.28, 0.006, 48.04, -3.13);
insert into SHOT values (2122, 2121, 2130, 641, 1.804, 108.94, -25.79, 1.803, 108.66, -25.64, 0.009, 26.78, 31.33);
insert into SHOT values (2123, 2121, 2131, 641, 1.762, 99.34, -26.28, 1.762, 99.10, -26.28, 0.006, 9.43, 1.25);
insert into SHOT values (2124, 2121, 2132, 641, 1.830, 89.46, -26.33, 1.838, 89.31, -26.15, 0.011, 65.77, 8.77);
insert into SHOT values (2125, 2121, 2133, 641, 1.938, 83.30, -25.63, 1.944, 83.12, -25.61, 0.008, 37.37, -12.59);
insert into SHOT values (2126, 2121, 2134, 641, 1.997, 77.04, -24.36, 2.002, 77.03, -24.18, 0.008, 74.93, 26.55);
insert into SHOT values (2127, 2121, 2135, 641, 2.267, 74.64, -22.29, 2.275, 74.58, -22.21, 0.009, 59.73, -0.94);
insert into SHOT values (2128, 2121, 2136, 641, 2.596, 73.85, -19.96, 2.600, 73.86, -19.78, 0.009, 79.29, 44.12);
insert into SHOT values (2129, 2121, 2137, 641, 1.426, 70.01, -15.69, 1.434, 70.12, -15.37, 0.011, 86.41, 29.69);
insert into SHOT values (2130, 2121, 2138, 641, 1.531, 65.53, -9.38, 1.537, 65.46, -9.36, 0.007, 50.61, -4.06);
insert into SHOT values (2131, 2121, 2139, 641, 1.751, 59.90, -9.11, 1.755, 59.89, -8.85, 0.009, 56.13, 54.62);
insert into SHOT values (2132, 2121, 2140, 641, 2.091, 52.64, -10.45, 2.097, 52.69, -10.44, 0.006, 69.41, -7.03);
insert into SHOT values (2133, 2121, 2141, 641, 2.206, 50.10, -5.59, 2.211, 50.16, -5.45, 0.008, 74.29, 39.30);
insert into SHOT values (2134, 2121, 2142, 641, 1.905, 45.09, -13.15, 1.909, 45.22, -13.02, 0.007, 87.39, 28.32);
insert into SHOT values (2135, 2121, 2143, 641, 2.143, 30.50, -12.16, 2.150, 30.59, -12.08, 0.009, 54.29, 9.49);
insert into SHOT values (2136, 2121, 2144, 641, 3.095, 48.99, -1.75, 3.099, 49.06, -1.66, 0.007, 90.68, 38.35);
insert into SHOT values (2137, 2121, 2145, 641, 3.429, 26.69, -0.16, 3.435, 26.64, -0.17, 0.006, 359.67, -3.85);
insert into SHOT values (2138, 2121, 2119, 641, 2.162, 59.40, -24.22, 2.164, 59.28, -23.99, 0.010, 25.08, 45.17);
insert into SHOT values (2139, 2119, 2146, 641, 0.591, 316.72, 9.17, 0.587, 316.40, 8.82, 0.006, 179.89, -41.45);
insert into SHOT values (2140, 2119, 2147, 641, 0.724, 344.35, 10.91, 0.718, 344.39, 10.43, 0.009, 158.34, -55.14);
insert into SHOT values (2141, 2119, 2148, 641, 1.340, 9.52, 6.59, 1.337, 9.53, 6.44, 0.005, 182.06, -53.25);
insert into SHOT values (2142, 2119, 2149, 641, 1.719, 19.52, 10.42, 1.717, 19.72, 10.40, 0.006, 124.17, -8.23);
insert into SHOT values (2143, 2119, 2150, 641, 2.020, 23.07, 10.06, 2.020, 23.09, 9.98, 0.003, 83.21, -76.04);
insert into SHOT values (2144, 2119, 2151, 641, 1.786, 106.09, -42.60, 1.793, 106.24, -42.45, 0.009, 129.92, -7.06);
insert into SHOT values (2145, 2119, 2152, 641, 1.585, 121.18, -9.72, 1.589, 121.15, -9.78, 0.004, 110.10, -33.60);
insert into SHOT values (2146, 2119, 2153, 641, 0.579, 140.22, 1.40, 0.583, 140.57, 0.98, 0.007, 184.17, -38.58);
insert into SHOT values (2147, 2119, 2154, 641, 0.785, 116.00, -1.28, 0.792, 116.24, -1.45, 0.008, 142.46, -18.05);
insert into SHOT values (2148, 2119, 2155, 641, 0.548, 140.64, 1.61, 0.555, 140.86, 1.03, 0.009, 158.29, -37.72);
insert into SHOT values (2149, 2119, 2156, 641, 0.737, 115.95, -1.75, 0.734, 115.87, -2.34, 0.008, 314.06, -65.99);
insert into SHOT values (2150, 2119, 2157, 641, 1.082, 108.58, 3.15, 1.089, 108.77, 3.16, 0.008, 134.43, 3.75);
insert into SHOT values (2151, 2119, 2158, 641, 1.500, 98.45, 3.15, 1.498, 98.46, 3.06, 0.003, 270.76, -58.52);
insert into SHOT values (2152, 2119, 2159, 641, 2.178, 86.14, 3.38, 2.178, 86.31, 3.16, 0.011, 173.58, -52.29);
insert into SHOT values (2153, 2119, 2160, 641, 2.517, 81.87, 2.36, 2.516, 82.00, 2.28, 0.007, 175.77, -32.24);
insert into SHOT values (2154, 2119, 2161, 641, 2.201, 67.90, 4.46, 2.205, 68.10, 4.42, 0.009, 129.24, -7.37);
insert into SHOT values (2155, 2161, 2162, 641, 2.221, 327.68, 1.44, 2.226, 327.67, 1.29, 0.007, 322.76, -51.10);
insert into SHOT values (2156, 2161, 2163, 641, 2.730, 330.46, -1.39, 2.737, 330.44, -1.47, 0.008, 322.52, -28.04);
insert into SHOT values (2157, 2161, 2164, 641, 2.601, 341.30, 0.21, 2.609, 341.22, 0.22, 0.009, 316.76, 3.06);
insert into SHOT values (2158, 2161, 2165, 641, 2.694, 346.95, -0.66, 2.700, 346.94, -0.64, 0.006, 344.40, 9.76);
insert into SHOT values (2159, 2161, 2166, 641, 2.870, 351.25, -1.03, 2.874, 351.19, -1.00, 0.005, 319.21, 17.24);
insert into SHOT values (2160, 2161, 2167, 641, 3.460, 342.47, -1.03, 3.464, 342.35, -1.16, 0.011, 279.15, -44.46);
insert into SHOT values (2161, 2161, 2168, 641, 2.044, 321.33, 3.16, 2.052, 321.34, 3.07, 0.009, 324.55, -18.23);
insert into SHOT values (2162, 2161, 2169, 641, 2.106, 7.41, 0.79, 2.108, 7.36, 0.82, 0.003, 320.01, 22.58);
insert into SHOT values (2163, 2161, 2170, 641, 1.709, 0.47, 0.62, 1.710, 0.34, 0.67, 0.004, 286.36, 20.15);
insert into SHOT values (2164, 2161, 2171, 641, 1.354, 355.54, 1.32, 1.355, 355.34, 1.27, 0.005, 275.66, -14.22);
insert into SHOT values (2165, 2161, 2172, 641, 2.950, 44.19, -3.19, 2.954, 44.04, -3.30, 0.010, 339.39, -34.55);
insert into SHOT values (2166, 2172, 2173, 641, 2.479, 216.18, 5.06, 2.486, 216.13, 5.08, 0.007, 199.38, 10.70);
insert into SHOT values (2167, 2172, 2174, 641, 2.085, 208.46, 3.84, 2.085, 208.41, 3.85, 0.002, 129.09, 12.50);
insert into SHOT values (2168, 2172, 2175, 641, 2.180, 198.87, 3.78, 2.184, 199.02, 3.94, 0.009, 256.14, 42.89);
insert into SHOT values (2169, 2172, 2176, 641, 1.982, 188.04, 2.30, 1.991, 188.09, 2.30, 0.010, 198.91, 2.75);
insert into SHOT values (2170, 2172, 2177, 641, 1.930, 181.03, 1.28, 1.931, 181.19, 1.48, 0.009, 261.66, 51.59);
insert into SHOT values (2171, 2172, 2178, 641, 1.237, 171.04, -1.18, 1.245, 171.22, -0.92, 0.010, 197.71, 31.95);
insert into SHOT values (2172, 2172, 2179, 641, 1.291, 139.89, -2.55, 1.293, 140.02, -2.22, 0.008, 194.70, 63.12);
insert into SHOT values (2173, 2172, 2180, 641, 1.047, 111.42, -7.77, 1.042, 111.60, -7.72, 0.006, 258.33, 14.80);
insert into SHOT values (2174, 2172, 2181, 641, 1.769, 91.06, -6.54, 1.772, 91.30, -6.48, 0.008, 159.62, 10.41);
insert into SHOT values (2175, 2172, 2182, 641, 2.205, 75.80, -4.18, 2.201, 76.03, -4.17, 0.010, 191.34, 4.24);
insert into SHOT values (2176, 2172, 2183, 641, 2.815, 47.88, -4.30, 2.812, 47.89, -4.28, 0.004, 216.49, 17.24);
insert into SHOT values (2177, 2172, 2184, 641, 2.747, 34.23, -5.92, 2.735, 34.22, -5.88, 0.012, 217.01, 16.20);
insert into SHOT values (2178, 2172, 2185, 641, 2.691, 34.90, -5.79, 2.685, 34.94, -5.77, 0.006, 196.15, 13.64);
insert into SHOT values (2179, 2172, 2186, 641, 2.846, 23.36, -6.84, 2.842, 23.39, -6.87, 0.004, 184.26, -14.08);
insert into SHOT values (2180, 2172, 2187, 641, 3.141, 14.66, -5.87, 3.138, 14.66, -5.85, 0.003, 192.45, 22.97);
insert into SHOT values (2181, 2172, 2188, 641, 2.357, 10.25, -7.60, 2.347, 10.15, -7.59, 0.011, 211.93, 9.23);
insert into SHOT values (2182, 2172, 2189, 641, 1.735, 1.05, -8.19, 1.727, 1.01, -7.99, 0.010, 191.22, 45.03);
insert into SHOT values (2183, 2172, 2190, 641, 1.727, 347.32, -4.61, 1.718, 347.18, -4.67, 0.010, 192.37, -7.07);
insert into SHOT values (2184, 2172, 2191, 641, 2.064, 328.53, -7.31, 2.059, 328.41, -7.25, 0.007, 190.87, 23.00);
insert into SHOT values (2185, 2172, 2192, 641, 2.308, 252.57, 5.22, 2.306, 252.51, 5.23, 0.003, 116.54, 0.32);
insert into SHOT values (2186, 2172, 2193, 641, 2.247, 257.98, 5.11, 2.249, 257.89, 5.10, 0.004, 194.98, -1.97);
insert into SHOT values (2187, 2172, 2194, 641, 1.942, 266.60, 4.53, 1.940, 266.44, 4.73, 0.009, 153.70, 49.32);
insert into SHOT values (2188, 2172, 2195, 641, 1.791, 330.97, -2.15, 1.787, 330.85, -1.92, 0.009, 196.41, 54.90);
insert into SHOT values (2189, 2172, 2196, 641, 1.935, 317.40, -1.92, 1.933, 317.31, -1.78, 0.006, 194.71, 53.25);
insert into SHOT values (2190, 2172, 2197, 641, 2.207, 255.37, 6.11, 2.215, 255.27, 6.22, 0.010, 229.99, 30.16);
insert into SHOT values (2191, 2172, 2198, 641, 1.967, 264.15, 5.62, 1.970, 264.14, 5.83, 0.008, 261.64, 69.97);
insert into SHOT values (2192, 2172, 2199, 641, 1.985, 270.85, 5.11, 1.988, 270.58, 5.19, 0.010, 198.58, 18.17);
insert into SHOT values (2193, 2172, 2200, 641, 2.112, 282.64, 4.27, 2.117, 282.59, 4.33, 0.006, 260.91, 29.05);
insert into SHOT values (2194, 2172, 2201, 641, 3.412, 301.45, 1.64, 3.407, 301.31, 1.68, 0.010, 182.14, 14.08);
insert into SURVEY values (643, 594, 'balresur3', 'balresur3.BallyResCave.Cong', NULL);
 insert into CENTRELINE values (644, 643, NULL, NULL, NULL, 0.00, 0.00, 0.00);
 insert into SCRAPS values (645, 643, 'balresur3SP1', 1, 0.70481, 0.07899);
 insert into SCRAPS values (656, 643, 'balresur3SE1', 4, 0.00000, 0.00000);
 insert into MAPS values (658, 643, 'balresur3M', NULL, 1, 17.094, -2.330);
 insert into MAPITEMS values (658, 4, 645);
 insert into MAPS values (659, 643, 'balresur3ME', NULL, 4, 0.000, 0.00);
 insert into MAPITEMS values (659, 4, 656);
 insert into CENTRELINE values (660, 643, NULL, '2014-08-21', NULL, 11.28, 0.00, 0.00);
 insert into TOPO values (6, 660);
 insert into TOPO values (8, 660);
 insert into SHOT values (2195, 2202, 2203, 660, 2.360, 154.05, 3.60, 2.357, 153.76, 3.65, 0.012, 49.74, 8.52);
insert into SHOT values (2196, 2202, 2204, 660, 1.761, 150.44, 6.70, 1.764, 150.21, 6.84, 0.009, 79.72, 32.19);
insert into SHOT values (2197, 2202, 2205, 660, 1.427, 132.31, 3.31, 1.433, 132.17, 3.60, 0.010, 99.51, 49.40);
insert into SHOT values (2198, 2202, 2206, 660, 1.172, 100.84, -1.07, 1.181, 100.74, -0.97, 0.009, 87.96, 11.70);
insert into SHOT values (2199, 2202, 2207, 660, 1.370, 77.82, -2.44, 1.372, 77.79, -2.51, 0.003, 60.81, -35.28);
insert into SHOT values (2200, 2202, 2208, 660, 1.721, 59.92, -0.48, 1.725, 59.72, -0.33, 0.009, 6.68, 30.72);
insert into SHOT values (2201, 2202, 2209, 660, 3.432, 47.67, 0.28, 3.440, 47.59, 0.33, 0.010, 18.41, 19.18);
insert into SHOT values (2202, 2202, 2210, 660, 3.665, 38.16, -0.08, 3.675, 38.15, 0.00, 0.011, 34.84, 27.25);
insert into SHOT values (2203, 2202, 2211, 660, 3.771, 30.18, -1.07, 3.774, 30.23, -1.06, 0.005, 82.28, 5.02);
insert into SHOT values (2204, 2202, 2212, 660, 2.246, 50.32, -7.84, 2.251, 50.46, -7.66, 0.010, 95.54, 39.66);
insert into SHOT values (2205, 2202, 2213, 660, 1.919, 44.15, -15.25, 1.919, 44.13, -15.10, 0.005, 17.25, 71.63);
insert into SHOT values (2206, 2202, 2214, 660, 2.143, 29.58, -12.95, 2.150, 29.74, -12.90, 0.010, 68.15, 1.44);
insert into SHOT values (2207, 2202, 2215, 660, 2.416, 22.98, -9.59, 2.422, 22.92, -9.51, 0.007, 0.42, 20.24);
insert into SHOT values (2208, 2202, 2216, 660, 2.198, 12.72, -9.07, 2.200, 12.76, -8.89, 0.007, 38.55, 61.74);
insert into SHOT values (2209, 2202, 2217, 660, 1.783, 10.46, -0.34, 1.791, 10.62, -0.32, 0.009, 43.84, 3.60);
insert into SHOT values (2210, 2202, 2218, 660, 1.391, 359.77, 3.14, 1.392, 0.00, 3.29, 0.007, 78.96, 33.53);
insert into SHOT values (2211, 2202, 2219, 660, 1.202, 342.36, 1.20, 1.205, 342.62, 1.43, 0.008, 41.40, 37.11);
insert into SHOT values (2212, 2202, 2220, 660, 1.344, 328.92, 1.43, 1.342, 329.04, 1.71, 0.007, 100.47, 60.09);
insert into SHOT values (2213, 2202, 2221, 660, 1.859, 317.85, -11.30, 1.862, 318.11, -11.15, 0.010, 21.76, 24.91);
insert into SHOT values (2214, 2202, 2222, 660, 2.080, 313.98, -2.60, 2.081, 314.22, -2.48, 0.010, 36.17, 26.06);
insert into SHOT values (2215, 2202, 2223, 660, 2.637, 309.81, -1.10, 2.634, 309.92, -1.09, 0.006, 68.84, 6.18);
insert into SHOT values (2216, 2202, 2224, 660, 3.115, 303.86, -1.96, 3.114, 304.00, -1.84, 0.010, 43.43, 40.49);
insert into SHOT values (2217, 2202, 2225, 660, 3.114, 296.16, -0.89, 3.113, 296.32, -0.92, 0.009, 32.70, -10.52);
insert into SHOT values (2218, 2202, 2226, 660, 4.126, 293.43, -1.18, 4.121, 293.45, -1.11, 0.007, 91.09, 44.43);
insert into SHOT values (2219, 2202, 2227, 660, 4.562, 286.92, -0.20, 4.558, 286.96, -0.13, 0.008, 61.26, 48.76);
insert into SHOT values (2220, 2202, 2228, 660, 5.699, 285.27, -1.01, 5.692, 285.28, -1.01, 0.007, 93.70, 3.71);
insert into SHOT values (2221, 2202, 2229, 660, 5.186, 279.20, -0.82, 5.177, 279.23, -0.77, 0.010, 82.42, 25.41);
insert into SHOT values (2222, 2202, 2230, 660, 4.923, 266.36, 0.48, 4.920, 266.39, 0.47, 0.004, 46.26, -17.30);
insert into SHOT values (2223, 2202, 2231, 660, 5.640, 253.13, 2.99, 5.630, 253.14, 3.05, 0.012, 64.29, 27.95);
insert into SHOT values (2224, 2202, 2232, 660, 3.192, 286.73, -4.54, 3.186, 286.84, -4.50, 0.009, 60.42, 17.52);
insert into SHOT values (2225, 2232, 2233, 660, 1.705, 287.30, -0.92, 1.708, 287.37, -1.01, 0.005, 323.32, -34.05);
insert into SHOT values (2226, 2232, 2234, 660, 2.514, 283.67, 3.01, 2.514, 283.59, 2.96, 0.004, 189.87, -31.74);
insert into SHOT values (2227, 2232, 2235, 660, 2.291, 285.29, 2.17, 2.292, 285.19, 2.25, 0.005, 204.55, 39.30);
insert into SHOT values (2228, 2232, 2236, 660, 0.936, 244.15, -23.55, 0.931, 244.33, -23.42, 0.006, 27.56, 40.32);
insert into SHOT values (2229, 2232, 2237, 660, 1.127, 220.16, -4.21, 1.131, 220.33, -4.06, 0.006, 259.21, 27.46);
insert into SHOT values (2230, 2232, 2238, 660, 1.509, 210.11, 12.77, 1.506, 210.23, 12.65, 0.005, 330.42, -44.61);
insert into SHOT values (2231, 2232, 2239, 660, 2.032, 199.28, 12.04, 2.036, 199.34, 11.90, 0.007, 223.45, -34.22);
insert into SHOT values (2232, 2232, 2240, 660, 2.527, 192.17, 10.00, 2.526, 192.30, 10.03, 0.006, 296.28, 11.03);
insert into SHOT values (2233, 2232, 2241, 660, 2.928, 188.14, 8.32, 2.929, 188.13, 8.24, 0.004, 177.41, -61.65);
insert into SHOT values (2234, 2232, 2242, 660, 3.130, 183.27, 7.14, 3.130, 183.32, 7.16, 0.003, 282.82, 17.40);
insert into SHOT values (2235, 2232, 2243, 660, 2.813, 169.04, -2.52, 2.813, 169.13, -2.44, 0.006, 257.22, 39.06);
insert into SHOT values (2236, 2232, 2244, 660, 2.277, 163.81, -7.65, 2.279, 163.81, -7.56, 0.004, 166.46, 47.36);
insert into SHOT values (2237, 2232, 2245, 660, 1.801, 160.77, -11.43, 1.804, 160.85, -11.51, 0.005, 204.70, -40.95);
insert into SHOT values (2238, 2232, 2246, 660, 1.321, 163.94, -13.32, 1.323, 164.24, -13.11, 0.009, 230.22, 30.49);
insert into SHOT values (2239, 2232, 2247, 660, 0.948, 152.64, -26.85, 0.948, 152.53, -26.96, 0.003, 47.08, -46.89);
insert into SHOT values (2240, 2232, 2248, 660, 4.659, 193.62, 11.29, 4.659, 193.67, 11.26, 0.005, 275.42, -25.98);
insert into SHOT values (2241, 2248, 2249, 660, 2.597, 337.35, -7.20, 2.597, 337.41, -7.08, 0.006, 46.12, 59.54);
insert into SHOT values (2242, 2248, 2250, 660, 2.426, 318.85, -3.39, 2.421, 318.86, -3.32, 0.006, 133.47, 34.30);
insert into SHOT values (2243, 2248, 2251, 660, 2.560, 311.21, -3.67, 2.556, 311.19, -3.59, 0.005, 146.44, 46.69);
insert into SHOT values (2244, 2248, 2252, 660, 3.092, 307.98, -2.73, 3.088, 308.02, -2.78, 0.005, 96.39, -31.01);
insert into SHOT values (2245, 2248, 2253, 660, 1.797, 281.53, 4.46, 1.792, 281.62, 4.48, 0.006, 69.93, 2.58);
insert into SHOT values (2246, 2248, 2254, 660, 1.684, 271.39, 5.52, 1.678, 271.37, 5.47, 0.006, 95.86, -19.15);
insert into SHOT values (2247, 2248, 2255, 660, 1.355, 264.10, 8.17, 1.351, 263.99, 8.09, 0.005, 116.58, -28.96);
insert into SHOT values (2248, 2248, 2256, 660, 1.372, 243.26, 10.24, 1.369, 243.05, 10.52, 0.009, 113.21, 44.36);
insert into SHOT values (2249, 2248, 2257, 660, 1.288, 223.61, 14.56, 1.288, 223.70, 14.85, 0.007, 356.17, 66.69);
insert into SHOT values (2250, 2248, 2258, 660, 1.276, 236.57, 32.88, 1.271, 236.46, 32.87, 0.005, 84.64, -32.26);
insert into SHOT values (2251, 2248, 2259, 660, 1.041, 259.59, 39.34, 1.040, 259.25, 39.38, 0.005, 157.62, 1.04);
insert into SHOT values (2252, 2248, 2260, 660, 0.817, 308.52, 40.28, 0.820, 308.52, 40.24, 0.003, 308.41, 31.04);
insert into SHOT values (2253, 2248, 2261, 660, 1.035, 329.67, 40.69, 1.038, 330.16, 40.94, 0.009, 67.34, 37.24);
insert into SHOT values (2254, 2248, 2262, 660, 1.311, 346.61, 22.67, 1.316, 346.65, 22.81, 0.006, 3.52, 55.89);
insert into SHOT values (2255, 2248, 2263, 660, 1.233, 357.57, 9.99, 1.231, 357.63, 10.30, 0.007, 154.38, 59.74);
insert into SHOT values (2256, 2248, 2264, 660, 1.321, 12.26, 10.20, 1.322, 12.43, 10.46, 0.007, 96.94, 56.57);
insert into SHOT values (2257, 2248, 2265, 660, 1.487, 23.73, 10.71, 1.491, 23.76, 10.83, 0.005, 40.74, 49.01);
insert into SHOT values (2258, 2248, 2266, 660, 1.910, 33.67, 8.11, 1.908, 33.77, 8.14, 0.004, 155.03, 7.58);
insert into SHOT values (2259, 2248, 2267, 660, 2.382, 39.80, 11.46, 2.384, 39.96, 11.61, 0.010, 122.35, 44.76);
insert into SHOT values (2260, 2248, 2268, 660, 2.701, 48.64, 16.54, 2.705, 48.75, 16.54, 0.007, 98.73, 8.99);
insert into SHOT values (2261, 2248, 2269, 660, 1.137, 74.01, 19.34, 1.136, 74.28, 19.55, 0.007, 193.28, 31.08);
insert into SHOT values (2262, 2269, 2270, 660, 2.394, 243.66, 7.67, 2.387, 243.65, 7.70, 0.007, 65.69, 4.03);
insert into SHOT values (2263, 2269, 2271, 660, 2.571, 233.20, 6.63, 2.568, 233.13, 6.71, 0.006, 91.39, 33.11);
insert into SHOT values (2264, 2269, 2272, 660, 2.201, 211.67, 6.51, 2.196, 211.50, 6.54, 0.008, 81.42, 3.22);
insert into SHOT values (2265, 2269, 2273, 660, 2.182, 193.04, 5.44, 2.176, 193.07, 5.54, 0.007, 0.14, 26.93);
insert into SHOT values (2266, 2269, 2274, 660, 1.476, 191.24, 13.63, 1.470, 191.31, 13.77, 0.007, 356.16, 17.41);
insert into SHOT values (2267, 2269, 2275, 660, 1.896, 179.40, 5.50, 1.889, 179.39, 5.47, 0.007, 1.21, -13.52);
insert into SHOT values (2268, 2269, 2276, 660, 1.796, 156.12, 3.68, 1.789, 155.87, 3.52, 0.011, 26.29, -28.16);
insert into SHOT values (2269, 2269, 2277, 660, 1.981, 139.33, 4.64, 1.977, 139.11, 4.64, 0.008, 22.58, -1.77);
insert into SHOT values (2270, 2269, 2278, 660, 2.961, 133.50, 6.43, 2.961, 133.35, 6.40, 0.008, 46.51, -11.74);
insert into SHOT values (2271, 2269, 2279, 660, 2.963, 130.11, 7.34, 2.963, 130.03, 7.37, 0.004, 36.44, 20.16);
insert into CENTRELINE values (661, 643, NULL, '2014-08-23', NULL, 5.82, 0.00, 0.00);
 insert into TOPO values (6, 661);
 insert into PERSON values (9, 'Sara', 'Karbassi');
insert into TOPO values (9, 661);
 insert into SHOT values (2272, 2269, 2280, 661, 1.886, 180.69, 5.52, 1.879, 180.61, 5.50, 0.008, 19.76, -10.64);
insert into SHOT values (2273, 2269, 2281, 661, 1.741, 169.55, 6.08, 1.739, 169.34, 5.94, 0.008, 67.35, -34.31);
insert into SHOT values (2274, 2269, 2282, 661, 1.808, 154.87, 4.50, 1.808, 154.71, 4.44, 0.005, 68.26, -20.88);
insert into SHOT values (2275, 2269, 2283, 661, 1.984, 139.17, 4.07, 1.982, 138.90, 4.05, 0.010, 39.39, -4.88);
insert into SHOT values (2276, 2269, 2284, 661, 2.362, 122.84, 14.17, 2.366, 122.72, 14.19, 0.006, 72.14, 16.25);
insert into SHOT values (2277, 2269, 2285, 661, 2.524, 115.35, 21.86, 2.525, 115.25, 21.85, 0.004, 46.33, 2.93);
insert into SHOT values (2278, 2269, 2286, 661, 2.484, 92.64, 11.95, 2.485, 92.59, 11.84, 0.005, 52.17, -54.86);
insert into SHOT values (2279, 2269, 2287, 661, 3.324, 84.18, 10.04, 3.329, 84.05, 10.03, 0.009, 25.28, 3.28);
insert into SHOT values (2280, 2269, 2288, 661, 1.986, 135.71, 9.33, 1.985, 135.62, 9.28, 0.004, 28.55, -32.06);
insert into SHOT values (2281, 2269, 2289, 661, 3.829, 76.57, 15.77, 3.835, 76.53, 15.73, 0.007, 55.48, -5.03);
insert into SHOT values (2282, 2289, 2290, 661, 0.901, 214.48, -14.97, 0.906, 214.78, -14.70, 0.008, 251.15, 19.66);
insert into SHOT values (2283, 2289, 2291, 661, 0.825, 192.56, -18.02, 0.821, 192.61, -18.46, 0.008, 5.80, -39.57);
insert into SHOT values (2284, 2289, 2292, 661, 1.492, 180.20, -14.53, 1.489, 180.40, -14.78, 0.009, 310.53, -40.81);
insert into SHOT values (2285, 2289, 2293, 661, 2.113, 186.17, -5.84, 2.114, 186.28, -5.97, 0.006, 268.10, -50.42);
insert into SHOT values (2286, 2289, 2294, 661, 2.380, 195.30, 1.72, 2.376, 195.38, 1.69, 0.005, 333.32, -15.49);
insert into SHOT values (2287, 2289, 2295, 661, 2.166, 189.31, -3.05, 2.162, 189.33, -3.18, 0.007, 358.12, -46.87);
insert into SHOT values (2288, 2289, 2296, 661, 2.657, 173.49, -5.15, 2.658, 173.49, -5.18, 0.002, 186.84, -61.82);
insert into SHOT values (2289, 2289, 2297, 661, 2.387, 165.72, -5.12, 2.381, 165.85, -5.06, 0.008, 301.65, 21.61);
insert into SHOT values (2290, 2289, 2298, 661, 2.147, 160.38, -4.31, 2.150, 160.38, -4.27, 0.004, 162.58, 20.83);
insert into SHOT values (2291, 2289, 2299, 661, 1.604, 155.52, -4.00, 1.606, 155.67, -3.93, 0.005, 219.28, 21.24);
insert into SHOT values (2292, 2289, 2300, 661, 1.107, 139.03, -6.33, 1.105, 139.06, -6.23, 0.003, 297.21, 52.17);
insert into SHOT values (2293, 2289, 2301, 661, 0.957, 116.46, -3.76, 0.950, 116.29, -3.62, 0.008, 318.06, 20.55);
insert into SHOT values (2294, 2289, 2302, 661, 1.034, 79.04, -1.92, 1.030, 78.80, -2.22, 0.008, 307.44, -42.98);
insert into SHOT values (2295, 2289, 2303, 661, 1.154, 62.57, -12.34, 1.155, 62.53, -12.51, 0.003, 318.04, -75.52);
insert into SHOT values (2296, 2289, 2304, 661, 1.288, 47.68, -8.20, 1.287, 47.54, -8.04, 0.005, 302.86, 50.32);
insert into SHOT values (2297, 2289, 2305, 661, 1.323, 27.39, -4.66, 1.319, 27.15, -4.78, 0.007, 262.92, -20.73);
insert into SHOT values (2298, 2289, 2306, 661, 2.712, 234.35, -18.29, 2.717, 234.46, -18.23, 0.008, 276.31, 8.15);
insert into SHOT values (2299, 2289, 2307, 661, 2.473, 240.42, -17.07, 2.479, 240.41, -17.13, 0.006, 234.13, -38.93);
insert into SHOT values (2300, 2289, 2308, 661, 2.677, 246.77, -15.38, 2.676, 246.71, -15.39, 0.003, 135.46, -0.16);
insert into SHOT values (2301, 2289, 2309, 661, 2.907, 252.20, -13.00, 2.910, 252.14, -12.91, 0.006, 217.64, 37.57);
insert into SHOT values (2302, 2289, 2310, 661, 2.751, 269.95, -36.66, 2.752, 270.00, -36.58, 0.005, 302.06, 34.05);
insert into SHOT values (2303, 2289, 2311, 661, 2.261, 277.84, -34.97, 2.267, 277.74, -35.00, 0.007, 239.35, -38.00);
insert into SHOT values (2304, 2289, 2312, 661, 2.145, 284.31, -34.53, 2.146, 284.43, -34.64, 0.006, 35.08, -45.96);
insert into SHOT values (2305, 2289, 2313, 661, 2.423, 290.17, -34.28, 2.426, 290.15, -34.38, 0.005, 245.85, -82.30);
insert into SURVEY values (663, 594, 'balresur4', 'balresur4.BallyResCave.Cong', NULL);
 insert into CENTRELINE values (664, 663, NULL, NULL, NULL, 0.00, 0.00, 0.00);
 insert into SCRAPS values (665, 663, 'balresur4SP1', 1, 0.41746, 0.04719);
 insert into SCRAPS values (694, 663, 'balresur4SPX4.15', 2, 0.00000, 0.00000);
 insert into SCRAPS values (696, 663, 'balresur4SPX4.11', 2, 0.00000, 0.00000);
 insert into SCRAPS values (698, 663, 'balresur4SPX4.8', 2, 0.00000, 0.00000);
 insert into SCRAPS values (700, 663, 'balresur4SPX4.6', 2, 0.00000, 0.00000);
 insert into SCRAPS values (702, 663, 'balresur4SPX4.1', 2, 0.00000, 0.00000);
 insert into SCRAPS values (704, 663, 'balresur4SE1', 4, 0.00000, 0.00000);
 insert into MAPS values (706, 663, 'balresur4M', NULL, 1, 57.579, -2.250);
 insert into MAPITEMS values (706, 4, 665);
 insert into MAPS values (707, 663, 'balresur4ME', NULL, 4, 0.000, 0.00);
 insert into MAPITEMS values (707, 4, 704);
 insert into CENTRELINE values (708, 663, NULL, '2014-08-23', NULL, 57.16, 0.00, 0.00);
 insert into TOPO values (6, 708);
 insert into TOPO values (9, 708);
 insert into SHOT values (2306, 2314, 2315, 708, 3.169, 3.94, 5.95, 3.175, 4.00, 5.97, 0.007, 32.46, 12.92);
insert into SHOT values (2307, 2315, 2316, 708, 1.265, 175.54, -12.37, 1.263, 175.35, -12.34, 0.004, 64.05, 12.96);
insert into SHOT values (2308, 2315, 2317, 708, 1.744, 188.95, -7.27, 1.745, 188.97, -7.24, 0.002, 220.15, 26.26);
insert into SHOT values (2309, 2315, 2318, 708, 2.015, 194.68, -6.25, 2.018, 194.73, -6.26, 0.003, 226.14, -10.58);
insert into SHOT values (2310, 2315, 2319, 708, 2.138, 205.06, -6.60, 2.143, 205.00, -6.43, 0.008, 184.39, 43.28);
insert into SHOT values (2311, 2315, 2320, 708, 1.726, 214.58, -8.12, 1.728, 214.53, -7.98, 0.005, 184.66, 50.23);
insert into SHOT values (2312, 2315, 2321, 708, 1.249, 219.53, -11.56, 1.254, 219.39, -11.50, 0.006, 190.85, 2.66);
insert into SHOT values (2313, 2315, 2322, 708, 1.063, 237.12, -17.29, 1.059, 237.09, -17.02, 0.006, 66.48, 66.52);
insert into SHOT values (2314, 2315, 2323, 708, 0.812, 230.72, -29.43, 0.815, 230.71, -29.37, 0.004, 229.08, -16.55);
insert into SHOT values (2315, 2315, 2324, 708, 1.831, 222.59, -9.98, 1.833, 222.53, -10.05, 0.004, 171.80, -48.40);
insert into SHOT values (2316, 2315, 2325, 708, 1.836, 229.05, -4.41, 1.834, 228.99, -4.38, 0.003, 94.71, 24.59);
insert into SHOT values (2317, 2315, 2326, 708, 1.268, 241.51, -19.70, 1.270, 241.50, -19.79, 0.003, 236.37, -69.51);
insert into SHOT values (2318, 2315, 2327, 708, 1.634, 252.10, -11.90, 1.633, 252.13, -12.02, 0.004, 45.15, -55.80);
insert into SHOT values (2319, 2315, 2328, 708, 1.829, 249.76, -2.96, 1.825, 249.78, -2.83, 0.006, 62.56, 46.42);
insert into SHOT values (2320, 2315, 2329, 708, 2.145, 249.18, 0.12, 2.140, 249.19, 0.27, 0.008, 63.43, 45.09);
insert into SHOT values (2321, 2315, 2330, 708, 1.361, 345.24, -17.30, 1.353, 345.21, -17.19, 0.008, 170.54, 35.48);
insert into SHOT values (2322, 2315, 2331, 708, 2.277, 336.03, -13.28, 2.272, 335.98, -13.23, 0.006, 175.77, 31.49);
insert into SHOT values (2323, 2315, 2332, 708, 2.610, 332.90, -12.12, 2.608, 332.93, -12.18, 0.004, 122.86, -33.64);
insert into SHOT values (2324, 2315, 2333, 708, 2.478, 321.77, -13.08, 2.471, 321.75, -13.10, 0.007, 148.37, 6.46);
insert into SHOT values (2325, 2315, 2334, 708, 2.607, 312.47, -13.18, 2.602, 312.44, -13.11, 0.006, 148.05, 44.36);
insert into SHOT values (2326, 2315, 2335, 708, 2.313, 300.27, -14.58, 2.310, 300.35, -14.54, 0.004, 63.45, 31.10);
insert into SHOT values (2327, 2315, 2336, 708, 2.353, 281.14, -14.93, 2.353, 281.16, -15.02, 0.004, 43.07, -74.01);
insert into SHOT values (2328, 2315, 2337, 708, 2.323, 265.19, -9.81, 2.321, 265.24, -9.67, 0.006, 25.80, 69.03);
insert into SHOT values (2329, 2315, 2338, 708, 1.552, 266.55, -18.70, 1.555, 266.50, -18.75, 0.004, 240.05, -38.79);
insert into SHOT values (2330, 2315, 2339, 708, 1.320, 293.34, -20.70, 1.318, 293.44, -20.89, 0.005, 77.62, -41.59);
insert into SHOT values (2331, 2315, 2340, 708, 2.363, 107.23, -8.09, 2.367, 107.12, -8.01, 0.007, 62.02, 22.25);
insert into SHOT values (2332, 2315, 2341, 708, 1.097, 105.85, -7.78, 1.102, 105.95, -7.82, 0.006, 125.71, -15.42);
insert into SHOT values (2333, 2315, 2342, 708, 0.652, 84.50, -2.53, 0.653, 84.73, -2.63, 0.003, 146.24, -22.49);
insert into SHOT values (2334, 2315, 2343, 708, 0.570, 43.33, -2.93, 0.567, 43.57, -3.03, 0.004, 188.49, -11.79);
insert into SHOT values (2335, 2315, 2344, 708, 0.582, 15.95, 1.13, 0.582, 15.95, 0.98, 0.002, 12.52, -70.51);
insert into SHOT values (2336, 2315, 2345, 708, 1.115, 13.35, -3.54, 1.113, 13.54, -3.61, 0.004, 132.46, -15.51);
insert into SHOT values (2337, 2315, 2346, 708, 1.766, 7.67, -5.38, 1.764, 7.85, -5.20, 0.008, 114.88, 43.26);
insert into SHOT values (2338, 2315, 2347, 708, 5.640, 296.13, 5.92, 5.643, 296.11, 5.90, 0.004, 261.09, -26.65);
insert into SHOT values (2339, 2315, 2348, 708, 5.457, 291.60, 6.53, 5.454, 291.55, 6.53, 0.006, 170.75, -5.83);
insert into SHOT values (2340, 2315, 2349, 708, 5.288, 286.27, 6.99, 5.289, 286.26, 6.95, 0.004, 256.10, -66.87);
insert into SHOT values (2341, 2315, 2350, 708, 5.189, 280.09, 7.82, 5.188, 280.09, 7.87, 0.004, 111.54, 71.19);
insert into SHOT values (2342, 2315, 2351, 708, 5.383, 275.58, 8.00, 5.378, 275.60, 8.02, 0.006, 71.30, 8.35);
insert into SHOT values (2343, 2315, 2352, 708, 5.787, 273.09, 7.78, 5.781, 273.10, 7.75, 0.006, 78.72, -31.56);
insert into SHOT values (2344, 2315, 2353, 708, 5.773, 269.53, 8.39, 5.772, 269.50, 8.37, 0.004, 161.17, -36.45);
insert into SHOT values (2345, 2315, 2354, 708, 5.224, 265.78, 9.63, 5.219, 265.76, 9.71, 0.009, 97.68, 43.32);
insert into SHOT values (2346, 2315, 2355, 708, 5.237, 260.70, 10.45, 5.234, 260.72, 10.46, 0.003, 45.03, 2.12);
insert into SHOT values (2347, 2315, 2356, 708, 5.277, 256.35, 10.92, 5.272, 256.37, 10.94, 0.006, 60.18, 3.28);
insert into SHOT values (2348, 2315, 2357, 708, 3.178, 251.01, 7.03, 3.177, 250.93, 7.05, 0.004, 145.82, 13.67);
insert into SHOT values (2349, 2315, 2358, 708, 2.911, 256.75, 5.92, 2.914, 256.63, 5.91, 0.006, 194.48, -2.12);
insert into SHOT values (2350, 2315, 2359, 708, 2.612, 265.02, 3.93, 2.606, 264.93, 3.96, 0.007, 121.75, 7.89);
insert into SHOT values (2351, 2315, 2360, 708, 2.608, 275.86, 0.49, 2.603, 275.73, 0.44, 0.008, 145.33, -17.01);
insert into SHOT values (2352, 2315, 2361, 708, 2.583, 284.50, -2.04, 2.582, 284.36, -2.00, 0.007, 187.67, 17.15);
insert into SHOT values (2353, 2315, 2362, 708, 2.552, 290.47, -4.05, 2.547, 290.50, -4.05, 0.005, 92.16, 2.80);
insert into SHOT values (2354, 2315, 2363, 708, 2.455, 297.90, -5.80, 2.455, 297.82, -5.84, 0.004, 206.84, -31.02);
insert into SHOT values (2355, 2315, 2364, 708, 2.597, 304.09, -8.15, 2.598, 304.06, -8.19, 0.002, 228.50, -55.18);
insert into SHOT values (2356, 2315, 2365, 708, 2.783, 310.93, -9.28, 2.780, 311.01, -9.32, 0.005, 82.51, -13.25);
insert into SHOT values (2357, 2315, 2366, 708, 3.094, 317.51, -11.32, 3.097, 317.54, -11.36, 0.004, 346.25, -41.59);
insert into SHOT values (2358, 2315, 2367, 708, 4.189, 301.94, 5.04, 4.190, 301.98, 5.07, 0.003, 23.52, 35.58);
insert into SHOT values (2359, 2315, 2368, 708, 4.250, 307.33, 3.45, 4.246, 307.33, 3.51, 0.006, 126.23, 45.57);
insert into SHOT values (2360, 2315, 2369, 708, 4.360, 311.97, 2.19, 4.358, 311.93, 2.24, 0.005, 190.56, 43.62);
insert into SHOT values (2361, 2315, 2370, 708, 4.470, 316.41, 1.42, 4.464, 316.36, 1.41, 0.007, 169.78, -6.65);
insert into SHOT values (2362, 2315, 2371, 708, 4.617, 319.57, -0.18, 4.611, 319.57, -0.12, 0.008, 135.46, 36.38);
insert into SHOT values (2363, 2315, 2372, 708, 4.964, 323.28, -1.49, 4.968, 323.27, -1.50, 0.004, 310.17, -13.69);
insert into SHOT values (2364, 2315, 2373, 708, 5.311, 327.99, -3.04, 5.313, 328.02, -3.02, 0.004, 24.73, 27.29);
insert into SHOT values (2365, 2315, 2374, 708, 5.870, 330.78, -6.19, 5.867, 330.75, -6.16, 0.004, 198.60, 41.85);
insert into SHOT values (2366, 2315, 2375, 708, 6.117, 334.56, -6.63, 6.120, 334.57, -6.66, 0.005, 4.13, -49.95);
insert into SHOT values (2367, 2315, 2376, 708, 6.504, 338.37, -6.71, 6.499, 338.36, -6.72, 0.005, 165.34, -0.56);
insert into SHOT values (2368, 2315, 2377, 708, 7.359, 341.97, -5.92, 7.357, 342.01, -5.93, 0.006, 92.52, -9.79);
insert into SHOT values (2369, 2315, 2378, 708, 6.229, 340.32, -7.61, 6.225, 340.30, -7.57, 0.006, 189.93, 54.54);
insert into SHOT values (2370, 2315, 2379, 708, 5.661, 337.77, -10.18, 5.664, 337.76, -10.17, 0.003, 320.99, 10.11);
insert into SHOT values (2371, 2315, 2380, 708, 5.424, 341.44, -10.09, 5.422, 341.43, -10.09, 0.002, 182.97, 6.29);
insert into SHOT values (2372, 2315, 2381, 708, 5.228, 345.18, -9.90, 5.230, 345.15, -9.91, 0.003, 295.38, -22.29);
insert into SHOT values (2373, 2315, 2382, 708, 5.238, 349.31, -8.82, 5.231, 349.30, -8.80, 0.007, 177.52, 26.87);
insert into SHOT values (2374, 2315, 2383, 708, 5.598, 351.55, -7.12, 5.592, 351.61, -7.09, 0.009, 125.14, 26.23);
insert into SHOT values (2375, 2315, 2384, 708, 6.000, 353.60, -4.49, 5.996, 353.56, -4.50, 0.005, 215.68, -3.14);
insert into SHOT values (2376, 2315, 2385, 708, 5.248, 353.50, -9.43, 5.244, 353.56, -9.44, 0.007, 121.42, -1.22);
insert into SHOT values (2377, 2315, 2386, 708, 5.003, 357.95, -8.36, 4.997, 357.91, -8.40, 0.008, 202.82, -19.79);
insert into SHOT values (2378, 2315, 2387, 708, 4.996, 1.26, -7.58, 4.995, 1.27, -7.59, 0.002, 132.97, -30.07);
insert into SHOT values (2379, 2315, 2388, 708, 5.050, 5.58, -6.42, 5.045, 5.61, -6.37, 0.007, 154.54, 42.73);
insert into SHOT values (2380, 2315, 2389, 708, 1.640, 350.60, 12.90, 1.643, 350.66, 13.01, 0.005, 21.64, 51.47);
insert into SHOT values (2381, 2389, 2390, 708, 2.824, 341.55, -22.85, 2.817, 341.57, -22.99, 0.010, 156.95, -19.90);
insert into SHOT values (2382, 2390, 2391, 708, 2.878, 144.63, 0.07, 2.869, 144.65, 0.00, 0.010, 318.41, -21.24);
insert into SHOT values (2383, 2390, 2392, 708, 2.661, 134.76, -3.54, 2.656, 134.85, -3.45, 0.007, 270.85, 36.01);
insert into SHOT values (2384, 2390, 2393, 708, 2.814, 129.52, -4.15, 2.806, 129.49, -4.09, 0.009, 319.40, 25.01);
insert into SHOT values (2385, 2390, 2394, 708, 2.637, 119.60, -2.89, 2.636, 119.58, -2.83, 0.003, 1.66, 74.71);
insert into SHOT values (2386, 2390, 2395, 708, 5.073, 95.46, -6.30, 5.074, 95.46, -6.34, 0.003, 124.82, -79.57);
insert into SHOT values (2387, 2390, 2396, 708, 4.086, 92.59, -6.29, 4.079, 92.54, -6.33, 0.008, 295.24, -16.22);
insert into SHOT values (2388, 2390, 2397, 708, 4.110, 86.98, -6.71, 4.104, 86.91, -6.72, 0.008, 308.11, 1.67);
insert into SHOT values (2389, 2390, 2398, 708, 4.154, 80.62, -6.63, 4.154, 80.51, -6.64, 0.007, 352.06, -2.99);
insert into SHOT values (2390, 2390, 2399, 708, 4.244, 75.27, -6.99, 4.243, 75.14, -7.04, 0.010, 335.68, -20.01);
insert into SHOT values (2391, 2390, 2400, 708, 4.624, 72.64, -6.11, 4.618, 72.51, -6.09, 0.012, 314.20, 10.65);
insert into SHOT values (2392, 2390, 2401, 708, 4.984, 71.83, -5.38, 4.981, 71.78, -5.41, 0.006, 298.89, -27.30);
insert into SHOT values (2393, 2390, 2402, 708, 5.278, 68.39, -5.06, 5.272, 68.32, -5.01, 0.010, 294.81, 32.53);
insert into SHOT values (2394, 2390, 2403, 708, 4.732, 66.82, -5.20, 4.732, 66.75, -5.21, 0.005, 337.48, -11.91);
insert into SHOT values (2395, 2390, 2404, 708, 4.436, 65.03, -5.73, 4.437, 64.94, -5.69, 0.007, 349.56, 23.26);
insert into SHOT values (2396, 2390, 2405, 708, 2.787, 340.11, 6.63, 2.796, 340.00, 6.57, 0.011, 310.06, -9.55);
insert into SHOT values (2397, 2405, 2406, 708, 5.144, 196.05, -12.68, 5.149, 195.95, -12.68, 0.010, 133.64, -4.84);
insert into SHOT values (2398, 2405, 2407, 708, 5.042, 195.52, -12.90, 5.044, 195.45, -12.83, 0.009, 131.88, 40.33);
insert into SHOT values (2399, 2405, 2408, 708, 0.000, 194.36, -13.01, 0.000, 90.00, 0.00, 0.000, 90.00, 0.00);
insert into SHOT values (2400, 2405, 2409, 708, 4.739, 193.10, -13.54, 4.741, 193.04, -13.54, 0.005, 122.05, -5.69);
insert into SHOT values (2401, 2405, 2410, 708, 4.699, 190.96, -13.05, 4.704, 190.94, -13.02, 0.006, 178.05, 10.11);
insert into SHOT values (2402, 2405, 2411, 708, 5.388, 189.86, -12.17, 5.387, 189.84, -12.11, 0.006, 115.87, 71.40);
insert into SHOT values (2403, 2405, 2412, 708, 5.037, 194.87, -1.33, 5.039, 194.84, -1.25, 0.008, 144.02, 62.09);
insert into SHOT values (2404, 2405, 2413, 708, 4.737, 188.92, -1.14, 4.737, 188.87, -1.09, 0.006, 105.81, 44.02);
insert into SHOT values (2405, 2405, 2414, 708, 4.564, 183.93, -1.30, 4.562, 183.90, -1.26, 0.005, 51.06, 46.64);
insert into SHOT values (2406, 2405, 2415, 708, 4.482, 179.54, -1.19, 4.481, 179.49, -1.15, 0.005, 77.19, 37.58);
insert into SHOT values (2407, 2405, 2416, 708, 2.047, 201.02, 1.98, 2.046, 200.92, 1.96, 0.004, 95.15, -10.88);
insert into SHOT values (2408, 2405, 2417, 708, 2.090, 209.81, 2.01, 2.093, 209.51, 2.19, 0.013, 132.61, 30.68);
insert into SHOT values (2409, 2405, 2418, 708, 2.221, 218.78, 2.09, 2.221, 218.78, 2.06, 0.001, 21.65, -73.18);
insert into SHOT values (2410, 2405, 2419, 708, 2.368, 225.74, 3.45, 2.366, 225.69, 3.39, 0.004, 95.84, -41.64);
insert into SHOT values (2411, 2405, 2420, 708, 1.407, 259.70, -14.77, 1.400, 259.35, -14.90, 0.011, 128.00, -6.81);
insert into SHOT values (2412, 2405, 2421, 708, 1.480, 252.83, -12.94, 1.473, 252.57, -12.94, 0.009, 117.08, 8.83);
insert into SHOT values (2413, 2405, 2422, 708, 1.698, 244.38, -9.94, 1.693, 244.05, -9.86, 0.011, 130.03, 16.44);
insert into SHOT values (2414, 2405, 2423, 708, 1.911, 237.06, -7.56, 1.911, 237.06, -7.52, 0.001, 307.16, 80.98);
insert into SHOT values (2415, 2405, 2424, 708, 2.147, 229.67, -5.36, 2.144, 229.37, -5.35, 0.012, 124.37, 2.77);
insert into SHOT values (2416, 2405, 2425, 708, 0.588, 40.74, -35.61, 0.590, 41.63, -35.22, 0.009, 105.41, 15.90);
insert into SHOT values (2417, 2405, 2426, 708, 0.836, 40.43, -28.56, 0.839, 40.60, -28.47, 0.004, 74.52, -4.70);
insert into SHOT values (2418, 2405, 2427, 708, 1.057, 47.28, -26.91, 1.063, 47.56, -26.84, 0.008, 85.89, -12.02);
insert into SHOT values (2419, 2405, 2428, 708, 1.231, 54.21, -25.29, 1.233, 54.46, -24.94, 0.009, 97.42, 39.11);
insert into SHOT values (2420, 2405, 2429, 708, 1.610, 56.71, -22.81, 1.613, 57.06, -22.60, 0.011, 116.00, 21.55);
insert into SHOT values (2421, 2405, 2430, 708, 2.277, 355.08, -15.65, 2.271, 355.28, -15.58, 0.010, 119.05, 24.60);
insert into SHOT values (2422, 2405, 2431, 708, 2.467, 4.19, -17.46, 2.461, 4.40, -17.50, 0.011, 130.98, 1.06);
insert into SHOT values (2423, 2405, 2432, 708, 1.813, 15.59, -20.01, 1.813, 15.67, -20.00, 0.002, 111.98, 9.05);
insert into SHOT values (2424, 2405, 2433, 708, 1.506, 37.61, -21.76, 1.512, 37.77, -21.74, 0.007, 73.06, -14.16);
insert into SHOT values (2425, 2405, 2434, 708, 0.672, 182.77, -34.83, 0.669, 182.08, -34.62, 0.008, 81.71, 29.57);
insert into SHOT values (2426, 2405, 2435, 708, 0.706, 151.99, -30.98, 0.711, 151.76, -30.43, 0.009, 134.46, 23.00);
insert into SHOT values (2427, 2405, 2436, 708, 0.803, 130.68, -21.50, 0.806, 130.68, -21.10, 0.006, 131.59, 43.45);
insert into SHOT values (2428, 2405, 2437, 708, 1.044, 112.43, -14.32, 1.050, 112.53, -14.33, 0.007, 129.32, -15.53);
insert into SHOT values (2429, 2405, 2438, 708, 1.222, 101.88, -8.07, 1.228, 101.86, -7.96, 0.006, 99.06, 14.27);
insert into SHOT values (2430, 2405, 2439, 708, 1.413, 91.75, -9.43, 1.420, 92.05, -9.32, 0.010, 137.92, 8.53);
insert into SHOT values (2431, 2405, 2440, 708, 1.900, 86.62, -18.73, 1.903, 86.82, -18.69, 0.007, 148.55, 0.85);
insert into SHOT values (2432, 2405, 2441, 708, 2.011, 77.95, -19.80, 2.018, 78.16, -19.69, 0.011, 117.80, 6.33);
insert into SHOT values (2433, 2405, 2442, 708, 2.206, 68.94, -18.66, 2.212, 69.06, -18.45, 0.011, 96.53, 31.07);
insert into SHOT values (2434, 2405, 2443, 708, 2.544, 65.45, -15.64, 2.545, 65.42, -15.50, 0.006, 39.04, 65.40);
insert into SHOT values (2435, 2405, 2444, 708, 3.164, 60.32, -14.50, 3.168, 60.51, -14.44, 0.011, 128.17, 11.25);
insert into SHOT values (2436, 2405, 2445, 708, 3.368, 59.52, -11.36, 3.369, 59.63, -11.30, 0.007, 138.91, 27.25);
insert into SHOT values (2437, 2405, 2446, 708, 3.795, 59.35, -9.83, 3.795, 59.46, -9.86, 0.007, 153.57, -16.49);
insert into SHOT values (2438, 2405, 2447, 708, 4.305, 57.60, -8.10, 4.303, 57.65, -8.01, 0.008, 158.66, 58.08);
insert into SHOT values (2439, 2405, 2448, 708, 5.263, 58.05, -6.87, 5.266, 58.13, -6.87, 0.008, 128.92, -3.16);
insert into SHOT values (2440, 2405, 2449, 708, 3.613, 104.75, 0.93, 3.619, 104.73, 0.95, 0.007, 92.97, 11.79);
insert into SHOT values (2441, 2405, 2450, 708, 3.447, 95.12, 0.80, 3.454, 95.15, 0.83, 0.008, 109.48, 14.00);
insert into SHOT values (2442, 2405, 2451, 708, 3.583, 85.15, 0.00, 3.583, 85.20, 0.00, 0.003, 183.08, 0.00);
insert into SHOT values (2443, 2405, 2452, 708, 3.924, 77.14, -1.47, 3.929, 77.20, -1.46, 0.007, 119.10, 5.81);
insert into SHOT values (2444, 2405, 2453, 708, 4.430, 70.23, -1.97, 4.431, 70.34, -1.94, 0.009, 154.70, 15.12);
insert into SHOT values (2445, 2405, 2454, 708, 4.993, 63.82, -3.00, 4.998, 63.85, -2.98, 0.006, 89.73, 13.62);
insert into SHOT values (2446, 2405, 2455, 708, 5.274, 58.99, -3.70, 5.281, 59.05, -3.69, 0.009, 99.53, 2.09);
insert into SHOT values (2447, 2405, 2456, 708, 5.991, 55.18, -4.27, 5.994, 55.22, -4.21, 0.008, 105.41, 47.13);
insert into SHOT values (2448, 2405, 2457, 708, 6.563, 51.66, -5.18, 6.563, 51.71, -5.16, 0.006, 143.53, 23.43);
insert into SHOT values (2449, 2405, 2458, 708, 6.705, 49.94, -5.36, 6.701, 49.99, -5.31, 0.009, 173.52, 43.93);
insert into SHOT values (2450, 2405, 2459, 708, 4.991, 49.66, -4.21, 4.994, 49.72, -4.13, 0.009, 109.48, 44.56);
insert into SHOT values (2451, 2405, 2460, 708, 5.099, 43.58, -4.50, 5.101, 43.65, -4.50, 0.006, 113.01, 0.57);
insert into SHOT values (2452, 2405, 2461, 708, 6.001, 40.02, -4.78, 6.004, 40.05, -4.78, 0.005, 87.55, 0.79);
insert into SHOT values (2453, 2405, 2462, 708, 6.133, 36.41, -4.99, 6.129, 36.48, -4.96, 0.009, 153.15, 23.30);
insert into SHOT values (2454, 2405, 2463, 708, 6.264, 32.42, -4.71, 6.265, 32.44, -4.67, 0.005, 88.77, 53.53);
insert into SHOT values (2455, 2405, 2464, 708, 6.393, 28.38, -4.43, 6.395, 28.37, -4.39, 0.004, 14.24, 60.69);
insert into SHOT values (2456, 2405, 2465, 708, 6.526, 23.77, -4.43, 6.525, 23.85, -4.40, 0.010, 121.34, 24.59);
insert into SHOT values (2457, 2405, 2466, 708, 6.525, 16.64, -0.83, 6.524, 16.66, -0.79, 0.005, 121.35, 64.02);
insert into SHOT values (2458, 2405, 2467, 708, 5.418, 12.89, -4.12, 5.421, 12.93, -4.13, 0.005, 65.03, -8.27);
insert into SHOT values (2459, 2405, 2468, 708, 4.411, 6.02, -4.11, 4.406, 6.14, -4.03, 0.012, 121.86, 30.95);
insert into SHOT values (2460, 2405, 2469, 708, 3.184, 2.98, -3.58, 3.181, 3.07, -3.60, 0.006, 125.60, -11.16);
insert into SHOT values (2461, 2405, 2470, 708, 4.109, 14.97, -2.71, 4.104, 14.99, -2.65, 0.007, 181.30, 39.79);
insert into SHOT values (2462, 2470, 2471, 708, 1.917, 1.26, -21.37, 1.922, 1.28, -21.35, 0.005, 8.61, -15.49);
insert into SHOT values (2463, 2470, 2472, 708, 1.837, 12.73, -25.35, 1.840, 12.87, -25.43, 0.006, 80.82, -39.23);
insert into SHOT values (2464, 2470, 2473, 708, 1.892, 24.95, -25.89, 1.900, 24.92, -25.90, 0.008, 16.93, -28.84);
insert into SHOT values (2465, 2470, 2474, 708, 2.017, 37.35, -24.82, 2.027, 37.49, -24.79, 0.011, 63.55, -17.59);
insert into SHOT values (2466, 2470, 2475, 708, 2.640, 50.29, -23.63, 2.650, 50.35, -23.58, 0.011, 63.58, -9.79);
insert into SHOT values (2467, 2470, 2476, 708, 1.370, 356.38, -83.23, 1.369, 356.42, -83.28, 0.001, 170.31, 20.52);
insert into SHOT values (2468, 2470, 2477, 708, 4.255, 230.49, -10.04, 4.249, 230.53, -10.03, 0.006, 23.18, 16.13);
insert into SHOT values (2469, 2477, 2478, 708, 3.428, 172.96, 21.13, 3.432, 173.01, 21.00, 0.009, 196.70, -39.82);
insert into SHOT values (2470, 2477, 2479, 708, 3.479, 177.81, 21.90, 3.481, 177.70, 21.75, 0.011, 123.95, -43.94);
insert into SHOT values (2471, 2477, 2480, 708, 4.106, 182.41, 21.42, 4.107, 182.40, 21.42, 0.001, 147.38, 22.39);
insert into SHOT values (2472, 2477, 2481, 708, 4.623, 187.00, 21.88, 4.623, 186.96, 21.84, 0.004, 126.13, -40.15);
insert into SHOT values (2473, 2477, 2482, 708, 4.449, 194.54, 21.99, 4.452, 194.44, 21.89, 0.011, 140.47, -33.95);
insert into SHOT values (2474, 2477, 2483, 708, 4.550, 200.88, 21.62, 4.555, 200.87, 21.51, 0.010, 197.81, -38.03);
insert into SHOT values (2475, 2477, 2484, 708, 4.710, 206.79, 21.33, 4.709, 206.68, 21.29, 0.009, 115.37, -21.46);
insert into SHOT values (2476, 2477, 2485, 708, 4.703, 211.28, 20.84, 4.704, 211.23, 20.80, 0.005, 149.93, -37.61);
insert into SHOT values (2477, 2477, 2486, 708, 4.738, 216.66, 18.96, 4.739, 216.56, 18.96, 0.008, 135.16, 4.44);
insert into SHOT values (2478, 2477, 2487, 708, 4.863, 223.04, 17.72, 4.865, 222.99, 17.71, 0.005, 160.97, -1.64);
insert into SHOT values (2479, 2477, 2488, 708, 1.568, 143.82, 20.82, 1.573, 143.83, 20.46, 0.011, 145.77, -40.72);
insert into SHOT values (2480, 2477, 2489, 708, 1.753, 154.77, 19.63, 1.761, 154.67, 19.57, 0.009, 136.11, 6.98);
insert into SHOT values (2481, 2477, 2490, 708, 2.179, 164.01, 17.63, 2.182, 164.09, 17.61, 0.004, 209.65, 0.65);
insert into SHOT values (2482, 2477, 2491, 708, 3.176, 171.66, 15.97, 3.175, 171.52, 15.90, 0.008, 80.93, -28.25);
insert into SHOT values (2483, 2477, 2492, 708, 1.442, 191.31, -6.95, 1.449, 191.23, -7.14, 0.008, 173.87, -40.65);
insert into SHOT values (2484, 2477, 2493, 708, 1.615, 196.47, -8.31, 1.622, 196.29, -8.51, 0.010, 158.07, -39.11);
insert into SHOT values (2485, 2477, 2494, 708, 1.506, 206.05, -9.34, 1.510, 205.88, -9.53, 0.008, 152.44, -45.23);
insert into SHOT values (2486, 2477, 2495, 708, 1.593, 215.63, -6.33, 1.595, 215.50, -6.48, 0.006, 143.20, -48.56);
insert into SHOT values (2487, 2477, 2496, 708, 1.928, 216.65, -3.80, 1.934, 216.57, -3.85, 0.007, 194.56, -18.21);
insert into SHOT values (2488, 2477, 2497, 708, 2.594, 210.50, 4.90, 2.596, 210.43, 4.86, 0.004, 151.24, -24.18);
insert into SHOT values (2489, 2477, 2498, 708, 2.836, 215.10, 2.26, 2.837, 215.09, 2.22, 0.002, 202.45, -48.73);
insert into SHOT values (2490, 2477, 2499, 708, 2.929, 220.32, 2.71, 2.926, 220.28, 2.55, 0.009, 76.23, -69.70);
insert into SHOT values (2491, 2477, 2500, 708, 3.320, 223.89, 2.73, 3.320, 223.90, 2.59, 0.008, 268.69, -82.99);
insert into SHOT values (2492, 2477, 2501, 708, 3.724, 229.50, 2.72, 3.727, 229.47, 2.61, 0.008, 200.11, -56.97);
insert into SHOT values (2493, 2477, 2502, 708, 4.203, 233.12, 3.20, 4.198, 233.05, 3.14, 0.008, 102.31, -34.17);
insert into SHOT values (2494, 2477, 2503, 708, 4.548, 237.13, 3.20, 4.547, 237.04, 3.15, 0.008, 144.37, -30.31);
insert into SHOT values (2495, 2477, 2504, 708, 6.207, 246.10, 18.00, 6.202, 246.00, 17.94, 0.013, 139.72, -36.82);
insert into SHOT values (2496, 2477, 2505, 708, 5.419, 252.17, 18.48, 5.416, 252.09, 18.41, 0.010, 156.62, -48.82);
insert into SHOT values (2497, 2477, 2506, 708, 5.673, 256.79, 17.47, 5.675, 256.76, 17.43, 0.005, 210.15, -39.17);
insert into SHOT values (2498, 2477, 2507, 708, 4.982, 264.35, 16.39, 4.974, 264.35, 16.35, 0.009, 83.86, -42.36);
insert into SHOT values (2499, 2477, 2508, 708, 4.452, 270.68, 12.40, 4.453, 270.66, 12.32, 0.007, 235.44, -66.39);
insert into SHOT values (2500, 2477, 2509, 708, 4.036, 280.64, 10.61, 4.036, 280.60, 10.56, 0.004, 206.81, -49.81);
insert into SHOT values (2501, 2477, 2510, 708, 3.979, 288.75, 9.93, 3.977, 288.76, 9.85, 0.006, 79.97, -76.79);
insert into SHOT values (2502, 2477, 2511, 708, 4.354, 300.93, 3.68, 4.346, 300.94, 3.69, 0.008, 113.96, 3.94);
insert into SHOT values (2503, 2477, 2512, 708, 4.369, 307.16, 3.11, 4.360, 307.16, 3.02, 0.011, 126.68, -39.57);
insert into SHOT values (2504, 2477, 2513, 708, 4.490, 313.06, 2.89, 4.484, 313.10, 2.81, 0.009, 104.07, -43.69);
insert into SHOT values (2505, 2477, 2514, 708, 4.663, 318.10, 1.25, 4.661, 318.13, 1.23, 0.004, 86.95, -26.47);
insert into SHOT values (2506, 2477, 2515, 708, 4.788, 322.61, 0.25, 4.786, 322.56, 0.24, 0.005, 211.42, -10.64);
insert into SHOT values (2507, 2477, 2516, 708, 4.932, 326.63, -0.31, 4.931, 326.66, -0.35, 0.005, 66.71, -46.55);
insert into SHOT values (2508, 2477, 2517, 708, 5.084, 329.92, -0.12, 5.086, 329.91, -0.11, 0.002, 293.50, 18.82);
insert into SHOT values (2509, 2477, 2518, 708, 5.349, 333.99, 0.56, 5.340, 334.01, 0.54, 0.009, 140.62, -14.23);
insert into SHOT values (2510, 2477, 2519, 708, 5.437, 320.10, -5.14, 5.432, 320.10, -5.18, 0.006, 139.10, -27.51);
insert into SHOT values (2511, 2477, 2520, 708, 5.997, 324.31, -4.89, 5.991, 324.34, -4.88, 0.007, 115.29, 10.20);
insert into SHOT values (2512, 2477, 2521, 708, 6.717, 327.80, -4.50, 6.713, 327.76, -4.53, 0.007, 193.93, -24.86);
insert into SHOT values (2513, 2477, 2522, 708, 6.723, 330.87, -4.28, 6.716, 330.87, -4.35, 0.011, 148.89, -48.78);
insert into SHOT values (2514, 2477, 2523, 708, 2.178, 41.16, 7.54, 2.172, 41.24, 7.41, 0.008, 190.52, -45.38);
insert into SHOT values (2515, 2477, 2524, 708, 2.313, 31.19, 5.69, 2.313, 31.13, 5.71, 0.002, 298.98, 17.29);
insert into SHOT values (2516, 2477, 2525, 708, 2.583, 22.03, 2.36, 2.581, 22.09, 2.22, 0.007, 139.92, -63.72);
insert into SHOT values (2517, 2477, 2526, 708, 2.738, 14.02, 2.08, 2.735, 14.19, 2.10, 0.009, 123.17, 4.15);
insert into SHOT values (2518, 2477, 2527, 708, 3.109, 7.51, 1.39, 3.108, 7.58, 1.29, 0.007, 110.40, -52.77);
insert into SHOT values (2519, 2477, 2528, 708, 3.748, 3.43, 0.55, 3.747, 3.52, 0.46, 0.008, 100.80, -45.01);
insert into SHOT values (2520, 2477, 2529, 708, 3.811, 358.18, 1.49, 3.803, 358.19, 1.51, 0.008, 171.98, 6.56);
insert into SHOT values (2521, 2477, 2530, 708, 4.556, 354.30, -1.10, 4.553, 354.33, -1.13, 0.004, 135.97, -34.78);
insert into SHOT values (2522, 2477, 2531, 708, 1.766, 66.29, 11.35, 1.766, 66.54, 11.10, 0.011, 143.15, -43.91);
insert into SHOT values (2523, 2477, 2532, 708, 1.459, 74.10, 15.59, 1.456, 74.28, 15.54, 0.006, 197.07, -21.81);
insert into SHOT values (2524, 2477, 2533, 708, 1.292, 84.42, 18.69, 1.293, 84.38, 18.49, 0.005, 63.51, -61.72);
insert into SHOT values (2525, 2477, 2534, 708, 1.224, 94.11, 21.29, 1.225, 94.51, 21.05, 0.010, 163.45, -27.07);
insert into SHOT values (2526, 2477, 2535, 708, 1.147, 113.13, 23.70, 1.153, 113.41, 23.52, 0.009, 150.93, -6.91);
insert into SHOT values (2527, 2477, 2536, 708, 1.355, 127.37, 23.87, 1.360, 127.51, 23.40, 0.013, 146.65, -41.19);
insert into SHOT values (2528, 2477, 2537, 708, 1.400, 228.04, -14.88, 1.399, 227.70, -14.91, 0.008, 130.92, -3.44);
insert into SHOT values (2529, 2477, 2538, 708, 1.527, 237.10, -16.51, 1.532, 236.96, -16.69, 0.008, 189.38, -51.58);
insert into SHOT values (2530, 2477, 2539, 708, 1.314, 246.45, -22.20, 1.312, 246.18, -22.40, 0.007, 126.46, -28.30);
insert into SHOT values (2531, 2477, 2540, 708, 1.214, 254.19, -28.58, 1.209, 254.13, -28.68, 0.006, 85.24, 7.52);
insert into SHOT values (2532, 2477, 2541, 708, 1.088, 272.86, -30.61, 1.086, 272.46, -31.03, 0.010, 142.04, -35.23);
insert into SHOT values (2533, 2477, 2542, 708, 1.144, 297.95, -29.84, 1.137, 297.87, -30.08, 0.008, 127.63, -5.28);
insert into SHOT values (2534, 2477, 2543, 708, 1.229, 319.04, -26.47, 1.229, 319.06, -26.59, 0.003, 122.97, -56.67);
insert into SHOT values (2535, 2477, 2544, 708, 1.276, 333.82, -24.35, 1.274, 333.88, -24.59, 0.006, 137.90, -41.88);
insert into SHOT values (2536, 2477, 2545, 708, 1.657, 336.33, -19.75, 1.648, 336.41, -19.87, 0.010, 143.55, -0.40);
insert into SHOT values (2537, 2477, 2546, 708, 3.007, 235.53, -8.48, 3.010, 235.40, -8.60, 0.010, 164.13, -43.54);
insert into SHOT values (2538, 2477, 2547, 708, 2.826, 241.89, -8.88, 2.826, 241.78, -8.96, 0.006, 147.92, -36.05);
insert into SHOT values (2539, 2477, 2548, 708, 2.749, 249.28, -9.43, 2.743, 249.22, -9.44, 0.006, 94.24, 3.58);
insert into SHOT values (2540, 2477, 2549, 708, 2.605, 265.00, -10.29, 2.603, 264.85, -10.40, 0.009, 152.94, -32.43);
insert into SHOT values (2541, 2477, 2550, 708, 2.677, 280.39, -11.95, 2.672, 280.36, -12.10, 0.009, 110.46, -41.44);
insert into SHOT values (2542, 2477, 2551, 708, 3.014, 287.72, -10.57, 3.013, 287.70, -10.71, 0.008, 126.63, -68.00);
insert into SHOT values (2543, 2477, 2552, 708, 3.236, 298.41, -9.93, 3.230, 298.34, -9.98, 0.008, 150.43, -14.81);
insert into SHOT values (2544, 2477, 2553, 708, 3.391, 308.86, -9.81, 3.386, 308.79, -9.86, 0.007, 163.02, -18.48);
insert into SHOT values (2545, 2477, 2554, 708, 3.610, 314.12, -8.72, 3.606, 314.09, -8.77, 0.005, 157.51, -31.77);
insert into SHOT values (2546, 2477, 2555, 708, 4.426, 243.28, 11.34, 4.420, 243.26, 11.35, 0.006, 77.87, -2.62);
insert into SHOT values (2547, 2477, 2556, 708, 4.258, 247.75, 10.53, 4.254, 247.66, 10.43, 0.010, 136.37, -51.08);
insert into SHOT values (2548, 2477, 2557, 708, 4.106, 252.42, 9.24, 4.105, 252.33, 9.25, 0.007, 149.64, 5.91);
insert into SHOT values (2549, 2477, 2558, 708, 3.934, 257.91, 8.00, 3.934, 257.85, 7.89, 0.009, 190.26, -61.87);
insert into SHOT values (2550, 2477, 2559, 708, 4.180, 338.33, -5.88, 4.174, 338.38, -5.91, 0.007, 126.78, -14.55);
insert into SHOT values (2551, 2559, 2560, 708, 1.207, 265.08, -6.87, 1.213, 265.24, -7.10, 0.009, 294.76, -40.00);
insert into SHOT values (2552, 2559, 2561, 708, 1.891, 265.78, -1.80, 1.896, 265.76, -1.81, 0.005, 260.28, -6.69);
insert into SHOT values (2553, 2559, 2562, 708, 1.404, 264.26, 9.17, 1.404, 264.21, 9.01, 0.004, 213.84, -66.75);
insert into SHOT values (2554, 2559, 2563, 708, 1.695, 266.21, 25.29, 1.694, 266.26, 25.15, 0.004, 328.94, -69.11);
insert into SHOT values (2555, 2559, 2564, 708, 2.162, 270.13, 28.90, 2.166, 270.30, 28.69, 0.010, 308.44, -27.68);
insert into SHOT values (2556, 2559, 2565, 708, 1.355, 269.42, 35.88, 1.354, 269.48, 35.68, 0.005, 297.74, -59.40);
insert into SHOT values (2557, 2559, 2566, 708, 0.920, 264.47, 52.95, 0.915, 264.81, 52.89, 0.006, 26.75, -47.95);
insert into SHOT values (2558, 2559, 2567, 708, 0.748, 265.86, 73.51, 0.750, 267.27, 73.72, 0.006, 18.30, 26.21);
insert into SHOT values (2559, 2559, 2568, 708, 0.720, 263.03, 85.94, 0.722, 258.69, 85.95, 0.004, 171.06, 25.09);
insert into SHOT values (2560, 2559, 2569, 708, 0.651, 165.32, 87.91, 0.650, 180.00, 88.24, 0.007, 296.24, -4.83);
insert into SHOT values (2561, 2559, 2570, 708, 0.666, 84.09, 71.36, 0.664, 84.56, 71.49, 0.003, 222.05, -22.35);
insert into SHOT values (2562, 2559, 2571, 708, 0.904, 74.03, 37.66, 0.897, 73.61, 37.81, 0.009, 291.00, -15.11);
insert into SHOT values (2563, 2559, 2572, 708, 1.313, 71.66, 28.19, 1.313, 71.88, 28.18, 0.004, 159.82, -3.32);
insert into SHOT values (2564, 2559, 2573, 708, 1.342, 69.38, 11.50, 1.341, 69.50, 11.62, 0.004, 194.22, 36.95);
insert into SHOT values (2565, 2559, 2574, 708, 1.309, 70.22, 24.80, 1.310, 70.35, 24.82, 0.003, 139.51, 18.30);
insert into SHOT values (2566, 2559, 2575, 708, 1.383, 71.30, 7.56, 1.384, 71.30, 7.47, 0.002, 73.68, -53.12);
insert into SHOT values (2567, 2559, 2576, 708, 1.486, 69.33, 2.91, 1.486, 69.49, 2.70, 0.007, 159.43, -52.58);
insert into SHOT values (2568, 2559, 2577, 708, 4.885, 358.17, 8.80, 4.891, 358.10, 8.82, 0.008, 311.04, 19.39);
insert into SHOT values (2569, 2577, 2578, 708, 3.192, 241.28, -2.64, 3.190, 241.10, -2.69, 0.010, 140.71, -16.64);
insert into SHOT values (2570, 2577, 2579, 708, 2.819, 243.83, -3.40, 2.818, 243.62, -3.46, 0.011, 147.94, -15.10);
insert into SHOT values (2571, 2577, 2580, 708, 2.537, 245.79, -2.89, 2.537, 245.76, -2.94, 0.002, 134.56, -58.92);
insert into SHOT values (2572, 2577, 2581, 708, 2.280, 249.71, -3.45, 2.276, 249.65, -3.53, 0.005, 99.04, -30.82);
insert into SHOT values (2573, 2577, 2582, 708, 2.219, 253.78, -4.55, 2.216, 253.70, -4.66, 0.006, 117.71, -41.70);
insert into SHOT values (2574, 2577, 2583, 708, 2.599, 257.70, -5.50, 2.603, 257.52, -5.51, 0.009, 195.01, -5.61);
insert into SHOT values (2575, 2577, 2584, 708, 2.660, 262.38, -6.39, 2.660, 262.39, -6.48, 0.004, 11.42, -81.19);
insert into SHOT values (2576, 2577, 2585, 708, 2.721, 265.28, -6.62, 2.719, 265.11, -6.76, 0.010, 153.89, -37.01);
insert into SHOT values (2577, 2577, 2586, 708, 2.516, 273.11, -6.85, 2.511, 272.99, -6.86, 0.007, 141.36, 0.69);
insert into SHOT values (2578, 2577, 2587, 708, 2.760, 285.42, -4.95, 2.759, 285.40, -4.99, 0.002, 144.85, -55.07);
insert into SHOT values (2579, 2577, 2588, 708, 2.711, 289.09, -4.05, 2.705, 289.04, -4.24, 0.011, 128.21, -50.44);
insert into SHOT values (2580, 2577, 2589, 708, 3.028, 302.75, -4.62, 3.028, 302.69, -4.74, 0.007, 210.28, -63.05);
insert into SHOT values (2581, 2577, 2590, 708, 3.008, 308.65, -6.34, 3.001, 308.60, -6.51, 0.012, 145.73, -42.24);
insert into SHOT values (2582, 2577, 2591, 708, 3.281, 315.95, -7.05, 3.279, 316.00, -7.18, 0.008, 93.88, -60.95);
insert into SHOT values (2583, 2577, 2592, 708, 3.759, 325.71, -6.94, 3.756, 325.71, -7.03, 0.007, 141.00, -57.58);
insert into SHOT values (2584, 2577, 2593, 708, 5.406, 334.24, -5.53, 5.402, 334.20, -5.63, 0.011, 192.55, -55.60);
insert into SHOT values (2585, 2577, 2594, 708, 3.555, 230.34, -3.00, 3.556, 230.26, -3.06, 0.006, 144.09, -37.75);
insert into SHOT values (2586, 2577, 2595, 708, 3.572, 218.54, -4.28, 3.576, 218.51, -4.33, 0.005, 190.52, -41.43);
insert into SHOT values (2587, 2577, 2596, 708, 1.619, 36.92, -18.70, 1.614, 37.02, -18.79, 0.006, 190.86, -8.57);
insert into SHOT values (2588, 2577, 2597, 708, 1.435, 42.95, -20.95, 1.441, 43.19, -21.15, 0.010, 97.71, -44.74);
insert into SHOT values (2589, 2577, 2598, 708, 1.334, 49.07, -22.68, 1.332, 49.30, -22.97, 0.009, 179.06, -41.35);
insert into SHOT values (2590, 2577, 2599, 708, 1.225, 65.87, -26.30, 1.223, 66.25, -26.72, 0.012, 193.91, -38.04);
insert into SHOT values (2591, 2577, 2600, 708, 1.184, 85.76, -28.08, 1.183, 86.15, -28.25, 0.008, 193.71, -19.77);
insert into SHOT values (2592, 2577, 2601, 708, 1.341, 106.60, -24.70, 1.344, 106.65, -24.63, 0.003, 128.78, 6.51);
insert into SHOT values (2593, 2577, 2602, 708, 0.998, 137.20, -27.07, 1.010, 137.25, -27.11, 0.012, 142.20, -30.03);
insert into SHOT values (2594, 2577, 2603, 708, 5.023, 348.03, -6.75, 5.022, 348.08, -6.75, 0.005, 86.26, 4.76);
insert into SHOT values (2595, 2603, 2604, 708, 2.871, 297.70, -6.26, 2.872, 297.55, -6.40, 0.010, 205.78, -43.73);
insert into SHOT values (2596, 2603, 2605, 708, 1.505, 296.80, -4.11, 1.502, 296.57, -4.20, 0.007, 180.80, -17.45);
insert into SHOT values (2597, 2603, 2606, 708, 0.656, 293.23, 3.36, 0.651, 292.62, 2.64, 0.012, 167.82, -44.92);
insert into SHOT values (2598, 2603, 2607, 708, 0.442, 289.93, 21.06, 0.441, 289.75, 19.90, 0.009, 255.11, -75.40);
insert into SHOT values (2599, 2603, 2608, 708, 0.335, 282.89, 56.05, 0.327, 282.53, 55.67, 0.008, 126.09, -69.58);
insert into SHOT values (2600, 2603, 2609, 708, 0.364, 271.52, 75.79, 0.361, 270.00, 75.58, 0.004, 195.98, -49.29);
insert into SHOT values (2601, 2603, 2610, 708, 0.415, 190.52, 82.55, 0.414, 189.46, 81.56, 0.007, 181.43, -11.91);
insert into SHOT values (2602, 2603, 2611, 708, 1.964, 137.10, 77.61, 1.955, 137.91, 77.66, 0.011, 259.20, -49.75);
insert into SHOT values (2603, 2603, 2612, 708, 0.719, 131.20, 68.40, 0.713, 131.99, 67.82, 0.010, 171.51, -56.07);
insert into SHOT values (2604, 2603, 2613, 708, 0.640, 128.71, 62.47, 0.635, 129.56, 61.95, 0.009, 189.48, -56.01);
insert into SHOT values (2605, 2603, 2614, 708, 0.603, 130.95, 50.52, 0.603, 131.88, 49.75, 0.010, 177.22, -31.81);
insert into SHOT values (2606, 2603, 2615, 708, 0.635, 132.20, 38.28, 0.636, 132.58, 37.82, 0.006, 172.06, -32.93);
insert into SHOT values (2607, 2603, 2616, 708, 0.731, 133.65, 27.28, 0.730, 133.75, 26.89, 0.005, 184.13, -72.79);
insert into SHOT values (2608, 2603, 2617, 708, 2.581, 123.32, 8.07, 2.580, 123.50, 8.02, 0.009, 220.55, -15.65);
insert into SHOT values (2609, 2603, 2618, 708, 0.675, 124.98, 28.53, 0.670, 125.31, 28.55, 0.006, 269.68, -22.03);
insert into SHOT values (2610, 2603, 2619, 708, 0.858, 123.71, 18.25, 0.861, 124.08, 17.57, 0.012, 164.53, -47.09);
insert into SHOT values (2611, 2603, 2620, 708, 2.685, 121.34, 6.83, 2.680, 121.48, 6.64, 0.012, 243.72, -49.98);
insert into SHOT values (2612, 2603, 2621, 708, 3.041, 120.64, 3.33, 3.040, 120.70, 3.21, 0.008, 215.70, -62.03);
insert into SHOT values (2613, 2603, 2622, 708, 4.039, 119.88, 0.37, 4.041, 119.99, 0.28, 0.010, 194.63, -36.46);
insert into SHOT values (2614, 2603, 2623, 708, 4.775, 119.19, -1.83, 4.771, 119.25, -1.92, 0.010, 249.12, -47.01);
insert into SHOT values (2615, 2603, 2624, 708, 4.949, 118.89, -2.52, 4.951, 118.90, -2.55, 0.003, 143.88, -53.82);
insert into SHOT values (2616, 2603, 2625, 708, 1.146, 120.15, -13.16, 1.144, 120.26, -13.65, 0.010, 275.24, -61.32);
insert into SHOT values (2617, 2603, 2626, 708, 2.822, 303.01, -6.80, 2.819, 302.90, -6.93, 0.009, 181.29, -42.02);
insert into SHOT values (2618, 2603, 2627, 708, 2.734, 316.39, -6.59, 2.735, 316.19, -6.72, 0.011, 225.94, -34.01);
insert into SHOT values (2619, 2603, 2628, 708, 3.548, 246.86, -1.64, 3.550, 246.76, -1.78, 0.011, 169.21, -53.29);
insert into SHOT values (2620, 2603, 2629, 708, 3.387, 250.57, -2.16, 3.387, 250.49, -2.20, 0.005, 155.77, -28.03);
insert into SHOT values (2621, 2603, 2630, 708, 3.476, 254.02, -2.81, 3.480, 253.96, -2.96, 0.011, 209.89, -63.69);
insert into SHOT values (2622, 2603, 2631, 708, 3.335, 257.77, -3.56, 3.343, 257.71, -3.60, 0.009, 235.53, -18.97);
insert into SHOT values (2623, 2603, 2632, 708, 3.329, 261.35, -3.87, 3.336, 261.36, -3.95, 0.008, 266.60, -39.74);
insert into SHOT values (2624, 2603, 2633, 708, 3.441, 265.99, -4.34, 3.439, 265.99, -4.50, 0.010, 89.32, -74.15);
insert into SHOT values (2625, 2603, 2634, 708, 3.318, 269.82, -4.85, 3.323, 269.83, -5.01, 0.010, 276.94, -67.49);
insert into SHOT values (2626, 2603, 2635, 708, 3.256, 272.46, -5.07, 3.256, 272.30, -5.11, 0.009, 178.27, -13.90);
insert into SHOT values (2627, 2603, 2636, 708, 3.118, 275.83, -5.37, 3.120, 275.73, -5.52, 0.010, 198.28, -56.02);
insert into SHOT values (2628, 2603, 2637, 708, 3.002, 285.66, -5.85, 3.005, 285.52, -5.92, 0.009, 216.53, -28.20);
insert into SHOT values (2629, 2603, 2638, 708, 3.523, 219.63, 12.02, 3.528, 219.59, 11.94, 0.007, 200.46, -29.49);
insert into SHOT values (2630, 2603, 2639, 708, 3.153, 222.94, 10.11, 3.162, 222.92, 10.02, 0.010, 215.92, -20.37);
insert into SHOT values (2631, 2603, 2640, 708, 2.820, 302.23, -6.58, 2.819, 302.16, -6.72, 0.008, 182.81, -59.77);
insert into SHOT values (2632, 2603, 2641, 708, 2.772, 309.12, -6.69, 2.772, 308.95, -6.84, 0.011, 209.72, -41.18);
insert into SHOT values (2633, 2603, 2642, 708, 2.739, 317.26, -6.64, 2.736, 317.09, -6.72, 0.009, 203.58, -20.43);
insert into SHOT values (2634, 2603, 2643, 708, 2.673, 323.72, -5.89, 2.675, 323.56, -6.01, 0.009, 242.85, -37.57);
insert into SHOT values (2635, 2603, 2644, 708, 2.693, 331.05, -5.89, 2.691, 330.95, -5.97, 0.006, 219.28, -35.12);
insert into SHOT values (2636, 2603, 2645, 708, 2.870, 339.95, -6.02, 2.870, 339.91, -6.20, 0.009, 230.28, -78.55);
insert into SHOT values (2637, 2603, 2646, 708, 3.118, 348.90, -5.83, 3.115, 348.84, -5.90, 0.006, 215.59, -34.88);
insert into SHOT values (2638, 2603, 2647, 708, 3.207, 354.75, -5.32, 3.207, 354.79, -5.37, 0.003, 84.51, -49.36);
insert into SHOT values (2639, 2603, 2648, 708, 3.147, 5.57, -6.72, 3.146, 5.51, -6.75, 0.004, 259.09, -27.65);
insert into SHOT values (2640, 2603, 2649, 708, 3.078, 11.93, -5.13, 3.068, 11.90, -5.24, 0.011, 201.05, -25.21);
insert into SHOT values (2641, 2603, 2650, 708, 3.235, 21.81, -4.89, 3.234, 21.87, -4.97, 0.006, 134.85, -49.63);
insert into SHOT values (2642, 2603, 2651, 708, 3.481, 30.25, -4.51, 3.476, 30.34, -4.62, 0.010, 166.41, -38.23);
insert into SHOT values (2643, 2603, 2652, 708, 4.325, 42.70, -4.10, 4.321, 42.65, -4.11, 0.006, 265.29, -8.05);
insert into SHOT values (2644, 2603, 2653, 708, 5.859, 150.89, -1.70, 5.863, 150.90, -1.76, 0.007, 166.97, -60.61);
insert into SHOT values (2645, 2603, 2654, 708, 5.865, 143.23, -1.78, 5.869, 143.25, -1.86, 0.009, 169.88, -61.21);
insert into SHOT values (2646, 2603, 2655, 708, 5.924, 136.43, -1.82, 5.923, 136.44, -1.84, 0.002, 262.77, -58.83);
insert into SHOT values (2647, 2603, 2656, 708, 5.869, 130.99, -2.04, 5.873, 130.99, -2.05, 0.004, 137.86, -15.33);
insert into SHOT values (2648, 2603, 2657, 708, 6.020, 125.27, -2.22, 6.023, 125.33, -2.28, 0.010, 191.73, -45.23);
insert into SHOT values (2649, 2603, 2658, 708, 5.090, 117.76, -2.23, 5.090, 117.77, -2.25, 0.002, 215.64, -53.91);
insert into SHOT values (2650, 2603, 2659, 708, 5.456, 114.27, -1.92, 5.459, 114.36, -1.99, 0.011, 186.88, -39.18);
insert into SHOT values (2651, 2603, 2660, 708, 5.958, 111.32, -1.67, 5.962, 111.36, -1.73, 0.008, 157.32, -50.29);
insert into SHOT values (2652, 2603, 2661, 708, 6.010, 106.99, -1.31, 6.005, 107.05, -1.34, 0.008, 234.45, -18.72);
insert into SHOT values (2653, 2603, 2662, 708, 4.819, 153.72, -0.07, 4.826, 153.81, -0.12, 0.011, 202.37, -22.58);
insert into SHOT values (2654, 2603, 2663, 708, 4.664, 150.84, -0.30, 4.669, 150.91, -0.37, 0.009, 199.89, -36.00);
insert into SHOT values (2655, 2603, 2664, 708, 4.273, 145.85, -0.48, 4.277, 145.86, -0.54, 0.006, 162.00, -45.14);
insert into SHOT values (2656, 2603, 2665, 708, 4.121, 140.45, -0.58, 4.121, 140.51, -0.70, 0.010, 236.43, -59.89);
insert into SHOT values (2657, 2603, 2666, 708, 4.152, 132.53, -0.97, 4.155, 132.56, -1.10, 0.010, 170.26, -68.19);
insert into SHOT values (2658, 2603, 2667, 708, 4.484, 122.60, -1.29, 4.481, 122.70, -1.41, 0.012, 233.87, -47.65);
insert into SHOT values (2659, 2603, 2668, 708, 5.100, 115.47, -1.38, 5.101, 115.56, -1.46, 0.011, 202.01, -41.34);
insert into SHOT values (2660, 2603, 2669, 708, 5.923, 108.94, -1.37, 5.925, 109.02, -1.45, 0.012, 185.37, -45.44);
insert into SHOT values (2661, 2603, 2670, 708, 6.256, 104.51, -0.97, 6.251, 104.55, -1.01, 0.008, 242.34, -32.77);
insert into SHOT values (2662, 2603, 2671, 708, 7.376, 88.46, -2.05, 7.377, 88.52, -2.10, 0.010, 170.50, -36.16);
insert into SHOT values (2663, 2671, 2672, 708, 4.474, 137.30, -2.16, 4.469, 137.27, -2.18, 0.006, 340.15, -13.02);
insert into SHOT values (2664, 2671, 2673, 708, 4.342, 140.79, -1.94, 4.338, 140.80, -1.98, 0.005, 304.61, -36.29);
insert into SHOT values (2665, 2671, 2674, 708, 4.232, 144.01, -1.92, 4.227, 144.05, -1.90, 0.006, 291.48, 16.54);
insert into SHOT values (2666, 2671, 2675, 708, 4.227, 149.72, -1.94, 4.220, 149.67, -1.90, 0.009, 358.32, 20.75);
insert into SHOT values (2667, 2671, 2676, 708, 4.320, 154.61, -2.19, 4.320, 154.62, -2.12, 0.005, 261.07, 77.97);
insert into SHOT values (2668, 2671, 2677, 708, 4.409, 157.07, -1.86, 4.398, 157.11, -1.82, 0.011, 320.36, 15.85);
insert into SHOT values (2669, 2671, 2678, 708, 4.246, 149.93, -1.86, 4.241, 149.99, -1.89, 0.007, 291.55, -17.45);
insert into SHOT values (2670, 2671, 2679, 708, 4.363, 154.98, -1.48, 4.359, 155.02, -1.45, 0.006, 294.93, 27.15);
insert into SHOT values (2671, 2671, 2680, 708, 4.410, 160.48, -1.88, 4.405, 160.49, -1.82, 0.007, 326.14, 42.36);
insert into SHOT values (2672, 2671, 2681, 708, 4.417, 165.94, -1.71, 4.414, 165.96, -1.69, 0.004, 315.48, 25.19);
insert into SHOT values (2673, 2671, 2682, 708, 3.683, 171.09, -1.18, 3.675, 171.08, -1.09, 0.010, 356.98, 36.92);
insert into SHOT values (2674, 2671, 2683, 708, 3.509, 175.61, -1.18, 3.501, 175.58, -1.15, 0.008, 9.75, 15.66);
insert into SHOT values (2675, 2671, 2684, 708, 3.398, 182.01, -1.08, 3.393, 182.03, -1.01, 0.007, 350.06, 36.90);
insert into SHOT values (2676, 2671, 2685, 708, 3.514, 188.47, -0.53, 3.509, 188.52, -0.49, 0.007, 335.43, 22.36);
insert into SHOT values (2677, 2671, 2686, 708, 3.551, 191.65, -0.31, 3.544, 191.72, -0.32, 0.008, 338.74, -5.36);
insert into SHOT values (2678, 2671, 2687, 708, 3.670, 196.01, 0.01, 3.665, 196.16, 0.00, 0.011, 314.23, -3.33);
insert into SHOT values (2679, 2671, 2688, 708, 3.611, 201.88, 0.12, 3.612, 201.95, 0.16, 0.005, 281.74, 28.46);
insert into SHOT values (2680, 2671, 2689, 708, 3.284, 109.83, -1.70, 3.275, 109.82, -1.75, 0.009, 293.55, -16.56);
insert into SHOT values (2681, 2671, 2690, 708, 2.514, 114.05, -2.04, 2.509, 114.01, -2.06, 0.006, 311.47, -5.03);
insert into SHOT values (2682, 2671, 2691, 708, 1.749, 119.92, -2.31, 1.744, 119.95, -2.30, 0.005, 289.22, 5.70);
insert into SHOT values (2683, 2671, 2692, 708, 1.676, 125.67, -2.20, 1.672, 125.50, -2.06, 0.008, 354.88, 33.43);
insert into SHOT values (2684, 2671, 2693, 708, 1.472, 136.78, -3.35, 1.467, 136.94, -3.13, 0.009, 277.47, 43.29);
insert into SHOT values (2685, 2671, 2694, 708, 1.166, 157.99, -2.40, 1.164, 158.29, -2.46, 0.007, 270.52, -10.04);
insert into SHOT values (2686, 2671, 2695, 708, 0.894, 189.72, -1.59, 0.893, 189.67, -1.28, 0.005, 45.83, 76.06);
insert into SHOT values (2687, 2671, 2696, 708, 0.943, 229.72, -2.21, 0.945, 229.73, -2.43, 0.004, 236.27, -69.31);
insert into SHOT values (2688, 2671, 2697, 708, 1.149, 245.51, -2.04, 1.151, 245.89, -1.99, 0.008, 320.05, 6.54);
insert into SHOT values (2689, 2671, 2698, 708, 1.688, 257.13, -0.86, 1.691, 257.36, -0.68, 0.009, 322.45, 35.25);
insert into SHOT values (2690, 2671, 2699, 708, 2.003, 259.45, -0.71, 2.003, 259.64, -0.57, 0.008, 351.41, 35.18);
insert into SHOT values (2691, 2671, 2700, 708, 2.620, 263.55, -0.66, 2.626, 263.66, -0.65, 0.008, 302.87, 1.28);
insert into SHOT values (2692, 2671, 2701, 708, 3.688, 267.24, -0.23, 3.694, 267.36, -0.16, 0.011, 320.59, 25.79);
insert into SHOT values (2693, 2671, 2702, 708, 4.276, 269.69, -0.38, 4.280, 269.73, -0.40, 0.006, 308.00, -17.27);
insert into SHOT values (2694, 2671, 2703, 708, 4.522, 273.62, -0.04, 4.529, 273.67, 0.00, 0.009, 303.29, 20.61);
insert into SHOT values (2695, 2671, 2704, 708, 3.649, 50.72, 0.12, 3.645, 50.68, 0.16, 0.005, 266.28, 27.70);
insert into SHOT values (2696, 2671, 2705, 708, 3.089, 43.56, 0.24, 3.091, 43.56, 0.19, 0.004, 42.96, -54.94);
insert into SHOT values (2697, 2671, 2706, 708, 2.753, 34.71, 0.16, 2.754, 34.50, 0.21, 0.010, 312.31, 12.75);
insert into SHOT values (2698, 2671, 2707, 708, 2.568, 23.74, 0.13, 2.566, 23.67, 0.22, 0.006, 259.18, 47.34);
insert into SHOT values (2699, 2671, 2708, 708, 2.353, 14.79, 0.64, 2.358, 14.74, 0.73, 0.006, 353.62, 35.99);
insert into SHOT values (2700, 2671, 2709, 708, 2.301, 11.12, 0.97, 2.303, 11.02, 1.00, 0.005, 304.48, 13.27);
insert into SHOT values (2701, 2671, 2710, 708, 2.350, 0.36, 0.73, 2.350, 0.24, 0.73, 0.005, 272.88, 0.73);
insert into SHOT values (2702, 2671, 2711, 708, 2.396, 349.23, 1.14, 2.403, 349.20, 1.19, 0.007, 341.06, 18.26);
insert into SHOT values (2703, 2671, 2712, 708, 2.853, 336.23, 0.39, 2.852, 336.22, 0.40, 0.001, 180.60, 33.07);
insert into SHOT values (2704, 2671, 2713, 708, 2.892, 328.92, 0.47, 2.898, 328.83, 0.40, 0.009, 294.98, -25.63);
insert into SHOT values (2705, 2671, 2714, 708, 3.278, 320.01, -0.49, 3.287, 320.06, -0.52, 0.010, 338.68, -11.91);
insert into SHOT values (2706, 2671, 2715, 708, 4.410, 316.38, -0.16, 4.421, 316.37, -0.13, 0.011, 314.88, 12.20);
insert into SHOT values (2707, 2671, 2716, 708, 4.522, 313.47, 0.25, 4.527, 313.39, 0.25, 0.008, 263.69, 1.87);
insert into SHOT values (2708, 2671, 2717, 708, 4.732, 309.48, 0.51, 4.739, 309.43, 0.48, 0.008, 281.54, -15.12);
insert into SHOT values (2709, 2671, 2718, 708, 4.907, 306.85, 0.45, 4.914, 306.89, 0.47, 0.008, 335.07, 10.21);
insert into SHOT values (2710, 2671, 2719, 708, 4.784, 98.25, 2.35, 4.783, 98.18, 2.40, 0.007, 354.76, 33.54);
insert into SHOT values (2711, 2719, 2720, 708, 4.297, 114.98, -6.99, 4.292, 115.00, -7.09, 0.009, 279.63, -48.65);
insert into SHOT values (2712, 2719, 2721, 708, 4.191, 118.24, -7.36, 4.191, 118.29, -7.40, 0.005, 207.80, -39.08);
insert into SHOT values (2713, 2719, 2722, 708, 4.025, 122.50, -7.81, 4.021, 122.49, -7.86, 0.005, 307.62, -36.87);
insert into SHOT values (2714, 2719, 2723, 708, 3.794, 129.30, -8.09, 3.790, 129.38, -8.19, 0.009, 262.08, -41.53);
insert into SHOT values (2715, 2719, 2724, 708, 3.632, 134.62, -8.50, 3.632, 134.77, -8.55, 0.010, 224.55, -17.89);
insert into SHOT values (2716, 2719, 2725, 708, 3.441, 141.36, -9.04, 3.444, 141.45, -9.02, 0.006, 199.50, 6.23);
insert into SHOT values (2717, 2719, 2726, 708, 3.126, 152.69, -9.61, 3.125, 152.77, -9.58, 0.005, 250.85, 22.82);
insert into SHOT values (2718, 2719, 2727, 708, 2.857, 160.39, -10.47, 2.859, 160.47, -10.48, 0.005, 219.88, -10.12);
insert into SHOT values (2719, 2719, 2728, 708, 2.765, 167.07, -10.54, 2.767, 167.04, -10.62, 0.005, 109.59, -67.21);
insert into SHOT values (2720, 2719, 2729, 708, 2.604, 173.65, -10.79, 2.602, 173.71, -10.85, 0.005, 307.15, -33.80);
insert into SHOT values (2721, 2719, 2730, 708, 2.585, 186.08, -11.27, 2.585, 186.12, -11.38, 0.005, 300.14, -69.53);
insert into SHOT values (2722, 2719, 2731, 708, 2.850, 192.95, -9.82, 2.854, 192.95, -9.89, 0.005, 193.22, -50.35);
insert into SHOT values (2723, 2719, 2732, 708, 3.382, 202.17, -8.15, 3.384, 202.28, -8.15, 0.007, 273.09, -4.65);
insert into SHOT values (2724, 2719, 2733, 708, 3.375, 210.05, -7.63, 3.382, 210.08, -7.65, 0.007, 228.22, -15.72);
insert into SHOT values (2725, 2719, 2734, 708, 3.060, 214.94, -6.88, 3.060, 214.95, -6.94, 0.003, 338.48, -82.43);
insert into SHOT values (2726, 2719, 2735, 708, 3.331, 220.69, -5.95, 3.330, 220.71, -6.03, 0.005, 358.23, -65.18);
insert into SHOT values (2727, 2719, 2736, 708, 3.582, 223.26, -5.40, 3.589, 223.30, -5.44, 0.007, 244.75, -23.02);
insert into SHOT values (2728, 2719, 2737, 708, 5.973, 64.43, -2.59, 5.968, 64.47, -2.59, 0.006, 203.64, -0.84);
insert into SHOT values (2729, 2719, 2738, 708, 5.404, 59.65, -2.11, 5.404, 59.64, -2.12, 0.002, 351.68, -40.73);
insert into SHOT values (2730, 2719, 2739, 708, 5.665, 49.28, -0.57, 5.659, 49.30, -0.61, 0.007, 210.12, -29.51);
insert into SHOT values (2731, 2719, 2740, 708, 5.644, 41.23, 1.06, 5.641, 41.26, 1.02, 0.006, 167.71, -46.74);
insert into SHOT values (2732, 2719, 2741, 708, 5.770, 32.13, 2.20, 5.764, 32.09, 2.19, 0.007, 246.41, -12.22);
insert into SHOT values (2733, 2719, 2742, 708, 6.410, 26.94, 3.65, 6.408, 26.97, 3.67, 0.004, 145.97, 29.03);
insert into SHOT values (2734, 2719, 2743, 708, 10.090, 20.71, 4.31, 10.086, 20.67, 4.32, 0.008, 259.83, 12.07);
insert into SHOT values (2735, 2719, 2744, 708, 4.947, 96.36, -4.99, 4.949, 96.40, -4.98, 0.005, 153.82, 3.66);
insert into SHOT values (2736, 2719, 2745, 708, 4.510, 107.07, -5.80, 4.512, 107.10, -5.85, 0.005, 166.70, -53.71);
insert into SHOT values (2737, 2719, 2746, 708, 4.052, 115.93, -5.70, 4.046, 115.93, -5.82, 0.010, 295.94, -48.04);
insert into SHOT values (2738, 2719, 2747, 708, 3.661, 127.98, -6.76, 3.658, 128.07, -6.75, 0.006, 243.73, 8.41);
insert into SHOT values (2739, 2719, 2748, 708, 5.600, 87.33, -4.27, 5.602, 87.33, -4.30, 0.003, 100.24, -61.68);
insert into SHOT values (2740, 2719, 2749, 708, 5.673, 79.12, -3.84, 5.675, 79.11, -3.84, 0.002, 45.92, -2.08);
insert into SHOT values (2741, 2719, 2750, 708, 2.365, 113.07, -10.09, 2.363, 113.04, -10.24, 0.007, 316.41, -60.22);
insert into SHOT values (2742, 2719, 2751, 708, 1.394, 116.15, -14.55, 1.395, 116.38, -14.53, 0.006, 192.59, 2.16);
insert into SHOT values (2743, 2719, 2752, 708, 0.894, 119.94, -21.24, 0.896, 120.26, -21.60, 0.008, 206.69, -52.90);
insert into SHOT values (2744, 2719, 2753, 708, 0.363, 202.14, -46.05, 0.368, 202.62, -45.00, 0.008, 217.31, 9.12);
insert into SHOT values (2745, 2719, 2754, 708, 1.288, 288.65, -11.85, 1.293, 288.43, -12.05, 0.008, 241.36, -40.65);
insert into SHOT values (2746, 2719, 2755, 708, 4.126, 274.20, -2.54, 4.125, 274.17, -2.64, 0.007, 153.50, -74.50);
insert into SHOT values (2747, 2719, 2756, 708, 2.923, 271.41, -4.26, 2.929, 271.37, -4.31, 0.007, 254.53, -24.93);
insert into SHOT values (2748, 2719, 2757, 708, 2.414, 264.44, -6.02, 2.415, 264.50, -6.18, 0.007, 347.03, -68.20);
insert into SHOT values (2749, 2719, 2758, 708, 1.723, 252.35, -9.40, 1.724, 252.20, -9.35, 0.005, 182.12, 17.19);
insert into SHOT values (2750, 2719, 2759, 708, 1.661, 221.44, -15.10, 1.660, 221.46, -15.37, 0.008, 30.93, -70.62);
insert into SHOT values (2751, 2719, 2760, 708, 1.603, 204.90, -16.40, 1.611, 204.90, -16.59, 0.009, 206.59, -52.14);
insert into SHOT values (2752, 2719, 2761, 708, 2.698, 188.01, -12.19, 2.697, 188.07, -12.20, 0.003, 299.21, -5.88);
insert into SHOT values (2753, 2719, 2762, 708, 2.623, 181.26, -12.38, 2.621, 181.34, -12.34, 0.005, 290.43, 30.62);
insert into SHOT values (2754, 2719, 2763, 708, 3.410, 316.70, -3.04, 3.414, 316.66, -3.02, 0.005, 291.97, 9.68);
insert into SHOT values (2755, 2719, 2764, 708, 2.223, 313.72, -5.48, 2.224, 313.72, -5.42, 0.002, 314.56, 67.33);
insert into SHOT values (2756, 2719, 2765, 708, 1.263, 311.60, -10.90, 1.263, 311.40, -10.96, 0.004, 216.97, -15.47);
insert into SHOT values (2757, 2719, 2766, 708, 0.582, 325.62, -26.94, 0.590, 325.10, -27.25, 0.010, 284.42, -41.13);
insert into SHOT values (2758, 2719, 2767, 708, 0.479, 356.40, -39.14, 0.477, 355.36, -38.94, 0.007, 263.31, 19.33);
insert into SHOT values (2759, 2719, 2768, 708, 0.541, 43.43, -36.86, 0.538, 43.09, -37.86, 0.010, 240.08, -32.09);
insert into SHOT values (2760, 2719, 2769, 708, 0.629, 86.20, -30.92, 0.634, 86.82, -31.39, 0.009, 164.73, -48.61);
insert into SHOT values (2761, 2719, 2770, 708, 1.094, 112.46, -18.37, 1.097, 112.62, -18.60, 0.006, 171.68, -56.87);
insert into SHOT values (2762, 2719, 2771, 708, 2.373, 114.81, -10.79, 2.370, 114.91, -10.95, 0.008, 252.00, -42.71);
insert into SHOT values (2763, 2719, 2772, 708, 2.580, 108.53, -5.04, 2.575, 108.65, -5.12, 0.008, 244.09, -23.83);
insert into SHOT values (2764, 2719, 2773, 708, 2.531, 96.17, -3.62, 2.530, 96.14, -3.63, 0.002, 316.96, -5.75);
insert into SHOT values (2765, 2719, 2774, 708, 2.784, 79.59, -1.77, 2.777, 79.62, -1.86, 0.008, 247.24, -28.34);
insert into SHOT values (2766, 2719, 2775, 708, 2.982, 67.49, -0.07, 2.977, 67.48, -0.19, 0.008, 250.25, -51.39);
insert into SHOT values (2767, 2719, 2776, 708, 3.653, 59.88, -0.09, 3.652, 59.92, -0.16, 0.005, 174.75, -52.95);
insert into SHOT values (2768, 2719, 2777, 708, 4.430, 54.74, -0.26, 4.426, 54.66, -0.26, 0.008, 289.54, 0.77);
insert into SHOT values (2769, 2719, 2778, 708, 5.003, 48.76, -0.01, 5.003, 48.73, 0.00, 0.003, 313.59, 18.03);
insert into SHOT values (2770, 2719, 2779, 708, 5.503, 45.87, -0.09, 5.502, 45.88, -0.10, 0.002, 171.56, -37.04);
insert into SHOT values (2771, 2719, 2780, 708, 5.743, 41.37, 0.16, 5.739, 41.33, 0.10, 0.008, 270.41, -47.52);
insert into SHOT values (2772, 2719, 2781, 708, 2.515, 16.77, 0.99, 2.516, 16.63, 0.91, 0.007, 292.77, -30.15);
insert into SHOT values (2773, 2781, 2782, 708, 1.507, 104.10, -6.53, 1.506, 104.31, -6.48, 0.006, 201.87, 13.61);
insert into SHOT values (2774, 2781, 2783, 708, 3.776, 106.08, -4.05, 3.779, 106.18, -4.10, 0.008, 173.61, -25.72);
insert into SHOT values (2775, 2781, 2784, 708, 3.770, 106.53, -3.89, 3.774, 106.51, -3.80, 0.007, 89.12, 54.50);
insert into SHOT values (2776, 2781, 2785, 708, 3.070, 106.99, -1.98, 3.077, 107.02, -2.05, 0.008, 121.80, -30.29);
insert into SHOT values (2777, 2781, 2786, 708, 1.856, 107.35, 1.92, 1.857, 107.56, 1.85, 0.007, 184.77, -17.54);
insert into SHOT values (2778, 2781, 2787, 708, 1.378, 107.92, 7.60, 1.378, 107.90, 7.51, 0.002, 56.57, -79.22);
insert into SHOT values (2779, 2781, 2788, 708, 1.089, 108.35, 14.22, 1.090, 108.78, 14.34, 0.008, 194.32, 17.43);
insert into SHOT values (2780, 2781, 2789, 708, 0.908, 108.84, 27.79, 0.906, 108.89, 27.60, 0.003, 201.44, -78.68);
insert into SHOT values (2781, 2781, 2790, 708, 0.949, 112.40, 53.20, 0.952, 112.54, 52.94, 0.006, 127.49, 1.09);
insert into SHOT values (2782, 2781, 2791, 708, 1.129, 112.89, 63.89, 1.128, 113.50, 63.59, 0.008, 161.54, -28.02);
insert into SHOT values (2783, 2781, 2792, 708, 1.356, 113.71, 70.46, 1.360, 114.34, 70.19, 0.009, 148.17, 13.11);
insert into SHOT values (2784, 2781, 2793, 708, 1.799, 116.69, 76.38, 1.801, 116.57, 76.35, 0.002, 79.83, 46.18);
insert into SHOT values (2785, 2781, 2794, 708, 2.512, 173.77, 85.89, 2.517, 173.66, 85.87, 0.005, 155.95, 75.88);
insert into SHOT values (2786, 2781, 2795, 708, 0.968, 208.79, 85.06, 0.974, 206.57, 84.73, 0.009, 178.82, 38.85);
insert into SHOT values (2787, 2781, 2796, 708, 0.788, 240.19, 83.56, 0.785, 234.46, 83.71, 0.010, 132.18, -18.54);
insert into SHOT values (2788, 2781, 2797, 708, 0.656, 260.54, 79.15, 0.661, 260.54, 79.40, 0.006, 80.59, 72.29);
insert into SHOT values (2789, 2781, 2798, 708, 0.846, 283.66, 55.04, 0.842, 283.17, 55.02, 0.006, 166.74, -36.05);
insert into SHOT values (2790, 2781, 2799, 708, 1.184, 279.04, 41.11, 1.184, 279.04, 41.20, 0.002, 98.16, 56.09);
insert into SHOT values (2791, 2781, 2800, 708, 1.801, 280.58, 21.55, 1.793, 280.37, 21.60, 0.010, 138.57, -8.68);
insert into SHOT values (2792, 2781, 2801, 708, 2.343, 279.88, 9.81, 2.338, 279.75, 9.85, 0.008, 143.45, 6.00);
insert into SHOT values (2793, 2781, 2802, 708, 2.625, 278.97, 4.51, 2.619, 278.81, 4.60, 0.010, 148.45, 21.05);
insert into SHOT values (2794, 2781, 2803, 708, 2.755, 277.88, 2.58, 2.748, 277.75, 2.50, 0.010, 139.34, -22.78);
insert into SHOT values (2795, 2781, 2804, 708, 1.748, 191.90, 7.99, 1.752, 191.63, 7.87, 0.010, 131.76, -17.81);
insert into SHOT values (2796, 2781, 2805, 708, 1.459, 189.04, 10.43, 1.460, 188.81, 10.26, 0.007, 118.36, -33.84);
insert into SHOT values (2797, 2781, 2806, 708, 1.136, 176.71, 13.87, 1.145, 176.39, 13.65, 0.011, 143.25, -11.75);
insert into SHOT values (2798, 2781, 2807, 708, 0.938, 161.79, 21.21, 0.940, 161.36, 21.21, 0.007, 84.40, 5.45);
insert into SHOT values (2799, 2781, 2808, 708, 0.913, 147.05, 22.35, 0.916, 147.06, 22.48, 0.003, 153.90, 60.61);
insert into SHOT values (2800, 2781, 2809, 708, 0.913, 119.87, 30.28, 0.921, 120.10, 29.97, 0.010, 139.45, -2.12);
insert into SHOT values (2801, 2781, 2810, 708, 0.872, 104.12, 30.89, 0.878, 104.59, 30.82, 0.009, 150.10, 15.09);
insert into SHOT values (2802, 2781, 2811, 708, 1.025, 86.24, 23.68, 1.027, 86.35, 23.52, 0.004, 115.45, -24.38);
insert into SHOT values (2803, 2781, 2812, 708, 1.327, 70.02, 16.12, 1.327, 70.29, 16.19, 0.006, 161.21, 14.69);
insert into SHOT values (2804, 2781, 2813, 708, 1.837, 61.99, 9.67, 1.838, 62.02, 9.71, 0.002, 111.42, 47.05);
insert into SHOT values (2805, 2781, 2814, 708, 2.093, 53.11, 8.32, 2.094, 53.24, 8.24, 0.006, 130.99, -30.32);
insert into SHOT values (2806, 2781, 2815, 708, 2.296, 46.63, 9.15, 2.294, 46.79, 9.28, 0.009, 161.43, 34.84);
insert into SHOT values (2807, 2781, 2816, 708, 2.628, 41.99, 6.24, 2.629, 42.05, 6.33, 0.005, 127.11, 56.09);
insert into SHOT values (2808, 2781, 2817, 708, 3.370, 39.61, 2.48, 3.369, 39.70, 2.55, 0.007, 137.87, 38.61);
insert into SHOT values (2809, 2781, 2818, 708, 3.488, 37.47, 1.75, 3.482, 37.53, 1.81, 0.008, 186.81, 25.98);
insert into SHOT values (2810, 2781, 2819, 708, 3.857, 36.12, 1.31, 3.857, 36.25, 1.34, 0.009, 124.60, 11.99);
insert into SHOT values (2811, 2781, 2820, 708, 1.953, 39.32, 76.28, 1.955, 40.60, 76.36, 0.011, 142.12, 14.44);
insert into SHOT values (2812, 2781, 2821, 708, 1.973, 36.60, 67.34, 1.974, 37.02, 67.23, 0.007, 92.11, -5.85);
insert into SHOT values (2813, 2781, 2822, 708, 2.021, 35.82, 57.93, 2.019, 35.91, 57.86, 0.003, 93.33, -52.00);
insert into SHOT values (2814, 2781, 2823, 708, 2.445, 26.11, 39.07, 2.443, 26.29, 39.08, 0.007, 134.45, -8.83);
insert into SHOT values (2815, 2781, 2824, 708, 2.885, 27.32, 31.25, 2.885, 27.29, 31.33, 0.004, 235.24, 54.88);
insert into SHOT values (2816, 2781, 2825, 708, 3.341, 26.94, 25.61, 3.337, 27.08, 25.57, 0.009, 138.91, -27.92);
insert into SHOT values (2817, 2781, 2826, 708, 4.528, 26.27, 18.72, 4.523, 26.33, 18.70, 0.007, 160.12, -28.53);
insert into SHOT values (2818, 2781, 2827, 708, 5.514, 26.40, 12.43, 5.514, 26.47, 12.46, 0.007, 118.92, 24.98);
insert into SHOT values (2819, 2781, 2828, 708, 0.812, 328.80, 68.78, 0.814, 329.04, 69.01, 0.004, 121.64, 49.06);
insert into SHOT values (2820, 2781, 2829, 708, 0.616, 259.19, 71.04, 0.612, 258.11, 71.49, 0.007, 110.45, -20.14);
insert into SHOT values (2821, 2781, 2830, 708, 0.714, 227.90, 48.00, 0.711, 227.56, 48.18, 0.005, 86.01, -7.68);
insert into SHOT values (2822, 2781, 2831, 708, 0.896, 227.91, 24.25, 0.894, 227.49, 24.45, 0.007, 111.01, 16.65);
insert into SHOT values (2823, 2781, 2832, 708, 1.228, 216.38, 15.12, 1.230, 216.10, 15.07, 0.006, 150.53, -2.82);
insert into SHOT values (2824, 2781, 2833, 708, 1.575, 207.47, 7.90, 1.581, 207.38, 8.00, 0.007, 184.02, 31.14);
insert into SHOT values (2825, 2781, 2834, 708, 1.891, 201.90, 2.79, 1.896, 201.69, 2.72, 0.009, 149.47, -13.18);
insert into SHOT values (2826, 2781, 2835, 708, 2.277, 197.11, 1.86, 2.282, 197.08, 1.76, 0.006, 185.83, -38.38);
insert into SHOT values (2827, 2781, 2836, 708, 2.495, 194.56, 0.71, 2.498, 194.37, 0.69, 0.009, 126.66, -5.90);
insert into SHOT values (2828, 2781, 2837, 708, 2.593, 193.37, 0.15, 2.600, 193.34, 0.22, 0.008, 183.68, 23.79);
insert into SHOT values (2829, 2781, 2838, 708, 2.571, 288.92, 4.33, 2.565, 288.93, 4.25, 0.007, 103.02, -37.75);
insert into SHOT values (2830, 2781, 2839, 708, 2.338, 307.71, 5.92, 2.337, 307.66, 5.90, 0.003, 184.66, -25.37);
insert into SHOT values (2831, 2781, 2840, 708, 2.095, 326.28, 6.19, 2.090, 326.39, 6.32, 0.008, 110.52, 31.50);
insert into SHOT values (2832, 2781, 2841, 708, 2.286, 344.09, 8.56, 2.282, 344.05, 8.57, 0.004, 183.91, -3.78);
insert into SHOT values (2833, 2781, 2842, 708, 3.161, 353.75, 8.12, 3.161, 353.76, 8.19, 0.004, 132.63, 73.62);
insert into SHOT values (2834, 2781, 2843, 708, 1.155, 103.27, 11.38, 1.153, 103.30, 11.50, 0.003, 266.60, 45.42);
insert into SHOT values (2835, 2843, 2844, 708, 4.672, 153.09, -11.37, 4.680, 153.04, -11.34, 0.009, 129.65, 6.74);
insert into SHOT values (2836, 2843, 2845, 708, 4.483, 139.95, -11.39, 4.490, 139.98, -11.43, 0.008, 160.63, -36.29);
insert into SHOT values (2837, 2843, 2846, 708, 4.426, 111.92, -12.30, 4.435, 111.95, -12.24, 0.010, 125.13, 16.02);
insert into SHOT values (2838, 2843, 2847, 708, 4.180, 82.82, -12.62, 4.182, 82.82, -12.57, 0.004, 88.68, 47.53);
insert into SHOT values (2839, 2843, 2848, 708, 4.824, 59.82, -10.55, 4.822, 59.87, -10.52, 0.005, 173.94, 37.34);
insert into SHOT values (2840, 2843, 2849, 708, 6.082, 46.74, -8.40, 6.086, 46.82, -8.41, 0.009, 112.38, -9.52);
insert into SHOT values (2841, 2843, 2850, 708, 7.156, 38.87, -7.37, 7.156, 38.94, -7.39, 0.009, 130.66, -13.56);
insert into SHOT values (2842, 2843, 2851, 708, 3.517, 43.53, -14.57, 3.517, 43.69, -14.66, 0.011, 144.38, -28.29);
insert into SHOT values (2843, 2843, 2852, 708, 3.493, 52.05, -14.48, 3.495, 52.08, -14.42, 0.005, 88.89, 47.14);
insert into SHOT values (2844, 2843, 2853, 708, 3.565, 57.38, -14.35, 3.564, 57.41, -14.29, 0.004, 150.61, 58.77);
insert into SHOT values (2845, 2843, 2854, 708, 3.700, 350.92, 0.03, 3.696, 350.97, 0.00, 0.006, 132.09, -19.74);
insert into SHOT values (2846, 2854, 2855, 708, 4.917, 88.47, -9.91, 4.916, 88.46, -9.96, 0.004, 285.95, -62.34);
insert into SHOT values (2847, 2854, 2856, 708, 4.873, 93.89, -9.98, 4.874, 93.94, -9.92, 0.007, 158.54, 42.77);
insert into SHOT values (2848, 2854, 2857, 708, 4.873, 100.39, -9.95, 4.872, 100.44, -9.93, 0.005, 192.82, 23.37);
insert into SHOT values (2849, 2854, 2858, 708, 5.271, 81.88, -9.67, 5.266, 81.92, -9.62, 0.008, 224.45, 43.37);
insert into SHOT values (2850, 2854, 2859, 708, 5.429, 81.10, -9.06, 5.432, 81.10, -9.00, 0.006, 82.84, 55.78);
insert into SHOT values (2851, 2854, 2860, 708, 5.632, 76.73, -9.10, 5.630, 76.69, -9.10, 0.004, 322.30, 9.98);
insert into SHOT values (2852, 2854, 2861, 708, 6.293, 71.92, -8.54, 6.296, 71.94, -8.49, 0.006, 110.11, 45.91);
insert into SHOT values (2853, 2854, 2862, 708, 6.471, 68.51, -7.88, 6.468, 68.48, -7.91, 0.005, 291.28, -31.99);
insert into SHOT values (2854, 2854, 2863, 708, 7.014, 63.35, -7.47, 7.018, 63.36, -7.45, 0.005, 83.81, 22.75);
insert into SHOT values (2855, 2854, 2864, 708, 7.251, 61.08, -7.19, 7.255, 61.08, -7.21, 0.004, 74.28, -36.29);
insert into SHOT values (2856, 2854, 2865, 708, 7.614, 57.81, -7.54, 7.615, 57.83, -7.55, 0.003, 120.46, -19.51);
insert into SHOT values (2857, 2854, 2866, 708, 8.595, 53.72, -6.54, 8.591, 53.72, -6.55, 0.005, 229.25, -12.86);
insert into SHOT values (2858, 2854, 2867, 708, 9.289, 51.31, -6.23, 9.290, 51.33, -6.24, 0.004, 134.69, -28.73);
insert into SHOT values (2859, 2854, 2868, 708, 3.524, 112.53, -14.48, 3.523, 112.58, -14.46, 0.003, 211.99, 19.87);
insert into SHOT values (2860, 2854, 2869, 708, 4.010, 116.56, -12.49, 4.009, 116.57, -12.53, 0.003, 283.78, -53.67);
insert into SHOT values (2861, 2854, 2870, 708, 3.930, 108.76, -12.32, 3.936, 108.81, -12.32, 0.007, 139.98, -11.84);
insert into SHOT values (2862, 2854, 2871, 708, 3.584, 98.02, -13.45, 3.582, 98.08, -13.40, 0.005, 203.29, 41.46);
insert into SHOT values (2863, 2854, 2872, 708, 3.521, 86.55, -13.04, 3.516, 86.49, -12.98, 0.007, 311.22, 40.04);
insert into SHOT values (2864, 2854, 2873, 708, 3.625, 79.75, -13.18, 3.623, 79.71, -13.24, 0.005, 300.34, -43.32);
insert into SHOT values (2865, 2854, 2874, 708, 3.585, 77.62, -13.15, 3.584, 77.60, -13.06, 0.006, 7.88, 75.24);
insert into SHOT values (2866, 2854, 2875, 708, 3.632, 70.09, -11.28, 3.632, 70.14, -11.27, 0.003, 160.38, 7.62);
insert into SHOT values (2867, 2854, 2876, 708, 3.573, 70.71, -10.33, 3.575, 70.74, -10.31, 0.003, 119.54, 14.93);
insert into SHOT values (2868, 2854, 2877, 708, 2.746, 66.27, -8.02, 2.745, 66.36, -7.96, 0.005, 169.71, 35.37);
insert into SHOT values (2869, 2854, 2878, 708, 4.092, 65.67, -8.21, 4.092, 65.65, -8.15, 0.005, 346.17, 72.74);
insert into SHOT values (2870, 2854, 2879, 708, 5.015, 58.92, -6.19, 5.013, 58.96, -6.18, 0.004, 179.62, 10.74);
insert into SHOT values (2871, 2854, 2880, 708, 6.156, 46.32, -5.87, 6.157, 46.32, -5.87, 0.002, 64.66, -15.15);
insert into SHOT values (2872, 2854, 2881, 708, 6.139, 50.72, -6.31, 6.134, 50.72, -6.27, 0.007, 223.41, 46.59);
insert into SHOT values (2873, 2854, 2882, 708, 7.222, 48.44, -5.79, 7.227, 48.44, -5.80, 0.005, 49.58, -16.13);
insert into SHOT values (2874, 2854, 2883, 708, 6.903, 43.82, -5.00, 6.901, 43.82, -4.99, 0.003, 215.24, 36.34);
insert into SHOT values (2875, 2854, 2884, 708, 6.780, 38.22, -4.52, 6.779, 38.21, -4.48, 0.005, 262.67, 70.90);
insert into SHOT values (2876, 2854, 2885, 708, 10.388, 49.11, -6.09, 10.388, 49.12, -6.08, 0.003, 141.73, 40.39);
insert into SHOT values (2877, 2854, 2886, 708, 10.583, 49.38, -6.16, 10.585, 49.39, -6.13, 0.007, 96.01, 57.18);
insert into SHOT values (2878, 2854, 2887, 708, 9.672, 46.12, -5.90, 9.676, 46.14, -5.87, 0.007, 78.10, 36.36);
insert into SHOT values (2879, 2854, 2888, 708, 9.513, 43.04, -6.04, 9.512, 43.07, -6.03, 0.006, 141.40, 9.89);
insert into SHOT values (2880, 2854, 2889, 708, 9.402, 40.74, -5.93, 9.403, 40.71, -5.92, 0.005, 325.02, 14.58);
insert into SHOT values (2881, 2854, 2890, 708, 9.478, 38.37, -5.84, 9.474, 38.37, -5.82, 0.006, 226.12, 50.44);
insert into SHOT values (2882, 2854, 2891, 708, 1.070, 257.34, 7.21, 1.073, 257.53, 6.96, 0.007, 302.08, -40.38);
insert into SHOT values (2883, 2854, 2892, 708, 1.255, 259.76, 9.65, 1.257, 259.78, 9.61, 0.002, 269.52, -8.62);
insert into SHOT values (2884, 2854, 2893, 708, 1.805, 265.24, 10.26, 1.805, 265.16, 10.21, 0.003, 179.83, -30.29);
insert into SHOT values (2885, 2854, 2894, 708, 2.035, 270.95, 12.10, 2.036, 270.86, 12.19, 0.005, 189.35, 49.01);
insert into SHOT values (2886, 2854, 2895, 708, 3.063, 275.38, 11.69, 3.066, 275.35, 11.67, 0.004, 252.86, -8.92);
insert into SHOT values (2887, 2854, 2896, 708, 4.761, 359.76, -3.97, 4.761, 359.76, -3.97, 0.001, 2.62, -38.86);
insert into SHOT values (2888, 2896, 2897, 708, 4.581, 61.40, -7.71, 4.583, 61.46, -7.65, 0.007, 125.90, 40.30);
insert into SHOT values (2889, 2896, 2898, 708, 5.167, 56.08, -7.65, 5.169, 56.06, -7.67, 0.003, 14.63, -43.77);
insert into SHOT values (2890, 2896, 2899, 708, 5.373, 53.25, -7.29, 5.373, 53.24, -7.27, 0.002, 346.82, 58.31);
insert into SHOT values (2891, 2896, 2900, 708, 6.294, 49.79, -6.14, 6.294, 49.80, -6.11, 0.003, 99.00, 71.47);
insert into SHOT values (2892, 2896, 2901, 708, 5.918, 45.12, -6.24, 5.918, 45.14, -6.21, 0.004, 129.13, 58.53);
insert into SHOT values (2893, 2896, 2902, 708, 6.065, 41.78, -5.91, 6.066, 41.78, -5.87, 0.005, 28.52, 72.96);
insert into SHOT values (2894, 2896, 2903, 708, 6.910, 38.45, -5.76, 6.909, 38.50, -5.73, 0.007, 131.22, 27.85);
insert into SHOT values (2895, 2896, 2904, 708, 5.712, 33.46, -7.12, 5.716, 33.49, -7.14, 0.006, 75.54, -20.99);
insert into SHOT values (2896, 2896, 2905, 708, 5.397, 29.32, -7.62, 5.393, 29.35, -7.57, 0.007, 171.47, 53.41);
insert into SHOT values (2897, 2896, 2906, 708, 5.040, 19.71, -8.31, 5.035, 19.71, -8.34, 0.005, 200.18, -16.64);
insert into SHOT values (2898, 2896, 2907, 708, 4.749, 12.83, -8.57, 4.750, 12.79, -8.60, 0.004, 294.98, -38.25);
insert into SHOT values (2899, 2896, 2908, 708, 4.610, 5.25, -8.69, 4.613, 5.29, -8.73, 0.005, 57.15, -42.97);
insert into SHOT values (2900, 2896, 2909, 708, 4.643, 0.40, -8.75, 4.645, 0.37, -8.79, 0.004, 300.96, -58.83);
insert into SHOT values (2901, 2896, 2910, 708, 4.717, 353.74, -8.57, 4.720, 353.73, -8.53, 0.005, 339.93, 38.10);
insert into SHOT values (2902, 2896, 2911, 708, 4.458, 345.90, -8.39, 4.459, 345.96, -8.38, 0.005, 60.01, 5.12);
insert into SHOT values (2903, 2896, 2912, 708, 4.945, 335.33, -7.64, 4.944, 335.27, -7.67, 0.006, 228.57, -24.63);
insert into SHOT values (2904, 2896, 2913, 708, 5.347, 332.33, -7.66, 5.343, 332.32, -7.64, 0.004, 162.55, 39.28);
insert into SHOT values (2905, 2896, 2914, 708, 6.059, 326.46, -6.89, 6.054, 326.47, -6.93, 0.006, 134.60, -31.36);
insert into SHOT values (2906, 2896, 2915, 708, 3.271, 67.49, -4.00, 3.277, 67.51, -4.03, 0.006, 83.03, -17.93);
insert into SHOT values (2907, 2896, 2916, 708, 3.238, 56.80, -6.30, 3.234, 56.80, -6.21, 0.007, 231.95, 54.09);
insert into SHOT values (2908, 2896, 2917, 708, 3.342, 51.01, -6.85, 3.344, 50.99, -6.87, 0.003, 24.58, -29.96);
insert into SHOT values (2909, 2896, 2918, 708, 3.560, 45.18, -8.37, 3.560, 45.23, -8.40, 0.004, 146.97, -28.89);
insert into SHOT values (2910, 2896, 2919, 708, 4.235, 47.59, -7.25, 4.231, 47.61, -7.20, 0.006, 207.27, 48.81);
insert into SHOT values (2911, 2896, 2920, 708, 4.717, 48.52, -6.79, 4.716, 48.55, -6.82, 0.004, 159.30, -40.51);
insert into SHOT values (2912, 2896, 2921, 708, 5.821, 42.81, -6.09, 5.822, 42.76, -6.11, 0.006, 317.53, -26.35);
insert into SHOT values (2913, 2896, 2922, 708, 4.954, 337.29, -9.36, 4.955, 337.26, -9.29, 0.006, 289.39, 62.78);
insert into SHOT values (2914, 2896, 2923, 708, 2.661, 338.95, 11.36, 2.659, 338.85, 11.50, 0.008, 211.21, 46.53);
insert into SHOT values (2915, 2896, 2924, 708, 4.276, 32.48, -8.66, 4.279, 32.45, -8.60, 0.005, 0.58, 44.41);
insert into SHOT values (2916, 2896, 2925, 708, 4.455, 24.78, -9.39, 4.454, 24.76, -9.43, 0.004, 252.91, -54.84);
insert into SHOT values (2917, 2896, 2926, 708, 3.640, 17.43, -10.22, 3.640, 17.37, -10.13, 0.007, 306.94, 57.82);
insert into CENTRELINE values (709, 663, NULL, '2014-08-25', NULL, 0.42, 0.00, 0.00);
 insert into TOPO values (6, 709);
 insert into PERSON values (10, 'Jacob', 'Podesta');
insert into TOPO values (10, 709);
 insert into SHOT values (2918, 2896, 2927, 709, 3.427, 349.08, 1.07, 3.423, 349.05, 1.17, 0.007, 191.44, 53.50);
insert into SHOT values (2919, 2896, 2928, 709, 10.476, 255.33, 9.76, 10.480, 255.30, 9.78, 0.007, 202.86, 35.66);
insert into SHOT values (2920, 2896, 2929, 709, 10.479, 255.17, 10.21, 10.480, 255.17, 10.22, 0.003, 241.30, 77.47);
insert into SHOT values (2921, 2896, 2930, 709, 5.135, 188.43, 9.78, 5.139, 188.40, 9.75, 0.005, 157.09, -25.86);
insert into SHOT values (2922, 2896, 2931, 709, 5.220, 197.06, 9.25, 5.224, 197.03, 9.25, 0.005, 162.36, 10.90);
insert into SHOT values (2923, 2896, 2932, 709, 5.269, 209.64, 9.20, 5.267, 209.62, 9.18, 0.003, 73.41, -46.18);
insert into SHOT values (2924, 2896, 2933, 709, 5.887, 228.31, 9.21, 5.890, 228.28, 9.18, 0.006, 186.43, -23.96);
insert into SHOT values (2925, 2896, 2934, 709, 6.863, 240.40, 8.01, 6.866, 240.38, 8.04, 0.005, 196.23, 48.64);
insert into SHOT values (2926, 2896, 2935, 709, 9.031, 254.55, 5.78, 9.030, 254.57, 5.78, 0.004, 5.82, 7.66);
insert into SHOT values (2927, 2896, 2936, 709, 0.416, 239.43, 33.13, 0.419, 239.04, 33.32, 0.004, 181.02, 43.11);
insert into SHOT values (2928, 2936, 2937, 709, 5.001, 1.86, -11.20, 4.998, 1.87, -11.19, 0.004, 165.65, 22.64);
insert into SHOT values (2929, 2936, 2938, 709, 3.250, 0.34, -14.68, 3.258, 0.36, -14.76, 0.009, 12.56, -45.39);
insert into SHOT values (2930, 2936, 2939, 709, 2.533, 1.63, -17.86, 2.534, 1.66, -17.93, 0.003, 88.27, -65.40);
insert into SHOT values (2931, 2936, 2940, 709, 1.240, 1.35, -23.75, 1.245, 1.51, -23.67, 0.006, 31.53, -5.43);
insert into SHOT values (2932, 2936, 2941, 709, 0.585, 7.45, -48.60, 0.590, 7.31, -48.22, 0.007, 358.58, -10.49);
insert into SHOT values (2933, 2936, 2942, 709, 0.385, 199.57, -74.17, 0.384, 196.70, -74.24, 0.005, 101.41, 4.32);
insert into SHOT values (2934, 2936, 2943, 709, 1.160, 200.13, -13.29, 1.161, 200.20, -13.44, 0.004, 269.05, -66.03);
insert into SHOT values (2935, 2936, 2944, 709, 2.486, 208.86, -1.68, 2.481, 208.94, -1.62, 0.007, 354.45, 24.43);
insert into SHOT values (2936, 2936, 2945, 709, 3.863, 209.75, 2.58, 3.860, 209.69, 2.52, 0.006, 84.56, -38.24);
insert into SHOT values (2937, 2936, 2946, 709, 4.792, 208.24, 7.20, 4.794, 208.24, 7.19, 0.002, 196.98, -19.13);
insert into SHOT values (2938, 2936, 2947, 709, 5.328, 209.56, 10.50, 5.328, 209.50, 10.49, 0.005, 124.76, -9.99);
insert into SHOT values (2939, 2936, 2948, 709, 6.887, 210.31, 12.21, 6.888, 210.34, 12.24, 0.005, 290.96, 47.34);
insert into SHOT values (2940, 2936, 2949, 709, 7.027, 210.41, 12.94, 7.023, 210.46, 12.92, 0.008, 331.85, -26.16);
insert into SHOT values (2941, 2936, 2950, 709, 4.247, 209.87, 14.47, 4.243, 209.94, 14.47, 0.006, 341.81, -10.83);
insert into SHOT values (2942, 2936, 2951, 709, 2.646, 209.28, 17.89, 2.639, 209.32, 17.87, 0.007, 13.35, -23.37);
insert into SHOT values (2943, 2936, 2952, 709, 1.039, 205.06, 19.42, 1.037, 204.73, 19.14, 0.008, 115.00, -44.46);
insert into SHOT values (2944, 2936, 2953, 709, 0.556, 204.38, 24.19, 0.556, 204.54, 24.46, 0.003, 341.67, 46.53);
insert into SHOT values (2945, 2936, 2954, 709, 0.412, 25.52, -82.68, 0.414, 21.80, -82.52, 0.004, 315.14, -20.11);
insert into SHOT values (2946, 2936, 2955, 709, 0.738, 352.54, -0.90, 0.737, 352.20, -0.78, 0.005, 248.35, 19.46);
insert into SHOT values (2947, 2936, 2956, 709, 4.990, 351.68, -11.74, 4.997, 351.65, -11.78, 0.008, 332.66, -35.58);
insert into SHOT values (2948, 2936, 2957, 709, 4.813, 351.37, -12.21, 4.813, 351.32, -12.23, 0.005, 258.15, -26.36);
insert into SURVEY values (711, 594, 'balresur5', 'balresur5.BallyResCave.Cong', NULL);
 insert into CENTRELINE values (712, 711, NULL, NULL, NULL, 0.00, 0.00, 0.00);
 insert into SCRAPS values (713, 711, 'balresur5SP1', 1, 0.45639, 0.05682);
 insert into SCRAPS values (736, 711, 'balresur5SP2', 1, 19.13958, 0.04823);
 insert into SCRAPS values (816, 711, 'balresur5SPX5.60', 2, 0.00000, 0.00000);
 insert into SCRAPS values (818, 711, 'balresur5SPX5.54', 2, 0.00000, 0.00000);
 insert into SCRAPS values (820, 711, 'balresur5SPX5.44', 2, 0.00000, 0.00000);
 insert into SCRAPS values (822, 711, 'balresur5SPX5.40', 2, 0.00000, 0.00000);
 insert into SCRAPS values (824, 711, 'balresur5SPX5.20', 2, 0.00000, 0.00000);
 insert into SCRAPS values (826, 711, 'balresur5SPX5.17', 2, 0.00000, 0.00000);
 insert into SCRAPS values (828, 711, 'balresur5SPX5.8', 2, 0.00000, 0.00000);
 insert into SCRAPS values (830, 711, 'balresur5SE1', 4, 0.00000, 0.00000);
 insert into MAPS values (832, 711, 'balresur5M', NULL, 1, 287.560, -4.650);
 insert into MAPITEMS values (832, 4, 713);
 insert into MAPITEMS values (832, 4, 736);
 insert into MAPS values (833, 711, 'balresur5ME', NULL, 4, 0.000, 0.00);
 insert into MAPITEMS values (833, 4, 830);
 insert into CENTRELINE values (834, 711, NULL, '2014-08-25', NULL, 287.56, 0.00, 0.00);
 insert into TOPO values (6, 834);
 insert into TOPO values (8, 834);
 insert into SHOT values (2949, 2958, 2959, 834, 4.171, 303.13, -3.65, 4.171, 303.04, -3.57, 0.009, 219.77, 40.56);
insert into SHOT values (2950, 2959, 2960, 834, 4.866, 61.27, -5.03, 4.875, 61.32, -5.06, 0.010, 90.18, -19.52);
insert into SHOT values (2951, 2959, 2961, 834, 4.232, 54.32, -6.14, 4.238, 54.27, -6.23, 0.010, 20.31, -50.01);
insert into SHOT values (2952, 2959, 2962, 834, 3.403, 44.83, -7.40, 3.409, 44.76, -7.42, 0.007, 7.41, -14.26);
insert into SHOT values (2953, 2959, 2963, 834, 2.840, 28.65, -9.09, 2.842, 28.76, -9.11, 0.006, 100.33, -13.38);
insert into SHOT values (2954, 2959, 2964, 834, 2.837, 7.96, -9.43, 2.846, 7.99, -9.50, 0.010, 16.50, -30.89);
insert into SHOT values (2955, 2959, 2965, 834, 2.788, 3.79, -9.48, 2.795, 3.95, -9.47, 0.010, 53.59, -4.50);
insert into SHOT values (2956, 2959, 2966, 834, 3.282, 347.24, -8.36, 3.284, 347.38, -8.41, 0.008, 66.93, -19.80);
insert into SHOT values (2957, 2959, 2967, 834, 3.458, 63.91, -7.44, 3.460, 63.88, -7.47, 0.003, 14.34, -47.07);
insert into SHOT values (2958, 2959, 2968, 834, 2.666, 51.38, -9.74, 2.673, 51.48, -9.91, 0.011, 90.17, -51.70);
insert into SHOT values (2959, 2959, 2969, 834, 1.949, 27.36, -14.21, 1.952, 27.38, -14.24, 0.003, 40.66, -30.98);
insert into SHOT values (2960, 2959, 2970, 834, 1.977, 7.03, -14.18, 1.986, 7.16, -14.28, 0.011, 35.36, -31.28);
insert into SHOT values (2961, 2959, 2971, 834, 1.329, 7.52, -19.87, 1.333, 7.81, -20.18, 0.011, 82.31, -51.93);
insert into SHOT values (2962, 2959, 2972, 834, 1.032, 340.89, -23.85, 1.037, 341.57, -23.88, 0.012, 47.91, -12.61);
insert into SHOT values (2963, 2959, 2973, 834, 1.342, 319.56, -21.92, 1.343, 319.90, -22.32, 0.012, 71.93, -48.56);
insert into SHOT values (2964, 2959, 2974, 834, 1.395, 302.76, -19.29, 1.396, 303.21, -19.67, 0.014, 43.99, -41.22);
insert into SHOT values (2965, 2959, 2975, 834, 1.704, 284.25, -17.44, 1.702, 284.29, -17.79, 0.011, 91.53, -58.70);
insert into SHOT values (2966, 2959, 2976, 834, 2.226, 275.64, -12.84, 2.228, 275.82, -12.97, 0.009, 358.58, -38.34);
insert into SHOT values (2967, 2959, 2977, 834, 3.051, 323.61, -9.70, 3.049, 323.66, -9.82, 0.007, 102.25, -53.89);
insert into SHOT values (2968, 2959, 2978, 834, 3.228, 312.86, -9.25, 3.226, 312.96, -9.28, 0.006, 62.26, -10.37);
insert into SHOT values (2969, 2959, 2979, 834, 3.338, 336.77, -8.45, 3.342, 336.85, -8.43, 0.006, 21.36, 4.55);
insert into SHOT values (2970, 2959, 2980, 834, 4.035, 308.65, -7.48, 4.033, 308.70, -7.55, 0.007, 72.91, -45.47);
insert into SHOT values (2971, 2959, 2981, 834, 4.813, 300.29, -6.14, 4.815, 300.37, -6.20, 0.009, 18.39, -37.71);
insert into SHOT values (2972, 2959, 2982, 834, 5.066, 292.26, -5.86, 5.063, 292.29, -5.89, 0.005, 75.66, -34.08);
insert into SHOT values (2973, 2959, 2983, 834, 6.354, 227.44, 8.66, 6.342, 227.46, 8.61, 0.013, 38.06, -31.49);
insert into SHOT values (2974, 2959, 2984, 834, 6.471, 234.56, 8.40, 6.465, 234.55, 8.36, 0.008, 69.97, -42.24);
insert into SHOT values (2975, 2959, 2985, 834, 6.866, 243.98, 7.60, 6.857, 244.00, 7.54, 0.011, 46.21, -44.92);
insert into SHOT values (2976, 2959, 2986, 834, 5.007, 246.46, 7.64, 4.997, 246.44, 7.59, 0.011, 78.03, -30.13);
insert into SHOT values (2977, 2959, 2987, 834, 5.005, 254.27, 8.00, 5.002, 254.31, 7.93, 0.008, 10.19, -60.11);
insert into SHOT values (2978, 2959, 2988, 834, 4.978, 262.35, 7.02, 4.969, 262.43, 6.93, 0.013, 40.86, -39.31);
insert into SHOT values (2979, 2959, 2989, 834, 5.125, 227.82, 11.21, 5.116, 227.83, 11.16, 0.010, 43.54, -39.23);
insert into SHOT values (2980, 2989, 2990, 834, 2.181, 224.95, 6.86, 2.179, 225.00, 6.85, 0.003, 355.66, -11.39);
insert into SHOT values (2981, 2989, 2991, 834, 2.318, 249.79, 4.81, 2.321, 249.76, 4.94, 0.006, 229.66, 60.99);
insert into SHOT values (2982, 2989, 2992, 834, 2.688, 267.91, 2.07, 2.694, 267.87, 2.13, 0.007, 250.04, 26.26);
insert into SHOT values (2983, 2989, 2993, 834, 3.202, 282.23, -1.14, 3.204, 282.26, -1.07, 0.004, 325.40, 58.63);
insert into SHOT values (2984, 2989, 2994, 834, 4.011, 289.06, -1.73, 4.012, 289.07, -1.71, 0.001, 322.71, 47.20);
insert into SHOT values (2985, 2989, 2995, 834, 3.258, 345.01, -12.13, 3.259, 345.09, -12.04, 0.007, 51.13, 42.64);
insert into SHOT values (2986, 2989, 2996, 834, 1.960, 341.04, -11.83, 1.955, 341.09, -11.81, 0.006, 142.33, 18.55);
insert into SHOT values (2987, 2989, 2997, 834, 1.418, 320.93, -9.07, 1.418, 321.08, -8.92, 0.005, 41.69, 42.60);
insert into SHOT values (2988, 2989, 2998, 834, 2.062, 307.60, -5.20, 2.063, 307.48, -5.28, 0.005, 225.81, -36.56);
insert into SHOT values (2989, 2989, 2999, 834, 2.636, 304.42, -2.42, 2.635, 304.47, -2.39, 0.003, 62.39, 24.35);
insert into SHOT values (2990, 2989, 3000, 834, 3.374, 303.09, -1.68, 3.377, 303.03, -1.70, 0.005, 254.32, -13.29);
insert into SHOT values (2991, 2989, 3001, 834, 5.481, 300.99, 0.37, 5.481, 300.96, 0.42, 0.005, 215.82, 61.75);
insert into SHOT values (2992, 2989, 3002, 834, 3.927, 349.79, -10.16, 3.923, 349.71, -10.13, 0.007, 228.77, 23.04);
insert into SHOT values (2993, 3002, 3003, 834, 1.640, 307.71, -18.61, 1.639, 307.68, -18.50, 0.003, 210.84, 76.95);
insert into SHOT values (2994, 3002, 3004, 834, 1.090, 324.01, -25.54, 1.089, 324.53, -25.57, 0.009, 61.90, -0.36);
insert into SHOT values (2995, 3002, 3005, 834, 0.700, 9.91, -35.36, 0.701, 10.12, -35.78, 0.006, 143.28, -59.06);
insert into SHOT values (2996, 3002, 3006, 834, 1.094, 85.55, -24.02, 1.099, 85.43, -24.16, 0.006, 56.73, -46.23);
insert into SHOT values (2997, 3002, 3007, 834, 1.744, 90.26, -15.05, 1.749, 90.34, -14.91, 0.007, 112.11, 24.34);
insert into SHOT values (2998, 3002, 3008, 834, 2.543, 99.49, -9.95, 2.542, 99.42, -9.97, 0.003, 350.86, -11.32);
insert into SHOT values (2999, 3002, 3009, 834, 2.321, 338.99, 0.08, 2.323, 339.07, 0.00, 0.005, 33.18, -39.30);
insert into SHOT values (3000, 3002, 3010, 834, 1.803, 325.77, -2.68, 1.802, 325.87, -2.86, 0.007, 73.18, -60.22);
insert into SHOT values (3001, 3002, 3011, 834, 1.631, 313.23, -1.05, 1.627, 313.51, -1.06, 0.009, 69.36, -0.73);
insert into SHOT values (3002, 3002, 3012, 834, 2.040, 295.87, 7.15, 2.041, 296.06, 7.03, 0.008, 10.77, -29.40);
insert into SHOT values (3003, 3002, 3013, 834, 1.808, 308.04, -6.84, 1.808, 308.21, -6.99, 0.007, 44.92, -40.81);
insert into SHOT values (3004, 3013, 3014, 834, 1.426, 213.59, 6.85, 1.425, 213.47, 6.85, 0.003, 100.17, -1.37);
insert into SHOT values (3005, 3013, 3015, 834, 2.231, 254.06, 3.13, 2.229, 254.09, 3.34, 0.009, 48.12, 71.72);
insert into SHOT values (3006, 3013, 3016, 834, 2.546, 271.91, -2.61, 2.544, 271.80, -2.48, 0.008, 157.71, 49.17);
insert into SHOT values (3007, 3013, 3017, 834, 3.109, 302.59, -10.37, 3.113, 302.60, -10.36, 0.004, 310.27, -4.86);
insert into SHOT values (3008, 3002, 3018, 834, 3.714, 48.80, -0.29, 3.721, 48.81, -0.31, 0.007, 56.95, -10.22);
insert into SHOT values (3009, 3002, 3019, 834, 4.383, 33.64, -1.35, 4.386, 33.65, -1.31, 0.005, 52.95, 44.60);
insert into SHOT values (3010, 3002, 3020, 834, 5.559, 17.70, -2.64, 5.559, 17.72, -2.68, 0.004, 97.90, -66.30);
insert into SHOT values (3011, 3002, 3021, 834, 7.825, 7.38, -5.52, 7.830, 7.37, -5.50, 0.006, 356.13, 25.01);
insert into SHOT values (3012, 3002, 3022, 834, 3.528, 338.68, -12.57, 3.530, 338.72, -12.60, 0.004, 41.62, -36.36);
insert into SHOT values (3013, 3002, 3023, 834, 3.955, 355.65, -10.86, 3.962, 355.73, -10.91, 0.010, 33.46, -29.89);
insert into SHOT values (3014, 3002, 3024, 834, 5.401, 3.46, -8.29, 5.407, 3.54, -8.29, 0.009, 55.36, -7.91);
insert into SHOT values (3015, 3002, 3025, 834, 6.495, 5.81, -6.83, 6.500, 5.87, -6.80, 0.009, 59.76, 16.07);
insert into SHOT values (3016, 3002, 3026, 834, 6.834, 11.05, -6.37, 6.840, 11.11, -6.38, 0.009, 63.71, -10.87);
insert into SHOT values (3017, 3002, 3027, 834, 3.632, 348.36, 14.90, 3.632, 348.50, 14.84, 0.009, 74.25, -24.66);
insert into SHOT values (3018, 3027, 3028, 834, 3.648, 262.58, -10.24, 3.648, 262.64, -10.26, 0.004, 357.30, -22.25);
insert into SHOT values (3019, 3027, 3029, 834, 4.600, 273.99, -8.18, 4.607, 274.02, -8.11, 0.010, 292.31, 28.01);
insert into SHOT values (3020, 3027, 3030, 834, 4.510, 284.31, -11.44, 4.515, 284.26, -11.37, 0.009, 249.31, 32.09);
insert into SHOT values (3021, 3027, 3031, 834, 1.649, 197.62, -43.52, 1.647, 197.98, -43.31, 0.010, 267.52, 34.37);
insert into SHOT values (3022, 3027, 3032, 834, 1.823, 236.44, -42.64, 1.821, 236.55, -42.50, 0.006, 298.34, 59.76);
insert into SHOT values (3023, 3027, 3033, 834, 1.984, 269.71, -34.72, 1.983, 269.65, -34.73, 0.002, 157.48, 0.61);
insert into SHOT values (3024, 3027, 3034, 834, 2.571, 284.15, -27.85, 2.576, 284.22, -27.76, 0.007, 306.80, 8.42);
insert into SHOT values (3025, 3027, 3035, 834, 3.504, 282.03, -2.07, 3.509, 282.01, -1.96, 0.008, 272.07, 51.70);
insert into SHOT values (3026, 3027, 3036, 834, 2.637, 283.96, -8.34, 2.644, 283.93, -8.26, 0.008, 274.22, 17.35);
insert into SHOT values (3027, 3027, 3037, 834, 2.183, 286.38, -12.89, 2.189, 286.31, -12.67, 0.011, 269.38, 39.82);
insert into SHOT values (3028, 3027, 3038, 834, 2.334, 306.77, -36.53, 2.338, 306.57, -36.48, 0.008, 250.86, -4.95);
insert into SHOT values (3029, 3027, 3039, 834, 2.186, 331.03, -45.40, 2.182, 330.76, -45.27, 0.010, 246.55, 42.25);
insert into SHOT values (3030, 3027, 3040, 834, 2.430, 290.17, -31.78, 2.430, 290.10, -31.78, 0.002, 203.76, -5.08);
insert into SHOT values (3031, 3027, 3041, 834, 2.718, 302.43, -28.75, 2.722, 302.36, -28.53, 0.012, 283.73, 39.38);
insert into SHOT values (3032, 3027, 3042, 834, 2.599, 315.96, -16.93, 2.600, 315.98, -16.77, 0.008, 329.73, 65.58);
insert into SHOT values (3033, 3027, 3043, 834, 2.599, 327.80, -20.49, 2.600, 327.75, -20.48, 0.003, 267.72, -5.07);
insert into SHOT values (3034, 3043, 3044, 834, 1.961, 40.84, -17.91, 1.959, 40.87, -17.84, 0.003, 188.03, 60.79);
insert into SHOT values (3035, 3044, 3045, 834, 1.535, 207.44, 1.31, 1.535, 207.57, 1.49, 0.006, 304.53, 54.93);
insert into SHOT values (3036, 3044, 3046, 834, 1.350, 228.21, 9.96, 1.344, 228.37, 9.85, 0.007, 12.69, -29.25);
insert into SHOT values (3037, 3044, 3047, 834, 1.031, 258.09, 6.06, 1.028, 258.14, 6.14, 0.004, 63.31, 18.09);
insert into SHOT values (3038, 3044, 3048, 834, 1.516, 288.33, 8.99, 1.515, 288.31, 9.12, 0.004, 122.57, 61.78);
insert into SHOT values (3039, 3044, 3049, 834, 1.459, 304.70, 7.55, 1.463, 304.89, 7.46, 0.007, 352.41, -14.26);
insert into SHOT values (3040, 3044, 3050, 834, 1.444, 314.38, -10.18, 1.450, 314.43, -9.93, 0.009, 324.88, 35.61);
insert into SHOT values (3041, 3044, 3051, 834, 1.051, 266.53, -6.02, 1.048, 266.70, -6.03, 0.005, 45.15, 2.77);
insert into SHOT values (3042, 3044, 3052, 834, 1.592, 315.24, -7.89, 1.592, 315.26, -7.94, 0.002, 53.01, -71.72);
insert into SHOT values (3043, 3044, 3053, 834, 2.078, 313.22, 32.46, 2.082, 313.15, 32.55, 0.005, 253.27, 63.26);
insert into SHOT values (3044, 3053, 3054, 834, 3.150, 84.37, -13.69, 3.155, 84.38, -13.75, 0.006, 93.67, -46.50);
insert into SHOT values (3045, 3053, 3055, 834, 3.659, 69.37, -11.77, 3.657, 69.39, -11.84, 0.005, 228.26, -48.92);
insert into SHOT values (3046, 3053, 3056, 834, 5.062, 54.54, -8.73, 5.070, 54.50, -8.74, 0.009, 32.54, -11.02);
insert into SHOT values (3047, 3053, 3057, 834, 6.013, 43.49, -7.44, 6.014, 43.44, -7.45, 0.006, 321.32, -14.17);
insert into SHOT values (3048, 3053, 3058, 834, 6.633, 34.25, -6.27, 6.633, 34.24, -6.32, 0.006, 269.69, -82.75);
insert into SHOT values (3049, 3053, 3059, 834, 1.899, 88.32, -32.57, 1.904, 88.21, -32.76, 0.008, 6.24, -68.18);
insert into SHOT values (3050, 3053, 3060, 834, 1.702, 51.08, -38.10, 1.700, 51.07, -38.15, 0.003, 234.85, 4.45);
insert into SHOT values (3051, 3053, 3061, 834, 2.307, 24.24, -18.04, 2.308, 24.23, -18.17, 0.006, 251.42, -83.70);
insert into SHOT values (3052, 3053, 3062, 834, 3.802, 20.78, -12.85, 3.809, 20.83, -12.90, 0.008, 48.70, -34.04);
insert into SHOT values (3053, 3053, 3063, 834, 4.356, 18.36, -12.30, 4.357, 18.35, -12.33, 0.002, 318.54, -67.74);
insert into SHOT values (3054, 3053, 3064, 834, 4.810, 12.78, -12.04, 4.814, 12.77, -12.11, 0.007, 346.37, -70.13);
insert into SHOT values (3055, 3053, 3065, 834, 7.012, 10.32, -7.82, 7.019, 10.36, -7.86, 0.010, 44.94, -36.99);
insert into SHOT values (3056, 3053, 3066, 834, 3.857, 291.86, 5.74, 3.855, 291.88, 5.66, 0.006, 57.22, -70.32);
insert into SHOT values (3057, 3053, 3067, 834, 3.870, 305.90, 4.06, 3.876, 305.95, 3.99, 0.008, 335.18, -29.34);
insert into SHOT values (3058, 3053, 3068, 834, 3.740, 326.82, -0.68, 3.742, 326.78, -0.77, 0.007, 270.41, -59.36);
insert into SHOT values (3059, 3053, 3069, 834, 2.445, 8.76, -33.16, 2.452, 8.68, -33.13, 0.008, 346.40, -19.97);
insert into SHOT values (3060, 3053, 3070, 834, 3.875, 359.57, -19.98, 3.875, 359.53, -20.07, 0.007, 237.70, -62.28);
insert into SHOT values (3061, 3053, 3071, 834, 5.546, 346.86, -14.83, 5.546, 346.85, -14.84, 0.002, 233.22, -18.48);
insert into SHOT values (3062, 3053, 3072, 834, 4.389, 16.69, -17.52, 4.392, 16.66, -17.63, 0.009, 294.55, -75.97);
insert into SHOT values (3063, 3053, 3073, 834, 5.089, 3.59, -15.35, 5.092, 3.62, -15.37, 0.005, 51.77, -39.29);
insert into SHOT values (3064, 3053, 3074, 834, 7.080, 7.66, -11.77, 7.083, 7.71, -11.81, 0.008, 83.49, -43.01);
insert into SHOT values (3065, 3053, 3075, 834, 8.343, 6.42, -10.00, 8.349, 6.42, -10.00, 0.006, 14.48, -12.98);
insert into SHOT values (3066, 3053, 3076, 834, 9.536, 3.52, -8.65, 9.537, 3.53, -8.68, 0.006, 78.82, -77.57);
insert into SHOT values (3067, 3053, 3077, 834, 3.018, 353.20, 8.88, 3.016, 353.26, 8.77, 0.007, 105.36, -61.44);
insert into SHOT values (3068, 3077, 3078, 834, 1.376, 286.91, 45.94, 1.380, 286.93, 45.83, 0.005, 290.52, 13.95);
insert into SHOT values (3069, 3077, 3079, 834, 2.774, 288.60, 58.69, 2.776, 288.56, 58.63, 0.004, 273.26, -0.26);
insert into SHOT values (3070, 3077, 3080, 834, 3.243, 291.99, 72.15, 3.246, 292.44, 72.14, 0.009, 12.66, 21.30);
insert into SHOT values (3071, 3077, 3081, 834, 2.967, 340.19, 84.30, 2.965, 340.35, 84.24, 0.004, 357.31, -40.16);
insert into SHOT values (3072, 3077, 3082, 834, 3.087, 59.05, 83.90, 3.087, 58.74, 83.91, 0.002, 314.19, 14.49);
insert into SHOT values (3073, 3077, 3083, 834, 3.318, 84.70, 71.37, 3.322, 84.56, 71.49, 0.008, 291.02, 45.25);
insert into SHOT values (3074, 3077, 3084, 834, 3.905, 19.08, 84.22, 3.911, 18.89, 84.11, 0.010, 9.86, 29.84);
insert into SHOT values (3075, 3077, 3085, 834, 3.355, 85.47, 67.94, 3.353, 85.43, 68.04, 0.006, 274.38, 5.73);
insert into SHOT values (3076, 3077, 3086, 834, 3.554, 92.70, 58.22, 3.553, 92.45, 58.21, 0.008, 2.32, -8.17);
insert into SHOT values (3077, 3077, 3087, 834, 2.562, 95.28, 51.33, 2.559, 95.03, 51.41, 0.008, 331.08, -2.07);
insert into SHOT values (3078, 3077, 3088, 834, 1.999, 95.71, 38.87, 2.003, 95.53, 38.98, 0.007, 15.66, 47.69);
insert into SHOT values (3079, 3077, 3089, 834, 2.236, 90.93, 10.15, 2.236, 90.78, 10.30, 0.008, 352.84, 46.02);
insert into SHOT values (3080, 3077, 3090, 834, 3.020, 88.38, -1.14, 3.022, 88.29, -1.14, 0.005, 21.36, 0.97);
insert into SHOT values (3081, 3077, 3091, 834, 3.541, 91.64, -10.58, 3.542, 91.65, -10.58, 0.001, 123.30, 11.86);
insert into SHOT values (3082, 3077, 3092, 834, 4.654, 89.78, -15.65, 4.651, 89.74, -15.59, 0.006, 332.55, 60.39);
insert into SHOT values (3083, 3077, 3093, 834, 2.814, 90.24, -21.36, 2.812, 90.22, -21.27, 0.005, 324.41, 76.60);
insert into SHOT values (3084, 3077, 3094, 834, 2.237, 94.33, -39.90, 2.233, 94.35, -39.82, 0.005, 250.49, 74.91);
insert into SHOT values (3085, 3077, 3095, 834, 2.152, 142.88, -58.05, 2.144, 142.52, -58.07, 0.010, 18.86, 35.21);
insert into SHOT values (3086, 3077, 3096, 834, 1.991, 218.96, -66.36, 1.987, 218.88, -66.36, 0.004, 68.02, 61.30);
insert into SHOT values (3087, 3077, 3097, 834, 2.426, 275.51, -47.15, 2.426, 275.57, -47.21, 0.003, 54.76, -27.06);
insert into SHOT values (3088, 3077, 3098, 834, 2.736, 280.93, -42.08, 2.739, 281.03, -41.93, 0.009, 309.00, 24.34);
insert into SHOT values (3089, 3077, 3099, 834, 2.206, 279.54, -26.78, 2.203, 279.65, -26.71, 0.006, 30.82, 43.15);
insert into SHOT values (3090, 3077, 3100, 834, 1.202, 287.08, -9.30, 1.208, 287.07, -9.05, 0.008, 284.79, 33.89);
insert into SHOT values (3091, 3077, 3101, 834, 1.077, 296.49, 14.37, 1.085, 296.57, 14.41, 0.008, 306.76, 19.21);
insert into SHOT values (3092, 3077, 3102, 834, 1.729, 299.29, 47.37, 1.729, 299.62, 47.26, 0.008, 10.22, -16.16);
insert into SHOT values (3093, 3077, 3103, 834, 2.046, 275.69, -31.10, 2.054, 275.87, -31.07, 0.010, 313.29, -19.00);
insert into SHOT values (3094, 3077, 3104, 834, 2.007, 24.87, 3.91, 2.009, 24.78, 4.00, 0.005, 328.10, 38.53);
insert into SHOT values (3095, 3104, 3105, 834, 3.555, 78.18, -24.24, 3.552, 78.24, -24.27, 0.005, 215.12, -5.35);
insert into SHOT values (3096, 3104, 3106, 834, 3.408, 58.07, -20.12, 3.409, 58.15, -20.07, 0.005, 120.54, 25.50);
insert into SHOT values (3097, 3104, 3107, 834, 4.771, 51.94, -14.94, 4.770, 51.96, -14.94, 0.002, 165.36, -0.03);
insert into SHOT values (3098, 3104, 3108, 834, 5.916, 43.68, -13.46, 5.914, 43.66, -13.49, 0.005, 253.88, -38.97);
insert into SHOT values (3099, 3104, 3109, 834, 7.503, 40.49, -12.73, 7.506, 40.46, -12.78, 0.008, 333.53, -55.84);
insert into SHOT values (3100, 3104, 3110, 834, 1.976, 41.47, -60.13, 1.982, 41.30, -60.20, 0.007, 326.74, -64.47);
insert into SHOT values (3101, 3104, 3111, 834, 2.609, 20.20, -39.86, 2.608, 20.15, -39.82, 0.003, 287.34, 53.51);
insert into SHOT values (3102, 3104, 3112, 834, 3.577, 16.87, -29.01, 3.577, 16.93, -29.11, 0.007, 148.40, -51.38);
insert into SHOT values (3103, 3104, 3113, 834, 1.596, 208.12, -24.81, 1.597, 207.98, -24.81, 0.004, 129.50, -4.77);
insert into SHOT values (3104, 3104, 3114, 834, 1.310, 225.57, -49.43, 1.316, 225.47, -49.45, 0.006, 204.04, -51.48);
insert into SHOT values (3105, 3104, 3115, 834, 1.465, 324.72, -54.77, 1.468, 324.62, -54.81, 0.004, 273.51, -60.37);
insert into SHOT values (3106, 3104, 3116, 834, 1.844, 357.69, -33.36, 1.848, 357.77, -33.50, 0.006, 62.59, -68.53);
insert into SHOT values (3107, 3104, 3117, 834, 2.120, 3.38, -27.89, 2.119, 3.37, -27.86, 0.002, 222.59, 68.13);
insert into SHOT values (3108, 3104, 3118, 834, 3.117, 12.98, -19.96, 3.124, 12.99, -20.03, 0.008, 21.12, -47.57);
insert into SHOT values (3109, 3104, 3119, 834, 6.310, 29.67, -11.32, 6.312, 29.63, -11.33, 0.005, 325.87, -16.64);
insert into SHOT values (3110, 3104, 3120, 834, 1.927, 52.14, -68.39, 1.926, 51.84, -68.30, 0.005, 356.07, 19.28);
insert into SHOT values (3111, 3120, 3121, 834, 5.151, 236.07, -1.27, 5.152, 236.00, -1.33, 0.008, 152.85, -43.41);
insert into SHOT values (3112, 3120, 3122, 834, 5.205, 244.86, -2.33, 5.207, 244.86, -2.31, 0.003, 254.64, 38.21);
insert into SHOT values (3113, 3120, 3123, 834, 5.218, 244.35, -2.24, 5.219, 244.32, -2.31, 0.007, 176.52, -63.91);
insert into SHOT values (3114, 3120, 3124, 834, 5.083, 253.88, -2.30, 5.084, 253.88, -2.37, 0.006, 283.95, -82.22);
insert into SHOT values (3115, 3120, 3125, 834, 4.751, 264.28, -3.24, 4.752, 264.19, -3.26, 0.007, 181.72, -11.61);
insert into SHOT values (3116, 3120, 3126, 834, 5.362, 274.91, -2.93, 5.356, 274.83, -3.00, 0.012, 147.21, -30.95);
insert into SHOT values (3117, 3120, 3127, 834, 5.060, 284.14, -2.89, 5.059, 284.09, -2.95, 0.007, 174.17, -47.15);
insert into SHOT values (3118, 3120, 3128, 834, 4.540, 291.86, -3.29, 4.540, 291.75, -3.28, 0.008, 203.92, 3.78);
insert into SHOT values (3119, 3120, 3129, 834, 4.313, 299.79, -3.36, 4.312, 299.66, -3.46, 0.012, 200.36, -36.69);
insert into SHOT values (3120, 3120, 3130, 834, 3.718, 306.88, -4.07, 3.718, 306.78, -4.16, 0.009, 211.49, -42.58);
insert into SHOT values (3121, 3120, 3131, 834, 3.946, 315.87, -4.33, 3.943, 315.82, -4.36, 0.005, 183.61, -26.33);
insert into SHOT values (3122, 3120, 3132, 834, 4.435, 325.94, -3.60, 4.430, 325.88, -3.62, 0.007, 188.25, -12.31);
insert into SHOT values (3123, 3120, 3133, 834, 4.877, 332.32, -3.32, 4.875, 332.33, -3.41, 0.008, 132.07, -72.59);
insert into SHOT values (3124, 3120, 3134, 834, 5.597, 336.68, -3.13, 5.594, 336.69, -3.18, 0.005, 131.00, -54.12);
insert into SHOT values (3125, 3120, 3135, 834, 6.415, 341.26, -2.48, 6.407, 341.23, -2.50, 0.010, 185.62, -14.65);
insert into SHOT values (3126, 3120, 3136, 834, 6.856, 343.12, -2.25, 6.851, 343.10, -2.26, 0.006, 187.38, -8.51);
insert into SHOT values (3127, 3120, 3137, 834, 8.149, 346.84, -1.91, 8.147, 346.87, -1.90, 0.005, 97.48, 20.17);
insert into SHOT values (3128, 3120, 3138, 834, 8.339, 351.06, -1.62, 8.334, 351.09, -1.65, 0.008, 128.96, -31.33);
insert into SHOT values (3129, 3120, 3139, 834, 8.334, 356.62, -1.54, 8.328, 356.63, -1.58, 0.009, 169.14, -42.34);
insert into SHOT values (3130, 3120, 3140, 834, 2.055, 228.61, -4.99, 2.062, 228.55, -5.01, 0.008, 212.85, -9.32);
insert into SHOT values (3131, 3120, 3141, 834, 2.829, 249.18, -4.92, 2.828, 248.99, -5.07, 0.012, 151.03, -38.31);
insert into SHOT values (3132, 3120, 3142, 834, 3.556, 263.97, -4.74, 3.553, 263.84, -4.84, 0.011, 151.21, -35.02);
insert into SHOT values (3133, 3120, 3143, 834, 6.310, 23.87, 15.40, 6.305, 23.87, 15.36, 0.007, 208.54, -57.88);
insert into SHOT values (3134, 3143, 3144, 834, 4.523, 187.16, 8.09, 4.521, 187.19, 8.14, 0.005, 328.31, 43.98);
insert into SHOT values (3135, 3143, 3145, 834, 3.335, 172.37, 7.32, 3.337, 172.36, 7.40, 0.005, 152.18, 71.89);
insert into SHOT values (3136, 3143, 3146, 834, 2.631, 155.12, 4.61, 2.635, 155.00, 4.57, 0.007, 97.80, -12.28);
insert into SHOT values (3137, 3143, 3147, 834, 2.653, 126.29, -3.65, 2.660, 126.27, -3.66, 0.007, 116.59, -9.48);
insert into SHOT values (3138, 3143, 3148, 834, 3.428, 91.58, -9.85, 3.431, 91.53, -9.73, 0.008, 50.92, 52.59);
insert into SHOT values (3139, 3143, 3149, 834, 4.880, 62.71, -9.77, 4.883, 62.80, -9.79, 0.008, 129.68, -13.51);
insert into SHOT values (3140, 3143, 3150, 834, 7.420, 43.80, -13.93, 7.424, 43.82, -13.87, 0.008, 69.61, 47.51);
insert into SHOT values (3141, 3143, 3151, 834, 1.124, 358.75, -73.32, 1.117, 0.00, -73.35, 0.010, 109.84, 41.85);
insert into SHOT values (3142, 3143, 3152, 834, 1.467, 314.63, -47.70, 1.460, 314.59, -47.69, 0.007, 143.86, 48.46);
insert into SHOT values (3143, 3143, 3153, 834, 2.504, 314.97, -33.99, 2.506, 315.00, -33.96, 0.003, 336.95, -2.78);
insert into SHOT values (3144, 3143, 3154, 834, 3.016, 319.26, -29.68, 3.011, 319.18, -29.66, 0.006, 178.87, 32.38);
insert into SHOT values (3145, 3143, 3155, 834, 4.682, 239.79, 12.45, 4.681, 239.79, 12.46, 0.001, 63.43, 30.02);
insert into SHOT values (3146, 3143, 3156, 834, 3.024, 318.02, -29.95, 3.024, 318.09, -29.96, 0.003, 49.15, -4.80);
insert into SHOT values (3147, 3143, 3157, 834, 3.501, 330.01, -27.76, 3.499, 329.96, -27.77, 0.004, 203.54, 10.49);
insert into SHOT values (3148, 3143, 3158, 834, 4.336, 339.02, -25.42, 4.338, 339.07, -25.39, 0.004, 32.72, 16.82);
insert into SHOT values (3149, 3143, 3159, 834, 4.539, 334.43, -21.68, 4.532, 334.41, -21.62, 0.008, 173.55, 54.67);
insert into SHOT values (3150, 3143, 3160, 834, 5.343, 323.77, -16.01, 5.337, 323.80, -15.99, 0.007, 116.87, 30.86);
insert into SHOT values (3151, 3143, 3161, 834, 6.851, 321.14, -14.12, 6.849, 321.11, -14.11, 0.004, 201.27, 19.28);
insert into SHOT values (3152, 3143, 3162, 834, 7.939, 320.14, -12.38, 7.937, 320.13, -12.37, 0.003, 181.26, 41.68);
insert into SHOT values (3153, 3143, 3163, 834, 3.740, 219.13, 10.87, 3.743, 219.15, 10.93, 0.005, 248.04, 64.04);
insert into SHOT values (3154, 3143, 3164, 834, 4.354, 240.80, 10.55, 4.350, 240.74, 10.60, 0.007, 105.09, 22.86);
insert into SHOT values (3155, 3143, 3165, 834, 5.873, 254.80, 8.29, 5.874, 254.84, 8.32, 0.005, 335.97, 37.70);
insert into SHOT values (3156, 3143, 3166, 834, 7.322, 260.16, 7.68, 7.323, 260.16, 7.69, 0.002, 288.31, 72.75);
insert into SHOT values (3157, 3143, 3167, 834, 7.084, 276.35, 4.56, 7.086, 276.34, 4.61, 0.007, 241.01, 73.69);
insert into SHOT values (3158, 3143, 3168, 834, 7.053, 286.15, -0.75, 7.049, 286.15, -0.73, 0.005, 111.18, 27.82);
insert into SHOT values (3159, 3143, 3169, 834, 6.985, 299.16, -5.78, 6.983, 299.11, -5.75, 0.007, 191.56, 29.05);
insert into SHOT values (3160, 3143, 3170, 834, 8.675, 309.82, -5.48, 8.673, 309.83, -5.49, 0.003, 86.21, -31.64);
insert into SHOT values (3161, 3143, 3171, 834, 10.113, 315.45, -5.09, 10.109, 315.48, -5.05, 0.010, 76.80, 46.54);
insert into SHOT values (3162, 3143, 3172, 834, 4.550, 345.40, -25.88, 4.546, 345.42, -25.82, 0.006, 127.65, 68.01);
insert into SHOT values (3163, 3143, 3173, 834, 4.517, 359.56, -26.26, 4.517, 359.58, -26.28, 0.002, 121.74, -47.71);
insert into SHOT values (3164, 3143, 3174, 834, 5.116, 9.53, -22.94, 5.118, 9.52, -22.88, 0.005, 0.01, 48.18);
insert into SHOT values (3165, 3143, 3175, 834, 5.481, 22.11, -21.17, 5.479, 22.20, -21.19, 0.008, 129.92, -4.26);
insert into SHOT values (3166, 3143, 3176, 834, 5.083, 31.99, -22.95, 5.082, 31.99, -22.93, 0.002, 70.72, 79.37);
insert into SHOT values (3167, 3143, 3177, 834, 6.861, 32.22, -18.13, 6.864, 32.23, -18.08, 0.007, 44.03, 44.04);
insert into SHOT values (3168, 3143, 3178, 834, 7.650, 36.25, -15.85, 7.646, 36.26, -15.86, 0.005, 197.27, -7.21);
insert into SHOT values (3169, 3143, 3179, 834, 8.668, 40.67, -14.23, 8.669, 40.70, -14.22, 0.005, 122.15, 7.87);
insert into SHOT values (3170, 3143, 3180, 834, 2.890, 54.24, -35.12, 2.889, 54.29, -35.07, 0.003, 128.78, 48.37);
insert into SHOT values (3171, 3143, 3181, 834, 2.779, 41.70, -38.88, 2.774, 41.81, -38.85, 0.007, 170.38, 39.28);
insert into SHOT values (3172, 3143, 3182, 834, 2.585, 25.67, -45.71, 2.586, 25.57, -45.67, 0.004, 327.89, 6.00);
insert into SHOT values (3173, 3143, 3183, 834, 2.340, 11.52, -54.00, 2.339, 11.72, -53.89, 0.007, 66.75, 28.13);
insert into SHOT values (3174, 3143, 3184, 834, 2.297, 352.50, -58.34, 2.290, 352.34, -58.38, 0.008, 206.20, 40.96);
insert into SHOT values (3175, 3143, 3185, 834, 2.683, 351.62, -44.38, 2.681, 351.62, -44.24, 0.007, 349.80, 65.78);
insert into SHOT values (3176, 3143, 3186, 834, 3.222, 355.35, -37.35, 3.217, 355.29, -37.31, 0.006, 219.07, 51.91);
insert into SHOT values (3177, 3143, 3187, 834, 4.230, 352.10, -28.11, 4.223, 352.13, -28.11, 0.007, 153.23, 25.66);
insert into SHOT values (3178, 3143, 3188, 834, 3.196, 51.78, -30.94, 3.196, 51.96, -30.88, 0.009, 133.04, 20.05);
insert into SHOT values (3179, 3143, 3189, 834, 3.832, 46.10, -27.89, 3.831, 46.08, -27.85, 0.003, 344.41, 58.32);
insert into SHOT values (3180, 3143, 3190, 834, 4.482, 43.15, -23.66, 4.481, 43.22, -23.69, 0.006, 154.74, -13.38);
insert into SHOT values (3181, 3143, 3191, 834, 5.667, 41.54, -20.71, 5.670, 41.56, -20.65, 0.007, 64.08, 37.09);
insert into SHOT values (3182, 3143, 3192, 834, 6.262, 272.85, 6.63, 6.260, 272.86, 6.70, 0.007, 72.26, 69.98);
insert into SHOT values (3183, 3192, 3193, 834, 0.635, 243.79, 27.10, 0.633, 243.89, 26.24, 0.010, 263.36, -72.87);
insert into SHOT values (3184, 3143, 3194, 834, 9.032, 34.67, -13.90, 9.033, 34.69, -13.90, 0.003, 106.89, -5.33);
insert into SHOT values (3185, 3143, 3195, 834, 8.394, 27.69, -14.64, 8.395, 27.73, -14.63, 0.006, 102.80, 13.81);
insert into SHOT values (3186, 3143, 3196, 834, 8.394, 20.13, -14.94, 8.388, 20.13, -14.92, 0.006, 192.68, 39.05);
insert into SHOT values (3187, 3143, 3197, 834, 8.448, 10.10, -15.29, 8.446, 10.11, -15.31, 0.004, 159.53, -37.65);
insert into SHOT values (3188, 3143, 3198, 834, 7.671, 4.95, -16.15, 7.670, 4.98, -16.12, 0.006, 100.62, 40.45);
insert into SHOT values (3189, 3143, 3199, 834, 8.573, 353.93, -15.19, 8.574, 353.97, -15.15, 0.009, 59.43, 47.73);
insert into SHOT values (3190, 3143, 3200, 834, 8.669, 344.63, -14.96, 8.664, 344.62, -14.98, 0.006, 180.85, -20.90);
insert into SHOT values (3191, 3143, 3201, 834, 7.875, 331.08, -11.68, 7.874, 331.08, -11.65, 0.004, 250.32, 82.26);
insert into SHOT values (3192, 3201, 3202, 834, 4.132, 227.94, 19.25, 4.125, 227.91, 19.25, 0.007, 61.96, -17.90);
insert into SHOT values (3193, 3201, 3203, 834, 3.667, 240.94, 18.17, 3.660, 240.93, 18.15, 0.007, 66.82, -30.30);
insert into SHOT values (3194, 3201, 3204, 834, 3.304, 255.29, 18.15, 3.299, 255.21, 18.19, 0.007, 112.29, 6.19);
insert into SHOT values (3195, 3201, 3205, 834, 3.838, 268.08, 18.95, 3.838, 268.11, 18.85, 0.007, 308.82, -67.54);
insert into SHOT values (3196, 3201, 3206, 834, 3.104, 278.95, 17.20, 3.105, 278.92, 17.23, 0.003, 215.62, 53.49);
insert into SHOT values (3197, 3201, 3207, 834, 2.909, 283.77, 7.70, 2.910, 283.84, 7.70, 0.004, 358.84, 3.48);
insert into SHOT values (3198, 3201, 3208, 834, 3.383, 295.46, 1.81, 3.379, 295.43, 1.70, 0.008, 140.17, -56.10);
insert into SHOT values (3199, 3201, 3209, 834, 3.650, 318.21, -2.11, 3.650, 318.22, -2.20, 0.006, 58.58, -81.20);
insert into SHOT values (3200, 3201, 3210, 834, 3.983, 331.99, -5.11, 3.980, 332.01, -5.19, 0.007, 128.34, -52.86);
insert into SHOT values (3201, 3201, 3211, 834, 1.215, 352.00, -31.37, 1.215, 352.26, -31.22, 0.006, 58.37, 25.74);
insert into SHOT values (3202, 3201, 3212, 834, 1.347, 314.72, -28.19, 1.343, 314.66, -28.46, 0.007, 146.23, -29.65);
insert into SHOT values (3203, 3201, 3213, 834, 1.638, 300.85, -18.65, 1.635, 300.71, -18.91, 0.009, 157.58, -44.43);
insert into SHOT values (3204, 3201, 3214, 834, 2.418, 288.62, -14.06, 2.416, 288.67, -14.13, 0.004, 68.44, -40.62);
insert into SHOT values (3205, 3201, 3215, 834, 3.557, 261.93, 20.23, 3.553, 261.89, 20.25, 0.005, 107.60, 0.32);
insert into SHOT values (3206, 3201, 3216, 834, 2.265, 284.41, -8.75, 2.268, 284.47, -8.88, 0.006, 328.50, -57.88);
insert into SHOT values (3207, 3216, 3217, 834, 5.648, 67.49, -2.30, 5.654, 67.52, -2.23, 0.009, 95.32, 45.47);
insert into SHOT values (3208, 3216, 3218, 834, 4.213, 59.93, -2.28, 4.219, 59.97, -2.17, 0.010, 84.34, 47.58);
insert into SHOT values (3209, 3216, 3219, 834, 3.852, 49.70, -3.15, 3.852, 49.85, -3.13, 0.010, 139.12, 9.31);
insert into SHOT values (3210, 3216, 3220, 834, 5.107, 44.27, -1.31, 5.107, 44.37, -1.23, 0.011, 134.59, 38.40);
insert into SHOT values (3211, 3216, 3221, 834, 5.021, 37.24, -1.25, 5.017, 37.30, -1.26, 0.007, 160.25, -3.98);
insert into SHOT values (3212, 3216, 3222, 834, 2.343, 167.15, 38.49, 2.346, 167.10, 38.49, 0.003, 133.63, 31.05);
insert into SHOT values (3213, 3216, 3223, 834, 2.229, 142.25, 34.24, 2.235, 142.26, 34.31, 0.007, 148.29, 58.70);
insert into SHOT values (3214, 3216, 3224, 834, 2.412, 125.65, 34.77, 2.417, 125.77, 34.82, 0.007, 180.28, 40.57);
insert into SHOT values (3215, 3216, 3225, 834, 2.939, 107.24, 33.66, 2.944, 107.33, 33.62, 0.006, 143.94, 9.34);
insert into SHOT values (3216, 3216, 3226, 834, 3.874, 118.38, 17.02, 3.876, 118.36, 17.10, 0.006, 50.78, 79.58);
insert into SHOT values (3217, 3216, 3227, 834, 2.613, 112.61, 23.40, 2.622, 112.73, 23.37, 0.010, 142.37, 12.49);
insert into SHOT values (3218, 3216, 3228, 834, 1.790, 107.35, 30.35, 1.797, 107.27, 30.42, 0.008, 83.60, 44.61);
insert into SHOT values (3219, 3216, 3229, 834, 1.162, 90.37, 46.14, 1.167, 90.71, 46.04, 0.007, 134.64, 17.50);
insert into SHOT values (3220, 3216, 3230, 834, 1.126, 51.52, 49.55, 1.131, 52.19, 49.52, 0.010, 119.36, 18.64);
insert into SHOT values (3221, 3216, 3231, 834, 1.153, 48.58, 46.37, 1.156, 49.09, 46.61, 0.009, 151.60, 37.11);
insert into SHOT values (3222, 3216, 3232, 834, 1.417, 49.89, 32.79, 1.420, 50.44, 32.83, 0.012, 129.79, 12.61);
insert into SHOT values (3223, 3216, 3233, 834, 2.026, 49.58, 18.07, 2.030, 49.62, 18.08, 0.004, 72.60, 22.33);
insert into SHOT values (3224, 3216, 3234, 834, 2.427, 42.25, 10.41, 2.426, 42.45, 10.45, 0.009, 144.06, 9.67);
insert into SHOT values (3225, 3216, 3235, 834, 2.757, 37.61, 6.47, 2.762, 37.75, 6.44, 0.008, 91.07, -4.66);
insert into SHOT values (3226, 3216, 3236, 834, 3.454, 36.36, 2.53, 3.458, 36.41, 2.65, 0.009, 74.86, 59.45);
insert into SHOT values (3227, 3216, 3237, 834, 3.751, 23.29, 10.33, 3.753, 23.30, 10.44, 0.007, 63.76, 81.61);
insert into SHOT values (3228, 3237, 3238, 834, 1.731, 84.85, -32.19, 1.736, 84.91, -32.39, 0.008, 146.63, -77.04);
insert into SHOT values (3229, 3237, 3239, 834, 1.495, 62.43, -38.50, 1.496, 62.56, -38.44, 0.003, 117.99, 11.49);
insert into SHOT values (3230, 3237, 3240, 834, 1.780, 44.06, -30.74, 1.784, 44.21, -30.67, 0.006, 84.52, -1.55);
insert into SHOT values (3231, 3237, 3241, 834, 2.335, 33.12, -22.65, 2.333, 33.25, -22.69, 0.006, 151.76, -8.23);
insert into SHOT values (3232, 3237, 3242, 834, 2.908, 29.39, -17.79, 2.907, 29.44, -17.83, 0.003, 156.01, -28.19);
insert into SHOT values (3233, 3237, 3243, 834, 3.721, 27.36, -13.45, 3.722, 27.49, -13.52, 0.009, 121.16, -29.45);
insert into SHOT values (3234, 3237, 3244, 834, 1.506, 359.39, -25.47, 1.507, 359.58, -25.54, 0.005, 84.34, -27.65);
insert into SHOT values (3235, 3237, 3245, 834, 2.919, 3.99, -16.78, 2.914, 4.11, -16.96, 0.012, 144.99, -36.96);
insert into SHOT values (3236, 3237, 3246, 834, 3.269, 9.03, -15.03, 3.263, 9.13, -15.10, 0.009, 150.76, -13.82);
insert into SHOT values (3237, 3237, 3247, 834, 2.124, 13.55, -12.02, 2.127, 13.64, -12.22, 0.008, 83.26, -66.66);
insert into SHOT values (3238, 3237, 3248, 834, 2.241, 22.84, -9.10, 2.234, 22.96, -9.27, 0.011, 173.25, -30.73);
insert into SHOT values (3239, 3237, 3249, 834, 3.126, 30.23, -5.31, 3.128, 30.27, -5.32, 0.003, 76.92, -13.25);
insert into SHOT values (3240, 3237, 3250, 834, 3.516, 36.13, -3.08, 3.511, 36.18, -3.10, 0.006, 180.84, -10.73);
insert into SHOT values (3241, 3237, 3251, 834, 4.752, 39.56, -3.24, 4.751, 39.70, -3.26, 0.012, 132.79, -7.10);
insert into SHOT values (3242, 3237, 3252, 834, 5.899, 42.48, -2.96, 5.897, 42.52, -3.01, 0.007, 162.03, -46.74);
insert into SHOT values (3243, 3237, 3253, 834, 1.179, 140.88, -10.11, 1.184, 140.57, -10.22, 0.008, 86.34, -21.61);
insert into SHOT values (3244, 3237, 3254, 834, 1.184, 102.77, -9.31, 1.186, 102.85, -9.71, 0.009, 164.21, -77.88);
insert into SHOT values (3245, 3237, 3255, 834, 2.073, 78.06, -1.57, 2.074, 78.31, -1.66, 0.010, 163.33, -19.36);
insert into SHOT values (3246, 3237, 3256, 834, 2.954, 78.80, 5.46, 2.959, 78.84, 5.43, 0.006, 102.39, -10.99);
insert into SHOT values (3247, 3237, 3257, 834, 3.290, 74.69, 7.44, 3.292, 74.73, 7.33, 0.007, 112.03, -58.03);
insert into SHOT values (3248, 3237, 3258, 834, 4.053, 67.31, 6.18, 4.053, 67.38, 6.09, 0.008, 150.98, -51.65);
insert into SHOT values (3249, 3237, 3259, 834, 2.519, 65.47, -6.49, 2.519, 65.69, -6.61, 0.011, 161.53, -28.74);
insert into SHOT values (3250, 3259, 3260, 834, 0.454, 274.75, -86.75, 0.451, 288.43, -85.98, 0.010, 331.07, 19.98);
insert into SHOT values (3251, 3259, 3261, 834, 0.930, 306.60, -30.14, 0.935, 306.44, -30.19, 0.005, 276.38, -34.92);
insert into SHOT values (3252, 3259, 3262, 834, 1.497, 306.26, -23.39, 1.501, 306.45, -23.15, 0.009, 344.13, 29.26);
insert into SHOT values (3253, 3259, 3263, 834, 2.697, 301.60, -12.56, 2.696, 301.64, -12.64, 0.004, 73.21, -57.40);
insert into SHOT values (3254, 3259, 3264, 834, 2.584, 301.72, -8.39, 2.584, 301.89, -8.46, 0.008, 37.06, -21.63);
insert into SHOT values (3255, 3259, 3265, 834, 2.407, 301.54, -5.72, 2.410, 301.70, -5.72, 0.007, 9.64, -0.79);
insert into SHOT values (3256, 3259, 3266, 834, 1.948, 302.53, -4.13, 1.952, 302.63, -4.11, 0.006, 340.19, 3.04);
insert into SHOT values (3257, 3259, 3267, 834, 1.746, 303.90, 3.58, 1.754, 304.05, 3.60, 0.009, 335.90, 6.29);
insert into SHOT values (3258, 3259, 3268, 834, 1.324, 303.85, 11.91, 1.331, 304.06, 11.70, 0.010, 334.04, -19.15);
insert into SHOT values (3259, 3259, 3269, 834, 1.606, 305.02, 38.81, 1.606, 305.22, 38.97, 0.006, 69.19, 33.53);
insert into SHOT values (3260, 3259, 3270, 834, 1.701, 305.31, 49.54, 1.706, 305.42, 49.65, 0.006, 20.57, 69.65);
insert into SHOT values (3261, 3259, 3271, 834, 2.045, 304.64, 59.25, 2.049, 304.90, 59.21, 0.006, 2.59, 23.88);
insert into SHOT values (3262, 3259, 3272, 834, 3.369, 306.16, 60.89, 3.366, 306.31, 60.87, 0.006, 48.02, -38.10);
insert into SHOT values (3263, 3259, 3273, 834, 3.895, 306.82, 63.54, 3.898, 306.80, 63.55, 0.003, 263.04, 77.21);
insert into SHOT values (3264, 3259, 3274, 834, 3.936, 317.36, 72.98, 3.943, 317.46, 72.99, 0.007, 9.53, 68.34);
insert into SHOT values (3265, 3259, 3275, 834, 3.956, 345.52, 82.34, 3.956, 345.96, 82.21, 0.010, 11.12, -4.15);
insert into SHOT values (3266, 3259, 3276, 834, 3.992, 8.11, 84.27, 3.991, 8.53, 84.18, 0.007, 34.86, -17.27);
insert into SHOT values (3267, 3259, 3277, 834, 2.491, 5.23, 86.22, 2.496, 6.71, 86.07, 0.009, 37.90, 28.35);
insert into SHOT values (3268, 3259, 3278, 834, 1.999, 64.25, 83.13, 2.005, 63.43, 82.95, 0.009, 37.13, 34.90);
insert into SHOT values (3269, 3259, 3279, 834, 1.598, 82.24, 71.37, 1.605, 82.18, 71.29, 0.007, 75.69, 53.00);
insert into SHOT values (3270, 3259, 3280, 834, 1.587, 102.65, 61.79, 1.587, 102.36, 61.91, 0.005, 335.24, 17.68);
insert into SHOT values (3271, 3259, 3281, 834, 1.441, 110.36, 51.23, 1.440, 110.04, 51.07, 0.007, 45.63, -31.86);
insert into SHOT values (3272, 3259, 3282, 834, 1.044, 112.07, 39.13, 1.043, 111.80, 39.25, 0.004, 353.23, 14.93);
insert into SHOT values (3273, 3259, 3283, 834, 0.264, 114.52, 32.51, 0.260, 114.23, 32.55, 0.004, 313.13, -28.32);
insert into SHOT values (3274, 3259, 3284, 834, 4.804, 30.48, -5.10, 4.811, 30.47, -5.13, 0.008, 24.97, -23.17);
insert into SHOT values (3275, 3284, 3285, 834, 3.705, 263.52, -2.43, 3.707, 263.49, -2.32, 0.008, 221.88, 67.25);
insert into SHOT values (3276, 3284, 3286, 834, 3.281, 279.07, -3.25, 3.285, 278.95, -3.14, 0.010, 219.43, 36.11);
insert into SHOT values (3277, 3284, 3287, 834, 3.248, 296.51, -3.30, 3.247, 296.57, -3.18, 0.008, 32.27, 65.62);
insert into SHOT values (3278, 3284, 3288, 834, 3.043, 314.15, -3.92, 3.040, 314.07, -3.77, 0.009, 200.11, 58.66);
insert into SHOT values (3279, 3284, 3289, 834, 3.066, 336.50, -3.58, 3.060, 336.46, -3.56, 0.006, 178.14, 13.12);
insert into SHOT values (3280, 3284, 3290, 834, 3.039, 351.03, -3.75, 3.034, 350.88, -3.59, 0.013, 232.95, 44.33);
insert into SHOT values (3281, 3284, 3291, 834, 2.978, 9.66, -4.02, 2.979, 9.68, -3.85, 0.009, 46.86, 76.46);
insert into SHOT values (3282, 3284, 3292, 834, 2.868, 34.62, -4.35, 2.862, 34.58, -4.21, 0.010, 234.03, 52.46);
insert into SHOT values (3283, 3284, 3293, 834, 2.945, 46.82, -4.24, 2.943, 46.79, -4.09, 0.008, 278.98, 78.02);
insert into SHOT values (3284, 3284, 3294, 834, 2.824, 56.15, -4.32, 2.826, 56.14, -4.26, 0.003, 43.43, 54.24);
insert into SHOT values (3285, 3284, 3295, 834, 2.848, 60.33, -4.25, 2.847, 60.46, -4.23, 0.006, 159.47, 9.54);
insert into SHOT values (3286, 3284, 3296, 834, 3.100, 243.24, -0.19, 3.104, 243.19, -0.18, 0.005, 205.87, 3.44);
insert into SHOT values (3287, 3284, 3297, 834, 2.596, 277.25, -4.30, 2.598, 277.32, -4.19, 0.006, 329.00, 50.08);
insert into SHOT values (3288, 3284, 3298, 834, 2.590, 300.30, -4.80, 2.590, 300.24, -4.65, 0.007, 217.61, 68.25);
insert into SHOT values (3289, 3284, 3299, 834, 1.855, 330.66, -6.96, 1.849, 330.64, -6.83, 0.007, 156.33, 40.49);
insert into SHOT values (3290, 3284, 3300, 834, 0.834, 342.84, -12.90, 0.836, 342.90, -12.44, 0.007, 357.53, 62.35);
insert into SHOT values (3291, 3284, 3301, 834, 1.414, 316.17, -6.06, 1.414, 315.86, -5.68, 0.012, 235.13, 50.65);
insert into SHOT values (3292, 3284, 3302, 834, 2.802, 56.80, -4.15, 2.803, 56.82, -4.09, 0.003, 99.85, 60.50);
insert into SHOT values (3293, 3284, 3303, 834, 3.225, 74.31, -3.48, 3.225, 74.32, -3.38, 0.006, 122.00, 79.57);
insert into SHOT values (3294, 3284, 3304, 834, 3.835, 83.50, -2.63, 3.828, 83.54, -2.55, 0.009, 239.64, 39.15);
insert into SHOT values (3295, 3284, 3305, 834, 4.221, 90.05, -1.85, 4.222, 90.14, -1.76, 0.009, 169.29, 44.10);
insert into SHOT values (3296, 3284, 3306, 834, 5.953, 95.69, -1.81, 5.952, 95.69, -1.73, 0.008, 260.02, 84.81);
insert into SHOT values (3297, 3284, 3307, 834, 7.338, 97.43, -1.16, 7.333, 97.44, -1.09, 0.010, 254.69, 59.27);
insert into SHOT values (3298, 3284, 3308, 834, 0.480, 59.21, -22.98, 0.475, 59.93, -22.29, 0.010, 176.49, 49.92);
insert into SHOT values (3299, 3284, 3309, 834, 1.734, 116.78, -7.40, 1.731, 117.01, -7.30, 0.008, 224.40, 24.44);
insert into SHOT values (3300, 3284, 3310, 834, 2.569, 121.84, -3.83, 2.570, 121.77, -3.79, 0.004, 47.53, 25.86);
insert into SHOT values (3301, 3284, 3311, 834, 4.235, 124.70, -2.52, 4.237, 124.70, -2.43, 0.007, 132.99, 70.95);
insert into SHOT values (3302, 3259, 3312, 834, 2.746, 16.26, 15.59, 2.747, 16.24, 15.63, 0.002, 325.45, 63.71);
insert into SHOT values (3303, 3312, 3313, 834, 1.842, 51.02, -15.30, 1.844, 50.94, -15.41, 0.005, 333.95, -56.48);
insert into SHOT values (3304, 3312, 3314, 834, 2.353, 67.93, -12.98, 2.361, 67.78, -12.97, 0.010, 31.28, -8.56);
insert into SHOT values (3305, 3312, 3315, 834, 3.171, 81.80, -8.82, 3.171, 81.74, -8.89, 0.005, 334.35, -48.26);
insert into SHOT values (3306, 3312, 3316, 834, 4.368, 88.83, -7.03, 4.374, 88.81, -7.09, 0.008, 75.87, -42.39);
insert into SHOT values (3307, 3312, 3317, 834, 6.111, 92.82, -4.58, 6.117, 92.82, -4.59, 0.006, 93.48, -19.00);
insert into SHOT values (3308, 3312, 3318, 834, 7.239, 94.54, -2.12, 7.238, 94.52, -2.14, 0.004, 332.09, -37.44);
insert into SHOT values (3309, 3312, 3319, 834, 2.157, 159.17, 3.47, 2.156, 159.04, 3.46, 0.005, 62.08, -6.40);
insert into SHOT values (3310, 3312, 3320, 834, 2.499, 133.18, 1.85, 2.499, 133.22, 1.83, 0.002, 237.60, -22.84);
insert into SHOT values (3311, 3312, 3321, 834, 3.551, 120.37, 1.72, 3.547, 120.33, 1.78, 0.006, 332.25, 33.97);
insert into SHOT values (3312, 3312, 3322, 834, 4.948, 115.41, 0.96, 4.948, 115.37, 0.93, 0.004, 24.40, -43.17);
insert into SHOT values (3313, 3312, 3323, 834, 6.024, 111.36, -0.08, 6.022, 111.32, -0.10, 0.004, 356.81, -21.37);
insert into SHOT values (3314, 3312, 3324, 834, 12.735, 95.71, -4.16, 12.736, 95.69, -4.14, 0.005, 23.44, 44.19);
insert into SHOT values (3315, 3324, 3325, 834, 0.434, 305.87, -83.81, 0.443, 306.87, -83.52, 0.009, 321.15, -68.77);
insert into SHOT values (3316, 3324, 3326, 834, 0.821, 348.87, -32.39, 0.820, 349.18, -32.44, 0.004, 93.43, -3.09);
insert into SHOT values (3317, 3324, 3327, 834, 1.968, 342.64, -9.01, 1.973, 342.68, -9.04, 0.005, 359.65, -20.43);
insert into SHOT values (3318, 3324, 3328, 834, 2.437, 342.36, -6.64, 2.440, 342.46, -6.83, 0.009, 48.30, -59.83);
insert into SHOT values (3319, 3324, 3329, 834, 1.480, 342.66, -4.16, 1.481, 342.67, -4.26, 0.003, 357.14, -69.46);
insert into SHOT values (3320, 3324, 3330, 834, 1.050, 341.68, 9.12, 1.046, 341.39, 8.80, 0.009, 224.63, -47.59);
insert into SHOT values (3321, 3324, 3331, 834, 1.777, 339.14, 32.21, 1.779, 339.04, 31.91, 0.010, 317.55, -46.47);
insert into SHOT values (3322, 3324, 3332, 834, 2.208, 337.34, 50.19, 2.202, 337.07, 50.13, 0.009, 229.80, -41.10);
insert into SHOT values (3323, 3324, 3333, 834, 2.224, 344.40, 41.51, 2.219, 344.29, 41.49, 0.006, 207.56, -40.79);
insert into SHOT values (3324, 3324, 3334, 834, 2.172, 344.19, 56.54, 2.170, 343.99, 56.54, 0.005, 238.99, -25.12);
insert into SHOT values (3325, 3324, 3335, 834, 2.858, 348.62, 65.57, 2.856, 348.79, 65.54, 0.004, 69.28, -31.42);
insert into SHOT values (3326, 3324, 3336, 834, 3.814, 347.69, 69.10, 3.811, 347.70, 69.07, 0.003, 7.62, -77.24);
insert into SHOT values (3327, 3324, 3337, 834, 3.751, 22.41, 82.06, 3.746, 22.62, 82.02, 0.006, 68.33, -62.20);
insert into SHOT values (3328, 3324, 3338, 834, 3.148, 50.16, 82.64, 3.146, 50.01, 82.61, 0.003, 12.26, -50.79);
insert into SHOT values (3329, 3324, 3339, 834, 1.909, 67.09, 84.14, 1.900, 66.04, 84.05, 0.010, 6.50, -65.30);
insert into SHOT values (3330, 3324, 3340, 834, 1.770, 147.52, 80.93, 1.762, 146.89, 81.03, 0.010, 1.71, -55.64);
insert into SHOT values (3331, 3324, 3341, 834, 1.147, 154.17, 73.93, 1.146, 154.23, 73.68, 0.005, 158.52, -25.68);
insert into SHOT values (3332, 3324, 3342, 834, 0.431, 167.59, 65.71, 0.427, 166.76, 65.88, 0.005, 31.05, -37.73);
insert into SHOT values (3333, 3324, 3343, 834, 0.464, 174.70, -47.62, 0.469, 174.47, -48.34, 0.007, 37.98, -76.05);
insert into SHOT values (3334, 3324, 3344, 834, 0.965, 166.90, -24.66, 0.965, 166.76, -25.15, 0.009, 16.34, -59.49);
insert into SHOT values (3335, 3324, 3345, 834, 4.041, 303.28, -2.74, 4.040, 303.38, -2.84, 0.010, 40.74, -45.17);
insert into SHOT values (3336, 3324, 3346, 834, 3.459, 311.21, -3.67, 3.459, 311.12, -3.81, 0.010, 216.76, -58.81);
insert into SHOT values (3337, 3324, 3347, 834, 2.878, 327.07, -5.18, 2.883, 327.08, -5.17, 0.005, 336.59, -1.97);
insert into SHOT values (3338, 3324, 3348, 834, 2.542, 340.05, -6.41, 2.538, 340.06, -6.56, 0.008, 156.86, -51.67);
insert into SHOT values (3339, 3324, 3349, 834, 2.414, 353.21, -7.93, 2.411, 353.26, -8.11, 0.009, 146.92, -54.59);
insert into SHOT values (3340, 3324, 3350, 834, 2.432, 1.85, -8.11, 2.437, 1.90, -8.26, 0.008, 32.66, -58.41);
insert into SHOT values (3341, 3324, 3351, 834, 2.600, 13.36, -7.94, 2.603, 13.23, -7.95, 0.007, 312.68, -7.10);
insert into SHOT values (3342, 3324, 3352, 834, 2.681, 19.90, -6.81, 2.680, 20.00, -6.86, 0.005, 128.78, -22.71);
insert into SHOT values (3343, 3324, 3353, 834, 3.400, 34.31, -6.93, 3.400, 34.26, -6.93, 0.003, 310.57, 4.12);
insert into SHOT values (3344, 3324, 3354, 834, 5.942, 270.97, -3.16, 5.940, 270.97, -3.18, 0.003, 100.44, -48.72);
insert into SHOT values (3345, 3324, 3355, 834, 3.832, 284.26, -4.35, 3.829, 284.25, -4.49, 0.010, 109.69, -69.80);
insert into SHOT values (3346, 3324, 3356, 834, 3.077, 286.03, -7.37, 3.074, 286.00, -7.48, 0.007, 132.01, -53.30);
insert into SHOT values (3347, 3324, 3357, 834, 2.088, 293.35, -10.91, 2.086, 293.31, -11.06, 0.006, 137.85, -53.92);
insert into SHOT values (3348, 3324, 3358, 834, 1.302, 306.66, -18.87, 1.309, 306.78, -19.18, 0.010, 339.22, -62.09);
insert into SHOT values (3349, 3324, 3359, 834, 0.790, 325.51, -31.72, 0.789, 325.36, -32.14, 0.006, 172.20, -49.91);
insert into SHOT values (3350, 3324, 3360, 834, 4.959, 278.80, 3.64, 4.958, 278.83, 3.58, 0.006, 14.33, -58.11);
insert into SHOT values (3351, 3324, 3361, 834, 4.304, 280.18, 3.93, 4.308, 280.19, 3.86, 0.006, 286.92, -52.11);
insert into SHOT values (3352, 3324, 3362, 834, 2.920, 286.27, 5.10, 2.920, 286.38, 5.11, 0.006, 20.81, 4.42);
insert into SHOT values (3353, 3324, 3363, 834, 1.853, 297.43, 8.41, 1.853, 297.26, 8.38, 0.005, 214.20, -10.72);
insert into SHOT values (3354, 3324, 3364, 834, 1.063, 335.89, 11.69, 1.064, 335.65, 11.39, 0.007, 268.34, -48.41);
insert into SHOT values (3355, 3324, 3365, 834, 1.028, 354.66, 9.35, 1.027, 354.91, 8.97, 0.008, 89.21, -57.85);
insert into SHOT values (3356, 3324, 3366, 834, 1.369, 31.40, 7.21, 1.371, 31.47, 7.12, 0.003, 73.15, -36.09);
insert into SHOT values (3357, 3324, 3367, 834, 2.001, 46.41, 4.37, 2.000, 46.22, 4.30, 0.007, 310.38, -20.31);
insert into SHOT values (3358, 3324, 3368, 834, 2.878, 53.08, 1.57, 2.879, 53.05, 1.39, 0.009, 359.65, -78.40);
insert into SHOT values (3359, 3324, 3369, 834, 3.041, 52.79, 0.71, 3.040, 52.75, 0.57, 0.008, 302.82, -75.04);
insert into SHOT values (3360, 3369, 3370, 834, 7.335, 248.70, -3.03, 7.330, 248.69, -2.97, 0.009, 79.92, 60.05);
insert into SHOT values (3361, 3369, 3371, 834, 6.684, 246.48, -3.16, 6.683, 246.51, -3.17, 0.004, 349.23, -24.27);
insert into SHOT values (3362, 3369, 3372, 834, 5.716, 241.20, -3.79, 5.718, 241.19, -3.71, 0.008, 221.40, 68.80);
insert into SHOT values (3363, 3369, 3373, 834, 4.861, 233.54, -4.50, 4.863, 233.56, -4.48, 0.003, 266.17, 28.92);
insert into SHOT values (3364, 3369, 3374, 834, 4.276, 223.95, -5.15, 4.275, 223.86, -5.10, 0.008, 124.63, 29.06);
insert into SHOT values (3365, 3369, 3375, 834, 3.598, 207.85, -6.51, 3.596, 207.86, -6.39, 0.008, 357.89, 84.54);
insert into SHOT values (3366, 3369, 3376, 834, 2.788, 185.81, -9.41, 2.791, 185.83, -9.28, 0.007, 203.59, 55.72);
insert into SHOT values (3367, 3369, 3377, 834, 2.751, 166.91, -10.08, 2.752, 166.99, -10.05, 0.004, 241.85, 20.80);
insert into SHOT values (3368, 3369, 3378, 834, 2.778, 152.75, -11.46, 2.779, 152.68, -11.42, 0.004, 82.50, 29.80);
insert into SHOT values (3369, 3369, 3379, 834, 2.987, 138.35, -10.03, 2.992, 138.30, -10.01, 0.006, 112.70, 2.30);
insert into SHOT values (3370, 3369, 3380, 834, 3.550, 119.81, -8.04, 3.550, 119.85, -7.93, 0.007, 179.93, 68.43);
insert into SHOT values (3371, 3369, 3381, 834, 3.953, 104.23, -7.65, 3.954, 104.18, -7.56, 0.007, 38.25, 58.25);
insert into SHOT values (3372, 3369, 3382, 834, 4.389, 88.55, -6.81, 4.392, 88.55, -6.80, 0.003, 95.34, 7.35);
insert into SHOT values (3373, 3369, 3383, 834, 4.500, 78.54, -6.75, 4.501, 78.51, -6.76, 0.002, 7.95, -27.20);
insert into SHOT values (3374, 3369, 3384, 834, 4.958, 63.36, -6.30, 4.962, 63.38, -6.25, 0.007, 86.59, 38.41);
insert into SHOT values (3375, 3369, 3385, 834, 5.526, 52.42, -5.93, 5.528, 52.46, -5.92, 0.005, 117.55, 11.15);
insert into SHOT values (3376, 3369, 3386, 834, 5.969, 49.41, -4.58, 5.969, 49.43, -4.52, 0.007, 127.14, 71.80);
insert into SHOT values (3377, 3369, 3387, 834, 7.430, 46.57, -3.72, 7.436, 46.58, -3.70, 0.007, 63.32, 18.12);
insert into SHOT values (3378, 3369, 3388, 834, 9.207, 43.57, -2.96, 9.207, 43.59, -2.93, 0.006, 125.64, 58.71);
insert into SHOT values (3379, 3369, 3389, 834, 10.181, 39.44, -2.50, 10.176, 39.45, -2.48, 0.007, 195.54, 36.85);
insert into SHOT values (3380, 3369, 3390, 834, 11.207, 36.12, -2.67, 11.205, 36.13, -2.66, 0.004, 162.57, 32.69);
insert into SHOT values (3381, 3369, 3391, 834, 3.141, 215.91, -7.50, 3.141, 215.99, -7.50, 0.004, 302.66, -0.23);
insert into SHOT values (3382, 3369, 3392, 834, 2.575, 205.37, -11.14, 2.570, 205.35, -10.99, 0.008, 41.20, 63.34);
insert into SHOT values (3383, 3369, 3393, 834, 2.299, 193.27, -12.60, 2.294, 193.17, -12.59, 0.006, 53.20, 13.64);
insert into SHOT values (3384, 3369, 3394, 834, 2.005, 164.05, -14.27, 2.007, 163.89, -14.13, 0.008, 105.57, 34.03);
insert into SHOT values (3385, 3369, 3395, 834, 2.225, 141.11, -13.99, 2.226, 141.01, -13.78, 0.009, 84.25, 60.17);
insert into SHOT values (3386, 3369, 3396, 834, 2.107, 131.59, -15.27, 2.106, 131.61, -15.14, 0.005, 196.64, 80.69);
insert into SHOT values (3387, 3369, 3397, 834, 1.665, 100.05, -16.67, 1.663, 100.11, -16.42, 0.008, 198.32, 77.01);
insert into SHOT values (3388, 3369, 3398, 834, 4.150, 242.66, 4.40, 4.145, 242.63, 4.43, 0.006, 86.06, 16.19);
insert into SHOT values (3389, 3369, 3399, 834, 3.466, 235.48, 2.18, 3.462, 235.48, 2.32, 0.009, 52.90, 60.69);
insert into SHOT values (3390, 3369, 3400, 834, 2.192, 221.58, 1.18, 2.190, 221.48, 1.31, 0.007, 98.40, 47.32);
insert into SHOT values (3391, 3369, 3401, 834, 1.318, 188.13, 4.27, 1.316, 187.88, 4.36, 0.006, 79.06, 17.35);
insert into SHOT values (3392, 3369, 3402, 834, 1.043, 155.99, 2.79, 1.044, 155.65, 2.75, 0.006, 75.12, -6.94);
insert into SHOT values (3393, 3369, 3403, 834, 1.046, 153.62, 3.54, 1.053, 153.43, 3.81, 0.009, 127.62, 35.03);
insert into SHOT values (3394, 3369, 3404, 834, 1.594, 103.74, -0.28, 1.596, 103.78, 0.00, 0.008, 130.98, 74.51);
insert into SHOT values (3395, 3369, 3405, 834, 1.623, 69.43, 7.68, 1.625, 69.65, 7.78, 0.007, 141.35, 25.23);
insert into SHOT values (3396, 3369, 3406, 834, 2.350, 48.50, 2.88, 2.348, 48.63, 2.93, 0.006, 157.18, 18.83);
insert into SHOT values (3397, 3369, 3407, 834, 3.259, 40.06, 3.17, 3.262, 40.14, 3.16, 0.006, 95.39, -2.16);
insert into SHOT values (3398, 3369, 3408, 834, 4.313, 39.11, -8.01, 4.313, 39.20, -8.00, 0.007, 124.12, 8.00);
insert into SHOT values (3399, 3369, 3409, 834, 5.529, 39.70, -5.84, 5.525, 39.69, -5.82, 0.005, 239.91, 33.43);
insert into SHOT values (3400, 3369, 3410, 834, 6.436, 37.98, 0.82, 6.434, 37.99, 0.89, 0.008, 184.05, 72.17);
insert into SHOT values (3401, 3369, 3411, 834, 7.472, 34.65, 0.27, 7.476, 34.65, 0.31, 0.006, 28.93, 52.10);
insert into SHOT values (3402, 3369, 3412, 834, 1.425, 342.17, -15.76, 1.418, 342.10, -15.54, 0.009, 180.68, 51.72);
insert into SHOT values (3403, 3369, 3413, 834, 1.967, 357.37, -8.68, 1.964, 357.34, -8.49, 0.007, 197.42, 69.67);
insert into SHOT values (3404, 3369, 3414, 834, 2.408, 5.83, -5.80, 2.404, 5.76, -5.73, 0.006, 225.37, 35.58);
insert into SHOT values (3405, 3369, 3415, 834, 3.380, 6.80, -6.50, 3.375, 6.85, -6.46, 0.006, 152.77, 26.66);
insert into SHOT values (3406, 3369, 3416, 834, 4.514, 27.07, 7.26, 4.517, 27.08, 7.25, 0.004, 40.02, -7.14);
insert into SHOT values (3407, 3416, 3417, 834, 2.387, 2.54, 22.66, 2.387, 2.60, 22.67, 0.002, 103.54, 8.75);
insert into SHOT values (3408, 3417, 3418, 834, 3.249, 213.90, -10.57, 3.246, 213.89, -10.47, 0.006, 54.29, 74.55);
insert into SHOT values (3409, 3417, 3419, 834, 2.859, 230.13, -4.89, 2.864, 230.12, -4.81, 0.007, 223.64, 34.56);
insert into SHOT values (3410, 3417, 3420, 834, 3.278, 253.79, -1.40, 3.283, 253.72, -1.40, 0.006, 212.29, 0.83);
insert into SHOT values (3411, 3417, 3421, 834, 4.061, 277.39, -3.10, 4.059, 277.37, -3.11, 0.002, 138.14, -10.58);
insert into SHOT values (3412, 3417, 3422, 834, 4.359, 289.73, -5.64, 4.364, 289.64, -5.65, 0.008, 236.97, -11.29);
insert into SHOT values (3413, 3417, 3423, 834, 6.058, 293.20, -1.37, 6.059, 293.14, -1.32, 0.008, 210.87, 35.74);
insert into SHOT values (3414, 3417, 3424, 834, 5.674, 199.82, -11.68, 5.679, 199.87, -11.68, 0.007, 246.41, -11.40);
insert into SHOT values (3415, 3417, 3425, 834, 5.237, 199.46, -13.78, 5.241, 199.50, -13.69, 0.010, 232.42, 46.64);
insert into SHOT values (3416, 3417, 3426, 834, 3.806, 240.58, 7.08, 3.808, 240.52, 7.09, 0.005, 181.30, 10.75);
insert into SHOT values (3417, 3417, 3427, 834, 3.614, 249.59, 4.37, 3.618, 249.56, 4.44, 0.006, 219.66, 47.12);
insert into SHOT values (3418, 3417, 3428, 834, 3.129, 235.59, 3.50, 3.135, 235.55, 3.48, 0.006, 213.65, -9.56);
insert into SHOT values (3419, 3417, 3429, 834, 2.451, 86.26, -31.59, 2.446, 86.42, -31.56, 0.008, 208.44, 29.09);
insert into SHOT values (3420, 3417, 3430, 834, 3.016, 70.10, -25.21, 3.009, 70.03, -25.17, 0.008, 281.46, 38.07);
insert into SHOT values (3421, 3417, 3431, 834, 3.666, 51.61, -23.60, 3.657, 51.66, -23.53, 0.010, 206.25, 47.84);
insert into SHOT values (3422, 3417, 3432, 834, 3.949, 41.96, -20.65, 3.949, 41.93, -20.61, 0.003, 342.03, 49.89);
insert into SHOT values (3423, 3417, 3433, 834, 3.893, 27.08, -19.90, 3.889, 26.99, -19.84, 0.008, 276.65, 38.45);
insert into SHOT values (3424, 3417, 3434, 834, 4.010, 24.52, -20.33, 4.008, 24.52, -20.29, 0.003, 204.17, 69.07);
insert into SHOT values (3425, 3417, 3435, 834, 4.767, 22.99, -20.40, 4.762, 22.95, -20.40, 0.006, 237.97, 15.44);
insert into SHOT values (3426, 3417, 3436, 834, 4.820, 19.08, -20.12, 4.811, 19.12, -20.06, 0.011, 175.36, 47.87);
insert into SHOT values (3427, 3417, 3437, 834, 4.975, 15.92, -19.63, 4.968, 15.88, -19.64, 0.008, 220.61, 9.29);
insert into SHOT values (3428, 3417, 3438, 834, 2.177, 66.78, -58.56, 2.169, 66.60, -58.51, 0.009, 302.85, 60.23);
insert into SHOT values (3429, 3438, 3439, 834, 3.105, 81.39, -2.15, 3.106, 81.48, -2.03, 0.008, 154.59, 52.22);
insert into SHOT values (3430, 3438, 3440, 834, 3.817, 66.59, -2.24, 3.815, 66.66, -2.25, 0.005, 181.23, -8.55);
insert into SHOT values (3431, 3438, 3441, 834, 4.041, 58.07, -2.13, 4.040, 58.16, -2.13, 0.006, 154.01, 1.71);
insert into SHOT values (3432, 3438, 3442, 834, 4.003, 47.88, -1.27, 4.001, 47.94, -1.29, 0.005, 159.27, -16.18);
insert into SHOT values (3433, 3438, 3443, 834, 3.997, 40.84, -1.29, 3.993, 40.83, -1.29, 0.004, 225.06, -0.21);
insert into SHOT values (3434, 3438, 3444, 834, 4.246, 28.27, -0.99, 4.238, 28.32, -0.95, 0.010, 184.37, 20.39);
insert into SHOT values (3435, 3438, 3445, 834, 4.284, 20.72, -0.75, 4.276, 20.68, -0.67, 0.011, 219.99, 35.27);
insert into SHOT values (3436, 3438, 3446, 834, 4.637, 12.62, -0.20, 4.631, 12.60, -0.12, 0.008, 211.76, 46.72);
insert into SHOT values (3437, 3417, 3447, 834, 4.302, 304.63, -4.27, 4.306, 304.47, -4.26, 0.013, 231.55, 1.41);
insert into SHOT values (3438, 3447, 3448, 834, 1.112, 343.74, 56.09, 1.098, 343.93, 55.99, 0.014, 146.29, -62.56);
insert into SHOT values (3439, 3448, 3449, 834, 2.129, 250.32, -20.47, 2.129, 250.38, -20.34, 0.005, 311.44, 60.27);
insert into SHOT values (3440, 3448, 3450, 834, 1.730, 270.41, -17.78, 1.733, 270.35, -17.81, 0.004, 236.43, -28.22);
insert into SHOT values (3441, 3448, 3451, 834, 1.952, 297.34, -16.29, 1.949, 297.39, -16.39, 0.005, 96.43, -29.38);
insert into SHOT values (3442, 3448, 3452, 834, 2.571, 328.98, -18.69, 2.570, 329.12, -18.61, 0.007, 60.41, 33.53);
insert into SHOT values (3443, 3448, 3453, 834, 3.456, 341.22, -17.95, 3.465, 341.24, -17.99, 0.009, 348.17, -33.47);
insert into SHOT values (3444, 3448, 3454, 834, 3.750, 347.29, -17.58, 3.752, 347.25, -17.53, 0.005, 308.55, 30.94);
insert into SHOT values (3445, 3448, 3455, 834, 1.110, 204.28, -11.75, 1.112, 204.44, -11.94, 0.005, 281.13, -51.00);
insert into SHOT values (3446, 3448, 3456, 834, 1.325, 169.46, -11.78, 1.320, 169.30, -11.80, 0.006, 27.61, 4.91);
insert into SHOT values (3447, 3448, 3457, 834, 1.819, 136.11, -7.66, 1.819, 136.12, -7.58, 0.003, 167.85, 71.50);
insert into SHOT values (3448, 3448, 3458, 834, 2.683, 127.56, -4.14, 2.681, 127.56, -4.06, 0.004, 313.46, 63.82);
insert into SHOT values (3449, 3448, 3459, 834, 2.893, 121.38, -3.05, 2.894, 121.27, -2.97, 0.007, 40.46, 35.03);
insert into SHOT values (3450, 3448, 3460, 834, 2.855, 112.99, -2.86, 2.858, 112.88, -2.81, 0.007, 53.89, 21.50);
insert into SHOT values (3451, 3448, 3461, 834, 2.824, 106.48, -0.04, 2.826, 106.45, 0.00, 0.003, 61.46, 40.79);
insert into SHOT values (3452, 3448, 3462, 834, 2.945, 91.73, -5.01, 2.943, 91.76, -5.07, 0.004, 238.89, -44.97);
insert into SHOT values (3453, 3448, 3463, 834, 3.293, 79.38, -3.69, 3.294, 79.31, -3.66, 0.005, 1.59, 23.93);
insert into SHOT values (3454, 3448, 3464, 834, 3.896, 20.81, -21.03, 3.897, 20.78, -21.06, 0.003, 290.73, -42.83);
insert into SHOT values (3455, 3464, 3465, 834, 2.107, 272.73, 5.52, 2.102, 272.74, 5.46, 0.006, 88.50, -28.91);
insert into SHOT values (3456, 3464, 3466, 834, 2.710, 282.47, -0.12, 2.703, 282.39, -0.21, 0.009, 130.28, -28.53);
insert into SHOT values (3457, 3464, 3467, 834, 3.367, 286.65, -0.20, 3.360, 286.60, -0.34, 0.011, 128.90, -47.80);
insert into SHOT values (3458, 3464, 3468, 834, 4.522, 288.59, -1.07, 4.517, 288.60, -1.14, 0.008, 103.71, -45.39);
insert into SHOT values (3459, 3464, 3469, 834, 4.870, 290.54, -1.29, 4.871, 290.56, -1.29, 0.002, 337.38, -10.67);
insert into SHOT values (3460, 3464, 3470, 834, 5.685, 292.12, -1.80, 5.682, 292.14, -1.82, 0.004, 83.90, -19.63);
insert into SHOT values (3461, 3464, 3471, 834, 4.922, 294.46, -2.32, 4.927, 294.48, -2.33, 0.005, 317.51, -8.52);
insert into SHOT values (3462, 3464, 3472, 834, 2.747, 293.96, -4.36, 2.743, 293.94, -4.39, 0.004, 127.22, -17.00);
insert into SHOT values (3463, 3464, 3473, 834, 2.423, 304.15, -1.15, 2.419, 304.22, -1.18, 0.005, 88.67, -15.90);
insert into SHOT values (3464, 3464, 3474, 834, 2.356, 314.76, -1.68, 2.356, 314.83, -1.70, 0.003, 51.11, -18.17);
insert into SHOT values (3465, 3464, 3475, 834, 1.176, 147.60, 1.71, 1.182, 147.79, 1.45, 0.009, 178.93, -34.11);
insert into SHOT values (3466, 3475, 3476, 834, 3.420, 306.39, -3.37, 3.424, 306.43, -3.35, 0.005, 339.91, 12.20);
insert into SHOT values (3467, 3475, 3477, 834, 2.763, 308.49, -4.20, 2.768, 308.53, -4.14, 0.006, 327.84, 21.74);
insert into SHOT values (3468, 3475, 3478, 834, 2.250, 319.33, -7.50, 2.254, 319.54, -7.65, 0.011, 25.28, -35.38);
insert into SHOT values (3469, 3475, 3479, 834, 1.876, 327.68, -8.43, 1.877, 327.77, -8.58, 0.006, 50.77, -60.57);
insert into SHOT values (3470, 3475, 3480, 834, 1.139, 333.51, -4.60, 1.144, 333.43, -4.51, 0.005, 317.17, 14.32);
insert into SHOT values (3471, 3475, 3481, 834, 0.818, 4.83, -1.23, 0.823, 4.88, -1.39, 0.006, 12.70, -25.06);
insert into SHOT values (3472, 3475, 3482, 834, 0.804, 37.86, 1.86, 0.806, 37.44, 1.42, 0.009, 330.27, -43.58);
insert into SHOT values (3473, 3475, 3483, 834, 1.214, 80.68, 8.66, 1.220, 80.46, 8.48, 0.008, 45.30, -19.25);
insert into SHOT values (3474, 3475, 3484, 834, 2.124, 134.40, 25.74, 2.119, 134.15, 25.73, 0.009, 19.37, -14.89);
insert into SHOT values (3475, 3475, 3485, 834, 1.410, 97.89, 10.34, 1.406, 97.90, 10.25, 0.005, 275.73, -37.65);
insert into SHOT values (3476, 3475, 3486, 834, 1.526, 120.39, 14.88, 1.521, 120.23, 14.86, 0.007, 340.15, -16.13);
insert into SHOT values (3477, 3487, 3475, 834, 2.756, 284.76, 13.51, 2.756, 284.71, 13.64, 0.007, 153.97, 64.00);
insert into SHOT values (3478, 3475, 3488, 834, 0.879, 349.71, 7.18, 0.882, 349.46, 7.17, 0.005, 294.54, 1.69);
insert into SHOT values (3479, 3488, 3489, 834, 3.212, 333.60, -7.42, 3.216, 333.76, -7.50, 0.011, 41.37, -28.86);
insert into SHOT values (3480, 3488, 3490, 834, 2.831, 315.29, -4.84, 2.832, 315.43, -4.86, 0.007, 41.00, -9.27);
insert into SHOT values (3481, 3488, 3491, 834, 3.528, 346.36, -8.09, 3.533, 346.44, -8.14, 0.008, 33.49, -27.48);
insert into SHOT values (3482, 3488, 3492, 834, 3.988, 1.45, -9.68, 3.988, 1.46, -9.67, 0.001, 86.05, 45.40);
insert into SHOT values (3483, 3488, 3493, 834, 4.516, 13.29, -12.24, 4.522, 13.34, -12.26, 0.008, 48.62, -19.37);
insert into SHOT values (3484, 3488, 3494, 834, 4.968, 20.53, -12.00, 4.971, 20.60, -12.08, 0.009, 98.01, -50.25);
insert into SHOT values (3485, 3488, 3495, 834, 5.569, 27.20, -11.02, 5.569, 27.22, -11.08, 0.006, 142.82, -67.06);
insert into SHOT values (3486, 3488, 3496, 834, 6.069, 32.05, -10.59, 6.075, 32.07, -10.62, 0.007, 50.28, -39.53);
insert into SHOT values (3487, 3487, 3438, 834, 4.317, 176.80, -5.43, 4.317, 176.80, -5.58, 0.012, 4.01, -85.39);
insert into SHOT values (3488, 3488, 3497, 834, 3.207, 47.01, -1.90, 3.214, 47.02, -1.96, 0.008, 51.06, -27.55);
insert into SHOT values (3489, 3497, 3498, 834, 2.451, 207.68, 8.66, 2.457, 207.73, 8.66, 0.006, 226.25, 8.82);
insert into SHOT values (3490, 3497, 3499, 834, 1.740, 199.47, 7.52, 1.745, 199.59, 7.57, 0.007, 234.41, 20.23);
insert into SHOT values (3491, 3497, 3500, 834, 1.747, 175.45, 10.15, 1.753, 175.35, 10.18, 0.007, 148.24, 17.48);
insert into SHOT values (3492, 3497, 3501, 834, 1.393, 142.37, 4.33, 1.394, 142.31, 4.52, 0.005, 88.24, 68.42);
insert into SHOT values (3493, 3497, 3502, 834, 1.750, 130.68, -2.91, 1.746, 130.82, -2.95, 0.006, 261.90, -11.91);
insert into SHOT values (3494, 3497, 3503, 834, 1.162, 137.65, 11.71, 1.165, 137.49, 11.89, 0.006, 75.73, 49.10);
insert into SHOT values (3495, 3503, 3504, 834, 5.604, 21.87, -16.19, 5.600, 21.84, -16.28, 0.010, 226.36, -49.16);
insert into SHOT values (3496, 3503, 3505, 834, 5.183, 14.38, -17.30, 5.177, 14.29, -17.30, 0.010, 248.62, 7.68);
insert into SHOT values (3497, 3503, 3506, 834, 4.007, 2.76, -18.65, 4.004, 2.72, -18.64, 0.004, 231.83, 21.34);
insert into SHOT values (3498, 3503, 3507, 834, 2.530, 346.63, -35.33, 2.536, 346.57, -35.43, 0.008, 304.97, -64.66);
insert into SHOT values (3499, 3507, 3508, 834, 4.193, 162.27, 0.53, 4.200, 162.26, 0.55, 0.007, 153.80, 9.75);
insert into SHOT values (3500, 3507, 3509, 834, 3.939, 159.32, 0.91, 3.944, 159.36, 1.02, 0.009, 189.74, 54.27);
insert into SHOT values (3501, 3507, 3510, 834, 3.965, 150.25, 2.09, 3.962, 150.33, 2.17, 0.008, 270.94, 40.97);
insert into SHOT values (3502, 3507, 3511, 834, 4.045, 145.06, 2.53, 4.049, 145.17, 2.55, 0.009, 210.98, 9.55);
insert into SHOT values (3503, 3507, 3512, 834, 4.096, 135.46, 4.00, 4.098, 135.59, 4.06, 0.011, 218.00, 23.74);
insert into SHOT values (3504, 3507, 3513, 834, 5.573, 124.70, 5.57, 5.574, 124.72, 5.56, 0.003, 184.74, -20.84);
insert into SHOT values (3505, 3507, 3514, 834, 6.599, 117.86, 7.69, 6.600, 117.90, 7.75, 0.008, 202.86, 58.17);
insert into SHOT values (3506, 3507, 3515, 834, 3.911, 158.13, -0.26, 3.913, 158.09, -0.15, 0.008, 99.40, 67.73);
insert into SHOT values (3507, 3507, 3516, 834, 3.271, 154.76, -0.43, 3.270, 154.85, -0.35, 0.007, 253.90, 42.46);
insert into SHOT values (3508, 3507, 3517, 834, 2.521, 146.06, -0.85, 2.530, 146.12, -0.68, 0.012, 163.46, 38.99);
insert into SHOT values (3509, 3507, 3518, 834, 3.169, 111.21, -1.07, 3.167, 111.30, -1.09, 0.005, 225.82, -8.76);
insert into SHOT values (3510, 3507, 3519, 834, 3.483, 134.12, 26.35, 3.489, 134.22, 26.38, 0.008, 184.86, 29.28);
insert into SHOT values (3511, 3507, 3520, 834, 1.311, 237.29, 13.44, 1.310, 237.18, 13.68, 0.006, 108.16, 60.17);
insert into SHOT values (3512, 3507, 3521, 834, 1.124, 207.35, 15.49, 1.132, 207.27, 15.37, 0.008, 196.70, -1.30);
insert into SHOT values (3513, 3507, 3522, 834, 1.227, 171.74, 21.24, 1.236, 172.01, 21.35, 0.011, 207.70, 30.61);
insert into SHOT values (3514, 3507, 3523, 834, 1.325, 160.62, 22.79, 1.333, 160.97, 22.97, 0.012, 214.99, 35.85);
insert into SHOT values (3515, 3507, 3524, 834, 1.970, 147.04, 17.37, 1.971, 147.15, 17.42, 0.004, 229.93, 26.15);
insert into SHOT values (3516, 3507, 3525, 834, 2.472, 138.01, 15.11, 2.480, 138.05, 15.19, 0.009, 151.30, 38.50);
insert into SHOT values (3517, 3519, 3526, 834, 2.500, 79.34, -5.17, 2.503, 79.37, -5.27, 0.006, 100.63, -55.89);
insert into SHOT values (3518, 3526, 3527, 834, 2.763, 242.63, -19.80, 2.760, 242.74, -19.69, 0.008, 345.15, 47.96);
insert into SHOT values (3519, 3526, 3528, 834, 2.016, 237.64, -18.12, 2.012, 237.80, -17.95, 0.009, 344.44, 50.57);
insert into SHOT values (3520, 3526, 3529, 834, 1.225, 169.12, -3.99, 1.224, 169.15, -3.75, 0.005, 275.32, 82.66);
insert into SHOT values (3521, 3526, 3530, 834, 1.857, 140.50, -0.41, 1.854, 140.47, -0.31, 0.005, 337.60, 46.75);
insert into SHOT values (3522, 3526, 3531, 834, 3.020, 122.65, 1.22, 3.019, 122.69, 1.33, 0.006, 244.02, 66.55);
insert into SHOT values (3523, 3526, 3532, 834, 4.526, 113.39, 2.24, 4.523, 113.33, 2.28, 0.006, 350.35, 29.69);
insert into SHOT values (3524, 3526, 3533, 834, 0.529, 112.32, 2.35, 0.530, 112.20, 3.24, 0.008, 55.03, 81.28);
insert into SHOT values (3525, 3526, 3534, 834, 5.333, 108.50, 2.70, 5.332, 108.50, 2.80, 0.009, 278.36, 78.23);
insert into SHOT values (3526, 3526, 3535, 834, 5.832, 102.15, 2.48, 5.825, 102.10, 2.56, 0.012, 316.13, 41.29);
insert into SHOT values (3527, 3526, 3536, 834, 7.773, 102.61, 0.66, 7.767, 102.57, 0.66, 0.008, 323.49, 3.15);
insert into SHOT values (3528, 3526, 3537, 834, 6.977, 287.24, -11.28, 6.982, 287.24, -11.23, 0.007, 292.96, 40.11);
insert into SHOT values (3529, 3526, 3538, 834, 6.626, 284.18, -12.06, 6.633, 284.19, -12.01, 0.009, 289.49, 28.49);
insert into SHOT values (3530, 3526, 3539, 834, 6.401, 279.83, -12.52, 6.403, 279.85, -12.45, 0.009, 317.58, 60.16);
insert into SHOT values (3531, 3526, 3540, 834, 5.210, 278.41, -15.38, 5.211, 278.47, -15.36, 0.006, 353.67, 18.47);
insert into SHOT values (3532, 3526, 3541, 834, 8.598, 91.37, 2.88, 8.594, 91.34, 2.93, 0.011, 318.17, 48.70);
insert into SHOT values (3533, 3541, 3542, 834, 1.925, 154.81, -7.98, 1.929, 154.91, -8.05, 0.006, 195.84, -28.24);
insert into SHOT values (3534, 3541, 3543, 834, 1.219, 124.61, -12.10, 1.221, 124.76, -12.30, 0.005, 198.33, -54.65);
insert into SHOT values (3535, 3541, 3544, 834, 1.169, 105.89, -22.15, 1.168, 106.09, -22.12, 0.004, 200.84, 11.13);
insert into SHOT values (3536, 3541, 3545, 834, 1.465, 90.16, -15.84, 1.466, 90.41, -15.84, 0.006, 174.03, -1.18);
insert into SHOT values (3537, 3541, 3546, 834, 4.793, 89.73, -7.35, 4.790, 89.76, -7.44, 0.008, 235.60, -57.70);
insert into SHOT values (3538, 3541, 3547, 834, 5.692, 81.27, -6.05, 5.697, 81.27, -6.05, 0.005, 80.94, -0.90);
insert into SHOT values (3539, 3541, 3548, 834, 6.603, 74.70, -7.59, 6.602, 74.67, -7.66, 0.009, 312.17, -61.52);
insert into SHOT values (3540, 3541, 3549, 834, 6.754, 303.30, -13.92, 6.756, 303.30, -13.96, 0.005, 319.95, -78.08);
insert into SHOT values (3541, 3549, 3550, 834, 9.075, 269.16, 2.29, 9.078, 269.12, 2.27, 0.008, 204.75, -18.75);
insert into SHOT values (3542, 3549, 3551, 834, 7.710, 271.82, 2.29, 7.710, 271.79, 2.30, 0.005, 180.52, 22.71);
insert into SHOT values (3543, 3549, 3552, 834, 7.111, 276.63, 0.86, 7.108, 276.63, 0.89, 0.004, 108.06, 49.48);
insert into SHOT values (3544, 3549, 3553, 834, 6.239, 283.06, -0.51, 6.242, 283.06, -0.46, 0.006, 275.93, 64.65);
insert into SHOT values (3545, 3549, 3554, 834, 5.186, 290.72, -0.81, 5.184, 290.67, -0.77, 0.006, 178.72, 35.81);
insert into SHOT values (3546, 3549, 3555, 834, 4.552, 299.56, -1.19, 4.551, 299.49, -1.13, 0.007, 194.46, 40.50);
insert into SHOT values (3547, 3549, 3556, 834, 4.102, 303.58, -1.39, 4.098, 303.65, -1.40, 0.007, 73.78, -4.22);
insert into SHOT values (3548, 3549, 3557, 834, 3.720, 308.25, -1.59, 3.718, 308.23, -1.54, 0.004, 172.66, 56.43);
insert into SHOT values (3549, 3549, 3558, 834, 3.110, 314.18, -1.98, 3.107, 314.09, -2.03, 0.007, 189.00, -22.44);
insert into SHOT values (3550, 3549, 3559, 834, 2.591, 319.94, -2.57, 2.586, 320.02, -2.44, 0.009, 100.29, 45.97);
insert into SHOT values (3551, 3549, 3560, 834, 2.096, 330.69, -3.33, 2.090, 330.73, -3.29, 0.007, 136.52, 15.48);
insert into SHOT values (3552, 3549, 3561, 834, 2.061, 343.11, -3.27, 2.063, 343.06, -3.33, 0.003, 297.31, -45.00);
insert into SHOT values (3553, 3549, 3562, 834, 2.329, 1.36, -2.87, 2.323, 1.48, -2.71, 0.010, 138.43, 42.37);
insert into SHOT values (3554, 3549, 3563, 834, 2.665, 10.58, -2.80, 2.659, 10.63, -2.80, 0.007, 168.89, 1.58);
insert into SHOT values (3555, 3549, 3564, 834, 3.011, 22.98, -2.34, 3.013, 23.07, -2.28, 0.006, 87.37, 28.17);
insert into SHOT values (3556, 3549, 3565, 834, 3.450, 30.77, -2.30, 3.452, 30.88, -2.32, 0.007, 106.92, -12.91);
insert into SHOT values (3557, 3549, 3566, 834, 3.627, 36.37, -1.74, 3.628, 36.36, -1.74, 0.001, 14.10, 8.44);
insert into SHOT values (3558, 3549, 3567, 834, 4.299, 44.81, -1.62, 4.301, 44.81, -1.60, 0.002, 49.20, 38.12);
insert into SHOT values (3559, 3549, 3568, 834, 6.094, 56.91, -1.56, 6.096, 56.99, -1.50, 0.010, 133.03, 34.48);
insert into SHOT values (3560, 3549, 3569, 834, 6.833, 61.85, -1.50, 6.829, 61.86, -1.51, 0.004, 225.47, -16.82);
insert into SHOT values (3561, 3549, 3570, 834, 7.141, 64.08, -1.38, 7.140, 64.08, -1.36, 0.002, 232.29, 63.97);
insert into SHOT values (3562, 3549, 3571, 834, 1.303, 266.67, 23.24, 1.301, 266.63, 23.57, 0.008, 94.84, 48.02);
insert into SHOT values (3563, 3549, 3572, 834, 0.930, 292.79, 27.47, 0.930, 292.83, 27.54, 0.001, 62.31, 50.70);
insert into SHOT values (3564, 3549, 3573, 834, 0.808, 329.63, 28.52, 0.809, 329.45, 28.84, 0.005, 202.71, 56.94);
insert into SHOT values (3565, 3549, 3574, 834, 0.974, 357.89, 30.40, 0.973, 357.95, 30.24, 0.003, 62.81, -69.88);
insert into SHOT values (3566, 3549, 3575, 834, 1.263, 35.37, 17.87, 1.266, 35.54, 17.94, 0.005, 92.85, 30.18);
insert into SHOT values (3567, 3549, 3576, 834, 1.926, 51.41, 11.63, 1.926, 51.67, 11.68, 0.009, 140.54, 11.35);
insert into SHOT values (3568, 3549, 3577, 834, 2.995, 62.88, 6.00, 2.995, 62.83, 5.94, 0.004, 333.19, -51.56);
insert into SHOT values (3569, 3549, 3578, 834, 0.291, 73.25, 4.33, 0.292, 74.05, 3.93, 0.005, 149.43, -25.07);
insert into SHOT values (3570, 3549, 3579, 834, 4.829, 75.39, 3.43, 4.833, 75.47, 3.44, 0.008, 136.95, 7.64);
insert into SHOT values (3571, 3549, 3580, 834, 5.868, 78.04, 2.93, 5.864, 78.08, 2.93, 0.005, 214.76, 0.55);
insert into SHOT values (3572, 3549, 3581, 834, 3.666, 83.76, -2.90, 3.666, 83.73, -2.81, 0.006, 10.98, 69.49);
insert into SHOT values (3573, 3549, 3582, 834, 4.102, 74.00, -2.59, 4.103, 74.00, -2.51, 0.005, 64.05, 78.95);
insert into SHOT values (3574, 3526, 3583, 834, 4.210, 31.44, -11.59, 4.209, 31.42, -11.51, 0.006, 318.46, 73.33);
insert into SHOT values (3575, 3526, 3584, 834, 3.582, 28.29, -12.99, 3.585, 28.18, -12.90, 0.009, 327.50, 33.68);
insert into SHOT values (3576, 3526, 3585, 834, 3.107, 16.82, -11.97, 3.107, 16.83, -11.89, 0.004, 41.37, 79.98);
insert into SHOT values (3577, 3526, 3586, 834, 3.126, 347.41, -10.76, 3.128, 347.41, -10.69, 0.005, 348.49, 51.53);
insert into SHOT values (3578, 3526, 3587, 834, 3.127, 321.53, -8.42, 3.136, 321.54, -8.25, 0.013, 325.45, 38.47);
insert into SHOT values (3579, 3526, 3588, 834, 4.148, 311.49, -7.28, 4.156, 311.46, -7.19, 0.011, 297.91, 32.27);
insert into SHOT values (3580, 3526, 3589, 834, 4.695, 298.70, -3.80, 4.696, 298.70, -3.79, 0.001, 292.25, 52.05);
insert into SHOT values (3581, 3526, 3590, 834, 5.454, 292.13, -2.96, 5.461, 292.19, -2.94, 0.010, 331.21, 9.92);
insert into SHOT values (3582, 3541, 3591, 834, 5.533, 77.89, -5.09, 5.533, 77.96, -5.08, 0.006, 166.72, 7.92);
insert into SHOT values (3583, 3591, 3592, 834, 5.019, 356.93, -14.77, 5.023, 356.93, -14.76, 0.004, 359.33, -6.86);
insert into SHOT values (3584, 3591, 3593, 834, 4.518, 356.34, -13.13, 4.528, 356.36, -13.15, 0.010, 5.69, -21.97);
insert into SHOT values (3585, 3591, 3594, 834, 4.182, 349.64, -13.10, 4.185, 349.68, -13.12, 0.005, 37.86, -27.57);
insert into SHOT values (3586, 3591, 3595, 834, 4.352, 344.03, -12.41, 4.357, 344.04, -12.46, 0.006, 351.46, -51.41);
insert into SHOT values (3587, 3591, 3596, 834, 4.461, 335.72, -12.50, 4.462, 335.73, -12.56, 0.005, 90.37, -78.63);
insert into SHOT values (3588, 3591, 3597, 834, 4.844, 328.80, -10.71, 4.854, 328.81, -10.69, 0.010, 333.70, 1.16);
insert into SHOT values (3589, 3591, 3598, 834, 5.128, 323.45, -10.41, 5.133, 323.54, -10.44, 0.010, 23.49, -20.65);
insert into SHOT values (3590, 3591, 3599, 834, 5.509, 317.66, -9.57, 5.514, 317.68, -9.60, 0.006, 346.31, -40.62);
insert into SHOT values (3591, 3591, 3600, 834, 6.001, 313.11, -8.09, 6.003, 313.09, -8.14, 0.006, 264.64, -64.75);
insert into SHOT values (3592, 3591, 3601, 834, 6.100, 308.25, -7.73, 6.107, 308.29, -7.72, 0.008, 338.74, 3.25);
insert into SHOT values (3593, 3591, 3602, 834, 6.722, 303.47, -6.86, 6.730, 303.52, -6.91, 0.012, 343.47, -35.90);
insert into SHOT values (3594, 3591, 3603, 834, 4.266, 320.45, -18.08, 4.269, 320.50, -18.15, 0.007, 36.76, -57.85);
insert into SHOT values (3595, 3591, 3604, 834, 3.766, 317.71, -21.21, 3.769, 317.77, -21.31, 0.008, 40.70, -63.48);
insert into SHOT values (3596, 3591, 3605, 834, 3.364, 312.04, -23.90, 3.364, 312.10, -24.03, 0.008, 83.43, -59.49);
insert into SHOT values (3597, 3591, 3606, 834, 9.446, 41.81, -8.40, 9.450, 41.79, -8.40, 0.005, 3.78, -1.18);
insert into SHOT values (3598, 3591, 3607, 834, 8.824, 44.53, -9.01, 8.829, 44.49, -9.06, 0.011, 346.42, -48.02);
insert into SHOT values (3599, 3591, 3608, 834, 7.683, 45.06, -10.40, 7.686, 45.05, -10.42, 0.004, 25.44, -52.81);
insert into SHOT values (3600, 3591, 3609, 834, 6.634, 46.77, -12.22, 6.638, 46.69, -12.26, 0.012, 336.04, -30.26);
insert into SHOT values (3601, 3591, 3610, 834, 2.934, 50.41, -21.31, 2.943, 50.33, -21.32, 0.010, 24.13, -23.08);
insert into SHOT values (3602, 3591, 3611, 834, 2.463, 40.89, -27.58, 2.470, 40.74, -27.49, 0.010, 5.49, 1.99);
insert into SHOT values (3603, 3591, 3612, 834, 2.264, 27.45, -30.40, 2.272, 27.35, -30.41, 0.008, 358.83, -31.38);
insert into SHOT values (3604, 3591, 3613, 834, 1.644, 10.24, -40.37, 1.653, 10.06, -40.35, 0.009, 340.33, -33.14);
insert into SHOT values (3605, 3591, 3614, 834, 2.064, 346.31, -36.13, 2.067, 346.13, -36.17, 0.006, 273.25, -29.01);
insert into SHOT values (3606, 3591, 3615, 834, 2.349, 328.85, -31.56, 2.356, 328.84, -31.46, 0.008, 326.74, -3.77);
insert into SHOT values (3607, 3591, 3616, 834, 2.724, 312.39, -28.90, 2.726, 312.45, -28.96, 0.004, 30.50, -53.35);
insert into SHOT values (3608, 3591, 3617, 834, 7.282, 37.58, -10.84, 7.283, 37.56, -10.84, 0.003, 317.57, -10.70);
insert into SHOT values (3609, 3591, 3618, 834, 7.036, 34.81, -11.31, 7.041, 34.79, -11.30, 0.005, 15.92, -1.25);
insert into SHOT values (3610, 3591, 3619, 834, 5.400, 34.56, -14.55, 5.403, 34.48, -14.58, 0.008, 317.99, -24.49);
insert into SHOT values (3611, 3591, 3620, 834, 4.854, 29.45, -16.18, 4.856, 29.42, -16.27, 0.008, 287.15, -74.41);
insert into SHOT values (3612, 3591, 3621, 834, 4.191, 19.79, -18.84, 4.199, 19.71, -18.90, 0.011, 339.51, -38.52);
insert into SHOT values (3613, 3591, 3622, 834, 3.814, 9.92, -21.04, 3.817, 9.86, -21.03, 0.005, 317.39, -8.38);
insert into SHOT values (3614, 3591, 3623, 834, 3.611, 4.12, -22.35, 3.622, 4.11, -22.40, 0.011, 0.53, -37.68);
insert into SHOT values (3615, 3591, 3624, 834, 3.188, 349.80, -25.50, 3.198, 349.82, -25.56, 0.011, 356.97, -43.09);
insert into SHOT values (3616, 3591, 3625, 834, 3.499, 337.06, -22.48, 3.502, 337.08, -22.50, 0.003, 4.17, -39.27);
insert into SHOT values (3617, 3591, 3626, 834, 5.170, 1.78, -13.88, 5.173, 1.83, -13.87, 0.005, 50.75, 2.43);
insert into SHOT values (3618, 3591, 3627, 834, 5.415, 9.42, -12.99, 5.420, 9.37, -13.01, 0.007, 323.03, -25.45);
insert into SHOT values (3619, 3591, 3628, 834, 5.658, 16.04, -12.62, 5.661, 15.97, -12.65, 0.008, 303.25, -29.96);
insert into SHOT values (3620, 3591, 3629, 834, 8.074, 42.42, -7.58, 8.077, 42.42, -7.61, 0.005, 36.95, -67.36);
insert into SHOT values (3621, 3629, 3630, 834, 0.795, 307.26, -2.19, 0.793, 307.30, -2.17, 0.003, 112.89, 8.72);
insert into SHOT values (3622, 3629, 3631, 834, 1.253, 308.53, -8.27, 1.258, 308.80, -8.23, 0.008, 0.10, 1.73);
insert into SHOT values (3623, 3629, 3632, 834, 1.380, 308.13, -11.43, 1.387, 308.13, -11.23, 0.008, 308.84, 24.29);
insert into SHOT values (3624, 3629, 3633, 834, 0.976, 306.64, -19.03, 0.976, 306.62, -19.14, 0.002, 150.87, -67.95);
insert into SHOT values (3625, 3629, 3634, 834, 0.566, 123.33, -35.80, 0.562, 123.34, -35.96, 0.004, 302.12, 14.50);
insert into SHOT values (3626, 3629, 3635, 834, 0.965, 126.81, -11.16, 0.963, 126.38, -11.38, 0.008, 15.42, -23.20);
insert into SHOT values (3627, 3629, 3636, 834, 1.570, 134.98, -4.50, 1.567, 134.74, -4.39, 0.008, 24.35, 24.56);
insert into SHOT values (3628, 3629, 3637, 834, 4.919, 133.76, -1.32, 4.917, 133.76, -1.28, 0.004, 304.59, 56.60);
insert into SHOT values (3629, 3629, 3638, 834, 3.962, 141.03, 3.55, 3.961, 140.96, 3.62, 0.007, 34.14, 41.16);
insert into SHOT values (3630, 3629, 3639, 834, 4.627, 141.27, 9.47, 4.623, 141.32, 9.46, 0.006, 273.37, -13.22);
insert into SHOT values (3631, 3629, 3640, 834, 5.913, 141.58, 12.57, 5.909, 141.62, 12.61, 0.007, 284.20, 25.35);
insert into SHOT values (3632, 3629, 3641, 834, 5.065, 141.85, 14.90, 5.063, 141.89, 14.88, 0.004, 256.62, -32.76);
insert into SHOT values (3633, 3629, 3642, 834, 4.621, 142.53, 16.01, 4.617, 142.51, 16.09, 0.008, 337.76, 43.95);
insert into SHOT values (3634, 3629, 3643, 834, 1.636, 141.62, 17.18, 1.631, 141.51, 17.12, 0.006, 355.22, -31.55);
insert into SHOT values (3635, 3629, 3644, 834, 1.084, 141.94, 19.86, 1.083, 141.78, 19.97, 0.004, 28.19, 29.26);
insert into SHOT values (3636, 3629, 3645, 834, 0.469, 150.01, 29.45, 0.464, 150.26, 29.71, 0.006, 311.92, -6.06);
insert into SHOT values (3637, 3629, 3646, 834, 1.898, 268.87, -3.56, 1.904, 269.10, -3.61, 0.010, 320.72, -12.70);
insert into SHOT values (3638, 3629, 3647, 834, 1.552, 302.90, -8.47, 1.556, 303.07, -8.50, 0.006, 349.80, -12.56);
insert into SHOT values (3639, 3629, 3648, 834, 1.141, 319.28, -8.57, 1.147, 319.29, -8.52, 0.006, 321.02, 0.26);
insert into SHOT values (3640, 3629, 3649, 834, 1.365, 338.84, -10.54, 1.366, 338.59, -10.55, 0.006, 255.09, -3.09);
insert into SHOT values (3641, 3629, 3650, 834, 1.907, 355.74, -7.70, 1.912, 355.76, -7.51, 0.008, 4.17, 45.42);
insert into SHOT values (3642, 3629, 3651, 834, 2.369, 7.73, -7.12, 2.368, 7.58, -7.03, 0.007, 275.80, 30.37);
insert into SHOT values (3643, 3629, 3652, 834, 3.307, 19.75, -5.16, 3.306, 19.70, -5.21, 0.004, 272.64, -41.24);
insert into SHOT values (3644, 3629, 3653, 834, 4.042, 29.90, -3.71, 4.044, 29.87, -3.69, 0.004, 349.18, 24.48);
insert into SHOT values (3645, 3629, 3654, 834, 4.530, 35.84, -3.42, 4.535, 35.83, -3.41, 0.005, 28.75, 2.79);
insert into SHOT values (3646, 3629, 3655, 834, 5.128, 41.58, -3.25, 5.130, 41.60, -3.24, 0.002, 83.74, 17.81);
insert into SHOT values (3647, 3629, 3656, 834, 5.695, 45.81, -2.96, 5.700, 45.78, -2.92, 0.007, 19.42, 34.42);
insert into SHOT values (3648, 3629, 3657, 834, 5.805, 47.21, -2.65, 5.802, 47.17, -2.67, 0.006, 278.10, -16.41);
insert into SHOT values (3649, 3629, 3658, 834, 0.831, 75.60, -23.69, 0.832, 75.60, -23.36, 0.005, 75.71, 52.07);
insert into SHOT values (3650, 3629, 3659, 834, 1.273, 42.67, -15.97, 1.273, 42.68, -15.95, 0.001, 76.59, 25.57);
insert into SHOT values (3651, 3629, 3660, 834, 3.587, 48.95, -4.74, 3.584, 48.86, -4.80, 0.007, 292.33, -29.72);
insert into SHOT values (3652, 3629, 3661, 834, 3.857, 170.65, 0.52, 3.850, 170.73, 0.60, 0.010, 310.15, 29.93);
insert into SHOT values (3653, 3629, 3662, 834, 3.832, 154.83, 1.64, 3.826, 154.77, 1.65, 0.007, 7.37, 2.79);
insert into SHOT values (3654, 3629, 3663, 834, 4.098, 176.39, 4.06, 4.099, 176.35, 4.06, 0.003, 98.74, -3.13);
insert into SHOT values (3655, 3629, 3664, 834, 4.318, 185.32, 4.55, 4.312, 185.34, 4.52, 0.006, 350.88, -23.22);
insert into SHOT values (3656, 3629, 3665, 834, 4.387, 193.35, 4.27, 4.381, 193.37, 4.32, 0.007, 0.93, 26.92);
insert into SHOT values (3657, 3629, 3666, 834, 4.261, 127.94, 5.11, 4.264, 127.92, 5.11, 0.003, 102.24, 9.28);
insert into SHOT values (3658, 3629, 3667, 834, 5.163, 118.10, 6.39, 5.155, 118.07, 6.46, 0.011, 317.42, 30.64);
insert into SHOT values (3659, 3629, 3668, 834, 8.016, 109.21, 7.02, 8.011, 109.16, 7.03, 0.008, 339.08, 2.22);
insert into SHOT values (3660, 3629, 3669, 834, 5.941, 88.30, 4.87, 5.944, 88.26, 4.83, 0.007, 35.13, -39.42);
insert into SHOT values (3661, 3669, 3670, 834, 4.134, 337.64, -11.63, 4.133, 337.49, -11.59, 0.011, 244.02, 17.58);
insert into SHOT values (3662, 3669, 3671, 834, 3.957, 349.45, -10.12, 3.958, 349.35, -10.04, 0.009, 273.56, 38.05);
insert into SHOT values (3663, 3669, 3672, 834, 4.517, 358.00, -9.43, 4.514, 357.94, -9.44, 0.006, 233.93, 0.80);
insert into SHOT values (3664, 3669, 3673, 834, 5.440, 8.72, -7.76, 5.440, 8.64, -7.71, 0.009, 286.51, 31.31);
insert into SHOT values (3665, 3669, 3674, 834, 5.172, 193.06, 12.60, 5.177, 193.16, 12.61, 0.010, 251.83, 10.04);
insert into SHOT values (3666, 3669, 3675, 834, 5.354, 184.34, 12.81, 5.359, 184.39, 12.83, 0.007, 229.60, 24.12);
insert into SHOT values (3667, 3669, 3676, 834, 1.688, 168.64, 13.02, 1.687, 168.76, 13.37, 0.011, 301.05, 64.56);
insert into SHOT values (3668, 3669, 3677, 834, 3.601, 162.17, 12.51, 3.602, 162.29, 12.51, 0.007, 242.53, -0.10);
insert into SHOT values (3669, 3669, 3678, 834, 6.181, 152.78, 12.47, 6.185, 152.80, 12.51, 0.006, 190.44, 58.73);
insert into SHOT values (3670, 3669, 3679, 834, 6.231, 144.39, 11.82, 6.232, 144.41, 11.85, 0.004, 216.14, 60.85);
insert into SHOT values (3671, 3669, 3680, 834, 7.503, 128.51, 8.82, 7.505, 128.54, 8.89, 0.010, 205.73, 67.66);
insert into SHOT values (3672, 3669, 3681, 834, 7.502, 122.73, 8.01, 7.497, 122.79, 8.05, 0.011, 249.83, 24.91);
insert into SHOT values (3673, 3669, 3682, 834, 7.153, 49.40, -4.66, 7.151, 49.38, -4.65, 0.003, 276.59, 20.03);
insert into SHOT values (3674, 3682, 3683, 834, 5.921, 197.52, 6.12, 5.927, 197.48, 6.20, 0.011, 158.93, 54.49);
insert into SHOT values (3675, 3682, 3684, 834, 4.869, 180.09, 6.78, 4.875, 180.12, 6.83, 0.008, 205.81, 42.68);
insert into SHOT values (3676, 3682, 3685, 834, 4.959, 164.49, 6.84, 4.963, 164.58, 6.83, 0.009, 229.94, -3.96);
insert into SHOT values (3677, 3682, 3686, 834, 6.030, 145.46, 6.10, 6.031, 145.46, 6.09, 0.001, 158.35, -34.19);
insert into SHOT values (3678, 3682, 3687, 834, 7.055, 132.02, 5.58, 7.051, 132.05, 5.62, 0.008, 271.11, 31.86);
insert into SHOT values (3679, 3682, 3688, 834, 7.855, 121.42, 5.06, 7.859, 121.42, 5.11, 0.008, 111.65, 66.73);
insert into SHOT values (3680, 3682, 3689, 834, 2.965, 353.34, -3.39, 2.966, 353.21, -3.29, 0.009, 271.40, 38.46);
insert into SHOT values (3681, 3682, 3690, 834, 3.381, 303.61, -2.59, 3.379, 303.64, -2.54, 0.004, 81.69, 43.33);
insert into SHOT values (3682, 3682, 3691, 834, 3.065, 333.79, -3.38, 3.060, 333.77, -3.37, 0.005, 164.94, 7.66);
insert into SHOT values (3683, 3682, 3692, 834, 3.078, 8.41, -3.82, 3.080, 8.42, -3.72, 0.005, 24.57, 68.01);
insert into SHOT values (3684, 3682, 3693, 834, 3.716, 32.11, -3.46, 3.713, 32.10, -3.40, 0.005, 221.03, 60.26);
insert into SHOT values (3685, 3682, 3694, 834, 4.203, 39.26, -3.00, 4.199, 39.19, -3.00, 0.006, 271.21, -0.30);
insert into SHOT values (3686, 3682, 3695, 834, 5.033, 47.99, -2.35, 5.024, 47.99, -2.28, 0.011, 229.28, 36.66);
insert into SHOT values (3687, 3682, 3696, 834, 5.728, 52.79, -2.09, 5.728, 52.81, -2.10, 0.002, 145.63, -28.57);
insert into SHOT values (3688, 3682, 3697, 834, 6.304, 56.40, -1.86, 6.307, 56.39, -1.82, 0.006, 32.65, 50.38);
insert into SHOT values (3689, 3682, 3698, 834, 6.800, 59.87, -1.53, 6.800, 59.89, -1.52, 0.003, 158.02, 33.56);
insert into SHOT values (3690, 3682, 3699, 834, 7.814, 63.16, -1.37, 7.815, 63.14, -1.32, 0.007, 356.43, 66.75);
insert into SHOT values (3691, 3682, 3700, 834, 8.153, 65.06, -1.16, 8.153, 65.04, -1.12, 0.006, 336.83, 59.13);
insert into SHOT values (3692, 3682, 3701, 834, 0.844, 31.30, -16.84, 0.843, 31.33, -16.55, 0.005, 125.82, 84.77);
insert into SHOT values (3693, 3682, 3702, 834, 1.782, 41.95, -8.31, 1.781, 42.01, -8.07, 0.008, 137.87, 75.78);
insert into SHOT values (3694, 3682, 3703, 834, 2.572, 50.99, -5.96, 2.573, 51.03, -5.80, 0.007, 95.67, 72.03);
insert into SHOT values (3695, 3682, 3704, 834, 3.396, 60.40, -4.20, 3.390, 60.40, -4.06, 0.010, 238.78, 56.89);
insert into SHOT values (3696, 3682, 3705, 834, 4.734, 67.69, -2.78, 4.728, 67.73, -2.79, 0.007, 221.56, -3.37);
insert into SHOT values (3697, 3682, 3706, 834, 4.785, 74.00, 1.76, 4.788, 73.99, 1.80, 0.004, 56.87, 45.01);
insert into SHOT values (3698, 3706, 3707, 834, 3.304, 49.95, -5.90, 3.297, 49.95, -5.92, 0.007, 230.48, -2.87);
insert into SHOT values (3699, 3706, 3708, 834, 4.999, 63.93, -3.70, 4.997, 63.95, -3.67, 0.004, 203.21, 45.29);
insert into SHOT values (3700, 3706, 3709, 834, 5.966, 164.28, 4.58, 5.971, 164.31, 4.61, 0.007, 193.23, 32.59);
insert into SHOT values (3701, 3706, 3710, 834, 5.043, 159.02, 4.15, 5.046, 159.04, 4.20, 0.006, 193.88, 53.07);
insert into SHOT values (3702, 3706, 3711, 834, 5.440, 140.33, 3.37, 5.436, 140.38, 3.37, 0.007, 270.71, 1.84);
insert into SHOT values (3703, 3706, 3712, 834, 7.519, 84.19, -2.05, 7.513, 84.19, -2.06, 0.006, 262.63, -10.40);
insert into SHOT values (3704, 3712, 3713, 834, 0.697, 1.25, -7.60, 0.696, 1.66, -7.43, 0.005, 98.22, 23.64);
insert into SHOT values (3705, 3712, 3714, 834, 1.318, 1.78, -3.30, 1.312, 1.75, -3.06, 0.008, 189.44, 48.18);
insert into SHOT values (3706, 3712, 3715, 834, 1.524, 1.48, -1.57, 1.521, 1.51, -1.51, 0.003, 167.16, 30.37);
insert into SHOT values (3707, 3712, 3716, 834, 1.149, 1.35, 4.26, 1.144, 1.51, 4.51, 0.008, 151.31, 36.52);
insert into SHOT values (3708, 3712, 3717, 834, 0.692, 0.24, 17.78, 0.693, 0.00, 17.65, 0.003, 291.02, -23.96);
insert into SHOT values (3709, 3712, 3718, 834, 0.338, 357.51, 51.83, 0.342, 357.27, 52.09, 0.005, 324.91, 69.39);
insert into SHOT values (3710, 3712, 3719, 834, 0.298, 283.48, 85.78, 0.301, 270.00, 86.19, 0.006, 165.47, 28.00);
insert into SHOT values (3711, 3712, 3720, 834, 0.402, 174.94, 55.98, 0.411, 175.03, 55.82, 0.009, 178.45, 48.76);
insert into SHOT values (3712, 3712, 3721, 834, 0.588, 179.63, 43.31, 0.594, 180.00, 43.64, 0.008, 232.16, 62.27);
insert into SHOT values (3713, 3712, 3722, 834, 1.356, 182.35, 25.49, 1.365, 182.33, 25.61, 0.010, 178.54, 42.52);
insert into SHOT values (3714, 3712, 3723, 834, 1.719, 182.90, 16.75, 1.726, 182.78, 16.84, 0.008, 151.61, 33.76);
insert into SHOT values (3715, 3712, 3724, 834, 3.211, 184.88, 11.60, 3.218, 184.91, 11.65, 0.008, 202.25, 33.87);
insert into SHOT values (3716, 3712, 3725, 834, 4.079, 184.46, 10.23, 4.078, 184.43, 10.31, 0.006, 46.64, 62.36);
insert into SHOT values (3717, 3712, 3726, 834, 2.329, 184.25, 9.35, 2.328, 184.25, 9.40, 0.002, 9.36, 42.56);
insert into SHOT values (3718, 3712, 3727, 834, 2.109, 185.89, 5.57, 2.111, 185.74, 5.71, 0.008, 110.73, 42.62);
insert into SHOT values (3719, 3712, 3728, 834, 1.640, 185.39, -0.70, 1.647, 185.23, -0.70, 0.008, 151.35, 0.24);
insert into SHOT values (3720, 3712, 3729, 834, 1.473, 184.89, -3.44, 1.478, 184.67, -3.49, 0.007, 133.23, -12.46);
insert into SHOT values (3721, 3712, 3730, 834, 1.693, 336.34, -1.34, 1.693, 336.31, -1.35, 0.001, 250.94, -27.01);
insert into SHOT values (3722, 3712, 3731, 834, 1.512, 358.56, -1.20, 1.511, 358.48, -1.14, 0.003, 239.22, 35.58);
insert into SHOT values (3723, 3712, 3732, 834, 1.764, 35.45, 0.74, 1.757, 35.50, 0.65, 0.008, 203.62, -20.33);
insert into SHOT values (3724, 3712, 3733, 834, 3.163, 77.89, 1.31, 3.160, 77.94, 1.27, 0.004, 207.78, -30.92);
insert into SHOT values (3725, 3712, 3734, 834, 5.505, 85.54, 2.50, 5.502, 85.51, 2.50, 0.004, 306.27, -1.86);
insert into SHOT values (3726, 3712, 3735, 834, 3.271, 130.84, -1.61, 3.269, 130.91, -1.58, 0.005, 243.96, 24.92);
insert into SHOT values (3727, 3712, 3736, 834, 4.675, 116.71, -1.21, 4.679, 116.67, -1.22, 0.005, 80.57, -14.81);
insert into SHOT values (3728, 3712, 3737, 834, 6.502, 106.71, -0.76, 6.505, 106.71, -0.70, 0.007, 102.92, 63.03);
insert into SHOT values (3729, 3712, 3738, 834, 1.172, 78.15, -4.32, 1.168, 78.11, -4.42, 0.004, 270.06, -24.53);
insert into SHOT values (3730, 3712, 3739, 834, 0.908, 37.25, -5.03, 0.910, 37.38, -5.05, 0.003, 89.79, -8.79);
insert into SHOT values (3731, 3712, 3740, 834, 2.255, 105.20, -2.20, 2.260, 105.14, -2.03, 0.009, 81.88, 49.83);
insert into SHOT values (3732, 3712, 3741, 834, 4.504, 96.31, -0.87, 4.508, 96.37, -0.89, 0.007, 143.16, -14.28);
insert into SHOT values (3733, 3712, 3742, 834, 6.818, 93.18, -0.42, 6.821, 93.19, -0.42, 0.003, 124.65, -0.39);
insert into SHOT values (3734, 3712, 3743, 834, 4.529, 135.99, 7.04, 4.533, 136.08, 7.10, 0.009, 202.36, 32.12);
insert into SHOT values (3735, 3712, 3744, 834, 6.725, 128.54, 6.65, 6.728, 128.50, 6.66, 0.006, 70.54, 12.36);
insert into SHOT values (3736, 3712, 3745, 834, 7.743, 121.05, 4.77, 7.743, 121.05, 4.82, 0.006, 255.89, 84.03);
insert into SHOT values (3737, 3712, 3746, 834, 9.743, 116.73, 4.47, 9.748, 116.72, 4.47, 0.005, 103.76, 7.91);
insert into SHOT values (3738, 3712, 3747, 834, 11.122, 109.60, 4.02, 11.120, 109.59, 4.02, 0.002, 311.88, 6.92);
insert into SHOT values (3739, 3712, 3748, 834, 10.974, 104.10, 3.71, 10.973, 104.11, 3.71, 0.003, 205.81, -2.03);
insert into SHOT values (3740, 3748, 3749, 834, 2.943, 346.82, -9.79, 2.939, 346.83, -9.79, 0.004, 161.02, 6.06);
insert into SHOT values (3741, 3748, 3750, 834, 2.822, 5.37, -10.41, 2.819, 5.38, -10.42, 0.003, 175.47, -1.53);
insert into SHOT values (3742, 3748, 3751, 834, 2.763, 323.32, -16.46, 2.757, 323.30, -16.44, 0.006, 150.66, 26.44);
insert into SHOT values (3743, 3748, 3752, 834, 2.373, 342.25, -19.77, 2.375, 342.29, -19.69, 0.004, 14.44, 38.95);
insert into SHOT values (3744, 3748, 3753, 834, 2.320, 13.59, -19.84, 2.319, 13.53, -19.92, 0.004, 246.54, -40.86);
insert into SHOT values (3745, 3748, 3754, 834, 2.758, 31.57, -16.90, 2.758, 31.52, -16.86, 0.003, 316.85, 37.84);
insert into SHOT values (3746, 3748, 3755, 834, 3.267, 44.54, -13.83, 3.269, 44.62, -13.80, 0.005, 102.53, 10.60);
insert into SHOT values (3747, 3748, 3756, 834, 3.863, 50.21, -11.72, 3.864, 50.25, -11.64, 0.006, 101.16, 52.01);
insert into SHOT values (3748, 3748, 3757, 834, 0.825, 38.45, -78.62, 0.826, 37.57, -78.55, 0.003, 334.04, -23.56);
insert into SHOT values (3749, 3748, 3758, 834, 0.886, 309.46, -54.88, 0.879, 309.37, -54.98, 0.007, 138.10, 41.65);
insert into SHOT values (3750, 3748, 3759, 834, 1.252, 292.46, -38.66, 1.247, 292.35, -38.71, 0.005, 135.00, 23.26);
insert into SHOT values (3751, 3748, 3760, 834, 1.940, 286.16, -23.48, 1.938, 285.99, -23.41, 0.006, 190.16, 29.10);
insert into SHOT values (3752, 3748, 3761, 834, 2.482, 285.10, -17.62, 2.479, 285.21, -17.61, 0.006, 45.79, 13.56);
insert into SHOT values (3753, 3748, 3762, 834, 3.438, 282.89, -13.05, 3.433, 282.96, -12.96, 0.008, 59.07, 48.32);
insert into SHOT values (3754, 3748, 3763, 834, 1.494, 83.58, -32.57, 1.491, 83.61, -32.46, 0.004, 235.43, 71.89);
insert into SHOT values (3755, 3748, 3764, 834, 3.451, 80.98, -12.90, 3.449, 80.93, -12.90, 0.003, 318.35, 7.19);
insert into SHOT values (3756, 3748, 3765, 834, 3.150, 211.56, 5.60, 3.149, 211.56, 5.65, 0.003, 31.44, 59.86);
insert into SHOT values (3757, 3748, 3766, 834, 3.248, 186.37, 7.83, 3.249, 186.24, 7.78, 0.008, 107.09, -18.83);
insert into SHOT values (3758, 3748, 3767, 834, 3.451, 163.46, 8.64, 3.450, 163.48, 8.67, 0.002, 296.19, 46.79);
insert into SHOT values (3759, 3748, 3768, 834, 3.898, 140.74, 8.37, 3.901, 140.78, 8.40, 0.005, 187.97, 32.55);
insert into SHOT values (3760, 3748, 3769, 834, 3.577, 80.06, -12.10, 3.581, 80.13, -12.09, 0.006, 127.08, -1.79);
insert into SHOT values (3761, 3769, 3770, 834, 3.233, 351.03, 6.36, 3.239, 351.06, 6.38, 0.007, 9.20, 16.54);
insert into SHOT values (3762, 3769, 3771, 834, 2.832, 12.91, 4.97, 2.832, 12.90, 5.06, 0.005, 263.00, 85.98);
insert into SHOT values (3763, 3769, 3772, 834, 4.274, 41.87, 3.08, 4.276, 41.87, 3.08, 0.002, 38.34, 8.41);
insert into SHOT values (3764, 3769, 3773, 834, 5.335, 51.31, 2.36, 5.339, 51.24, 2.36, 0.008, 355.49, 2.29);
insert into SHOT values (3765, 3769, 3774, 834, 6.083, 54.94, 2.20, 6.083, 54.85, 2.26, 0.012, 326.10, 33.12);
insert into SHOT values (3766, 3769, 3775, 834, 8.107, 59.75, 1.55, 8.110, 59.70, 1.55, 0.007, 355.96, 5.52);
insert into SHOT values (3767, 3769, 3776, 834, 9.541, 61.73, 1.64, 9.543, 61.72, 1.68, 0.008, 9.33, 67.01);
insert into SHOT values (3768, 3769, 3777, 834, 1.999, 7.90, -1.01, 1.999, 7.77, -0.86, 0.007, 273.38, 48.08);
insert into SHOT values (3769, 3769, 3778, 834, 2.584, 33.73, -1.02, 2.582, 33.63, -0.89, 0.008, 285.90, 51.44);
insert into SHOT values (3770, 3769, 3779, 834, 3.433, 47.50, -0.62, 3.433, 47.48, -0.67, 0.003, 311.94, -66.88);
insert into SHOT values (3771, 3769, 3780, 834, 4.762, 58.30, -0.29, 4.765, 58.21, -0.24, 0.009, 349.05, 27.61);
insert into SHOT values (3772, 3769, 3781, 834, 7.396, 62.71, 0.07, 7.393, 62.71, 0.08, 0.003, 248.78, 17.96);
insert into SHOT values (3773, 3769, 3782, 834, 8.866, 65.51, 0.23, 8.870, 65.49, 0.26, 0.007, 20.28, 41.34);
insert into SHOT values (3774, 3769, 3783, 834, 10.268, 67.93, 0.19, 10.264, 67.91, 0.22, 0.008, 288.53, 45.56);
insert into SHOT values (3775, 3769, 3784, 834, 10.349, 67.55, 0.31, 10.348, 67.50, 0.33, 0.010, 330.39, 23.70);
insert into SHOT values (3776, 3769, 3785, 834, 12.198, 69.94, 0.41, 12.193, 69.90, 0.42, 0.010, 308.28, 15.53);
insert into SHOT values (3777, 3769, 3786, 834, 1.675, 81.63, -0.23, 1.669, 81.38, 0.00, 0.012, 310.80, 35.47);
insert into SHOT values (3778, 3769, 3787, 834, 0.823, 329.74, 48.41, 0.833, 329.74, 48.13, 0.010, 329.98, 25.43);
insert into SHOT values (3779, 3787, 3788, 834, 4.024, 188.84, 9.20, 4.028, 188.82, 9.14, 0.006, 175.33, -34.13);
insert into SHOT values (3780, 3787, 3789, 834, 3.805, 163.92, 9.90, 3.813, 163.93, 9.82, 0.009, 168.07, -26.24);
insert into SHOT values (3781, 3787, 3790, 834, 4.519, 163.07, 10.76, 4.520, 163.12, 10.71, 0.005, 224.76, -42.31);
insert into SHOT values (3782, 3787, 3791, 834, 4.165, 154.36, 9.12, 4.168, 154.37, 9.11, 0.003, 169.27, -3.53);
insert into SHOT values (3783, 3787, 3792, 834, 9.834, 77.03, 0.47, 9.830, 77.07, 0.47, 0.008, 201.17, -4.97);
insert into SHOT values (3784, 3792, 3793, 834, 2.502, 340.02, -8.20, 2.503, 340.18, -8.27, 0.007, 66.93, -25.03);
insert into SHOT values (3785, 3792, 3794, 834, 3.078, 16.29, -7.20, 3.078, 16.36, -7.28, 0.006, 108.29, -49.25);
insert into SHOT values (3786, 3792, 3795, 834, 3.787, 34.44, -4.77, 3.789, 34.53, -4.85, 0.008, 112.81, -39.29);
insert into SHOT values (3787, 3792, 3796, 834, 5.610, 45.15, -3.39, 5.610, 45.14, -3.37, 0.002, 329.39, 74.24);
insert into SHOT values (3788, 3792, 3797, 834, 6.908, 52.63, -2.58, 6.913, 52.65, -2.57, 0.006, 76.64, 9.48);
insert into SHOT values (3789, 3792, 3798, 834, 7.241, 54.52, -2.47, 7.249, 54.55, -2.45, 0.009, 83.41, 12.76);
insert into SHOT values (3790, 3792, 3799, 834, 7.356, 55.00, -2.26, 7.366, 55.01, -2.26, 0.010, 66.11, 0.45);
insert into SHOT values (3791, 3792, 3800, 834, 1.695, 352.52, -15.19, 1.694, 352.61, -15.40, 0.007, 122.13, -59.25);
insert into SHOT values (3792, 3792, 3801, 834, 2.049, 27.25, -12.32, 2.051, 27.33, -12.39, 0.004, 84.26, -39.05);
insert into SHOT values (3793, 3792, 3802, 834, 2.753, 45.67, -8.83, 2.755, 45.74, -8.77, 0.005, 103.63, 31.84);
insert into SHOT values (3794, 3792, 3803, 834, 3.753, 55.28, -6.45, 3.760, 55.25, -6.41, 0.008, 38.92, 11.85);
insert into SHOT values (3795, 3792, 3804, 834, 5.997, 60.06, -3.69, 6.002, 60.05, -3.73, 0.007, 52.93, -38.16);
insert into SHOT values (3796, 3792, 3805, 834, 7.470, 60.64, -2.78, 7.477, 60.65, -2.76, 0.008, 76.28, 17.34);
insert into SHOT values (3797, 3792, 3806, 834, 2.089, 225.29, -4.41, 2.085, 225.39, -4.40, 0.005, 2.12, 6.75);
insert into SHOT values (3798, 3792, 3807, 834, 1.276, 180.20, -4.82, 1.275, 180.00, -4.95, 0.005, 71.52, -30.80);
insert into SHOT values (3799, 3792, 3808, 834, 1.588, 145.13, -1.18, 1.587, 145.01, -1.08, 0.004, 41.53, 37.96);
insert into SHOT values (3800, 3792, 3809, 834, 2.781, 110.71, -1.16, 2.789, 110.58, -1.23, 0.010, 70.63, -20.72);
insert into SHOT values (3801, 3792, 3810, 834, 4.549, 95.02, -0.47, 4.558, 95.04, -0.50, 0.009, 103.08, -16.92);
insert into SHOT values (3802, 3792, 3811, 834, 6.573, 85.09, -0.88, 6.575, 85.11, -0.87, 0.003, 143.62, 16.54);
insert into SHOT values (3803, 3792, 3812, 834, 4.022, 200.88, 8.28, 4.020, 200.76, 8.29, 0.009, 98.61, 5.23);
insert into SHOT values (3804, 3792, 3813, 834, 3.439, 165.12, 8.73, 3.436, 164.98, 8.71, 0.009, 53.92, -12.64);
insert into SHOT values (3805, 3792, 3814, 834, 3.134, 125.65, 6.89, 3.133, 125.58, 6.78, 0.007, 26.83, -57.55);
insert into SHOT values (3806, 3792, 3815, 834, 5.036, 97.91, 3.15, 5.045, 97.87, 3.18, 0.010, 78.32, 18.73);
insert into SHOT values (3807, 3792, 3816, 834, 7.117, 87.27, 1.36, 7.120, 87.26, 1.37, 0.003, 71.05, 18.39);
insert into SHOT values (3808, 3792, 3817, 834, 11.437, 84.36, 1.58, 11.440, 84.33, 1.55, 0.009, 23.11, -37.84);
insert into SHOT values (3809, 3792, 3818, 834, 9.054, 78.48, 1.26, 9.055, 78.47, 1.27, 0.002, 14.15, 21.90);
insert into SHOT values (3810, 3818, 3819, 834, 2.991, 343.50, -9.76, 2.993, 343.65, -9.81, 0.009, 62.96, -20.07);
insert into SHOT values (3811, 3818, 3820, 834, 3.266, 354.35, -8.82, 3.263, 354.48, -8.81, 0.008, 102.33, 5.59);
insert into SHOT values (3812, 3818, 3821, 834, 3.217, 2.40, -8.33, 3.218, 2.52, -8.40, 0.008, 92.30, -30.31);
insert into SHOT values (3813, 3818, 3822, 834, 3.663, 11.07, -8.03, 3.664, 11.12, -8.00, 0.004, 83.69, 25.02);
insert into SHOT values (3814, 3818, 3823, 834, 4.133, 21.62, -7.12, 4.134, 21.75, -7.09, 0.010, 106.27, 13.69);
insert into SHOT values (3815, 3818, 3824, 834, 4.694, 26.32, -6.33, 4.693, 26.35, -6.36, 0.003, 139.77, -47.12);
insert into SHOT values (3816, 3818, 3825, 834, 5.272, 32.92, -5.49, 5.281, 32.96, -5.54, 0.011, 59.09, -31.01);
insert into SHOT values (3817, 3818, 3826, 834, 0.521, 83.60, -41.56, 0.526, 84.14, -41.76, 0.006, 143.22, -45.32);
insert into SHOT values (3818, 3818, 3827, 834, 0.955, 76.98, -20.47, 0.964, 77.20, -20.64, 0.010, 100.73, -35.46);
insert into SHOT values (3819, 3818, 3828, 834, 2.007, 74.01, -10.67, 2.010, 74.13, -10.61, 0.005, 129.62, 17.07);
insert into SHOT values (3820, 3818, 3829, 834, 2.855, 70.98, -7.08, 2.855, 71.05, -7.04, 0.004, 156.59, 27.30);
insert into SHOT values (3821, 3818, 3830, 834, 4.638, 70.33, -5.54, 4.640, 70.39, -5.57, 0.005, 141.97, -24.36);
insert into SHOT values (3822, 3818, 3831, 834, 1.568, 164.14, 3.67, 1.573, 164.10, 3.64, 0.005, 153.84, -3.94);
insert into SHOT values (3823, 3818, 3832, 834, 1.911, 134.72, 7.64, 1.912, 134.57, 7.52, 0.006, 56.97, -39.22);
insert into SHOT values (3824, 3818, 3833, 834, 2.572, 103.99, -1.06, 2.576, 103.93, -1.11, 0.006, 70.59, -25.84);
insert into SHOT values (3825, 3818, 3834, 834, 3.826, 91.53, -2.88, 3.826, 91.50, -2.85, 0.003, 5.55, 48.11);
insert into SHOT values (3826, 3818, 3835, 834, 6.111, 84.80, -2.54, 6.111, 84.83, -2.53, 0.003, 177.71, 13.70);
insert into SHOT values (3827, 3818, 3836, 834, 8.253, 81.69, -2.30, 8.253, 81.70, -2.29, 0.002, 172.80, 32.20);
insert into SHOT values (3828, 3818, 3837, 834, 9.113, 80.44, -2.21, 9.113, 80.45, -2.20, 0.003, 174.01, 30.04);
insert into SHOT values (3829, 3818, 3838, 834, 7.076, 73.44, -1.52, 7.077, 73.41, -1.54, 0.004, 358.56, -30.83);
insert into SHOT values (3830, 3838, 3839, 834, 3.650, 339.96, -4.40, 3.649, 340.07, -4.40, 0.007, 81.12, 0.19);
insert into SHOT values (3831, 3838, 3840, 834, 3.558, 349.70, -4.55, 3.557, 349.77, -4.51, 0.005, 84.91, 28.10);
insert into SHOT values (3832, 3838, 3841, 834, 3.613, 0.48, -4.55, 3.612, 0.48, -4.61, 0.004, 185.49, -66.18);
insert into SHOT values (3833, 3838, 3842, 834, 5.191, 30.24, -3.12, 5.184, 30.28, -3.10, 0.008, 182.84, 17.54);
insert into SHOT values (3834, 3838, 3843, 834, 6.604, 40.35, -2.08, 6.609, 40.39, -2.08, 0.007, 87.17, -2.50);
insert into SHOT values (3835, 3838, 3844, 834, 7.607, 44.68, -1.68, 7.605, 44.73, -1.66, 0.008, 152.15, 21.89);
insert into SHOT values (3836, 3838, 3845, 834, 1.875, 226.53, -9.00, 1.876, 226.31, -8.89, 0.008, 146.02, 24.91);
insert into SHOT values (3837, 3838, 3846, 834, 1.720, 264.24, -9.73, 1.713, 264.22, -9.75, 0.007, 88.69, 5.88);
insert into SHOT values (3838, 3838, 3847, 834, 1.011, 129.25, -17.04, 1.018, 129.58, -17.13, 0.009, 170.21, -23.62);
insert into SHOT values (3839, 3838, 3848, 834, 2.772, 94.61, -5.70, 2.774, 94.78, -5.79, 0.010, 175.69, -29.29);
insert into SHOT values (3840, 3838, 3849, 834, 4.749, 87.92, -2.95, 4.749, 87.95, -2.90, 0.005, 169.08, 63.30);
insert into SHOT values (3841, 3838, 3850, 834, 7.031, 81.33, -1.83, 7.034, 81.33, -1.79, 0.005, 78.15, 56.83);
insert into SHOT values (3842, 3838, 3851, 834, 2.555, 140.39, 7.75, 2.558, 140.28, 7.64, 0.007, 86.27, -37.54);
insert into SHOT values (3843, 3838, 3852, 834, 2.929, 114.54, 6.50, 2.932, 114.54, 6.46, 0.003, 116.56, -27.60);
insert into SHOT values (3844, 3838, 3853, 834, 3.885, 88.75, 3.63, 3.889, 88.82, 3.69, 0.007, 141.13, 34.22);
insert into SHOT values (3845, 3838, 3854, 834, 3.673, 87.95, 3.64, 3.679, 87.97, 3.58, 0.008, 99.69, -24.95);
insert into SHOT values (3846, 3838, 3855, 834, 5.450, 88.24, 1.78, 5.455, 88.32, 1.79, 0.009, 144.71, 4.53);
insert into SHOT values (3847, 3838, 3856, 834, 1.701, 111.23, -2.62, 1.708, 111.30, -2.68, 0.008, 127.67, -16.26);
insert into SHOT values (3848, 3856, 3857, 834, 11.502, 69.16, 0.44, 11.502, 69.17, 0.45, 0.003, 156.31, 38.66);
insert into SHOT values (3849, 3857, 3858, 834, 3.629, 320.55, -2.75, 3.634, 320.48, -2.68, 0.008, 278.49, 31.08);
insert into SHOT values (3850, 3857, 3859, 834, 3.408, 337.44, -2.97, 3.416, 337.42, -3.02, 0.009, 328.83, -22.62);
insert into SHOT values (3851, 3857, 3860, 834, 3.233, 354.55, -3.15, 3.240, 354.50, -3.18, 0.008, 332.48, -17.80);
insert into SHOT values (3852, 3857, 3861, 834, 3.363, 10.97, -2.96, 3.366, 10.98, -2.90, 0.005, 17.86, 50.70);
insert into SHOT values (3853, 3857, 3862, 834, 4.194, 26.94, -2.61, 4.199, 26.93, -2.59, 0.005, 20.64, 10.45);
insert into SHOT values (3854, 3857, 3863, 834, 4.524, 34.12, -2.04, 4.526, 34.01, -2.03, 0.009, 319.78, 6.40);
insert into SHOT values (3855, 3857, 3864, 834, 5.046, 40.22, -1.68, 5.041, 40.17, -1.71, 0.007, 258.93, -16.38);
insert into SHOT values (3856, 3857, 3865, 834, 5.905, 43.88, -1.36, 5.907, 43.83, -1.36, 0.005, 339.10, 1.65);
insert into SHOT values (3857, 3857, 3866, 834, 6.478, 46.68, -1.18, 6.481, 46.63, -1.15, 0.008, 343.57, 26.58);
insert into SHOT values (3858, 3857, 3867, 834, 2.384, 217.82, 7.59, 2.380, 217.94, 7.73, 0.009, 351.59, 36.92);
insert into SHOT values (3859, 3857, 3868, 834, 1.850, 169.80, 14.11, 1.845, 169.70, 14.12, 0.006, 21.23, -9.10);
insert into SHOT values (3860, 3857, 3869, 834, 2.895, 120.24, 15.48, 2.892, 120.15, 15.44, 0.006, 356.16, -27.78);
insert into SHOT values (3861, 3857, 3870, 834, 4.185, 99.97, 6.13, 4.187, 99.96, 6.17, 0.004, 77.73, 59.87);
insert into SHOT values (3862, 3857, 3871, 834, 5.637, 87.55, 2.80, 5.632, 87.55, 2.85, 0.007, 261.93, 41.85);
insert into SHOT values (3863, 3857, 3872, 834, 7.931, 80.96, 0.93, 7.930, 80.93, 0.94, 0.004, 339.89, 16.84);
insert into SHOT values (3864, 3857, 3873, 834, 13.844, 78.35, 1.00, 13.838, 78.32, 0.99, 0.008, 305.31, -11.07);
insert into SHOT values (3865, 3857, 3874, 834, 1.201, 209.42, -11.16, 1.196, 209.62, -11.09, 0.007, 349.09, 20.79);
insert into SHOT values (3866, 3857, 3875, 834, 0.888, 154.05, -13.97, 0.880, 154.33, -13.81, 0.010, 304.37, 26.99);
insert into SHOT values (3867, 3857, 3876, 834, 2.383, 95.05, -4.67, 2.377, 95.08, -4.58, 0.007, 260.79, 34.03);
insert into SHOT values (3868, 3857, 3877, 834, 4.630, 85.35, -2.12, 4.629, 85.29, -2.10, 0.005, 341.83, 13.97);
insert into SHOT values (3869, 3857, 3878, 834, 6.963, 79.25, -1.23, 6.964, 79.24, -1.23, 0.002, 27.99, -17.68);
insert into SHOT values (3870, 3857, 3879, 834, 9.325, 75.57, 1.49, 9.329, 75.53, 1.47, 0.008, 17.94, -18.70);
insert into SHOT values (3871, 3879, 3880, 834, 3.875, 344.86, -5.02, 3.870, 344.81, -5.04, 0.006, 196.20, -8.22);
insert into SHOT values (3872, 3879, 3881, 834, 3.605, 16.96, -4.97, 3.598, 16.87, -4.94, 0.010, 235.36, 14.06);
insert into SHOT values (3873, 3879, 3882, 834, 4.043, 26.09, -4.53, 4.042, 26.06, -4.54, 0.003, 276.79, -15.36);
insert into SHOT values (3874, 3879, 3883, 834, 4.619, 29.63, -4.44, 4.613, 29.57, -4.35, 0.011, 246.19, 45.84);
insert into SHOT values (3875, 3879, 3884, 834, 2.195, 235.87, 5.76, 2.199, 235.80, 5.74, 0.005, 205.68, -3.26);
insert into SHOT values (3876, 3879, 3885, 834, 1.473, 188.25, 8.79, 1.473, 188.30, 8.98, 0.005, 299.42, 75.19);
insert into SHOT values (3877, 3879, 3886, 834, 1.689, 106.74, 5.99, 1.683, 107.03, 6.14, 0.011, 234.25, 19.47);
insert into SHOT values (3878, 3879, 3887, 834, 2.482, 91.03, -0.24, 2.481, 91.16, -0.23, 0.006, 196.27, 4.03);
insert into SHOT values (3879, 3879, 3888, 834, 4.388, 83.78, -0.64, 4.386, 83.85, -0.65, 0.006, 199.22, -9.74);
insert into SHOT values (3880, 3879, 3889, 834, 1.231, 233.50, -16.52, 1.237, 233.23, -16.44, 0.008, 189.28, 0.25);
insert into SHOT values (3881, 3879, 3890, 834, 0.816, 97.79, -26.21, 0.811, 97.91, -26.35, 0.005, 261.75, 4.20);
insert into SHOT values (3882, 3879, 3891, 834, 1.833, 80.63, -11.00, 1.827, 80.70, -11.04, 0.006, 240.87, -2.33);
insert into SHOT values (3883, 3879, 3892, 834, 3.421, 74.41, -5.95, 3.412, 74.45, -5.89, 0.010, 238.78, 28.18);
insert into SHOT values (3884, 3879, 3893, 834, 5.203, 73.84, -3.43, 5.193, 73.87, -3.42, 0.010, 236.73, 7.27);
insert into SHOT values (3885, 3879, 3894, 834, 5.944, 76.31, -0.72, 5.938, 76.36, -0.68, 0.009, 214.88, 29.90);
insert into SHOT values (3886, 3879, 3895, 834, 3.916, 25.23, -4.41, 3.912, 25.19, -4.40, 0.005, 245.23, 13.42);
insert into SHOT values (3887, 3895, 3896, 834, 3.203, 167.29, 0.35, 3.207, 167.39, 0.36, 0.007, 220.41, 3.41);
insert into SHOT values (3888, 3895, 3897, 834, 3.383, 167.79, 1.65, 3.387, 167.89, 1.69, 0.008, 226.79, 19.88);
insert into SHOT values (3889, 3895, 3898, 834, 3.606, 167.70, 3.22, 3.609, 167.66, 3.18, 0.005, 128.02, -33.83);
insert into SHOT values (3890, 3895, 3899, 834, 3.761, 169.13, 5.32, 3.764, 169.08, 5.34, 0.005, 122.45, 16.07);
insert into SHOT values (3891, 3895, 3900, 834, 3.744, 169.40, 5.22, 3.750, 169.35, 5.20, 0.007, 141.44, -5.45);
insert into SHOT values (3892, 3895, 3901, 834, 1.592, 170.19, 6.29, 1.593, 170.18, 6.49, 0.006, 152.75, 81.70);
insert into SHOT values (3893, 3895, 3902, 834, 1.303, 165.92, 13.61, 1.306, 165.85, 13.73, 0.004, 130.73, 53.48);
insert into SHOT values (3894, 3895, 3903, 834, 1.087, 166.37, 34.70, 1.089, 166.43, 34.71, 0.002, 201.86, 36.46);
insert into SHOT values (3895, 3895, 3904, 834, 0.902, 168.19, 47.53, 0.907, 168.69, 47.60, 0.008, 230.33, 37.61);
insert into SHOT values (3896, 3895, 3905, 834, 0.847, 160.27, 65.17, 0.850, 160.56, 64.91, 0.005, 180.83, 14.01);
insert into SHOT values (3897, 3895, 3906, 834, 0.823, 185.62, 74.83, 0.830, 185.19, 74.56, 0.008, 169.13, 44.53);
insert into SHOT values (3898, 3895, 3907, 834, 5.799, 96.61, 2.54, 5.795, 96.65, 2.57, 0.006, 236.49, 27.59);
insert into SHOT values (3899, 3907, 3908, 834, 3.960, 291.15, -2.61, 3.961, 291.18, -2.60, 0.003, 348.11, 6.77);
insert into SHOT values (3900, 3907, 3909, 834, 1.550, 313.39, -3.19, 1.545, 313.42, -3.34, 0.007, 124.00, -33.80);
insert into SHOT values (3901, 3907, 3910, 834, 2.342, 333.78, -5.48, 2.341, 333.76, -5.64, 0.006, 178.85, -77.49);
insert into SHOT values (3902, 3907, 3911, 834, 2.583, 4.18, -5.62, 2.579, 4.24, -5.56, 0.005, 144.73, 32.76);
insert into SHOT values (3903, 3907, 3912, 834, 3.263, 31.05, -3.95, 3.265, 31.05, -4.04, 0.005, 41.15, -73.61);
insert into SHOT values (3904, 3907, 3913, 834, 4.924, 45.74, -2.38, 4.926, 45.82, -2.44, 0.009, 118.62, -36.30);
insert into SHOT values (3905, 3907, 3914, 834, 6.548, 49.28, -2.02, 6.549, 49.28, -2.01, 0.001, 20.20, 38.80);
insert into SHOT values (3906, 3907, 3915, 834, 7.408, 53.36, -1.48, 7.415, 53.39, -1.47, 0.008, 86.77, 9.65);
insert into SHOT values (3907, 3907, 3916, 834, 4.900, 238.72, -0.24, 4.891, 238.71, -0.23, 0.009, 61.36, 3.43);
insert into SHOT values (3908, 3907, 3917, 834, 1.425, 213.71, 1.25, 1.420, 213.80, 1.21, 0.005, 7.37, -11.88);
insert into SHOT values (3909, 3907, 3918, 834, 0.958, 160.23, 4.28, 0.961, 159.86, 4.18, 0.007, 98.16, -12.19);
insert into SHOT values (3910, 3907, 3919, 834, 1.243, 105.35, 4.14, 1.248, 105.38, 4.14, 0.005, 112.26, 3.12);
insert into SHOT values (3911, 3907, 3920, 834, 1.724, 85.61, -1.12, 1.725, 85.68, -1.33, 0.007, 144.60, -69.19);
insert into SHOT values (3912, 3907, 3921, 834, 1.217, 239.62, -11.88, 1.210, 239.53, -11.93, 0.008, 72.72, 3.95);
insert into SHOT values (3913, 3907, 3922, 834, 5.383, 246.10, -2.20, 5.376, 246.06, -2.24, 0.009, 95.07, -23.26);
insert into SHOT values (3914, 3907, 3923, 834, 1.271, 76.51, -11.19, 1.279, 76.63, -11.27, 0.008, 96.54, -23.72);
insert into SHOT values (3915, 3907, 3924, 834, 2.310, 74.31, -5.86, 2.317, 74.40, -5.94, 0.009, 100.68, -27.93);
insert into SHOT values (3916, 3907, 3925, 834, 7.026, 66.60, 0.47, 7.028, 66.61, 0.49, 0.003, 98.68, 48.14);
insert into SHOT values (3917, 3925, 3926, 834, 1.453, 357.03, -7.51, 1.454, 357.22, -7.51, 0.005, 73.25, -1.11);
insert into SHOT values (3918, 3925, 3927, 834, 3.454, 206.12, -2.87, 3.457, 206.12, -2.98, 0.008, 206.39, -67.49);
insert into SHOT values (3919, 3925, 3928, 834, 2.165, 180.59, -5.81, 2.161, 180.53, -5.84, 0.004, 29.86, -10.92);
insert into SHOT values (3920, 3925, 3929, 834, 1.940, 135.68, -6.00, 1.942, 135.63, -6.21, 0.007, 79.91, -74.25);
insert into SHOT values (3921, 3925, 3930, 834, 2.678, 109.88, -4.86, 2.680, 109.93, -4.92, 0.004, 166.41, -48.96);
insert into SHOT values (3922, 3925, 3931, 834, 4.881, 87.76, -2.69, 4.879, 87.77, -2.70, 0.002, 252.27, -24.93);
insert into SHOT values (3923, 3925, 3932, 834, 5.732, 87.15, -0.46, 5.738, 87.10, -0.50, 0.008, 46.78, -28.80);
insert into SHOT values (3924, 3925, 3933, 834, 4.518, 93.43, -1.16, 4.519, 93.43, -1.27, 0.009, 78.03, -83.07);
insert into SHOT values (3925, 3925, 3934, 834, 2.216, 130.37, 0.04, 2.214, 130.24, 0.00, 0.006, 17.36, -15.47);
insert into SHOT values (3926, 3925, 3935, 834, 2.889, 181.69, 1.64, 2.892, 181.59, 1.59, 0.007, 123.77, -23.43);
insert into SHOT values (3927, 3925, 3936, 834, 3.172, 102.92, -2.05, 3.173, 102.94, -2.17, 0.007, 167.48, -78.90);
insert into SHOT values (3928, 3936, 3937, 834, 3.174, 342.66, -1.29, 3.173, 342.76, -1.26, 0.006, 79.93, 13.95);
insert into SHOT values (3929, 3936, 3938, 834, 2.854, 356.21, -1.57, 2.857, 356.19, -1.60, 0.004, 337.11, -26.66);
insert into SHOT values (3930, 3936, 3939, 834, 3.546, 25.28, -1.05, 3.552, 25.34, -0.97, 0.009, 55.47, 34.41);
insert into SHOT values (3931, 3936, 3940, 834, 3.879, 38.25, -0.82, 3.881, 38.20, -0.74, 0.007, 343.56, 52.57);
insert into SHOT values (3932, 3936, 3941, 834, 2.948, 53.74, -1.12, 2.955, 53.67, -0.97, 0.011, 26.67, 45.40);
insert into SHOT values (3933, 3936, 3942, 834, 3.437, 64.29, -0.58, 3.440, 64.33, -0.50, 0.006, 105.88, 53.35);
insert into SHOT values (3934, 3936, 3943, 834, 1.741, 68.62, -1.23, 1.742, 68.44, -0.99, 0.009, 351.53, 53.23);
insert into SHOT values (3935, 3936, 3944, 834, 0.561, 79.46, -8.28, 0.565, 79.70, -8.14, 0.005, 110.24, 9.97);
insert into SHOT values (3936, 3925, 3945, 834, 2.679, 209.62, -1.68, 2.679, 209.53, -1.71, 0.004, 120.70, -19.74);
insert into SHOT values (3937, 3945, 3946, 834, 2.902, 209.73, 19.26, 2.901, 209.74, 19.11, 0.007, 234.55, -76.41);
insert into SHOT values (3938, 3946, 3947, 834, 1.997, 52.92, -18.33, 1.997, 52.71, -18.09, 0.011, 341.52, 47.31);
insert into SHOT values (3939, 3946, 3948, 834, 1.515, 66.59, -13.13, 1.512, 66.39, -12.99, 0.007, 313.97, 37.14);
insert into SHOT values (3940, 3946, 3949, 834, 1.779, 332.90, -24.36, 1.784, 332.96, -24.15, 0.008, 346.73, 26.72);
insert into SHOT values (3941, 3946, 3950, 834, 1.549, 311.89, -21.83, 1.546, 311.90, -21.63, 0.006, 102.39, 85.72);
insert into SHOT values (3942, 3946, 3951, 834, 0.988, 262.99, -5.13, 0.991, 263.02, -4.63, 0.009, 271.78, 68.32);
insert into SHOT values (3943, 3946, 3952, 834, 3.796, 206.58, 9.85, 3.790, 206.57, 9.87, 0.006, 35.81, 6.02);
insert into SHOT values (3944, 3952, 3953, 834, 0.206, 210.73, -78.98, 0.203, 213.69, -79.78, 0.004, 1.80, 29.76);
insert into SHOT values (3945, 3952, 3954, 834, 1.395, 95.47, -5.59, 1.392, 95.38, -5.36, 0.007, 318.78, 62.20);
insert into SHOT values (3946, 3952, 3955, 834, 2.488, 96.36, 2.03, 2.487, 96.47, 2.07, 0.005, 193.94, 21.58);
insert into SHOT values (3947, 3952, 3956, 834, 2.313, 95.23, 5.87, 2.312, 95.24, 5.96, 0.004, 257.58, 68.96);
insert into SHOT values (3948, 3952, 3957, 834, 1.073, 93.26, 7.01, 1.071, 93.24, 7.51, 0.010, 279.65, 69.95);
insert into SHOT values (3949, 3952, 3958, 834, 0.662, 91.56, 19.59, 0.662, 91.85, 20.34, 0.009, 228.74, 60.28);
insert into SHOT values (3950, 3952, 3959, 834, 0.219, 83.14, 46.24, 0.220, 82.41, 46.60, 0.003, 348.60, 43.23);
insert into SHOT values (3951, 3952, 3960, 834, 3.671, 64.81, -4.65, 3.671, 64.77, -4.53, 0.008, 340.42, 69.63);
insert into SHOT values (3952, 3952, 3961, 834, 2.772, 76.65, -3.17, 2.769, 76.62, -3.11, 0.005, 287.00, 46.71);
insert into SHOT values (3953, 3952, 3962, 834, 3.006, 70.54, -3.76, 2.998, 70.47, -3.63, 0.011, 274.81, 40.99);
insert into SHOT values (3954, 3952, 3963, 834, 2.550, 91.23, 0.88, 2.551, 91.12, 0.90, 0.005, 10.67, 9.90);
insert into SHOT values (3955, 3952, 3964, 834, 2.557, 101.15, 3.94, 2.554, 101.09, 4.04, 0.006, 319.41, 44.91);
insert into SHOT values (3956, 3952, 3965, 834, 3.070, 330.15, -10.55, 3.075, 330.04, -10.49, 0.008, 286.59, 14.49);
insert into SHOT values (3957, 3952, 3966, 834, 2.298, 115.02, 8.14, 2.297, 114.99, 8.26, 0.005, 326.54, 61.48);
insert into SHOT values (3958, 3952, 3967, 834, 2.684, 134.61, 11.32, 2.683, 134.69, 11.39, 0.005, 243.75, 38.28);
insert into SHOT values (3959, 3952, 3968, 834, 3.209, 147.40, 12.66, 3.209, 147.53, 12.78, 0.010, 251.50, 42.62);
insert into SHOT values (3960, 3952, 3969, 834, 4.293, 161.78, 14.35, 4.294, 161.78, 14.43, 0.006, 320.61, 83.55);
insert into SHOT values (3961, 3952, 3970, 834, 1.181, 156.13, 18.92, 1.181, 156.19, 19.28, 0.008, 307.91, 69.40);
insert into SHOT values (3962, 3970, 3971, 834, 3.607, 274.60, 2.48, 3.605, 274.62, 2.38, 0.006, 63.10, -69.59);
insert into SHOT values (3963, 3970, 3972, 834, 1.591, 292.83, -4.85, 1.588, 292.68, -5.06, 0.008, 167.62, -46.51);
insert into SHOT values (3964, 3970, 3973, 834, 6.411, 257.30, 4.57, 6.418, 257.27, 4.56, 0.008, 228.98, -6.07);
insert into SHOT values (3965, 3970, 3974, 834, 2.549, 247.46, 6.20, 2.547, 247.48, 6.08, 0.005, 19.88, -74.20);
insert into SHOT values (3966, 3970, 3975, 834, 7.227, 244.96, 7.48, 7.224, 244.97, 7.48, 0.004, 35.10, -13.08);
insert into SHOT values (3967, 3970, 3976, 834, 3.332, 242.27, 5.60, 3.334, 242.35, 5.51, 0.008, 302.37, -42.35);
insert into SHOT values (3968, 3970, 3977, 834, 3.105, 239.02, 4.52, 3.113, 238.97, 4.42, 0.010, 222.98, -27.20);
insert into SHOT values (3969, 3970, 3978, 834, 2.194, 280.69, 0.80, 2.199, 280.75, 0.78, 0.005, 305.73, -6.84);
insert into SHOT values (3970, 3970, 3979, 834, 1.135, 330.13, -16.91, 1.133, 330.12, -16.93, 0.002, 153.35, 4.19);
insert into SHOT values (3971, 3970, 3980, 834, 1.041, 324.19, -11.61, 1.045, 324.14, -11.59, 0.005, 312.32, -6.26);
insert into SHOT values (3972, 3970, 3981, 834, 1.971, 331.59, -19.85, 1.970, 331.64, -19.88, 0.002, 106.61, -18.79);
insert into SHOT values (3973, 3970, 3982, 834, 2.881, 226.01, 4.87, 2.888, 225.99, 4.77, 0.009, 217.10, -30.29);
insert into SHOT values (3974, 3970, 3983, 834, 2.988, 218.11, 6.60, 2.990, 218.03, 6.53, 0.006, 157.52, -35.02);
insert into SHOT values (3975, 3970, 3984, 834, 2.956, 56.45, -9.10, 2.953, 56.47, -9.16, 0.005, 218.82, -31.70);
insert into SHOT values (3976, 3970, 3985, 834, 1.817, 138.62, 6.91, 1.820, 138.81, 6.94, 0.007, 200.26, 11.33);
insert into SHOT values (3977, 3970, 3986, 834, 2.630, 161.32, 10.10, 2.627, 161.28, 10.08, 0.003, 13.67, -22.56);
insert into SHOT values (3978, 3970, 3987, 834, 3.281, 209.94, 8.68, 3.280, 209.96, 8.59, 0.005, 295.39, -74.92);
insert into SHOT values (3979, 3987, 3988, 834, 2.672, 87.99, 5.63, 2.674, 88.06, 5.58, 0.005, 142.46, -27.24);
insert into SHOT values (3980, 3987, 3989, 834, 2.659, 107.65, 10.43, 2.659, 107.81, 10.40, 0.008, 195.46, -10.49);
insert into SHOT values (3981, 3987, 3990, 834, 2.881, 131.38, 14.72, 2.879, 131.36, 14.69, 0.003, 337.81, -44.06);
insert into SHOT values (3982, 3987, 3991, 834, 3.107, 143.04, 15.83, 3.110, 143.02, 15.86, 0.004, 118.92, 38.35);
insert into SHOT values (3983, 3987, 3992, 834, 0.763, 215.70, 18.29, 0.763, 215.45, 18.33, 0.003, 121.48, 9.71);
insert into SHOT values (3984, 3987, 3993, 834, 1.563, 207.79, 15.49, 1.561, 207.76, 15.61, 0.004, 41.78, 37.38);
insert into SHOT values (3985, 3987, 3994, 834, 1.907, 206.47, 15.24, 1.909, 206.43, 15.18, 0.003, 178.05, -23.50);
insert into SHOT values (3986, 3987, 3995, 834, 4.367, 170.03, 15.19, 4.368, 170.02, 15.27, 0.006, 21.86, 81.73);
insert into SHOT values (3987, 3987, 3996, 834, 2.051, 181.58, 19.92, 2.054, 181.48, 19.93, 0.004, 127.80, 16.85);
insert into SHOT values (3988, 3996, 3997, 834, 2.231, 117.97, 5.92, 2.231, 117.95, 5.92, 0.001, 7.15, -7.76);
insert into SHOT values (3989, 3996, 3998, 834, 2.030, 136.92, 7.16, 2.025, 137.02, 7.09, 0.007, 281.26, -27.35);
insert into SHOT values (3990, 3996, 3999, 834, 2.534, 161.08, 7.78, 2.537, 161.20, 7.70, 0.007, 219.48, -25.14);
insert into SHOT values (3991, 3996, 4000, 834, 3.222, 175.72, 11.27, 3.221, 175.82, 11.28, 0.006, 280.24, 3.04);
insert into SHOT values (3992, 3996, 4001, 834, 4.646, 195.24, 10.48, 4.649, 195.22, 10.54, 0.005, 158.40, 64.84);
insert into SHOT values (3993, 3996, 4002, 834, 4.989, 203.42, 9.80, 4.990, 203.49, 9.81, 0.006, 281.30, 7.67);
insert into SHOT values (3994, 3996, 4003, 834, 3.857, 213.42, 8.27, 3.865, 213.48, 8.33, 0.010, 241.71, 30.53);
insert into SHOT values (3995, 3996, 4004, 834, 3.862, 221.29, 6.21, 3.863, 221.41, 6.24, 0.008, 306.32, 15.37);
insert into SHOT values (3996, 3996, 4005, 834, 3.930, 220.73, 4.47, 3.933, 220.76, 4.52, 0.005, 255.47, 45.57);
insert into SHOT values (3997, 3996, 4006, 834, 4.613, 229.28, 4.50, 4.616, 229.32, 4.47, 0.005, 271.28, -22.87);
insert into SHOT values (3998, 3996, 4007, 834, 4.795, 230.38, 5.02, 4.798, 230.35, 5.02, 0.004, 189.30, 5.99);
insert into SHOT values (3999, 3996, 4008, 834, 8.063, 236.70, 5.52, 8.067, 236.69, 5.55, 0.006, 210.41, 45.67);
insert into SHOT values (4000, 3996, 4009, 834, 4.811, 228.42, 6.83, 4.816, 228.48, 6.80, 0.007, 272.22, -17.49);
insert into SURVEY values (836, 594, 'balresur6', 'balresur6.BallyResCave.Cong', NULL);
 insert into CENTRELINE values (837, 836, NULL, NULL, NULL, 0.00, 0.00, 0.00);
 insert into SCRAPS values (838, 836, 'balresur6SP1', 1, 21.53416, 1.71325);
 insert into SCRAPS values (851, 836, 'balresur6SP2', 1, 3.40121, 0.30309);
 insert into SCRAPS values (858, 836, 'balresur6SE1', 4, 0.00000, 0.00000);
 insert into MAPS values (860, 836, 'balresur6M', NULL, 1, 17.198, -3.080);
 insert into MAPITEMS values (860, 4, 838);
 insert into MAPITEMS values (860, 4, 851);
 insert into MAPS values (861, 836, 'balresur6ME', NULL, 4, 0.000, 0.00);
 insert into MAPITEMS values (861, 4, 858);
 insert into CENTRELINE values (862, 836, NULL, '2014-08-25', NULL, 17.20, 0.00, 0.00);
 insert into TOPO values (6, 862);
 insert into TOPO values (8, 862);
 insert into SHOT values (4001, 4010, 4011, 862, 2.335, 21.10, -6.17, 2.340, 21.16, -6.13, 0.006, 45.87, 9.14);
insert into SHOT values (4002, 4010, 4012, 862, 3.407, 24.78, 0.55, 3.414, 24.76, 0.67, 0.010, 17.06, 45.58);
insert into SHOT values (4003, 4010, 4013, 862, 4.661, 28.05, 6.19, 4.663, 28.06, 6.28, 0.008, 65.75, 81.47);
insert into SHOT values (4004, 4010, 4014, 862, 2.688, 50.92, -4.22, 2.687, 50.91, -4.06, 0.008, 272.99, 83.17);
insert into SHOT values (4005, 4010, 4015, 862, 3.269, 45.38, -0.47, 3.274, 45.37, -0.35, 0.009, 40.06, 53.17);
insert into SHOT values (4006, 4010, 4016, 862, 4.097, 41.95, 3.45, 4.100, 42.03, 3.50, 0.007, 104.05, 28.31);
insert into SHOT values (4007, 4010, 4017, 862, 5.193, 33.01, 16.55, 5.197, 32.96, 16.55, 0.006, 342.08, 7.31);
insert into SHOT values (4008, 4017, 4018, 862, 1.224, 99.04, -12.15, 1.233, 99.07, -12.18, 0.009, 103.57, -15.63);
insert into SHOT values (4009, 4017, 4019, 862, 1.878, 75.81, -15.15, 1.879, 75.96, -15.11, 0.005, 149.49, 9.04);
insert into SHOT values (4010, 4017, 4020, 862, 2.826, 59.35, -15.91, 2.824, 59.47, -15.82, 0.007, 160.57, 38.74);
insert into SHOT values (4011, 4017, 4021, 862, 3.542, 48.88, -15.89, 3.544, 48.92, -15.88, 0.004, 95.74, -3.59);
insert into SHOT values (4012, 4017, 4022, 862, 4.106, 43.66, -15.35, 4.105, 43.77, -15.25, 0.010, 125.11, 41.24);
insert into SHOT values (4013, 4017, 4023, 862, 1.076, 5.92, -43.91, 1.071, 5.93, -43.71, 0.006, 177.04, 80.44);
insert into SHOT values (4014, 4017, 4024, 862, 2.004, 19.91, -24.86, 2.004, 19.93, -24.79, 0.003, 65.08, 70.43);
insert into SHOT values (4015, 4017, 4025, 862, 4.506, 25.86, -14.25, 4.508, 25.92, -14.25, 0.005, 90.38, -9.27);
insert into SHOT values (4016, 4017, 4026, 862, 2.895, 24.23, -14.17, 2.899, 24.38, -14.18, 0.008, 87.52, -9.19);
insert into SHOT values (4017, 4017, 4027, 862, 3.070, 40.11, -4.60, 3.075, 40.24, -4.48, 0.011, 92.80, 36.06);
insert into SHOT values (4018, 4027, 4028, 862, 1.786, 0.53, -25.68, 1.789, 0.36, -25.85, 0.008, 275.56, -50.99);
insert into SHOT values (4019, 4027, 4029, 862, 1.895, 10.63, -0.04, 1.891, 10.36, -0.30, 0.013, 255.43, -41.33);
insert into SHOT values (4020, 4027, 4030, 862, 1.880, 29.05, 1.46, 1.876, 29.02, 1.22, 0.009, 220.90, -63.61);
insert into SHOT values (4021, 4027, 4031, 862, 0.892, 292.31, -1.06, 0.897, 292.28, -1.28, 0.006, 286.41, -34.35);
insert into SHOT values (4022, 4027, 4032, 862, 2.773, 14.80, 9.44, 2.766, 14.65, 9.36, 0.011, 241.72, -25.88);
insert into SHOT values (4023, 4032, 4033, 862, 1.768, 147.41, -60.96, 1.773, 146.86, -60.98, 0.009, 68.23, -27.15);
insert into SHOT values (4024, 4032, 4034, 862, 1.656, 98.62, -61.76, 1.660, 98.75, -61.61, 0.006, 115.88, -10.68);
insert into SHOT values (4025, 4032, 4035, 862, 1.641, 49.16, -45.35, 1.650, 49.18, -45.18, 0.010, 52.26, -15.12);
insert into SHOT values (4026, 4032, 4036, 862, 2.582, 31.09, -26.22, 2.588, 31.09, -26.13, 0.008, 31.42, 5.92);
insert into SHOT values (4027, 4032, 4037, 862, 3.024, 26.25, -20.07, 3.028, 26.29, -20.08, 0.005, 55.92, -26.47);
insert into SHOT values (4028, 4032, 4038, 862, 1.016, 201.67, -65.62, 1.010, 201.04, -65.57, 0.007, 92.92, 47.97);
insert into SHOT values (4029, 4032, 4039, 862, 1.206, 17.03, -78.29, 1.207, 18.43, -77.90, 0.010, 54.35, 5.03);
insert into SHOT values (4030, 4032, 4040, 862, 2.038, 17.43, -42.65, 2.038, 17.47, -42.63, 0.001, 97.78, 37.43);
insert into SHOT values (4031, 4032, 4041, 862, 0.821, 0.17, -33.37, 0.824, 0.83, -33.11, 0.009, 61.34, 9.90);
insert into SHOT values (4032, 4041, 4042, 862, 4.983, 209.46, 13.82, 4.989, 209.42, 13.80, 0.007, 182.18, -2.50);
insert into SHOT values (4033, 4041, 4043, 862, 4.846, 218.54, 13.51, 4.851, 218.55, 13.47, 0.006, 223.53, -18.89);
insert into SHOT values (4034, 4041, 4044, 862, 5.577, 226.50, 11.74, 5.576, 226.48, 11.69, 0.005, 150.22, -72.26);
insert into SHOT values (4035, 4041, 4045, 862, 4.632, 232.90, 11.25, 4.636, 232.95, 11.19, 0.008, 273.49, -28.95);
insert into SHOT values (4036, 4041, 4046, 862, 4.986, 241.94, 9.90, 4.991, 241.98, 9.92, 0.006, 275.14, 26.10);
insert into SHOT values (4037, 4041, 4047, 862, 3.427, 257.75, 8.62, 3.435, 257.76, 8.54, 0.010, 263.22, -22.19);
insert into SHOT values (4038, 4041, 4048, 862, 3.874, 251.42, 8.93, 3.876, 251.42, 8.90, 0.003, 256.92, -28.41);
insert into SHOT values (4039, 4041, 4049, 862, 3.278, 260.12, 8.44, 3.284, 260.07, 8.40, 0.007, 237.17, -9.58);
insert into SHOT values (4040, 4041, 4050, 862, 3.063, 273.73, 5.90, 3.062, 273.76, 5.81, 0.005, 10.06, -69.18);
insert into SHOT values (4041, 4041, 4051, 862, 3.975, 281.99, 2.03, 3.978, 281.90, 2.02, 0.007, 218.50, -6.89);
insert into SHOT values (4042, 4041, 4052, 862, 4.837, 291.48, 0.02, 4.845, 291.43, 0.00, 0.009, 262.62, -10.61);
insert into SHOT values (4043, 4041, 4053, 862, 5.410, 296.60, -1.03, 5.412, 296.57, -1.06, 0.005, 240.13, -35.15);
insert into SHOT values (4044, 4041, 4054, 862, 6.481, 298.74, -2.52, 6.482, 298.70, -2.56, 0.007, 221.47, -49.42);
insert into SHOT values (4045, 4041, 4055, 862, 7.899, 301.18, -2.84, 7.897, 301.15, -2.83, 0.005, 184.06, 17.07);
insert into SHOT values (4046, 4041, 4056, 862, 7.904, 303.70, -3.48, 7.911, 303.69, -3.48, 0.007, 292.74, -1.89);
insert into SHOT values (4047, 4041, 4057, 862, 7.888, 307.08, -4.60, 7.893, 307.04, -4.58, 0.008, 265.75, 19.80);
insert into SHOT values (4048, 4041, 4058, 862, 6.346, 310.75, -5.25, 6.345, 310.70, -5.25, 0.006, 207.73, 6.76);
insert into SHOT values (4049, 4041, 4059, 862, 10.700, 315.36, -6.68, 10.701, 315.34, -6.71, 0.006, 237.28, -59.69);
insert into SHOT values (4050, 4041, 4060, 862, 11.448, 318.06, -6.98, 11.450, 318.03, -6.97, 0.006, 246.13, 11.55);
insert into SHOT values (4051, 4041, 4061, 862, 11.943, 320.40, -7.70, 11.947, 320.38, -7.70, 0.006, 277.81, 1.92);
insert into SHOT values (4052, 4041, 4062, 862, 8.896, 325.74, -8.00, 8.896, 325.73, -8.01, 0.002, 217.96, -59.95);
insert into SHOT values (4053, 4041, 4063, 862, 8.914, 328.59, -8.20, 8.915, 328.58, -8.19, 0.002, 272.39, 37.34);
insert into SHOT values (4054, 4041, 4064, 862, 6.365, 330.72, -7.81, 6.368, 330.67, -7.85, 0.008, 267.21, -40.88);
insert into SHOT values (4055, 4041, 4065, 862, 4.836, 334.74, -8.73, 4.833, 334.72, -8.69, 0.005, 184.40, 53.99);
insert into SHOT values (4056, 4041, 4066, 862, 4.115, 339.38, -9.57, 4.118, 339.38, -9.64, 0.006, 336.64, -67.51);
insert into SHOT values (4057, 4041, 4067, 862, 3.987, 348.83, -10.20, 3.988, 348.83, -10.26, 0.004, 28.29, -84.25);
insert into SHOT values (4058, 4041, 4068, 862, 3.652, 352.71, -10.40, 3.650, 352.64, -10.42, 0.005, 234.64, -8.27);
insert into SHOT values (4059, 4041, 4069, 862, 0.426, 75.06, 66.20, 0.423, 75.96, 67.08, 0.007, 234.68, 1.74);
insert into SHOT values (4060, 4069, 4070, 862, 3.588, 30.81, -57.43, 3.586, 30.81, -57.38, 0.004, 33.41, 71.19);
insert into SHOT values (4061, 4070, 4071, 862, 1.327, 207.00, 5.61, 1.329, 206.95, 5.18, 0.010, 187.78, -71.13);
insert into MAPS values (864, 594, 'BallyResCaveM', NULL, 1, 416.959, -5.220);
 insert into MAPITEMS values (864, 4, 626);
 insert into MAPITEMS values (864, 4, 640);
 insert into MAPITEMS values (864, 4, 658);
 insert into MAPITEMS values (864, 4, 706);
 insert into MAPITEMS values (864, 4, 832);
 insert into MAPITEMS values (864, 4, 860);
 insert into SURVEY values (867, 19, 'CatsHole', 'CatsHole.Cong', 'Cat''s Hole<br>Co. Mayo, Ireland');
 insert into CENTRELINE values (868, 867, NULL, NULL, NULL, 0.00, 0.00, 0.00);
 insert into SURVEY values (869, 867, 'catsMain', 'catsMain.CatsHole.Cong', 'Cat''s Cave<br>Co. Mayo, Ireland');
 insert into CENTRELINE values (870, 869, NULL, NULL, NULL, 0.00, 0.00, 0.00);
 insert into SCRAPS values (871, 869, 'catmainSP1', 1, 23.52531, 0.09099);
 insert into SCRAPS values (944, 869, 'catSX1.2', 2, 0.00000, 0.00000);
 insert into SCRAPS values (947, 869, 'catmainSX1.8', 2, 0.00000, 0.00000);
 insert into SCRAPS values (950, 869, 'catmainSP2', 1, 2.29366, 1.13234);
 insert into MAPS values (954, 869, 'catsMainM', NULL, 1, 63.190, -4.670);
 insert into MAPITEMS values (954, 4, 950);
 insert into MAPITEMS values (954, 4, 871);
 insert into CENTRELINE values (955, 869, NULL, '2014-08-28', NULL, 63.19, 0.00, 0.00);
 insert into PERSON values (11, 'Robert', 'Fishwick');
insert into TOPO values (11, 955);
 insert into TOPO values (9, 955);
 insert into TOPO values (10, 955);
 insert into SHOT values (4062, 4072, 4073, 955, 3.554, 172.83, -35.59, 3.557, 172.85, -35.59, 0.003, 195.19, -32.62);
insert into SHOT values (4063, 4072, 4074, 955, 3.287, 157.07, -34.50, 3.284, 156.94, -34.50, 0.007, 43.63, 14.80);
insert into SHOT values (4064, 4072, 4075, 955, 3.412, 144.81, -36.91, 3.412, 144.85, -36.93, 0.002, 259.87, -21.98);
insert into SHOT values (4065, 4072, 4076, 955, 2.796, 133.20, -37.72, 2.792, 133.16, -37.76, 0.005, 331.26, 7.48);
insert into SHOT values (4066, 4072, 4077, 955, 2.715, 130.82, -38.22, 2.710, 130.81, -38.30, 0.006, 316.23, -2.63);
insert into SHOT values (4067, 4072, 4078, 955, 2.505, 123.14, -41.54, 2.506, 123.27, -41.48, 0.005, 179.61, 13.34);
insert into SHOT values (4068, 4072, 4079, 955, 2.062, 105.99, -33.30, 2.062, 105.81, -33.22, 0.006, 34.22, 19.81);
insert into SHOT values (4069, 4072, 4080, 955, 2.182, 97.71, -25.09, 2.186, 97.84, -25.18, 0.007, 160.08, -42.60);
insert into SHOT values (4070, 4072, 4081, 955, 2.421, 94.49, -23.02, 2.421, 94.38, -23.11, 0.006, 342.99, -34.86);
insert into SHOT values (4071, 4072, 4082, 955, 2.565, 91.77, -21.19, 2.566, 91.68, -21.25, 0.005, 353.74, -35.89);
insert into SHOT values (4072, 4072, 4083, 955, 3.251, 83.42, -18.12, 3.251, 83.50, -18.10, 0.004, 171.86, 15.07);
insert into SHOT values (4073, 4072, 4084, 955, 3.647, 73.38, -18.17, 3.647, 73.40, -18.21, 0.003, 200.89, -67.69);
insert into SHOT values (4074, 4072, 4085, 955, 4.059, 68.09, -16.92, 4.056, 68.06, -16.91, 0.003, 289.78, 23.58);
insert into SHOT values (4075, 4072, 4086, 955, 4.659, 65.61, -14.16, 4.657, 65.54, -14.17, 0.006, 316.92, -2.41);
insert into SHOT values (4076, 4072, 4087, 955, 2.802, 358.57, -22.56, 2.803, 358.67, -22.44, 0.007, 54.57, 41.94);
insert into SHOT values (4077, 4072, 4088, 955, 2.964, 17.85, -19.45, 2.966, 17.92, -19.50, 0.004, 95.22, -42.89);
insert into SHOT values (4078, 4072, 4089, 955, 3.285, 29.47, -14.46, 3.283, 29.39, -14.46, 0.005, 277.59, 3.17);
insert into SHOT values (4079, 4072, 4090, 955, 4.091, 36.78, -11.59, 4.091, 36.78, -11.56, 0.002, 63.50, 76.22);
insert into SHOT values (4080, 4072, 4091, 955, 5.069, 39.99, -10.78, 5.073, 39.95, -10.79, 0.005, 357.71, -21.00);
insert into SHOT values (4081, 4072, 4092, 955, 5.844, 44.16, -10.63, 5.843, 44.15, -10.65, 0.003, 253.71, -51.38);
insert into SHOT values (4082, 4072, 4093, 955, 1.888, 41.03, -8.96, 1.887, 40.87, -8.84, 0.007, 306.39, 37.22);
insert into SHOT values (4083, 4093, 4094, 955, 1.359, 98.09, -52.97, 1.363, 98.43, -53.09, 0.007, 183.42, -46.54);
insert into SHOT values (4084, 4094, 4095, 955, 1.665, 340.43, -7.56, 1.669, 340.58, -7.58, 0.006, 30.46, -9.62);
insert into SHOT values (4085, 4094, 4096, 955, 1.633, 339.34, 9.27, 1.631, 339.65, 9.17, 0.009, 77.16, -19.10);
insert into SHOT values (4086, 4094, 4097, 955, 1.843, 338.90, 27.88, 1.840, 339.11, 27.86, 0.007, 88.83, -15.84);
insert into SHOT values (4087, 4094, 4098, 955, 2.444, 338.14, 44.90, 2.448, 338.32, 44.96, 0.007, 54.23, 40.81);
insert into SHOT values (4088, 4094, 4099, 955, 2.607, 336.75, 50.89, 2.602, 337.03, 50.93, 0.010, 96.17, -17.32);
insert into SHOT values (4089, 4094, 4100, 955, 2.369, 335.28, 55.90, 2.368, 335.56, 55.86, 0.007, 56.67, -14.56);
insert into SHOT values (4090, 4094, 4101, 955, 2.179, 328.50, 65.60, 2.185, 328.60, 65.61, 0.006, 7.22, 66.00);
insert into SHOT values (4091, 4094, 4102, 955, 2.110, 322.51, 70.68, 2.110, 323.13, 70.62, 0.008, 38.56, -8.59);
insert into SHOT values (4092, 4094, 4103, 955, 1.575, 313.93, 74.83, 1.574, 315.00, 74.90, 0.008, 59.29, -0.84);
insert into SHOT values (4093, 4094, 4104, 955, 1.397, 280.33, 80.23, 1.400, 279.87, 80.40, 0.005, 127.99, 38.61);
insert into SHOT values (4094, 4094, 4105, 955, 1.398, 200.61, 78.12, 1.400, 200.32, 78.13, 0.002, 115.51, 53.23);
insert into SHOT values (4095, 4094, 4106, 955, 1.702, 175.33, 64.19, 1.701, 175.36, 64.12, 0.003, 192.55, -56.53);
insert into SHOT values (4096, 4094, 4107, 955, 1.824, 170.28, 51.39, 1.827, 169.88, 51.49, 0.009, 76.61, 30.23);
insert into SHOT values (4097, 4094, 4108, 955, 1.578, 168.40, 41.48, 1.583, 168.31, 41.55, 0.006, 129.87, 57.96);
insert into SHOT values (4098, 4094, 4109, 955, 1.494, 166.87, 29.17, 1.495, 166.71, 29.22, 0.004, 83.37, 26.13);
insert into SHOT values (4099, 4094, 4110, 955, 1.458, 166.61, 19.22, 1.459, 166.57, 19.21, 0.001, 119.63, 1.32);
insert into SHOT values (4100, 4094, 4111, 955, 1.515, 166.47, 11.89, 1.514, 166.34, 11.82, 0.004, 66.93, -31.68);
insert into SHOT values (4101, 4094, 4112, 955, 1.196, 167.44, 9.77, 1.196, 167.26, 9.63, 0.005, 83.04, -38.32);
insert into SHOT values (4102, 4094, 4113, 955, 0.756, 168.52, 6.91, 0.751, 168.39, 6.89, 0.006, 6.68, -9.78);
insert into SHOT values (4103, 4093, 4114, 955, 2.229, 134.23, -21.45, 2.235, 134.22, -21.52, 0.007, 129.32, -47.38);
insert into SHOT values (4104, 4093, 4115, 955, 2.136, 130.62, -22.75, 2.145, 130.70, -22.76, 0.010, 147.28, -23.98);
insert into SHOT values (4105, 4093, 4116, 955, 1.903, 119.98, -26.43, 1.907, 119.87, -26.47, 0.005, 68.32, -35.06);
insert into SHOT values (4106, 4093, 4117, 955, 1.779, 105.25, -30.66, 1.785, 105.48, -30.65, 0.009, 154.32, -18.78);
insert into SHOT values (4107, 4093, 4118, 955, 1.894, 94.68, -30.56, 1.902, 94.91, -30.66, 0.011, 146.76, -40.37);
insert into SHOT values (4108, 4093, 4119, 955, 2.324, 84.52, -43.17, 2.326, 84.59, -43.13, 0.003, 123.32, 0.00);
insert into SHOT values (4109, 4093, 4120, 955, 2.417, 82.26, -38.75, 2.423, 82.39, -38.86, 0.008, 150.26, -58.31);
insert into SHOT values (4110, 4093, 4121, 955, 2.618, 78.15, -33.26, 2.627, 78.18, -33.25, 0.009, 86.19, -29.12);
insert into SHOT values (4111, 4093, 4122, 955, 2.803, 74.84, -29.19, 2.811, 74.89, -29.16, 0.009, 89.24, -20.03);
insert into SHOT values (4112, 4093, 4123, 955, 2.937, 72.87, -26.71, 2.939, 72.95, -26.69, 0.004, 134.37, 1.59);
insert into SHOT values (4113, 4093, 4124, 955, 3.155, 72.71, -25.74, 3.159, 72.84, -25.70, 0.008, 125.42, 1.29);
insert into SHOT values (4114, 4093, 4125, 955, 3.350, 71.74, -24.67, 3.357, 71.86, -24.64, 0.010, 112.76, -10.06);
insert into SHOT values (4115, 4093, 4126, 955, 2.565, 34.48, -20.94, 2.565, 34.62, -21.02, 0.007, 141.38, -28.60);
insert into SHOT values (4116, 4126, 4127, 955, 0.445, 50.11, 7.23, 0.445, 50.53, 7.76, 0.005, 157.77, 49.94);
insert into SHOT values (4117, 4126, 4128, 955, 1.199, 55.58, 4.83, 1.205, 55.52, 4.76, 0.007, 43.36, -8.43);
insert into SHOT values (4118, 4126, 4129, 955, 1.789, 64.28, 1.35, 1.789, 64.15, 1.28, 0.005, 341.11, -27.72);
insert into SHOT values (4119, 4126, 4130, 955, 3.167, 65.06, -2.82, 3.171, 64.97, -2.89, 0.008, 15.86, -32.82);
insert into SHOT values (4120, 4126, 4131, 955, 2.314, 127.40, 4.56, 2.311, 127.42, 4.47, 0.005, 293.46, -56.29);
insert into SHOT values (4121, 4126, 4132, 955, 2.421, 125.75, 4.81, 2.423, 125.73, 4.74, 0.004, 102.59, -54.06);
insert into SHOT values (4122, 4126, 4133, 955, 2.596, 124.38, 5.46, 2.594, 124.43, 5.53, 0.004, 255.70, 46.40);
insert into SHOT values (4123, 4126, 4134, 955, 2.799, 122.58, 5.84, 2.802, 122.55, 5.74, 0.006, 98.87, -51.90);
insert into SHOT values (4124, 4126, 4135, 955, 2.877, 120.16, 5.65, 2.881, 120.14, 5.58, 0.006, 108.37, -33.89);
insert into SHOT values (4125, 4126, 4136, 955, 2.941, 118.28, 4.52, 2.940, 118.31, 4.49, 0.003, 244.67, -40.30);
insert into SHOT values (4126, 4126, 4137, 955, 3.324, 116.67, 4.56, 3.324, 116.72, 4.49, 0.005, 198.86, -56.40);
insert into SHOT values (4127, 4126, 4138, 955, 2.243, 128.69, 5.32, 2.237, 128.62, 5.39, 0.007, 332.49, 16.45);
insert into SHOT values (4128, 4126, 4139, 955, 2.165, 132.72, 3.66, 2.163, 132.56, 3.71, 0.007, 24.90, 15.67);
insert into SHOT values (4129, 4126, 4140, 955, 2.121, 141.36, 3.30, 2.116, 141.34, 3.25, 0.005, 331.19, -24.86);
insert into SHOT values (4130, 4126, 4141, 955, 2.561, 69.29, -7.43, 2.566, 69.29, -7.39, 0.005, 66.60, 13.25);
insert into SHOT values (4131, 4126, 4142, 955, 2.091, 72.29, -7.17, 2.094, 72.35, -7.13, 0.004, 106.27, 14.49);
insert into SHOT values (4132, 4126, 4143, 955, 1.486, 79.55, -4.79, 1.490, 79.52, -4.62, 0.006, 68.94, 45.51);
insert into SHOT values (4133, 4126, 4144, 955, 1.051, 87.16, -3.82, 1.054, 87.27, -3.81, 0.003, 126.47, 0.35);
insert into SHOT values (4134, 4126, 4145, 955, 0.860, 98.27, -3.20, 0.860, 98.04, -3.33, 0.004, 4.42, -29.42);
insert into SHOT values (4135, 4126, 4146, 955, 0.920, 106.21, -0.31, 0.918, 106.46, -0.62, 0.007, 227.15, -47.22);
insert into SHOT values (4136, 4126, 4147, 955, 1.288, 112.11, 1.33, 1.284, 111.97, 1.34, 0.006, 327.73, 1.08);
insert into SHOT values (4137, 4126, 4148, 955, 1.638, 114.49, 3.68, 1.641, 114.53, 3.49, 0.006, 133.95, -56.44);
insert into SHOT values (4138, 4126, 4149, 955, 2.013, 115.39, 3.76, 2.017, 115.29, 3.70, 0.006, 76.32, -19.97);
insert into SHOT values (4139, 4126, 4150, 955, 2.353, 115.91, 3.95, 2.349, 115.80, 3.91, 0.006, 346.04, -19.38);
insert into SHOT values (4140, 4126, 4151, 955, 2.637, 115.92, 4.96, 2.635, 115.98, 5.01, 0.004, 240.56, 31.68);
insert into SHOT values (4141, 4126, 4152, 955, 3.326, 116.28, 4.52, 3.324, 116.33, 4.49, 0.004, 236.87, -31.17);
insert into SHOT values (4142, 4126, 4153, 955, 2.994, 66.26, -7.33, 2.997, 66.19, -7.28, 0.005, 20.69, 22.18);
insert into SHOT values (4143, 4153, 4154, 955, 0.263, 133.95, 1.52, 0.269, 135.00, 0.00, 0.010, 174.51, -42.68);
insert into SHOT values (4144, 4153, 4155, 955, 0.343, 119.92, 7.20, 0.339, 120.38, 6.79, 0.006, 267.01, -31.15);
insert into SHOT values (4145, 4153, 4156, 955, 0.733, 95.48, 11.89, 0.729, 95.63, 11.87, 0.004, 249.57, -13.49);
insert into SHOT values (4146, 4153, 4157, 955, 1.148, 82.18, 9.63, 1.146, 82.37, 9.54, 0.005, 198.11, -26.03);
insert into SHOT values (4147, 4153, 4158, 955, 1.487, 73.12, 1.81, 1.484, 73.15, 1.54, 0.007, 235.48, -68.76);
insert into SHOT values (4148, 4153, 4159, 955, 1.727, 70.49, 0.60, 1.727, 70.73, 0.66, 0.007, 161.55, 15.16);
insert into SHOT values (4149, 4153, 4160, 955, 1.764, 68.55, -8.77, 1.759, 68.75, -8.83, 0.008, 199.37, -7.49);
insert into SHOT values (4150, 4160, 4161, 955, 3.064, 250.23, -0.21, 3.059, 250.32, -0.19, 0.007, 28.30, 9.72);
insert into SHOT values (4151, 4160, 4162, 955, 2.477, 251.40, -0.90, 2.480, 251.42, -0.92, 0.003, 268.25, -22.39);
insert into SHOT values (4152, 4160, 4163, 955, 1.747, 252.13, -1.54, 1.743, 252.29, -1.64, 0.007, 19.96, -26.08);
insert into SHOT values (4153, 4160, 4164, 955, 1.380, 252.94, -1.58, 1.380, 253.14, -1.66, 0.005, 345.42, -21.98);
insert into SHOT values (4154, 4160, 4165, 955, 1.129, 257.82, -2.79, 1.125, 258.19, -3.06, 0.010, 16.12, -31.54);
insert into SHOT values (4155, 4160, 4166, 955, 0.955, 265.52, -3.36, 0.954, 265.79, -3.60, 0.006, 5.74, -42.01);
insert into SHOT values (4156, 4160, 4167, 955, 0.759, 274.42, -6.43, 0.758, 274.57, -6.82, 0.006, 46.82, -61.48);
insert into SHOT values (4157, 4160, 4168, 955, 0.484, 295.02, -12.18, 0.485, 294.94, -11.91, 0.002, 265.55, 58.46);
insert into SHOT values (4158, 4160, 4169, 955, 0.334, 324.35, -18.51, 0.335, 325.30, -19.18, 0.007, 60.18, -36.85);
insert into SHOT values (4159, 4160, 4170, 955, 0.312, 3.87, -20.67, 0.320, 3.81, -20.10, 0.009, 1.91, 0.86);
insert into SHOT values (4160, 4160, 4171, 955, 0.532, 35.52, -19.54, 0.533, 35.27, -19.72, 0.003, 326.35, -41.52);
insert into SHOT values (4161, 4160, 4172, 955, 0.773, 53.86, -24.20, 0.777, 53.62, -24.32, 0.005, 8.06, -36.49);
insert into SHOT values (4162, 4160, 4173, 955, 1.034, 60.23, -22.82, 1.039, 59.96, -22.65, 0.007, 21.69, 7.96);
insert into SHOT values (4163, 4160, 4174, 955, 1.338, 64.15, -22.92, 1.339, 64.06, -22.84, 0.003, 19.21, 20.73);
insert into SHOT values (4164, 4160, 4175, 955, 1.844, 66.05, -22.55, 1.851, 65.83, -22.55, 0.010, 22.45, -16.80);
insert into SHOT values (4165, 4160, 4176, 955, 1.767, 244.63, 1.85, 1.759, 244.75, 1.95, 0.009, 40.89, 18.53);
insert into SHOT values (4166, 4160, 4177, 955, 1.427, 241.32, 0.60, 1.423, 241.45, 0.40, 0.007, 21.38, -43.92);
insert into SHOT values (4167, 4160, 4178, 955, 1.062, 238.02, -1.40, 1.060, 238.11, -1.62, 0.005, 13.96, -59.96);
insert into SHOT values (4168, 4160, 4179, 955, 0.914, 231.72, -3.39, 0.906, 231.74, -3.80, 0.010, 50.07, -36.19);
insert into SHOT values (4169, 4160, 4180, 955, 0.882, 216.91, -7.69, 0.872, 217.00, -7.91, 0.010, 29.11, -11.01);
insert into SHOT values (4170, 4160, 4181, 955, 0.470, 204.95, -19.53, 0.471, 205.41, -19.87, 0.005, 297.25, -39.18);
insert into SHOT values (4171, 4160, 4182, 955, 0.334, 173.48, -34.09, 0.332, 173.66, -34.97, 0.006, 343.76, -29.12);
insert into SHOT values (4172, 4160, 4183, 955, 0.418, 134.10, -40.22, 0.417, 133.73, -40.31, 0.002, 20.62, -2.21);
insert into SHOT values (4173, 4160, 4184, 955, 0.582, 106.81, -35.89, 0.579, 106.11, -35.97, 0.007, 348.00, 10.33);
insert into SHOT values (4174, 4160, 4185, 955, 0.824, 100.03, -34.78, 0.826, 99.32, -34.69, 0.009, 24.27, 0.21);
insert into SHOT values (4175, 4160, 4186, 955, 0.903, 101.42, -33.46, 0.904, 100.71, -33.58, 0.010, 9.71, -12.87);
insert into SHOT values (4176, 4160, 4187, 955, 1.287, 98.06, -30.60, 1.292, 97.77, -30.73, 0.008, 30.69, -38.06);
insert into SHOT values (4177, 4160, 4188, 955, 1.775, 92.60, -29.95, 1.780, 92.60, -30.00, 0.005, 93.22, -46.69);
insert into SHOT values (4178, 4160, 4189, 955, 2.056, 88.80, -30.42, 2.053, 88.71, -30.43, 0.004, 318.42, 14.78);
insert into SHOT values (4179, 4160, 4190, 955, 2.367, 84.26, -30.97, 2.369, 84.06, -30.99, 0.007, 5.02, -15.53);
insert into SHOT values (4180, 4160, 4191, 955, 2.694, 81.89, -30.94, 2.699, 81.80, -31.00, 0.007, 30.96, -45.95);
insert into SHOT values (4181, 4160, 4192, 955, 3.069, 81.19, -29.62, 3.074, 81.17, -29.64, 0.005, 67.85, -39.76);
insert into SHOT values (4182, 4160, 4193, 955, 2.047, 87.88, -22.80, 2.050, 87.88, -22.67, 0.005, 86.90, 37.41);
insert into SHOT values (4183, 4193, 4194, 955, 1.023, 9.57, -9.11, 1.028, 9.65, -9.51, 0.009, 27.34, -60.93);
insert into SHOT values (4184, 4193, 4195, 955, 0.948, 19.49, -8.61, 0.954, 19.20, -9.04, 0.011, 336.78, -49.24);
insert into SHOT values (4185, 4193, 4196, 955, 1.162, 43.96, -11.82, 1.164, 43.93, -11.90, 0.002, 19.98, -54.73);
insert into SHOT values (4186, 4193, 4197, 955, 1.505, 55.91, -14.07, 1.508, 55.88, -14.21, 0.005, 29.20, -63.61);
insert into SHOT values (4187, 4193, 4198, 955, 1.851, 64.14, -15.32, 1.846, 64.01, -15.39, 0.007, 281.89, -8.15);
insert into SHOT values (4188, 4193, 4199, 955, 1.946, 65.19, -15.74, 1.948, 65.08, -15.79, 0.005, 357.58, -27.20);
insert into SHOT values (4189, 4193, 4200, 955, 1.197, 98.04, -42.64, 1.202, 97.85, -43.04, 0.010, 329.29, -68.06);
insert into SHOT values (4190, 4200, 4201, 955, 4.004, 228.91, 5.62, 4.003, 228.87, 5.73, 0.009, 108.64, 66.35);
insert into SHOT values (4191, 4200, 4202, 955, 3.491, 230.24, 5.11, 3.487, 230.26, 5.27, 0.010, 38.25, 61.75);
insert into SHOT values (4192, 4200, 4203, 955, 2.473, 232.58, 3.64, 2.473, 232.57, 3.71, 0.003, 159.29, 83.01);
insert into SHOT values (4193, 4200, 4204, 955, 1.332, 235.49, 3.10, 1.334, 235.71, 3.44, 0.010, 311.43, 56.28);
insert into SHOT values (4194, 4200, 4205, 955, 1.649, 236.61, 9.46, 1.649, 236.80, 9.77, 0.011, 339.85, 58.63);
insert into SHOT values (4195, 4200, 4206, 955, 2.074, 235.52, 13.35, 2.070, 235.52, 13.41, 0.004, 55.68, 14.87);
insert into SHOT values (4196, 4200, 4207, 955, 0.939, 240.03, 4.15, 0.939, 239.88, 4.27, 0.003, 148.71, 38.85);
insert into SHOT values (4197, 4200, 4208, 955, 4.387, 204.86, -5.91, 4.390, 204.92, -5.88, 0.006, 262.62, 17.40);
insert into SHOT values (4198, 4200, 4209, 955, 4.120, 202.01, -6.19, 4.124, 202.06, -6.13, 0.007, 242.22, 37.55);
insert into SHOT values (4199, 4200, 4210, 955, 3.749, 196.84, -6.97, 3.747, 196.88, -6.90, 0.006, 312.16, 62.93);
insert into SHOT values (4200, 4200, 4211, 955, 3.184, 187.22, -8.43, 3.179, 187.31, -8.32, 0.009, 318.41, 47.66);
insert into SHOT values (4201, 4200, 4212, 955, 2.853, 178.89, -9.22, 2.846, 178.98, -9.10, 0.010, 321.28, 44.72);
insert into SHOT values (4202, 4200, 4213, 955, 2.761, 164.50, -9.74, 2.758, 164.43, -9.60, 0.008, 51.66, 62.97);
insert into SHOT values (4203, 4200, 4214, 955, 2.783, 152.76, -8.95, 2.780, 152.69, -8.90, 0.005, 22.08, 32.79);
insert into SHOT values (4204, 4200, 4215, 955, 3.344, 142.37, -7.41, 3.344, 142.47, -7.39, 0.006, 231.03, 12.10);
insert into SHOT values (4205, 4200, 4216, 955, 3.237, 137.07, -7.37, 3.238, 137.02, -7.27, 0.006, 81.15, 55.70);
insert into SHOT values (4206, 4200, 4217, 955, 3.344, 133.29, -7.42, 3.339, 133.29, -7.40, 0.006, 316.17, 19.36);
insert into SHOT values (4207, 4200, 4218, 955, 3.474, 129.71, -7.39, 3.472, 129.70, -7.28, 0.007, 347.14, 80.12);
insert into SHOT values (4208, 4200, 4219, 955, 3.803, 124.88, -7.05, 3.806, 124.87, -6.94, 0.008, 112.67, 58.44);
insert into SHOT values (4209, 4200, 4220, 955, 3.830, 122.21, -6.81, 3.833, 122.23, -6.74, 0.006, 140.72, 48.34);
insert into SHOT values (4210, 4200, 4221, 955, 3.995, 116.92, -6.47, 3.997, 116.95, -6.46, 0.003, 167.17, 3.44);
insert into SHOT values (4211, 4200, 4222, 955, 4.270, 112.44, -6.24, 4.266, 112.45, -6.19, 0.005, 276.05, 51.49);
insert into SHOT values (4212, 4200, 4223, 955, 1.856, 62.27, -10.02, 1.857, 62.31, -9.92, 0.004, 100.37, 52.60);
insert into SHOT values (4213, 4223, 4224, 955, 2.043, 339.12, -5.20, 2.043, 338.98, -5.05, 0.007, 258.52, 46.01);
insert into SHOT values (4214, 4223, 4225, 955, 0.730, 334.27, 14.93, 0.736, 334.16, 14.96, 0.006, 320.31, 17.93);
insert into SHOT values (4215, 4223, 4226, 955, 0.700, 335.10, 28.13, 0.700, 335.10, 28.12, 0.000, 302.17, -15.16);
insert into SHOT values (4216, 4223, 4227, 955, 1.011, 335.39, 36.10, 1.012, 335.32, 36.38, 0.005, 176.46, 58.13);
insert into SHOT values (4217, 4223, 4228, 955, 0.976, 335.80, 60.19, 0.978, 335.56, 60.38, 0.004, 203.56, 48.41);
insert into SHOT values (4218, 4223, 4229, 955, 1.012, 332.80, 78.07, 1.013, 332.24, 77.76, 0.006, 311.93, -1.38);
insert into SHOT values (4219, 4223, 4230, 955, 1.089, 273.13, 87.83, 1.091, 270.00, 87.90, 0.003, 152.49, 35.04);
insert into SHOT values (4220, 4223, 4231, 955, 1.006, 177.71, 77.07, 1.004, 177.40, 77.33, 0.005, 11.59, -5.59);
insert into SHOT values (4221, 4223, 4232, 955, 1.017, 166.21, 59.26, 1.019, 166.50, 59.70, 0.009, 321.21, 43.43);
insert into SHOT values (4222, 4223, 4233, 955, 0.891, 167.68, 43.27, 0.888, 167.47, 43.39, 0.004, 22.48, -9.92);
insert into SHOT values (4223, 4223, 4234, 955, 1.304, 167.14, 28.58, 1.301, 167.31, 28.97, 0.010, 322.83, 37.65);
insert into SHOT values (4224, 4223, 4235, 955, 1.988, 165.95, 17.32, 1.986, 165.96, 17.28, 0.002, 327.15, -54.84);
insert into SHOT values (4225, 4223, 4236, 955, 2.334, 165.69, 11.07, 2.333, 165.84, 11.12, 0.006, 265.44, 16.81);
insert into SHOT values (4226, 4223, 4237, 955, 2.573, 164.93, 4.88, 2.566, 165.04, 4.92, 0.009, 310.31, 7.46);
insert into SHOT values (4227, 4223, 4238, 955, 2.637, 164.13, 2.48, 2.633, 164.11, 2.61, 0.007, 354.77, 54.89);
insert into SHOT values (4228, 4223, 4239, 955, 2.742, 163.71, 0.06, 2.740, 163.68, 0.00, 0.004, 25.51, -53.27);
insert into SHOT values (4229, 4223, 4240, 955, 2.450, 346.91, -5.08, 2.455, 346.76, -5.14, 0.009, 292.38, -21.07);
insert into SHOT values (4230, 4223, 4241, 955, 2.606, 354.97, -4.51, 2.608, 354.93, -4.40, 0.006, 312.35, 58.01);
insert into SHOT values (4231, 4223, 4242, 955, 2.690, 7.48, -5.10, 2.694, 7.50, -5.11, 0.004, 18.41, -13.50);
insert into SHOT values (4232, 4223, 4243, 955, 1.596, 303.51, -2.44, 1.596, 303.49, -2.51, 0.002, 234.72, -73.53);
insert into SHOT values (4233, 4223, 4244, 955, 1.777, 297.40, -2.64, 1.782, 297.43, -2.57, 0.005, 307.15, 20.03);
insert into SHOT values (4234, 4223, 4245, 955, 2.009, 285.63, -2.65, 2.016, 285.55, -2.56, 0.008, 264.33, 21.29);
insert into SHOT values (4235, 4223, 4246, 955, 2.654, 4.39, -5.95, 2.651, 4.35, -5.84, 0.006, 227.16, 60.67);
insert into SHOT values (4236, 4223, 4247, 955, 2.926, 17.56, -5.53, 2.929, 17.57, -5.48, 0.004, 20.74, 28.82);
insert into SHOT values (4237, 4223, 4248, 955, 3.278, 28.87, -5.25, 3.276, 28.76, -5.25, 0.006, 283.53, -0.53);
insert into SHOT values (4238, 4223, 4249, 955, 2.846, 34.07, -5.04, 2.848, 34.08, -5.04, 0.002, 47.06, 0.58);
insert into SHOT values (4239, 4223, 4250, 955, 3.127, 40.54, -5.32, 3.128, 40.44, -5.32, 0.005, 315.97, -0.74);
insert into SHOT values (4240, 4223, 4251, 955, 3.729, 46.51, -5.03, 3.728, 46.42, -5.08, 0.007, 305.25, -26.49);
insert into SHOT values (4241, 4223, 4252, 955, 4.276, 50.00, -4.49, 4.271, 49.95, -4.43, 0.007, 269.38, 40.25);
insert into SHOT values (4242, 4223, 4253, 955, 4.865, 53.77, -4.10, 4.863, 53.72, -4.13, 0.005, 295.49, -24.10);
insert into SHOT values (4243, 4223, 4254, 955, 5.044, 55.38, -3.81, 5.043, 55.36, -3.75, 0.006, 293.13, 69.44);
insert into SHOT values (4244, 4223, 4255, 955, 5.464, 57.76, -3.46, 5.462, 57.74, -3.46, 0.003, 279.58, -4.20);
insert into SHOT values (4245, 4223, 4256, 955, 5.719, 59.30, -3.28, 5.722, 59.26, -3.31, 0.006, 5.66, -28.59);
insert into SHOT values (4246, 4223, 4257, 955, 6.347, 61.16, -2.89, 6.346, 61.13, -2.89, 0.004, 311.24, 0.11);
insert into SHOT values (4247, 4223, 4258, 955, 7.158, 63.22, -1.97, 7.151, 63.22, -1.92, 0.009, 244.49, 39.92);
insert into SHOT values (4248, 4223, 4259, 955, 3.116, 135.81, -1.14, 3.112, 135.78, -1.10, 0.005, 338.78, 25.64);
insert into SHOT values (4249, 4223, 4260, 955, 3.204, 132.08, -1.14, 3.200, 132.21, -1.07, 0.009, 247.22, 24.64);
insert into SHOT values (4250, 4223, 4261, 955, 3.369, 128.41, -1.05, 3.368, 128.37, -1.02, 0.003, 11.79, 31.20);
insert into SHOT values (4251, 4223, 4262, 955, 3.519, 123.33, -0.86, 3.517, 123.28, -0.81, 0.004, 2.95, 39.69);
insert into SHOT values (4252, 4223, 4263, 955, 4.283, 116.29, -1.35, 4.286, 116.33, -1.34, 0.004, 162.00, 14.04);
insert into SHOT values (4253, 4223, 4264, 955, 4.475, 114.12, -1.55, 4.473, 114.16, -1.54, 0.004, 235.71, 17.35);
insert into SHOT values (4254, 4223, 4265, 955, 4.556, 110.87, -1.46, 4.550, 110.87, -1.39, 0.009, 294.84, 44.22);
insert into SHOT values (4255, 4223, 4266, 955, 4.717, 106.30, -1.26, 4.710, 106.28, -1.22, 0.008, 300.32, 27.10);
insert into SHOT values (4256, 4223, 4267, 955, 5.078, 104.00, -1.18, 5.072, 104.04, -1.13, 0.008, 254.54, 35.88);
insert into SHOT values (4257, 4223, 4268, 955, 6.580, 101.35, -1.35, 6.579, 101.31, -1.31, 0.007, 6.03, 46.61);
insert into SHOT values (4258, 4223, 4269, 955, 7.815, 98.00, -1.00, 7.808, 98.03, -1.03, 0.009, 252.93, -24.01);
insert into SHOT values (4259, 4223, 4270, 955, 8.516, 96.31, -1.05, 8.512, 96.27, -1.01, 0.009, 333.61, 42.20);
insert into SHOT values (4260, 4223, 4271, 955, 2.636, 216.22, -3.33, 2.636, 216.35, -3.26, 0.007, 300.77, 28.13);
insert into SHOT values (4261, 4223, 4272, 955, 2.065, 210.43, -4.89, 2.065, 210.68, -4.72, 0.011, 297.16, 34.24);
insert into SHOT values (4262, 4223, 4273, 955, 1.689, 206.52, -5.09, 1.684, 206.57, -5.11, 0.005, 12.85, -1.59);
insert into SHOT values (4263, 4223, 4274, 955, 1.485, 196.05, -5.84, 1.486, 196.11, -5.79, 0.002, 258.99, 35.10);
insert into SHOT values (4264, 4223, 4275, 955, 0.957, 193.68, -9.26, 0.960, 194.04, -8.99, 0.008, 251.02, 29.78);
insert into SHOT values (4265, 4223, 4276, 955, 0.856, 190.88, -11.32, 0.853, 191.04, -11.50, 0.005, 339.93, -23.57);
insert into SHOT values (4266, 4223, 4277, 955, 0.794, 149.15, -14.14, 0.790, 149.42, -13.92, 0.006, 281.91, 38.92);
insert into SHOT values (4267, 4223, 4278, 955, 0.700, 107.36, -16.09, 0.697, 107.35, -15.82, 0.005, 289.67, 62.78);
insert into SHOT values (4268, 4223, 4279, 955, 0.962, 83.92, -13.10, 0.961, 83.86, -13.24, 0.003, 294.63, -46.43);
insert into SHOT values (4269, 4223, 4280, 955, 0.889, 69.09, -13.60, 0.883, 68.82, -13.75, 0.007, 282.78, -7.43);
insert into SHOT values (4270, 4223, 4281, 955, 1.055, 47.76, -10.76, 1.052, 47.35, -10.95, 0.009, 294.05, -20.71);
insert into SHOT values (4271, 4223, 4282, 955, 1.438, 38.49, -10.46, 1.440, 38.41, -10.40, 0.003, 357.69, 18.57);
insert into SHOT values (4272, 4223, 4283, 955, 1.677, 35.90, -9.75, 1.678, 35.90, -9.61, 0.004, 34.70, 69.95);
insert into SHOT values (4273, 4223, 4284, 955, 2.240, 44.68, -7.08, 2.237, 44.64, -6.93, 0.007, 259.56, 62.87);
insert into SHOT values (4274, 4223, 4285, 955, 2.480, 52.26, -5.74, 2.479, 52.25, -5.79, 0.002, 257.35, -54.42);
insert into SHOT values (4275, 4223, 4286, 955, 2.908, 58.61, -5.03, 2.906, 58.56, -4.94, 0.006, 293.08, 57.96);
insert into SHOT values (4276, 4223, 4287, 955, 3.441, 62.29, -4.02, 3.444, 62.24, -4.00, 0.004, 15.64, 16.72);
insert into SHOT values (4277, 4223, 4288, 955, 6.460, 231.01, -1.22, 6.458, 231.04, -1.24, 0.004, 0.21, -34.96);
insert into SHOT values (4278, 4223, 4289, 955, 4.856, 235.33, -1.31, 4.861, 235.39, -1.30, 0.007, 281.99, 7.85);
insert into SHOT values (4279, 4223, 4290, 955, 3.937, 238.80, -2.24, 3.942, 238.81, -2.18, 0.007, 246.57, 35.64);
insert into SHOT values (4280, 4223, 4291, 955, 3.321, 244.74, -2.16, 3.317, 244.83, -2.07, 0.008, 12.42, 39.64);
insert into SHOT values (4281, 4223, 4292, 955, 2.537, 245.70, -3.66, 2.538, 245.76, -3.61, 0.004, 306.70, 32.39);
insert into SHOT values (4282, 4223, 4293, 955, 1.509, 247.85, -5.67, 1.506, 248.06, -5.72, 0.006, 7.51, -8.39);
insert into SHOT values (4283, 4223, 4294, 955, 1.701, 247.53, -5.81, 1.708, 247.51, -5.71, 0.007, 242.36, 17.39);
insert into SHOT values (4284, 4223, 4295, 955, 1.445, 248.86, -7.19, 1.449, 248.79, -7.14, 0.004, 223.49, 11.75);
insert into SHOT values (4285, 4223, 4296, 955, 1.217, 257.44, -8.08, 1.220, 257.57, -8.01, 0.005, 297.09, 13.52);
insert into SHOT values (4286, 4223, 4297, 955, 1.164, 262.34, -9.04, 1.164, 262.50, -8.90, 0.004, 347.46, 41.37);
insert into SHOT values (4287, 4223, 4298, 955, 0.945, 269.71, -11.35, 0.947, 270.00, -10.95, 0.008, 323.21, 45.70);
insert into SHOT values (4288, 4223, 4299, 955, 0.869, 279.67, -9.27, 0.874, 280.01, -9.21, 0.007, 322.54, -0.12);
insert into SHOT values (4289, 4223, 4300, 955, 0.936, 306.35, -9.16, 0.942, 306.25, -9.16, 0.006, 291.58, -9.14);
insert into SHOT values (4290, 4223, 4301, 955, 1.341, 336.63, -9.88, 1.341, 336.35, -9.88, 0.007, 245.38, 0.83);
insert into SHOT values (4291, 4223, 4302, 955, 2.053, 357.05, -7.81, 2.052, 356.90, -7.84, 0.006, 256.74, -10.50);
insert into SHOT values (4292, 4223, 4303, 955, 2.285, 5.12, -8.84, 2.286, 5.08, -8.81, 0.002, 306.90, 30.83);
insert into SHOT values (4293, 4223, 4304, 955, 2.687, 4.80, -7.68, 2.693, 4.73, -7.68, 0.007, 335.95, -7.33);
insert into SHOT values (4294, 4223, 4305, 955, 10.310, 74.86, -1.79, 10.303, 74.86, -1.78, 0.008, 260.39, 15.37);
insert into SHOT values (4295, 4305, 4306, 955, 6.444, 232.55, 1.70, 6.437, 232.58, 1.69, 0.008, 28.81, -8.86);
insert into SHOT values (4296, 4305, 4307, 955, 5.793, 228.49, 2.09, 5.785, 228.51, 2.08, 0.009, 38.01, -8.50);
insert into SHOT values (4297, 4305, 4308, 955, 5.136, 221.75, 2.53, 5.133, 221.68, 2.57, 0.008, 107.00, 25.09);
insert into SHOT values (4298, 4305, 4309, 955, 4.570, 213.48, 2.55, 4.567, 213.38, 2.51, 0.009, 103.63, -20.59);
insert into SHOT values (4299, 4305, 4310, 955, 3.898, 203.84, 2.85, 3.895, 203.80, 2.80, 0.005, 74.99, -45.42);
insert into SHOT values (4300, 4305, 4311, 955, 3.725, 188.90, 3.17, 3.720, 188.83, 3.24, 0.008, 50.59, 29.47);
insert into SHOT values (4301, 4305, 4312, 955, 2.334, 145.51, -2.85, 2.333, 145.49, -2.95, 0.004, 0.65, -70.65);
insert into SHOT values (4302, 4305, 4313, 955, 2.442, 127.47, -3.80, 2.445, 127.34, -3.75, 0.007, 69.05, 15.63);
insert into SHOT values (4303, 4305, 4314, 955, 2.970, 104.96, -4.81, 2.970, 104.88, -4.83, 0.004, 10.97, -13.12);
insert into SHOT values (4304, 4305, 4315, 955, 3.660, 89.45, -3.90, 3.669, 89.37, -3.91, 0.010, 59.85, -6.08);
insert into SHOT values (4305, 4305, 4316, 955, 4.456, 76.44, -3.85, 4.466, 76.37, -3.85, 0.011, 46.08, -4.16);
insert into SHOT values (4306, 4305, 4317, 955, 5.245, 69.61, -3.24, 5.249, 69.56, -3.28, 0.007, 14.58, -31.54);
insert into SHOT values (4307, 4305, 4318, 955, 5.822, 67.70, -2.74, 5.823, 67.67, -2.76, 0.004, 352.45, -25.94);
insert into SHOT values (4308, 4305, 4319, 955, 5.312, 266.18, 1.91, 5.305, 266.21, 1.94, 0.009, 63.64, 20.02);
insert into SHOT values (4309, 4305, 4320, 955, 4.528, 268.02, 2.87, 4.528, 268.10, 2.91, 0.007, 356.50, 28.01);
insert into SHOT values (4310, 4305, 4321, 955, 3.872, 270.77, 3.54, 3.868, 270.74, 3.56, 0.005, 115.25, 11.07);
insert into SHOT values (4311, 4305, 4322, 955, 3.502, 274.14, 4.93, 3.502, 274.11, 4.91, 0.002, 181.90, -26.07);
insert into SHOT values (4312, 4305, 4323, 955, 3.118, 277.25, 6.19, 3.113, 277.24, 6.27, 0.006, 104.00, 36.23);
insert into SHOT values (4313, 4305, 4324, 955, 2.554, 280.07, 6.02, 2.554, 280.20, 6.07, 0.006, 7.59, 20.02);
insert into SHOT values (4314, 4305, 4325, 955, 2.098, 286.81, 6.63, 2.095, 287.04, 6.58, 0.009, 33.99, -14.25);
insert into SHOT values (4315, 4305, 4326, 955, 1.638, 296.03, 8.96, 1.634, 296.09, 8.80, 0.006, 91.17, -52.83);
insert into SHOT values (4316, 4305, 4327, 955, 1.555, 309.85, 12.36, 1.554, 310.19, 12.26, 0.009, 42.60, -17.50);
insert into SHOT values (4317, 4305, 4328, 955, 1.502, 319.97, 11.68, 1.500, 320.24, 11.54, 0.008, 58.50, -29.88);
insert into SHOT values (4318, 4305, 4329, 955, 1.552, 332.24, 11.14, 1.555, 332.26, 11.13, 0.003, 342.74, 3.14);
insert into SHOT values (4319, 4305, 4330, 955, 1.553, 345.03, 10.80, 1.558, 345.24, 10.73, 0.008, 32.69, -7.66);
insert into SHOT values (4320, 4305, 4331, 955, 1.561, 354.57, 11.27, 1.565, 354.77, 11.05, 0.009, 39.04, -33.42);
insert into SHOT values (4321, 4305, 4332, 955, 4.934, 259.36, -1.11, 4.926, 259.35, -1.16, 0.009, 84.92, -28.01);
insert into SHOT values (4322, 4305, 4333, 955, 4.217, 255.78, -2.19, 4.211, 255.83, -2.18, 0.007, 43.68, 9.32);
insert into SHOT values (4323, 4305, 4334, 955, 3.016, 247.91, -3.46, 3.016, 247.95, -3.42, 0.003, 347.45, 43.44);
insert into SHOT values (4324, 4305, 4335, 955, 2.752, 237.45, -4.52, 2.747, 237.53, -4.59, 0.007, 22.83, -25.54);
insert into SHOT values (4325, 4305, 4336, 955, 2.222, 227.58, -5.27, 2.217, 227.57, -5.17, 0.006, 53.78, 43.97);
insert into SHOT values (4326, 4305, 4337, 955, 1.905, 200.91, -7.63, 1.900, 200.84, -7.56, 0.006, 46.04, 28.39);
insert into SHOT values (4327, 4305, 4338, 955, 2.029, 181.16, -6.57, 2.024, 181.14, -6.53, 0.006, 9.13, 21.99);
insert into SHOT values (4328, 4305, 4339, 955, 1.637, 164.97, -9.39, 1.638, 164.93, -9.49, 0.003, 98.40, -67.36);
insert into SHOT values (4329, 4305, 4340, 955, 1.577, 152.22, -9.89, 1.576, 151.95, -9.87, 0.008, 52.75, 6.58);
insert into SHOT values (4330, 4305, 4341, 955, 1.659, 145.48, -9.16, 1.660, 145.44, -9.01, 0.005, 105.42, 64.68);
insert into SHOT values (4331, 4305, 4342, 955, 1.849, 128.59, -11.54, 1.852, 128.51, -11.52, 0.004, 89.79, -1.49);
insert into SHOT values (4332, 4305, 4343, 955, 2.451, 126.47, -10.53, 2.452, 126.39, -10.58, 0.004, 42.79, -32.64);
insert into SHOT values (4333, 4305, 4344, 955, 2.106, 260.82, -4.49, 2.103, 260.94, -4.64, 0.008, 28.36, -42.59);
insert into SHOT values (4334, 4305, 4345, 955, 1.402, 258.94, -7.75, 1.398, 259.18, -7.81, 0.007, 27.70, -7.32);
insert into SHOT values (4335, 4305, 4346, 955, 0.868, 224.42, -14.69, 0.863, 224.03, -14.77, 0.008, 92.43, 0.86);
insert into SHOT values (4336, 4305, 4347, 955, 0.463, 193.01, -34.04, 0.459, 192.20, -34.48, 0.007, 59.12, -6.34);
insert into SHOT values (4337, 4305, 4348, 955, 0.346, 112.50, -52.67, 0.353, 111.80, -52.43, 0.008, 87.24, -38.35);
insert into SHOT values (4338, 4305, 4349, 955, 0.678, 91.59, -20.10, 0.680, 90.90, -19.76, 0.009, 24.75, 19.54);
insert into SHOT values (4339, 4305, 4350, 955, 1.530, 82.20, -13.91, 1.539, 82.30, -13.91, 0.009, 100.06, -14.08);
insert into SHOT values (4340, 4305, 4351, 955, 2.374, 76.48, -10.80, 2.379, 76.38, -10.91, 0.008, 28.66, -42.90);
insert into SHOT values (4341, 4305, 4352, 955, 3.091, 72.72, -8.39, 3.091, 72.69, -8.37, 0.002, 2.76, 30.26);
insert into SHOT values (4342, 4305, 4353, 955, 3.232, 65.55, -7.90, 3.239, 65.51, -7.81, 0.009, 48.74, 28.96);
insert into SHOT values (4343, 4305, 4354, 955, 6.078, 40.05, -1.54, 6.078, 40.06, -1.51, 0.003, 154.95, 74.32);
insert into SHOT values (4344, 4354, 4355, 955, 3.945, 179.07, -4.48, 3.943, 178.98, -4.51, 0.007, 68.73, -15.45);
insert into SHOT values (4345, 4354, 4356, 955, 3.392, 172.53, -4.67, 3.390, 172.52, -4.74, 0.004, 14.85, -60.99);
insert into SHOT values (4346, 4354, 4357, 955, 2.886, 159.26, -5.55, 2.881, 159.16, -5.58, 0.007, 24.04, -7.24);
insert into SHOT values (4347, 4354, 4358, 955, 2.844, 144.90, -5.83, 2.842, 144.79, -5.86, 0.006, 33.52, -10.92);
insert into SHOT values (4348, 4354, 4359, 955, 3.227, 130.08, -5.16, 3.228, 130.08, -5.15, 0.001, 125.13, 11.44);
insert into SHOT values (4349, 4354, 4360, 955, 4.263, 128.93, -0.97, 4.261, 128.81, -1.08, 0.012, 26.93, -39.66);
insert into SHOT values (4350, 4354, 4361, 955, 5.293, 125.80, -0.23, 5.295, 125.70, -0.32, 0.013, 48.83, -42.72);
insert into SHOT values (4351, 4354, 4362, 955, 5.582, 121.45, 1.87, 5.582, 121.44, 1.85, 0.002, 32.14, -61.87);
insert into SHOT values (4352, 4354, 4363, 955, 6.090, 117.95, 2.26, 6.093, 117.91, 2.26, 0.005, 63.69, -1.72);
insert into SHOT values (4353, 4354, 4364, 955, 8.281, 93.61, 5.67, 8.286, 93.62, 5.61, 0.010, 99.47, -53.84);
insert into SHOT values (4354, 4354, 4365, 955, 9.267, 89.07, 4.35, 9.268, 89.07, 4.33, 0.003, 77.51, -72.14);
insert into SHOT values (4355, 4354, 4366, 955, 9.227, 85.66, 4.32, 9.232, 85.64, 4.29, 0.008, 55.00, -36.48);
insert into SHOT values (4356, 4354, 4367, 955, 9.393, 81.62, 3.59, 9.398, 81.60, 3.54, 0.011, 54.28, -50.31);
insert into SHOT values (4357, 4354, 4368, 955, 9.607, 77.90, 3.14, 9.607, 77.91, 3.10, 0.006, 140.18, -82.86);
insert into SHOT values (4358, 4354, 4369, 955, 9.723, 74.68, 2.48, 9.725, 74.66, 2.48, 0.004, 18.60, -10.52);
insert into SHOT values (4359, 4354, 4370, 955, 9.828, 70.94, 1.80, 9.834, 70.94, 1.75, 0.010, 66.16, -56.25);
insert into SHOT values (4360, 4354, 4371, 955, 5.406, 240.26, 9.43, 5.402, 240.31, 9.38, 0.008, 6.03, -46.56);
insert into SHOT values (4361, 4354, 4372, 955, 5.483, 247.14, 8.91, 5.480, 247.18, 8.92, 0.005, 18.53, 9.86);
insert into SHOT values (4362, 4354, 4373, 955, 5.247, 255.25, 8.38, 5.246, 255.27, 8.33, 0.005, 357.80, -71.84);
insert into SHOT values (4363, 4354, 4374, 955, 4.195, 272.13, 6.35, 4.188, 272.20, 6.31, 0.009, 52.13, -26.19);
insert into SHOT values (4364, 4354, 4375, 955, 3.200, 300.19, 7.14, 3.197, 300.28, 7.01, 0.010, 54.09, -54.45);
insert into SHOT values (4365, 4354, 4376, 955, 2.560, 335.71, 7.86, 2.566, 335.85, 7.84, 0.009, 20.17, -0.55);
insert into SHOT values (4366, 4354, 4377, 955, 2.640, 331.27, 7.38, 2.640, 331.48, 7.40, 0.009, 63.82, 5.42);
insert into SHOT values (4367, 4354, 4378, 955, 2.495, 349.70, 8.04, 2.493, 349.74, 7.84, 0.009, 111.83, -78.59);
insert into SHOT values (4368, 4354, 4379, 955, 2.973, 20.38, 10.05, 2.977, 20.35, 9.86, 0.011, 4.87, -56.18);
insert into SHOT values (4369, 4354, 4380, 955, 3.083, 44.17, 8.41, 3.088, 44.20, 8.38, 0.006, 63.13, -9.45);
insert into SHOT values (4370, 4354, 4381, 955, 4.005, 54.35, 3.66, 4.007, 54.36, 3.58, 0.006, 74.95, -68.45);
insert into SHOT values (4371, 4354, 4382, 955, 5.074, 212.87, -1.36, 5.072, 212.84, -1.36, 0.003, 82.39, 7.68);
insert into SHOT values (4372, 4354, 4383, 955, 4.385, 203.07, -3.06, 4.375, 203.04, -3.14, 0.012, 34.73, -29.70);
insert into SHOT values (4373, 4354, 4384, 955, 3.638, 195.21, -4.13, 3.637, 195.19, -4.26, 0.008, 55.08, -72.66);
insert into SHOT values (4374, 4354, 4385, 955, 3.142, 195.81, -5.94, 3.136, 195.82, -6.04, 0.009, 12.24, -34.49);
insert into SHOT values (4375, 4354, 4386, 955, 2.208, 207.43, -7.00, 2.204, 207.50, -7.04, 0.005, 355.59, -10.04);
insert into SHOT values (4376, 4354, 4387, 955, 1.505, 198.45, -10.30, 1.498, 198.19, -10.38, 0.010, 61.85, -5.26);
insert into SHOT values (4377, 4354, 4388, 955, 1.000, 181.32, -16.21, 1.000, 181.19, -16.26, 0.002, 90.28, -21.47);
insert into SHOT values (4378, 4354, 4389, 955, 0.808, 118.11, -21.65, 0.813, 117.58, -21.65, 0.009, 63.06, -12.58);
insert into SHOT values (4379, 4354, 4390, 955, 1.193, 80.73, -13.72, 1.201, 80.62, -13.97, 0.010, 61.66, -45.14);
insert into SHOT values (4380, 4354, 4391, 955, 1.844, 77.01, -8.01, 1.845, 77.03, -8.10, 0.003, 120.42, -74.85);
insert into SHOT values (4381, 4354, 4392, 955, 2.374, 80.77, -6.92, 2.379, 80.74, -7.00, 0.006, 61.84, -42.66);
insert into SHOT values (4382, 4354, 4393, 955, 2.741, 80.24, -5.84, 2.745, 80.09, -5.85, 0.008, 18.97, -7.60);
insert into SHOT values (4383, 4354, 4394, 955, 3.699, 127.27, -5.10, 3.705, 127.18, -5.11, 0.008, 81.55, -8.23);
insert into SHOT values (4384, 4354, 4395, 955, 3.703, 120.74, -5.13, 3.701, 120.67, -5.27, 0.010, 0.80, -59.48);
insert into SHOT values (4385, 4354, 4396, 955, 3.809, 112.09, -5.02, 3.811, 111.97, -5.12, 0.011, 30.79, -39.44);
insert into SHOT values (4386, 4354, 4397, 955, 4.152, 102.89, -4.56, 4.157, 102.83, -4.55, 0.006, 58.28, 0.86);
insert into SHOT values (4387, 4354, 4398, 955, 4.278, 97.33, -4.32, 4.277, 97.28, -4.43, 0.009, 347.34, -60.18);
insert into SHOT values (4388, 4354, 4399, 955, 4.578, 92.96, -4.02, 4.578, 92.89, -4.13, 0.011, 353.83, -56.74);
insert into SHOT values (4389, 4354, 4400, 955, 4.598, 91.52, -4.24, 4.604, 91.50, -4.23, 0.006, 74.48, -0.44);
insert into SHOT values (4390, 4354, 4401, 955, 5.473, 85.50, -3.59, 5.478, 85.49, -3.66, 0.009, 71.36, -56.55);
insert into SHOT values (4391, 4354, 4402, 955, 6.519, 81.71, -2.93, 6.527, 81.71, -2.99, 0.010, 79.31, -41.48);
insert into SHOT values (4392, 4354, 4403, 955, 6.573, 78.71, -2.42, 6.574, 78.67, -2.44, 0.005, 358.95, -28.95);
insert into SHOT values (4393, 4354, 4404, 955, 6.405, 237.82, 16.75, 6.399, 237.87, 16.71, 0.009, 9.95, -42.46);
insert into SHOT values (4394, 4404, 4405, 955, 2.580, 251.75, 20.25, 2.581, 251.71, 20.17, 0.004, 210.84, -51.71);
insert into SHOT values (4395, 4404, 4406, 955, 2.214, 241.05, 18.43, 2.217, 241.00, 18.40, 0.004, 211.06, 0.78);
insert into SHOT values (4396, 4404, 4407, 955, 1.740, 224.75, 11.98, 1.742, 224.76, 11.93, 0.002, 233.99, -29.57);
insert into SHOT values (4397, 4404, 4408, 955, 0.491, 211.55, 15.36, 0.497, 211.37, 15.15, 0.007, 199.07, -0.48);
insert into SHOT values (4398, 4404, 4409, 955, 0.413, 190.15, 10.74, 0.414, 189.93, 11.14, 0.003, 111.17, 61.87);
insert into SHOT values (4399, 4404, 4410, 955, 0.373, 158.38, -7.55, 0.380, 158.20, -7.56, 0.007, 148.90, -7.74);
insert into SHOT values (4400, 4404, 4411, 955, 0.343, 140.82, -4.01, 0.349, 140.83, -3.29, 0.007, 141.12, 33.07);
insert into SHOT values (4401, 4404, 4412, 955, 0.461, 117.75, -7.86, 0.469, 118.22, -7.35, 0.010, 141.49, 17.93);
insert into SHOT values (4402, 4404, 4413, 955, 0.687, 100.22, -4.76, 0.693, 100.01, -4.97, 0.007, 76.59, -25.02);
insert into SHOT values (4403, 4404, 4414, 955, 1.641, 89.64, -8.09, 1.646, 89.65, -8.03, 0.005, 91.88, 9.89);
insert into SHOT values (4404, 4404, 4415, 955, 1.972, 74.92, -7.22, 1.973, 74.90, -7.28, 0.003, 43.39, -56.11);
insert into SHOT values (4405, 4404, 4416, 955, 2.330, 73.49, -6.95, 2.330, 73.68, -6.90, 0.008, 161.17, 14.22);
insert into SHOT values (4406, 4404, 4417, 955, 2.563, 72.57, -7.49, 2.567, 72.63, -7.39, 0.007, 101.49, 35.95);
insert into SHOT values (4407, 4404, 4418, 955, 0.703, 254.93, -2.12, 0.706, 254.39, -1.62, 0.010, 192.55, 38.54);
insert into SHOT values (4408, 4404, 4419, 955, 0.544, 276.35, -11.98, 0.545, 276.46, -11.65, 0.003, 315.47, 61.43);
insert into SHOT values (4409, 4404, 4420, 955, 0.155, 322.49, -30.31, 0.151, 321.34, -31.99, 0.007, 166.50, -15.68);
insert into SHOT values (4410, 4404, 4421, 955, 0.411, 21.69, -19.46, 0.414, 22.62, -19.75, 0.007, 90.68, -24.43);
insert into SHOT values (4411, 4404, 4422, 955, 0.687, 48.19, -9.63, 0.689, 48.58, -9.19, 0.007, 106.60, 42.53);
insert into SHOT values (4412, 4404, 4423, 955, 1.747, 50.11, -3.28, 1.749, 50.11, -3.28, 0.002, 49.58, -1.11);
insert into SHOT values (4413, 4404, 4424, 955, 2.592, 54.86, -1.17, 2.592, 54.90, -1.11, 0.003, 152.28, 59.24);
insert into SHOT values (4414, 4404, 4425, 955, 1.680, 46.22, -7.35, 1.682, 46.46, -7.17, 0.009, 111.87, 33.20);
insert into SHOT values (4415, 4404, 4426, 955, 2.075, 139.08, -23.01, 2.079, 139.24, -22.93, 0.007, 188.11, 9.10);
insert into SHOT values (4416, 4404, 4427, 955, 2.696, 127.93, -41.05, 2.700, 127.83, -40.97, 0.006, 91.74, 4.59);
insert into SHOT values (4417, 4072, 4428, 955, 2.715, 127.37, -40.83, 2.718, 127.48, -40.91, 0.006, 220.19, -50.45);
insert into SHOT values (4418, 4428, 4429, 955, 0.971, 180.50, -13.88, 0.968, 180.61, -13.75, 0.004, 326.08, 42.98);
insert into SHOT values (4419, 4428, 4430, 955, 4.897, 118.42, 0.16, 4.900, 118.40, 0.23, 0.007, 77.63, 62.35);
insert into SHOT values (4420, 4354, 4431, 955, 4.750, 116.86, 0.59, 4.750, 116.78, 0.48, 0.011, 24.19, -53.23);
insert into SHOT values (4421, 4354, 4432, 955, 4.788, 110.35, 0.54, 4.787, 110.29, 0.48, 0.007, 11.95, -44.74);
insert into SHOT values (4422, 4354, 4433, 955, 5.036, 104.09, 0.22, 5.040, 104.01, 0.23, 0.008, 42.50, 4.60);
insert into SHOT values (4423, 4354, 4434, 955, 5.698, 99.45, 0.66, 5.697, 99.40, 0.60, 0.008, 357.10, -45.22);
insert into SHOT values (4424, 4354, 4435, 955, 5.975, 96.27, 1.56, 5.978, 96.24, 1.53, 0.005, 50.61, -34.85);
insert into SHOT values (4425, 4354, 4436, 955, 6.225, 90.83, 1.23, 6.232, 90.83, 1.20, 0.008, 87.79, -27.07);
insert into SHOT values (4426, 4354, 4437, 955, 6.878, 89.17, 2.18, 6.886, 89.17, 2.16, 0.008, 85.74, -11.94);
insert into SHOT values (4427, 4354, 4438, 955, 6.479, 88.10, 0.69, 6.484, 88.06, 0.62, 0.011, 43.33, -47.60);
insert into SHOT values (4428, 4354, 4439, 955, 8.395, 85.28, 2.08, 8.394, 85.28, 2.05, 0.005, 260.27, -77.44);
insert into SHOT values (4429, 4354, 4440, 955, 8.182, 88.78, 2.82, 8.182, 88.74, 2.80, 0.007, 357.75, -22.39);
insert into SHOT values (4430, 4354, 4441, 955, 7.596, 74.64, 0.49, 7.603, 74.59, 0.45, 0.011, 34.22, -26.68);
insert into SHOT values (4431, 4441, 4442, 955, 2.852, 162.42, 12.18, 2.853, 162.47, 12.14, 0.004, 219.53, -29.17);
insert into SHOT values (4432, 4441, 4443, 955, 2.735, 151.25, 12.07, 2.736, 151.42, 12.02, 0.008, 231.15, -13.11);
insert into SHOT values (4433, 4441, 4444, 955, 2.524, 130.90, 13.80, 2.525, 131.03, 13.75, 0.006, 207.66, -19.67);
insert into SHOT values (4434, 4441, 4445, 955, 2.232, 61.71, -1.90, 2.225, 61.82, -1.80, 0.009, 211.13, 25.44);
insert into SHOT values (4435, 4441, 4446, 955, 2.585, 47.92, -3.88, 2.576, 48.00, -3.78, 0.011, 206.90, 27.65);
insert into SHOT values (4436, 4441, 4447, 955, 3.851, 264.02, 0.85, 3.852, 263.89, 0.89, 0.009, 182.37, 17.84);
insert into SHOT values (4437, 4441, 4448, 955, 3.626, 270.32, -0.24, 3.630, 270.32, -0.16, 0.007, 265.50, 51.67);
insert into SHOT values (4438, 4441, 4449, 955, 3.949, 274.16, -1.54, 3.951, 274.06, -1.60, 0.008, 203.74, -28.82);
insert into SHOT values (4439, 4441, 4450, 955, 3.708, 283.87, -1.72, 3.708, 283.74, -1.70, 0.009, 191.61, 8.45);
insert into SHOT values (4440, 4441, 4451, 955, 3.570, 293.22, -2.12, 3.569, 293.11, -2.09, 0.007, 192.36, 16.94);
insert into SHOT values (4441, 4441, 4452, 955, 3.898, 301.16, -2.71, 3.894, 301.12, -2.65, 0.007, 158.73, 40.15);
insert into SHOT values (4442, 4441, 4453, 955, 4.193, 312.38, -2.82, 4.196, 312.29, -2.87, 0.008, 245.83, -27.60);
insert into SHOT values (4443, 4441, 4454, 955, 4.205, 325.64, -2.29, 4.197, 325.59, -2.32, 0.009, 171.33, -12.91);
insert into SHOT values (4444, 4441, 4455, 955, 3.969, 275.78, -2.37, 3.972, 275.64, -2.31, 0.011, 205.78, 21.47);
insert into SHOT values (4445, 4441, 4456, 955, 3.691, 286.92, -2.22, 3.691, 286.86, -2.17, 0.005, 202.60, 38.33);
insert into SHOT values (4446, 4441, 4457, 955, 3.947, 305.13, -2.35, 3.945, 304.98, -2.32, 0.011, 206.64, 9.94);
insert into SHOT values (4447, 4441, 4458, 955, 3.804, 278.39, -7.23, 3.811, 278.37, -7.24, 0.007, 263.97, -10.65);
insert into SHOT values (4448, 4441, 4459, 955, 3.522, 269.07, -8.03, 3.525, 269.02, -7.99, 0.005, 220.82, 23.54);
insert into SHOT values (4449, 4441, 4460, 955, 3.347, 258.78, -7.85, 3.346, 258.69, -7.90, 0.006, 155.15, -27.88);
insert into SHOT values (4450, 4441, 4461, 955, 3.285, 246.26, -8.07, 3.288, 246.27, -8.04, 0.003, 256.45, 22.45);
insert into SHOT values (4451, 4441, 4462, 955, 3.454, 243.70, -7.91, 3.458, 243.66, -7.81, 0.007, 214.91, 45.79);
insert into SHOT values (4452, 4441, 4463, 955, 5.067, 249.71, -5.67, 5.068, 249.70, -5.66, 0.002, 201.50, 19.68);
insert into SHOT values (4453, 4441, 4464, 955, 1.166, 233.69, -16.70, 1.170, 233.33, -16.39, 0.010, 180.16, 30.23);
insert into SHOT values (4454, 4441, 4465, 955, 1.468, 249.00, -15.00, 1.474, 249.02, -14.94, 0.006, 253.22, -0.48);
insert into SHOT values (4455, 4441, 4466, 955, 1.797, 263.36, -13.71, 1.805, 263.12, -13.79, 0.011, 215.88, -22.12);
insert into SHOT values (4456, 4441, 4467, 955, 2.238, 272.64, -12.23, 2.242, 272.61, -12.10, 0.007, 261.26, 38.32);
insert into SHOT values (4457, 4441, 4468, 955, 3.030, 282.89, -7.89, 3.035, 282.88, -7.95, 0.006, 275.40, -43.08);
insert into SHOT values (4458, 4441, 4469, 955, 2.439, 336.23, 1.36, 2.437, 336.28, 1.41, 0.004, 118.41, 33.96);
insert into SHOT values (4459, 4469, 4470, 955, 3.126, 245.12, -10.06, 3.136, 245.10, -10.10, 0.010, 236.44, -23.17);
insert into SHOT values (4460, 4469, 4471, 955, 2.855, 255.77, -10.66, 2.856, 255.77, -10.70, 0.002, 223.69, -75.06);
insert into SHOT values (4461, 4469, 4472, 955, 2.630, 268.08, -12.27, 2.632, 267.99, -12.29, 0.004, 201.04, -14.27);
insert into SHOT values (4462, 4469, 4473, 955, 2.512, 284.57, -13.09, 2.513, 284.43, -13.11, 0.006, 199.53, -10.38);
insert into SHOT values (4463, 4469, 4474, 955, 2.370, 306.52, -14.34, 2.371, 306.32, -14.41, 0.009, 216.05, -20.56);
insert into SHOT values (4464, 4469, 4475, 955, 2.358, 318.02, -14.29, 2.360, 318.01, -14.23, 0.003, 308.92, 43.93);
insert into SHOT values (4465, 4469, 4476, 955, 2.457, 335.05, -13.56, 2.454, 334.94, -13.67, 0.007, 203.99, -32.50);
insert into SHOT values (4466, 4469, 4477, 955, 2.661, 347.81, -12.48, 2.663, 347.78, -12.58, 0.005, 287.13, -73.06);
insert into SHOT values (4467, 4469, 4478, 955, 2.945, 356.89, -11.18, 2.940, 356.82, -11.18, 0.006, 214.28, 9.76);
insert into SHOT values (4468, 4469, 4479, 955, 3.904, 15.46, -7.55, 3.903, 15.44, -7.51, 0.003, 266.68, 59.69);
insert into SHOT values (4469, 4469, 4480, 955, 4.614, 23.39, -7.11, 4.609, 23.31, -7.10, 0.008, 253.78, 7.79);
insert into SHOT values (4470, 4469, 4481, 955, 5.152, 30.38, -6.08, 5.152, 30.37, -6.13, 0.004, 296.03, -76.04);
insert into SHOT values (4471, 4469, 4482, 955, 5.589, 34.98, -5.83, 5.580, 34.95, -5.86, 0.010, 233.69, -13.56);
insert into SHOT values (4472, 4469, 4483, 955, 6.018, 37.84, -5.52, 6.015, 37.81, -5.53, 0.005, 264.41, -13.04);
insert into SHOT values (4473, 4469, 4484, 955, 6.482, 39.63, -5.12, 6.475, 39.59, -5.14, 0.008, 253.93, -10.44);
insert into SHOT values (4474, 4469, 4485, 955, 8.033, 43.89, -4.04, 8.026, 43.89, -4.07, 0.008, 228.96, -29.69);
insert into SHOT values (4475, 4469, 4486, 955, 8.716, 46.79, -3.72, 8.706, 46.77, -3.75, 0.012, 242.30, -23.02);
insert into SHOT values (4476, 4469, 4487, 955, 8.721, 46.76, -3.82, 8.714, 46.72, -3.82, 0.009, 263.93, 6.27);
insert into SHOT values (4477, 4469, 4488, 955, 9.845, 47.73, -3.36, 9.843, 47.72, -3.38, 0.004, 260.27, -47.07);
insert into SHOT values (4478, 4469, 4489, 955, 11.977, 57.50, -2.47, 11.976, 57.49, -2.49, 0.004, 294.69, -59.67);
insert into SHOT values (4479, 4469, 4490, 955, 12.745, 59.16, -2.70, 12.741, 59.18, -2.70, 0.006, 187.98, 3.42);
insert into SHOT values (4480, 4469, 4491, 955, 11.694, 61.25, -2.74, 11.689, 61.28, -2.75, 0.008, 185.89, -6.92);
insert into SHOT values (4481, 4469, 4492, 955, 8.292, 62.93, -3.89, 8.284, 62.94, -3.88, 0.009, 235.02, 17.29);
insert into SHOT values (4482, 4469, 4493, 955, 7.400, 67.46, -3.95, 7.392, 67.43, -3.96, 0.009, 271.62, -1.64);
insert into SHOT values (4483, 4469, 4494, 955, 6.698, 75.10, -4.28, 6.692, 75.15, -4.29, 0.009, 212.99, -0.81);
insert into SHOT values (4484, 4469, 4495, 955, 6.585, 77.63, -5.13, 6.578, 77.66, -5.15, 0.008, 232.57, -8.46);
insert into SHOT values (4485, 4469, 4496, 955, 4.992, 79.92, -6.09, 4.985, 79.89, -6.10, 0.007, 280.28, -3.09);
insert into SHOT values (4486, 4469, 4497, 955, 4.648, 81.31, -6.70, 4.643, 81.40, -6.68, 0.008, 203.96, 15.81);
insert into SHOT values (4487, 4469, 4498, 955, 2.968, 99.52, -9.27, 2.961, 99.66, -9.33, 0.011, 238.38, -10.28);
insert into SHOT values (4488, 4469, 4499, 955, 8.410, 62.81, -3.91, 8.405, 62.82, -3.89, 0.006, 221.20, 34.53);
insert into SHOT values (4489, 4469, 4500, 955, 11.458, 62.20, -2.93, 11.453, 62.23, -2.95, 0.008, 199.64, -31.33);
insert into SHOT values (4490, 4469, 4501, 955, 2.832, 226.75, -11.28, 2.843, 226.74, -11.36, 0.012, 224.91, -31.16);
insert into SHOT values (4491, 4469, 4502, 955, 2.320, 259.50, -11.99, 2.329, 259.38, -11.89, 0.011, 233.02, 10.31);
insert into SHOT values (4492, 4469, 4503, 955, 2.200, 280.11, -13.89, 2.207, 279.95, -13.90, 0.009, 236.67, -11.77);
insert into SHOT values (4493, 4469, 4504, 955, 2.076, 300.47, -15.73, 2.080, 300.28, -15.62, 0.009, 246.76, 18.48);
insert into SHOT values (4494, 4469, 4505, 955, 2.537, 337.95, -13.75, 2.534, 337.81, -13.69, 0.007, 230.37, 25.27);
insert into SHOT values (4495, 4469, 4506, 955, 2.556, 10.76, -3.79, 2.549, 10.65, -3.82, 0.008, 228.11, -7.18);
insert into SHOT values (4496, 4469, 4507, 955, 2.421, 22.84, -5.71, 2.419, 22.73, -5.69, 0.005, 269.03, 9.69);
insert into SHOT values (4497, 4469, 4508, 955, 2.214, 37.79, -6.72, 2.204, 37.76, -6.78, 0.011, 224.20, -4.98);
insert into SHOT values (4498, 4469, 4509, 955, 2.146, 58.83, -6.21, 2.139, 58.85, -6.17, 0.007, 232.52, 17.33);
insert into SHOT values (4499, 4469, 4510, 955, 2.274, 77.15, -5.86, 2.268, 77.20, -5.82, 0.007, 240.87, 19.11);
insert into SHOT values (4500, 4469, 4511, 955, 2.078, 94.64, -7.72, 2.076, 94.74, -7.75, 0.004, 215.50, -11.66);
insert into SHOT values (4501, 4469, 4512, 955, 2.270, 108.67, -5.64, 2.272, 108.84, -5.56, 0.007, 181.04, 24.40);
insert into SURVEY values (957, 867, '3rdloop', '3rdloop.CatsHole.Cong', NULL);
 insert into CENTRELINE values (958, 957, NULL, NULL, NULL, 0.00, 0.00, 0.00);
 insert into SCRAPS values (959, 957, '3rdloopSP1', 1, 7.47179, 0.17151);
 insert into SCRAPS values (985, 957, '3rdloopSX1', 2, 0.00000, 0.00000);
 insert into MAPS values (988, 957, '3rdloopM', NULL, 1, 61.338, -2.440);
 insert into MAPITEMS values (988, 4, 959);
 insert into CENTRELINE values (989, 957, NULL, '2014-08-28', NULL, 61.34, 0.00, 0.00);
 insert into TOPO values (11, 989);
 insert into TOPO values (9, 989);
 insert into TOPO values (10, 989);
 insert into SHOT values (4502, 4513, 4514, 989, 0.000, 356.18, 0.00, 0.000, 90.00, 0.00, 0.000, 90.00, 0.00);
insert into SHOT values (4503, 4514, 4515, 989, 3.086, 153.07, 0.98, 3.086, 153.02, 0.93, 0.004, 69.36, -44.99);
insert into SHOT values (4504, 4515, 4516, 989, 2.732, 253.92, 3.84, 2.732, 254.03, 3.99, 0.009, 351.22, 54.51);
insert into SHOT values (4505, 4515, 4517, 989, 2.561, 250.50, 3.47, 2.561, 250.57, 3.58, 0.006, 354.67, 56.70);
insert into SHOT values (4506, 4515, 4518, 989, 2.141, 242.73, 3.70, 2.142, 242.72, 3.75, 0.002, 219.19, 52.07);
insert into SHOT values (4507, 4515, 4519, 989, 2.054, 220.37, 4.52, 2.056, 220.45, 4.46, 0.004, 270.06, -26.88);
insert into SHOT values (4508, 4515, 4520, 989, 1.961, 191.56, 6.35, 1.962, 191.54, 6.44, 0.003, 133.73, 75.08);
insert into SHOT values (4509, 4515, 4521, 989, 1.902, 160.57, 9.35, 1.901, 160.70, 9.39, 0.004, 268.13, 13.07);
insert into SHOT values (4510, 4515, 4522, 989, 2.698, 147.07, 8.55, 2.698, 147.08, 8.53, 0.001, 208.14, -58.18);
insert into SHOT values (4511, 4515, 4523, 989, 3.368, 139.08, 8.21, 3.366, 139.14, 8.20, 0.004, 252.13, -14.99);
insert into SHOT values (4512, 4515, 4524, 989, 3.803, 130.75, 8.97, 3.798, 130.78, 9.09, 0.009, 290.46, 49.01);
insert into SHOT values (4513, 4515, 4525, 989, 4.198, 128.13, 7.40, 4.194, 128.16, 7.40, 0.005, 276.40, -8.33);
insert into SHOT values (4514, 4515, 4526, 989, 4.751, 122.95, 7.15, 4.744, 122.95, 7.14, 0.007, 305.49, -10.82);
insert into SHOT values (4515, 4515, 4527, 989, 5.016, 119.31, 5.79, 5.014, 119.29, 5.84, 0.005, 333.77, 49.32);
insert into SHOT values (4516, 4515, 4528, 989, 5.658, 116.83, 5.26, 5.659, 116.79, 5.27, 0.004, 38.13, 18.52);
insert into SHOT values (4517, 4515, 4529, 989, 6.001, 115.36, 5.29, 6.002, 115.36, 5.35, 0.007, 143.47, 83.79);
insert into SHOT values (4518, 4515, 4530, 989, 2.036, 115.41, 9.67, 2.033, 115.41, 9.63, 0.004, 293.46, -32.31);
insert into SHOT values (4519, 4515, 4531, 989, 1.741, 113.32, 11.10, 1.741, 113.11, 11.26, 0.008, 10.26, 36.80);
insert into SHOT values (4520, 4515, 4532, 989, 0.866, 111.26, 16.44, 0.863, 111.29, 16.83, 0.006, 286.32, 49.25);
insert into SHOT values (4521, 4515, 4533, 989, 0.685, 99.72, 11.63, 0.684, 99.46, 11.82, 0.004, 338.39, 28.37);
insert into SHOT values (4522, 4515, 4534, 989, 0.768, 347.42, -15.16, 0.774, 347.64, -14.98, 0.007, 12.43, 7.20);
insert into SHOT values (4523, 4515, 4535, 989, 3.377, 128.05, 11.08, 3.376, 128.01, 11.10, 0.003, 6.69, 20.64);
insert into SHOT values (4524, 4535, 4536, 989, 1.772, 101.09, -3.33, 1.766, 101.12, -3.25, 0.007, 272.91, 26.12);
insert into SHOT values (4525, 4535, 4537, 989, 1.549, 109.35, -6.22, 1.546, 109.38, -6.31, 0.004, 274.93, -36.85);
insert into SHOT values (4526, 4535, 4538, 989, 0.939, 10.76, -17.80, 0.942, 10.93, -17.93, 0.005, 61.39, -40.19);
insert into SHOT values (4527, 4535, 4539, 989, 0.686, 9.51, -2.17, 0.689, 9.19, -1.66, 0.008, 320.11, 49.50);
insert into SHOT values (4528, 4535, 4540, 989, 0.352, 6.07, 19.42, 0.352, 5.19, 19.91, 0.006, 268.75, 30.10);
insert into SHOT values (4529, 4535, 4541, 989, 0.152, 11.37, 61.57, 0.157, 8.13, 63.20, 0.008, 257.52, 55.38);
insert into SHOT values (4530, 4535, 4542, 989, 0.583, 188.27, -23.45, 0.583, 188.58, -23.22, 0.004, 256.85, 32.54);
insert into SHOT values (4531, 4535, 4543, 989, 0.397, 190.92, -0.29, 0.398, 191.59, 0.00, 0.005, 267.67, 22.76);
insert into SHOT values (4532, 4535, 4544, 989, 0.286, 198.22, 21.51, 0.285, 197.74, 22.74, 0.007, 49.43, 50.64);
insert into SHOT values (4533, 4535, 4545, 989, 0.496, 183.31, -38.70, 0.499, 182.94, -38.44, 0.004, 146.43, 1.62);
insert into SHOT values (4534, 4535, 4546, 989, 0.455, 25.70, -60.31, 0.450, 26.57, -60.17, 0.007, 143.58, 54.09);
insert into SHOT values (4535, 4535, 4547, 989, 0.842, 9.85, -26.46, 0.837, 9.96, -26.22, 0.006, 158.92, 60.93);
insert into SHOT values (4536, 4535, 4548, 989, 1.673, 104.33, -3.84, 1.675, 104.20, -3.77, 0.005, 40.34, 26.08);
insert into SHOT values (4537, 4535, 4549, 989, 1.467, 114.03, -6.30, 1.464, 113.92, -6.28, 0.004, 335.22, 13.17);
insert into SHOT values (4538, 4535, 4550, 989, 0.772, 130.91, -13.11, 0.771, 130.68, -12.74, 0.006, 36.69, 59.66);
insert into SHOT values (4539, 4535, 4551, 989, 0.651, 143.62, -18.55, 0.651, 144.25, -18.82, 0.007, 242.90, -23.04);
insert into SHOT values (4540, 4535, 4552, 989, 0.517, 173.78, -22.38, 0.519, 174.05, -21.49, 0.009, 200.60, 53.43);
insert into SHOT values (4541, 4535, 4553, 989, 3.661, 77.73, -0.19, 3.664, 77.71, -0.16, 0.004, 52.20, 32.71);
insert into SHOT values (4542, 4535, 4554, 989, 2.802, 74.53, 0.22, 2.802, 74.48, 0.20, 0.003, 349.83, -15.63);
insert into SHOT values (4543, 4535, 4555, 989, 1.624, 70.90, -0.14, 1.619, 70.89, 0.00, 0.006, 253.42, 39.57);
insert into SHOT values (4544, 4535, 4556, 989, 1.288, 65.63, -0.18, 1.284, 65.63, 0.00, 0.005, 246.08, 48.75);
insert into SHOT values (4545, 4535, 4557, 989, 1.024, 48.20, -2.01, 1.020, 48.18, -1.69, 0.007, 234.26, 58.78);
insert into SHOT values (4546, 4535, 4558, 989, 0.781, 12.45, -9.07, 0.776, 12.04, -8.89, 0.008, 243.77, 23.99);
insert into SHOT values (4547, 4535, 4559, 989, 1.054, 341.58, -10.83, 1.053, 341.39, -10.95, 0.004, 232.96, -28.26);
insert into SHOT values (4548, 4535, 4560, 989, 1.372, 323.45, -7.20, 1.369, 323.38, -7.14, 0.004, 170.36, 28.84);
insert into SHOT values (4549, 4535, 4561, 989, 3.633, 99.32, -2.43, 3.631, 99.36, -2.37, 0.005, 220.68, 55.52);
insert into SHOT values (4550, 4561, 4562, 989, 0.698, 112.33, 10.90, 0.694, 112.43, 10.80, 0.004, 276.08, -26.28);
insert into SHOT values (4551, 4561, 4563, 989, 1.634, 97.35, 5.73, 1.632, 97.43, 5.63, 0.004, 231.38, -44.77);
insert into SHOT values (4552, 4561, 4564, 989, 2.067, 90.27, 4.83, 2.067, 90.28, 4.72, 0.004, 124.98, -83.74);
insert into SHOT values (4553, 4561, 4565, 989, 2.565, 61.25, 8.20, 2.567, 61.32, 8.06, 0.007, 104.54, -53.64);
insert into SHOT values (4554, 4561, 4566, 989, 1.916, 56.84, 8.22, 1.919, 56.81, 8.09, 0.005, 41.74, -46.53);
insert into SHOT values (4555, 4561, 4567, 989, 1.561, 46.09, 7.91, 1.556, 46.05, 7.76, 0.007, 239.83, -46.81);
insert into SHOT values (4556, 4561, 4568, 989, 1.535, 29.13, 7.75, 1.535, 29.09, 7.49, 0.007, 343.16, -78.09);
insert into SHOT values (4557, 4561, 4569, 989, 1.335, 8.61, 8.70, 1.340, 8.68, 8.58, 0.006, 24.75, -18.53);
insert into SHOT values (4558, 4561, 4570, 989, 1.318, 359.92, 9.08, 1.317, 0.00, 9.18, 0.003, 129.61, 40.72);
insert into SHOT values (4559, 4561, 4571, 989, 4.426, 82.98, 7.48, 4.430, 82.94, 7.39, 0.009, 50.43, -46.30);
insert into SHOT values (4560, 4571, 4572, 989, 1.141, 314.69, -13.89, 1.143, 314.64, -13.67, 0.005, 291.58, 54.70);
insert into SHOT values (4561, 4571, 4573, 989, 1.491, 299.72, -5.66, 1.489, 299.51, -5.40, 0.009, 194.56, 50.61);
insert into SHOT values (4562, 4571, 4574, 989, 2.921, 282.33, -6.09, 2.923, 282.32, -6.09, 0.003, 263.34, -2.50);
insert into SHOT values (4563, 4571, 4575, 989, 1.380, 248.38, -3.57, 1.380, 248.28, -3.32, 0.006, 170.34, 66.42);
insert into SHOT values (4564, 4571, 4576, 989, 2.233, 255.78, -10.76, 2.235, 255.77, -10.57, 0.008, 251.52, 62.05);
insert into SHOT values (4565, 4571, 4577, 989, 2.610, 89.61, 9.28, 2.604, 89.55, 9.28, 0.006, 293.53, -8.01);
insert into SHOT values (4566, 4571, 4578, 989, 3.447, 74.96, 6.10, 3.447, 74.95, 6.16, 0.004, 352.06, 79.88);
insert into SHOT values (4567, 4571, 4579, 989, 2.009, 110.95, 16.54, 2.004, 111.08, 16.82, 0.012, 260.93, 43.00);
insert into SHOT values (4568, 4571, 4580, 989, 3.555, 55.04, 6.74, 3.551, 55.05, 6.79, 0.005, 229.67, 31.76);
insert into SHOT values (4569, 4571, 4581, 989, 4.471, 42.92, 1.63, 4.467, 42.91, 1.67, 0.005, 231.64, 32.47);
insert into SHOT values (4570, 4571, 4582, 989, 4.871, 33.49, -0.36, 4.865, 33.43, -0.35, 0.008, 254.29, 4.27);
insert into SHOT values (4571, 4571, 4583, 989, 2.497, 135.44, 15.56, 2.496, 135.67, 15.57, 0.010, 232.30, 1.08);
insert into SHOT values (4572, 4583, 4584, 989, 2.347, 315.18, -4.50, 2.347, 315.17, -4.40, 0.004, 292.12, 78.59);
insert into SHOT values (4573, 4583, 4585, 989, 2.524, 329.30, -5.46, 2.522, 329.35, -5.46, 0.003, 99.29, 3.33);
insert into SHOT values (4574, 4583, 4586, 989, 2.801, 341.06, -5.72, 2.803, 341.18, -5.73, 0.006, 50.05, -7.96);
insert into SHOT values (4575, 4583, 4587, 989, 3.271, 348.65, -6.11, 3.271, 348.66, -5.97, 0.008, 0.97, 81.80);
insert into SHOT values (4576, 4583, 4588, 989, 3.576, 352.61, -7.16, 3.576, 352.71, -7.07, 0.009, 77.91, 41.58);
insert into SHOT values (4577, 4583, 4589, 989, 3.911, 353.72, -8.05, 3.910, 353.77, -7.94, 0.008, 77.71, 64.86);
insert into SHOT values (4578, 4583, 4590, 989, 3.380, 317.48, -19.21, 3.380, 317.67, -19.17, 0.011, 43.64, 11.64);
insert into SHOT values (4579, 4583, 4591, 989, 2.972, 319.44, -21.68, 2.967, 319.56, -21.55, 0.010, 72.87, 52.64);
insert into SHOT values (4580, 4583, 4592, 989, 3.040, 292.90, -12.19, 3.034, 293.02, -12.18, 0.008, 63.04, 13.22);
insert into SHOT values (4581, 4583, 4593, 989, 2.814, 286.34, -10.44, 2.809, 286.40, -10.46, 0.006, 76.27, -0.86);
insert into SHOT values (4582, 4583, 4594, 989, 2.598, 275.26, -9.91, 2.589, 275.40, -9.78, 0.012, 57.76, 35.46);
insert into SHOT values (4583, 4583, 4595, 989, 1.903, 266.97, -8.61, 1.903, 266.96, -8.46, 0.005, 241.66, 75.99);
insert into SHOT values (4584, 4583, 4596, 989, 1.466, 253.25, -6.46, 1.461, 253.19, -6.29, 0.007, 92.50, 45.23);
insert into SHOT values (4585, 4583, 4597, 989, 1.400, 225.21, 3.64, 1.396, 225.29, 3.70, 0.005, 20.22, 13.69);
insert into SHOT values (4586, 4583, 4598, 989, 1.542, 202.35, 14.34, 1.540, 202.09, 14.67, 0.012, 78.07, 44.24);
insert into SHOT values (4587, 4583, 4599, 989, 3.000, 193.41, 19.09, 2.994, 193.30, 19.31, 0.014, 44.38, 39.34);
insert into SHOT values (4588, 4583, 4600, 989, 3.441, 184.91, 21.50, 3.440, 184.84, 21.48, 0.004, 92.62, -15.45);
insert into SHOT values (4589, 4583, 4601, 989, 3.330, 176.24, 23.05, 3.325, 176.25, 23.20, 0.010, 353.36, 39.15);
insert into SHOT values (4590, 4583, 4602, 989, 3.030, 171.07, 22.28, 3.031, 170.97, 22.29, 0.005, 92.26, 14.24);
insert into SHOT values (4591, 4583, 4603, 989, 2.438, 168.78, 21.57, 2.436, 168.79, 21.69, 0.006, 344.21, 42.10);
insert into SHOT values (4592, 4583, 4604, 989, 2.131, 159.69, 19.81, 2.135, 159.58, 20.00, 0.009, 86.45, 61.99);
insert into SHOT values (4593, 4583, 4605, 989, 1.769, 152.90, 19.31, 1.765, 152.82, 19.53, 0.008, 355.44, 38.92);
insert into SHOT values (4594, 4583, 4606, 989, 1.445, 145.58, 15.49, 1.441, 145.28, 15.71, 0.010, 18.37, 23.96);
insert into SHOT values (4595, 4583, 4607, 989, 0.944, 139.68, 13.48, 0.948, 139.40, 13.42, 0.006, 90.67, -0.49);
insert into SHOT values (4596, 4583, 4608, 989, 0.759, 142.22, 3.93, 0.757, 141.46, 4.55, 0.013, 35.78, 37.33);
insert into SHOT values (4597, 4583, 4609, 989, 0.571, 4.60, -14.30, 0.579, 5.10, -13.98, 0.010, 33.52, 5.82);
insert into SHOT values (4598, 4583, 4610, 989, 0.773, 0.48, -18.25, 0.778, 0.77, -17.97, 0.007, 32.99, 16.42);
insert into SHOT values (4599, 4583, 4611, 989, 0.646, 126.95, 18.13, 0.640, 126.30, 18.21, 0.009, 356.08, -6.40);
insert into SHOT values (4600, 4583, 4612, 989, 0.446, 116.50, 23.11, 0.449, 115.94, 23.63, 0.006, 43.56, 49.68);
insert into SHOT values (4601, 4583, 4613, 989, 3.837, 356.42, -6.87, 3.845, 356.55, -6.87, 0.011, 44.34, -5.27);
insert into SHOT values (4602, 4613, 4614, 989, 2.171, 108.88, -2.24, 2.171, 109.10, -2.11, 0.010, 198.11, 30.01);
insert into SHOT values (4603, 4613, 4615, 989, 2.053, 78.32, -6.12, 2.043, 78.36, -5.90, 0.013, 250.43, 42.76);
insert into SHOT values (4604, 4613, 4616, 989, 2.517, 33.77, -7.83, 2.511, 33.69, -7.78, 0.007, 245.44, 23.41);
insert into SHOT values (4605, 4613, 4617, 989, 2.843, 25.00, -7.74, 2.840, 25.02, -7.69, 0.004, 190.96, 42.14);
insert into SHOT values (4606, 4613, 4618, 989, 2.867, 21.79, -6.65, 2.860, 21.69, -6.63, 0.009, 239.39, 13.62);
insert into SHOT values (4607, 4613, 4619, 989, 3.197, 14.48, -7.68, 3.188, 14.48, -7.57, 0.011, 196.52, 42.19);
insert into SHOT values (4608, 4613, 4620, 989, 3.749, 7.22, -6.19, 3.740, 7.11, -6.14, 0.012, 228.26, 20.42);
insert into SHOT values (4609, 4613, 4621, 989, 3.847, 6.10, -5.88, 3.841, 6.01, -5.83, 0.009, 232.89, 25.98);
insert into SHOT values (4610, 4613, 4622, 989, 3.974, 5.25, -5.89, 3.967, 5.23, -5.79, 0.010, 195.51, 49.48);
insert into SHOT values (4611, 4613, 4623, 989, 0.345, 332.29, -13.56, 0.341, 331.11, -13.58, 0.008, 210.36, 6.33);
insert into SHOT values (4612, 4613, 4624, 989, 3.241, 6.40, -3.17, 3.235, 6.40, -3.01, 0.011, 187.58, 57.31);
insert into SHOT values (4613, 4624, 4625, 989, 2.729, 193.16, 1.07, 2.722, 193.17, 1.05, 0.007, 10.40, -7.85);
insert into SHOT values (4614, 4624, 4626, 989, 2.040, 198.75, 3.06, 2.042, 198.88, 2.81, 0.010, 258.72, -59.40);
insert into SHOT values (4615, 4624, 4627, 989, 1.673, 210.32, 5.28, 1.674, 210.26, 5.14, 0.005, 152.65, -60.61);
insert into SHOT values (4616, 4624, 4628, 989, 1.624, 219.17, 7.43, 1.627, 219.21, 7.42, 0.003, 241.40, -0.13);
insert into SHOT values (4617, 4624, 4629, 989, 1.715, 220.85, 4.31, 1.713, 220.97, 4.02, 0.010, 338.65, -66.62);
insert into SHOT values (4618, 4624, 4630, 989, 1.697, 234.20, 2.47, 1.700, 234.34, 2.36, 0.006, 289.44, -31.18);
insert into SHOT values (4619, 4624, 4631, 989, 1.995, 256.83, 1.35, 2.002, 257.01, 1.15, 0.011, 298.69, -37.51);
insert into SHOT values (4620, 4624, 4632, 989, 2.217, 270.46, 3.28, 2.223, 270.52, 3.09, 0.010, 288.07, -44.16);
insert into SHOT values (4621, 4624, 4633, 989, 2.656, 280.76, 2.35, 2.659, 280.84, 2.16, 0.010, 327.20, -58.97);
insert into SHOT values (4622, 4624, 4634, 989, 2.864, 318.64, -4.45, 2.872, 318.68, -4.59, 0.011, 334.47, -45.92);
insert into SHOT values (4623, 4624, 4635, 989, 2.452, 327.38, -5.48, 2.458, 327.35, -5.60, 0.008, 314.24, -44.25);
insert into SHOT values (4624, 4624, 4636, 989, 1.890, 334.74, -5.10, 1.891, 334.52, -5.16, 0.007, 249.36, -15.50);
insert into SHOT values (4625, 4624, 4637, 989, 0.693, 16.89, -23.46, 0.695, 16.44, -23.76, 0.006, 289.96, -39.37);
insert into SHOT values (4626, 4624, 4638, 989, 2.512, 341.83, -9.60, 2.521, 341.71, -9.59, 0.010, 310.97, -6.04);
insert into SHOT values (4627, 4624, 4639, 989, 2.979, 348.51, -8.47, 2.982, 348.46, -8.48, 0.004, 309.03, -16.87);
insert into SHOT values (4628, 4624, 4640, 989, 3.426, 352.68, -8.58, 3.427, 352.71, -8.73, 0.009, 92.10, -80.03);
insert into SHOT values (4629, 4624, 4641, 989, 3.554, 356.85, -6.85, 3.562, 356.76, -6.93, 0.011, 317.35, -33.87);
insert into SHOT values (4630, 4624, 4642, 989, 8.455, 309.92, -6.19, 8.462, 309.94, -6.24, 0.011, 329.40, -51.10);
insert into SHOT values (4631, 4642, 4643, 989, 3.673, 246.18, -6.85, 3.678, 246.10, -6.71, 0.012, 207.80, 44.56);
insert into SHOT values (4632, 4642, 4644, 989, 8.003, 126.67, 5.69, 8.008, 126.68, 5.73, 0.008, 146.86, 53.89);
insert into SHOT values (4633, 4642, 4645, 989, 8.575, 130.20, 5.78, 8.581, 130.20, 5.82, 0.008, 129.81, 51.99);
insert into SHOT values (4634, 4642, 4646, 989, 5.188, 145.44, 5.63, 5.195, 145.48, 5.63, 0.008, 170.93, 7.23);
insert into SHOT values (4635, 4642, 4647, 989, 4.976, 146.44, 3.89, 4.976, 146.50, 3.92, 0.006, 235.83, 24.67);
insert into SHOT values (4636, 4642, 4648, 989, 4.640, 147.99, 2.53, 4.641, 147.96, 2.59, 0.006, 76.22, 59.51);
insert into SHOT values (4637, 4642, 4649, 989, 5.353, 123.41, 5.93, 5.355, 123.51, 6.00, 0.012, 208.58, 36.77);
insert into SHOT values (4638, 4642, 4650, 989, 5.892, 120.54, 7.20, 5.888, 120.56, 7.22, 0.005, 275.63, 18.55);
insert into SHOT values (4639, 4642, 4651, 989, 5.984, 116.51, 7.57, 5.987, 116.52, 7.58, 0.003, 139.10, 30.13);
insert into SHOT values (4640, 4642, 4652, 989, 4.615, 61.01, -4.01, 4.617, 61.04, -3.97, 0.004, 110.28, 39.75);
insert into SHOT values (4641, 4652, 4653, 989, 2.762, 67.02, 18.03, 2.755, 67.06, 18.19, 0.011, 236.29, 28.13);
insert into SHOT values (4642, 4653, 4654, 989, 1.415, 214.26, 38.81, 1.410, 214.27, 38.63, 0.007, 29.62, -77.81);
insert into SHOT values (4643, 4653, 4655, 989, 1.351, 199.98, 42.18, 1.345, 199.89, 42.00, 0.007, 67.27, -72.32);
insert into SHOT values (4644, 4653, 4656, 989, 1.395, 168.74, 44.00, 1.393, 168.47, 44.12, 0.006, 44.38, 9.27);
insert into SHOT values (4645, 4653, 4657, 989, 1.596, 149.74, 38.90, 1.594, 149.51, 38.85, 0.005, 55.23, -24.02);
insert into SHOT values (4646, 4653, 4658, 989, 3.208, 128.67, 19.62, 3.207, 128.69, 19.49, 0.007, 157.14, -74.26);
insert into SHOT values (4647, 4653, 4659, 989, 3.818, 121.55, 16.06, 3.819, 121.53, 15.96, 0.007, 92.82, -61.47);
insert into SHOT values (4648, 4653, 4660, 989, 4.225, 114.92, 13.68, 4.232, 114.88, 13.67, 0.007, 91.74, 6.37);
insert into SHOT values (4649, 4653, 4661, 989, 4.838, 109.00, 12.22, 4.846, 108.97, 12.15, 0.010, 93.11, -23.54);
insert into SHOT values (4650, 4653, 4662, 989, 5.169, 104.84, 10.74, 5.169, 104.83, 10.70, 0.003, 50.57, -69.04);
insert into SHOT values (4651, 4653, 4663, 989, 5.389, 103.06, 10.48, 5.395, 102.96, 10.47, 0.011, 46.63, -1.13);
insert into SHOT values (4652, 4653, 4664, 989, 2.467, 245.65, 26.27, 2.461, 245.64, 26.29, 0.006, 69.11, -18.08);
insert into SHOT values (4653, 4653, 4665, 989, 2.285, 254.86, 26.62, 2.281, 254.94, 26.56, 0.006, 28.44, -44.05);
insert into SHOT values (4654, 4653, 4666, 989, 2.034, 267.62, 28.26, 2.032, 267.76, 28.19, 0.005, 0.26, -34.91);
insert into SHOT values (4655, 4653, 4667, 989, 1.826, 276.38, 31.02, 1.822, 276.62, 31.06, 0.008, 40.35, -7.19);
insert into SHOT values (4656, 4653, 4668, 989, 1.761, 281.63, 34.87, 1.753, 281.62, 34.79, 0.009, 104.06, -52.01);
insert into SHOT values (4657, 4653, 4669, 989, 1.718, 103.95, 2.03, 1.721, 103.79, 2.00, 0.005, 43.39, -8.98);
insert into SHOT values (4658, 4669, 4670, 989, 0.586, 132.65, -26.65, 0.595, 132.71, -26.96, 0.010, 137.06, -45.51);
insert into SHOT values (4659, 4669, 4671, 989, 0.446, 233.63, -59.98, 0.449, 234.16, -60.35, 0.004, 351.93, -58.60);
insert into SHOT values (4660, 4669, 4672, 989, 4.159, 262.87, 18.29, 4.159, 262.87, 18.21, 0.005, 272.24, -72.52);
insert into SHOT values (4661, 4669, 4673, 989, 4.067, 269.00, 17.62, 4.061, 268.96, 17.63, 0.006, 113.40, -10.13);
insert into SHOT values (4662, 4669, 4674, 989, 2.459, 291.94, 22.12, 2.454, 291.94, 22.02, 0.007, 111.51, -61.38);
insert into SHOT values (4663, 4669, 4675, 989, 2.075, 294.82, 22.59, 2.072, 294.69, 22.42, 0.008, 195.54, -58.21);
insert into SHOT values (4664, 4669, 4676, 989, 1.841, 300.28, 24.00, 1.841, 300.38, 24.05, 0.003, 50.62, 21.34);
insert into SHOT values (4665, 4669, 4677, 989, 1.321, 312.22, 31.63, 1.314, 312.10, 31.67, 0.007, 153.15, -22.98);
insert into SHOT values (4666, 4669, 4678, 989, 0.852, 338.89, 36.75, 0.853, 339.44, 36.73, 0.007, 61.80, 1.96);
insert into SHOT values (4667, 4669, 4679, 989, 0.806, 24.22, 42.82, 0.800, 23.96, 42.42, 0.008, 288.45, -71.11);
insert into SHOT values (4668, 4669, 4680, 989, 0.850, 44.34, 39.77, 0.851, 44.38, 39.39, 0.006, 50.83, -40.78);
insert into SHOT values (4669, 4669, 4681, 989, 0.937, 59.49, 31.46, 0.936, 59.90, 31.57, 0.006, 166.42, 9.35);
insert into SHOT values (4670, 4669, 4682, 989, 1.079, 77.82, 29.85, 1.080, 77.74, 29.38, 0.009, 63.76, -50.51);
insert into SHOT values (4671, 4669, 4683, 989, 1.474, 91.12, 21.57, 1.473, 91.25, 21.51, 0.004, 189.15, -30.51);
insert into SHOT values (4672, 4669, 4684, 989, 1.627, 92.75, 19.90, 1.627, 92.62, 19.75, 0.005, 29.18, -44.04);
insert into SHOT values (4673, 4669, 4685, 989, 1.840, 94.97, 18.21, 1.837, 94.93, 18.08, 0.005, 318.84, -68.85);
insert into SHOT values (4674, 4669, 4686, 989, 1.812, 108.48, -2.18, 1.817, 108.63, -2.21, 0.007, 155.93, -9.24);
insert into SHOT values (4675, 4669, 4687, 989, 0.597, 120.08, -7.89, 0.597, 120.47, -7.70, 0.004, 205.32, 26.10);
insert into SHOT values (4676, 4669, 4688, 989, 0.873, 293.75, 3.68, 0.875, 293.63, 3.28, 0.007, 251.05, -65.61);
insert into SHOT values (4677, 4669, 4689, 989, 1.700, 286.64, 8.42, 1.699, 286.60, 8.46, 0.002, 142.01, 27.96);
insert into SHOT values (4678, 4669, 4690, 989, 2.778, 283.39, 8.95, 2.777, 283.28, 8.91, 0.006, 184.46, -21.41);
insert into SHOT values (4679, 4669, 4691, 989, 1.895, 129.04, 1.12, 1.892, 128.99, 0.91, 0.008, 335.37, -62.09);
insert into SHOT values (4680, 4669, 4692, 989, 1.407, 142.31, 0.86, 1.404, 142.23, 0.82, 0.003, 358.16, -18.74);
insert into SHOT values (4681, 4669, 4693, 989, 0.965, 169.24, -6.01, 0.962, 169.16, -5.96, 0.003, 16.69, 19.37);
insert into SHOT values (4682, 4669, 4694, 989, 0.644, 206.76, -10.38, 0.646, 206.16, -10.70, 0.008, 130.00, -30.16);
insert into SHOT values (4683, 4669, 4695, 989, 0.712, 240.01, -0.64, 0.717, 239.86, -0.80, 0.006, 219.04, -21.00);
insert into SHOT values (4684, 4669, 4696, 989, 1.849, 265.74, 6.61, 1.847, 265.63, 6.53, 0.005, 155.54, -35.68);
insert into SHOT values (4685, 4669, 4697, 989, 2.073, 266.79, 7.12, 2.069, 266.65, 6.94, 0.009, 142.03, -48.43);
insert into SHOT values (4686, 4669, 4698, 989, 2.084, 267.92, 5.92, 2.082, 267.79, 5.79, 0.007, 162.43, -44.44);
insert into SHOT values (4687, 4669, 4699, 989, 1.547, 179.11, 2.26, 1.551, 178.89, 2.22, 0.008, 126.10, -7.68);
insert into SHOT values (4688, 4669, 4700, 989, 2.570, 186.61, 2.59, 2.569, 186.49, 2.45, 0.008, 86.89, -47.66);
insert into SHOT values (4689, 4669, 4701, 989, 4.178, 190.10, 0.74, 4.175, 190.07, 0.69, 0.006, 42.99, -44.99);
insert into SHOT values (4690, 4669, 4702, 989, 4.879, 200.90, 0.14, 4.881, 200.89, 0.12, 0.003, 163.58, -41.77);
insert into SHOT values (4691, 4669, 4703, 989, 4.435, 202.89, -1.19, 4.438, 202.81, -1.29, 0.011, 137.29, -48.37);
insert into SHOT values (4692, 4669, 4704, 989, 3.102, 203.61, 1.13, 3.099, 203.59, 1.11, 0.003, 51.19, -22.65);
insert into SHOT values (4693, 4669, 4705, 989, 2.533, 207.19, -0.61, 2.532, 207.27, -0.68, 0.005, 318.70, -37.74);
insert into SHOT values (4694, 4669, 4706, 989, 1.960, 210.03, 0.09, 1.962, 209.96, 0.00, 0.004, 163.59, -43.38);
insert into SHOT values (4695, 4669, 4707, 989, 1.688, 213.33, 1.70, 1.690, 213.41, 1.70, 0.003, 264.44, -1.51);
insert into SHOT values (4696, 4669, 4708, 989, 1.080, 219.87, 2.50, 1.080, 219.74, 2.12, 0.008, 138.39, -70.32);
insert into SHOT values (4697, 4669, 4709, 989, 5.316, 198.43, 4.71, 5.317, 198.37, 4.64, 0.009, 126.34, -46.06);
insert into SHOT values (4698, 4709, 4710, 989, 0.638, 238.03, -33.16, 0.642, 238.67, -33.02, 0.008, 291.96, -7.86);
insert into SHOT values (4699, 4709, 4711, 989, 0.951, 246.31, -19.86, 0.951, 246.30, -19.66, 0.003, 235.30, 69.91);
insert into SHOT values (4700, 4709, 4712, 989, 1.204, 247.62, -13.84, 1.199, 247.83, -13.50, 0.010, 11.11, 57.07);
insert into SHOT values (4701, 4709, 4713, 989, 2.022, 248.52, -12.45, 2.022, 248.63, -12.28, 0.007, 317.98, 56.03);
insert into SHOT values (4702, 4709, 4714, 989, 2.267, 250.83, -12.43, 2.271, 251.08, -12.20, 0.014, 307.94, 35.25);
insert into SHOT values (4703, 4709, 4715, 989, 1.316, 306.52, 48.11, 1.321, 306.74, 47.88, 0.008, 331.46, 2.37);
insert into SHOT values (4704, 4715, 4716, 989, 1.372, 44.63, -64.07, 1.366, 45.00, -64.22, 0.008, 192.04, 28.66);
insert into SHOT values (4705, 4715, 4717, 989, 1.576, 12.32, -54.88, 1.573, 12.18, -55.09, 0.007, 211.02, -7.71);
insert into SHOT values (4706, 4715, 4718, 989, 1.746, 2.58, -39.13, 1.742, 2.54, -39.15, 0.004, 198.18, 30.41);
insert into SHOT values (4707, 4715, 4719, 989, 3.849, 359.05, -26.28, 3.847, 359.00, -26.23, 0.005, 256.22, 54.94);
insert into SHOT values (4708, 4715, 4720, 989, 4.171, 356.53, -24.14, 4.160, 356.53, -24.12, 0.011, 178.13, 32.04);
insert into SHOT values (4709, 4715, 4721, 989, 1.124, 315.96, -76.46, 1.119, 315.00, -76.85, 0.010, 162.28, 15.99);
insert into SHOT values (4710, 4715, 4722, 989, 1.180, 336.17, -63.37, 1.173, 336.37, -63.48, 0.007, 136.07, 42.28);
insert into SHOT values (4711, 4715, 4723, 989, 1.954, 343.13, -44.06, 1.953, 342.99, -44.14, 0.005, 214.07, -14.45);
insert into SHOT values (4712, 4715, 4724, 989, 2.391, 351.39, -29.35, 2.389, 351.44, -29.32, 0.003, 107.36, 43.18);
insert into SHOT values (4713, 4715, 4725, 989, 2.742, 354.45, -24.96, 2.735, 354.45, -24.86, 0.008, 174.97, 58.91);
insert into SHOT values (4714, 4715, 4726, 989, 2.863, 353.18, -20.02, 2.862, 353.17, -20.02, 0.001, 212.29, 7.09);
insert into SHOT values (4715, 4715, 4727, 989, 2.833, 355.84, -26.77, 2.828, 355.91, -26.69, 0.007, 128.20, 53.97);
insert into SHOT values (4716, 4715, 4728, 989, 2.985, 355.56, -26.91, 2.981, 355.47, -26.92, 0.006, 226.43, 10.11);
insert into SHOT values (4717, 4728, 4729, 989, 2.990, 355.92, -26.61, 2.993, 355.93, -26.59, 0.004, 2.48, -11.88);
insert into SHOT values (4718, 4728, 4730, 989, 1.370, 325.19, -3.35, 1.367, 325.15, -3.35, 0.003, 166.28, 1.07);
insert into SHOT values (4719, 4728, 4731, 989, 1.745, 334.08, -3.75, 1.748, 334.17, -3.61, 0.006, 15.86, 45.64);
insert into SHOT values (4720, 4728, 4732, 989, 2.024, 342.49, -5.25, 2.020, 342.65, -5.11, 0.008, 108.49, 37.73);
insert into SHOT values (4721, 4728, 4733, 989, 2.347, 349.15, -7.27, 2.348, 349.37, -7.09, 0.011, 67.01, 38.17);
insert into SHOT values (4722, 4728, 4734, 989, 0.283, 320.00, -5.48, 0.285, 320.71, -4.02, 0.008, 14.35, 58.34);
insert into SHOT values (4723, 4728, 4735, 989, 0.451, 327.51, 4.07, 0.450, 327.72, 3.82, 0.003, 71.66, -49.36);
insert into SHOT values (4724, 4669, 4736, 989, 3.045, 108.10, 13.81, 3.043, 108.13, 13.69, 0.007, 206.36, -78.20);
insert into SHOT values (4725, 4736, 4737, 989, 4.140, 17.65, -11.11, 4.137, 17.63, -11.01, 0.008, 237.36, 74.54);
insert into SHOT values (4726, 4736, 4738, 989, 3.525, 22.29, -9.69, 3.530, 22.29, -9.62, 0.006, 21.95, 31.82);
insert into SHOT values (4727, 4736, 4739, 989, 1.900, 23.70, -9.88, 1.894, 23.68, -9.72, 0.008, 211.41, 52.46);
insert into SHOT values (4728, 4736, 4740, 989, 1.752, 24.82, -9.99, 1.757, 24.94, -9.83, 0.008, 55.18, 29.58);
insert into SHOT values (4729, 4736, 4741, 989, 1.461, 29.31, -9.66, 1.466, 29.40, -9.42, 0.008, 50.05, 38.86);
insert into SHOT values (4730, 4736, 4742, 989, 1.207, 37.56, -10.60, 1.210, 37.83, -10.47, 0.007, 93.94, 16.67);
insert into SHOT values (4731, 4736, 4743, 989, 0.821, 53.38, -12.16, 0.826, 53.56, -11.88, 0.007, 77.72, 26.20);
insert into SHOT values (4732, 4736, 4744, 989, 4.869, 352.29, -10.51, 4.863, 352.31, -10.42, 0.009, 151.81, 60.57);
insert into SHOT values (4733, 4736, 4745, 989, 3.329, 347.71, -8.97, 3.326, 347.70, -8.99, 0.003, 182.30, -17.91);
insert into SHOT values (4734, 4736, 4746, 989, 2.613, 342.75, -8.80, 2.615, 342.90, -8.80, 0.007, 55.63, -2.06);
insert into SHOT values (4735, 4736, 4747, 989, 2.205, 337.19, -9.71, 2.201, 337.22, -9.68, 0.005, 143.68, 23.87);
insert into SHOT values (4736, 4736, 4748, 989, 1.571, 322.61, -5.96, 1.570, 322.54, -5.85, 0.004, 219.61, 58.69);
insert into SHOT values (4737, 4736, 4749, 989, 1.283, 310.29, -4.52, 1.281, 310.55, -4.48, 0.006, 62.57, 9.99);
insert into SHOT values (4738, 4736, 4750, 989, 1.852, 345.37, -22.48, 1.852, 345.48, -22.21, 0.009, 27.56, 59.75);
insert into SHOT values (4739, 4736, 4751, 989, 1.638, 345.28, -26.98, 1.635, 345.30, -26.91, 0.004, 154.19, 57.03);
insert into SHOT values (4740, 4736, 4752, 989, 1.397, 353.69, -32.63, 1.396, 353.66, -32.50, 0.003, 310.63, 73.97);
insert into SHOT values (4741, 4736, 4753, 989, 1.485, 2.53, -32.22, 1.488, 2.73, -32.06, 0.007, 42.65, 14.78);
insert into SHOT values (4742, 4736, 4754, 989, 2.159, 9.28, -24.02, 2.159, 9.32, -23.76, 0.010, 27.33, 64.29);
insert into SHOT values (4743, 4736, 4755, 989, 2.710, 5.96, -19.51, 2.708, 6.07, -19.41, 0.007, 97.10, 46.80);
insert into SHOT values (4744, 4736, 4756, 989, 2.950, 5.41, -17.22, 2.954, 5.49, -17.13, 0.007, 41.78, 27.35);
insert into SHOT values (4745, 4736, 4757, 989, 2.367, 347.96, -19.03, 2.367, 348.14, -18.99, 0.007, 76.80, 14.56);
insert into SHOT values (4746, 4736, 4758, 989, 3.356, 4.58, -17.41, 3.353, 4.66, -17.35, 0.006, 115.56, 41.41);
insert into SHOT values (4747, 4758, 4759, 989, 1.365, 48.47, 0.76, 1.367, 48.26, 0.84, 0.006, 340.73, 19.37);
insert into SHOT values (4748, 4758, 4760, 989, 1.548, 225.96, -48.83, 1.551, 225.80, -48.96, 0.006, 122.32, -57.39);
insert into SHOT values (4749, 4758, 4761, 989, 1.406, 214.58, -55.95, 1.412, 214.70, -55.95, 0.006, 239.90, -53.98);
insert into SHOT values (4750, 4758, 4762, 989, 1.458, 222.23, -54.19, 1.458, 222.63, -54.03, 0.007, 283.98, 19.22);
insert into SHOT values (4751, 4758, 4763, 989, 1.467, 246.39, -53.15, 1.465, 246.63, -52.98, 0.006, 301.42, 40.91);
insert into SHOT values (4752, 4758, 4764, 989, 1.725, 324.65, -41.76, 1.728, 324.46, -41.71, 0.006, 274.85, -11.47);
insert into SHOT values (4753, 4758, 4765, 989, 1.989, 347.72, -35.57, 1.991, 347.51, -35.63, 0.007, 261.81, -26.64);
insert into SHOT values (4754, 4758, 4766, 989, 2.171, 349.99, -31.83, 2.177, 350.03, -31.89, 0.006, 9.25, -54.31);
insert into SURVEY values (991, 867, '1stloop', '1stloop.CatsHole.Cong', NULL);
 insert into CENTRELINE values (992, 991, NULL, NULL, NULL, 0.00, 0.00, 0.00);
 insert into SCRAPS values (993, 991, '1stloopSP1', 1, 0.55568, 0.05757);
 insert into SCRAPS values (1005, 991, 'inileftpassSP1', 1, 20.03983, 3.96702);
 insert into CENTRELINE values (1012, 991, NULL, '2014-08-28', NULL, 14.90, 0.00, 0.00);
 insert into TOPO values (11, 1012);
 insert into TOPO values (9, 1012);
 insert into TOPO values (10, 1012);
 insert into SHOT values (4755, 4767, 4768, 1012, 2.006, 221.55, 12.14, 2.007, 221.49, 12.08, 0.003, 161.23, -36.87);
insert into SHOT values (4756, 4767, 4769, 1012, 1.961, 213.15, 11.92, 1.963, 213.11, 11.76, 0.006, 191.83, -53.92);
insert into SHOT values (4757, 4767, 4770, 1012, 1.515, 202.85, 12.85, 1.517, 203.10, 12.95, 0.007, 280.04, 25.24);
insert into SHOT values (4758, 4767, 4771, 1012, 1.131, 190.98, 14.13, 1.135, 191.00, 14.28, 0.005, 198.10, 48.29);
insert into SHOT values (4759, 4767, 4772, 1012, 0.919, 167.20, 14.11, 0.919, 167.05, 13.84, 0.005, 108.82, -56.22);
insert into SHOT values (4760, 4767, 4773, 1012, 0.541, 46.37, 10.77, 0.533, 46.55, 10.82, 0.008, 214.97, -7.62);
insert into SHOT values (4761, 4767, 4774, 1012, 0.922, 22.40, 12.28, 0.919, 22.28, 12.57, 0.006, 228.69, 41.39);
insert into SHOT values (4762, 4767, 4775, 1012, 1.105, 15.48, 10.64, 1.098, 15.58, 10.49, 0.008, 178.93, -31.37);
insert into SHOT values (4763, 4767, 4776, 1012, 1.480, 11.49, 8.94, 1.477, 11.46, 8.96, 0.003, 204.86, 0.15);
insert into SHOT values (4764, 4767, 4777, 1012, 1.807, 7.18, 7.06, 1.807, 7.05, 6.99, 0.005, 280.42, -26.29);
insert into SHOT values (4765, 4767, 4778, 1012, 0.711, 305.81, 41.05, 0.715, 305.17, 41.13, 0.007, 234.19, 25.72);
insert into SHOT values (4766, 4767, 4779, 1012, 1.289, 10.18, -0.71, 1.291, 10.27, -0.89, 0.005, 57.32, -57.33);
insert into SHOT values (4767, 4767, 4780, 1012, 1.715, 53.73, -39.62, 1.709, 53.65, -39.63, 0.006, 253.60, 34.45);
insert into SHOT values (4768, 4780, 4781, 1012, 2.773, 320.93, 36.47, 2.765, 321.02, 36.39, 0.010, 103.58, -55.93);
insert into SHOT values (4769, 4780, 4782, 1012, 2.732, 327.42, 35.73, 2.728, 327.53, 35.65, 0.007, 74.15, -51.12);
insert into SHOT values (4770, 4780, 4783, 1012, 2.298, 334.27, 37.22, 2.298, 334.42, 37.23, 0.005, 71.38, -0.09);
insert into SHOT values (4771, 4780, 4784, 1012, 1.950, 338.65, 38.10, 1.949, 338.61, 38.00, 0.004, 299.60, -64.04);
insert into SHOT values (4772, 4780, 4785, 1012, 1.839, 343.36, 40.57, 1.836, 343.38, 40.40, 0.006, 359.78, -75.48);
insert into SHOT values (4773, 4780, 4786, 1012, 1.899, 355.52, 43.12, 1.892, 355.44, 42.98, 0.008, 222.85, -72.16);
insert into SHOT values (4774, 4780, 4787, 1012, 3.045, 338.28, 13.23, 3.038, 338.38, 13.13, 0.010, 118.56, -41.19);
insert into SHOT values (4775, 4780, 4788, 1012, 3.093, 342.67, 12.59, 3.091, 342.65, 12.52, 0.005, 208.66, -66.29);
insert into SHOT values (4776, 4780, 4789, 1012, 3.146, 351.32, 11.96, 3.143, 351.40, 11.94, 0.005, 119.19, -21.00);
insert into SHOT values (4777, 4780, 4790, 1012, 3.374, 358.36, 10.95, 3.373, 358.44, 10.94, 0.005, 104.38, -10.41);
insert into SHOT values (4778, 4780, 4791, 1012, 3.567, 5.20, 9.24, 3.570, 5.21, 9.19, 0.005, 12.53, -35.42);
insert into SHOT values (4779, 4780, 4792, 1012, 3.563, 11.74, 9.37, 3.562, 11.82, 9.37, 0.005, 112.35, -1.03);
insert into SHOT values (4780, 4780, 4793, 1012, 4.091, 124.00, 4.08, 4.096, 123.92, 4.06, 0.007, 74.71, -8.35);
insert into SHOT values (4781, 4780, 4794, 1012, 3.852, 117.88, 4.27, 3.857, 117.90, 4.16, 0.009, 128.53, -49.23);
insert into SHOT values (4782, 4780, 4795, 1012, 3.783, 113.85, 2.68, 3.787, 113.85, 2.57, 0.008, 117.12, -57.83);
insert into SHOT values (4783, 4780, 4796, 1012, 3.702, 105.67, 0.80, 3.708, 105.65, 0.77, 0.006, 91.27, -15.81);
insert into SHOT values (4784, 4780, 4797, 1012, 3.750, 99.09, -0.78, 3.757, 99.04, -0.92, 0.012, 71.70, -48.76);
insert into SHOT values (4785, 4780, 4798, 1012, 3.703, 94.98, -2.01, 3.706, 94.96, -2.01, 0.004, 67.87, -1.98);
insert into SHOT values (4786, 4780, 4799, 1012, 3.726, 93.59, -2.41, 3.731, 93.54, -2.46, 0.007, 55.42, -30.70);
insert into SHOT values (4787, 4780, 4800, 1012, 3.773, 128.94, 3.37, 3.775, 128.97, 3.34, 0.003, 170.21, -33.27);
insert into SHOT values (4788, 4780, 4801, 1012, 3.159, 141.35, 3.81, 3.159, 141.31, 3.81, 0.002, 40.05, 2.35);
insert into SHOT values (4789, 4780, 4802, 1012, 2.889, 157.12, 3.41, 2.891, 157.17, 3.37, 0.004, 202.00, -29.67);
insert into SHOT values (4790, 4780, 4803, 1012, 2.991, 164.19, 5.20, 2.994, 164.24, 5.17, 0.004, 200.45, -14.30);
insert into SHOT values (4791, 4780, 4804, 1012, 3.114, 172.35, 6.25, 3.116, 172.21, 6.08, 0.012, 104.41, -47.55);
insert into SHOT values (4792, 4780, 4805, 1012, 3.371, 182.76, 6.34, 3.374, 182.73, 6.30, 0.004, 158.32, -30.85);
insert into SHOT values (4793, 4780, 4806, 1012, 3.588, 188.66, 6.63, 3.583, 188.56, 6.57, 0.009, 63.36, -29.60);
insert into SHOT values (4794, 4780, 4807, 1012, 3.942, 192.82, 7.70, 3.940, 192.72, 7.58, 0.011, 97.80, -49.68);
insert into SHOT values (4795, 4780, 4808, 1012, 4.359, 204.12, 12.49, 4.355, 204.15, 12.47, 0.005, 349.56, -32.26);
insert into SHOT values (4796, 4780, 4809, 1012, 1.995, 206.88, 14.34, 1.989, 206.83, 14.26, 0.007, 44.45, -36.33);
insert into SHOT values (4797, 4780, 4810, 1012, 1.793, 211.71, 15.93, 1.792, 211.48, 15.87, 0.007, 117.42, -16.64);
insert into SHOT values (4798, 4780, 4811, 1012, 1.276, 210.08, -2.69, 1.274, 210.19, -2.70, 0.003, 338.71, -2.09);
insert into SHOT values (4799, 4780, 4812, 1012, 0.988, 207.53, -7.33, 0.988, 207.35, -7.56, 0.005, 109.43, -51.59);
insert into SHOT values (4800, 4780, 4813, 1012, 0.892, 197.39, -10.92, 0.896, 197.20, -10.94, 0.005, 156.93, -12.64);
insert into SHOT values (4801, 4780, 4814, 1012, 0.538, 184.25, -17.62, 0.538, 183.37, -18.41, 0.011, 80.44, -41.34);
insert into SHOT values (4802, 4780, 4815, 1012, 0.352, 172.67, -27.98, 0.356, 172.65, -28.54, 0.005, 168.40, -70.50);
insert into SHOT values (4803, 4780, 4816, 1012, 1.619, 169.33, -0.35, 1.618, 169.32, -0.35, 0.001, 15.64, -6.16);
insert into SHOT values (4804, 4780, 4817, 1012, 1.423, 156.20, -3.79, 1.427, 155.96, -4.02, 0.009, 96.88, -39.97);
insert into SHOT values (4805, 4780, 4818, 1012, 0.847, 142.96, -4.26, 0.845, 142.72, -4.75, 0.008, 16.00, -58.15);
insert into SHOT values (4806, 4780, 4819, 1012, 0.835, 117.36, -13.58, 0.834, 117.20, -13.88, 0.005, 344.28, -51.33);
insert into SHOT values (4807, 4780, 4820, 1012, 0.648, 88.84, -4.24, 0.652, 89.12, -4.40, 0.005, 128.17, -22.82);
insert into SHOT values (4808, 4780, 4821, 1012, 2.455, 161.19, -2.99, 2.454, 161.20, -3.04, 0.002, 328.88, -66.09);
insert into SHOT values (4809, 4780, 4822, 1012, 2.679, 152.11, -3.15, 2.675, 152.09, -3.21, 0.005, 343.93, -32.09);
insert into SHOT values (4810, 4780, 4823, 1012, 2.736, 142.48, -3.58, 2.744, 142.42, -3.76, 0.012, 120.90, -48.45);
insert into SHOT values (4811, 4780, 4824, 1012, 2.754, 132.20, -3.83, 2.760, 132.20, -3.95, 0.009, 133.38, -44.84);
insert into SHOT values (4812, 4780, 4825, 1012, 2.785, 119.88, -3.87, 2.784, 119.80, -3.91, 0.005, 9.72, -24.83);
insert into SHOT values (4813, 4780, 4826, 1012, 2.929, 111.11, -3.64, 2.931, 111.04, -3.72, 0.006, 47.54, -43.96);
insert into SHOT values (4814, 4780, 4827, 1012, 3.055, 107.38, -3.55, 3.055, 107.37, -3.57, 0.001, 5.94, -44.11);
insert into SHOT values (4815, 4780, 4828, 1012, 3.561, 93.47, -3.25, 3.563, 93.55, -3.38, 0.009, 165.25, -58.85);
insert into SHOT values (4816, 4780, 4829, 1012, 1.416, 81.61, 15.10, 1.421, 81.63, 14.68, 0.012, 85.81, -49.65);
insert into SHOT values (4817, 4829, 4830, 1012, 2.869, 37.56, -10.57, 2.858, 37.48, -10.48, 0.013, 238.57, 29.99);
insert into SHOT values (4818, 4830, 4831, 1012, 2.003, 204.20, 0.80, 1.996, 204.25, 0.86, 0.007, 8.65, 16.51);
insert into SHOT values (4819, 4830, 4832, 1012, 1.374, 181.19, -0.17, 1.370, 180.84, -0.42, 0.011, 66.64, -32.42);
insert into SHOT values (4820, 4830, 4833, 1012, 1.195, 150.86, 0.77, 1.196, 150.43, 0.48, 0.011, 65.83, -34.07);
insert into SHOT values (4821, 4830, 4834, 1012, 1.175, 139.17, 0.20, 1.169, 138.81, 0.00, 0.010, 11.14, -23.91);
insert into SHOT values (4822, 4830, 4835, 1012, 1.358, 114.50, -0.30, 1.361, 114.30, -0.42, 0.006, 53.61, -28.41);
insert into SHOT values (4823, 4830, 4836, 1012, 1.865, 105.73, -0.52, 1.868, 105.52, -0.61, 0.008, 41.23, -22.35);
insert into SHOT values (4824, 4830, 4837, 1012, 2.080, 99.44, 1.71, 2.089, 99.37, 1.65, 0.009, 83.48, -12.74);
insert into SHOT values (4825, 4830, 4838, 1012, 2.830, 94.16, 0.99, 2.837, 94.04, 1.01, 0.010, 55.99, 6.62);
insert into SHOT values (4826, 4830, 4839, 1012, 2.813, 87.93, 0.69, 2.822, 87.77, 0.61, 0.013, 46.91, -17.39);
insert into SHOT values (4827, 4830, 4840, 1012, 3.176, 286.79, 11.42, 3.176, 286.81, 11.44, 0.001, 30.28, 56.03);
insert into SHOT values (4828, 4830, 4841, 1012, 2.986, 291.46, 11.34, 2.985, 291.66, 11.40, 0.010, 28.08, 15.93);
insert into SHOT values (4829, 4830, 4842, 1012, 2.197, 301.52, 12.57, 2.195, 301.84, 12.63, 0.012, 41.69, 8.87);
insert into SHOT values (4830, 4830, 4843, 1012, 2.183, 313.18, 12.46, 2.181, 313.29, 12.45, 0.005, 72.80, -12.41);
insert into SHOT values (4831, 4830, 4844, 1012, 2.089, 330.70, 11.37, 2.091, 330.81, 11.31, 0.005, 29.17, -21.91);
insert into SHOT values (4832, 4830, 4845, 1012, 2.313, 342.08, 8.55, 2.315, 342.20, 8.45, 0.007, 45.60, -36.60);
insert into SHOT values (4833, 4830, 4846, 1012, 3.251, 350.93, 5.53, 3.255, 350.94, 5.46, 0.006, 0.55, -35.68);
insert into SHOT values (4834, 4830, 4847, 1012, 3.227, 0.53, 3.62, 3.226, 0.53, 3.55, 0.004, 160.85, -83.19);
insert into SHOT values (4835, 4830, 4848, 1012, 3.320, 11.88, 2.88, 3.327, 11.99, 2.93, 0.010, 54.53, 19.49);
insert into SHOT values (4836, 4830, 4849, 1012, 2.005, 252.71, -1.97, 2.000, 252.83, -2.01, 0.007, 30.75, -9.52);
insert into SHOT values (4837, 4830, 4850, 1012, 1.702, 260.95, -2.15, 1.692, 261.15, -2.37, 0.014, 52.11, -26.73);
insert into SHOT values (4838, 4830, 4851, 1012, 1.339, 276.87, -3.00, 1.332, 276.91, -3.01, 0.008, 89.80, 0.59);
insert into SHOT values (4839, 4830, 4852, 1012, 1.122, 300.98, -2.30, 1.123, 301.14, -2.55, 0.006, 21.69, -57.80);
insert into SHOT values (4840, 4830, 4853, 1012, 1.206, 333.40, -0.14, 1.207, 333.43, 0.00, 0.003, 359.12, 60.86);
insert into SHOT values (4841, 4830, 4854, 1012, 1.694, 356.55, -1.08, 1.703, 356.63, -1.01, 0.010, 11.40, 11.41);
insert into SHOT values (4842, 4830, 4855, 1012, 2.304, 29.15, -1.79, 2.316, 29.22, -1.73, 0.012, 43.07, 9.27);
insert into SHOT values (4843, 4830, 4856, 1012, 3.667, 31.66, -1.11, 3.678, 31.66, -1.09, 0.011, 30.79, 5.44);
insert into SHOT values (4844, 4830, 4857, 1012, 2.240, 237.93, -1.07, 2.228, 238.02, -1.03, 0.012, 40.86, 8.65);
insert into SHOT values (4845, 4830, 4858, 1012, 2.359, 227.55, -2.09, 2.351, 227.41, -2.19, 0.010, 83.36, -22.54);
insert into SHOT values (4846, 4830, 4859, 1012, 2.774, 222.41, -1.76, 2.769, 222.51, -1.86, 0.009, 0.24, -33.90);
insert into SHOT values (4847, 4830, 4860, 1012, 2.966, 219.49, -1.41, 2.956, 219.51, -1.36, 0.010, 34.59, 16.60);
insert into SHOT values (4848, 4830, 4861, 1012, 1.144, 146.61, -2.35, 1.141, 146.45, -2.51, 0.005, 12.41, -34.55);
insert into SHOT values (4849, 4830, 4862, 1012, 1.031, 146.66, 6.40, 1.029, 146.15, 6.13, 0.010, 49.17, -28.36);
insert into SHOT values (4850, 4830, 4863, 1012, 0.994, 146.45, 9.56, 0.992, 145.82, 9.28, 0.012, 50.21, -25.21);
insert into SHOT values (4851, 4830, 4864, 1012, 0.613, 145.67, 24.08, 0.614, 145.18, 24.04, 0.005, 63.67, -1.30);
insert into SHOT values (4852, 4830, 4865, 1012, 0.526, 144.41, 38.04, 0.523, 142.85, 37.70, 0.012, 52.30, -20.13);
insert into SHOT values (4853, 4830, 4866, 1012, 0.596, 121.12, 73.83, 0.595, 118.07, 73.39, 0.010, 53.81, -13.88);
insert into SHOT values (4854, 4830, 4867, 1012, 0.762, 1.13, 70.45, 0.766, 2.20, 70.13, 0.007, 44.45, 15.22);
insert into SHOT values (4855, 4830, 4868, 1012, 0.978, 344.14, 56.35, 0.978, 345.20, 55.91, 0.013, 42.93, -19.14);
insert into SHOT values (4856, 4830, 4869, 1012, 1.650, 336.29, 44.86, 1.653, 336.48, 44.56, 0.010, 1.71, -22.95);
insert into SHOT values (4857, 4830, 4870, 1012, 1.359, 341.49, 29.15, 1.360, 341.87, 29.03, 0.008, 56.34, -13.57);
insert into SHOT values (4858, 4830, 4871, 1012, 1.248, 339.56, 23.26, 1.252, 339.68, 23.05, 0.006, 3.97, -26.77);
insert into SHOT values (4859, 4830, 4872, 1012, 1.922, 337.38, 13.21, 1.921, 337.69, 13.24, 0.010, 73.92, 4.46);
insert into SHOT values (4860, 4830, 4873, 1012, 1.796, 336.09, 9.84, 1.796, 336.33, 9.94, 0.008, 72.48, 22.17);
insert into SHOT values (4861, 4830, 4874, 1012, 1.364, 336.61, 7.54, 1.370, 337.02, 7.55, 0.011, 37.31, 5.20);
insert into SHOT values (4862, 4830, 4875, 1012, 1.355, 337.40, 2.16, 1.355, 337.41, 2.12, 0.001, 102.31, -72.69);
insert into SHOT values (4863, 4830, 4876, 1012, 2.483, 26.79, 9.41, 2.488, 26.88, 9.25, 0.009, 60.22, -41.39);
insert into SHOT values (4864, 4767, 4877, 1012, 2.311, 277.46, 42.90, 2.310, 277.46, 42.82, 0.003, 276.82, -65.45);
insert into SHOT values (4865, 4877, 4878, 1012, 2.243, 311.78, 20.40, 2.244, 311.72, 20.34, 0.003, 251.98, -37.29);
insert into SHOT values (4866, 4879, 4880, 1012, 1.862, 352.50, 5.58, 1.864, 352.57, 5.54, 0.003, 34.72, -17.93);
insert into SHOT values (4867, 4880, 4881, 1012, 0.517, 147.33, 2.44, 0.508, 147.88, 2.26, 0.010, 298.66, -11.32);
insert into SHOT values (4868, 4880, 4882, 1012, 1.030, 195.28, -1.34, 1.029, 195.79, -1.67, 0.011, 291.03, -32.65);
insert into SHOT values (4869, 4880, 4883, 1012, 0.839, 200.09, 0.27, 0.842, 200.16, 0.00, 0.005, 221.01, -55.32);
insert into SHOT values (4870, 4880, 4884, 1012, 0.573, 227.99, -1.30, 0.574, 228.53, -2.00, 0.009, 307.86, -51.81);
insert into SHOT values (4871, 4880, 4885, 1012, 0.556, 263.56, -18.91, 0.563, 263.54, -18.65, 0.007, 262.12, 1.47);
insert into SHOT values (4872, 4880, 4886, 1012, 0.309, 274.70, -20.24, 0.312, 275.91, -20.67, 0.007, 350.40, -26.10);
insert into SHOT values (4873, 4880, 4887, 1012, 0.310, 317.25, -41.09, 0.314, 316.74, -41.97, 0.007, 221.88, -71.36);
insert into SHOT values (4874, 4880, 4888, 1012, 0.277, 22.75, -41.96, 0.280, 22.83, -42.66, 0.005, 82.30, -85.89);
insert into SHOT values (4875, 4880, 4889, 1012, 0.476, 54.87, -39.50, 0.480, 55.01, -40.25, 0.007, 196.32, -79.01);
insert into SHOT values (4876, 4880, 4890, 1012, 0.889, 161.94, -21.16, 0.888, 162.44, -21.12, 0.007, 255.73, 7.14);
insert into SHOT values (4877, 4880, 4891, 1012, 0.681, 155.70, -20.56, 0.679, 155.85, -20.69, 0.003, 295.54, -17.68);
insert into SHOT values (4878, 4880, 4892, 1012, 0.528, 146.28, -16.15, 0.527, 146.31, -16.55, 0.004, 320.21, -52.57);
insert into SHOT values (4879, 4880, 4893, 1012, 0.639, 120.35, -5.57, 0.632, 120.65, -6.36, 0.012, 278.77, -41.80);
insert into SHOT values (4880, 4880, 4894, 1012, 0.799, 105.89, -5.89, 0.796, 106.14, -6.49, 0.009, 241.63, -57.97);
insert into SHOT values (4881, 4880, 4895, 1012, 0.987, 93.49, -5.46, 0.987, 93.50, -5.82, 0.006, 256.28, -83.26);
insert into SHOT values (4882, 4880, 4896, 1012, 1.275, 80.09, -10.35, 1.271, 79.86, -10.43, 0.007, 306.92, -7.66);
insert into SHOT values (4883, 4880, 4897, 1012, 1.427, 67.09, -10.54, 1.426, 66.91, -10.50, 0.005, 329.75, 12.88);
insert into SHOT values (4884, 4880, 4898, 1012, 1.476, 60.85, -10.06, 1.469, 60.60, -10.19, 0.010, 282.91, -12.89);
insert into SURVEY values (1014, 867, 'leftpass', 'leftpass.CatsHole.Cong', NULL);
 insert into CENTRELINE values (1015, 1014, NULL, NULL, NULL, 0.00, 0.00, 0.00);
 insert into SCRAPS values (1016, 1014, 'leftSP1', 1, 0.67865, 0.15024);
 insert into SCRAPS values (1028, 1014, 'leftSX1', 2, 0.00000, 0.00000);
 insert into CENTRELINE values (1031, 1014, NULL, '2014-08-28', NULL, 6.12, 0.00, 0.00);
 insert into TOPO values (11, 1031);
 insert into TOPO values (9, 1031);
 insert into TOPO values (10, 1031);
 insert into SHOT values (4885, 4899, 4900, 1031, 1.241, 75.43, -14.61, 1.240, 75.50, -14.95, 0.008, 227.48, -66.26);
insert into SHOT values (4886, 4900, 4901, 1031, 0.498, 302.45, 7.62, 0.504, 302.74, 7.98, 0.007, 325.96, 32.57);
insert into SHOT values (4887, 4900, 4902, 1031, 0.830, 322.34, 1.10, 0.834, 322.31, 1.37, 0.006, 315.42, 43.60);
insert into SHOT values (4888, 4900, 4903, 1031, 0.986, 334.14, 1.63, 0.989, 334.21, 1.74, 0.004, 357.70, 32.31);
insert into SHOT values (4889, 4900, 4904, 1031, 1.304, 347.40, 1.23, 1.313, 347.23, 1.31, 0.010, 323.79, 11.90);
insert into SHOT values (4890, 4900, 4905, 1031, 1.607, 357.50, 1.82, 1.612, 357.51, 1.78, 0.005, 0.32, -11.00);
insert into SHOT values (4891, 4900, 4906, 1031, 1.668, 2.39, 3.81, 1.675, 2.40, 3.77, 0.007, 4.52, -6.66);
insert into SHOT values (4892, 4900, 4907, 1031, 0.591, 278.43, 21.03, 0.598, 278.28, 21.60, 0.009, 258.49, 60.85);
insert into SHOT values (4893, 4900, 4908, 1031, 0.757, 270.81, 21.13, 0.763, 270.81, 21.52, 0.008, 270.06, 60.85);
insert into SHOT values (4894, 4900, 4909, 1031, 0.890, 264.59, 20.87, 0.892, 265.18, 21.02, 0.009, 345.98, 18.77);
insert into SHOT values (4895, 4900, 4910, 1031, 0.308, 21.46, -13.51, 0.309, 21.45, -13.10, 0.002, 18.49, 55.22);
insert into SHOT values (4896, 4900, 4911, 1031, 0.531, 7.70, -7.91, 0.529, 7.67, -7.60, 0.003, 201.73, 67.14);
insert into SHOT values (4897, 4900, 4912, 1031, 0.597, 4.85, 0.67, 0.602, 4.76, 0.95, 0.006, 354.67, 30.13);
insert into SHOT values (4898, 4900, 4913, 1031, 1.462, 354.56, 13.97, 1.472, 354.37, 14.16, 0.012, 324.09, 36.82);
insert into SHOT values (4899, 4913, 4914, 1031, 0.329, 46.37, 5.05, 0.326, 47.49, 3.52, 0.011, 155.53, -53.10);
insert into SHOT values (4900, 4913, 4915, 1031, 0.875, 57.84, 8.28, 0.880, 58.13, 7.84, 0.009, 97.20, -40.55);
insert into SHOT values (4901, 4913, 4916, 1031, 1.173, 62.59, 12.01, 1.170, 62.99, 11.84, 0.009, 169.79, -26.21);
insert into SHOT values (4902, 4913, 4917, 1031, 1.406, 63.61, 9.70, 1.401, 63.81, 9.45, 0.009, 193.95, -48.22);
insert into SHOT values (4903, 4913, 4918, 1031, 1.557, 64.93, 8.57, 1.561, 65.10, 8.48, 0.006, 113.42, -18.89);
insert into SHOT values (4904, 4913, 4919, 1031, 2.250, 66.82, 11.90, 2.252, 67.04, 11.79, 0.010, 137.28, -23.87);
insert into SHOT values (4905, 4913, 4920, 1031, 1.859, 73.07, 11.04, 1.862, 73.15, 10.84, 0.008, 106.15, -52.15);
insert into SHOT values (4906, 4913, 4921, 1031, 1.194, 86.87, 11.84, 1.196, 87.06, 11.58, 0.007, 140.27, -45.37);
insert into SHOT values (4907, 4913, 4922, 1031, 0.600, 101.78, 16.25, 0.604, 101.89, 15.36, 0.010, 111.38, -50.30);
insert into SHOT values (4908, 4913, 4923, 1031, 0.543, 112.34, 21.96, 0.549, 113.05, 21.38, 0.010, 153.90, -17.78);
insert into SHOT values (4909, 4913, 4924, 1031, 0.546, 139.81, 21.25, 0.545, 139.76, 20.40, 0.008, 127.89, -75.44);
insert into SHOT values (4910, 4913, 4925, 1031, 0.678, 159.14, 4.91, 0.685, 159.44, 4.18, 0.012, 183.45, -42.46);
insert into SHOT values (4911, 4913, 4926, 1031, 1.611, 178.80, -6.74, 1.612, 178.57, -6.77, 0.007, 94.24, -8.06);
insert into SHOT values (4912, 4913, 4927, 1031, 1.887, 175.81, -26.77, 1.887, 175.58, -26.77, 0.007, 87.90, -0.63);
insert into SHOT values (4913, 4913, 4928, 1031, 1.743, 98.08, -43.41, 1.749, 98.13, -43.31, 0.007, 107.47, -18.14);
insert into SHOT values (4914, 4913, 4929, 1031, 0.556, 130.60, 75.55, 0.549, 129.29, 74.99, 0.010, 86.42, -60.97);
insert into SHOT values (4915, 4913, 4930, 1031, 0.639, 124.74, 56.49, 0.636, 124.59, 56.39, 0.003, 5.91, -69.49);
insert into SHOT values (4916, 4913, 4931, 1031, 0.799, 131.95, 31.54, 0.800, 132.05, 30.84, 0.010, 143.35, -53.18);
insert into SHOT values (4917, 4913, 4932, 1031, 0.518, 123.26, 21.39, 0.523, 123.37, 20.14, 0.012, 129.25, -45.91);
insert into SHOT values (4918, 4913, 4933, 1031, 0.447, 119.83, -5.00, 0.455, 120.53, -5.05, 0.009, 156.42, -6.42);
insert into SHOT values (4919, 4913, 4934, 1031, 0.583, 118.42, -32.24, 0.589, 118.61, -31.74, 0.008, 130.00, 6.99);
insert into SHOT values (4920, 4913, 4935, 1031, 1.041, 129.65, -55.93, 1.051, 130.18, -55.90, 0.011, 172.84, -44.09);
insert into SHOT values (4921, 4913, 4936, 1031, 1.274, 135.34, -62.17, 1.280, 135.67, -61.99, 0.008, 164.32, -24.96);
insert into SHOT values (4922, 4913, 4937, 1031, 1.325, 131.09, -71.03, 1.334, 131.31, -70.78, 0.011, 142.07, -38.50);
insert into SHOT values (4923, 4913, 4938, 1031, 1.210, 86.18, -87.30, 1.211, 90.00, -87.16, 0.005, 140.51, -15.27);
insert into SHOT values (4924, 4913, 4939, 1031, 0.487, 340.92, -83.28, 0.493, 338.20, -83.73, 0.008, 199.59, -57.17);
insert into SHOT values (4925, 4913, 4940, 1031, 0.332, 327.95, -71.05, 0.336, 330.95, -72.17, 0.009, 100.86, -39.22);
insert into SHOT values (4926, 4913, 4941, 1031, 0.240, 337.92, -64.01, 0.241, 336.04, -65.88, 0.009, 183.59, -29.75);
insert into SHOT values (4927, 4913, 4942, 1031, 2.002, 66.54, -2.69, 2.005, 66.76, -2.86, 0.010, 137.98, -36.35);
insert into SHOT values (4928, 4942, 4943, 1031, 0.804, 252.98, -7.29, 0.800, 253.16, -7.18, 0.005, 37.01, 25.27);
insert into SHOT values (4929, 4942, 4944, 1031, 0.392, 268.54, -6.74, 0.392, 268.53, -5.85, 0.006, 263.93, 82.04);
insert into SHOT values (4930, 4942, 4945, 1031, 0.308, 298.42, -4.28, 0.310, 299.05, -3.70, 0.005, 1.84, 38.03);
insert into SHOT values (4931, 4942, 4946, 1031, 0.417, 332.39, -1.65, 0.421, 331.61, -1.36, 0.007, 275.32, 16.31);
insert into SHOT values (4932, 4942, 4947, 1031, 0.833, 356.39, 4.40, 0.834, 356.55, 4.81, 0.007, 64.19, 67.44);
insert into SHOT values (4933, 4942, 4948, 1031, 1.386, 12.35, 13.69, 1.391, 12.39, 13.72, 0.005, 23.28, 21.79);
insert into SHOT values (4934, 4942, 4949, 1031, 1.719, 20.88, 13.25, 1.724, 20.60, 13.41, 0.011, 316.16, 33.05);
insert into SHOT values (4935, 4942, 4950, 1031, 1.871, 24.26, 13.01, 1.869, 24.31, 12.98, 0.002, 154.32, -28.77);
insert into SHOT values (4936, 4942, 4951, 1031, 1.975, 26.06, 12.88, 1.973, 25.90, 12.89, 0.006, 274.37, -2.41);
insert into SHOT values (4937, 4942, 4952, 1031, 0.959, 23.92, 27.51, 0.963, 23.55, 27.87, 0.009, 297.04, 52.05);
insert into SHOT values (4938, 4942, 4953, 1031, 0.659, 30.68, 33.92, 0.660, 30.78, 34.07, 0.002, 107.38, 65.85);
insert into SHOT values (4939, 4942, 4954, 1031, 0.511, 200.28, -20.75, 0.514, 200.70, -20.52, 0.005, 247.90, 12.49);
insert into SHOT values (4940, 4942, 4955, 1031, 0.628, 206.21, -19.64, 0.627, 206.13, -19.58, 0.002, 62.44, 37.63);
insert into SHOT values (4941, 4942, 4956, 1031, 1.415, 10.90, 24.51, 1.421, 10.70, 24.54, 0.007, 328.75, 23.96);
insert into SHOT values (4942, 4956, 4957, 1031, 1.503, 53.57, -0.91, 1.502, 53.66, -0.76, 0.005, 160.61, 56.62);
insert into SHOT values (4943, 4956, 4958, 1031, 2.087, 61.09, -0.33, 2.090, 61.11, -0.27, 0.004, 70.04, 31.55);
insert into SHOT values (4944, 4956, 4959, 1031, 2.502, 67.00, 1.12, 2.497, 67.13, 1.15, 0.008, 199.98, 7.94);
insert into SHOT values (4945, 4956, 4960, 1031, 2.855, 70.20, 1.00, 2.857, 70.36, 1.00, 0.008, 148.81, 1.23);
insert into SHOT values (4946, 4956, 4961, 1031, 0.790, 80.86, -4.50, 0.791, 81.25, -4.35, 0.006, 154.45, 19.37);
insert into SHOT values (4947, 4956, 4962, 1031, 0.535, 91.35, -5.47, 0.533, 92.16, -5.39, 0.008, 197.98, 7.27);
insert into SHOT values (4948, 4956, 4963, 1031, 0.332, 124.02, -7.10, 0.333, 125.13, -6.91, 0.007, 208.37, 9.13);
insert into SHOT values (4949, 4956, 4964, 1031, 0.384, 153.38, -5.68, 0.391, 154.09, -5.87, 0.009, 188.20, -13.25);
insert into SHOT values (4950, 4956, 4965, 1031, 0.518, 167.85, -3.21, 0.523, 167.83, -3.29, 0.005, 165.26, -12.34);
insert into SURVEY values (1033, 867, 'sumps', 'sumps.CatsHole.Cong', NULL);
 insert into CENTRELINE values (1034, 1033, NULL, NULL, NULL, 0.00, 0.00, 0.00);
 insert into SCRAPS values (1035, 1033, 'sumpsSP1', 1, 0.43896, 0.00541);
 insert into MAPS values (1140, 1033, 'sumpsM', NULL, 1, 676.379, -15.000);
 insert into MAPITEMS values (1140, 4, 1035);
 insert into CENTRELINE values (1141, 1033, NULL, '2015-01-01', NULL, 676.38, 0.00, 0.00);
 insert into PERSON values (12, 'Martyn', 'Farr');
insert into TOPO values (12, 1141);
 insert into SHOT values (4951, 4966, 4967, 1141, 22.595, 59.74, -2.54, 22.595, 59.75, -2.54, 0.005, 149.53, -0.00);
insert into SHOT values (4952, 4967, 4968, 1141, 5.624, 46.41, -10.24, 5.621, 46.32, -10.25, 0.010, 298.67, 0.00);
insert into SHOT values (4953, 4968, 4969, 1141, 20.525, 63.42, 2.79, 20.529, 63.43, 2.79, 0.006, 112.24, -0.00);
insert into SHOT values (4954, 4969, 4970, 1141, 1.978, 48.83, 30.37, 1.973, 48.81, 30.45, 0.006, 234.09, 0.00);
insert into SHOT values (4955, 4970, 4971, 1141, 6.081, 331.36, 9.47, 6.084, 331.43, 9.46, 0.007, 38.73, 0.00);
insert into SHOT values (4956, 4970, 4972, 1141, 15.100, 136.73, 3.80, 15.101, 136.72, 3.80, 0.003, 73.56, 0.00);
insert into SHOT values (4957, 4972, 4973, 1141, 2.182, 110.72, -66.41, 2.184, 110.71, -66.33, 0.003, 107.14, 0.00);
insert into SHOT values (4958, 4973, 4974, 1141, 2.426, 63.32, -24.34, 2.421, 63.32, -24.40, 0.006, 244.78, 0.00);
insert into SHOT values (4959, 4974, 4975, 1141, 10.939, 142.01, 5.24, 10.938, 141.97, 5.25, 0.008, 42.63, 0.00);
insert into SHOT values (4960, 4975, 4976, 1141, 14.393, 88.33, 3.98, 14.391, 88.32, 3.98, 0.003, 320.88, 0.00);
insert into SHOT values (4961, 4976, 4977, 1141, 2.246, 82.34, 26.43, 2.242, 82.56, 26.49, 0.009, 204.02, 0.00);
insert into SHOT values (4962, 4977, 4978, 1141, 10.833, 307.74, 0.00, 10.827, 307.76, 0.00, 0.006, 97.35, 0.00);
insert into SHOT values (4963, 4977, 4979, 1141, 8.217, 91.23, 0.00, 8.222, 91.18, 0.00, 0.008, 33.62, 0.00);
insert into SHOT values (4964, 4979, 4980, 1141, 6.760, 65.15, 0.00, 6.756, 65.14, 0.00, 0.005, 260.55, 0.00);
insert into SHOT values (4965, 4980, 4981, 1141, 11.750, 88.28, 0.00, 11.755, 88.29, 0.00, 0.006, 112.40, 0.00);
insert into SHOT values (4966, 4979, 4982, 1141, 5.060, 166.35, 11.40, 5.060, 166.36, 11.40, 0.000, 238.81, -0.00);
insert into SHOT values (4967, 4983, 4984, 1141, 9.958, 254.25, 0.00, 9.953, 254.26, 0.00, 0.005, 58.15, 0.00);
insert into SHOT values (4968, 4984, 4982, 1141, 6.861, 266.81, 0.00, 6.861, 266.82, 0.00, 0.002, 16.18, 0.00);
insert into SHOT values (4969, 4982, 4985, 1141, 13.911, 244.00, 0.00, 13.918, 244.01, 0.00, 0.007, 250.31, 0.00);
insert into SHOT values (4970, 4985, 4986, 1141, 13.463, 126.73, 0.00, 13.462, 126.73, 0.00, 0.002, 7.32, 0.00);
insert into SHOT values (4971, 4986, 4987, 1141, 3.694, 210.53, 0.00, 3.689, 210.46, 0.00, 0.007, 73.91, 0.00);
insert into SHOT values (4972, 4985, 4988, 1141, 5.160, 233.23, 0.00, 5.158, 233.20, 0.00, 0.004, 108.17, 0.00);
insert into SHOT values (4973, 4985, 4989, 1141, 8.614, 305.73, 0.00, 8.612, 305.74, 0.00, 0.002, 100.31, 0.00);
insert into SHOT values (4974, 4981, 4990, 1141, 6.008, 76.86, 0.00, 6.008, 76.82, 0.00, 0.005, 355.29, 0.00);
insert into SHOT values (4975, 4990, 4991, 1141, 5.816, 359.60, 0.00, 5.810, 359.61, 0.00, 0.005, 176.40, 0.00);
insert into SHOT values (4976, 4990, 4992, 1141, 3.993, 78.11, -14.50, 3.989, 78.20, -14.52, 0.007, 203.47, 0.00);
insert into SHOT values (4977, 4992, 4993, 1141, 10.116, 45.99, -11.40, 10.115, 45.98, -11.40, 0.003, 278.81, 0.00);
insert into SHOT values (4978, 4993, 4994, 1141, 18.696, 118.61, 6.14, 18.696, 118.61, 6.14, 0.002, 25.78, 0.00);
insert into SHOT values (4979, 4994, 4995, 1141, 24.006, 85.70, 0.00, 24.008, 85.70, 0.00, 0.002, 52.30, 0.00);
insert into SHOT values (4980, 4995, 4996, 1141, 30.035, 51.80, -3.82, 30.033, 51.80, -3.82, 0.002, 225.29, 0.00);
insert into SHOT values (4981, 4996, 4997, 1141, 7.754, 134.15, 0.00, 7.758, 134.11, 0.00, 0.007, 78.81, 0.00);
insert into SHOT values (4982, 4997, 4998, 1141, 11.686, 48.96, 9.85, 11.683, 48.95, 9.86, 0.005, 278.96, 0.00);
insert into SHOT values (4983, 4998, 4999, 1141, 7.967, 79.05, 7.21, 7.967, 79.06, 7.21, 0.001, 208.80, 0.00);
insert into SHOT values (4984, 4999, 5000, 1141, 7.986, 116.51, -7.19, 7.987, 116.53, -7.19, 0.003, 174.80, 0.00);
insert into SHOT values (4985, 5000, 5001, 1141, 30.248, 128.23, -3.79, 30.251, 128.23, -3.79, 0.002, 133.08, 0.00);
insert into SHOT values (4986, 5001, 5002, 1141, 31.721, 129.36, 3.61, 31.711, 129.36, 3.62, 0.010, 323.43, 0.00);
insert into SHOT values (4987, 5002, 5003, 1141, 2.536, 113.60, 23.22, 2.542, 113.71, 23.16, 0.008, 146.89, 0.00);
insert into SHOT values (4988, 5003, 5004, 1141, 3.953, 329.99, 0.00, 3.960, 330.00, 0.00, 0.007, 336.21, 0.00);
insert into SHOT values (4989, 5003, 5005, 1141, 5.276, 138.83, 0.00, 5.273, 138.84, 0.00, 0.004, 300.28, 0.00);
insert into SHOT values (4990, 5005, 5006, 1141, 16.660, 81.62, -3.44, 16.667, 81.64, -3.44, 0.008, 112.41, 0.00);
insert into SHOT values (4991, 5006, 5007, 1141, 19.053, 58.96, -3.01, 19.051, 58.96, -3.01, 0.003, 266.20, 0.00);
insert into SHOT values (4992, 5007, 5008, 1141, 12.658, 142.18, 4.53, 12.653, 142.15, 4.53, 0.009, 18.49, 0.00);
insert into SHOT values (4993, 5007, 5009, 1141, 28.231, 54.46, -4.06, 28.228, 54.45, -4.06, 0.005, 300.25, -0.00);
insert into SHOT values (4994, 5009, 5010, 1141, 10.656, 27.03, -10.82, 10.655, 27.05, -10.82, 0.004, 134.22, 0.00);
insert into SHOT values (4995, 5010, 5011, 1141, 13.890, 67.44, -12.47, 13.889, 67.41, -12.47, 0.009, 330.04, 0.00);
insert into SHOT values (4996, 5011, 5012, 1141, 20.873, 106.43, -8.26, 20.882, 106.44, -8.26, 0.010, 130.91, -0.00);
insert into SHOT values (4997, 5012, 5013, 1141, 28.886, 54.34, -3.97, 28.884, 54.34, -3.97, 0.004, 293.56, 0.00);
insert into SHOT values (4998, 5013, 5014, 1141, 28.520, 139.73, 12.14, 28.515, 139.73, 12.15, 0.005, 341.49, 0.00);
insert into SHOT values (4999, 5014, 5015, 1141, 13.152, 130.30, 17.71, 13.159, 130.31, 17.70, 0.008, 140.72, 0.00);
insert into SHOT values (5000, 5015, 5016, 1141, 22.095, 142.39, 7.80, 22.094, 142.39, 7.80, 0.002, 39.81, 0.00);
insert into SHOT values (5001, 5016, 5017, 1141, 29.547, 145.71, 1.94, 29.545, 145.72, 1.94, 0.006, 256.83, 0.00);
insert into SHOT values (5002, 5017, 5018, 1141, 12.667, 100.17, -4.53, 12.668, 100.17, -4.53, 0.001, 64.67, 0.00);
insert into SHOT values (5003, 5018, 5019, 1141, 3.322, 92.55, -17.52, 3.327, 92.53, -17.49, 0.005, 77.34, 0.00);
insert into MAPS values (1143, 867, 'CatsHoleM', NULL, 1, 821.926, -17.670);
 insert into MAPITEMS values (1143, 4, 1016);
 insert into MAPITEMS values (1143, 4, 959);
 insert into MAPITEMS values (1143, 4, 871);
 insert into MAPITEMS values (1143, 4, 950);
 insert into MAPITEMS values (1143, 4, 993);
 insert into MAPITEMS values (1143, 4, 1005);
 insert into MAPITEMS values (1143, 4, 1035);
 insert into SURVEY values (1148, 19, 'crc', 'crc.Cong', 'Cong Road Cave<br>Co. Mayo');
 insert into CENTRELINE values (1149, 1148, NULL, NULL, NULL, 0.00, 0.00, 0.00);
 insert into SCRAPS values (1150, 1148, 'crcSP1', 1, 0.82407, 0.04070);
 insert into SCRAPS values (1180, 1148, 'crcSX', 2, 0.00000, 0.00000);
 insert into MAPS values (1184, 1148, 'crcMP', NULL, 1, 44.596, -4.590);
 insert into MAPITEMS values (1184, 4, 1150);
 insert into CENTRELINE values (1185, 1148, NULL, '2014-08-28', NULL, 44.60, 0.00, 0.00);
 insert into TOPO values (11, 1185);
 insert into TOPO values (9, 1185);
 insert into TOPO values (10, 1185);
 insert into SHOT values (5004, 5020, 5021, 1185, 1.575, 121.32, -2.40, 1.573, 121.46, -2.55, 0.006, 245.23, -40.57);
insert into SHOT values (5005, 5020, 5022, 1185, 1.442, 301.47, -18.10, 1.446, 301.61, -18.14, 0.005, 347.61, -23.84);
insert into SHOT values (5006, 5020, 5023, 1185, 1.459, 328.62, -22.83, 1.462, 328.67, -22.95, 0.004, 5.21, -63.16);
insert into SHOT values (5007, 5020, 5024, 1185, 1.823, 345.53, -21.35, 1.817, 345.64, -21.30, 0.007, 133.73, 32.24);
insert into SHOT values (5008, 5020, 5025, 1185, 2.193, 352.51, -17.38, 2.199, 352.60, -17.47, 0.008, 29.14, -40.91);
insert into SHOT values (5009, 5020, 5026, 1185, 4.408, 6.39, -13.67, 4.411, 6.43, -13.64, 0.005, 42.78, 20.13);
insert into SHOT values (5010, 5020, 5027, 1185, 4.097, 11.36, -13.75, 4.094, 11.31, -13.71, 0.006, 247.82, 41.71);
insert into SHOT values (5011, 5020, 5028, 1185, 2.964, 12.93, -14.48, 2.966, 12.88, -14.45, 0.004, 322.95, 17.02);
insert into SHOT values (5012, 5020, 5029, 1185, 2.094, 15.80, -16.25, 2.092, 15.91, -16.38, 0.006, 149.44, -38.45);
insert into SHOT values (5013, 5020, 5030, 1185, 1.773, 19.96, -17.40, 1.774, 20.04, -17.39, 0.002, 95.38, 4.68);
insert into SHOT values (5014, 5020, 5031, 1185, 1.247, 32.32, -23.54, 1.250, 32.16, -23.57, 0.005, 342.34, -25.61);
insert into SHOT values (5015, 5020, 5032, 1185, 0.941, 49.10, -29.21, 0.942, 48.95, -29.23, 0.003, 339.89, -18.07);
insert into SHOT values (5016, 5020, 5033, 1185, 3.914, 112.77, -9.11, 3.913, 112.85, -9.12, 0.005, 219.16, -3.12);
insert into SHOT values (5017, 5020, 5034, 1185, 0.942, 48.77, -25.45, 0.940, 48.81, -25.19, 0.005, 154.33, 82.15);
insert into SHOT values (5018, 5034, 5035, 1185, 5.412, 135.33, -4.31, 5.411, 135.38, -4.35, 0.005, 243.32, -36.71);
insert into SHOT values (5019, 5034, 5036, 1185, 4.871, 131.36, -5.26, 4.867, 131.32, -5.30, 0.006, 353.64, -33.32);
insert into SHOT values (5020, 5034, 5037, 1185, 4.263, 128.20, -6.00, 4.261, 128.20, -6.06, 0.005, 318.07, -59.87);
insert into SHOT values (5021, 5034, 5038, 1185, 3.568, 136.89, -4.16, 3.568, 136.94, -4.18, 0.003, 223.23, -22.87);
insert into SHOT values (5022, 5034, 5039, 1185, 3.316, 138.08, -4.43, 3.317, 138.06, -4.50, 0.004, 88.40, -71.79);
insert into SHOT values (5023, 5034, 5040, 1185, 2.723, 146.24, 3.33, 2.722, 146.25, 3.16, 0.008, 273.23, -85.70);
insert into SHOT values (5024, 5020, 5041, 1185, 4.326, 7.21, -14.29, 4.328, 7.26, -14.31, 0.004, 75.03, -29.52);
insert into SHOT values (5025, 5041, 5042, 1185, 0.932, 336.32, 9.70, 0.932, 336.23, 9.89, 0.003, 218.24, 60.24);
insert into SHOT values (5026, 5041, 5043, 1185, 1.082, 327.94, 8.02, 1.084, 327.94, 7.95, 0.003, 326.55, -22.11);
insert into SHOT values (5027, 5041, 5044, 1185, 1.823, 318.87, 4.12, 1.826, 318.78, 4.08, 0.004, 275.79, -13.59);
insert into SHOT values (5028, 5041, 5045, 1185, 2.505, 315.57, 2.40, 2.513, 315.48, 2.51, 0.010, 288.69, 31.20);
insert into SHOT values (5029, 5041, 5046, 1185, 5.175, 291.51, 1.37, 5.183, 291.51, 1.44, 0.010, 293.45, 40.10);
insert into SHOT values (5030, 5041, 5047, 1185, 4.452, 288.77, 0.55, 4.456, 288.72, 0.51, 0.006, 243.06, -26.05);
insert into SHOT values (5031, 5041, 5048, 1185, 4.041, 285.68, 0.40, 4.040, 285.65, 0.43, 0.003, 167.05, 38.55);
insert into SHOT values (5032, 5041, 5049, 1185, 3.600, 282.62, 0.25, 3.608, 282.65, 0.32, 0.009, 295.82, 28.82);
insert into SHOT values (5033, 5041, 5050, 1185, 3.131, 280.19, -0.62, 3.139, 280.09, -0.55, 0.010, 245.32, 22.34);
insert into SHOT values (5034, 5041, 5051, 1185, 2.324, 273.00, 0.67, 2.323, 272.96, 0.74, 0.003, 158.56, 57.65);
insert into SHOT values (5035, 5041, 5052, 1185, 1.953, 261.95, 1.17, 1.959, 262.08, 1.17, 0.007, 297.09, 0.94);
insert into SHOT values (5036, 5041, 5053, 1185, 1.810, 247.74, 2.88, 1.818, 247.67, 2.84, 0.009, 233.09, -6.15);
insert into SHOT values (5037, 5041, 5054, 1185, 1.822, 235.20, 3.56, 1.829, 235.27, 3.76, 0.010, 251.94, 44.11);
insert into SHOT values (5038, 5041, 5055, 1185, 1.394, 217.80, 8.25, 1.397, 217.95, 8.23, 0.004, 270.79, -0.37);
insert into SHOT values (5039, 5041, 5056, 1185, 1.505, 209.62, 9.02, 1.506, 209.84, 9.17, 0.007, 291.83, 35.16);
insert into SHOT values (5040, 5041, 5057, 1185, 1.541, 205.38, 10.13, 1.540, 205.38, 10.10, 0.001, 22.84, -59.84);
insert into SHOT values (5041, 5041, 5058, 1185, 1.831, 203.07, 8.60, 1.836, 203.03, 8.77, 0.008, 187.12, 54.52);
insert into SHOT values (5042, 5041, 5059, 1185, 0.262, 47.59, 59.51, 0.263, 45.00, 61.04, 0.009, 272.43, 27.40);
insert into SHOT values (5043, 5041, 5060, 1185, 0.419, 68.94, 85.85, 0.421, 63.43, 86.95, 0.009, 263.84, 14.12);
insert into SHOT values (5044, 5041, 5061, 1185, 0.791, 224.88, 79.63, 0.793, 225.00, 79.72, 0.002, 27.92, 62.35);
insert into SHOT values (5045, 5041, 5062, 1185, 1.139, 230.80, 57.64, 1.142, 230.91, 57.21, 0.009, 238.12, -13.37);
insert into SHOT values (5046, 5041, 5063, 1185, 1.255, 231.86, 40.01, 1.258, 232.18, 40.09, 0.006, 312.52, 30.22);
insert into SHOT values (5047, 5041, 5064, 1185, 1.255, 232.30, 28.82, 1.256, 232.40, 29.05, 0.006, 0.14, 64.52);
insert into SHOT values (5048, 5041, 5065, 1185, 1.478, 234.64, 20.07, 1.483, 234.94, 20.11, 0.009, 293.32, 18.18);
insert into SHOT values (5049, 5041, 5066, 1185, 1.832, 237.68, 11.97, 1.837, 237.72, 11.94, 0.006, 251.28, 0.44);
insert into SHOT values (5050, 5041, 5067, 1185, 1.959, 237.51, 2.25, 1.957, 237.53, 2.34, 0.004, 38.26, 59.34);
insert into SHOT values (5051, 5041, 5068, 1185, 1.449, 237.11, -4.08, 1.457, 237.08, -3.94, 0.009, 230.72, 20.76);
insert into SHOT values (5052, 5041, 5069, 1185, 1.189, 236.10, -6.47, 1.189, 236.04, -6.28, 0.004, 150.55, 72.64);
insert into SHOT values (5053, 5041, 5070, 1185, 0.941, 238.05, -13.21, 0.945, 237.86, -12.84, 0.008, 207.03, 40.61);
insert into SHOT values (5054, 5041, 5071, 1185, 0.508, 244.80, -26.30, 0.511, 245.66, -25.51, 0.010, 296.19, 29.91);
insert into SHOT values (5055, 5041, 5072, 1185, 0.309, 246.20, -40.79, 0.314, 245.56, -39.61, 0.008, 226.74, 12.87);
insert into SHOT values (5056, 5041, 5073, 1185, 4.320, 290.04, -0.96, 4.322, 290.03, -0.93, 0.003, 263.87, 47.61);
insert into SHOT values (5057, 5073, 5074, 1185, 0.766, 294.96, 10.92, 0.764, 295.20, 10.55, 0.006, 35.83, -57.90);
insert into SHOT values (5058, 5073, 5075, 1185, 1.223, 305.46, 13.05, 1.223, 305.43, 13.24, 0.004, 160.78, 71.72);
insert into SHOT values (5059, 5073, 5076, 1185, 2.707, 92.33, 4.77, 2.701, 92.34, 4.67, 0.007, 267.07, -43.39);
insert into SHOT values (5060, 5073, 5077, 1185, 2.105, 76.71, 4.90, 2.103, 76.76, 4.91, 0.002, 208.80, 4.73);
insert into SHOT values (5061, 5073, 5078, 1185, 2.224, 55.98, 4.62, 2.226, 56.02, 4.64, 0.003, 94.58, 18.19);
insert into SHOT values (5062, 5073, 5079, 1185, 3.037, 35.73, 4.08, 3.039, 35.74, 4.15, 0.004, 45.87, 71.50);
insert into SHOT values (5063, 5073, 5080, 1185, 3.453, 16.96, 4.80, 3.451, 16.91, 4.82, 0.004, 252.12, 14.93);
insert into SHOT values (5064, 5073, 5081, 1185, 3.838, 7.10, 6.16, 3.841, 7.07, 6.13, 0.004, 333.40, -25.60);
insert into SHOT values (5065, 5073, 5082, 1185, 4.130, 358.18, 4.68, 4.126, 358.19, 4.73, 0.005, 171.11, 35.77);
insert into SHOT values (5066, 5073, 5083, 1185, 4.670, 348.56, 5.30, 4.672, 348.59, 5.28, 0.003, 43.44, -23.13);
insert into SHOT values (5067, 5073, 5084, 1185, 5.317, 341.05, 5.68, 5.314, 341.02, 5.72, 0.006, 204.67, 39.33);
insert into SHOT values (5068, 5073, 5085, 1185, 6.119, 334.23, 4.81, 6.117, 334.23, 4.78, 0.003, 143.07, -66.20);
insert into SHOT values (5069, 5073, 5086, 1185, 6.433, 327.57, 3.51, 6.431, 327.60, 3.48, 0.005, 83.61, -49.71);
insert into SHOT values (5070, 5073, 5087, 1185, 8.659, 323.13, 3.88, 8.656, 323.14, 3.91, 0.005, 112.76, 48.09);
insert into SHOT values (5071, 5073, 5088, 1185, 5.772, 312.30, 1.65, 5.772, 312.26, 1.69, 0.006, 221.00, 42.78);
insert into SHOT values (5072, 5088, 5089, 1185, 4.206, 135.59, -0.99, 4.201, 135.58, -1.09, 0.009, 326.00, -55.56);
insert into SHOT values (5073, 5088, 5090, 1185, 2.931, 142.97, -1.35, 2.935, 142.90, -1.37, 0.006, 97.80, -9.87);
insert into SHOT values (5074, 5088, 5091, 1185, 2.314, 150.89, -2.01, 2.316, 150.78, -2.23, 0.010, 84.40, -60.39);
insert into SHOT values (5075, 5088, 5092, 1185, 1.433, 166.09, -1.20, 1.434, 165.87, -1.20, 0.006, 83.11, 0.11);
insert into SHOT values (5076, 5088, 5093, 1185, 1.307, 203.63, -3.82, 1.302, 203.60, -3.96, 0.006, 30.05, -28.10);
insert into SHOT values (5077, 5088, 5094, 1185, 1.315, 238.50, -6.38, 1.310, 238.51, -6.57, 0.006, 56.79, -37.07);
insert into SHOT values (5078, 5088, 5095, 1185, 1.451, 267.76, -2.17, 1.452, 268.03, -2.37, 0.008, 350.20, -36.88);
insert into SHOT values (5079, 5088, 5096, 1185, 2.100, 286.39, -4.81, 2.103, 286.36, -4.91, 0.005, 258.04, -57.43);
insert into SHOT values (5080, 5088, 5097, 1185, 4.571, 295.98, -12.96, 4.568, 295.99, -13.03, 0.007, 108.11, -46.53);
insert into SHOT values (5081, 5088, 5098, 1185, 4.628, 319.89, -10.90, 4.634, 319.90, -10.95, 0.007, 332.31, -45.29);
insert into SHOT values (5082, 5088, 5099, 1185, 4.444, 334.27, -2.12, 4.445, 334.24, -2.19, 0.006, 252.37, -68.35);
insert into SHOT values (5083, 5088, 5100, 1185, 2.496, 355.36, 13.01, 2.502, 355.29, 12.94, 0.007, 331.22, -15.44);
insert into SHOT values (5084, 5088, 5101, 1185, 2.361, 357.23, 12.77, 2.361, 357.26, 12.73, 0.002, 85.96, -56.55);
insert into SHOT values (5085, 5088, 5102, 1185, 2.158, 359.39, 12.47, 2.160, 359.46, 12.30, 0.007, 38.31, -57.14);
insert into SHOT values (5086, 5088, 5103, 1185, 2.098, 2.77, 11.24, 2.101, 2.78, 10.98, 0.010, 6.33, -62.39);
insert into SHOT values (5087, 5088, 5104, 1185, 1.573, 14.42, 18.87, 1.569, 14.41, 18.59, 0.009, 204.05, -78.95);
insert into SHOT values (5088, 5088, 5105, 1185, 4.094, 351.07, 19.86, 4.100, 351.05, 19.82, 0.007, 338.94, -7.14);
insert into SHOT values (5089, 5105, 5106, 1185, 0.838, 205.31, 0.27, 0.837, 204.73, 0.00, 0.009, 106.55, -24.60);
insert into SHOT values (5090, 5105, 5107, 1185, 1.121, 157.95, -28.91, 1.126, 157.87, -29.24, 0.008, 106.08, -78.19);
insert into SHOT values (5091, 5105, 5108, 1185, 0.776, 131.65, -26.55, 0.783, 132.11, -26.53, 0.009, 171.37, -19.74);
insert into SHOT values (5092, 5105, 5109, 1185, 0.800, 87.42, -11.25, 0.807, 87.83, -11.44, 0.009, 130.70, -25.78);
insert into SHOT values (5093, 5105, 5110, 1185, 1.404, 55.98, -0.53, 1.406, 56.31, -0.81, 0.011, 130.72, -39.98);
insert into SHOT values (5094, 5105, 5111, 1185, 2.640, 39.96, 6.79, 2.644, 40.06, 6.73, 0.007, 83.81, -18.55);
insert into SHOT values (5095, 5105, 5112, 1185, 3.113, 35.51, 8.72, 3.110, 35.60, 8.69, 0.006, 150.30, -19.81);
insert into SHOT values (5096, 5105, 5113, 1185, 4.132, 32.70, 10.20, 4.132, 32.75, 10.18, 0.004, 125.87, -25.29);
insert into SHOT values (5097, 5105, 5114, 1185, 4.495, 30.84, 11.93, 4.493, 30.94, 11.95, 0.008, 138.23, 5.73);
insert into SHOT values (5098, 5105, 5115, 1185, 0.273, 1.04, -17.51, 0.275, 2.20, -19.08, 0.009, 93.34, -56.12);
insert into SHOT values (5099, 5105, 5116, 1185, 0.866, 14.49, -0.53, 0.859, 14.85, -0.67, 0.009, 158.52, -12.41);
insert into SHOT values (5100, 5105, 5117, 1185, 1.703, 24.25, 4.68, 1.697, 24.44, 4.73, 0.008, 159.31, 7.43);
insert into SHOT values (5101, 5105, 5118, 1185, 1.993, 27.38, 9.59, 1.991, 27.61, 9.54, 0.008, 128.74, -14.27);
insert into SHOT values (5102, 5105, 5119, 1185, 3.552, 33.73, 9.72, 3.554, 33.83, 9.72, 0.006, 105.38, 2.84);
insert into SHOT values (5103, 5119, 5120, 1185, 3.238, 216.33, -20.40, 3.243, 216.30, -20.39, 0.006, 201.22, -13.73);
insert into SHOT values (5104, 5119, 5121, 1185, 2.019, 220.82, -19.44, 2.024, 220.96, -19.63, 0.010, 278.21, -55.72);
insert into SHOT values (5105, 5119, 5122, 1185, 0.856, 238.63, -12.89, 0.857, 238.21, -12.81, 0.006, 156.41, 8.83);
insert into SHOT values (5106, 5119, 5123, 1185, 0.662, 275.49, 1.13, 0.663, 275.19, 0.86, 0.005, 199.27, -40.85);
insert into SHOT values (5107, 5119, 5124, 1185, 0.745, 305.13, 10.76, 0.746, 304.99, 10.82, 0.002, 230.54, 26.31);
insert into SHOT values (5108, 5119, 5125, 1185, 0.843, 318.94, 10.74, 0.842, 318.42, 10.26, 0.010, 232.97, -43.41);
insert into SHOT values (5109, 5119, 5126, 1185, 1.052, 328.58, 10.07, 1.048, 328.47, 9.89, 0.006, 180.73, -45.13);
insert into SHOT values (5110, 5119, 5127, 1185, 1.361, 332.13, 11.62, 1.365, 331.90, 11.41, 0.008, 282.43, -30.54);
insert into SHOT values (5111, 5119, 5128, 1185, 1.454, 333.03, 11.47, 1.456, 332.90, 11.49, 0.004, 269.98, 12.92);
insert into SHOT values (5112, 5119, 5129, 1185, 1.302, 12.62, 9.86, 1.300, 12.63, 9.75, 0.003, 189.25, -58.73);
insert into SHOT values (5113, 5119, 5130, 1185, 0.723, 19.41, 8.35, 0.719, 19.71, 8.00, 0.007, 154.18, -43.88);
insert into SHOT values (5114, 5119, 5131, 1185, 1.871, 3.58, 12.66, 1.869, 3.46, 12.67, 0.004, 244.18, -0.74);
insert into SHOT values (5115, 5119, 5132, 1185, 2.045, 346.68, 12.91, 2.044, 346.66, 12.72, 0.007, 290.98, -82.91);
insert into SHOT values (5116, 5132, 5133, 1185, 0.480, 217.93, -8.27, 0.483, 217.35, -8.33, 0.006, 159.51, -9.54);
insert into SHOT values (5117, 5132, 5134, 1185, 0.512, 263.15, 3.36, 0.514, 263.29, 3.34, 0.003, 290.63, -0.17);
insert into SHOT values (5118, 5132, 5135, 1185, 0.699, 297.13, 15.61, 0.697, 296.57, 15.81, 0.007, 186.99, 15.12);
insert into SHOT values (5119, 5132, 5136, 1185, 0.865, 303.48, 23.66, 0.862, 303.08, 23.96, 0.008, 173.36, 21.93);
insert into SHOT values (5120, 5132, 5137, 1185, 0.725, 310.40, 38.46, 0.724, 310.71, 38.42, 0.003, 48.57, -16.66);
insert into SHOT values (5121, 5132, 5138, 1185, 1.227, 316.79, 24.72, 1.226, 316.82, 25.09, 0.008, 127.34, 60.53);
insert into SHOT values (5122, 5132, 5139, 1185, 1.382, 324.09, 28.16, 1.384, 323.70, 28.49, 0.012, 218.22, 41.73);
insert into SHOT values (5123, 5132, 5140, 1185, 2.109, 329.57, 29.27, 2.103, 329.52, 29.33, 0.007, 164.39, -9.88);
insert into SHOT values (5124, 5132, 5141, 1185, 1.808, 350.64, 33.81, 1.809, 350.41, 33.94, 0.007, 248.50, 32.81);
insert into SHOT values (5125, 5132, 5142, 1185, 1.180, 19.87, 35.91, 1.184, 19.57, 36.24, 0.009, 283.61, 57.73);
insert into SHOT values (5126, 5132, 5143, 1185, 0.806, 41.95, 31.57, 0.810, 42.05, 32.05, 0.008, 127.56, 81.64);
insert into SHOT values (5127, 5132, 5144, 1185, 0.554, 86.40, 19.71, 0.554, 86.70, 20.04, 0.004, 190.62, 48.59);
insert into SHOT values (5128, 5132, 5145, 1185, 0.567, 100.74, 13.04, 0.566, 101.51, 13.27, 0.008, 200.95, 15.31);
insert into SHOT values (5129, 5088, 5146, 1185, 3.330, 311.95, -11.78, 3.327, 312.01, -11.79, 0.004, 79.83, -2.12);
insert into SHOT values (5130, 5146, 5147, 1185, 1.374, 237.74, -10.66, 1.381, 237.95, -10.85, 0.010, 274.99, -35.55);
insert into SHOT values (5131, 5146, 5148, 1185, 1.562, 250.33, -15.10, 1.564, 250.24, -15.20, 0.004, 178.15, -52.07);
insert into SHOT values (5132, 5146, 5149, 1185, 2.626, 271.00, -16.94, 2.635, 271.14, -16.99, 0.011, 306.28, -25.21);
insert into SHOT values (5133, 5146, 5150, 1185, 3.760, 281.21, -16.47, 3.764, 281.19, -16.52, 0.005, 251.36, -50.78);
insert into SHOT values (5134, 5146, 5151, 1185, 3.998, 285.55, -16.39, 4.003, 285.56, -16.39, 0.005, 289.23, -19.88);
insert into SHOT values (5135, 5146, 5152, 1185, 4.091, 317.70, -12.97, 4.097, 317.64, -12.98, 0.007, 280.61, -14.27);
insert into SHOT values (5136, 5146, 5153, 1185, 2.079, 321.14, -13.26, 2.083, 321.21, -13.32, 0.005, 354.61, -36.28);
insert into SHOT values (5137, 5146, 5154, 1185, 1.701, 326.54, -12.53, 1.707, 326.50, -12.52, 0.007, 316.10, -8.45);
insert into SHOT values (5138, 5146, 5155, 1185, 1.570, 330.72, -12.88, 1.575, 330.76, -12.84, 0.005, 343.45, -0.34);
insert into SHOT values (5139, 5146, 5156, 1185, 4.145, 300.37, -20.67, 4.150, 300.33, -20.74, 0.008, 258.70, -59.16);
insert into SHOT values (5140, 5156, 5157, 1185, 0.990, 219.80, 11.54, 0.986, 219.96, 11.70, 0.006, 9.93, 20.21);
insert into SHOT values (5141, 5156, 5158, 1185, 1.743, 252.41, 0.03, 1.740, 252.61, 0.00, 0.007, 12.71, -7.56);
insert into SHOT values (5142, 5156, 5159, 1185, 1.937, 271.72, -1.83, 1.932, 271.78, -1.78, 0.006, 70.17, 18.77);
insert into SHOT values (5143, 5156, 5160, 1185, 2.852, 293.91, -9.16, 2.847, 293.92, -9.09, 0.006, 107.15, 43.95);
insert into SHOT values (5144, 5156, 5161, 1185, 3.283, 300.71, -7.90, 3.286, 300.66, -7.87, 0.004, 259.95, 16.03);
insert into SHOT values (5145, 5156, 5162, 1185, 1.692, 340.39, 13.39, 1.690, 340.46, 13.34, 0.003, 102.84, -36.68);
insert into SHOT values (5146, 5162, 5163, 1185, 3.877, 294.94, -15.67, 3.882, 294.99, -15.54, 0.011, 318.42, 42.32);
insert into SHOT values (5147, 5162, 5164, 1185, 0.367, 285.10, -22.42, 0.370, 285.26, -22.26, 0.003, 303.33, -0.56);
insert into SHOT values (5148, 5162, 5165, 1185, 3.328, 297.76, -16.73, 3.328, 297.85, -16.59, 0.010, 2.97, 55.58);
insert into SHOT values (5149, 5162, 5166, 1185, 2.130, 300.77, -16.42, 2.135, 300.82, -16.32, 0.007, 316.29, 17.85);
insert into SHOT values (5150, 5162, 5167, 1185, 1.561, 307.20, -18.99, 1.566, 307.33, -18.62, 0.012, 330.35, 42.43);
insert into SHOT values (5151, 5162, 5168, 1185, 1.163, 324.28, -4.14, 1.163, 324.12, -3.94, 0.005, 237.78, 50.10);
insert into SHOT values (5152, 5162, 5169, 1185, 1.298, 337.80, 4.29, 1.300, 337.79, 4.41, 0.003, 328.68, 57.54);
insert into SHOT values (5153, 5162, 5170, 1185, 1.423, 354.42, 10.16, 1.431, 354.29, 10.47, 0.011, 327.22, 51.78);
insert into SHOT values (5154, 5162, 5171, 1185, 3.317, 26.35, 16.03, 3.319, 26.24, 16.09, 0.007, 302.57, 33.89);
insert into SHOT values (5155, 5162, 5172, 1185, 2.261, 56.20, 14.08, 2.259, 56.16, 14.09, 0.002, 270.91, -1.13);
insert into SHOT values (5156, 5162, 5173, 1185, 1.774, 86.58, 12.14, 1.775, 86.36, 12.36, 0.010, 349.31, 46.00);
insert into SHOT values (5157, 5162, 5174, 1185, 2.866, 114.03, 12.10, 2.868, 114.00, 12.28, 0.009, 25.29, 81.83);
insert into SHOT values (5158, 5162, 5175, 1185, 3.217, 124.27, 11.13, 3.216, 124.14, 11.30, 0.012, 11.60, 49.81);
insert into SHOT values (5159, 5162, 5176, 1185, 2.756, 20.35, 10.09, 2.762, 20.24, 10.22, 0.010, 328.77, 45.61);
insert into SHOT values (5160, 5176, 5177, 1185, 1.541, 239.13, -4.17, 1.542, 239.10, -4.09, 0.003, 208.80, 51.28);
insert into SHOT values (5161, 5176, 5178, 1185, 1.906, 273.13, -3.91, 1.907, 273.01, -3.91, 0.004, 198.26, -0.44);
insert into SHOT values (5162, 5176, 5179, 1185, 2.175, 289.40, -2.08, 2.174, 289.35, -2.11, 0.002, 175.92, -27.67);
insert into SHOT values (5163, 5176, 5180, 1185, 2.991, 295.77, 0.80, 2.988, 295.79, 0.77, 0.004, 95.13, -28.38);
insert into SHOT values (5164, 5176, 5181, 1185, 3.990, 298.33, 0.59, 3.987, 298.30, 0.57, 0.004, 151.06, -15.54);
insert into SHOT values (5165, 5176, 5182, 1185, 4.776, 304.76, -2.17, 4.775, 304.76, -2.16, 0.002, 142.82, 31.06);
insert into SHOT values (5166, 5176, 5183, 1185, 3.655, 308.82, 0.39, 3.656, 308.78, 0.31, 0.006, 243.09, -60.81);
insert into SHOT values (5167, 5176, 5184, 1185, 2.047, 98.43, 24.51, 2.046, 98.65, 24.55, 0.007, 199.25, 6.22);
insert into SHOT values (5168, 5176, 5185, 1185, 2.740, 104.45, 19.68, 2.742, 104.57, 19.60, 0.007, 164.79, -23.22);
insert into SHOT values (5169, 5176, 5186, 1185, 0.915, 64.59, 40.99, 0.917, 65.28, 40.86, 0.009, 135.93, -1.12);
insert into SHOT values (5170, 5176, 5187, 1185, 0.990, 130.39, 20.94, 0.993, 130.20, 20.63, 0.007, 98.35, -33.17);
insert into SHOT values (5171, 5176, 5188, 1185, 0.819, 16.48, 18.21, 0.811, 16.56, 17.94, 0.008, 186.76, -44.42);
insert into SHOT values (5172, 5176, 5189, 1185, 1.338, 338.83, 9.12, 1.337, 338.68, 9.04, 0.004, 236.52, -30.57);
insert into SHOT values (5173, 5176, 5190, 1185, 0.156, 331.43, 5.52, 0.148, 331.70, 3.87, 0.009, 146.26, -33.16);
insert into SHOT values (5174, 5176, 5191, 1185, 2.726, 322.86, 3.72, 2.725, 322.92, 3.58, 0.007, 57.80, -67.95);
insert into SHOT values (5175, 5176, 5192, 1185, 3.029, 322.10, 3.45, 3.026, 321.99, 3.41, 0.007, 205.20, -19.44);
insert into SHOT values (5176, 5176, 5193, 1185, 3.072, 308.58, 1.51, 3.068, 308.51, 1.49, 0.005, 172.98, -10.49);
insert into SHOT values (5177, 5193, 5194, 1185, 0.982, 252.58, -11.93, 0.985, 252.50, -11.71, 0.005, 233.93, 36.51);
insert into SHOT values (5178, 5193, 5195, 1185, 1.631, 275.51, -9.28, 1.629, 275.71, -9.18, 0.007, 22.25, 27.27);
insert into SHOT values (5179, 5193, 5196, 1185, 2.100, 287.74, -6.92, 2.096, 287.91, -6.85, 0.008, 49.45, 22.39);
insert into SHOT values (5180, 5193, 5197, 1185, 2.776, 294.99, -4.32, 2.777, 294.99, -4.34, 0.001, 296.82, -37.03);
insert into SHOT values (5181, 5193, 5198, 1185, 2.548, 299.77, -2.65, 2.552, 299.88, -2.70, 0.007, 353.90, -19.45);
insert into SHOT values (5182, 5193, 5199, 1185, 1.978, 304.30, -2.23, 1.979, 304.49, -2.32, 0.007, 24.17, -24.20);
insert into SHOT values (5183, 5193, 5200, 1185, 1.595, 305.43, -1.26, 1.599, 305.58, -1.43, 0.007, 352.96, -41.31);
insert into SHOT values (5184, 5193, 5201, 1185, 0.818, 306.96, -2.24, 0.815, 307.01, -2.11, 0.004, 115.17, 29.78);
insert into SHOT values (5185, 5193, 5202, 1185, 0.416, 322.34, -7.18, 0.417, 322.85, -6.89, 0.004, 33.67, 27.05);
insert into SHOT values (5186, 5193, 5203, 1185, 0.994, 328.18, 13.86, 0.995, 328.12, 13.96, 0.002, 268.62, 57.83);
insert into SHOT values (5187, 5193, 5204, 1185, 2.386, 337.21, 22.21, 2.386, 337.38, 22.16, 0.007, 58.31, -16.17);
insert into SHOT values (5188, 5193, 5205, 1185, 0.633, 61.92, -1.00, 0.635, 61.82, -0.90, 0.003, 37.10, 21.69);
insert into SHOT values (5189, 5193, 5206, 1185, 1.327, 16.13, 19.09, 1.331, 16.13, 18.85, 0.007, 16.52, -35.63);
insert into SHOT values (5190, 5193, 5207, 1185, 3.128, 2.08, 24.34, 3.130, 2.01, 24.34, 0.004, 298.65, 11.26);
insert into SHOT values (5191, 5193, 5208, 1185, 3.571, 353.39, 25.44, 3.575, 353.42, 25.34, 0.008, 9.67, -30.39);
insert into SHOT values (5192, 5193, 5209, 1185, 3.571, 352.60, 23.80, 3.570, 352.61, 23.79, 0.001, 98.76, -54.28);
insert into SHOT values (5193, 5193, 5210, 1185, 4.173, 347.56, 24.03, 4.171, 347.57, 24.05, 0.002, 152.95, 18.25);
insert into SHOT values (5194, 5193, 5211, 1185, 3.139, 357.26, 24.21, 3.141, 357.20, 24.25, 0.004, 276.25, 40.55);
insert into SHOT values (5195, 5211, 5212, 1185, 0.313, 102.53, -3.11, 0.318, 102.72, -3.60, 0.006, 114.04, -29.33);
insert into SHOT values (5196, 5211, 5213, 1185, 0.836, 113.60, 1.37, 0.838, 113.20, 1.37, 0.006, 41.96, 0.11);
insert into SHOT values (5197, 5211, 5214, 1185, 2.030, 119.28, 12.78, 2.032, 119.28, 12.51, 0.010, 118.18, -67.92);
insert into SHOT values (5198, 5211, 5215, 1185, 1.761, 124.20, 12.70, 1.764, 123.87, 12.44, 0.013, 58.39, -33.60);
insert into SHOT values (5199, 5211, 5216, 1185, 1.768, 132.20, 7.34, 1.769, 132.23, 7.14, 0.006, 154.30, -68.32);
insert into SHOT values (5200, 5211, 5217, 1185, 1.762, 137.74, 3.65, 1.766, 137.53, 3.57, 0.008, 79.15, -15.89);
insert into SHOT values (5201, 5211, 5218, 1185, 1.384, 154.86, -8.31, 1.388, 154.55, -8.29, 0.008, 91.71, 0.19);
insert into SHOT values (5202, 5211, 5219, 1185, 0.600, 113.39, 2.20, 0.600, 113.57, 1.91, 0.004, 188.19, -56.69);
insert into SHOT values (5203, 5211, 5220, 1185, 0.602, 330.68, 5.43, 0.597, 330.85, 4.80, 0.008, 126.22, -58.40);
insert into SHOT values (5204, 5211, 5221, 1185, 1.727, 292.85, 11.29, 1.726, 292.93, 11.02, 0.008, 15.97, -73.43);
insert into SHOT values (5205, 5211, 5222, 1185, 2.048, 285.21, 13.35, 2.044, 285.15, 13.29, 0.005, 134.79, -35.68);
insert into SHOT values (5206, 5211, 5223, 1185, 2.081, 282.67, 13.62, 2.079, 282.87, 13.63, 0.007, 26.87, -0.30);
insert into SHOT values (5207, 5211, 5224, 1185, 2.369, 276.18, 9.99, 2.369, 276.15, 9.97, 0.002, 201.77, -36.61);
insert into SHOT values (5208, 5211, 5225, 1185, 2.157, 266.04, 11.61, 2.148, 266.19, 11.55, 0.011, 53.11, -22.70);
insert into SHOT values (5209, 5211, 5226, 1185, 1.305, 257.57, 12.07, 1.297, 257.72, 12.01, 0.008, 53.24, -20.31);
insert into SHOT values (5210, 5211, 5227, 1185, 1.287, 243.24, 5.98, 1.281, 243.43, 5.82, 0.008, 24.87, -30.44);
insert into SHOT values (5211, 5211, 5228, 1185, 1.106, 230.17, -3.58, 1.102, 229.79, -3.64, 0.008, 111.22, -6.48);
insert into SHOT values (5212, 5211, 5229, 1185, 1.631, 317.03, 30.19, 1.629, 317.01, 30.22, 0.002, 150.00, -5.67);
insert into SHOT values (5213, 5211, 5230, 1185, 1.411, 269.64, 2.96, 1.402, 269.59, 2.86, 0.010, 97.36, -17.34);
insert into SHOT values (5214, 5230, 5231, 1185, 2.101, 11.26, 31.10, 2.103, 11.19, 30.90, 0.008, 346.85, -42.23);
insert into SURVEY values (1187, 19, 'kit', 'kit.Cong', 'Kitten''s Hole<br>Co. Mayo');
 insert into CENTRELINE values (1188, 1187, NULL, NULL, NULL, 0.00, 0.00, 0.00);
 insert into SCRAPS values (1189, 1187, 'kitSP1', 1, 0.55434, 0.04898);
 insert into MAPS values (1222, 1187, 'kitM', NULL, 1, 28.152, -4.700);
 insert into MAPITEMS values (1222, 4, 1189);
 insert into CENTRELINE values (1223, 1187, NULL, '2014-08-28', NULL, 28.15, 0.00, 0.00);
 insert into TOPO values (11, 1223);
 insert into TOPO values (9, 1223);
 insert into TOPO values (10, 1223);
 insert into SHOT values (5215, 5232, 5233, 1223, 0.483, 250.25, -21.88, 0.481, 250.35, -21.98, 0.002, 51.87, -0.08);
insert into SHOT values (5216, 5232, 5234, 1223, 0.432, 5.94, -49.03, 0.434, 6.12, -49.52, 0.004, 158.43, -64.08);
insert into SHOT values (5217, 5232, 5235, 1223, 0.777, 62.92, -71.37, 0.780, 63.43, -71.61, 0.005, 198.61, -49.63);
insert into SHOT values (5218, 5232, 5236, 1223, 0.984, 101.87, -67.93, 0.982, 102.53, -67.94, 0.005, 204.77, 23.61);
insert into SHOT values (5219, 5232, 5237, 1223, 0.712, 224.56, -43.69, 0.712, 224.22, -43.51, 0.004, 158.57, 28.05);
insert into SHOT values (5220, 5232, 5238, 1223, 0.790, 202.60, -47.63, 0.785, 202.20, -47.62, 0.006, 71.88, 37.05);
insert into SHOT values (5221, 5232, 5239, 1223, 1.088, 192.44, -51.64, 1.087, 192.80, -51.47, 0.006, 261.94, 34.35);
insert into SHOT values (5222, 5232, 5240, 1223, 1.089, 171.63, -49.65, 1.090, 171.87, -49.57, 0.004, 227.17, -1.11);
insert into SHOT values (5223, 5232, 5241, 1223, 1.769, 167.25, -51.23, 1.769, 167.47, -51.28, 0.005, 275.52, -9.77);
insert into SHOT values (5224, 5232, 5242, 1223, 1.810, 161.54, -48.34, 1.807, 161.57, -48.33, 0.003, 322.54, 55.64);
insert into SHOT values (5225, 5242, 5243, 1223, 1.292, 358.03, 32.95, 1.288, 357.88, 32.93, 0.005, 217.88, -31.34);
insert into SHOT values (5226, 5242, 5244, 1223, 1.082, 11.78, 28.84, 1.082, 11.55, 28.71, 0.005, 301.64, -24.93);
insert into SHOT values (5227, 5242, 5245, 1223, 1.555, 25.88, 23.58, 1.552, 25.84, 23.55, 0.004, 223.28, -33.85);
insert into SHOT values (5228, 5242, 5246, 1223, 0.541, 34.34, 9.46, 0.540, 34.29, 9.59, 0.002, 238.92, 41.76);
insert into SHOT values (5229, 5242, 5247, 1223, 1.214, 54.28, 13.82, 1.217, 54.29, 13.78, 0.003, 58.53, 0.15);
insert into SHOT values (5230, 5242, 5248, 1223, 0.779, 76.75, -9.23, 0.780, 77.23, -9.59, 0.008, 165.99, -38.23);
insert into SHOT values (5231, 5242, 5249, 1223, 1.185, 97.63, -41.94, 1.181, 97.85, -41.97, 0.005, 231.08, 23.06);
insert into SHOT values (5232, 5242, 5250, 1223, 1.667, 112.15, -49.72, 1.668, 112.29, -49.60, 0.004, 153.74, 23.30);
insert into SHOT values (5233, 5242, 5251, 1223, 1.786, 147.36, -45.09, 1.789, 147.32, -45.24, 0.005, 358.06, -70.71);
insert into SHOT values (5234, 5242, 5252, 1223, 0.828, 154.65, -44.96, 0.832, 154.75, -45.19, 0.005, 238.26, -78.69);
insert into SHOT values (5235, 5242, 5253, 1223, 0.297, 144.20, -20.05, 0.297, 145.18, -19.64, 0.005, 220.77, 20.42);
insert into SHOT values (5236, 5242, 5254, 1223, 2.816, 123.37, -59.10, 2.821, 123.47, -59.06, 0.006, 153.15, -35.94);
insert into SHOT values (5237, 5254, 5255, 1223, 2.318, 293.82, 65.02, 2.319, 293.96, 64.87, 0.007, 315.91, -10.21);
insert into SHOT values (5238, 5254, 5256, 1223, 1.641, 265.29, 61.96, 1.643, 265.54, 61.96, 0.004, 340.33, 24.64);
insert into SHOT values (5239, 5254, 5257, 1223, 1.225, 243.69, 44.90, 1.229, 244.03, 45.08, 0.007, 334.72, 46.33);
insert into SHOT values (5240, 5254, 5258, 1223, 1.694, 157.03, 19.12, 1.691, 157.13, 19.34, 0.008, 308.55, 41.21);
insert into SHOT values (5241, 5254, 5259, 1223, 1.677, 181.71, 12.05, 1.678, 181.75, 12.04, 0.001, 236.41, -4.60);
insert into SHOT values (5242, 5254, 5260, 1223, 2.407, 212.21, 10.39, 2.404, 212.21, 10.54, 0.007, 32.33, 57.77);
insert into SHOT values (5243, 5254, 5261, 1223, 3.506, 226.70, 10.62, 3.506, 226.76, 10.68, 0.005, 327.23, 45.04);
insert into SHOT values (5244, 5254, 5262, 1223, 4.826, 242.78, 8.23, 4.826, 242.84, 8.22, 0.005, 330.71, -8.85);
insert into SHOT values (5245, 5254, 5263, 1223, 2.964, 236.13, 6.37, 2.967, 236.20, 6.39, 0.005, 291.40, 14.48);
insert into SHOT values (5246, 5263, 5264, 1223, 0.794, 220.02, 13.92, 0.790, 219.71, 13.91, 0.006, 88.01, -10.21);
insert into SHOT values (5247, 5263, 5265, 1223, 2.168, 231.19, 12.25, 2.169, 231.13, 12.25, 0.002, 157.10, -0.03);
insert into SHOT values (5248, 5263, 5266, 1223, 2.463, 241.59, 11.09, 2.457, 241.52, 11.03, 0.007, 90.80, -32.34);
insert into SHOT values (5249, 5263, 5267, 1223, 2.461, 247.67, 10.56, 2.463, 247.67, 10.53, 0.002, 247.92, -24.28);
insert into SHOT values (5250, 5263, 5268, 1223, 2.158, 264.13, 3.08, 2.155, 264.13, 3.19, 0.005, 84.56, 48.33);
insert into SHOT values (5251, 5263, 5269, 1223, 2.054, 277.50, -1.51, 2.048, 277.58, -1.40, 0.007, 71.14, 34.34);
insert into SHOT values (5252, 5263, 5270, 1223, 2.505, 280.28, -3.89, 2.507, 280.37, -3.89, 0.004, 347.16, -0.82);
insert into SHOT values (5253, 5263, 5271, 1223, 4.041, 281.35, -5.33, 4.036, 281.34, -5.40, 0.007, 111.64, -41.69);
insert into SHOT values (5254, 5263, 5272, 1223, 5.393, 293.56, -7.17, 5.389, 293.59, -7.14, 0.006, 76.63, 32.57);
insert into SHOT values (5255, 5263, 5273, 1223, 5.531, 298.90, -6.64, 5.534, 298.94, -6.64, 0.005, 355.98, -5.31);
insert into SHOT values (5256, 5263, 5274, 1223, 5.730, 306.30, -7.36, 5.733, 306.35, -7.32, 0.007, 358.53, 35.62);
insert into SHOT values (5257, 5263, 5275, 1223, 5.532, 313.17, -5.12, 5.533, 313.16, -5.08, 0.004, 278.19, 67.19);
insert into SHOT values (5258, 5263, 5276, 1223, 5.061, 318.62, -3.43, 5.061, 318.61, -3.40, 0.003, 213.58, 72.32);
insert into SHOT values (5259, 5263, 5277, 1223, 2.490, 329.99, -0.28, 2.491, 330.14, -0.23, 0.007, 54.35, 18.33);
insert into SHOT values (5260, 5263, 5278, 1223, 1.889, 348.67, -4.49, 1.893, 348.69, -4.55, 0.004, 358.97, -31.26);
insert into SHOT values (5261, 5263, 5279, 1223, 1.889, 358.91, -1.40, 1.891, 359.09, -1.52, 0.007, 72.07, -31.88);
insert into SHOT values (5262, 5263, 5280, 1223, 1.942, 21.98, 0.03, 1.942, 22.08, 0.00, 0.003, 104.96, -17.54);
insert into SHOT values (5263, 5263, 5281, 1223, 1.969, 28.02, 3.26, 1.976, 28.12, 3.19, 0.008, 54.40, -13.92);
insert into SHOT values (5264, 5263, 5282, 1223, 2.086, 28.78, 3.93, 2.090, 28.65, 3.84, 0.007, 341.77, -25.21);
insert into SHOT values (5265, 5263, 5283, 1223, 4.588, 322.32, -0.61, 4.585, 322.36, -0.62, 0.004, 102.93, -15.04);
insert into SHOT values (5266, 5263, 5284, 1223, 1.830, 266.97, -6.53, 1.824, 267.15, -6.61, 0.008, 42.64, -12.88);
insert into SHOT values (5267, 5263, 5285, 1223, 1.816, 277.06, -9.57, 1.809, 277.09, -9.55, 0.007, 91.05, 15.00);
insert into SHOT values (5268, 5263, 5286, 1223, 1.715, 293.60, -22.02, 1.709, 293.82, -21.99, 0.008, 63.41, 21.25);
insert into SHOT values (5269, 5263, 5287, 1223, 1.592, 299.13, -23.23, 1.594, 299.02, -23.29, 0.004, 224.25, -34.44);
insert into SHOT values (5270, 5263, 5288, 1223, 1.697, 295.06, -22.34, 1.696, 295.26, -22.18, 0.007, 19.94, 42.69);
insert into SHOT values (5271, 5263, 5289, 1223, 1.713, 292.84, -21.57, 1.715, 292.87, -21.55, 0.002, 310.73, -5.45);
insert into SHOT values (5272, 5263, 5290, 1223, 3.440, 314.40, -11.49, 3.441, 314.40, -11.40, 0.006, 311.61, 68.85);
insert into SHOT values (5273, 5290, 5291, 1223, 2.138, 244.38, -14.91, 2.137, 244.43, -15.19, 0.011, 41.28, -65.99);
insert into SHOT values (5274, 5290, 5292, 1223, 1.228, 246.74, -20.45, 1.221, 246.80, -20.63, 0.008, 58.44, -6.50);
insert into SHOT values (5275, 5290, 5293, 1223, 1.059, 246.56, -24.26, 1.055, 246.64, -24.66, 0.009, 55.20, -34.58);
insert into SHOT values (5276, 5290, 5294, 1223, 0.425, 217.41, -35.87, 0.419, 216.53, -36.65, 0.010, 68.94, -5.61);
insert into SHOT values (5277, 5290, 5295, 1223, 0.364, 180.13, -33.28, 0.361, 180.00, -33.69, 0.004, 9.19, -3.44);
insert into SHOT values (5278, 5290, 5296, 1223, 0.359, 169.95, -22.57, 0.363, 169.70, -22.66, 0.005, 148.95, -27.88);
insert into SHOT values (5279, 5290, 5297, 1223, 0.888, 152.34, -15.41, 0.892, 152.24, -15.61, 0.005, 123.91, -52.14);
insert into SHOT values (5280, 5290, 5298, 1223, 0.941, 168.37, -12.15, 0.941, 168.08, -12.27, 0.005, 77.19, -22.55);
insert into SHOT values (5281, 5290, 5299, 1223, 1.252, 172.47, -9.24, 1.250, 172.07, -9.67, 0.013, 57.75, -43.17);
insert into SHOT values (5282, 5290, 5300, 1223, 1.269, 169.49, -8.84, 1.267, 169.41, -9.08, 0.006, 24.18, -57.54);
insert into SHOT values (5283, 5290, 5301, 1223, 1.367, 186.55, -8.92, 1.366, 186.39, -9.27, 0.009, 67.96, -61.33);
insert into SHOT values (5284, 5290, 5302, 1223, 1.502, 201.48, -6.12, 1.501, 201.23, -6.50, 0.012, 92.47, -55.06);
insert into SHOT values (5285, 5290, 5303, 1223, 1.786, 216.41, -3.08, 1.777, 216.29, -3.23, 0.011, 58.54, -21.84);
insert into SHOT values (5286, 5290, 5304, 1223, 2.218, 238.26, -15.02, 2.219, 238.16, -15.15, 0.006, 148.88, -55.23);
insert into SHOT values (5287, 5304, 5305, 1223, 1.460, 106.80, 1.88, 1.462, 106.70, 1.96, 0.004, 59.84, 30.60);
insert into SHOT values (5288, 5304, 5306, 1223, 1.242, 153.25, 0.14, 1.243, 153.23, 0.00, 0.003, 132.36, -65.95);
insert into SHOT values (5289, 5304, 5307, 1223, 1.224, 178.33, -0.19, 1.221, 178.12, 0.00, 0.007, 51.41, 36.08);
insert into SHOT values (5290, 5304, 5308, 1223, 1.381, 203.41, -0.50, 1.375, 203.58, -0.42, 0.008, 349.75, 15.53);
insert into SHOT values (5291, 5304, 5309, 1223, 1.393, 258.46, -1.89, 1.389, 258.37, -2.06, 0.006, 110.15, -42.87);
insert into SHOT values (5292, 5304, 5310, 1223, 0.335, 347.42, 1.88, 0.337, 348.02, 1.70, 0.004, 42.21, -12.84);
insert into SHOT values (5293, 5304, 5311, 1223, 0.552, 21.72, -5.30, 0.554, 22.38, -5.18, 0.007, 95.32, 8.50);
insert into SHOT values (5294, 5304, 5312, 1223, 1.124, 51.36, 0.31, 1.131, 51.10, 0.51, 0.009, 14.15, 24.93);
insert into SHOT values (5295, 5304, 5313, 1223, 1.417, 56.72, -0.81, 1.423, 56.76, -0.81, 0.006, 65.11, 0.30);
insert into SHOT values (5296, 5304, 5314, 1223, 2.951, 231.73, 0.45, 2.941, 231.77, 0.39, 0.011, 41.60, -17.24);
insert into SHOT values (5297, 5304, 5315, 1223, 1.897, 26.99, 5.14, 1.904, 26.97, 5.12, 0.007, 21.30, 0.40);
insert into SHOT values (5298, 5304, 5316, 1223, 2.460, 50.14, 4.94, 2.458, 50.13, 4.90, 0.002, 240.67, -50.00);
insert into SHOT values (5299, 5254, 5317, 1223, 3.116, 60.27, 3.05, 3.118, 60.14, 3.13, 0.008, 343.67, 30.05);
insert into SHOT values (5300, 5254, 5318, 1223, 4.857, 69.44, 1.84, 4.854, 69.36, 1.89, 0.008, 314.60, 28.45);
insert into SHOT values (5301, 5254, 5319, 1223, 6.330, 75.91, 1.87, 6.324, 75.90, 1.90, 0.007, 269.35, 28.56);
insert into SHOT values (5302, 5254, 5320, 1223, 7.234, 79.60, 2.24, 7.235, 79.56, 2.22, 0.006, 2.78, -27.52);
insert into SHOT values (5303, 5254, 5321, 1223, 8.992, 83.67, 2.10, 8.991, 83.67, 2.10, 0.001, 244.47, 20.66);
insert into SHOT values (5304, 5254, 5322, 1223, 9.589, 85.70, -3.22, 9.592, 85.69, -3.23, 0.004, 52.61, -19.70);
insert into SHOT values (5305, 5254, 5323, 1223, 9.606, 100.85, 0.61, 9.601, 100.81, 0.60, 0.009, 335.93, -14.01);
insert into SHOT values (5306, 5254, 5324, 1223, 9.395, 104.08, 2.10, 9.397, 104.05, 2.13, 0.008, 38.98, 46.53);
insert into SHOT values (5307, 5254, 5325, 1223, 9.503, 109.06, 3.08, 9.504, 109.06, 3.08, 0.002, 135.28, -22.50);
insert into SHOT values (5308, 5254, 5326, 1223, 9.608, 112.23, 3.11, 9.607, 112.23, 3.10, 0.001, 251.69, -59.98);
insert into SHOT values (5309, 5254, 5327, 1223, 10.427, 115.84, 3.35, 10.425, 115.80, 3.35, 0.007, 13.20, 5.43);
insert into SHOT values (5310, 5254, 5328, 1223, 10.154, 119.89, 2.75, 10.149, 119.88, 2.77, 0.006, 325.00, 27.51);
insert into SHOT values (5311, 5254, 5329, 1223, 9.844, 114.95, 3.60, 9.844, 114.92, 3.61, 0.005, 28.08, 20.56);
insert into SHOT values (5312, 5254, 5330, 1223, 10.153, 119.51, 3.14, 10.149, 119.50, 3.16, 0.006, 326.68, 40.46);
insert into SHOT values (5313, 5254, 5331, 1223, 10.136, 119.93, 2.67, 10.131, 119.93, 2.66, 0.005, 293.06, -23.53);
insert into SHOT values (5314, 5254, 5332, 1223, 10.139, 121.59, 3.29, 10.136, 121.59, 3.28, 0.004, 319.14, -28.61);
insert into SHOT values (5315, 5254, 5333, 1223, 9.359, 123.96, 0.84, 9.353, 123.93, 0.86, 0.008, 347.64, 19.62);
insert into SHOT values (5316, 5254, 5334, 1223, 8.683, 125.90, -0.13, 8.679, 125.91, -0.13, 0.004, 294.65, -4.47);
insert into SHOT values (5317, 5254, 5335, 1223, 7.513, 127.81, -2.85, 7.514, 127.80, -2.82, 0.004, 82.87, 62.98);
insert into SHOT values (5318, 5254, 5336, 1223, 7.034, 132.48, -4.14, 7.026, 132.46, -4.16, 0.009, 333.20, -13.73);
insert into SHOT values (5319, 5254, 5337, 1223, 5.277, 136.35, -5.39, 5.271, 136.39, -5.33, 0.009, 283.14, 41.45);
insert into SHOT values (5320, 5254, 5338, 1223, 3.293, 144.82, -5.45, 3.294, 144.81, -5.40, 0.003, 113.90, 61.38);
insert into SHOT values (5321, 5254, 5339, 1223, 2.409, 150.50, -6.63, 2.408, 150.43, -6.68, 0.004, 32.69, -30.26);
insert into SHOT values (5322, 5254, 5340, 1223, 1.712, 167.21, -9.89, 1.706, 167.29, -9.79, 0.007, 324.75, 35.01);
insert into SHOT values (5323, 5254, 5341, 1223, 7.636, 119.68, 4.36, 7.632, 119.70, 4.36, 0.005, 272.25, -5.93);
insert into SHOT values (5324, 5254, 5342, 1223, 7.522, 121.30, 4.50, 7.521, 121.25, 4.50, 0.006, 24.18, -1.50);
insert into SHOT values (5325, 5254, 5343, 1223, 7.725, 122.91, 5.38, 7.729, 122.91, 5.42, 0.007, 110.02, 58.20);
insert into SHOT values (5326, 5254, 5344, 1223, 6.374, 125.04, 4.84, 6.370, 124.99, 4.86, 0.007, 359.64, 18.27);
insert into SHOT values (5327, 5254, 5345, 1223, 5.465, 126.96, 3.63, 5.467, 126.95, 3.67, 0.005, 107.76, 62.42);
insert into SHOT values (5328, 5254, 5346, 1223, 4.395, 131.18, 3.23, 4.394, 131.21, 3.26, 0.004, 253.75, 41.56);
insert into SHOT values (5329, 5254, 5347, 1223, 7.140, 132.65, -6.00, 7.137, 132.66, -5.95, 0.007, 292.16, 65.67);
insert into SHOT values (5330, 5254, 5348, 1223, 6.890, 129.54, -6.23, 6.888, 129.55, -6.25, 0.003, 283.92, -48.58);
insert into SHOT values (5331, 5254, 5349, 1223, 6.437, 124.64, -6.76, 6.436, 124.61, -6.78, 0.004, 14.33, -31.90);
insert into SHOT values (5332, 5254, 5350, 1223, 5.583, 118.92, -7.74, 5.578, 118.88, -7.73, 0.006, 337.69, 18.19);
insert into SHOT values (5333, 5254, 5351, 1223, 4.774, 112.70, -9.08, 4.775, 112.70, -9.04, 0.004, 123.73, 70.03);
insert into SHOT values (5334, 5254, 5352, 1223, 4.978, 108.76, -8.78, 4.979, 108.73, -8.78, 0.003, 37.15, -3.08);
insert into SHOT values (5335, 5254, 5353, 1223, 4.296, 105.29, -9.76, 4.291, 105.22, -9.80, 0.008, 329.02, -12.78);
insert into SHOT values (5336, 5254, 5354, 1223, 3.824, 101.10, -11.11, 3.822, 101.07, -11.16, 0.005, 319.40, -43.90);
insert into SHOT values (5337, 5254, 5355, 1223, 5.035, 93.13, -8.81, 5.037, 93.11, -8.79, 0.003, 45.96, 24.32);
insert into SHOT values (5338, 5254, 5356, 1223, 6.597, 89.66, -6.57, 6.593, 89.65, -6.53, 0.006, 289.16, 51.90);
insert into SHOT values (5339, 5254, 5357, 1223, 8.790, 89.28, -4.84, 8.792, 89.28, -4.83, 0.003, 86.95, 38.91);
insert into SHOT values (5340, 5254, 5358, 1223, 2.357, 46.22, -15.05, 2.358, 46.07, -15.00, 0.007, 326.59, 18.05);
insert into SHOT values (5341, 5254, 5359, 1223, 3.396, 59.17, -12.31, 3.396, 59.18, -12.24, 0.004, 111.56, 76.55);
insert into SHOT values (5342, 5254, 5360, 1223, 3.699, 66.80, -10.69, 3.700, 66.68, -10.59, 0.010, 353.67, 36.81);
insert into SHOT values (5343, 5254, 5361, 1223, 4.212, 74.34, -9.30, 4.212, 74.23, -9.29, 0.008, 343.69, 4.58);
insert into SHOT values (5344, 5254, 5362, 1223, 4.919, 81.14, -8.11, 4.917, 81.14, -8.07, 0.004, 271.44, 66.53);
insert into SHOT values (5345, 5254, 5363, 1223, 6.894, 81.47, -5.42, 6.897, 81.46, -5.41, 0.004, 51.87, 18.81);
insert into SHOT values (5346, 5254, 5364, 1223, 1.522, 74.14, -26.13, 1.520, 73.82, -26.16, 0.008, 326.06, 2.18);
insert into SHOT values (5347, 5254, 5365, 1223, 1.519, 80.70, -28.89, 1.516, 80.47, -28.79, 0.007, 334.05, 34.34);
insert into SHOT values (5348, 5254, 5366, 1223, 1.065, 109.35, -41.25, 1.058, 109.12, -41.41, 0.008, 314.18, 16.10);
insert into SHOT values (5349, 5254, 5367, 1223, 0.956, 148.71, -44.99, 0.947, 148.45, -45.05, 0.010, 351.65, 36.78);
insert into SHOT values (5350, 5254, 5368, 1223, 1.280, 178.03, -34.77, 1.279, 178.36, -34.80, 0.006, 277.74, -0.34);
insert into SHOT values (5351, 5254, 5369, 1223, 10.006, 116.11, 9.33, 9.998, 116.10, 9.32, 0.008, 312.84, -15.03);
insert into SHOT values (5352, 5369, 5370, 1223, 0.510, 178.78, 17.71, 0.516, 178.83, 18.08, 0.006, 184.47, 48.54);
insert into SHOT values (5353, 5369, 5371, 1223, 0.631, 358.91, -21.46, 0.624, 359.01, -21.63, 0.007, 170.78, 6.71);
insert into SHOT values (5354, 5369, 5372, 1223, 0.524, 41.41, -8.23, 0.529, 41.91, -7.61, 0.009, 81.38, 35.41);
insert into SHOT values (5355, 5369, 5373, 1223, 0.819, 74.07, 13.57, 0.825, 74.05, 14.02, 0.009, 71.25, 59.15);
insert into SHOT values (5356, 5369, 5374, 1223, 1.453, 82.85, 27.29, 1.462, 82.93, 27.27, 0.010, 94.55, 23.42);
insert into SHOT values (5357, 5369, 5375, 1223, 2.321, 93.36, 29.65, 2.328, 93.40, 29.61, 0.007, 105.27, 15.24);
insert into SHOT values (5358, 5369, 5376, 1223, 3.376, 95.39, 32.88, 3.386, 95.45, 32.91, 0.011, 116.25, 41.45);
insert into SHOT values (5359, 5369, 5377, 1223, 4.290, 96.39, 37.31, 4.297, 96.38, 37.23, 0.009, 91.13, -1.80);
insert into SHOT values (5360, 5369, 5378, 1223, 4.857, 95.87, 40.27, 4.860, 95.88, 40.25, 0.004, 104.63, 7.56);
insert into SHOT values (5361, 5369, 5379, 1223, 5.713, 97.21, 40.10, 5.717, 97.22, 40.07, 0.005, 107.65, 1.45);
insert into SHOT values (5362, 5369, 5380, 1223, 0.708, 129.73, 29.36, 0.716, 129.81, 29.26, 0.008, 135.71, 20.21);
insert into SHOT values (5363, 5369, 5381, 1223, 1.435, 120.46, 30.54, 1.440, 120.49, 30.45, 0.006, 126.43, 8.05);
insert into SHOT values (5364, 5369, 5382, 1223, 2.283, 111.70, 30.80, 2.291, 111.75, 30.70, 0.009, 121.49, 6.14);
insert into SHOT values (5365, 5369, 5383, 1223, 2.928, 105.57, 33.78, 2.935, 105.69, 33.73, 0.009, 140.02, 12.96);
insert into SHOT values (5366, 5369, 5384, 1223, 3.780, 102.39, 36.78, 3.786, 102.39, 36.83, 0.007, 96.45, 66.11);
insert into SHOT values (5367, 5369, 5385, 1223, 5.375, 100.56, 38.27, 5.378, 100.64, 38.26, 0.007, 166.54, 7.58);
insert into SHOT values (5368, 5369, 5386, 1223, 2.852, 335.90, -31.69, 2.843, 335.87, -31.60, 0.010, 170.47, 57.02);
insert into SHOT values (5369, 5386, 5387, 1223, 2.695, 33.85, 0.60, 2.696, 33.81, 0.43, 0.009, 329.97, -74.62);
insert into SHOT values (5370, 5386, 5388, 1223, 2.546, 37.70, -3.74, 2.550, 37.82, -3.82, 0.007, 91.22, -31.81);
insert into SHOT values (5371, 5386, 5389, 1223, 2.074, 52.50, -7.20, 2.084, 52.47, -7.17, 0.011, 45.46, -0.32);
insert into SHOT values (5372, 5386, 5390, 1223, 1.824, 67.60, -8.99, 1.830, 67.55, -9.12, 0.007, 51.07, -41.80);
insert into SHOT values (5373, 5386, 5391, 1223, 1.655, 76.55, -6.84, 1.659, 76.30, -6.92, 0.009, 13.24, -19.80);
insert into SHOT values (5374, 5386, 5392, 1223, 2.952, 32.59, -5.25, 2.958, 32.67, -5.24, 0.007, 63.68, 0.88);
insert into SHOT values (5375, 5386, 5393, 1223, 2.046, 42.79, -18.90, 2.051, 42.91, -19.06, 0.009, 95.43, -55.17);
insert into SHOT values (5376, 5393, 5394, 1223, 1.008, 146.96, -21.83, 1.003, 146.82, -21.65, 0.007, 357.91, 47.56);
insert into SHOT values (5377, 5393, 5395, 1223, 1.470, 120.32, -14.06, 1.468, 120.34, -13.80, 0.007, 263.10, 82.71);
insert into SHOT values (5378, 5393, 5396, 1223, 2.359, 105.90, -8.58, 2.356, 105.95, -8.54, 0.004, 254.63, 29.21);
insert into SHOT values (5379, 5393, 5397, 1223, 2.999, 99.41, -6.61, 2.998, 99.27, -6.51, 0.009, 8.24, 35.91);
insert into SHOT values (5380, 5393, 5398, 1223, 3.476, 96.11, -5.32, 3.474, 95.97, -5.29, 0.009, 350.86, 14.97);
insert into SHOT values (5381, 5393, 5399, 1223, 3.339, 85.66, -5.17, 3.334, 85.51, -5.16, 0.010, 325.03, 4.90);
insert into SHOT values (5382, 5393, 5400, 1223, 3.585, 80.65, -5.01, 3.581, 80.64, -4.97, 0.005, 267.88, 38.48);
insert into SHOT values (5383, 5393, 5401, 1223, 3.723, 75.33, -4.25, 3.721, 75.33, -4.16, 0.006, 263.70, 73.43);
insert into SHOT values (5384, 5393, 5402, 1223, 3.288, 62.33, -4.19, 3.288, 62.18, -4.19, 0.008, 329.83, 1.60);
insert into SHOT values (5385, 5393, 5403, 1223, 1.659, 37.96, -5.85, 1.655, 37.84, -5.90, 0.005, 257.05, -9.69);
insert into SHOT values (5386, 5393, 5404, 1223, 1.652, 17.36, -8.53, 1.653, 17.44, -8.35, 0.006, 74.37, 62.66);
insert into SHOT values (5387, 5393, 5405, 1223, 1.762, 357.00, -9.50, 1.766, 357.04, -9.45, 0.005, 11.41, 9.96);
insert into SHOT values (5388, 5393, 5406, 1223, 1.847, 348.86, -9.38, 1.848, 348.94, -9.34, 0.003, 45.31, 19.63);
insert into SURVEY values (1225, 19, 'Other', 'Other.Cong', NULL);
 insert into CENTRELINE values (1226, 1225, NULL, NULL, NULL, 0.00, 0.00, 0.00);
 insert into CENTRELINE values (1227, 1225, NULL, NULL, NULL, 0.00, 0.00, 0.00);
 insert into SURVEY values (1229, 19, 'pigeonHole', 'pigeonHole.Cong', 'Pigeon Hole');
 insert into CENTRELINE values (1230, 1229, NULL, NULL, NULL, 0.00, 0.00, 0.00);
 insert into SURVEY values (1231, 1229, 'PHMainChamber', 'PHMainChamber.pigeonHole.Cong', NULL);
 insert into CENTRELINE values (1232, 1231, NULL, NULL, NULL, 0.00, 0.00, 0.00);
 insert into SCRAPS values (1233, 1231, 'PHMainChamberSP1', 1, 0.27972, 0.03760);
 insert into MAPS values (1252, 1231, 'PHMainChamberM', NULL, 1, 38.182, -4.850);
 insert into MAPITEMS values (1252, 4, 1233);
 insert into CENTRELINE values (1253, 1231, NULL, '2013-09-10', NULL, 38.18, 0.00, 0.00);
 insert into TOPO values (1, 1253);
 insert into PERSON values (13, 'Cameron', 'Bullen');
insert into TOPO values (13, 1253);
 insert into PERSON values (14, 'Anya', 'Keatley');
insert into TOPO values (14, 1253);
 insert into TOPO values (10, 1253);
 insert into SHOT values (5389, 5415, 5416, 1253, 5.950, 218.12, 36.45, 5.947, 218.12, 36.53, 0.009, 37.03, 35.80);
insert into SHOT values (5390, 5415, 5417, 1253, 6.603, 230.82, 32.30, 6.596, 230.83, 32.35, 0.009, 43.80, 10.72);
insert into SHOT values (5391, 5415, 5418, 1253, 3.503, 208.26, 24.09, 3.496, 208.25, 24.15, 0.008, 29.53, 1.28);
insert into SHOT values (5392, 5415, 5419, 1253, 5.819, 244.59, 16.22, 5.811, 244.63, 16.29, 0.011, 40.06, 23.96);
insert into SHOT values (5393, 5415, 5420, 1253, 0.881, 189.10, -7.18, 0.877, 188.60, -7.21, 0.009, 69.22, 0.74);
insert into SHOT values (5394, 5415, 5421, 1253, 1.474, 193.22, 20.03, 1.476, 192.93, 20.21, 0.009, 105.53, 36.91);
insert into SHOT values (5395, 5415, 5422, 1253, 4.568, 192.83, 27.53, 4.572, 192.84, 27.62, 0.009, 249.91, 84.22);
insert into SHOT values (5396, 5415, 5423, 1253, 6.083, 193.87, 30.60, 6.081, 193.82, 30.65, 0.007, 54.83, 31.20);
insert into SHOT values (5397, 5415, 5424, 1253, 6.240, 194.00, 38.60, 6.243, 194.01, 38.66, 0.007, 342.33, 73.87);
insert into SHOT values (5398, 5415, 5425, 1253, 6.127, 195.88, 46.48, 6.133, 195.81, 46.52, 0.008, 113.88, 57.68);
insert into SHOT values (5399, 5415, 5426, 1253, 6.473, 198.73, 58.38, 6.478, 198.76, 58.44, 0.009, 352.64, 62.81);
insert into SHOT values (5400, 5415, 5427, 1253, 5.808, 198.16, 73.23, 5.806, 198.11, 73.25, 0.003, 42.54, -17.19);
insert into SHOT values (5401, 5415, 5428, 1253, 4.905, 216.88, 87.13, 4.906, 216.38, 87.24, 0.010, 48.78, 6.70);
insert into SHOT values (5402, 5415, 5429, 1253, 4.820, 194.09, 88.12, 4.822, 191.31, 88.18, 0.009, 68.32, 15.87);
insert into SHOT values (5403, 5415, 5430, 1253, 4.776, 22.12, 75.48, 4.782, 22.07, 75.50, 0.007, 309.95, 80.97);
insert into SHOT values (5404, 5415, 5431, 1253, 3.711, 33.02, 60.01, 3.718, 32.92, 60.01, 0.007, 351.49, 51.62);
insert into SHOT values (5405, 5415, 5432, 1253, 3.004, 37.28, 42.59, 3.009, 37.28, 42.68, 0.007, 74.11, 85.27);
insert into SHOT values (5406, 5415, 5433, 1253, 3.317, 40.30, 18.49, 3.323, 40.36, 18.60, 0.010, 83.31, 55.26);
insert into SHOT values (5407, 5415, 5434, 1253, 4.960, 40.45, 8.90, 4.962, 40.45, 8.93, 0.003, 55.02, 63.36);
insert into SHOT values (5408, 5415, 5435, 1253, 5.197, 38.53, -0.47, 5.202, 38.52, -0.44, 0.006, 35.55, 26.21);
insert into SHOT values (5409, 5415, 5436, 1253, 4.104, 39.18, -14.51, 4.102, 39.18, -14.40, 0.008, 93.94, 88.50);
insert into SHOT values (5410, 5415, 5437, 1253, 5.635, 60.53, 4.59, 5.638, 60.47, 4.58, 0.006, 0.51, -8.56);
insert into SHOT values (5411, 5415, 5438, 1253, 6.545, 75.60, 4.22, 6.555, 75.56, 4.29, 0.013, 51.97, 39.71);
insert into SHOT values (5412, 5415, 5439, 1253, 7.701, 85.80, 3.15, 7.703, 85.75, 3.20, 0.009, 12.11, 47.07);
insert into SHOT values (5413, 5415, 5440, 1253, 8.999, 94.55, 1.62, 9.002, 94.53, 1.66, 0.007, 45.32, 54.02);
insert into SHOT values (5414, 5415, 5441, 1253, 9.935, 101.72, 2.28, 9.934, 101.68, 2.31, 0.007, 356.57, 39.86);
insert into SHOT values (5415, 5415, 5442, 1253, 12.524, 108.95, 1.29, 12.530, 108.91, 1.33, 0.012, 55.72, 41.81);
insert into SHOT values (5416, 5415, 5443, 1253, 8.441, 112.31, 4.59, 8.445, 112.27, 4.62, 0.008, 58.70, 34.32);
insert into SHOT values (5417, 5415, 5444, 1253, 6.346, 106.84, 9.34, 6.351, 106.79, 9.33, 0.007, 61.26, 0.70);
insert into SHOT values (5418, 5415, 5445, 1253, 5.225, 98.44, 12.39, 5.229, 98.45, 12.48, 0.009, 126.15, 75.20);
insert into SHOT values (5419, 5415, 5446, 1253, 3.737, 80.11, 17.76, 3.741, 80.14, 17.74, 0.004, 111.11, 1.34);
insert into SHOT values (5420, 5415, 5447, 1253, 3.145, 67.06, 20.69, 3.150, 67.01, 20.83, 0.009, 11.52, 70.79);
insert into SHOT values (5421, 5415, 5448, 1253, 2.820, 52.14, 24.13, 2.829, 52.24, 24.21, 0.011, 87.69, 40.94);
insert into SHOT values (5422, 5415, 5449, 1253, 3.348, 30.23, 24.03, 3.357, 30.16, 24.08, 0.010, 4.96, 40.08);
insert into SHOT values (5423, 5415, 5450, 1253, 4.703, 12.64, 15.00, 4.712, 12.69, 15.01, 0.010, 40.94, 16.09);
insert into SHOT values (5424, 5415, 5451, 1253, 6.210, 199.92, 37.58, 6.205, 199.87, 37.65, 0.010, 41.88, 15.84);
insert into SHOT values (5425, 5415, 5452, 1253, 6.308, 190.69, 36.69, 6.307, 190.60, 36.71, 0.008, 85.99, 7.68);
insert into SHOT values (5426, 5415, 5453, 1253, 9.129, 180.50, 29.57, 9.132, 180.43, 29.60, 0.010, 92.11, 29.87);
insert into SHOT values (5427, 5415, 5454, 1253, 10.887, 172.15, 25.49, 10.885, 172.10, 25.52, 0.010, 54.07, 28.79);
insert into SHOT values (5428, 5415, 5455, 1253, 15.280, 169.62, 23.05, 15.284, 169.59, 23.07, 0.009, 92.19, 52.87);
insert into SHOT values (5429, 5415, 5456, 1253, 18.139, 164.70, 20.23, 18.138, 164.67, 20.26, 0.013, 49.40, 37.98);
insert into SHOT values (5430, 5415, 5457, 1253, 19.001, 161.01, 18.86, 19.004, 160.98, 18.88, 0.011, 76.80, 45.10);
insert into SHOT values (5431, 5415, 5458, 1253, 20.568, 157.71, 17.88, 20.570, 157.69, 17.89, 0.007, 71.94, 50.88);
insert into SHOT values (5432, 5415, 5459, 1253, 4.606, 199.23, 24.20, 4.600, 199.21, 24.26, 0.008, 26.08, 13.80);
insert into SHOT values (5433, 5415, 5460, 1253, 4.396, 209.94, 24.86, 4.391, 209.98, 24.91, 0.007, 3.71, 16.28);
insert into SHOT values (5434, 5415, 5461, 1253, 3.998, 132.52, 8.04, 3.996, 132.44, 8.06, 0.006, 21.38, 8.32);
insert into SHOT values (5435, 5461, 5462, 1253, 1.412, 227.02, 13.18, 1.412, 226.77, 13.52, 0.010, 114.88, 51.93);
insert into SHOT values (5436, 5461, 5463, 1253, 2.809, 227.56, 19.44, 2.809, 227.45, 19.55, 0.007, 116.62, 44.37);
insert into SHOT values (5437, 5461, 5464, 1253, 4.552, 227.57, 25.10, 4.549, 227.56, 25.10, 0.003, 58.71, -19.26);
insert into SHOT values (5438, 5461, 5465, 1253, 5.497, 227.15, 34.28, 5.500, 227.14, 34.31, 0.004, 199.27, 79.23);
insert into SHOT values (5439, 5461, 5466, 1253, 5.847, 217.23, 44.79, 5.851, 217.17, 44.76, 0.006, 177.17, 7.09);
insert into SHOT values (5440, 5461, 5467, 1253, 7.254, 213.20, 37.09, 7.257, 213.22, 37.13, 0.006, 317.60, 61.43);
insert into SHOT values (5441, 5461, 5468, 1253, 8.122, 212.49, 25.47, 8.130, 212.48, 25.50, 0.009, 200.63, 55.14);
insert into SHOT values (5442, 5461, 5469, 1253, 4.907, 210.37, 20.28, 4.902, 210.30, 20.29, 0.007, 78.30, -6.65);
insert into SHOT values (5443, 5461, 5470, 1253, 4.927, 204.05, 12.07, 4.926, 204.01, 12.07, 0.003, 90.29, -4.84);
insert into SHOT values (5444, 5461, 5471, 1253, 1.200, 198.65, 6.51, 1.200, 198.59, 6.70, 0.004, 104.86, 72.88);
insert into SHOT values (5445, 5461, 5472, 1253, 6.135, 193.31, 11.67, 6.137, 193.27, 11.66, 0.004, 138.68, -13.06);
insert into SHOT values (5446, 5461, 5473, 1253, 9.562, 191.87, 20.14, 9.568, 191.82, 20.18, 0.011, 127.57, 46.13);
insert into SHOT values (5447, 5461, 5474, 1253, 10.281, 191.09, 22.58, 10.285, 191.05, 22.59, 0.007, 129.05, 19.53);
insert into SHOT values (5448, 5461, 5475, 1253, 9.126, 190.85, 25.47, 9.127, 190.85, 25.51, 0.006, 7.12, 70.79);
insert into SHOT values (5449, 5461, 5476, 1253, 8.284, 185.11, 36.32, 8.287, 185.07, 36.33, 0.006, 115.50, 38.15);
insert into SHOT values (5450, 5461, 5477, 1253, 6.184, 191.13, 54.16, 6.188, 191.15, 54.22, 0.008, 334.78, 65.60);
insert into SHOT values (5451, 5461, 5478, 1253, 4.222, 204.50, 73.98, 4.223, 204.36, 74.01, 0.004, 84.68, 32.23);
insert into SHOT values (5452, 5461, 5479, 1253, 5.614, 161.77, 54.56, 5.618, 161.73, 54.61, 0.007, 37.54, 69.66);
insert into SHOT values (5453, 5461, 5480, 1253, 4.320, 139.00, 69.63, 4.322, 139.03, 69.55, 0.006, 147.04, 1.42);
insert into SHOT values (5454, 5461, 5481, 1253, 5.091, 118.24, 52.50, 5.093, 118.30, 52.49, 0.004, 186.59, 15.23);
insert into SHOT values (5455, 5461, 5482, 1253, 4.090, 101.46, 41.37, 4.096, 101.46, 41.43, 0.007, 103.18, 75.11);
insert into SHOT values (5456, 5461, 5483, 1253, 3.061, 42.32, 65.10, 3.064, 42.48, 65.14, 0.005, 141.63, 42.77);
insert into SHOT values (5457, 5461, 5484, 1253, 4.309, 11.38, 77.21, 4.316, 11.55, 77.29, 0.010, 160.30, 55.19);
insert into SHOT values (5458, 5461, 5485, 1253, 2.473, 58.12, 30.17, 2.480, 58.16, 30.26, 0.009, 81.57, 56.99);
insert into SHOT values (5459, 5461, 5486, 1253, 3.579, 98.59, 22.47, 3.580, 98.69, 22.50, 0.007, 182.03, 18.52);
insert into SHOT values (5460, 5461, 5487, 1253, 5.977, 249.00, 31.50, 5.984, 248.97, 31.54, 0.008, 216.30, 59.91);
insert into SHOT values (5461, 5461, 5488, 1253, 5.729, 251.92, 42.58, 5.732, 251.91, 42.61, 0.004, 173.60, 82.25);
insert into SHOT values (5462, 5461, 5489, 1253, 7.215, 263.04, 47.94, 7.219, 262.99, 47.94, 0.006, 210.20, 35.85);
insert into SHOT values (5463, 5461, 5490, 1253, 7.192, 278.18, 51.58, 7.193, 278.11, 51.63, 0.009, 145.22, 37.85);
insert into SHOT values (5464, 5461, 5491, 1253, 5.097, 293.60, 52.74, 5.100, 293.49, 52.76, 0.007, 202.01, 30.60);
insert into SHOT values (5465, 5461, 5492, 1253, 5.115, 306.19, 46.35, 5.113, 306.12, 46.36, 0.005, 184.86, -13.26);
insert into SHOT values (5466, 5461, 5493, 1253, 5.424, 321.45, 47.22, 5.420, 321.51, 47.25, 0.006, 98.09, -9.65);
insert into SHOT values (5467, 5461, 5494, 1253, 7.029, 328.07, 49.70, 7.028, 328.13, 49.70, 0.005, 69.44, -8.87);
insert into SHOT values (5468, 5461, 5495, 1253, 8.036, 350.65, -2.35, 8.033, 350.68, -2.35, 0.006, 115.63, -4.97);
insert into SHOT values (5469, 5461, 5496, 1253, 6.312, 6.67, -0.94, 6.313, 6.64, -0.91, 0.005, 300.79, 50.37);
insert into SHOT values (5470, 5461, 5497, 1253, 5.624, 25.73, -0.60, 5.618, 25.74, -0.61, 0.006, 189.00, -9.84);
insert into SHOT values (5471, 5461, 5498, 1253, 5.594, 48.42, -1.91, 5.592, 48.41, -1.84, 0.007, 245.90, 72.57);
insert into SHOT values (5472, 5461, 5499, 1253, 2.997, 82.81, 34.81, 2.996, 82.76, 34.81, 0.002, 324.22, -20.95);
insert into SHOT values (5473, 5461, 5500, 1253, 5.181, 108.77, 27.25, 5.183, 108.75, 27.33, 0.008, 325.78, 75.06);
insert into SHOT values (5474, 5461, 5501, 1253, 4.432, 83.61, 1.76, 4.429, 83.65, 1.81, 0.006, 214.67, 43.24);
insert into SHOT values (5475, 5461, 5502, 1253, 6.604, 115.66, 37.26, 6.608, 115.69, 37.25, 0.005, 154.51, 19.68);
insert into SHOT values (5476, 5461, 5503, 1253, 6.626, 127.78, 40.04, 6.632, 127.80, 40.08, 0.008, 172.61, 70.68);
insert into SHOT values (5477, 5461, 5504, 1253, 11.580, 122.71, 25.15, 11.582, 122.74, 25.14, 0.006, 183.29, -12.35);
insert into SHOT values (5478, 5461, 5505, 1253, 16.303, 131.43, 8.84, 16.305, 131.43, 8.86, 0.005, 146.73, 70.43);
insert into SHOT values (5479, 5461, 5506, 1253, 19.873, 127.30, 3.35, 19.870, 127.30, 3.35, 0.003, 290.83, -26.31);
insert into SHOT values (5480, 5461, 5507, 1253, 21.921, 139.64, 16.08, 21.920, 139.64, 16.08, 0.003, 238.53, -39.68);
insert into SHOT values (5481, 5461, 5508, 1253, 14.994, 139.93, 22.22, 14.995, 139.91, 22.22, 0.004, 69.62, -2.61);
insert into SHOT values (5482, 5461, 5509, 1253, 12.790, 150.00, 27.76, 12.791, 149.99, 27.77, 0.003, 10.35, 67.17);
insert into SHOT values (5483, 5461, 5510, 1253, 16.179, 150.40, 19.93, 16.188, 150.39, 19.94, 0.010, 132.73, 31.51);
insert into SHOT values (5484, 5461, 5511, 1253, 16.329, 152.13, 16.70, 16.334, 152.14, 16.72, 0.009, 209.05, 56.62);
insert into SHOT values (5485, 5461, 5512, 1253, 23.146, 149.19, 15.29, 23.153, 149.19, 15.30, 0.009, 151.38, 46.77);
insert into SHOT values (5486, 5461, 5513, 1253, 16.277, 156.36, 18.51, 16.278, 156.36, 18.52, 0.003, 207.27, 70.36);
insert into SHOT values (5487, 5461, 5514, 1253, 19.073, 154.84, 14.17, 19.078, 154.82, 14.17, 0.007, 110.90, 7.65);
insert into SHOT values (5488, 5461, 5515, 1253, 11.666, 152.63, 11.05, 11.671, 152.61, 11.07, 0.007, 114.65, 34.52);
insert into SHOT values (5489, 5461, 5516, 1253, 9.825, 161.78, 11.91, 9.825, 161.75, 11.92, 0.004, 69.87, 32.96);
insert into SHOT values (5490, 5461, 5517, 1253, 9.730, 155.06, 7.89, 9.734, 155.03, 7.91, 0.007, 102.61, 38.79);
insert into SHOT values (5491, 5461, 5518, 1253, 18.310, 147.94, 8.28, 18.315, 147.94, 8.29, 0.006, 169.01, 32.05);
insert into SHOT values (5492, 5461, 5519, 1253, 9.449, 148.46, 4.51, 9.452, 148.45, 4.55, 0.008, 138.71, 67.33);
insert into SHOT values (5493, 5461, 5520, 1253, 4.570, 160.68, 10.55, 4.572, 160.64, 10.59, 0.005, 96.72, 44.90);
insert into SHOT values (5494, 5520, 5521, 1253, 6.998, 39.42, -31.97, 6.997, 39.46, -32.02, 0.008, 174.20, -36.38);
insert into SHOT values (5495, 5520, 5522, 1253, 7.554, 38.73, -21.21, 7.547, 38.71, -21.21, 0.008, 233.76, 23.08);
insert into SHOT values (5496, 5520, 5523, 1253, 6.597, 34.16, -12.00, 6.595, 34.13, -11.99, 0.003, 273.02, 29.05);
insert into SHOT values (5497, 5520, 5524, 1253, 8.159, 28.75, -10.37, 8.154, 28.77, -10.39, 0.007, 177.46, -11.37);
insert into SHOT values (5498, 5520, 5525, 1253, 8.950, 26.04, -18.98, 8.944, 26.02, -18.99, 0.007, 226.33, 7.57);
insert into SHOT values (5499, 5520, 5526, 1253, 2.065, 17.26, -22.02, 2.066, 17.30, -21.89, 0.005, 50.04, 56.54);
insert into SHOT values (5500, 5520, 5527, 1253, 2.179, 29.57, -32.69, 2.175, 29.51, -32.86, 0.008, 223.69, -24.06);
insert into SHOT values (5501, 5520, 5528, 1253, 4.455, 58.81, -26.87, 4.455, 58.79, -26.82, 0.004, 19.27, 63.35);
insert into SHOT values (5502, 5520, 5529, 1253, 4.496, 62.78, -8.84, 4.494, 62.80, -8.83, 0.003, 190.32, 20.74);
insert into SHOT values (5503, 5520, 5530, 1253, 4.629, 72.47, 18.47, 4.632, 72.51, 18.50, 0.006, 129.11, 38.17);
insert into SHOT values (5504, 5520, 5531, 1253, 6.650, 83.54, -17.54, 6.648, 83.57, -17.51, 0.006, 187.28, 46.17);
insert into SHOT values (5505, 5520, 5532, 1253, 8.103, 95.06, -15.24, 8.105, 95.06, -15.24, 0.003, 114.95, -0.49);
insert into SHOT values (5506, 5520, 5533, 1253, 9.376, 101.48, -9.27, 9.377, 101.47, -9.27, 0.002, 56.35, 11.67);
insert into SHOT values (5507, 5520, 5534, 1253, 4.450, 107.96, -8.67, 4.446, 108.02, -8.67, 0.006, 231.80, 7.38);
insert into SHOT values (5508, 5520, 5535, 1253, 5.867, 119.64, -8.33, 5.862, 119.66, -8.34, 0.006, 274.87, -0.22);
insert into SHOT values (5509, 5520, 5536, 1253, 13.837, 114.49, -10.14, 13.834, 114.51, -10.16, 0.009, 231.52, -27.53);
insert into SHOT values (5510, 5520, 5537, 1253, 12.499, 112.27, -0.15, 12.503, 112.28, -0.14, 0.006, 144.78, 27.86);
insert into SHOT values (5511, 5520, 5538, 1253, 5.207, 138.47, -0.56, 5.207, 138.50, -0.55, 0.004, 224.94, 14.35);
insert into SHOT values (5512, 5520, 5539, 1253, 13.006, 114.71, 2.73, 13.004, 114.71, 2.73, 0.002, 261.91, 13.75);
insert into SHOT values (5513, 5520, 5540, 1253, 13.683, 118.47, 3.28, 13.683, 118.46, 3.27, 0.003, 42.15, -65.18);
insert into SHOT values (5514, 5520, 5541, 1253, 15.816, 118.18, 0.40, 15.816, 118.19, 0.40, 0.003, 214.07, -8.37);
insert into SHOT values (5515, 5520, 5542, 1253, 20.282, 122.83, -0.38, 20.282, 122.84, -0.37, 0.008, 208.52, 34.36);
insert into SHOT values (5516, 5520, 5543, 1253, 15.229, 124.60, 1.74, 15.227, 124.59, 1.73, 0.004, 349.83, -41.69);
insert into SHOT values (5517, 5520, 5544, 1253, 14.972, 128.34, 0.84, 14.973, 128.35, 0.84, 0.005, 211.29, 5.58);
insert into SHOT values (5518, 5520, 5545, 1253, 4.578, 110.57, -6.23, 4.578, 110.59, -6.27, 0.004, 214.64, -62.57);
insert into SHOT values (5519, 5520, 5546, 1253, 4.597, 104.27, -8.84, 4.595, 104.28, -8.89, 0.004, 253.23, -55.58);
insert into SHOT values (5520, 5520, 5547, 1253, 4.259, 107.83, -11.46, 4.257, 107.87, -11.52, 0.006, 238.80, -41.25);
insert into SHOT values (5521, 5520, 5548, 1253, 5.104, 113.82, -8.37, 5.104, 113.82, -8.34, 0.003, 161.96, 70.23);
insert into SHOT values (5522, 5520, 5549, 1253, 4.451, 160.40, 6.95, 4.448, 160.42, 6.97, 0.004, 311.25, 23.32);
insert into SHOT values (5523, 5520, 5550, 1253, 5.957, 166.55, 15.97, 5.957, 166.57, 15.98, 0.003, 267.97, 21.81);
insert into SHOT values (5524, 5520, 5551, 1253, 5.446, 145.38, 4.62, 5.446, 145.43, 4.63, 0.006, 234.61, 14.09);
insert into SHOT values (5525, 5520, 5552, 1253, 7.263, 148.28, 11.91, 7.269, 148.28, 11.91, 0.006, 149.62, 10.34);
insert into SHOT values (5526, 5520, 5553, 1253, 5.568, 171.38, 12.55, 5.574, 171.44, 12.54, 0.008, 217.80, 0.84);
insert into SHOT values (5527, 5520, 5554, 1253, 4.880, 182.09, 9.09, 4.884, 182.14, 9.07, 0.007, 226.17, -8.54);
insert into SHOT values (5528, 5520, 5555, 1253, 5.664, 191.46, 17.17, 5.670, 191.50, 17.13, 0.008, 220.13, -14.18);
insert into SHOT values (5529, 5520, 5556, 1253, 2.669, 158.45, -17.44, 2.669, 158.57, -17.44, 0.006, 252.21, -0.82);
insert into SHOT values (5530, 5520, 5557, 1253, 3.710, 136.47, -23.95, 3.710, 136.55, -24.02, 0.007, 249.85, -34.56);
insert into SHOT values (5531, 5520, 5558, 1253, 4.846, 140.03, -13.01, 4.845, 140.07, -13.00, 0.004, 243.38, 13.86);
insert into SHOT values (5532, 5520, 5559, 1253, 6.571, 168.03, 2.14, 6.577, 168.06, 2.18, 0.008, 200.37, 33.84);
insert into SHOT values (5533, 5520, 5560, 1253, 5.119, 189.92, 1.85, 5.119, 189.90, 1.90, 0.005, 95.10, 78.18);
insert into SHOT values (5534, 5520, 5561, 1253, 1.489, 216.35, 7.84, 1.493, 216.48, 7.70, 0.007, 252.02, -27.05);
insert into SHOT values (5535, 5520, 5562, 1253, 4.631, 218.67, 18.51, 4.630, 218.62, 18.51, 0.004, 107.29, -3.08);
insert into SHOT values (5536, 5520, 5563, 1253, 6.832, 218.91, 26.79, 6.835, 218.88, 26.78, 0.004, 177.43, 9.27);
insert into SHOT values (5537, 5520, 5564, 1253, 7.643, 228.31, 25.93, 7.639, 228.30, 25.93, 0.004, 50.72, -32.83);
insert into SHOT values (5538, 5520, 5565, 1253, 8.339, 237.66, 24.17, 8.339, 237.67, 24.14, 0.005, 278.12, -60.35);
insert into SHOT values (5539, 5520, 5566, 1253, 8.826, 203.61, 27.18, 8.832, 203.63, 27.15, 0.008, 227.37, -11.07);
insert into SHOT values (5540, 5520, 5567, 1253, 7.138, 205.43, 23.91, 7.142, 205.39, 23.87, 0.007, 166.41, -24.20);
insert into SHOT values (5541, 5520, 5568, 1253, 6.119, 215.85, 24.53, 6.117, 215.86, 24.53, 0.002, 356.73, -10.00);
insert into SHOT values (5542, 5520, 5569, 1253, 6.071, 213.46, 29.30, 6.073, 213.45, 29.28, 0.003, 204.69, -18.35);
insert into SHOT values (5543, 5520, 5570, 1253, 5.595, 232.98, 29.17, 5.595, 232.99, 29.20, 0.004, 12.65, 58.15);
insert into SHOT values (5544, 5520, 5571, 1253, 4.893, 250.03, 39.89, 4.895, 250.07, 39.90, 0.004, 327.92, 34.83);
insert into SHOT values (5545, 5520, 5572, 1253, 5.711, 261.00, 26.58, 5.718, 261.00, 26.60, 0.007, 263.74, 39.72);
insert into SHOT values (5546, 5520, 5573, 1253, 8.489, 195.00, 30.12, 8.487, 195.00, 30.13, 0.003, 357.19, 2.34);
insert into SHOT values (5547, 5520, 5574, 1253, 10.654, 187.55, 17.81, 10.658, 187.53, 17.81, 0.005, 156.41, 15.69);
insert into SHOT values (5548, 5520, 5575, 1253, 11.874, 178.23, 16.84, 11.875, 178.24, 16.84, 0.002, 252.04, 2.81);
insert into SHOT values (5549, 5520, 5576, 1253, 11.397, 172.74, 21.90, 11.397, 172.72, 21.89, 0.003, 96.87, -18.44);
insert into SHOT values (5550, 5520, 5577, 1253, 12.877, 165.54, 22.33, 12.880, 165.57, 22.31, 0.009, 220.34, -17.03);
insert into SHOT values (5551, 5520, 5578, 1253, 15.730, 162.32, 20.90, 15.728, 162.33, 20.90, 0.004, 278.22, -20.00);
insert into SHOT values (5552, 5520, 5579, 1253, 14.193, 142.77, 20.51, 14.195, 142.79, 20.50, 0.008, 209.21, -21.15);
insert into SHOT values (5553, 5520, 5580, 1253, 13.718, 145.03, 18.67, 13.718, 145.03, 18.66, 0.002, 155.20, -53.80);
insert into SHOT values (5554, 5520, 5581, 1253, 12.241, 149.14, 17.80, 12.245, 149.15, 17.78, 0.006, 171.57, -19.74);
insert into SHOT values (5555, 5520, 5582, 1253, 11.791, 148.63, 21.85, 11.798, 148.63, 21.85, 0.007, 160.54, 13.94);
insert into SHOT values (5556, 5520, 5583, 1253, 11.599, 154.61, 21.51, 11.600, 154.60, 21.49, 0.004, 125.02, -47.73);
insert into SHOT values (5557, 5520, 5584, 1253, 11.771, 158.64, 24.52, 11.774, 158.66, 24.49, 0.008, 192.93, -37.36);
insert into SHOT values (5558, 5520, 5585, 1253, 10.002, 153.17, 28.31, 10.000, 153.20, 28.29, 0.007, 243.17, -30.70);
insert into SHOT values (5559, 5520, 5586, 1253, 11.198, 162.71, 29.53, 11.197, 162.68, 29.54, 0.005, 50.35, 9.43);
insert into SHOT values (5560, 5520, 5587, 1253, 15.851, 158.58, 21.79, 15.846, 158.60, 21.78, 0.008, 282.31, -31.54);
insert into SHOT values (5561, 5520, 5588, 1253, 14.035, 156.35, 18.43, 14.038, 156.36, 18.44, 0.005, 213.37, 33.95);
insert into SHOT values (5562, 5520, 5589, 1253, 14.430, 153.11, 16.24, 14.436, 153.10, 16.25, 0.007, 144.84, 40.71);
insert into SHOT values (5563, 5520, 5590, 1253, 4.068, 56.69, 4.58, 4.070, 56.66, 4.51, 0.006, 25.72, -56.94);
insert into SHOT values (5564, 5520, 5591, 1253, 5.024, 74.55, 3.31, 5.018, 74.60, 3.31, 0.008, 213.05, -0.57);
insert into SHOT values (5565, 5520, 5592, 1253, 6.973, 96.43, 2.33, 6.969, 96.43, 2.30, 0.005, 264.78, -45.01);
insert into SHOT values (5566, 5520, 5593, 1253, 10.730, 107.62, 0.83, 10.726, 107.64, 0.85, 0.008, 241.20, 34.62);
insert into SHOT values (5567, 5520, 5594, 1253, 15.096, 116.32, 0.10, 15.094, 116.31, 0.11, 0.005, 324.67, 53.61);
insert into SHOT values (5568, 5520, 5595, 1253, 16.802, 120.69, 1.01, 16.803, 120.67, 1.02, 0.006, 42.16, 42.57);
insert into SHOT values (5569, 5520, 5596, 1253, 22.611, 125.01, 2.83, 22.616, 125.01, 2.84, 0.006, 158.81, 34.21);
insert into SHOT values (5570, 5520, 5597, 1253, 23.583, 128.47, 4.62, 23.578, 128.47, 4.62, 0.006, 290.30, 4.82);
insert into SHOT values (5571, 5520, 5598, 1253, 25.646, 131.38, 6.69, 25.646, 131.39, 6.70, 0.006, 224.26, 23.91);
insert into SHOT values (5572, 5520, 5599, 1253, 26.335, 133.08, 6.96, 26.329, 133.08, 6.96, 0.006, 303.26, -11.53);
insert into SHOT values (5573, 5520, 5600, 1253, 8.797, 186.57, 22.14, 8.803, 186.55, 22.16, 0.007, 162.08, 41.18);
insert into SHOT values (5574, 5600, 5601, 1253, 2.949, 134.67, -15.13, 2.945, 134.71, -15.16, 0.005, 284.09, -3.32);
insert into SHOT values (5575, 5600, 5602, 1253, 6.310, 149.81, -14.85, 6.306, 149.86, -14.89, 0.008, 282.72, -19.96);
insert into SHOT values (5576, 5600, 5603, 1253, 5.643, 155.07, -23.48, 5.640, 155.07, -23.51, 0.004, 328.59, -23.21);
insert into SHOT values (5577, 5600, 5604, 1253, 4.030, 140.60, -26.81, 4.030, 140.64, -26.85, 0.004, 255.79, -35.02);
insert into SHOT values (5578, 5600, 5605, 1253, 6.947, 137.63, -3.86, 6.946, 137.63, -3.88, 0.003, 287.51, -56.14);
insert into SHOT values (5579, 5600, 5606, 1253, 7.245, 131.88, 7.05, 7.241, 131.90, 6.98, 0.010, 263.37, -67.25);
insert into SHOT values (5580, 5600, 5607, 1253, 8.091, 123.88, 4.48, 8.082, 123.87, 4.47, 0.009, 310.56, -12.14);
insert into SHOT values (5581, 5600, 5608, 1253, 9.496, 119.10, 0.98, 9.487, 119.08, 0.97, 0.010, 316.58, -14.30);
insert into SHOT values (5582, 5600, 5609, 1253, 7.885, 128.14, 14.64, 7.883, 128.13, 14.62, 0.003, 329.36, -66.96);
insert into SHOT values (5583, 5600, 5610, 1253, 5.123, 132.89, -3.47, 5.118, 132.94, -3.47, 0.007, 269.80, 0.62);
insert into SHOT values (5584, 5600, 5611, 1253, 2.035, 112.96, -27.03, 2.036, 112.74, -27.18, 0.009, 6.82, -36.38);
insert into SHOT values (5585, 5600, 5612, 1253, 2.415, 85.22, -35.22, 2.415, 85.04, -35.44, 0.011, 311.96, -41.65);
insert into SHOT values (5586, 5600, 5613, 1253, 3.602, 94.72, -11.64, 3.597, 94.72, -11.71, 0.007, 270.09, -28.54);
insert into SHOT values (5587, 5600, 5614, 1253, 3.962, 108.36, 3.62, 3.958, 108.30, 3.62, 0.006, 330.58, -1.51);
insert into SHOT values (5588, 5600, 5615, 1253, 3.022, 36.66, -41.23, 3.028, 36.42, -41.33, 0.013, 314.44, -40.77);
insert into SHOT values (5589, 5600, 5616, 1253, 2.837, 0.16, -34.24, 2.843, 0.00, -34.25, 0.009, 306.45, -25.28);
insert into SHOT values (5590, 5600, 5617, 1253, 3.807, 42.32, -29.35, 3.811, 42.19, -29.39, 0.008, 327.77, -28.59);
insert into SHOT values (5591, 5600, 5618, 1253, 3.727, 61.35, -27.26, 3.723, 61.27, -27.34, 0.008, 279.96, -21.54);
insert into SHOT values (5592, 5600, 5619, 1253, 4.265, 78.47, -22.79, 4.266, 78.40, -22.90, 0.009, 324.98, -60.06);
insert into SHOT values (5593, 5600, 5620, 1253, 4.471, 70.63, -18.67, 4.470, 70.54, -18.79, 0.012, 309.45, -49.12);
insert into SHOT values (5594, 5600, 5621, 1253, 4.508, 48.61, -39.84, 4.506, 48.52, -39.89, 0.007, 279.97, -16.25);
insert into SHOT values (5595, 5600, 5622, 1253, 4.498, 66.25, -35.47, 4.497, 66.16, -35.48, 0.005, 326.35, 0.92);
insert into SHOT values (5596, 5600, 5623, 1253, 5.270, 78.17, -35.31, 5.274, 78.06, -35.33, 0.009, 6.42, -26.05);
insert into SHOT values (5597, 5600, 5624, 1253, 5.108, 67.07, -42.40, 5.109, 67.04, -42.47, 0.007, 271.58, -55.79);
insert into SHOT values (5598, 5600, 5625, 1253, 2.892, 57.41, -46.02, 2.900, 57.18, -46.10, 0.012, 346.70, -46.85);
insert into SHOT values (5599, 5600, 5626, 1253, 2.135, 79.84, -49.10, 2.136, 79.66, -49.32, 0.009, 299.13, -42.64);
insert into SHOT values (5600, 5600, 5627, 1253, 1.947, 127.66, -39.88, 1.945, 127.64, -39.99, 0.004, 313.76, -22.06);
insert into SHOT values (5601, 5600, 5628, 1253, 1.433, 134.34, -75.78, 1.433, 133.83, -76.00, 0.006, 343.49, -8.25);
insert into SHOT values (5602, 5600, 5629, 1253, 1.455, 281.19, -68.62, 1.460, 281.94, -68.65, 0.009, 2.80, -35.78);
insert into SHOT values (5603, 5600, 5630, 1253, 1.979, 244.18, -62.12, 1.982, 244.54, -62.00, 0.008, 294.11, -5.25);
insert into SHOT values (5604, 5600, 5631, 1253, 2.939, 204.09, -63.20, 2.945, 204.05, -63.26, 0.007, 106.96, -83.06);
insert into SHOT values (5605, 5600, 5632, 1253, 3.080, 174.50, -52.54, 3.081, 174.47, -52.67, 0.007, 3.70, -48.00);
insert into SHOT values (5606, 5600, 5633, 1253, 2.235, 175.53, -44.33, 2.238, 175.68, -44.56, 0.010, 309.35, -53.27);
insert into SHOT values (5607, 5600, 5634, 1253, 2.222, 177.14, -27.91, 2.221, 177.08, -27.92, 0.002, 59.66, 2.19);
insert into SHOT values (5608, 5600, 5635, 1253, 1.940, 152.71, -33.33, 1.941, 152.80, -33.46, 0.005, 277.52, -50.59);
insert into SHOT values (5609, 5600, 5636, 1253, 2.595, 192.32, -12.44, 2.590, 192.33, -12.49, 0.006, 4.90, -9.74);
insert into SHOT values (5610, 5600, 5637, 1253, 2.041, 232.37, -22.38, 2.045, 232.52, -22.42, 0.007, 293.96, -25.95);
insert into SHOT values (5611, 5600, 5638, 1253, 0.156, 305.20, -31.67, 0.163, 306.03, -33.49, 0.009, 336.64, -64.93);
insert into SHOT values (5612, 5600, 5639, 1253, 2.589, 316.08, -6.43, 2.598, 316.10, -6.41, 0.009, 322.99, -0.39);
insert into SHOT values (5613, 5600, 5640, 1253, 3.838, 333.75, 1.24, 3.838, 333.70, 1.19, 0.004, 244.38, -46.57);
insert into SHOT values (5614, 5600, 5641, 1253, 5.319, 344.45, 11.16, 5.320, 344.45, 11.05, 0.010, 346.81, -73.68);
insert into SHOT values (5615, 5600, 5642, 1253, 4.224, 356.22, 23.23, 4.228, 356.17, 23.12, 0.010, 331.28, -37.49);
insert into SHOT values (5616, 5600, 5643, 1253, 2.478, 15.21, 48.16, 2.476, 15.04, 48.00, 0.009, 324.25, -45.41);
insert into SHOT values (5617, 5600, 5644, 1253, 1.706, 74.15, 58.32, 1.704, 73.79, 58.30, 0.006, 340.38, -17.94);
insert into SHOT values (5618, 5600, 5645, 1253, 1.688, 118.56, 77.54, 1.680, 117.98, 77.54, 0.009, 1.44, -63.60);
insert into SHOT values (5619, 5600, 5646, 1253, 3.543, 299.41, 15.27, 3.545, 299.41, 15.21, 0.004, 307.55, -45.58);
insert into SHOT values (5620, 5600, 5647, 1253, 2.208, 299.87, 20.60, 2.212, 299.78, 20.37, 0.010, 275.98, -41.73);
insert into SHOT values (5621, 5600, 5648, 1253, 1.803, 264.76, 2.23, 1.808, 264.92, 2.22, 0.008, 308.43, -1.19);
insert into SHOT values (5622, 5600, 5649, 1253, 1.929, 250.74, -2.73, 1.929, 250.91, -2.97, 0.010, 349.28, -54.37);
insert into SHOT values (5623, 5600, 5650, 1253, 11.839, 27.24, -27.79, 11.844, 27.20, -27.78, 0.008, 337.54, -1.92);
insert into SHOT values (5624, 5600, 5651, 1253, 10.418, 17.22, -26.85, 10.421, 17.21, -26.87, 0.005, 329.19, -68.68);
insert into SHOT values (5625, 5600, 5652, 1253, 8.487, 8.99, -25.92, 8.487, 8.97, -25.92, 0.002, 280.95, -5.15);
insert into SHOT values (5626, 5600, 5653, 1253, 8.733, 6.93, -22.73, 8.739, 6.91, -22.75, 0.007, 343.34, -53.57);
insert into SHOT values (5627, 5600, 5654, 1253, 10.150, 4.88, -22.23, 10.149, 4.89, -22.23, 0.002, 136.55, 0.11);
insert into SHOT values (5628, 5600, 5655, 1253, 18.674, 9.80, -19.50, 18.679, 9.78, -19.52, 0.009, 308.17, -47.09);
insert into SHOT values (5629, 5600, 5656, 1253, 17.577, 12.84, -16.27, 17.578, 12.84, -16.29, 0.006, 131.31, -68.19);
insert into SHOT values (5630, 5600, 5657, 1253, 18.157, 6.50, -15.09, 18.159, 6.48, -15.10, 0.005, 297.41, -41.27);
insert into SHOT values (5631, 5600, 5658, 1253, 12.493, 52.34, -20.69, 12.493, 52.34, -20.72, 0.006, 229.72, -70.50);
insert into SHOT values (5632, 5600, 5659, 1253, 12.443, 60.88, -17.95, 12.443, 60.88, -17.97, 0.005, 205.40, -73.65);
insert into SHOT values (5633, 5600, 5660, 1253, 14.097, 75.95, -16.66, 14.099, 75.94, -16.69, 0.009, 285.55, -83.34);
insert into SHOT values (5634, 5600, 5661, 1253, 10.887, 85.32, -25.88, 10.888, 85.31, -25.92, 0.008, 270.01, -73.08);
insert into SHOT values (5635, 5600, 5662, 1253, 15.905, 86.85, -18.38, 15.906, 86.85, -18.40, 0.005, 229.36, -78.52);
insert into SHOT values (5636, 5600, 5663, 1253, 5.397, 97.32, 13.28, 5.395, 97.33, 13.18, 0.010, 176.40, -83.07);
insert into SHOT values (5637, 5600, 5664, 1253, 5.451, 110.97, 15.13, 5.446, 110.95, 15.11, 0.005, 306.92, -30.95);
insert into SHOT values (5638, 5600, 5665, 1253, 7.149, 122.72, 15.49, 7.140, 122.72, 15.43, 0.012, 298.04, -51.79);
insert into SHOT values (5639, 5600, 5666, 1253, 6.387, 118.70, 10.88, 6.384, 118.69, 10.84, 0.006, 310.40, -66.09);
insert into SHOT values (5640, 5600, 5667, 1253, 5.849, 109.03, 9.15, 5.849, 109.00, 9.15, 0.003, 19.58, -2.36);
insert into SHOT values (5641, 5600, 5668, 1253, 6.090, 106.62, 4.70, 6.082, 106.58, 4.62, 0.012, 312.26, -47.55);
insert into SHOT values (5642, 5600, 5669, 1253, 7.309, 121.48, 9.74, 7.304, 121.48, 9.69, 0.008, 288.36, -58.83);
insert into SHOT values (5643, 5600, 5670, 1253, 4.645, 113.16, 22.08, 4.635, 113.16, 22.05, 0.010, 288.70, -37.10);
insert into SHOT values (5644, 5600, 5671, 1253, 4.908, 91.30, 18.49, 4.903, 91.23, 18.43, 0.009, 326.48, -46.18);
insert into SHOT values (5645, 5600, 5672, 1253, 4.169, 90.30, 32.35, 4.167, 90.16, 32.36, 0.008, 346.85, -5.39);
insert into SHOT values (5646, 5600, 5673, 1253, 3.975, 108.75, 38.38, 3.969, 108.73, 38.30, 0.008, 331.13, -78.86);
insert into SHOT values (5647, 5600, 5674, 1253, 4.879, 77.20, -17.41, 4.881, 77.10, -17.40, 0.008, 2.05, -1.17);
insert into SHOT values (5648, 5674, 5675, 1253, 2.446, 180.92, 13.26, 2.455, 180.96, 13.19, 0.010, 191.70, -6.11);
insert into SHOT values (5649, 5674, 5676, 1253, 5.189, 190.97, 39.65, 5.194, 190.94, 39.59, 0.008, 180.28, -8.05);
insert into SHOT values (5650, 5674, 5677, 1253, 6.546, 179.45, 34.46, 6.546, 179.47, 34.42, 0.005, 217.54, -46.69);
insert into SHOT values (5651, 5674, 5678, 1253, 7.931, 169.42, 29.82, 7.934, 169.46, 29.78, 0.008, 212.42, -27.94);
insert into SHOT values (5652, 5674, 5679, 1253, 7.226, 58.09, 8.38, 7.214, 58.11, 8.37, 0.013, 221.44, -14.05);
insert into SHOT values (5653, 5674, 5680, 1253, 6.397, 71.41, 13.25, 6.392, 71.45, 13.20, 0.008, 196.71, -47.04);
insert into SHOT values (5654, 5674, 5681, 1253, 6.253, 84.50, 16.84, 6.245, 84.53, 16.85, 0.008, 240.43, -10.16);
insert into SHOT values (5655, 5674, 5682, 1253, 7.154, 94.92, 17.88, 7.149, 94.97, 17.84, 0.010, 207.38, -40.82);
insert into SHOT values (5656, 5674, 5683, 1253, 9.110, 106.11, 16.60, 9.104, 106.17, 16.59, 0.012, 223.20, -13.14);
insert into SHOT values (5657, 5674, 5684, 1253, 10.221, 121.21, 16.71, 10.220, 121.25, 16.66, 0.012, 200.59, -45.68);
insert into SHOT values (5658, 5674, 5685, 1253, 10.755, 125.66, 16.70, 10.758, 125.68, 16.69, 0.005, 182.98, -6.10);
insert into SHOT values (5659, 5674, 5686, 1253, 11.490, 134.95, 16.71, 11.494, 134.96, 16.69, 0.007, 170.35, -31.82);
insert into SHOT values (5660, 5674, 5687, 1253, 11.282, 141.60, 15.16, 11.284, 141.64, 15.15, 0.008, 214.89, -2.95);
insert into SHOT values (5661, 5674, 5688, 1253, 10.492, 94.64, -7.32, 10.491, 94.69, -7.34, 0.010, 195.21, -18.91);
insert into SHOT values (5662, 5674, 5689, 1253, 11.494, 104.39, -5.48, 11.493, 104.42, -5.49, 0.008, 200.17, -16.40);
insert into SHOT values (5663, 5674, 5690, 1253, 15.752, 109.42, -2.11, 15.749, 109.45, -2.11, 0.010, 219.88, -0.24);
insert into SHOT values (5664, 5674, 5691, 1253, 16.999, 118.68, 2.30, 17.002, 118.71, 2.29, 0.010, 192.32, -12.51);
insert into SHOT values (5665, 5674, 5692, 1253, 19.162, 125.02, 3.81, 19.168, 125.04, 3.80, 0.010, 173.70, -19.40);
insert into SHOT values (5666, 5674, 5693, 1253, 11.553, 117.11, 6.96, 11.557, 117.12, 6.96, 0.005, 161.63, 0.54);
insert into SHOT values (5667, 5674, 5694, 1253, 11.424, 121.15, 9.33, 11.422, 121.21, 9.32, 0.013, 219.87, -9.41);
insert into SHOT values (5668, 5674, 5695, 1253, 13.179, 125.93, 10.40, 13.175, 125.96, 10.36, 0.012, 236.36, -47.96);
insert into SHOT values (5669, 5674, 5696, 1253, 13.577, 132.10, 9.16, 13.575, 132.13, 9.16, 0.008, 233.41, -10.10);
insert into SHOT values (5670, 5674, 5697, 1253, 23.606, 135.37, 6.63, 23.605, 135.38, 6.62, 0.008, 224.97, -42.04);
insert into SHOT values (5671, 5674, 5698, 1253, 5.988, 139.46, -0.33, 5.994, 139.53, -0.38, 0.011, 193.67, -28.65);
insert into SHOT values (5672, 5674, 5699, 1253, 5.969, 133.59, -15.63, 5.971, 133.66, -15.64, 0.008, 208.42, -12.89);
insert into SHOT values (5673, 5674, 5700, 1253, 6.683, 126.34, -6.25, 6.684, 126.37, -6.27, 0.005, 202.65, -30.69);
insert into SHOT values (5674, 5674, 5701, 1253, 6.181, 134.67, 0.55, 6.180, 134.74, 0.46, 0.012, 228.63, -49.96);
insert into SHOT values (5675, 5674, 5702, 1253, 7.862, 139.70, -12.28, 7.865, 139.70, -12.33, 0.008, 151.97, -77.73);
insert into SHOT values (5676, 5674, 5703, 1253, 6.275, 129.07, -15.74, 6.280, 129.09, -15.80, 0.009, 170.89, -63.95);
insert into SHOT values (5677, 5674, 5704, 1253, 1.665, 173.59, -21.89, 1.673, 173.70, -22.13, 0.011, 208.95, -59.75);
insert into SHOT values (5678, 5674, 5705, 1253, 2.167, 173.96, 1.82, 2.172, 174.18, 1.58, 0.013, 232.79, -41.01);
insert into SHOT values (5679, 5674, 5706, 1253, 2.714, 179.13, 16.35, 2.719, 179.12, 16.23, 0.007, 177.71, -33.43);
insert into SHOT values (5680, 5674, 5707, 1253, 3.255, 186.02, 32.57, 3.256, 186.06, 32.52, 0.004, 231.76, -34.97);
insert into SHOT values (5681, 5674, 5708, 1253, 5.433, 162.88, -2.91, 5.435, 162.97, -2.95, 0.010, 239.36, -25.04);
insert into SHOT values (5682, 5674, 5709, 1253, 5.841, 173.61, 8.08, 5.843, 173.65, 8.07, 0.005, 234.11, -11.02);
insert into SHOT values (5683, 5674, 5710, 1253, 6.405, 176.78, 20.60, 6.407, 176.85, 20.56, 0.009, 240.95, -23.12);
insert into SHOT values (5684, 5674, 5711, 1253, 5.550, 184.48, 32.67, 5.549, 184.54, 32.60, 0.008, 247.22, -44.87);
insert into SHOT values (5685, 5674, 5712, 1253, 6.376, 171.31, 23.52, 6.375, 171.34, 23.48, 0.006, 256.62, -48.94);
insert into SHOT values (5686, 5674, 5713, 1253, 6.006, 159.20, 24.79, 6.003, 159.27, 24.72, 0.011, 245.93, -48.61);
insert into SHOT values (5687, 5674, 5714, 1253, 6.238, 153.70, 24.38, 6.238, 153.80, 24.33, 0.011, 229.89, -25.84);
insert into SHOT values (5688, 5674, 5715, 1253, 6.996, 146.22, 13.51, 6.999, 146.26, 13.47, 0.008, 202.83, -32.63);
insert into SHOT values (5689, 5674, 5716, 1253, 6.747, 154.23, 13.67, 6.751, 154.26, 13.62, 0.008, 186.45, -35.18);
insert into SHOT values (5690, 5674, 5717, 1253, 6.375, 162.53, 15.61, 6.376, 162.57, 15.56, 0.007, 226.70, -46.83);
insert into SHOT values (5691, 5674, 5718, 1253, 5.009, 159.37, 30.18, 5.009, 159.47, 30.07, 0.013, 217.46, -39.71);
insert into SHOT values (5692, 5674, 5719, 1253, 4.196, 170.09, 42.26, 4.195, 170.17, 42.24, 0.005, 258.97, -20.50);
insert into SHOT values (5693, 5674, 5720, 1253, 3.450, 149.50, 33.83, 3.448, 149.59, 33.84, 0.005, 260.62, -8.51);
insert into SHOT values (5694, 5674, 5721, 1253, 3.105, 153.99, 48.43, 3.107, 154.18, 48.31, 0.010, 203.26, -17.98);
insert into SHOT values (5695, 5674, 5722, 1253, 4.682, 137.67, 27.53, 4.677, 137.74, 27.51, 0.007, 262.03, -33.48);
insert into SHOT values (5696, 5674, 5723, 1253, 4.654, 131.56, 37.19, 4.650, 131.61, 37.18, 0.005, 261.85, -35.30);
insert into SHOT values (5697, 5674, 5724, 1253, 3.204, 149.16, 63.69, 3.201, 149.45, 63.73, 0.008, 264.66, -14.43);
insert into SHOT values (5698, 5674, 5725, 1253, 3.862, 186.41, 65.82, 3.863, 186.50, 65.69, 0.009, 203.82, -19.91);
insert into SHOT values (5699, 5674, 5726, 1253, 4.478, 165.72, -17.55, 4.479, 165.77, -17.54, 0.004, 234.93, 3.86);
insert into SHOT values (5700, 5674, 5727, 1253, 4.834, 156.06, -26.93, 4.836, 156.05, -26.93, 0.002, 142.78, -25.80);
insert into SHOT values (5701, 5674, 5728, 1253, 5.114, 137.79, -24.79, 5.118, 137.79, -24.84, 0.006, 161.28, -75.21);
insert into SHOT values (5702, 5674, 5729, 1253, 5.629, 126.47, -20.01, 5.631, 126.54, -20.04, 0.008, 209.60, -27.42);
insert into SHOT values (5703, 5674, 5730, 1253, 4.743, 122.31, -29.84, 4.738, 122.37, -29.87, 0.007, 260.21, 0.16);
insert into SHOT values (5704, 5674, 5731, 1253, 4.594, 111.36, -37.80, 4.598, 111.48, -37.82, 0.009, 185.19, -27.76);
insert into SHOT values (5705, 5674, 5732, 1253, 6.478, 109.29, -28.37, 6.481, 109.36, -28.37, 0.008, 180.98, -14.22);
insert into SHOT values (5706, 5674, 5733, 1253, 6.721, 91.01, -27.53, 6.724, 91.06, -27.55, 0.007, 170.16, -32.14);
insert into SHOT values (5707, 5674, 5734, 1253, 7.112, 81.87, -30.79, 7.109, 81.90, -30.89, 0.013, 240.83, -45.49);
insert into SHOT values (5708, 5674, 5735, 1253, 6.248, 100.18, -32.23, 6.251, 100.25, -32.30, 0.010, 198.78, -49.58);
insert into SHOT values (5709, 5674, 5736, 1253, 5.797, 93.78, -36.88, 5.792, 93.84, -36.93, 0.008, 235.91, -6.70);
insert into SHOT values (5710, 5674, 5737, 1253, 9.884, 73.15, -26.86, 9.885, 73.19, -26.88, 0.008, 170.32, -32.48);
insert into SHOT values (5711, 5674, 5738, 1253, 9.441, 59.96, -32.73, 9.438, 59.98, -32.78, 0.010, 217.49, -34.02);
insert into SHOT values (5712, 5674, 5739, 1253, 8.798, 47.97, -31.16, 8.800, 47.96, -31.21, 0.008, 240.10, -74.50);
insert into SHOT values (5713, 5674, 5740, 1253, 4.164, 50.19, -37.31, 4.165, 50.15, -37.41, 0.007, 260.76, -56.73);
insert into SHOT values (5714, 5674, 5741, 1253, 8.328, 41.68, -26.32, 8.326, 41.68, -26.39, 0.010, 210.83, -49.30);
insert into SHOT values (5715, 5674, 5742, 1253, 12.052, 122.20, -4.81, 12.051, 122.21, -4.86, 0.010, 247.19, -71.33);
insert into SHOT values (5716, 5674, 5743, 1253, 10.830, 123.50, -1.79, 10.828, 123.54, -1.80, 0.010, 228.82, -10.32);
insert into SHOT values (5717, 5674, 5744, 1253, 9.882, 132.08, 1.11, 9.885, 132.13, 1.10, 0.010, 201.73, -8.19);
insert into SHOT values (5718, 5674, 5745, 1253, 9.449, 126.92, -3.85, 9.448, 126.98, -3.88, 0.012, 225.89, -27.49);
insert into SHOT values (5719, 5674, 5746, 1253, 9.352, 123.71, -6.61, 9.348, 123.76, -6.63, 0.010, 239.38, -20.00);
insert into SHOT values (5720, 5674, 5747, 1253, 8.161, 120.92, -12.84, 8.158, 120.95, -12.89, 0.009, 253.07, -43.35);
insert into SHOT values (5721, 5674, 5748, 1253, 7.029, 103.50, -22.39, 7.031, 103.52, -22.41, 0.004, 174.12, -37.67);
insert into SHOT values (5722, 5674, 5749, 1253, 7.748, 100.87, -16.78, 7.744, 100.89, -16.81, 0.006, 251.70, -30.51);
insert into SHOT values (5723, 5674, 5750, 1253, 9.007, 100.93, -10.39, 9.009, 100.93, -10.42, 0.006, 125.80, -74.51);
insert into SHOT values (5724, 5674, 5751, 1253, 11.382, 99.96, -11.34, 11.381, 99.96, -11.35, 0.003, 248.23, -45.75);
insert into SHOT values (5725, 5674, 5752, 1253, 11.780, 97.30, -15.99, 11.779, 97.31, -16.02, 0.006, 231.71, -56.72);
insert into SHOT values (5726, 5674, 5753, 1253, 11.140, 91.50, -16.10, 11.141, 91.50, -16.10, 0.001, 141.55, -38.20);
insert into SHOT values (5727, 5674, 5754, 1253, 10.311, 94.08, -19.94, 10.314, 94.08, -19.96, 0.004, 125.12, -60.60);
insert into SHOT values (5728, 5674, 5755, 1253, 9.005, 90.00, -24.70, 9.007, 90.00, -24.74, 0.007, 238.76, -79.59);
insert into SHOT values (5729, 5674, 5756, 1253, 8.866, 95.84, -26.75, 8.865, 95.88, -26.82, 0.012, 230.37, -49.84);
insert into SHOT values (5730, 5674, 5757, 1253, 2.978, 79.83, -41.67, 2.978, 79.90, -41.67, 0.003, 171.21, -2.07);
insert into SHOT values (5731, 5674, 5758, 1253, 3.569, 122.95, -47.70, 3.567, 123.09, -47.74, 0.007, 237.02, -2.16);
insert into SHOT values (5732, 5674, 5759, 1253, 3.834, 109.30, -49.54, 3.833, 109.53, -49.63, 0.012, 226.08, -14.14);
insert into SHOT values (5733, 5674, 5760, 1253, 6.548, 6.68, 20.40, 6.541, 6.65, 20.40, 0.007, 210.84, -20.20);
insert into SHOT values (5734, 5674, 5761, 1253, 6.545, 1.79, 21.22, 6.534, 1.79, 21.17, 0.012, 180.52, -47.30);
insert into SHOT values (5735, 5674, 5762, 1253, 4.774, 14.06, 36.43, 4.766, 14.04, 36.43, 0.008, 204.98, -36.64);
insert into SHOT values (5736, 5674, 5763, 1253, 5.019, 47.43, 33.40, 5.011, 47.42, 33.42, 0.008, 229.14, -21.24);
insert into SHOT values (5737, 5674, 5764, 1253, 5.959, 33.54, 24.04, 5.948, 33.51, 24.01, 0.012, 226.08, -39.89);
insert into SHOT values (5738, 5674, 5765, 1253, 4.979, 241.45, 49.59, 4.983, 241.38, 49.51, 0.009, 214.59, -7.41);
insert into SHOT values (5739, 5674, 5766, 1253, 5.000, 242.30, 39.88, 5.000, 242.23, 39.79, 0.009, 205.57, -40.94);
insert into SHOT values (5740, 5674, 5767, 1253, 5.388, 236.17, 30.51, 5.391, 236.14, 30.43, 0.009, 217.83, -38.71);
insert into SHOT values (5741, 5674, 5768, 1253, 5.524, 236.30, 23.12, 5.524, 236.31, 23.02, 0.010, 256.75, -67.61);
insert into SHOT values (5742, 5674, 5769, 1253, 5.019, 254.40, 21.49, 5.019, 254.36, 21.39, 0.010, 208.68, -63.72);
insert into SHOT values (5743, 5674, 5770, 1253, 2.501, 246.11, 9.57, 2.505, 246.13, 9.42, 0.008, 258.55, -47.64);
insert into SHOT values (5744, 5674, 5771, 1253, 3.598, 119.38, -39.33, 3.596, 119.51, -39.35, 0.007, 227.44, 2.91);
insert into SHOT values (5745, 5771, 5772, 1253, 2.311, 293.35, 12.65, 2.308, 293.27, 12.51, 0.007, 175.14, -59.68);
insert into SHOT values (5746, 5771, 5773, 1253, 3.004, 295.77, 36.76, 3.003, 295.82, 36.59, 0.009, 325.95, -59.09);
insert into SHOT values (5747, 5771, 5774, 1253, 2.777, 314.55, 16.59, 2.774, 314.70, 16.55, 0.008, 65.39, -21.22);
insert into SHOT values (5748, 5771, 5775, 1253, 3.067, 315.18, 29.95, 3.061, 315.15, 29.98, 0.006, 145.38, -11.38);
insert into SHOT values (5749, 5771, 5776, 1253, 8.630, 315.92, 33.03, 8.627, 315.95, 33.01, 0.006, 52.86, -40.70);
insert into SHOT values (5750, 5771, 5777, 1253, 8.682, 300.64, 39.76, 8.678, 300.64, 39.76, 0.004, 109.80, -45.11);
insert into SHOT values (5751, 5771, 5778, 1253, 2.534, 272.59, 27.83, 2.534, 272.56, 27.76, 0.003, 231.83, -59.79);
insert into SHOT values (5752, 5771, 5779, 1253, 3.090, 254.40, 41.68, 3.085, 254.40, 41.65, 0.006, 73.76, -58.82);
insert into SHOT values (5753, 5771, 5780, 1253, 2.392, 279.85, 13.34, 2.389, 279.91, 13.31, 0.004, 57.44, -26.75);
insert into SHOT values (5754, 5771, 5781, 1253, 2.336, 290.75, 11.01, 2.330, 290.73, 10.88, 0.008, 117.04, -51.55);
insert into SHOT values (5755, 5771, 5782, 1253, 5.439, 287.89, 14.84, 5.434, 287.85, 14.82, 0.007, 143.12, -27.53);
insert into SHOT values (5756, 5771, 5783, 1253, 5.715, 287.85, 9.94, 5.717, 287.89, 9.87, 0.008, 341.83, -51.35);
insert into SHOT values (5757, 5771, 5784, 1253, 6.600, 284.26, 4.78, 6.595, 284.27, 4.70, 0.011, 84.28, -65.49);
insert into SHOT values (5758, 5771, 5785, 1253, 6.516, 280.39, 0.29, 6.516, 280.34, 0.26, 0.006, 190.21, -32.53);
insert into SHOT values (5759, 5771, 5786, 1253, 4.885, 299.70, -7.04, 4.883, 299.69, -7.06, 0.003, 139.42, -29.54);
insert into SHOT values (5760, 5771, 5787, 1253, 3.755, 296.60, -13.54, 3.750, 296.57, -13.57, 0.006, 134.79, -7.99);
insert into SHOT values (5761, 5771, 5788, 1253, 3.882, 309.02, -6.14, 3.883, 309.01, -6.21, 0.005, 280.24, -77.17);
insert into SHOT values (5762, 5771, 5789, 1253, 3.559, 308.06, -15.33, 3.562, 308.14, -15.47, 0.010, 32.67, -61.12);
insert into SHOT values (5763, 5771, 5790, 1253, 2.883, 311.55, -25.92, 2.887, 311.56, -26.10, 0.010, 65.82, -85.69);
insert into SHOT values (5764, 5771, 5791, 1253, 0.858, 321.74, -24.95, 0.860, 321.80, -25.49, 0.008, 114.25, -76.49);
insert into SHOT values (5765, 5771, 5792, 1253, 1.170, 316.77, -3.92, 1.170, 316.74, -3.92, 0.001, 226.65, -1.39);
insert into SHOT values (5766, 5771, 5793, 1253, 1.770, 345.09, 8.97, 1.770, 345.09, 8.78, 0.006, 359.33, -84.75);
insert into SHOT values (5767, 5771, 5794, 1253, 1.861, 2.37, 6.76, 1.864, 2.48, 6.47, 0.010, 46.73, -60.51);
insert into SHOT values (5768, 5771, 5795, 1253, 1.768, 13.61, -3.44, 1.774, 13.72, -3.56, 0.008, 45.92, -30.05);
insert into SHOT values (5769, 5771, 5796, 1253, 1.567, 26.96, -21.49, 1.569, 26.92, -21.69, 0.006, 289.94, -80.53);
insert into SHOT values (5770, 5771, 5797, 1253, 1.134, 351.78, -11.08, 1.133, 351.72, -11.20, 0.003, 209.41, -51.84);
insert into SHOT values (5771, 5771, 5798, 1253, 7.549, 7.13, 3.98, 7.547, 7.17, 3.95, 0.008, 114.12, -31.56);
insert into SHOT values (5772, 5771, 5799, 1253, 7.430, 22.13, -9.65, 7.435, 22.12, -9.68, 0.007, 15.06, -43.99);
insert into SHOT values (5773, 5771, 5800, 1253, 7.249, 42.47, -19.06, 7.250, 42.52, -19.08, 0.007, 135.87, -24.76);
insert into SHOT values (5774, 5771, 5801, 1253, 3.069, 41.37, -26.84, 3.074, 41.30, -26.88, 0.006, 3.84, -42.00);
insert into SHOT values (5775, 5771, 5802, 1253, 4.456, 33.54, -23.64, 4.458, 33.61, -23.67, 0.006, 118.04, -30.11);
insert into SHOT values (5776, 5771, 5803, 1253, 2.650, 60.15, -27.93, 2.656, 60.04, -28.08, 0.010, 352.22, -62.70);
insert into SHOT values (5777, 5771, 5804, 1253, 4.352, 57.30, -18.54, 4.353, 57.27, -18.62, 0.007, 286.80, -71.35);
insert into SHOT values (5778, 5771, 5805, 1253, 7.699, 53.72, -21.86, 7.701, 53.71, -21.88, 0.004, 7.66, -67.84);
insert into SHOT values (5779, 5771, 5806, 1253, 3.881, 67.57, -14.06, 3.884, 67.52, -14.16, 0.008, 3.55, -65.46);
insert into SHOT values (5780, 5771, 5807, 1253, 6.643, 61.13, 7.63, 6.647, 61.14, 7.61, 0.005, 83.21, -24.69);
insert into SHOT values (5781, 5771, 5808, 1253, 5.221, 60.01, 15.65, 5.222, 60.07, 15.55, 0.011, 119.49, -51.28);
insert into SHOT values (5782, 5771, 5809, 1253, 5.667, 54.95, 30.69, 5.667, 54.94, 30.66, 0.003, 35.76, -63.15);
insert into SHOT values (5783, 5771, 5810, 1253, 6.434, 44.61, 48.55, 6.431, 44.62, 48.55, 0.003, 199.37, -45.60);
insert into SHOT values (5784, 5771, 5811, 1253, 4.413, 238.07, 49.87, 4.406, 238.10, 49.89, 0.007, 40.26, -34.91);
insert into SHOT values (5785, 5771, 5812, 1253, 4.795, 268.08, 46.33, 4.790, 268.10, 46.25, 0.008, 323.16, -79.80);
insert into SHOT values (5786, 5771, 5813, 1253, 7.559, 258.45, 51.06, 7.549, 258.45, 51.04, 0.011, 70.58, -62.66);
insert into SHOT values (5787, 5771, 5814, 1253, 7.016, 240.50, 51.34, 7.007, 240.45, 51.32, 0.010, 107.93, -61.16);
insert into SHOT values (5788, 5771, 5815, 1253, 6.228, 195.95, 45.33, 6.221, 195.91, 45.28, 0.010, 90.77, -72.79);
insert into SHOT values (5789, 5771, 5816, 1253, 7.344, 207.52, 38.31, 7.341, 207.50, 38.30, 0.004, 70.70, -48.35);
insert into SHOT values (5790, 5771, 5817, 1253, 6.832, 218.89, 45.66, 6.830, 218.88, 45.60, 0.007, 217.97, -57.71);
insert into SHOT values (5791, 5771, 5818, 1253, 7.430, 207.87, 49.95, 7.425, 207.80, 49.91, 0.009, 127.31, -52.80);
insert into SHOT values (5792, 5771, 5819, 1253, 7.552, 208.34, 55.91, 7.551, 208.32, 55.87, 0.006, 192.58, -43.95);
insert into SHOT values (5793, 5771, 5820, 1253, 6.444, 186.99, 54.16, 6.444, 186.99, 54.10, 0.006, 193.08, -37.57);
insert into SHOT values (5794, 5771, 5821, 1253, 7.615, 181.25, 55.64, 7.612, 181.20, 55.59, 0.008, 133.06, -53.28);
insert into SHOT values (5795, 5771, 5822, 1253, 7.977, 191.54, 52.86, 7.970, 191.50, 52.82, 0.010, 108.65, -69.92);
insert into SHOT values (5796, 5771, 5823, 1253, 6.003, 191.45, 54.34, 5.996, 191.37, 54.31, 0.009, 89.96, -59.03);
insert into SHOT values (5797, 5771, 5824, 1253, 5.481, 179.72, 59.38, 5.474, 179.59, 59.36, 0.009, 74.77, -46.76);
insert into SHOT values (5798, 5771, 5825, 1253, 5.177, 196.29, 64.03, 5.174, 196.12, 63.99, 0.008, 124.64, -31.43);
insert into SHOT values (5799, 5771, 5826, 1253, 4.403, 189.45, 67.13, 4.397, 189.41, 67.07, 0.007, 157.93, -72.49);
insert into SHOT values (5800, 5771, 5827, 1253, 4.813, 167.40, 63.50, 4.808, 167.38, 63.41, 0.009, 162.18, -58.87);
insert into SHOT values (5801, 5771, 5828, 1253, 5.706, 148.39, 57.64, 5.697, 148.39, 57.60, 0.010, 310.51, -82.74);
insert into SHOT values (5802, 5771, 5829, 1253, 5.630, 147.00, 67.26, 5.630, 146.97, 67.19, 0.007, 137.15, -19.46);
insert into SHOT values (5803, 5771, 5830, 1253, 5.405, 189.95, 82.82, 5.403, 189.32, 82.78, 0.009, 124.56, -17.89);
insert into SHOT values (5804, 5771, 5831, 1253, 5.410, 277.35, 71.60, 5.406, 277.42, 71.62, 0.005, 65.29, -40.41);
insert into SHOT values (5805, 5771, 5832, 1253, 5.797, 243.76, 64.83, 5.790, 243.75, 64.81, 0.007, 79.07, -78.31);
insert into SHOT values (5806, 5771, 5833, 1253, 7.130, 249.86, 55.48, 7.124, 249.86, 55.48, 0.006, 65.47, -51.38);
insert into SHOT values (5807, 5771, 5834, 1253, 7.527, 280.40, 51.91, 7.526, 280.42, 51.87, 0.005, 307.40, -48.91);
insert into SHOT values (5808, 5771, 5835, 1253, 2.018, 180.44, -64.19, 2.022, 180.00, -64.20, 0.008, 101.94, -25.88);
insert into SHOT values (5809, 5771, 5836, 1253, 1.747, 133.19, -77.80, 1.749, 132.80, -77.86, 0.004, 16.99, -41.48);
insert into SHOT values (5810, 5771, 5837, 1253, 1.556, 54.05, -68.26, 1.562, 54.12, -68.20, 0.006, 65.13, -50.71);
insert into SHOT values (5811, 5771, 5838, 1253, 2.282, 146.87, -64.63, 2.291, 146.63, -64.62, 0.010, 102.63, -54.84);
insert into SHOT values (5812, 5771, 5839, 1253, 1.650, 102.28, -67.50, 1.656, 101.84, -67.51, 0.008, 35.31, -47.09);
insert into SHOT values (5813, 5771, 5840, 1253, 0.628, 134.85, -58.64, 0.630, 135.00, -58.94, 0.004, 285.33, -64.52);
insert into SHOT values (5814, 5771, 5841, 1253, 0.980, 51.77, -44.41, 0.982, 51.98, -44.66, 0.005, 178.02, -52.23);
insert into SHOT values (5815, 5771, 5842, 1253, 2.687, 42.80, -47.86, 2.694, 42.98, -47.95, 0.010, 119.09, -51.86);
insert into SHOT values (5816, 5771, 5843, 1253, 3.435, 170.34, 18.06, 3.434, 170.31, 17.98, 0.005, 108.65, -69.49);
insert into SHOT values (5817, 5771, 5844, 1253, 6.424, 164.54, 20.06, 6.427, 164.54, 20.02, 0.006, 166.75, -38.76);
insert into SHOT values (5818, 5771, 5845, 1253, 17.396, 159.97, 21.46, 17.395, 159.95, 21.45, 0.006, 85.80, -51.35);
insert into SHOT values (5819, 5771, 5846, 1253, 17.243, 157.14, 15.55, 17.247, 157.12, 15.54, 0.007, 122.66, -21.40);
insert into SHOT values (5820, 5771, 5847, 1253, 3.137, 151.52, 14.23, 3.134, 151.49, 14.22, 0.003, 355.52, -22.90);
insert into SHOT values (5821, 5771, 5848, 1253, 3.654, 153.71, 27.71, 3.652, 153.59, 27.56, 0.011, 88.32, -52.57);
insert into SHOT values (5822, 5771, 5849, 1253, 4.148, 148.12, 32.45, 4.144, 148.08, 32.39, 0.006, 26.46, -66.79);
insert into SHOT values (5823, 5771, 5850, 1253, 10.060, 144.84, 33.86, 10.057, 144.85, 33.84, 0.005, 238.74, -74.31);
insert into SHOT values (5824, 5771, 5851, 1253, 4.047, 138.99, 25.01, 4.050, 138.98, 24.97, 0.004, 130.40, -13.19);
insert into SHOT values (5825, 5771, 5852, 1253, 3.529, 139.46, 15.38, 3.529, 139.53, 15.28, 0.008, 202.96, -51.57);
insert into SHOT values (5826, 5771, 5853, 1253, 2.504, 136.23, 6.35, 2.504, 136.30, 6.19, 0.008, 209.22, -63.36);
insert into SHOT values (5827, 5771, 5854, 1253, 1.232, 133.75, -6.39, 1.239, 133.68, -6.49, 0.007, 121.86, -23.98);
insert into SHOT values (5828, 5771, 5855, 1253, 3.122, 123.21, 1.63, 3.121, 123.23, 1.47, 0.009, 230.50, -80.28);
insert into SHOT values (5829, 5771, 5856, 1253, 6.502, 124.57, 7.25, 6.501, 124.58, 7.25, 0.002, 247.08, -18.96);
insert into SHOT values (5830, 5771, 5857, 1253, 14.933, 120.48, 13.97, 14.933, 120.48, 13.95, 0.005, 125.78, -80.47);
insert into SHOT values (5831, 5771, 5858, 1253, 11.981, 101.98, 8.55, 11.981, 101.98, 8.54, 0.002, 180.26, -36.24);
insert into SHOT values (5832, 5771, 5859, 1253, 3.876, 297.16, -16.58, 3.875, 297.26, -16.65, 0.008, 49.82, -29.46);
insert into SHOT values (5833, 5859, 5860, 1253, 2.065, 347.58, -48.60, 2.064, 347.29, -48.66, 0.007, 239.60, -8.11);
insert into SHOT values (5834, 5859, 5861, 1253, 1.175, 311.92, -44.32, 1.176, 311.63, -44.21, 0.005, 250.40, 11.17);
insert into SHOT values (5835, 5859, 5862, 1253, 1.032, 357.86, -22.20, 1.028, 357.59, -22.30, 0.006, 221.29, -0.61);
insert into SHOT values (5836, 5859, 5863, 1253, 1.083, 26.90, -37.02, 1.081, 26.86, -36.98, 0.003, 224.73, 51.58);
insert into SHOT values (5837, 5859, 5864, 1253, 2.687, 33.54, -46.74, 2.684, 33.43, -46.91, 0.009, 236.04, -19.92);
insert into SHOT values (5838, 5859, 5865, 1253, 2.840, 55.49, -48.10, 2.834, 55.55, -48.12, 0.007, 210.91, 35.22);
insert into SHOT values (5839, 5859, 5866, 1253, 2.851, 71.92, -46.20, 2.848, 71.93, -46.32, 0.007, 246.26, -19.59);
insert into SHOT values (5840, 5859, 5867, 1253, 1.370, 75.63, -35.00, 1.365, 75.96, -35.36, 0.012, 219.53, -20.62);
insert into SHOT values (5841, 5859, 5868, 1253, 0.712, 64.07, -17.31, 0.707, 64.57, -17.27, 0.008, 190.09, 14.03);
insert into SHOT values (5842, 5859, 5869, 1253, 0.552, 30.68, -6.55, 0.550, 30.78, -6.26, 0.003, 172.34, 60.53);
insert into SHOT values (5843, 5859, 5870, 1253, 1.685, 71.95, 42.62, 1.684, 72.15, 42.60, 0.005, 165.26, -12.34);
insert into SHOT values (5844, 5859, 5871, 1253, 1.051, 63.37, 26.75, 1.050, 63.43, 26.59, 0.003, 124.60, -66.89);
insert into SHOT values (5845, 5859, 5872, 1253, 1.633, 74.63, 13.52, 1.631, 74.65, 13.47, 0.002, 223.91, -53.00);
insert into SHOT values (5846, 5859, 5873, 1253, 1.501, 25.35, 23.99, 1.490, 25.25, 24.16, 0.012, 216.97, -1.33);
insert into SHOT values (5847, 5859, 5874, 1253, 0.959, 21.42, 29.89, 0.956, 21.29, 30.15, 0.006, 221.58, 21.24);
insert into SHOT values (5848, 5859, 5875, 1253, 1.095, 4.84, 15.68, 1.093, 4.90, 15.39, 0.006, 113.71, -78.20);
insert into SHOT values (5849, 5859, 5876, 1253, 1.573, 347.85, 7.60, 1.570, 347.75, 7.69, 0.005, 202.02, 23.26);
insert into SHOT values (5850, 5859, 5877, 1253, 3.563, 340.52, 2.41, 3.558, 340.44, 2.42, 0.007, 203.44, 1.55);
insert into SHOT values (5851, 5859, 5878, 1253, 2.499, 338.00, 0.78, 2.494, 337.86, 0.69, 0.009, 209.11, -27.52);
insert into SHOT values (5852, 5859, 5879, 1253, 0.889, 5.45, 26.17, 0.884, 5.06, 26.19, 0.007, 233.24, -16.27);
insert into SHOT values (5853, 5859, 5880, 1253, 0.903, 25.77, 39.47, 0.894, 25.82, 39.61, 0.009, 201.16, -25.71);
insert into SHOT values (5854, 5859, 5881, 1253, 1.328, 34.57, 47.17, 1.322, 34.57, 47.18, 0.006, 212.60, -43.79);
insert into SHOT values (5855, 5859, 5882, 1253, 1.146, 73.75, 53.71, 1.142, 73.71, 53.64, 0.004, 276.91, -72.35);
insert into SHOT values (5856, 5859, 5883, 1253, 1.399, 107.34, 46.26, 1.397, 107.50, 46.32, 0.004, 241.56, -11.34);
insert into SHOT values (5857, 5859, 5884, 1253, 1.971, 129.85, 45.68, 1.970, 130.29, 45.69, 0.011, 223.44, -0.81);
insert into SHOT values (5858, 5859, 5885, 1253, 2.094, 145.13, 42.51, 2.092, 145.28, 42.38, 0.007, 215.86, -48.01);
insert into SHOT values (5859, 5859, 5886, 1253, 2.112, 154.04, 30.72, 2.117, 154.28, 30.68, 0.009, 212.79, 6.91);
insert into SHOT values (5860, 5859, 5887, 1253, 2.302, 142.11, 28.23, 2.306, 142.40, 28.21, 0.011, 211.22, 5.80);
insert into SHOT values (5861, 5859, 5888, 1253, 1.562, 133.37, 21.64, 1.562, 133.60, 21.80, 0.007, 241.09, 32.21);
insert into SHOT values (5862, 5859, 5889, 1253, 1.810, 128.79, -7.87, 1.809, 129.11, -7.94, 0.010, 227.83, -11.91);
insert into SHOT values (5863, 5859, 5890, 1253, 1.378, 139.35, -9.57, 1.382, 139.76, -9.58, 0.011, 210.00, -4.90);
insert into SHOT values (5864, 5859, 5891, 1253, 3.413, 133.54, -19.88, 3.414, 133.74, -19.86, 0.011, 216.44, 2.97);
insert into SHOT values (5865, 5859, 5892, 1253, 2.772, 123.66, -21.55, 2.769, 123.75, -21.62, 0.006, 259.22, -16.27);
insert into SHOT values (5866, 5859, 5893, 1253, 1.700, 134.22, -35.44, 1.703, 134.42, -35.54, 0.007, 212.96, -40.76);
insert into SHOT values (5867, 5859, 5894, 1253, 1.532, 122.48, -42.91, 1.529, 122.98, -42.86, 0.010, 221.31, 17.00);
insert into SHOT values (5868, 5859, 5895, 1253, 2.132, 146.79, -37.81, 2.133, 146.88, -37.89, 0.004, 253.19, -46.99);
insert into SHOT values (5869, 5859, 5896, 1253, 5.111, 148.18, -31.45, 5.117, 148.20, -31.45, 0.006, 171.63, -31.67);
insert into SHOT values (5870, 5859, 5897, 1253, 3.723, 150.68, -30.09, 3.723, 150.81, -30.15, 0.009, 258.93, -23.79);
insert into SHOT values (5871, 5859, 5898, 1253, 2.745, 157.24, -31.47, 2.742, 157.38, -31.43, 0.007, 259.21, 26.63);
insert into SHOT values (5872, 5859, 5899, 1253, 2.925, 171.10, -6.81, 2.926, 171.09, -6.87, 0.003, 146.37, -76.28);
insert into SHOT values (5873, 5859, 5900, 1253, 4.454, 169.84, 9.79, 4.453, 169.89, 9.83, 0.005, 273.10, 29.98);
insert into SHOT values (5874, 5859, 5901, 1253, 3.876, 180.57, 9.22, 3.880, 180.60, 9.19, 0.005, 207.88, -12.11);
insert into SHOT values (5875, 5859, 5902, 1253, 2.704, 187.00, -11.15, 2.711, 187.13, -11.06, 0.010, 225.48, 16.65);
insert into SHOT values (5876, 5859, 5903, 1253, 1.789, 183.49, -35.07, 1.797, 183.50, -34.97, 0.009, 186.63, -13.68);
insert into SHOT values (5877, 5859, 5904, 1253, 9.000, 143.06, 30.61, 9.002, 143.13, 30.58, 0.011, 210.94, -14.00);
insert into SHOT values (5878, 5859, 5905, 1253, 12.147, 129.24, 36.28, 12.149, 129.28, 36.29, 0.008, 215.25, 15.85);
insert into SHOT values (5879, 5859, 5906, 1253, 6.673, 138.90, 50.58, 6.670, 139.02, 50.54, 0.010, 219.18, -28.45);
insert into SHOT values (5880, 5859, 5907, 1253, 7.005, 155.96, 61.14, 7.000, 156.09, 61.13, 0.009, 253.39, -32.07);
insert into SHOT values (5881, 5859, 5908, 1253, 2.345, 237.54, -23.34, 2.350, 237.49, -23.31, 0.006, 218.43, -9.85);
insert into SHOT values (5882, 5859, 5909, 1253, 1.635, 244.67, -3.12, 1.640, 244.69, -3.15, 0.005, 252.37, -12.25);
insert into SHOT values (5883, 5859, 5910, 1253, 1.106, 273.32, -11.74, 1.106, 273.18, -12.00, 0.006, 158.15, -60.34);
insert into SHOT values (5884, 5771, 5911, 1253, 8.464, 126.41, 15.51, 8.441, 126.46, 15.25, 0.046, 271.60, -71.98);
insert into SHOT values (5885, 5911, 5912, 1253, 0.928, 253.26, -50.57, 0.934, 253.39, -50.44, 0.006, 268.08, -29.88);
insert into SHOT values (5886, 5911, 5913, 1253, 5.935, 247.61, 17.21, 5.935, 247.60, 17.25, 0.004, 93.03, 66.86);
insert into SHOT values (5887, 5911, 5914, 1253, 1.649, 244.86, 17.55, 1.656, 244.90, 17.57, 0.008, 253.93, 21.49);
insert into SHOT values (5888, 5911, 5915, 1253, 4.258, 245.06, 20.78, 4.258, 245.04, 20.77, 0.001, 198.95, -31.04);
insert into SHOT values (5889, 5911, 5916, 1253, 4.566, 246.00, 31.39, 4.568, 245.93, 31.40, 0.005, 171.89, 21.69);
insert into SHOT values (5890, 5911, 5917, 1253, 6.111, 247.52, 41.72, 6.118, 247.48, 41.70, 0.008, 224.29, 22.18);
insert into SHOT values (5891, 5911, 5918, 1253, 5.380, 249.60, 52.64, 5.383, 249.57, 52.66, 0.004, 184.93, 64.83);
insert into SHOT values (5892, 5911, 5919, 1253, 4.633, 250.99, 63.25, 4.635, 250.96, 63.28, 0.003, 110.99, 60.06);
insert into SHOT values (5893, 5911, 5920, 1253, 4.142, 261.22, 76.44, 4.145, 261.12, 76.44, 0.004, 188.27, 63.81);
insert into SHOT values (5894, 5911, 5921, 1253, 2.234, 285.64, 83.04, 2.236, 285.07, 83.08, 0.004, 166.86, 39.02);
insert into SHOT values (5895, 5911, 5922, 1253, 2.144, 93.73, 84.03, 2.141, 95.19, 84.08, 0.007, 204.58, -21.37);
insert into SHOT values (5896, 5911, 5923, 1253, 1.978, 86.67, 61.39, 1.978, 86.96, 61.59, 0.008, 227.45, 25.01);
insert into SHOT values (5897, 5911, 5924, 1253, 2.709, 83.56, 31.64, 2.707, 83.52, 31.64, 0.002, 302.57, -27.50);
insert into SHOT values (5898, 5911, 5925, 1253, 4.514, 83.83, 17.15, 4.515, 83.88, 17.13, 0.004, 156.26, -13.86);
insert into SHOT values (5899, 5911, 5926, 1253, 5.397, 80.99, 8.05, 5.400, 80.96, 8.09, 0.005, 39.17, 50.62);
insert into SHOT values (5900, 5911, 5927, 1253, 5.623, 80.85, -3.02, 5.619, 80.87, -3.06, 0.006, 227.28, -36.96);
insert into SHOT values (5901, 5911, 5928, 1253, 5.775, 79.41, -10.60, 5.774, 79.44, -10.58, 0.004, 175.04, 32.13);
insert into SHOT values (5902, 5911, 5929, 1253, 6.184, 78.47, -19.20, 6.181, 78.44, -19.17, 0.005, 316.88, 50.70);
insert into SHOT values (5903, 5911, 5930, 1253, 1.949, 78.17, -29.51, 1.949, 78.09, -29.50, 0.002, 357.30, 0.79);
insert into SHOT values (5904, 5911, 5931, 1253, 4.710, 292.06, 0.00, 4.715, 292.05, 0.00, 0.005, 286.60, 0.00);
insert into SHOT values (5905, 5911, 5932, 1253, 4.197, 300.70, -8.00, 4.201, 300.63, -7.94, 0.008, 255.41, 32.91);
insert into SHOT values (5906, 5911, 5933, 1253, 5.862, 228.28, 15.56, 5.866, 228.30, 15.52, 0.006, 253.83, -24.33);
insert into SHOT values (5907, 5911, 5934, 1253, 10.168, 224.58, 14.57, 10.171, 224.59, 14.58, 0.004, 270.67, 33.97);
insert into SHOT values (5908, 5911, 5935, 1253, 10.421, 219.70, 15.08, 10.421, 219.72, 15.07, 0.004, 305.53, -16.69);
insert into SHOT values (5909, 5911, 5936, 1253, 10.297, 212.90, 14.98, 10.294, 212.89, 14.98, 0.004, 46.26, -26.49);
insert into SHOT values (5910, 5911, 5937, 1253, 11.504, 204.44, 14.29, 11.504, 204.43, 14.29, 0.002, 107.35, 16.04);
insert into SHOT values (5911, 5911, 5938, 1253, 12.390, 199.11, 13.69, 12.394, 199.10, 13.67, 0.006, 178.92, -24.66);
insert into SHOT values (5912, 5911, 5939, 1253, 12.540, 190.87, 16.22, 12.544, 190.86, 16.20, 0.006, 183.41, -28.82);
insert into SHOT values (5913, 5911, 5940, 1253, 12.368, 184.38, 17.09, 12.369, 184.37, 17.07, 0.006, 143.90, -55.51);
insert into SHOT values (5914, 5911, 5941, 1253, 12.211, 172.66, 20.15, 12.212, 172.68, 20.17, 0.007, 265.36, 32.88);
insert into SHOT values (5915, 5911, 5942, 1253, 10.438, 166.49, 19.42, 10.436, 166.49, 19.42, 0.002, 341.14, -17.95);
insert into SHOT values (5916, 5911, 5943, 1253, 9.656, 158.66, 17.09, 9.660, 158.66, 17.10, 0.004, 169.97, 33.91);
insert into SHOT values (5917, 5911, 5944, 1253, 11.566, 150.26, 15.50, 11.569, 150.26, 15.49, 0.003, 173.01, -15.66);
insert into SHOT values (5918, 5911, 5945, 1253, 9.833, 140.89, 15.49, 9.834, 140.87, 15.51, 0.005, 41.86, 53.47);
insert into SHOT values (5919, 5911, 5946, 1253, 9.246, 127.29, 11.95, 9.240, 127.31, 11.93, 0.008, 267.48, -32.59);
insert into SHOT values (5920, 5911, 5947, 1253, 7.404, 119.55, 8.80, 7.400, 119.58, 8.78, 0.006, 249.85, -25.17);
insert into SHOT values (5921, 5911, 5948, 1253, 5.861, 107.06, 5.90, 5.857, 107.07, 5.88, 0.004, 268.23, -34.67);
insert into SHOT values (5922, 5911, 5949, 1253, 5.648, 88.84, 3.87, 5.644, 88.88, 3.86, 0.006, 221.04, -11.26);
insert into SHOT values (5923, 5911, 5950, 1253, 5.672, 75.92, -4.08, 5.675, 75.89, -4.04, 0.005, 37.74, 41.52);
insert into SHOT values (5924, 5911, 5951, 1253, 4.019, 2.23, -30.19, 4.017, 2.15, -30.19, 0.005, 255.61, 11.55);
insert into SHOT values (5925, 5911, 5952, 1253, 4.181, 0.84, -17.61, 4.178, 0.86, -17.70, 0.007, 157.68, -45.42);
insert into SHOT values (5926, 5911, 5953, 1253, 8.220, 3.93, -22.54, 8.216, 3.93, -22.55, 0.004, 176.23, 12.59);
insert into SHOT values (5927, 5911, 5954, 1253, 10.671, 332.92, -22.34, 10.677, 332.89, -22.35, 0.008, 290.97, -31.15);
insert into SHOT values (5928, 5911, 5955, 1253, 10.726, 322.49, -20.12, 10.731, 322.46, -20.11, 0.007, 281.31, -3.20);
insert into SHOT values (5929, 5911, 5956, 1253, 10.550, 320.86, -13.96, 10.555, 320.82, -13.98, 0.008, 266.33, -36.02);
insert into SHOT values (5930, 5911, 5957, 1253, 14.004, 325.40, -10.50, 14.001, 325.39, -10.49, 0.004, 182.22, 29.83);
insert into SHOT values (5931, 5911, 5958, 1253, 18.735, 318.59, -8.53, 18.734, 318.57, -8.53, 0.006, 218.79, -10.19);
insert into SHOT values (5932, 5911, 5959, 1253, 11.223, 311.88, -6.58, 11.221, 311.87, -6.60, 0.005, 143.12, -56.04);
insert into SHOT values (5933, 5911, 5960, 1253, 10.904, 307.83, -1.05, 10.899, 307.81, -1.05, 0.006, 165.93, -1.77);
insert into SHOT values (5934, 5911, 5961, 1253, 10.899, 304.06, -1.61, 10.902, 304.04, -1.63, 0.005, 255.91, -44.23);
insert into SHOT values (5935, 5911, 5962, 1253, 10.434, 304.33, -7.19, 10.437, 304.33, -7.21, 0.005, 342.28, -55.86);
insert into SHOT values (5936, 5911, 5963, 1253, 4.138, 302.72, -11.78, 4.139, 302.71, -11.71, 0.005, 290.68, 68.67);
insert into SHOT values (5937, 5911, 5964, 1253, 1.522, 296.23, -20.18, 1.522, 296.21, -20.38, 0.005, 130.29, -68.12);
insert into SHOT values (5938, 5911, 5965, 1253, 1.672, 315.38, -35.54, 1.674, 315.30, -35.40, 0.005, 291.46, 22.26);
insert into SHOT values (5939, 5911, 5966, 1253, 4.562, 284.83, -4.87, 4.567, 284.77, -4.90, 0.007, 242.02, -22.45);
insert into SHOT values (5940, 5911, 5967, 1253, 4.837, 290.91, 0.65, 4.836, 290.83, 0.59, 0.008, 196.24, -38.67);
insert into SHOT values (5941, 5911, 5968, 1253, 9.485, 288.53, 4.80, 9.482, 288.51, 4.78, 0.005, 146.83, -45.50);
insert into SHOT values (5942, 5911, 5969, 1253, 6.113, 292.48, 24.86, 6.117, 292.45, 24.84, 0.005, 265.63, 0.96);
insert into SHOT values (5943, 5911, 5970, 1253, 7.426, 294.17, 14.09, 7.426, 294.18, 14.11, 0.003, 43.68, 46.73);
insert into SHOT values (5944, 5911, 5971, 1253, 7.876, 287.94, 17.78, 7.879, 287.93, 17.73, 0.007, 276.05, -47.19);
insert into SHOT values (5945, 5911, 5972, 1253, 9.099, 305.00, 19.14, 9.097, 305.00, 19.12, 0.004, 86.46, -61.14);
insert into SHOT values (5946, 5911, 5973, 1253, 6.308, 305.17, 31.34, 6.310, 305.11, 31.32, 0.006, 242.47, -7.96);
insert into SHOT values (5947, 5911, 5974, 1253, 8.418, 291.07, 16.13, 8.420, 291.01, 16.14, 0.008, 210.00, 9.93);
insert into SHOT values (5948, 5911, 5975, 1253, 5.539, 277.25, 20.48, 5.542, 277.19, 20.49, 0.005, 209.83, 21.61);
insert into SHOT values (5949, 5911, 5976, 1253, 6.709, 280.02, 24.59, 6.710, 280.00, 24.57, 0.003, 248.50, -34.23);
insert into SHOT values (5950, 5911, 5977, 1253, 7.517, 282.66, 23.00, 7.516, 282.61, 23.03, 0.007, 167.35, 25.27);
insert into SHOT values (5951, 5911, 5978, 1253, 9.878, 279.97, 19.05, 9.879, 279.93, 19.02, 0.008, 213.64, -30.63);
insert into SHOT values (5952, 5911, 5979, 1253, 11.816, 286.50, 15.75, 11.822, 286.49, 15.75, 0.006, 279.74, 24.78);
insert into SHOT values (5953, 5911, 5980, 1253, 5.031, 275.80, 16.20, 5.034, 275.82, 16.15, 0.005, 302.14, -41.46);
insert into SHOT values (5954, 5911, 5981, 1253, 4.342, 256.23, 20.28, 4.344, 256.24, 20.20, 0.007, 266.87, -49.12);
insert into SHOT values (5955, 5911, 5982, 1253, 4.202, 242.43, 23.93, 4.206, 242.44, 23.84, 0.007, 249.30, -37.00);
insert into SHOT values (5956, 5911, 5983, 1253, 1.620, 244.38, 16.57, 1.619, 244.43, 16.51, 0.003, 0.29, -52.89);
insert into SHOT values (5957, 5911, 5984, 1253, 4.955, 249.58, 30.84, 4.959, 249.52, 30.81, 0.006, 210.16, -1.33);
insert into SHOT values (5958, 5911, 5985, 1253, 2.175, 323.51, 75.22, 2.171, 323.13, 75.32, 0.007, 179.97, -26.61);
insert into SHOT values (5959, 5911, 5986, 1253, 4.691, 323.41, 56.05, 4.688, 323.39, 56.08, 0.004, 151.94, -18.95);
insert into SHOT values (5960, 5911, 5987, 1253, 2.479, 348.64, 47.37, 2.472, 348.62, 47.41, 0.007, 172.04, -32.76);
insert into SHOT values (5961, 5911, 5988, 1253, 5.385, 339.53, 36.02, 5.389, 339.44, 36.04, 0.007, 267.33, 26.63);
insert into SHOT values (5962, 5911, 5989, 1253, 3.071, 349.41, 31.36, 3.074, 349.46, 31.37, 0.004, 42.67, 29.68);
insert into SHOT values (5963, 5911, 5990, 1253, 5.259, 347.77, 21.43, 5.255, 347.73, 21.43, 0.005, 211.34, -16.32);
insert into SHOT values (5964, 5911, 5991, 1253, 4.683, 353.20, 15.24, 4.677, 353.13, 15.25, 0.008, 215.60, -7.05);
insert into SHOT values (5965, 5911, 5992, 1253, 5.314, 349.86, 8.64, 5.314, 349.80, 8.66, 0.005, 251.42, 19.17);
insert into SHOT values (5966, 5911, 5993, 1253, 5.259, 354.58, 0.32, 5.254, 354.54, 0.33, 0.006, 207.82, 5.91);
insert into SHOT values (5967, 5911, 5994, 1253, 6.591, 351.96, -3.95, 6.590, 351.96, -3.92, 0.004, 162.94, 80.62);
insert into SHOT values (5968, 5911, 5995, 1253, 6.441, 344.01, -2.52, 6.437, 343.93, -2.49, 0.009, 230.65, 19.71);
insert into SHOT values (5969, 5911, 5996, 1253, 12.388, 340.14, 0.17, 12.387, 340.13, 0.19, 0.003, 214.25, 72.79);
insert into SHOT values (5970, 5911, 5997, 1253, 6.620, 339.98, 5.98, 6.616, 339.91, 5.99, 0.008, 222.67, 2.27);
insert into SHOT values (5971, 5911, 5998, 1253, 12.660, 335.52, 11.12, 12.656, 335.50, 11.12, 0.006, 196.72, -17.06);
insert into SHOT values (5972, 5911, 5999, 1253, 3.270, 155.52, -76.71, 3.269, 155.81, -76.62, 0.007, 194.70, 21.72);
insert into SHOT values (5973, 5911, 6000, 1253, 3.545, 155.76, -76.70, 3.546, 156.25, -76.64, 0.008, 217.33, -0.58);
insert into SHOT values (5974, 5911, 6001, 1253, 6.383, 156.87, -76.70, 6.381, 157.11, -76.72, 0.007, 272.67, 14.55);
insert into SHOT values (5975, 5911, 6002, 1253, 4.910, 160.74, -76.71, 4.912, 160.92, -76.67, 0.005, 208.10, -16.35);
insert into SHOT values (5976, 5911, 6003, 1253, 8.126, 137.74, 2.96, 8.131, 137.75, 2.96, 0.005, 154.66, 4.49);
insert into SHOT values (5977, 5911, 6004, 1253, 7.219, 111.59, 2.96, 7.215, 111.58, 2.94, 0.005, 300.41, -32.36);
insert into SHOT values (5978, 5911, 6005, 1253, 7.539, 127.99, 2.96, 7.540, 128.04, 2.97, 0.007, 213.14, 5.32);
insert into SHOT values (5979, 5911, 6006, 1253, 3.293, 80.45, 2.96, 3.289, 80.54, 2.96, 0.007, 206.94, -0.40);
insert into SHOT values (5980, 5911, 6007, 1253, 7.643, 171.47, 2.96, 7.644, 171.49, 2.92, 0.006, 238.19, -55.05);
insert into SHOT values (5981, 5911, 6008, 1253, 7.331, 175.40, 2.96, 7.334, 175.38, 2.97, 0.004, 137.09, 23.56);
insert into SHOT values (5982, 5911, 6009, 1253, 4.889, 174.42, -76.69, 4.891, 174.39, -76.70, 0.002, 66.60, -77.72);
insert into SHOT values (5983, 5911, 6010, 1253, 4.055, 184.49, 2.95, 4.058, 184.53, 2.97, 0.005, 230.01, 16.89);
insert into SHOT values (5984, 5911, 6011, 1253, 8.166, 193.50, 2.96, 8.168, 193.54, 2.95, 0.007, 269.47, -13.73);
insert into SHOT values (5985, 5911, 6012, 1253, 7.094, 194.19, 2.96, 7.097, 194.21, 2.99, 0.006, 249.07, 41.51);
insert into SHOT values (5986, 5911, 6013, 1253, 8.733, 183.55, 2.96, 8.738, 183.55, 2.95, 0.005, 187.45, -10.12);
insert into SHOT values (5987, 5911, 6014, 1253, 6.575, 191.98, 2.96, 6.581, 191.94, 2.96, 0.007, 160.05, 3.83);
insert into SHOT values (5988, 5911, 6015, 1253, 7.856, 189.59, 2.96, 7.861, 189.61, 2.99, 0.007, 221.92, 38.73);
insert into SHOT values (5989, 5911, 6016, 1253, 6.221, 196.20, 2.96, 6.227, 196.25, 2.95, 0.008, 241.95, -8.67);
insert into SHOT values (5990, 5911, 6017, 1253, 4.770, 184.88, 2.96, 4.774, 184.93, 3.00, 0.007, 235.08, 30.37);
insert into SHOT values (5991, 5911, 6018, 1253, 5.674, 181.06, 2.96, 5.678, 181.11, 2.93, 0.008, 231.24, -22.50);
insert into SURVEY values (1255, 1229, 'PHEnd', 'PHEnd.pigeonHole.Cong', NULL);
 insert into CENTRELINE values (1256, 1255, NULL, NULL, NULL, 0.00, 0.00, 0.00);
 insert into SCRAPS values (1257, 1255, 'PHEndSP1', 1, 1.34030, 0.16970);
 insert into SCRAPS values (1273, 1255, 'PHEndSX2.1', 2, 0.00000, 0.00000);
 insert into SCRAPS values (1277, 1255, 'PHEndSP2', 1, 2.02562, 0.10924);
 insert into MAPS values (1290, 1255, 'PHEndM', NULL, 1, 44.714, -6.410);
 insert into MAPITEMS values (1290, 4, 1257);
 insert into MAPITEMS values (1290, 4, 1277);
 insert into CENTRELINE values (1291, 1255, NULL, '2013-09-10', NULL, 44.71, 0.00, 0.00);
 insert into TOPO values (1, 1291);
 insert into TOPO values (13, 1291);
 insert into TOPO values (14, 1291);
 insert into TOPO values (10, 1291);
 insert into SHOT values (5992, 6019, 6020, 1291, 3.863, 298.45, -16.67, 3.859, 298.44, -16.72, 0.005, 124.73, -21.55);
insert into SHOT values (5993, 6019, 6021, 1291, 3.866, 297.21, -16.27, 3.869, 297.26, -16.36, 0.008, 10.62, -63.82);
insert into SHOT values (5994, 6019, 6022, 1291, 3.872, 117.78, 16.80, 3.871, 117.81, 16.66, 0.010, 172.64, -73.74);
insert into SHOT values (5995, 6019, 6023, 1291, 8.437, 126.42, 15.23, 8.441, 126.46, 15.25, 0.008, 188.43, 25.93);
insert into SHOT values (5996, 6023, 6024, 1291, 4.830, 49.24, -8.48, 4.831, 49.24, -8.45, 0.003, 68.16, 49.80);
insert into SHOT values (5997, 6023, 6025, 1291, 4.238, 52.02, 6.64, 4.239, 52.04, 6.64, 0.002, 110.38, -1.08);
insert into SHOT values (5998, 6023, 6026, 1291, 3.227, 52.33, 16.42, 3.225, 52.35, 16.39, 0.003, 179.31, -50.14);
insert into SHOT values (5999, 6023, 6027, 1291, 2.328, 53.39, 28.95, 2.323, 53.41, 29.10, 0.008, 225.66, 23.74);
insert into SHOT values (6000, 6023, 6028, 1291, 2.059, 53.06, 49.51, 2.062, 53.22, 49.60, 0.006, 157.20, 46.65);
insert into SHOT values (6001, 6023, 6029, 1291, 2.076, 51.03, 67.21, 2.069, 51.12, 67.36, 0.009, 221.72, -26.85);
insert into SHOT values (6002, 6023, 6030, 1291, 2.449, 262.05, 85.92, 2.446, 259.99, 85.95, 0.007, 156.43, -23.51);
insert into SHOT values (6003, 6023, 6031, 1291, 4.633, 248.41, 63.54, 4.635, 248.40, 63.55, 0.002, 246.47, 75.39);
insert into SHOT values (6004, 6023, 6032, 1291, 5.733, 243.44, 47.57, 5.732, 243.43, 47.56, 0.002, 240.48, -75.21);
insert into SHOT values (6005, 6023, 6033, 1291, 5.726, 243.39, 40.17, 5.722, 243.38, 40.15, 0.004, 85.40, -63.29);
insert into SHOT values (6006, 6023, 6034, 1291, 0.315, 241.57, 28.87, 0.311, 241.56, 28.79, 0.004, 62.33, -35.73);
insert into SHOT values (6007, 6023, 6035, 1291, 4.301, 243.97, 19.99, 4.302, 243.88, 19.98, 0.006, 163.73, -2.98);
insert into SHOT values (6008, 6023, 6036, 1291, 5.897, 247.93, 16.32, 5.904, 247.92, 16.33, 0.007, 240.38, 24.98);
insert into SHOT values (6009, 6023, 6037, 1291, 0.918, 238.24, -45.44, 0.917, 238.28, -45.15, 0.005, 248.81, 58.27);
insert into SHOT values (6010, 6023, 6038, 1291, 1.646, 245.60, 16.59, 1.648, 245.71, 16.57, 0.004, 297.21, 0.47);
insert into SHOT values (6011, 6023, 6039, 1291, 5.101, 45.94, -29.85, 5.104, 45.92, -29.84, 0.003, 16.92, -18.57);
insert into SHOT values (6012, 6023, 6040, 1291, 4.791, 49.01, -6.16, 4.784, 49.01, -6.12, 0.008, 228.01, 30.26);
insert into SHOT values (6013, 6023, 6041, 1291, 5.689, 68.53, -6.19, 5.685, 68.52, -6.16, 0.005, 260.26, 46.51);
insert into SHOT values (6014, 6023, 6042, 1291, 5.709, 82.80, 2.19, 5.709, 82.85, 2.21, 0.006, 177.77, 18.57);
insert into SHOT values (6015, 6023, 6043, 1291, 5.837, 101.09, 0.73, 5.839, 101.06, 0.69, 0.005, 47.32, -53.55);
insert into SHOT values (6016, 6023, 6044, 1291, 7.369, 118.38, 7.60, 7.362, 118.39, 7.57, 0.008, 281.10, -34.00);
insert into SHOT values (6017, 6023, 6045, 1291, 8.120, 128.96, 9.29, 8.120, 128.97, 9.28, 0.003, 221.40, -18.89);
insert into SHOT values (6018, 6023, 6046, 1291, 10.901, 135.60, 11.27, 10.902, 135.61, 11.27, 0.002, 194.20, -9.69);
insert into SHOT values (6019, 6023, 6047, 1291, 9.857, 140.68, 12.74, 9.857, 140.70, 12.72, 0.005, 225.72, -44.27);
insert into SHOT values (6020, 6023, 6048, 1291, 8.783, 144.95, 12.56, 8.783, 144.98, 12.56, 0.004, 239.67, 0.41);
insert into SHOT values (6021, 6023, 6049, 1291, 11.256, 149.15, 14.67, 11.255, 149.17, 14.67, 0.005, 245.81, -6.77);
insert into SHOT values (6022, 6023, 6050, 1291, 12.617, 153.33, 14.14, 12.613, 153.33, 14.13, 0.004, 316.15, -32.00);
insert into SHOT values (6023, 6023, 6051, 1291, 12.378, 157.44, 13.75, 12.374, 157.45, 13.75, 0.005, 307.93, -24.13);
insert into SHOT values (6024, 6023, 6052, 1291, 12.261, 160.28, 13.97, 12.259, 160.30, 13.97, 0.006, 272.11, 0.25);
insert into SHOT values (6025, 6023, 6053, 1291, 12.428, 162.38, 13.69, 12.428, 162.41, 13.68, 0.006, 252.85, -11.73);
insert into SHOT values (6026, 6023, 6054, 1291, 12.790, 165.35, 13.58, 12.790, 165.37, 13.57, 0.007, 249.21, -28.76);
insert into SHOT values (6027, 6023, 6055, 1291, 11.572, 169.02, 18.93, 11.574, 169.05, 18.91, 0.008, 232.50, -29.48);
insert into SHOT values (6028, 6023, 6056, 1291, 11.807, 172.55, 20.04, 11.810, 172.54, 20.06, 0.004, 151.73, 65.36);
insert into SHOT values (6029, 6023, 6057, 1291, 12.205, 183.77, 18.40, 12.208, 183.76, 18.38, 0.005, 172.62, -31.97);
insert into SHOT values (6030, 6023, 6058, 1291, 12.348, 187.30, 19.27, 12.345, 187.30, 19.25, 0.005, 4.14, -70.15);
insert into SHOT values (6031, 6023, 6059, 1291, 11.840, 191.18, 19.89, 11.839, 191.19, 19.90, 0.004, 320.28, 28.61);
insert into SHOT values (6032, 6023, 6060, 1291, 11.139, 196.23, 17.92, 11.143, 196.21, 17.93, 0.005, 158.24, 34.99);
insert into SHOT values (6033, 6023, 6061, 1291, 10.636, 201.68, 16.67, 10.639, 201.71, 16.66, 0.007, 257.91, -8.52);
insert into SHOT values (6034, 6023, 6062, 1291, 10.819, 208.69, 14.39, 10.825, 208.67, 14.39, 0.007, 178.51, 10.76);
insert into SHOT values (6035, 6023, 6063, 1291, 10.186, 214.60, 14.19, 10.189, 214.61, 14.20, 0.004, 253.90, 43.14);
insert into SHOT values (6036, 6023, 6064, 1291, 10.493, 221.02, 14.78, 10.498, 221.01, 14.79, 0.006, 200.25, 32.54);
insert into SHOT values (6037, 6023, 6065, 1291, 10.222, 226.10, 14.87, 10.222, 226.11, 14.85, 0.004, 303.66, -56.88);
insert into SHOT values (6038, 6023, 6066, 1291, 5.849, 229.23, 14.68, 5.855, 229.22, 14.64, 0.007, 227.57, -17.62);
insert into SHOT values (6039, 6023, 6067, 1291, 8.639, 184.33, 4.53, 8.641, 184.33, 4.51, 0.003, 191.17, -42.12);
insert into SHOT values (6040, 6067, 6068, 1291, 7.634, 290.23, 17.16, 7.638, 290.20, 17.13, 0.006, 253.25, -21.89);
insert into SHOT values (6041, 6067, 6069, 1291, 9.414, 294.55, 13.39, 9.416, 294.58, 13.39, 0.006, 5.16, -0.78);
insert into SHOT values (6042, 6067, 6070, 1291, 9.444, 298.47, 10.87, 9.449, 298.44, 10.86, 0.007, 265.80, -8.16);
insert into SHOT values (6043, 6067, 6071, 1291, 9.985, 302.14, 8.78, 9.990, 302.13, 8.81, 0.007, 284.88, 55.99);
insert into SHOT values (6044, 6067, 6072, 1291, 8.879, 304.53, 8.62, 8.879, 304.56, 8.61, 0.005, 29.71, -8.66);
insert into SHOT values (6045, 6067, 6073, 1291, 7.816, 307.63, 9.11, 7.814, 307.63, 9.13, 0.004, 121.45, 42.13);
insert into SHOT values (6046, 6067, 6074, 1291, 7.064, 311.03, 9.48, 7.066, 310.98, 9.53, 0.008, 226.05, 52.92);
insert into SHOT values (6047, 6067, 6075, 1291, 6.573, 315.40, 9.71, 6.572, 315.38, 9.72, 0.003, 190.08, 26.66);
insert into SHOT values (6048, 6067, 6076, 1291, 6.165, 319.92, 9.00, 6.166, 319.93, 9.05, 0.006, 34.99, 74.43);
insert into SHOT values (6049, 6067, 6077, 1291, 6.847, 324.94, 4.89, 6.845, 324.91, 4.94, 0.007, 190.26, 58.03);
insert into SHOT values (6050, 6067, 6078, 1291, 3.408, 247.98, -78.29, 3.400, 248.66, -78.34, 0.012, 7.31, 36.77);
insert into SHOT values (6051, 6067, 6079, 1291, 3.717, 323.53, 2.33, 3.713, 323.44, 2.32, 0.007, 198.77, -9.31);
insert into SHOT values (6052, 6079, 6080, 1291, 5.994, 280.12, 13.77, 5.997, 279.88, 13.70, 0.025, 201.31, -15.58);
insert into SHOT values (6053, 6023, 6081, 1291, 6.344, 11.52, -12.23, 6.339, 11.55, -12.20, 0.007, 156.29, 34.28);
insert into SHOT values (6054, 6023, 6082, 1291, 4.561, 294.60, -3.65, 4.560, 294.54, -3.65, 0.005, 195.40, 4.44);
insert into SHOT values (6055, 6023, 6083, 1291, 4.908, 315.03, -24.01, 4.909, 315.00, -24.04, 0.004, 217.07, -55.96);
insert into SHOT values (6056, 6023, 6084, 1291, 9.242, 317.44, -15.77, 9.244, 317.41, -15.76, 0.004, 260.30, 24.49);
insert into SHOT values (6057, 6023, 6085, 1291, 10.818, 309.79, -8.20, 10.818, 309.77, -8.18, 0.004, 226.93, 48.42);
insert into SHOT values (6058, 6023, 6086, 1291, 9.562, 289.31, 4.42, 9.564, 289.29, 4.44, 0.004, 234.22, 44.98);
insert into SHOT values (6059, 6023, 6087, 1291, 7.164, 294.40, 11.81, 7.166, 294.34, 11.84, 0.008, 210.59, 27.21);
insert into SHOT values (6060, 6023, 6088, 1291, 7.104, 103.74, -19.50, 7.099, 103.75, -19.50, 0.005, 269.95, 15.18);
insert into SHOT values (6061, 6088, 6089, 1291, 3.730, 339.56, 5.54, 3.729, 339.66, 5.54, 0.007, 79.37, -0.80);
insert into SHOT values (6062, 6088, 6090, 1291, 2.230, 352.85, 5.61, 2.227, 353.00, 5.67, 0.007, 107.63, 16.57);
insert into SHOT values (6063, 6088, 6091, 1291, 1.421, 10.15, 2.90, 1.424, 10.12, 2.82, 0.004, 0.37, -32.16);
insert into SHOT values (6064, 6088, 6092, 1291, 1.001, 40.31, 2.23, 1.001, 40.54, 2.29, 0.004, 133.11, 14.41);
insert into SHOT values (6065, 6088, 6093, 1291, 0.939, 57.68, 4.28, 0.938, 57.67, 4.28, 0.001, 241.19, -3.08);
insert into SHOT values (6066, 6088, 6094, 1291, 1.112, 97.96, 3.51, 1.114, 98.28, 3.60, 0.007, 173.15, 16.62);
insert into SHOT values (6067, 6088, 6095, 1291, 1.841, 132.63, -0.37, 1.847, 132.59, -0.31, 0.007, 121.32, 16.57);
insert into SHOT values (6068, 6088, 6096, 1291, 2.780, 146.33, 8.15, 2.782, 146.25, 8.06, 0.006, 87.96, -44.89);
insert into SHOT values (6069, 6088, 6097, 1291, 3.937, 155.06, 11.46, 3.939, 155.03, 11.42, 0.004, 117.95, -36.00);
insert into SHOT values (6070, 6088, 6098, 1291, 4.208, 156.80, -8.39, 4.212, 156.82, -8.46, 0.007, 184.25, -57.57);
insert into SHOT values (6071, 6088, 6099, 1291, 4.681, 152.04, -11.19, 4.688, 151.99, -11.19, 0.008, 121.99, -11.42);
insert into SHOT values (6072, 6088, 6100, 1291, 6.208, 148.64, -8.35, 6.214, 148.64, -8.33, 0.006, 150.07, 13.84);
insert into SHOT values (6073, 6088, 6101, 1291, 7.148, 146.96, -10.23, 7.153, 146.94, -10.23, 0.005, 129.60, -5.39);
insert into SHOT values (6074, 6088, 6102, 1291, 4.806, 149.36, -19.83, 4.809, 149.30, -19.81, 0.006, 93.76, 3.50);
insert into SHOT values (6075, 6102, 6103, 1291, 3.758, 342.47, 9.26, 3.761, 342.44, 9.18, 0.006, 322.66, -48.53);
insert into SHOT values (6076, 6102, 6104, 1291, 2.849, 349.96, 9.21, 2.849, 349.97, 9.09, 0.006, 31.33, -80.73);
insert into SHOT values (6077, 6102, 6105, 1291, 1.885, 0.75, 7.07, 1.884, 0.61, 7.01, 0.005, 263.30, -24.74);
insert into SHOT values (6078, 6102, 6106, 1291, 1.920, 21.33, -5.20, 1.918, 21.19, -5.39, 0.008, 257.59, -47.50);
insert into SHOT values (6079, 6102, 6107, 1291, 2.042, 37.32, -10.90, 2.036, 37.27, -11.04, 0.008, 229.46, -28.00);
insert into SHOT values (6080, 6102, 6108, 1291, 1.993, 54.15, -12.40, 1.987, 54.02, -12.50, 0.008, 269.01, -14.87);
insert into SHOT values (6081, 6102, 6109, 1291, 2.202, 78.62, -17.99, 2.198, 78.69, -18.02, 0.005, 222.56, 1.11);
insert into SHOT values (6082, 6102, 6110, 1291, 2.637, 97.44, -19.50, 2.632, 97.41, -19.53, 0.005, 289.02, 2.78);
insert into SHOT values (6083, 6102, 6111, 1291, 2.609, 131.14, -3.56, 2.606, 131.10, -3.52, 0.004, 338.14, 31.87);
insert into SHOT values (6084, 6111, 6112, 1291, 2.594, 311.81, 2.48, 2.588, 311.71, 2.44, 0.008, 166.61, -16.14);
insert into SHOT values (6085, 6111, 6113, 1291, 1.105, 20.97, -19.01, 1.099, 20.88, -19.12, 0.007, 214.35, -0.55);
insert into SHOT values (6086, 6111, 6114, 1291, 1.526, 45.51, -18.26, 1.520, 45.56, -18.40, 0.007, 213.34, -15.42);
insert into SHOT values (6087, 6111, 6115, 1291, 2.225, 64.60, -23.63, 2.225, 64.69, -23.85, 0.009, 196.34, -60.04);
insert into SHOT values (6088, 6111, 6116, 1291, 2.710, 79.59, -20.59, 2.706, 79.76, -20.78, 0.012, 210.64, -34.82);
insert into SHOT values (6089, 6111, 6117, 1291, 4.264, 97.60, -20.34, 4.264, 97.62, -20.45, 0.009, 243.03, -66.53);
insert into SHOT values (6090, 6111, 6118, 1291, 4.695, 108.36, -17.64, 4.701, 108.35, -17.71, 0.008, 106.80, -63.89);
insert into SHOT values (6091, 6111, 6119, 1291, 5.459, 114.65, -15.37, 5.458, 114.71, -15.41, 0.007, 220.34, -25.10);
insert into SHOT values (6092, 6111, 6120, 1291, 1.147, 197.56, 33.37, 1.152, 197.50, 33.15, 0.007, 189.08, -7.54);
insert into SHOT values (6093, 6111, 6121, 1291, 1.897, 160.06, 26.04, 1.902, 160.19, 25.87, 0.008, 190.21, -19.34);
insert into SHOT values (6094, 6111, 6122, 1291, 2.115, 142.08, 25.66, 2.116, 142.23, 25.47, 0.009, 195.67, -42.38);
insert into SHOT values (6095, 6111, 6123, 1291, 2.821, 134.86, 20.79, 2.821, 134.85, 20.76, 0.001, 70.93, -70.68);
insert into SHOT values (6096, 6111, 6124, 1291, 4.266, 133.14, 19.54, 4.262, 133.18, 19.46, 0.008, 252.17, -59.75);
insert into SHOT values (6097, 6111, 6125, 1291, 3.691, 350.64, -20.04, 3.692, 350.54, -20.12, 0.008, 257.21, -41.22);
insert into SHOT values (6098, 6111, 6126, 1291, 2.414, 357.51, -26.02, 2.408, 357.35, -26.11, 0.009, 217.51, -6.32);
insert into SHOT values (6099, 6111, 6127, 1291, 1.161, 17.12, -19.58, 1.156, 17.10, -19.72, 0.006, 199.49, -9.11);
insert into SHOT values (6100, 6111, 6128, 1291, 1.418, 67.79, -21.95, 1.418, 68.12, -21.96, 0.008, 161.59, 0.33);
insert into SHOT values (6101, 6111, 6129, 1291, 2.390, 104.45, -33.73, 2.389, 104.60, -33.84, 0.007, 229.28, -24.29);
insert into SHOT values (6102, 6111, 6130, 1291, 1.769, 125.51, -15.01, 1.773, 125.73, -15.04, 0.008, 187.01, -13.49);
insert into SURVEY values (1293, 1229, 'PHChamberB', 'PHChamberB.pigeonHole.Cong', NULL);
 insert into CENTRELINE values (1294, 1293, NULL, NULL, NULL, 0.00, 0.00, 0.00);
 insert into SCRAPS values (1295, 1293, 'PHChamberBSP1', 1, 0.73765, 0.43963);
 insert into MAPS values (1305, 1293, 'PHChamberBM', NULL, 1, 16.822, -2.890);
 insert into MAPITEMS values (1305, 4, 1295);
 insert into CENTRELINE values (1306, 1293, NULL, '2013-09-11', NULL, 16.82, 0.00, 0.00);
 insert into TOPO values (1, 1306);
 insert into TOPO values (13, 1306);
 insert into TOPO values (10, 1306);
 insert into SHOT values (6103, 6131, 6132, 1306, 8.420, 126.65, 15.11, 8.441, 126.46, 15.25, 0.039, 66.93, 39.70);
insert into SHOT values (6104, 6131, 6133, 1306, 5.784, 159.69, 15.97, 5.779, 159.67, 15.97, 0.005, 353.91, -15.57);
insert into SHOT values (6105, 6133, 6134, 1306, 1.066, 109.22, -43.45, 1.071, 109.60, -43.68, 0.009, 188.30, -52.18);
insert into SHOT values (6106, 6133, 6135, 1306, 1.102, 58.91, -58.01, 1.106, 59.04, -58.19, 0.006, 177.18, -74.26);
insert into SHOT values (6107, 6133, 6136, 1306, 0.525, 326.51, -54.24, 0.526, 325.78, -54.89, 0.007, 186.70, -33.99);
insert into SHOT values (6108, 6133, 6137, 1306, 0.297, 192.87, -30.80, 0.301, 191.31, -32.11, 0.011, 100.76, -48.84);
insert into SHOT values (6109, 6133, 6138, 1306, 2.618, 96.83, -59.33, 2.627, 96.86, -59.34, 0.009, 107.62, -62.67);
insert into SHOT values (6110, 6138, 6139, 1306, 0.409, 302.62, 4.63, 0.407, 302.91, 5.64, 0.008, 85.48, 64.12);
insert into SHOT values (6111, 6138, 6140, 1306, 0.792, 281.48, 3.11, 0.796, 280.89, 3.60, 0.011, 214.14, 38.41);
insert into SHOT values (6112, 6138, 6141, 1306, 1.654, 273.76, 2.81, 1.655, 273.47, 3.12, 0.012, 190.60, 46.85);
insert into SHOT values (6113, 6138, 6142, 1306, 2.305, 272.80, 0.12, 2.303, 272.74, 0.25, 0.006, 137.18, 57.37);
insert into SHOT values (6114, 6138, 6143, 1306, 5.314, 271.84, -0.45, 5.313, 271.83, -0.43, 0.002, 101.67, 56.88);
insert into SHOT values (6115, 6138, 6144, 1306, 4.775, 272.31, -3.00, 4.780, 272.28, -3.00, 0.006, 251.12, -0.96);
insert into SHOT values (6116, 6138, 6145, 1306, 6.186, 271.86, 10.17, 6.191, 271.79, 10.23, 0.011, 211.43, 42.62);
insert into SHOT values (6117, 6138, 6146, 1306, 4.336, 268.63, 6.61, 4.340, 268.54, 6.62, 0.008, 211.21, 6.41);
insert into SHOT values (6118, 6138, 6147, 1306, 2.119, 263.37, 4.87, 2.122, 263.21, 4.86, 0.007, 204.65, 0.92);
insert into SHOT values (6119, 6138, 6148, 1306, 1.154, 252.04, 3.43, 1.160, 251.88, 3.46, 0.006, 221.85, 8.60);
insert into SHOT values (6120, 6138, 6149, 1306, 0.584, 226.85, 3.14, 0.589, 227.07, 3.90, 0.009, 255.80, 59.35);
insert into SHOT values (6121, 6138, 6150, 1306, 0.433, 205.01, 14.85, 0.437, 205.35, 15.93, 0.010, 257.31, 70.72);
insert into SHOT values (6122, 6138, 6151, 1306, 0.414, 179.39, 20.33, 0.418, 180.00, 21.04, 0.008, 246.48, 53.64);
insert into SHOT values (6123, 6138, 6152, 1306, 1.884, 244.74, -29.61, 1.883, 244.69, -29.60, 0.002, 125.64, 28.73);
insert into SHOT values (6124, 6138, 6153, 1306, 5.633, 270.51, 6.32, 5.634, 270.51, 6.32, 0.002, 291.66, -3.21);
insert into SHOT values (6125, 6138, 6154, 1306, 2.737, 265.85, 3.96, 2.734, 265.79, 3.99, 0.004, 123.78, 13.94);
insert into SHOT values (6126, 6138, 6155, 1306, 1.500, 256.87, -0.19, 1.499, 256.89, 0.00, 0.005, 41.61, 77.16);
insert into SHOT values (6127, 6138, 6156, 1306, 0.731, 236.14, -0.08, 0.735, 236.09, 0.00, 0.004, 228.42, 14.25);
insert into SHOT values (6128, 6138, 6157, 1306, 0.445, 203.09, 6.97, 0.448, 202.52, 7.70, 0.008, 138.86, 50.98);
insert into SHOT values (6129, 6138, 6158, 1306, 0.429, 172.31, 19.63, 0.430, 172.87, 20.41, 0.007, 275.98, 54.97);
insert into SHOT values (6130, 6138, 6159, 1306, 2.926, 235.07, -32.01, 2.929, 235.16, -31.95, 0.006, 277.43, 9.24);
insert into SHOT values (6131, 6138, 6160, 1306, 3.208, 246.62, -33.57, 3.203, 246.60, -33.55, 0.005, 75.52, 47.89);
insert into SHOT values (6132, 6138, 6161, 1306, 3.083, 248.66, -31.07, 3.082, 248.68, -31.05, 0.002, 339.76, 41.95);
insert into SHOT values (6133, 6138, 6162, 1306, 3.691, 258.69, -17.41, 3.696, 258.72, -17.32, 0.008, 278.36, 33.51);
insert into SHOT values (6134, 6138, 6163, 1306, 2.832, 257.74, -17.59, 2.833, 257.61, -17.46, 0.009, 197.16, 40.41);
insert into SHOT values (6135, 6138, 6164, 1306, 0.994, 235.21, -18.66, 0.990, 234.96, -18.24, 0.009, 127.74, 62.04);
insert into SHOT values (6136, 6138, 6165, 1306, 3.451, 261.65, -17.25, 3.449, 261.62, -17.20, 0.004, 145.10, 67.40);
insert into SHOT values (6137, 6138, 6166, 1306, 2.896, 228.82, -30.50, 2.901, 228.73, -30.44, 0.007, 196.63, -1.34);
insert into SHOT values (6138, 6138, 6167, 1306, 3.007, 216.33, -27.21, 3.012, 216.36, -27.06, 0.009, 226.91, 31.77);
insert into SHOT values (6139, 6138, 6168, 1306, 3.245, 207.51, -24.62, 3.246, 207.43, -24.58, 0.005, 144.97, 23.79);
insert into SHOT values (6140, 6138, 6169, 1306, 3.439, 202.53, -22.73, 3.437, 202.61, -22.58, 0.010, 269.04, 61.15);
insert into SHOT values (6141, 6138, 6170, 1306, 3.923, 195.00, -20.83, 3.929, 194.98, -20.72, 0.010, 188.77, 30.87);
insert into SHOT values (6142, 6138, 6171, 1306, 3.660, 178.18, -12.56, 3.658, 178.24, -12.47, 0.007, 279.18, 57.47);
insert into SHOT values (6143, 6138, 6172, 1306, 3.643, 167.81, -8.76, 3.643, 167.82, -8.68, 0.005, 215.37, 79.42);
insert into SHOT values (6144, 6138, 6173, 1306, 2.321, 157.60, -7.85, 2.322, 157.78, -7.67, 0.010, 235.81, 42.45);
insert into SHOT values (6145, 6138, 6174, 1306, 1.453, 143.82, -3.87, 1.449, 144.00, -3.56, 0.010, 270.74, 53.95);
insert into SHOT values (6146, 6138, 6175, 1306, 0.515, 138.02, 1.11, 0.517, 138.92, 1.11, 0.009, 211.41, 0.16);
insert into SURVEY values (1308, 1229, 'PHChamber', 'PHChamber.pigeonHole.Cong', NULL);
 insert into CENTRELINE values (1309, 1308, NULL, NULL, NULL, 0.00, 0.00, 0.00);
 insert into SCRAPS values (1310, 1308, 'PHChamberSP1', 1, 1.54931, 0.15922);
 insert into MAPS values (1327, 1308, 'PHChamberM', NULL, 1, 27.331, -6.520);
 insert into MAPITEMS values (1327, 4, 1310);
 insert into CENTRELINE values (1328, 1308, NULL, '2013-09-11', NULL, 27.33, 0.00, 0.00);
 insert into TOPO values (1, 1328);
 insert into TOPO values (13, 1328);
 insert into TOPO values (10, 1328);
 insert into SHOT values (6147, 6176, 6177, 1328, 0.762, 41.59, -2.03, 0.765, 41.82, -2.25, 0.005, 84.85, -33.38);
insert into SHOT values (6148, 6176, 6178, 1328, 1.032, 53.71, 0.94, 1.038, 54.01, 1.10, 0.009, 95.43, 20.14);
insert into SHOT values (6149, 6176, 6179, 1328, 1.436, 64.05, -3.11, 1.433, 64.33, -3.20, 0.008, 174.47, -15.43);
insert into SHOT values (6150, 6176, 6180, 1328, 1.710, 69.17, -5.07, 1.715, 69.44, -5.02, 0.010, 125.76, 6.42);
insert into SHOT values (6151, 6176, 6181, 1328, 3.139, 71.06, -1.02, 3.141, 71.05, -1.09, 0.005, 53.80, -65.81);
insert into SHOT values (6152, 6176, 6182, 1328, 3.368, 73.63, 2.50, 3.370, 73.61, 2.55, 0.004, 49.53, 54.47);
insert into SHOT values (6153, 6176, 6183, 1328, 4.328, 79.20, 4.12, 4.328, 79.18, 4.11, 0.001, 339.81, -48.12);
insert into SHOT values (6154, 6176, 6184, 1328, 4.668, 83.64, 0.74, 4.668, 83.73, 0.74, 0.007, 171.13, -2.20);
insert into SHOT values (6155, 6176, 6185, 1328, 4.961, 88.24, -0.73, 4.963, 88.27, -0.69, 0.005, 147.18, 44.73);
insert into SHOT values (6156, 6176, 6186, 1328, 3.947, 92.35, -2.53, 3.947, 92.33, -2.47, 0.004, 6.21, 71.66);
insert into SHOT values (6157, 6176, 6187, 1328, 3.964, 97.73, -5.73, 3.966, 97.72, -5.79, 0.005, 81.98, -69.00);
insert into SHOT values (6158, 6176, 6188, 1328, 4.201, 105.54, -8.78, 4.203, 105.64, -8.76, 0.008, 180.57, 8.85);
insert into SHOT values (6159, 6176, 6189, 1328, 4.189, 112.67, -9.58, 4.196, 112.60, -9.60, 0.009, 78.34, -18.30);
insert into SHOT values (6160, 6176, 6190, 1328, 4.168, 118.73, -10.74, 4.169, 118.76, -10.78, 0.004, 208.52, -56.99);
insert into SHOT values (6161, 6176, 6191, 1328, 4.474, 124.16, -7.50, 4.473, 124.16, -7.45, 0.004, 303.63, 79.32);
insert into SHOT values (6162, 6176, 6192, 1328, 6.137, 145.72, -5.70, 6.141, 145.74, -5.70, 0.004, 178.28, -6.22);
insert into SHOT values (6163, 6176, 6193, 1328, 5.734, 143.60, -6.30, 5.741, 143.55, -6.30, 0.008, 110.75, -5.54);
insert into SHOT values (6164, 6176, 6194, 1328, 5.001, 140.08, -5.96, 5.010, 140.05, -5.96, 0.010, 125.03, -4.33);
insert into SHOT values (6165, 6176, 6195, 1328, 4.995, 135.74, -5.92, 4.998, 135.73, -5.97, 0.006, 131.92, -57.97);
insert into SHOT values (6166, 6176, 6196, 1328, 5.093, 129.97, -6.70, 5.096, 129.95, -6.65, 0.005, 106.42, 51.23);
insert into SHOT values (6167, 6176, 6197, 1328, 4.401, 125.44, -5.93, 4.404, 125.43, -5.86, 0.006, 120.41, 49.87);
insert into SHOT values (6168, 6176, 6198, 1328, 2.737, 121.70, 26.68, 2.739, 121.81, 26.68, 0.005, 189.27, 11.75);
insert into SHOT values (6169, 6176, 6199, 1328, 1.668, 129.93, 43.31, 1.665, 129.99, 43.20, 0.004, 216.84, -72.68);
insert into SHOT values (6170, 6176, 6200, 1328, 1.166, 153.97, 83.04, 1.169, 151.70, 82.75, 0.009, 110.87, 16.87);
insert into SHOT values (6171, 6176, 6201, 1328, 4.301, 127.11, 15.88, 4.305, 127.15, 15.91, 0.005, 169.95, 35.89);
insert into SHOT values (6172, 6176, 6202, 1328, 3.335, 131.16, -26.92, 3.338, 131.19, -26.90, 0.003, 160.17, -1.64);
insert into SHOT values (6173, 6176, 6203, 1328, 4.808, 144.20, -30.46, 4.811, 144.13, -30.47, 0.006, 77.50, -25.40);
insert into SHOT values (6174, 6176, 6204, 1328, 2.936, 139.81, -43.24, 2.938, 139.92, -43.16, 0.006, 183.42, 12.00);
insert into SHOT values (6175, 6176, 6205, 1328, 1.460, 120.27, -46.03, 1.462, 120.09, -45.91, 0.005, 78.82, 9.47);
insert into SHOT values (6176, 6176, 6206, 1328, 5.569, 144.01, -2.06, 5.564, 143.85, -2.06, 0.016, 35.62, 0.67);
insert into SHOT values (6177, 6206, 6207, 1328, 1.006, 139.14, -23.36, 1.011, 138.93, -23.31, 0.006, 105.18, -10.58);
insert into SHOT values (6178, 6206, 6208, 1328, 1.286, 161.57, -26.50, 1.284, 161.25, -26.34, 0.007, 73.22, 31.00);
insert into SHOT values (6179, 6206, 6209, 1328, 1.366, 165.66, -11.66, 1.368, 165.76, -11.38, 0.007, 200.27, 55.64);
insert into SHOT values (6180, 6206, 6210, 1328, 1.707, 171.36, -7.03, 1.713, 171.20, -7.04, 0.007, 133.40, -8.33);
insert into SHOT values (6181, 6206, 6211, 1328, 2.014, 173.95, -3.79, 2.016, 173.72, -3.70, 0.009, 101.33, 20.84);
insert into SHOT values (6182, 6206, 6212, 1328, 2.623, 176.79, -0.90, 2.625, 176.72, -0.87, 0.003, 116.18, 20.07);
insert into SHOT values (6183, 6206, 6213, 1328, 5.835, 178.63, -1.31, 5.833, 178.62, -1.28, 0.004, 3.19, 62.09);
insert into SHOT values (6184, 6206, 6214, 1328, 5.839, 180.09, 0.95, 5.841, 180.10, 0.98, 0.004, 214.83, 55.36);
insert into SHOT values (6185, 6206, 6215, 1328, 5.700, 183.99, 0.72, 5.704, 183.92, 0.80, 0.011, 124.47, 48.21);
insert into SHOT values (6186, 6206, 6216, 1328, 6.007, 186.77, -0.21, 6.011, 186.69, -0.19, 0.009, 122.37, 12.50);
insert into SHOT values (6187, 6206, 6217, 1328, 3.193, 189.18, -1.08, 3.192, 189.20, -1.08, 0.002, 329.76, 5.71);
insert into SHOT values (6188, 6206, 6218, 1328, 2.226, 192.21, -1.91, 2.231, 192.17, -1.80, 0.007, 176.20, 37.11);
insert into SHOT values (6189, 6206, 6219, 1328, 1.517, 202.65, -2.30, 1.517, 202.50, -2.27, 0.004, 106.66, 13.09);
insert into SHOT values (6190, 6206, 6220, 1328, 1.017, 218.01, 2.09, 1.013, 217.78, 2.26, 0.007, 82.03, 26.46);
insert into SHOT values (6191, 6206, 6221, 1328, 0.865, 245.37, 6.24, 0.865, 245.22, 6.64, 0.006, 134.43, 69.28);
insert into SHOT values (6192, 6206, 6222, 1328, 0.860, 246.31, -9.24, 0.852, 246.18, -8.78, 0.011, 81.33, 47.67);
insert into SHOT values (6193, 6206, 6223, 1328, 1.312, 267.53, -14.03, 1.309, 267.30, -13.70, 0.010, 161.65, 56.59);
insert into SHOT values (6194, 6206, 6224, 1328, 1.894, 278.18, -15.55, 1.886, 278.22, -15.37, 0.010, 85.22, 51.54);
insert into SHOT values (6195, 6206, 6225, 1328, 2.599, 288.88, -17.44, 2.593, 288.87, -17.51, 0.007, 109.34, -9.20);
insert into SHOT values (6196, 6206, 6226, 1328, 4.600, 304.30, -18.06, 4.591, 304.45, -18.02, 0.015, 66.13, 23.06);
insert into SHOT values (6197, 6226, 6227, 1328, 3.470, 158.84, 25.52, 3.472, 158.84, 25.60, 0.005, 291.58, 82.87);
insert into SHOT values (6198, 6226, 6228, 1328, 3.506, 152.41, 24.86, 3.503, 152.47, 24.81, 0.005, 258.34, -47.58);
insert into SHOT values (6199, 6226, 6229, 1328, 3.637, 167.91, 24.48, 3.632, 167.94, 24.57, 0.008, 331.87, 21.33);
insert into SHOT values (6200, 6226, 6230, 1328, 3.759, 176.28, 22.70, 3.758, 176.36, 22.70, 0.005, 275.41, -6.72);
insert into SHOT values (6201, 6226, 6231, 1328, 3.901, 182.14, 20.11, 3.900, 182.19, 20.10, 0.004, 280.22, -19.55);
insert into SHOT values (6202, 6226, 6232, 1328, 2.650, 197.54, 17.69, 2.645, 197.57, 17.84, 0.009, 5.38, 32.71);
insert into SHOT values (6203, 6226, 6233, 1328, 1.904, 204.92, 21.11, 1.905, 204.98, 21.23, 0.005, 298.05, 65.62);
insert into SHOT values (6204, 6226, 6234, 1328, 1.547, 221.47, 20.32, 1.543, 221.63, 20.49, 0.008, 5.08, 21.32);
insert into SHOT values (6205, 6226, 6235, 1328, 1.563, 239.84, 20.84, 1.568, 240.11, 20.92, 0.009, 299.52, 25.96);
insert into SHOT values (6206, 6226, 6236, 1328, 1.370, 249.82, 24.35, 1.371, 249.82, 24.57, 0.005, 66.15, 72.51);
insert into SHOT values (6207, 6226, 6237, 1328, 1.078, 265.53, 25.26, 1.076, 265.87, 25.31, 0.006, 17.87, -0.10);
insert into SHOT values (6208, 6226, 6238, 1328, 1.429, 280.63, 17.09, 1.436, 280.49, 17.01, 0.008, 256.08, 0.40);
insert into SHOT values (6209, 6226, 6239, 1328, 1.681, 292.28, 12.33, 1.684, 292.51, 12.34, 0.008, 357.45, 7.87);
insert into SHOT values (6210, 6226, 6240, 1328, 2.173, 304.84, 7.43, 2.174, 304.80, 7.40, 0.002, 238.54, -31.50);
insert into SHOT values (6211, 6226, 6241, 1328, 3.070, 328.73, 2.56, 3.073, 328.59, 2.61, 0.008, 260.68, 19.89);
insert into SHOT values (6212, 6226, 6242, 1328, 2.729, 335.47, 6.52, 2.734, 335.42, 6.51, 0.005, 309.74, 1.30);
insert into SHOT values (6213, 6226, 6243, 1328, 2.164, 343.40, 19.86, 2.165, 343.44, 19.99, 0.005, 104.96, 71.06);
insert into SHOT values (6214, 6226, 6244, 1328, 1.826, 354.81, 32.58, 1.831, 354.81, 32.36, 0.008, 354.76, -22.97);
insert into SHOT values (6215, 6226, 6245, 1328, 1.720, 12.96, 43.15, 1.727, 12.82, 43.09, 0.008, 349.32, 26.98);
insert into SHOT values (6216, 6226, 6246, 1328, 1.631, 13.25, 44.67, 1.633, 12.96, 44.76, 0.007, 279.29, 29.96);
insert into SHOT values (6217, 6226, 6247, 1328, 6.190, 318.19, 7.02, 6.202, 318.36, 7.04, 0.022, 15.97, 9.02);
insert into SHOT values (6218, 6247, 6248, 1328, 5.572, 132.87, -6.85, 5.580, 132.88, -6.79, 0.009, 141.64, 28.82);
insert into SHOT values (6219, 6247, 6249, 1328, 4.636, 131.26, -9.12, 4.635, 131.28, -9.06, 0.005, 216.57, 67.96);
insert into SHOT values (6220, 6247, 6250, 1328, 3.977, 130.12, -11.06, 3.983, 130.12, -11.00, 0.008, 134.86, 22.19);
insert into SHOT values (6221, 6247, 6251, 1328, 2.788, 130.81, -7.46, 2.788, 130.89, -7.42, 0.005, 215.28, 24.94);
insert into SHOT values (6222, 6247, 6252, 1328, 2.348, 126.74, -11.95, 2.352, 126.87, -12.03, 0.007, 188.61, -32.09);
insert into SHOT values (6223, 6247, 6253, 1328, 1.514, 121.06, -14.42, 1.520, 121.10, -14.48, 0.006, 132.74, -29.43);
insert into SHOT values (6224, 6247, 6254, 1328, 1.155, 108.05, -22.34, 1.159, 107.93, -22.31, 0.004, 77.52, -12.74);
insert into SHOT values (6225, 6247, 6255, 1328, 0.753, 81.45, -25.30, 0.758, 81.63, -24.97, 0.007, 100.51, 14.59);
insert into SHOT values (6226, 6247, 6256, 1328, 1.319, 49.71, -24.55, 1.320, 50.07, -24.63, 0.008, 140.28, -14.42);
insert into SHOT values (6227, 6247, 6257, 1328, 1.774, 23.91, 3.17, 1.776, 23.96, 3.23, 0.003, 73.22, 39.40);
insert into SHOT values (6228, 6247, 6258, 1328, 1.934, 10.54, 10.18, 1.933, 10.60, 10.13, 0.003, 127.05, -36.84);
insert into SHOT values (6229, 6247, 6259, 1328, 1.698, 358.58, 11.41, 1.695, 358.62, 11.57, 0.006, 160.78, 44.50);
insert into SHOT values (6230, 6247, 6260, 1328, 2.641, 346.21, 18.11, 2.643, 346.18, 18.07, 0.003, 326.29, -19.23);
insert into SHOT values (6231, 6247, 6261, 1328, 2.730, 335.06, 20.50, 2.733, 335.04, 20.56, 0.004, 311.98, 61.72);
insert into SHOT values (6232, 6247, 6262, 1328, 3.564, 321.64, 24.32, 3.557, 321.64, 24.41, 0.009, 138.53, 14.45);
insert into SHOT values (6233, 6247, 6263, 1328, 3.877, 314.06, 28.20, 3.869, 314.05, 28.23, 0.008, 136.86, -14.40);
insert into SHOT values (6234, 6247, 6264, 1328, 4.202, 307.30, 32.31, 4.200, 307.32, 32.40, 0.007, 110.05, 36.06);
insert into SHOT values (6235, 6247, 6265, 1328, 3.809, 301.59, 32.23, 3.806, 301.67, 32.23, 0.005, 63.68, -14.91);
insert into SHOT values (6236, 6247, 6266, 1328, 2.977, 297.43, 32.53, 2.976, 297.28, 32.53, 0.007, 199.55, -7.56);
insert into SHOT values (6237, 6247, 6267, 1328, 2.333, 281.81, 38.58, 2.332, 281.74, 38.77, 0.008, 121.04, 40.09);
insert into SHOT values (6238, 6247, 6268, 1328, 1.815, 270.01, 36.45, 1.816, 270.00, 36.49, 0.002, 201.55, 84.58);
insert into SHOT values (6239, 6247, 6269, 1328, 1.460, 255.98, 35.41, 1.459, 255.85, 35.63, 0.006, 110.14, 40.32);
insert into SHOT values (6240, 6247, 6270, 1328, 1.159, 231.92, 33.41, 1.161, 231.71, 33.46, 0.004, 155.08, 27.03);
insert into SHOT values (6241, 6247, 6271, 1328, 1.020, 216.55, 24.43, 1.020, 216.25, 24.30, 0.005, 142.62, -20.59);
insert into SHOT values (6242, 6247, 6272, 1328, 1.012, 201.26, 13.43, 1.013, 200.83, 13.70, 0.009, 111.05, 34.03);
insert into SHOT values (6243, 6247, 6273, 1328, 1.137, 190.69, 10.03, 1.138, 190.81, 10.13, 0.003, 274.94, 39.40);
insert into SHOT values (6244, 6247, 6274, 1328, 1.283, 180.77, 6.26, 1.288, 180.45, 6.24, 0.009, 124.07, 0.68);
insert into SHOT values (6245, 6247, 6275, 1328, 2.180, 173.67, 6.98, 2.180, 173.63, 7.11, 0.005, 63.45, 74.41);
insert into SHOT values (6246, 6247, 6276, 1328, 2.251, 164.78, 5.53, 2.250, 164.72, 5.61, 0.004, 40.98, 50.82);
insert into SHOT values (6247, 6247, 6277, 1328, 2.400, 160.26, 5.69, 2.403, 160.20, 5.73, 0.004, 124.63, 27.62);
insert into SHOT values (6248, 6247, 6278, 1328, 3.405, 149.86, 2.78, 3.405, 149.82, 2.86, 0.005, 63.24, 64.19);
insert into SHOT values (6249, 6247, 6279, 1328, 1.445, 225.77, 48.78, 1.432, 225.43, 48.95, 0.015, 70.89, -28.08);
insert into SHOT values (6250, 6279, 6280, 1328, 2.517, 311.41, -11.37, 2.521, 311.23, -11.21, 0.011, 257.47, 33.42);
insert into SHOT values (6251, 6279, 6281, 1328, 3.139, 314.89, -11.99, 3.144, 314.87, -11.93, 0.006, 305.02, 20.94);
insert into SHOT values (6252, 6279, 6282, 1328, 4.182, 316.56, -12.16, 4.189, 316.48, -12.13, 0.009, 281.64, 5.77);
insert into SHOT values (6253, 6279, 6283, 1328, 5.292, 317.53, -11.50, 5.300, 317.50, -11.43, 0.011, 301.55, 27.51);
insert into SHOT values (6254, 6279, 6284, 1328, 2.038, 319.12, -5.69, 2.037, 319.00, -5.63, 0.005, 219.42, 26.40);
insert into SHOT values (6255, 6279, 6285, 1328, 3.806, 134.38, 48.32, 3.807, 134.52, 48.47, 0.012, 269.97, 39.51);
insert into SHOT values (6256, 6279, 6286, 1328, 2.672, 146.51, 85.86, 2.677, 147.99, 85.96, 0.008, 277.67, 37.37);
insert into SHOT values (6257, 6279, 6287, 1328, 2.717, 326.23, 67.70, 2.725, 326.00, 67.63, 0.010, 293.72, 39.65);
insert into SHOT values (6258, 6279, 6288, 1328, 3.784, 112.83, -30.56, 3.778, 112.78, -30.54, 0.006, 321.35, 37.35);
insert into SHOT values (6259, 6279, 6289, 1328, 2.427, 93.50, -49.00, 2.426, 93.60, -48.96, 0.003, 166.34, 29.28);
insert into SHOT values (6260, 6279, 6290, 1328, 1.759, 314.78, -20.05, 1.760, 314.51, -19.93, 0.009, 241.33, 20.91);
insert into SHOT values (6261, 6279, 6291, 1328, 4.948, 318.93, -19.79, 4.947, 318.92, -19.73, 0.005, 281.67, 79.12);
insert into SHOT values (6262, 6279, 6292, 1328, 3.040, 314.23, 58.93, 3.049, 314.23, 58.86, 0.010, 314.90, 37.12);
insert into SHOT values (6263, 6279, 6293, 1328, 3.171, 323.95, 54.46, 3.172, 323.81, 54.41, 0.005, 268.19, -3.03);
insert into SHOT values (6264, 6279, 6294, 1328, 5.671, 315.90, 55.54, 5.676, 316.01, 55.55, 0.008, 29.04, 31.86);
insert into SHOT values (6265, 6226, 6295, 1328, 3.856, 190.32, 18.05, 3.849, 190.39, 18.01, 0.009, 333.50, -31.48);
insert into SHOT values (6266, 6295, 6296, 1328, 0.824, 93.68, 2.71, 0.823, 94.18, 2.79, 0.007, 190.84, 8.04);
insert into SHOT values (6267, 6295, 6297, 1328, 0.486, 106.88, 6.62, 0.485, 106.93, 7.11, 0.004, 274.18, 63.56);
insert into SHOT values (6268, 6295, 6298, 1328, 0.627, 130.40, 14.88, 0.633, 131.01, 15.58, 0.012, 191.64, 50.38);
insert into SHOT values (6269, 6295, 6299, 1328, 1.028, 150.57, 8.95, 1.033, 150.67, 8.91, 0.006, 170.19, 0.72);
insert into SHOT values (6270, 6295, 6300, 1328, 1.444, 160.05, 10.53, 1.452, 159.91, 10.72, 0.010, 135.21, 38.01);
insert into SHOT values (6271, 6295, 6301, 1328, 1.375, 170.66, 17.40, 1.382, 170.82, 17.69, 0.011, 209.67, 55.18);
insert into SHOT values (6272, 6295, 6302, 1328, 1.174, 181.55, 22.37, 1.180, 181.58, 22.43, 0.006, 188.56, 33.64);
insert into SHOT values (6273, 6295, 6303, 1328, 1.280, 198.38, 25.75, 1.286, 198.12, 25.82, 0.008, 149.67, 29.80);
insert into SHOT values (6274, 6295, 6304, 1328, 1.502, 212.26, 26.79, 1.505, 211.91, 26.85, 0.009, 137.74, 19.99);
insert into SHOT values (6275, 6295, 6305, 1328, 1.879, 221.86, 22.11, 1.881, 221.74, 22.17, 0.005, 155.02, 36.55);
insert into SHOT values (6276, 6295, 6306, 1328, 4.492, 230.92, 4.97, 4.495, 230.80, 4.98, 0.009, 156.91, 5.12);
insert into SHOT values (6277, 6295, 6307, 1328, 4.610, 233.61, 3.76, 4.609, 233.58, 3.86, 0.008, 101.92, 69.26);
insert into SHOT values (6278, 6295, 6308, 1328, 2.875, 234.66, 4.39, 2.877, 234.65, 4.38, 0.002, 225.63, -1.55);
insert into SHOT values (6279, 6295, 6309, 1328, 2.013, 241.81, 4.82, 2.016, 241.78, 4.84, 0.003, 222.62, 15.34);
insert into SHOT values (6280, 6295, 6310, 1328, 1.193, 262.45, 16.26, 1.190, 262.44, 16.61, 0.008, 83.98, 48.00);
insert into SHOT values (6281, 6295, 6311, 1328, 0.518, 278.63, 17.42, 0.520, 278.13, 17.91, 0.007, 198.09, 48.60);
insert into SHOT values (6282, 6295, 6312, 1328, 0.440, 317.81, 8.88, 0.437, 317.82, 9.21, 0.004, 136.34, 35.92);
insert into SHOT values (6283, 6295, 6313, 1328, 0.712, 342.82, -11.67, 0.707, 342.35, -11.43, 0.008, 212.96, 28.72);
insert into SHOT values (6284, 6295, 6314, 1328, 1.909, 357.71, -18.66, 1.902, 357.77, -18.71, 0.008, 161.56, 5.92);
insert into SURVEY values (1330, 1229, 'PHLowerChamber', 'PHLowerChamber.pigeonHole.Cong', NULL);
 insert into CENTRELINE values (1331, 1330, NULL, NULL, NULL, 0.00, 0.00, 0.00);
 insert into SCRAPS values (1332, 1330, 'PHLowerChamberSP1', 1, 0.37311, 0.05318);
 insert into MAPS values (1340, 1330, 'PHLowerChamberM', NULL, 1, 7.064, -2.520);
 insert into MAPITEMS values (1340, 4, 1332);
 insert into CENTRELINE values (1341, 1330, NULL, '2013-09-11', NULL, 7.06, 0.00, 0.00);
 insert into TOPO values (1, 1341);
 insert into TOPO values (13, 1341);
 insert into TOPO values (10, 1341);
 insert into SHOT values (6285, 6315, 6316, 1341, 3.284, 149.68, -25.81, 3.286, 149.53, -25.80, 0.008, 75.41, -1.40);
insert into SHOT values (6286, 6316, 6317, 1341, 1.656, 347.35, -20.03, 1.646, 347.31, -19.89, 0.011, 174.10, 41.68);
insert into SHOT values (6287, 6316, 6318, 1341, 1.181, 355.85, -13.52, 1.175, 355.49, -13.28, 0.011, 232.37, 35.32);
insert into SHOT values (6288, 6316, 6319, 1341, 0.816, 11.37, -2.67, 0.816, 11.31, -2.11, 0.008, 323.86, 82.33);
insert into SHOT values (6289, 6316, 6320, 1341, 0.642, 37.67, 18.43, 0.641, 37.63, 19.11, 0.008, 225.55, 66.57);
insert into SHOT values (6290, 6316, 6321, 1341, 0.756, 63.69, 36.42, 0.753, 63.43, 36.70, 0.005, 273.51, 12.34);
insert into SHOT values (6291, 6316, 6322, 1341, 0.935, 82.08, 47.75, 0.939, 82.65, 48.23, 0.011, 201.74, 47.72);
insert into SHOT values (6292, 6316, 6323, 1341, 1.437, 102.14, 64.33, 1.438, 102.23, 64.72, 0.010, 275.76, 29.24);
insert into SHOT values (6293, 6316, 6324, 1341, 1.157, 173.67, 77.71, 1.157, 175.43, 77.49, 0.009, 233.93, -3.13);
insert into SHOT values (6294, 6316, 6325, 1341, 1.143, 226.75, 30.20, 1.148, 226.64, 30.36, 0.006, 189.53, 58.27);
insert into SHOT values (6295, 6316, 6326, 1341, 1.111, 257.76, 26.17, 1.116, 257.91, 26.05, 0.006, 284.75, 0.09);
insert into SHOT values (6296, 6316, 6327, 1341, 1.085, 285.08, 21.06, 1.086, 284.86, 21.04, 0.004, 214.68, 1.55);
insert into SHOT values (6297, 6316, 6328, 1341, 1.375, 312.18, -1.29, 1.374, 312.05, -1.25, 0.003, 203.15, 16.57);
insert into SHOT values (6298, 6316, 6329, 1341, 2.119, 322.71, -22.44, 2.115, 322.49, -22.51, 0.009, 202.18, -7.46);
insert into SHOT values (6299, 6316, 6330, 1341, 2.530, 332.68, -27.65, 2.528, 332.63, -27.57, 0.004, 231.71, 68.10);
insert into SHOT values (6300, 6316, 6331, 1341, 2.188, 337.34, 23.29, 2.188, 337.14, 23.43, 0.009, 231.09, 34.24);
insert into SHOT values (6301, 6316, 6332, 1341, 0.435, 328.23, 27.85, 0.437, 326.73, 28.75, 0.012, 226.98, 33.58);
insert into SHOT values (6302, 6316, 6333, 1341, 1.861, 324.28, 10.75, 1.860, 324.13, 10.85, 0.006, 209.70, 30.10);
insert into SHOT values (6303, 6316, 6334, 1341, 2.061, 330.47, 18.92, 2.056, 330.40, 19.02, 0.007, 170.42, 15.08);
insert into SHOT values (6304, 6316, 6335, 1341, 3.780, 338.34, -16.74, 3.778, 338.26, -16.77, 0.006, 221.84, -12.74);
insert into SHOT values (6305, 6335, 6336, 1341, 2.702, 168.88, 8.82, 2.702, 168.98, 8.94, 0.008, 268.68, 47.89);
insert into SHOT values (6306, 6335, 6337, 1341, 2.460, 172.33, 8.39, 2.458, 172.44, 8.42, 0.005, 290.58, 11.25);
insert into SHOT values (6307, 6335, 6338, 1341, 1.632, 174.33, 8.74, 1.627, 174.29, 8.84, 0.006, 5.71, 21.30);
insert into SHOT values (6308, 6335, 6339, 1341, 1.185, 177.47, 8.30, 1.185, 177.55, 8.74, 0.009, 307.96, 75.31);
insert into SHOT values (6309, 6335, 6340, 1341, 0.866, 192.34, 11.32, 0.866, 192.24, 11.32, 0.001, 107.73, 0.55);
insert into SHOT values (6310, 6335, 6341, 1341, 0.643, 210.17, 12.38, 0.643, 210.65, 12.57, 0.006, 304.22, 21.93);
insert into SHOT values (6311, 6335, 6342, 1341, 0.805, 237.30, 3.35, 0.806, 237.69, 3.56, 0.006, 318.06, 27.66);
insert into SHOT values (6312, 6335, 6343, 1341, 1.117, 242.27, 4.52, 1.122, 242.29, 4.60, 0.005, 247.78, 22.54);
insert into SHOT values (6313, 6335, 6344, 1341, 1.670, 242.27, 7.81, 1.667, 242.19, 7.93, 0.005, 90.52, 34.67);
insert into SHOT values (6314, 6335, 6345, 1341, 2.467, 245.13, 5.35, 2.467, 245.21, 5.35, 0.004, 333.13, -0.35);
insert into SHOT values (6315, 6335, 6346, 1341, 2.780, 248.95, 2.87, 2.780, 248.89, 2.89, 0.003, 155.49, 16.13);
insert into SHOT values (6316, 6335, 6347, 1341, 2.284, 251.75, -1.51, 2.284, 251.88, -1.51, 0.005, 341.89, 1.96);
insert into SHOT values (6317, 6335, 6348, 1341, 1.921, 256.32, -1.91, 1.924, 256.47, -1.79, 0.007, 312.61, 32.99);
insert into SHOT values (6318, 6335, 6349, 1341, 1.850, 263.83, -2.79, 1.853, 263.80, -2.78, 0.003, 246.52, 0.89);
insert into SHOT values (6319, 6335, 6350, 1341, 1.836, 273.27, -3.09, 1.836, 273.44, -2.81, 0.011, 3.64, 58.16);
insert into SHOT values (6320, 6335, 6351, 1341, 1.094, 276.97, -1.89, 1.098, 276.80, -1.57, 0.008, 240.83, 48.69);
insert into SHOT values (6321, 6335, 6352, 1341, 0.699, 288.90, 0.90, 0.699, 289.21, 1.64, 0.010, 18.85, 66.80);
insert into SHOT values (6322, 6335, 6353, 1341, 0.803, 309.54, 1.93, 0.803, 309.44, 2.14, 0.003, 230.59, 65.19);
insert into SHOT values (6323, 6335, 6354, 1341, 0.710, 331.69, 15.87, 0.709, 331.93, 16.39, 0.007, 107.43, 54.89);
insert into SHOT values (6324, 6335, 6355, 1341, 1.018, 342.15, 20.60, 1.021, 342.32, 20.65, 0.004, 35.88, 26.37);
insert into SHOT values (6325, 6335, 6356, 1341, 1.659, 346.08, 12.50, 1.657, 346.05, 12.55, 0.002, 186.70, 23.86);
insert into SHOT values (6326, 6335, 6357, 1341, 2.512, 351.75, 12.21, 2.514, 351.80, 12.40, 0.009, 84.07, 74.06);
insert into SHOT values (6327, 6335, 6358, 1341, 3.263, 358.80, 4.82, 3.263, 358.77, 4.92, 0.006, 246.00, 72.60);
insert into SHOT values (6328, 6335, 6359, 1341, 3.430, 3.49, 1.67, 3.428, 3.51, 1.67, 0.003, 144.98, 0.85);
insert into SHOT values (6329, 6335, 6360, 1341, 3.014, 7.97, -0.06, 3.019, 8.00, 0.00, 0.006, 24.48, 29.47);
insert into SHOT values (6330, 6335, 6361, 1341, 1.689, 10.03, 2.85, 1.688, 9.91, 3.06, 0.007, 252.62, 57.38);
insert into SHOT values (6331, 6335, 6362, 1341, 1.146, 28.28, 7.27, 1.146, 28.37, 7.52, 0.005, 127.57, 69.37);
insert into SHOT values (6332, 6335, 6363, 1341, 0.987, 49.45, 8.27, 0.990, 49.14, 8.72, 0.010, 336.89, 56.13);
insert into SHOT values (6333, 6335, 6364, 1341, 0.850, 78.94, 14.93, 0.854, 78.83, 14.92, 0.005, 58.95, 12.29);
insert into SHOT values (6334, 6335, 6365, 1341, 1.078, 103.82, 10.75, 1.081, 103.64, 11.21, 0.010, 28.19, 69.71);
insert into SHOT values (6335, 6335, 6366, 1341, 1.394, 122.77, 8.54, 1.397, 122.88, 8.64, 0.005, 168.53, 36.77);
insert into SHOT values (6336, 6335, 6367, 1341, 1.848, 145.41, 12.47, 1.841, 145.43, 12.55, 0.007, 320.25, 7.85);
insert into SHOT values (6337, 6335, 6368, 1341, 2.530, 151.58, 4.90, 2.533, 151.61, 4.98, 0.005, 177.59, 51.20);
insert into SHOT values (6338, 6335, 6369, 1341, 2.190, 155.64, 4.98, 2.192, 155.66, 4.97, 0.003, 180.94, -2.44);
insert into SHOT values (6339, 6335, 6370, 1341, 2.538, 161.53, 1.83, 2.541, 161.64, 2.03, 0.011, 223.58, 58.20);
insert into SHOT values (6340, 6335, 6371, 1341, 2.736, 167.76, 0.61, 2.732, 167.74, 0.63, 0.004, 356.59, 13.55);
insert into SHOT values (6341, 6335, 6372, 1341, 1.041, 153.43, 56.23, 1.046, 153.43, 56.25, 0.005, 155.38, 59.55);
insert into SHOT values (6342, 6335, 6373, 1341, 1.323, 348.72, 72.29, 1.334, 348.69, 72.19, 0.011, 346.80, 60.58);
insert into SHOT values (6343, 6335, 6374, 1341, 1.431, 350.70, 33.69, 1.438, 350.85, 33.80, 0.008, 26.59, 48.07);
insert into SHOT values (6344, 6335, 6375, 1341, 0.484, 310.52, -29.02, 0.483, 311.19, -28.41, 0.007, 19.18, 41.93);
insert into SHOT values (6345, 6335, 6376, 1341, 0.709, 24.25, -22.48, 0.711, 24.23, -22.31, 0.003, 20.05, 21.11);
insert into SURVEY values (1343, 1229, 'PHLowerChamberB', 'PHLowerChamberB.pigeonHole.Cong', NULL);
 insert into CENTRELINE values (1344, 1343, NULL, NULL, NULL, 0.00, 0.00, 0.00);
 insert into SCRAPS values (1345, 1343, 'PHLowerChamberBSP1', 1, 2.96394, 0.09838);
 insert into MAPS values (1352, 1343, 'PHLowerChamberBM', NULL, 1, 7.039, -1.440);
 insert into MAPITEMS values (1352, 4, 1345);
 insert into CENTRELINE values (1353, 1343, NULL, '2013-09-11', NULL, 7.04, 0.00, 0.00);
 insert into TOPO values (1, 1353);
 insert into TOPO values (13, 1353);
 insert into TOPO values (10, 1353);
 insert into SHOT values (6346, 6377, 6378, 1353, 4.488, 125.33, -8.80, 4.493, 125.37, -8.83, 0.007, 165.21, -30.98);
insert into SHOT values (6347, 6378, 6379, 1353, 0.490, 17.02, -19.18, 0.489, 17.65, -19.11, 0.005, 119.09, 10.65);
insert into SHOT values (6348, 6378, 6380, 1353, 0.833, 27.56, -14.47, 0.838, 27.82, -13.80, 0.012, 54.38, 43.95);
insert into SHOT values (6349, 6378, 6381, 1353, 1.389, 27.78, -5.78, 1.398, 27.85, -5.75, 0.009, 39.45, -0.70);
insert into SHOT values (6350, 6378, 6382, 1353, 1.664, 29.59, -2.31, 1.667, 29.49, -2.06, 0.008, 347.81, 59.12);
insert into SHOT values (6351, 6378, 6383, 1353, 2.374, 30.75, -1.28, 2.377, 30.88, -1.21, 0.007, 88.37, 24.52);
insert into SHOT values (6352, 6378, 6384, 1353, 1.836, 50.55, -3.40, 1.843, 50.51, -3.42, 0.007, 42.27, -8.76);
insert into SHOT values (6353, 6378, 6385, 1353, 1.330, 52.11, -5.09, 1.337, 52.01, -4.72, 0.011, 35.86, 45.69);
insert into SHOT values (6354, 6378, 6386, 1353, 0.967, 53.68, -7.30, 0.966, 53.49, -7.14, 0.004, 303.50, 40.78);
insert into SHOT values (6355, 6378, 6387, 1353, 0.690, 56.11, -10.69, 0.687, 55.84, -10.05, 0.009, 303.97, 67.04);
insert into SHOT values (6356, 6378, 6388, 1353, 0.229, 67.73, -12.62, 0.234, 66.80, -12.34, 0.006, 31.20, 0.30);
insert into SHOT values (6357, 6378, 6389, 1353, 0.379, 9.88, -22.63, 0.382, 9.73, -21.52, 0.008, 0.01, 47.39);
insert into SHOT values (6358, 6378, 6390, 1353, 2.813, 41.81, -16.01, 2.813, 41.70, -15.89, 0.008, 331.53, 48.80);
insert into SHOT values (6359, 6378, 6391, 1353, 2.551, 32.14, -17.24, 2.557, 32.13, -17.06, 0.010, 30.24, 37.19);
insert into SHOT values (6360, 6391, 6392, 1353, 3.634, 2.35, -22.28, 3.635, 2.39, -22.31, 0.003, 86.98, -43.29);
insert into SHOT values (6361, 6391, 6393, 1353, 2.846, 4.66, -22.15, 2.842, 4.58, -22.34, 0.011, 208.59, -40.08);
insert into SHOT values (6362, 6391, 6394, 1353, 1.561, 9.35, -19.34, 1.559, 9.40, -19.48, 0.005, 166.45, -41.31);
insert into SHOT values (6363, 6391, 6395, 1353, 1.034, 19.64, -13.08, 1.028, 19.89, -13.50, 0.011, 169.79, -34.44);
insert into SHOT values (6364, 6391, 6396, 1353, 0.531, 45.20, -1.62, 0.524, 45.00, -2.19, 0.009, 238.55, -32.80);
insert into SHOT values (6365, 6391, 6397, 1353, 0.492, 106.11, 9.12, 0.487, 106.93, 9.45, 0.009, 232.04, 13.32);
insert into SHOT values (6366, 6391, 6398, 1353, 0.825, 129.91, 7.80, 0.831, 130.07, 7.61, 0.007, 152.00, -17.11);
insert into SHOT values (6367, 6391, 6399, 1353, 1.863, 356.73, -22.41, 1.863, 356.67, -22.40, 0.002, 287.24, 7.83);
insert into SHOT values (6368, 6391, 6400, 1353, 1.702, 342.07, -31.06, 1.697, 341.94, -31.23, 0.007, 188.38, -14.59);
insert into SHOT values (6369, 6391, 6401, 1353, 0.942, 331.35, -41.10, 0.940, 331.26, -41.24, 0.003, 172.35, -14.33);
insert into SHOT values (6370, 6391, 6402, 1353, 0.645, 138.18, -13.09, 0.648, 138.22, -13.39, 0.004, 150.05, -61.56);
insert into SHOT values (6371, 6391, 6403, 1353, 2.112, 139.87, -7.07, 2.117, 140.02, -7.05, 0.008, 187.54, -0.38);
insert into SHOT values (6372, 6391, 6404, 1353, 3.171, 140.89, -4.56, 3.174, 141.03, -4.52, 0.009, 209.16, 13.87);
insert into SHOT values (6373, 6391, 6405, 1353, 3.475, 142.28, -3.81, 3.480, 142.37, -3.79, 0.008, 191.49, 6.78);
insert into SHOT values (6374, 6391, 6406, 1353, 3.596, 142.99, -0.14, 3.600, 143.13, -0.16, 0.010, 209.19, -6.98);
insert into SHOT values (6375, 6391, 6407, 1353, 4.884, 144.66, -1.72, 4.888, 144.75, -1.76, 0.010, 207.02, -20.87);
insert into SHOT values (6376, 6391, 6408, 1353, 5.577, 147.08, -3.56, 5.581, 147.17, -3.60, 0.010, 214.92, -21.39);
insert into SHOT values (6377, 6391, 6409, 1353, 7.157, 149.36, -10.40, 7.161, 149.36, -10.38, 0.005, 151.60, 25.51);
insert into SHOT values (6378, 6391, 6410, 1353, 14.447, 150.48, -10.65, 14.448, 150.51, -10.65, 0.009, 230.60, -0.42);
insert into SHOT values (6379, 6391, 6411, 1353, 2.278, 152.18, -14.93, 2.283, 152.16, -14.98, 0.005, 142.31, -35.92);
insert into SHOT values (6380, 6391, 6412, 1353, 1.657, 158.01, -21.56, 1.659, 157.92, -21.57, 0.003, 110.94, -19.70);
insert into SHOT values (6381, 6391, 6413, 1353, 1.254, 166.99, -31.80, 1.255, 167.01, -31.73, 0.002, 180.09, 26.50);
insert into SHOT values (6382, 6391, 6414, 1353, 1.060, 173.53, -40.04, 1.061, 173.66, -39.84, 0.004, 202.44, 25.98);
insert into SURVEY values (1355, 1229, 'PHEndPassage', 'PHEndPassage.pigeonHole.Cong', NULL);
 insert into CENTRELINE values (1356, 1355, NULL, NULL, NULL, 0.00, 0.00, 0.00);
 insert into SCRAPS values (1357, 1355, 'PHEndPassageSP1', 1, 4.55788, 0.06523);
 insert into MAPS values (1366, 1355, 'PHEndPassageM', NULL, 1, 19.090, -3.730);
 insert into MAPITEMS values (1366, 4, 1357);
 insert into CENTRELINE values (1367, 1355, NULL, '2013-09-11', NULL, 19.09, 0.00, 0.00);
 insert into TOPO values (1, 1367);
 insert into TOPO values (13, 1367);
 insert into TOPO values (10, 1367);
 insert into SHOT values (6383, 6415, 6416, 1367, 4.431, 302.77, 48.95, 4.430, 302.65, 48.94, 0.006, 212.36, -15.34);
insert into SHOT values (6384, 6416, 6417, 1367, 4.392, 120.57, -49.06, 4.394, 120.49, -49.08, 0.005, 29.21, -29.76);
insert into SHOT values (6385, 6416, 6418, 1367, 4.406, 120.51, -49.20, 4.409, 120.49, -49.25, 0.005, 342.35, -72.12);
insert into SHOT values (6386, 6416, 6419, 1367, 4.081, 159.51, -5.03, 4.082, 159.56, -5.06, 0.004, 238.61, -29.46);
insert into SHOT values (6387, 6419, 6420, 1367, 4.488, 334.76, 1.79, 4.489, 334.81, 1.79, 0.004, 50.06, -2.67);
insert into SHOT values (6388, 6419, 6421, 1367, 4.145, 333.08, 0.46, 4.146, 333.19, 0.41, 0.009, 57.19, -21.93);
insert into SHOT values (6389, 6419, 6422, 1367, 3.515, 328.46, 0.88, 3.514, 328.62, 0.82, 0.011, 61.35, -21.95);
insert into SHOT values (6390, 6419, 6423, 1367, 2.867, 321.59, 0.38, 2.869, 321.65, 0.40, 0.004, 20.32, 14.24);
insert into SHOT values (6391, 6419, 6424, 1367, 2.349, 311.45, -0.61, 2.352, 311.55, -0.73, 0.007, 7.25, -43.28);
insert into SHOT values (6392, 6419, 6425, 1367, 1.937, 295.13, 1.24, 1.933, 295.11, 1.19, 0.004, 124.49, -25.55);
insert into SHOT values (6393, 6419, 6426, 1367, 1.828, 280.35, 5.59, 1.819, 280.50, 5.68, 0.010, 71.40, 10.68);
insert into SHOT values (6394, 6419, 6427, 1367, 1.893, 250.47, 12.39, 1.892, 250.39, 12.51, 0.005, 125.54, 51.35);
insert into SHOT values (6395, 6419, 6428, 1367, 1.974, 231.52, 20.33, 1.968, 231.39, 20.53, 0.010, 78.04, 24.55);
insert into SHOT values (6396, 6419, 6429, 1367, 1.844, 215.12, 21.27, 1.836, 214.99, 21.41, 0.010, 56.40, 5.98);
insert into SHOT values (6397, 6419, 6430, 1367, 2.129, 197.91, 22.13, 2.121, 197.79, 22.16, 0.009, 43.72, -12.37);
insert into SHOT values (6398, 6419, 6431, 1367, 2.792, 177.07, 16.76, 2.794, 177.00, 16.85, 0.006, 91.93, 57.19);
insert into SHOT values (6399, 6419, 6432, 1367, 3.218, 168.76, 16.97, 3.219, 168.76, 16.98, 0.001, 187.59, 32.12);
insert into SHOT values (6400, 6419, 6433, 1367, 3.253, 161.73, 13.44, 3.252, 161.57, 13.51, 0.010, 61.20, 23.46);
insert into SHOT values (6401, 6419, 6434, 1367, 4.974, 160.63, 12.81, 4.969, 160.59, 12.79, 0.006, 10.34, -26.66);
insert into SHOT values (6402, 6419, 6435, 1367, 5.138, 158.33, 11.52, 5.140, 158.33, 11.56, 0.004, 156.93, 67.96);
insert into SHOT values (6403, 6419, 6436, 1367, 5.888, 155.72, 9.51, 5.885, 155.69, 9.49, 0.005, 28.46, -37.28);
insert into SHOT values (6404, 6419, 6437, 1367, 5.280, 107.77, 7.21, 5.282, 107.78, 7.18, 0.004, 137.08, -49.54);
insert into SHOT values (6405, 6419, 6438, 1367, 3.965, 104.57, 6.27, 3.970, 104.53, 6.22, 0.006, 77.46, -28.77);
insert into SHOT values (6406, 6419, 6439, 1367, 3.348, 95.11, 1.35, 3.354, 95.13, 1.37, 0.007, 108.91, 9.70);
insert into SHOT values (6407, 6419, 6440, 1367, 2.144, 78.53, 4.52, 2.150, 78.43, 4.53, 0.007, 48.12, 8.17);
insert into SHOT values (6408, 6419, 6441, 1367, 1.725, 55.58, 6.56, 1.731, 55.66, 6.63, 0.007, 79.26, 24.19);
insert into SHOT values (6409, 6419, 6442, 1367, 1.777, 29.80, 6.53, 1.776, 29.91, 6.46, 0.004, 127.41, -31.36);
insert into SHOT values (6410, 6419, 6443, 1367, 1.997, 12.88, 2.99, 2.004, 12.99, 2.86, 0.009, 43.67, -27.20);
insert into SHOT values (6411, 6419, 6444, 1367, 2.856, 2.07, 6.76, 2.862, 2.22, 6.82, 0.010, 53.73, 21.62);
insert into SHOT values (6412, 6419, 6445, 1367, 3.462, 353.02, 5.04, 3.467, 353.18, 4.96, 0.012, 53.24, -19.56);
insert into SHOT values (6413, 6419, 6446, 1367, 3.942, 343.47, 3.99, 3.939, 343.59, 3.93, 0.010, 88.99, -25.19);
insert into SHOT values (6414, 6419, 6447, 1367, 4.313, 338.05, 3.10, 4.318, 338.08, 3.05, 0.006, 1.25, -29.97);
insert into SHOT values (6415, 6419, 6448, 1367, 3.147, 339.96, -12.85, 3.144, 339.97, -12.86, 0.003, 145.55, -2.20);
insert into SHOT values (6416, 6419, 6449, 1367, 2.973, 346.56, -12.93, 2.975, 346.63, -13.02, 0.006, 64.17, -49.25);
insert into SHOT values (6417, 6419, 6450, 1367, 3.884, 346.16, -13.38, 3.884, 346.22, -13.40, 0.004, 73.96, -15.66);
insert into SHOT values (6418, 6419, 6451, 1367, 0.686, 290.52, 84.76, 0.682, 291.80, 85.47, 0.009, 102.71, -19.40);
insert into SHOT values (6419, 6419, 6452, 1367, 4.577, 116.62, 9.43, 4.579, 116.57, 9.43, 0.004, 49.72, 1.22);
insert into SHOT values (6420, 6452, 6453, 1367, 0.469, 40.31, 4.15, 0.470, 39.81, 3.66, 0.006, 321.73, -43.35);
insert into SHOT values (6421, 6452, 6454, 1367, 0.886, 43.63, -7.65, 0.892, 43.63, -7.73, 0.006, 43.53, -18.83);
insert into SHOT values (6422, 6452, 6455, 1367, 1.101, 44.83, -28.83, 1.098, 45.00, -28.86, 0.004, 179.34, 12.59);
insert into SHOT values (6423, 6452, 6456, 1367, 0.959, 49.47, -48.28, 0.963, 50.08, -48.42, 0.008, 133.93, -31.40);
insert into SHOT values (6424, 6452, 6457, 1367, 0.893, 66.29, -77.15, 0.892, 66.04, -77.24, 0.002, 273.96, 19.07);
insert into SHOT values (6425, 6452, 6458, 1367, 0.888, 189.72, -63.21, 0.884, 190.18, -63.36, 0.006, 331.39, 27.65);
insert into SHOT values (6426, 6452, 6459, 1367, 1.139, 199.05, -45.25, 1.141, 198.89, -45.24, 0.003, 140.46, -22.73);
insert into SHOT values (6427, 6452, 6460, 1367, 1.501, 198.40, -29.06, 1.504, 198.16, -29.03, 0.007, 141.00, -8.19);
insert into SHOT values (6428, 6452, 6461, 1367, 2.177, 198.56, -19.95, 2.176, 198.52, -19.88, 0.003, 91.03, 66.59);
insert into SHOT values (6429, 6452, 6462, 1367, 2.668, 195.39, -3.44, 2.671, 195.44, -3.43, 0.004, 236.55, 1.24);
insert into SHOT values (6430, 6452, 6463, 1367, 4.096, 193.43, 1.34, 4.093, 193.42, 1.40, 0.005, 14.57, 53.91);
insert into SHOT values (6431, 6452, 6464, 1367, 1.101, 197.45, 2.86, 1.102, 197.45, 2.60, 0.005, 198.98, -78.46);
insert into SHOT values (6432, 6452, 6465, 1367, 0.397, 204.04, 15.19, 0.394, 203.20, 14.71, 0.007, 90.86, -33.61);
insert into SHOT values (6433, 6452, 6466, 1367, 0.936, 355.04, -16.13, 0.940, 354.92, -16.05, 0.005, 332.54, 0.45);
insert into SHOT values (6434, 6452, 6467, 1367, 0.926, 28.44, -13.37, 0.924, 28.56, -13.14, 0.005, 155.35, 59.49);
insert into SHOT values (6435, 6452, 6468, 1367, 1.057, 63.71, -10.63, 1.057, 63.68, -10.91, 0.005, 261.90, -74.58);
insert into SHOT values (6436, 6452, 6469, 1367, 1.651, 90.64, -5.91, 1.649, 90.70, -5.92, 0.003, 230.07, -0.06);
insert into SHOT values (6437, 6452, 6470, 1367, 2.759, 108.35, -2.80, 2.764, 108.37, -2.70, 0.007, 121.21, 43.17);
insert into SHOT values (6438, 6452, 6471, 1367, 2.316, 121.40, -2.00, 2.322, 121.43, -1.97, 0.006, 134.53, 7.82);
insert into SHOT values (6439, 6452, 6472, 1367, 3.694, 125.80, -2.03, 3.699, 125.75, -2.01, 0.006, 97.49, 8.50);
insert into SHOT values (6440, 6452, 6473, 1367, 5.077, 137.00, 1.41, 5.074, 137.00, 1.36, 0.005, 314.56, -63.77);
insert into SHOT values (6441, 6452, 6474, 1367, 4.819, 148.11, 1.15, 4.821, 148.06, 1.19, 0.006, 81.85, 36.56);
insert into SHOT values (6442, 6452, 6475, 1367, 5.141, 159.57, 2.37, 5.137, 159.59, 2.34, 0.005, 315.21, -28.60);
insert into SHOT values (6443, 6452, 6476, 1367, 4.623, 167.55, 1.67, 4.621, 167.50, 1.61, 0.006, 56.19, -48.87);
insert into SHOT values (6444, 6452, 6477, 1367, 4.228, 172.53, 2.47, 4.230, 172.52, 2.44, 0.003, 163.66, -49.41);
insert into SHOT values (6445, 6452, 6478, 1367, 3.964, 184.72, 3.20, 3.959, 184.64, 3.19, 0.007, 50.61, -10.38);
insert into SHOT values (6446, 6452, 6479, 1367, 4.158, 203.00, 2.50, 4.153, 202.98, 2.48, 0.005, 35.74, -15.77);
insert into SHOT values (6447, 6452, 6480, 1367, 3.438, 214.74, 1.00, 3.443, 214.71, 1.00, 0.005, 194.77, -0.01);
insert into SHOT values (6448, 6452, 6481, 1367, 3.430, 230.22, 0.90, 3.423, 230.22, 0.84, 0.008, 50.18, -28.46);
insert into SHOT values (6449, 6452, 6482, 1367, 3.282, 247.04, 1.27, 3.281, 247.03, 1.22, 0.003, 81.25, -66.92);
insert into SHOT values (6450, 6452, 6483, 1367, 0.480, 254.11, 0.48, 0.478, 254.22, 0.00, 0.005, 48.41, -61.50);
insert into SHOT values (6451, 6452, 6484, 1367, 4.124, 108.27, -17.19, 4.125, 108.34, -17.20, 0.005, 193.76, -12.57);
insert into SHOT values (6452, 6452, 6485, 1367, 4.390, 121.91, -13.29, 4.394, 121.91, -13.29, 0.004, 122.11, -12.92);
insert into SHOT values (6453, 6452, 6486, 1367, 1.571, 79.37, -14.07, 1.573, 79.43, -13.98, 0.003, 117.76, 36.44);
insert into SHOT values (6454, 6452, 6487, 1367, 2.285, 99.06, -7.47, 2.288, 99.13, -7.53, 0.005, 142.27, -34.30);
insert into SHOT values (6455, 6452, 6488, 1367, 6.001, 119.53, -14.69, 6.018, 119.95, -14.43, 0.054, 181.15, 23.84);
insert into SURVEY values (1369, 1229, 'PHEndPassageB', 'PHEndPassageB.pigeonHole.Cong', NULL);
 insert into CENTRELINE values (1370, 1369, NULL, NULL, NULL, 0.00, 0.00, 0.00);
 insert into SCRAPS values (1371, 1369, 'PHEndPassageBSP1', 1, 100.00000, 1.18992);
 insert into SCRAPS values (1405, 1369, 'PHEndPassageBSP2', 1, 0.00000, 0.00000);
 insert into MAPS values (1407, 1369, 'PHEndPassageBM', NULL, 1, 113.399, -5.060);
 insert into MAPITEMS values (1407, 4, 1371);
 insert into CENTRELINE values (1408, 1369, NULL, '2013-09-16', NULL, 113.40, 0.00, 0.00);
 insert into TOPO values (1, 1408);
 insert into TOPO values (13, 1408);
 insert into TOPO values (6, 1408);
 insert into TOPO values (10, 1408);
 insert into SHOT values (6456, 6489, 6490, 1408, 6.039, 120.31, -14.19, 6.018, 119.95, -14.43, 0.049, 354.21, -23.62);
insert into SHOT values (6457, 6490, 6491, 1408, 4.034, 313.44, 9.32, 4.035, 313.47, 9.27, 0.004, 9.19, -47.94);
insert into SHOT values (6458, 6490, 6492, 1408, 3.384, 314.51, 8.14, 3.379, 314.64, 8.17, 0.009, 79.47, 5.33);
insert into SHOT values (6459, 6490, 6493, 1408, 2.764, 316.69, 7.55, 2.768, 316.77, 7.47, 0.007, 356.07, -26.79);
insert into SHOT values (6460, 6490, 6494, 1408, 2.274, 319.76, 6.03, 2.276, 319.84, 6.05, 0.004, 13.37, 15.99);
insert into SHOT values (6461, 6490, 6495, 1408, 1.940, 323.67, 5.29, 1.941, 323.84, 5.32, 0.006, 49.73, 10.99);
insert into SHOT values (6462, 6490, 6496, 1408, 2.084, 332.28, 3.08, 2.078, 332.45, 3.03, 0.009, 104.87, -13.37);
insert into SHOT values (6463, 6490, 6497, 1408, 1.794, 337.98, 0.45, 1.799, 338.14, 0.32, 0.008, 20.91, -28.85);
insert into SHOT values (6464, 6490, 6498, 1408, 1.365, 344.20, -0.04, 1.371, 344.34, 0.00, 0.007, 14.47, 7.98);
insert into SHOT values (6465, 6490, 6499, 1408, 1.084, 355.58, -2.48, 1.084, 355.76, -2.64, 0.005, 86.09, -41.48);
insert into SHOT values (6466, 6490, 6500, 1408, 0.834, 11.47, -8.35, 0.836, 11.85, -8.25, 0.006, 77.50, 10.38);
insert into SHOT values (6467, 6490, 6501, 1408, 0.781, 52.11, -23.63, 0.784, 52.33, -23.29, 0.006, 84.09, 29.61);
insert into SHOT values (6468, 6490, 6502, 1408, 1.264, 85.90, -26.04, 1.273, 85.99, -26.11, 0.009, 99.67, -34.88);
insert into SHOT values (6469, 6490, 6503, 1408, 1.813, 101.41, -24.03, 1.820, 101.45, -23.99, 0.007, 109.81, -13.30);
insert into SHOT values (6470, 6490, 6504, 1408, 2.000, 106.81, -19.91, 1.998, 106.70, -19.89, 0.004, 358.20, 16.05);
insert into SHOT values (6471, 6490, 6505, 1408, 1.702, 110.59, -24.02, 1.703, 110.30, -23.91, 0.009, 35.00, 18.99);
insert into SHOT values (6472, 6490, 6506, 1408, 1.191, 133.10, -32.57, 1.191, 132.58, -32.49, 0.009, 50.93, 7.15);
insert into SHOT values (6473, 6490, 6507, 1408, 1.450, 143.33, -30.55, 1.453, 143.13, -30.63, 0.005, 69.72, -33.45);
insert into SHOT values (6474, 6490, 6508, 1408, 1.670, 150.99, -29.89, 1.668, 150.60, -29.85, 0.010, 51.60, 12.57);
insert into SHOT values (6475, 6490, 6509, 1408, 1.979, 154.95, -29.45, 1.977, 154.92, -29.39, 0.003, 14.55, 68.09);
insert into SHOT values (6476, 6490, 6510, 1408, 2.613, 158.28, -26.48, 2.614, 158.15, -26.59, 0.007, 57.53, -43.27);
insert into SHOT values (6477, 6490, 6511, 1408, 3.259, 162.23, -28.10, 3.264, 162.19, -28.15, 0.006, 132.69, -55.31);
insert into SHOT values (6478, 6490, 6512, 1408, 3.795, 164.17, -27.98, 3.793, 164.05, -27.99, 0.007, 53.09, 3.81);
insert into SHOT values (6479, 6490, 6513, 1408, 4.109, 165.18, -28.17, 4.108, 165.12, -28.18, 0.004, 62.40, -2.78);
insert into SHOT values (6480, 6490, 6514, 1408, 3.485, 105.44, -38.17, 3.492, 105.26, -38.41, 0.019, 354.03, -59.99);
insert into SHOT values (6481, 6490, 6515, 1408, 2.861, 298.19, 9.48, 2.858, 298.38, 9.47, 0.010, 45.99, -6.89);
insert into SHOT values (6482, 6490, 6516, 1408, 2.439, 295.04, 6.71, 2.436, 295.19, 6.60, 0.008, 44.00, -36.62);
insert into SHOT values (6483, 6490, 6517, 1408, 2.021, 291.18, 5.31, 2.016, 291.32, 5.41, 0.008, 64.94, 22.74);
insert into SHOT values (6484, 6490, 6518, 1408, 1.502, 284.21, 2.40, 1.498, 284.31, 2.30, 0.006, 70.86, -29.82);
insert into SHOT values (6485, 6490, 6519, 1408, 1.214, 272.67, -2.60, 1.213, 272.84, -2.84, 0.006, 22.07, -52.23);
insert into SHOT values (6486, 6490, 6520, 1408, 1.215, 262.91, -6.52, 1.208, 262.82, -6.66, 0.008, 97.01, -14.34);
insert into SHOT values (6487, 6490, 6521, 1408, 1.305, 247.31, -9.84, 1.296, 247.45, -9.77, 0.009, 46.16, 19.15);
insert into SHOT values (6488, 6490, 6522, 1408, 1.498, 232.66, -14.19, 1.495, 232.58, -14.33, 0.005, 78.85, -30.57);
insert into SHOT values (6489, 6490, 6523, 1408, 1.723, 222.76, -12.13, 1.715, 222.83, -12.12, 0.008, 28.11, 14.88);
insert into SHOT values (6490, 6490, 6524, 1408, 3.400, 207.72, -17.78, 3.407, 207.51, -17.60, 0.017, 157.06, 28.56);
insert into SHOT values (6491, 6524, 6525, 1408, 1.677, 9.91, 17.34, 1.681, 10.05, 17.31, 0.006, 55.78, 1.92);
insert into SHOT values (6492, 6524, 6526, 1408, 1.567, 355.85, 18.92, 1.569, 356.13, 18.97, 0.008, 78.03, 14.29);
insert into SHOT values (6493, 6524, 6527, 1408, 1.504, 340.45, 21.91, 1.506, 340.79, 21.83, 0.009, 53.86, -8.03);
insert into SHOT values (6494, 6524, 6528, 1408, 1.647, 319.86, 24.62, 1.649, 320.15, 24.73, 0.008, 44.22, 27.12);
insert into SHOT values (6495, 6524, 6529, 1408, 1.929, 306.51, 25.94, 1.933, 306.80, 26.09, 0.011, 28.12, 34.41);
insert into SHOT values (6496, 6524, 6530, 1408, 2.257, 296.47, 21.76, 2.255, 296.69, 21.87, 0.009, 48.44, 20.85);
insert into SHOT values (6497, 6524, 6531, 1408, 1.803, 290.87, 22.40, 1.800, 291.16, 22.55, 0.010, 50.85, 16.63);
insert into SHOT values (6498, 6524, 6532, 1408, 1.218, 281.53, 27.63, 1.215, 281.83, 27.98, 0.010, 59.39, 31.11);
insert into SHOT values (6499, 6524, 6533, 1408, 0.929, 271.36, 36.28, 0.930, 271.53, 36.24, 0.003, 329.72, 6.17);
insert into SHOT values (6500, 6524, 6534, 1408, 0.587, 225.38, 40.86, 0.587, 225.00, 41.66, 0.009, 72.90, 43.64);
insert into SHOT values (6501, 6524, 6535, 1408, 0.752, 180.34, 42.38, 0.750, 180.00, 42.84, 0.007, 30.88, 26.01);
insert into SHOT values (6502, 6524, 6536, 1408, 2.744, 277.67, -3.30, 2.740, 277.77, -3.35, 0.007, 48.07, -17.08);
insert into SHOT values (6503, 6524, 6537, 1408, 2.868, 270.36, -6.15, 2.867, 270.40, -6.21, 0.004, 33.64, -46.60);
insert into SHOT values (6504, 6524, 6538, 1408, 2.827, 262.75, -9.49, 2.820, 262.77, -9.39, 0.009, 71.95, 44.00);
insert into SHOT values (6505, 6524, 6539, 1408, 2.647, 257.07, -11.26, 2.647, 257.09, -11.33, 0.003, 12.17, -72.61);
insert into SHOT values (6506, 6524, 6540, 1408, 2.445, 250.89, -13.77, 2.439, 251.03, -13.76, 0.009, 27.09, 13.16);
insert into SHOT values (6507, 6524, 6541, 1408, 2.232, 244.27, -15.78, 2.228, 244.27, -15.89, 0.006, 62.80, -28.76);
insert into SHOT values (6508, 6524, 6542, 1408, 2.053, 238.23, -16.91, 2.052, 238.34, -17.00, 0.005, 358.67, -33.88);
insert into SHOT values (6509, 6524, 6543, 1408, 2.722, 229.01, -18.17, 2.717, 229.09, -18.23, 0.007, 18.27, -9.83);
insert into SHOT values (6510, 6524, 6544, 1408, 2.167, 223.04, -19.02, 2.161, 223.22, -18.90, 0.010, 346.36, 39.32);
insert into SHOT values (6511, 6524, 6545, 1408, 2.351, 215.18, -19.87, 2.344, 215.21, -19.96, 0.008, 27.97, -6.46);
insert into SHOT values (6512, 6524, 6546, 1408, 2.640, 209.44, -20.69, 2.637, 209.37, -20.65, 0.005, 77.48, 34.85);
insert into SHOT values (6513, 6524, 6547, 1408, 2.573, 201.96, -23.46, 2.571, 201.89, -23.37, 0.005, 109.42, 57.54);
insert into SHOT values (6514, 6524, 6548, 1408, 1.749, 199.21, -20.66, 1.746, 199.32, -20.80, 0.006, 343.78, -27.34);
insert into SHOT values (6515, 6524, 6549, 1408, 2.515, 79.37, -21.56, 2.516, 79.17, -21.45, 0.010, 7.53, 26.20);
insert into SHOT values (6516, 6524, 6550, 1408, 0.622, 146.08, -26.43, 0.621, 146.02, -26.78, 0.004, 339.21, -53.33);
insert into SHOT values (6517, 6524, 6551, 1408, 0.991, 132.67, -24.83, 0.988, 132.75, -24.52, 0.006, 251.66, 77.34);
insert into SHOT values (6518, 6524, 6552, 1408, 1.322, 128.36, -23.31, 1.325, 128.00, -23.12, 0.009, 66.66, 19.78);
insert into SHOT values (6519, 6524, 6553, 1408, 2.257, 126.07, -25.26, 2.255, 126.03, -25.20, 0.004, 2.58, 60.69);
insert into SHOT values (6520, 6524, 6554, 1408, 2.920, 126.35, -20.89, 2.918, 126.20, -20.88, 0.008, 21.69, 9.16);
insert into SHOT values (6521, 6524, 6555, 1408, 3.551, 121.85, -20.73, 3.550, 121.82, -20.79, 0.004, 335.87, -48.73);
insert into SHOT values (6522, 6524, 6556, 1408, 4.340, 87.21, -24.03, 4.342, 87.40, -23.77, 0.024, 140.28, 45.58);
insert into SHOT values (6523, 6556, 6557, 1408, 2.089, 4.72, 16.92, 2.079, 4.91, 17.06, 0.013, 154.61, 8.82);
insert into SHOT values (6524, 6556, 6558, 1408, 1.924, 327.65, 32.46, 1.929, 327.77, 32.27, 0.009, 351.42, -16.87);
insert into SHOT values (6525, 6556, 6559, 1408, 1.901, 320.87, 30.96, 1.906, 320.96, 30.94, 0.006, 347.65, 20.05);
insert into SHOT values (6526, 6556, 6560, 1408, 1.662, 317.50, 34.19, 1.664, 317.64, 33.97, 0.008, 349.52, -31.06);
insert into SHOT values (6527, 6556, 6561, 1408, 1.329, 301.53, 38.17, 1.329, 301.72, 38.09, 0.004, 9.32, -19.69);
insert into SHOT values (6528, 6556, 6562, 1408, 1.417, 276.94, 31.58, 1.418, 277.13, 31.46, 0.005, 338.02, -24.67);
insert into SHOT values (6529, 6556, 6563, 1408, 1.223, 252.04, 30.15, 1.223, 252.42, 29.93, 0.008, 326.87, -30.28);
insert into SHOT values (6530, 6556, 6564, 1408, 0.998, 233.90, 28.54, 0.997, 234.31, 28.77, 0.007, 346.11, 25.14);
insert into SHOT values (6531, 6556, 6565, 1408, 0.852, 215.87, 28.07, 0.845, 216.25, 28.26, 0.009, 3.03, -5.62);
insert into SHOT values (6532, 6556, 6566, 1408, 1.191, 201.93, 24.76, 1.187, 201.80, 24.90, 0.005, 49.98, 13.16);
insert into SHOT values (6533, 6556, 6567, 1408, 1.154, 180.69, 27.18, 1.150, 180.56, 27.46, 0.007, 19.76, 22.56);
insert into SHOT values (6534, 6556, 6568, 1408, 1.338, 147.75, 21.07, 1.335, 147.46, 21.08, 0.007, 32.26, -8.32);
insert into SHOT values (6535, 6556, 6569, 1408, 2.033, 126.64, 11.95, 2.032, 126.41, 11.93, 0.008, 30.24, -6.75);
insert into SHOT values (6536, 6556, 6570, 1408, 2.453, 113.87, 11.40, 2.452, 113.79, 11.29, 0.006, 19.22, -56.84);
insert into SHOT values (6537, 6556, 6571, 1408, 2.863, 328.70, 32.52, 2.867, 328.87, 32.49, 0.008, 30.08, 5.88);
insert into SHOT values (6538, 6556, 6572, 1408, 1.846, 359.23, 2.02, 1.851, 359.38, 1.86, 0.009, 42.34, -35.18);
insert into SHOT values (6539, 6556, 6573, 1408, 1.586, 9.75, -0.33, 1.593, 9.76, -0.36, 0.007, 11.89, -6.97);
insert into SHOT values (6540, 6556, 6574, 1408, 1.277, 34.89, -2.06, 1.280, 34.81, -2.24, 0.005, 0.96, -52.04);
insert into SHOT values (6541, 6556, 6575, 1408, 1.368, 69.02, -6.42, 1.369, 68.90, -6.29, 0.004, 12.45, 41.82);
insert into SHOT values (6542, 6556, 6576, 1408, 1.049, 70.47, -6.79, 1.048, 70.35, -6.58, 0.005, 315.79, 58.73);
insert into SHOT values (6543, 6556, 6577, 1408, 1.823, 90.57, -2.77, 1.822, 90.31, -2.83, 0.008, 354.47, -13.20);
insert into SHOT values (6544, 6556, 6578, 1408, 2.010, 97.31, 1.82, 2.007, 97.16, 1.71, 0.007, 334.41, -31.88);
insert into SHOT values (6545, 6556, 6579, 1408, 2.489, 101.02, 3.09, 2.488, 100.90, 2.99, 0.007, 4.95, -39.61);
insert into SHOT values (6546, 6557, 6580, 1408, 2.105, 185.30, -17.22, 2.102, 185.43, -17.15, 0.006, 295.36, 33.46);
insert into SHOT values (6547, 6557, 6581, 1408, 2.489, 109.68, -31.52, 2.489, 109.54, -31.49, 0.005, 25.60, 13.99);
insert into SHOT values (6548, 6557, 6582, 1408, 3.683, 185.77, 1.21, 3.680, 185.77, 1.25, 0.004, 1.44, 32.21);
insert into SHOT values (6549, 6582, 6583, 1408, 4.981, 70.58, 5.65, 4.977, 70.54, 5.65, 0.005, 290.59, -4.36);
insert into SHOT values (6550, 6582, 6584, 1408, 3.700, 127.47, -12.19, 3.699, 127.47, -12.17, 0.001, 276.59, 71.00);
insert into SHOT values (6551, 6584, 6585, 1408, 5.912, 115.54, 32.91, 5.912, 115.53, 32.88, 0.003, 98.65, -51.57);
insert into SHOT values (6552, 6585, 6586, 1408, 5.997, 345.40, -22.06, 5.997, 345.41, -22.03, 0.003, 36.45, 50.61);
insert into SHOT values (6553, 6585, 6587, 1408, 5.973, 291.49, -35.84, 5.977, 291.43, -35.84, 0.006, 230.65, -24.53);
insert into SHOT values (6554, 6585, 6588, 1408, 1.640, 13.68, 76.41, 1.645, 13.67, 76.61, 0.007, 194.27, 52.34);
insert into SHOT values (6555, 6585, 6589, 1408, 4.923, 135.57, 6.66, 4.919, 135.58, 6.65, 0.004, 298.95, -15.00);
insert into SHOT values (6556, 6589, 6590, 1408, 3.266, 240.92, 22.41, 3.399, 242.38, 22.12, 0.155, 272.86, 12.97);
insert into SHOT values (6557, 6590, 6591, 1408, 2.738, 230.72, -43.56, 2.800, 232.74, -43.00, 0.098, 279.75, -13.64);
insert into SHOT values (6558, 6591, 6592, 1408, 6.367, 202.30, -6.22, 6.362, 204.66, -6.04, 0.262, 294.01, 4.35);
insert into SHOT values (6559, 6592, 6593, 1408, 6.332, 123.31, 1.96, 6.106, 123.64, 2.25, 0.231, 294.51, 5.83);
insert into SHOT values (6560, 6593, 6594, 1408, 4.194, 99.64, -2.01, 3.973, 99.13, -2.02, 0.224, 288.68, 1.81);
insert into SHOT values (6561, 6589, 6595, 1408, 6.546, 129.41, -14.24, 6.766, 128.82, -13.77, 0.236, 112.91, 0.05);
insert into SHOT values (6562, 6595, 6596, 1408, 5.259, 66.33, -3.01, 5.260, 66.31, -3.05, 0.004, 4.98, -69.16);
insert into SHOT values (6563, 6595, 6597, 1408, 6.395, 210.39, 16.08, 6.395, 210.40, 16.07, 0.002, 290.73, -36.97);
insert into SHOT values (6564, 6595, 6598, 1408, 5.817, 200.45, 17.12, 5.832, 198.27, 16.85, 0.214, 115.35, -6.01);
insert into SHOT values (6565, 6598, 6599, 1408, 3.593, 207.07, -20.75, 3.595, 205.19, -20.86, 0.110, 115.92, -3.66);
insert into SHOT values (6566, 6599, 6600, 1408, 3.596, 28.41, 20.27, 3.602, 28.46, 20.30, 0.007, 60.43, 35.31);
insert into SHOT values (6567, 6595, 6601, 1408, 8.720, 131.36, -1.91, 8.720, 131.37, -1.91, 0.002, 229.16, 17.58);
insert into SHOT values (6568, 6601, 6602, 1408, 5.675, 60.43, -10.67, 5.675, 60.45, -10.76, 0.010, 190.93, -76.12);
insert into SHOT values (6569, 6601, 6603, 1408, 5.744, 210.42, 5.57, 5.746, 210.47, 5.49, 0.009, 269.53, -53.93);
insert into SHOT values (6570, 6601, 6604, 1408, 6.404, 257.41, 11.68, 6.403, 257.38, 11.62, 0.007, 168.81, -65.88);
insert into SHOT values (6571, 6601, 6605, 1408, 6.347, 116.69, 0.65, 6.346, 116.69, 0.63, 0.002, 318.66, -71.64);
insert into SHOT values (6572, 6601, 6606, 1408, 8.042, 113.42, 2.00, 8.036, 113.40, 2.00, 0.007, 310.30, -5.70);
insert into SHOT values (6573, 6601, 6607, 1408, 3.447, 198.22, 3.56, 3.450, 198.28, 3.49, 0.006, 244.41, -39.56);
insert into SHOT values (6574, 6601, 6608, 1408, 2.381, 143.52, -2.79, 2.377, 143.56, -2.89, 0.006, 298.60, -42.16);
insert into SHOT values (6575, 6601, 6609, 1408, 4.612, 222.92, 4.34, 4.612, 222.89, 4.23, 0.009, 144.65, -73.29);
insert into SHOT values (6576, 6601, 6610, 1408, 4.623, 218.47, 2.44, 4.630, 218.51, 2.35, 0.010, 241.16, -41.63);
insert into SHOT values (6577, 6610, 6611, 1408, 3.450, 68.47, -35.02, 3.452, 68.42, -35.00, 0.004, 30.37, -2.84);
insert into SHOT values (6578, 6611, 6612, 1408, 2.257, 16.95, 80.80, 2.260, 17.45, 80.66, 0.007, 44.92, 16.63);
insert into SHOT values (6579, 6611, 6613, 1408, 1.031, 125.18, 9.10, 1.032, 125.41, 9.48, 0.008, 210.95, 59.60);
insert into SHOT values (6580, 6611, 6614, 1408, 9.116, 117.00, 2.55, 9.119, 116.96, 2.58, 0.008, 52.33, 32.38);
insert into SHOT values (6581, 6614, 6615, 1408, 0.446, 190.68, -78.76, 0.450, 192.53, -78.17, 0.007, 220.41, -23.05);
insert into SHOT values (6582, 6614, 6616, 1408, 4.254, 193.56, 8.80, 4.258, 193.61, 8.78, 0.006, 233.96, -8.30);
insert into SHOT values (6583, 6614, 6617, 1408, 0.198, 27.01, -7.84, 0.195, 27.90, -8.86, 0.006, 169.00, -31.69);
insert into SHOT values (6584, 6614, 6618, 1408, 2.857, 27.13, -18.21, 2.848, 27.04, -18.21, 0.010, 234.54, 16.98);
insert into SHOT values (6585, 6614, 6619, 1408, 4.569, 124.50, 3.46, 4.565, 124.63, 3.39, 0.012, 231.35, -27.45);
insert into SHOT values (6586, 6619, 6620, 1408, 6.497, 101.37, -2.24, 6.502, 101.36, -2.20, 0.007, 93.31, 36.37);
insert into SURVEY values (1410, 1229, 'PHEntrance', 'PHEntrance.pigeonHole.Cong', NULL);
 insert into CENTRELINE values (1411, 1410, NULL, NULL, NULL, 0.00, 0.00, 0.00);
 insert into SCRAPS values (1412, 1410, 'PHEntranceSP1', 1, 0.16145, 0.02592);
 insert into MAPS values (1492, 1410, 'PHEntranceM', NULL, 1, 40.261, -15.700);
 insert into MAPITEMS values (1492, 4, 1412);
 insert into CENTRELINE values (1493, 1410, NULL, '2013-09-16', NULL, 40.26, 0.00, 0.00);
 insert into TOPO values (1, 1493);
 insert into TOPO values (13, 1493);
 insert into TOPO values (6, 1493);
 insert into TOPO values (10, 1493);
 insert into SHOT values (6587, 6621, 6622, 1493, 1.933, 76.26, -0.21, 1.935, 76.25, -0.30, 0.004, 70.42, -49.56);
insert into SHOT values (6588, 6621, 6623, 1493, 1.930, 75.52, -0.27, 1.931, 75.60, -0.30, 0.003, 152.97, -17.06);
insert into SHOT values (6589, 6621, 6624, 1493, 1.929, 257.17, -0.62, 1.929, 257.12, -0.59, 0.002, 156.14, 26.22);
insert into SHOT values (6590, 6621, 6625, 1493, 6.742, 339.99, -17.28, 6.741, 340.02, -17.26, 0.004, 72.00, 39.67);
insert into SHOT values (6591, 6625, 6626, 1493, 4.883, 156.14, 17.98, 4.883, 156.14, 17.89, 0.008, 154.81, -69.64);
insert into SHOT values (6592, 6625, 6627, 1493, 5.022, 182.07, 18.82, 5.022, 182.05, 18.82, 0.002, 75.35, -2.74);
insert into SHOT values (6593, 6625, 6628, 1493, 3.692, 159.30, 11.67, 3.689, 159.26, 11.57, 0.007, 39.71, -66.88);
insert into SHOT values (6594, 6625, 6629, 1493, 2.402, 149.15, 3.39, 2.403, 149.16, 3.34, 0.003, 166.03, -52.89);
insert into SHOT values (6595, 6625, 6630, 1493, 1.685, 145.48, -12.96, 1.683, 145.44, -13.05, 0.004, 348.56, -35.14);
insert into SHOT values (6596, 6625, 6631, 1493, 0.320, 138.77, -11.17, 0.318, 140.19, -10.87, 0.008, 240.57, 14.07);
insert into SHOT values (6597, 6625, 6632, 1493, 3.740, 183.32, 12.74, 3.737, 183.30, 12.67, 0.005, 32.70, -65.76);
insert into SHOT values (6598, 6625, 6633, 1493, 2.565, 185.70, 10.51, 2.566, 185.69, 10.55, 0.002, 140.24, 73.13);
insert into SHOT values (6599, 6625, 6634, 1493, 1.653, 198.16, 2.08, 1.655, 198.33, 2.08, 0.005, 266.07, 0.05);
insert into SHOT values (6600, 6625, 6635, 1493, 1.189, 223.77, -13.18, 1.191, 223.60, -13.10, 0.004, 168.39, 15.17);
insert into SHOT values (6601, 6625, 6636, 1493, 1.293, 274.66, -39.18, 1.296, 274.57, -39.26, 0.004, 216.12, -61.05);
insert into SHOT values (6602, 6625, 6637, 1493, 1.827, 310.33, -45.86, 1.825, 310.21, -45.88, 0.004, 180.48, 18.25);
insert into SHOT values (6603, 6625, 6638, 1493, 3.249, 334.10, -45.73, 3.251, 334.11, -45.78, 0.004, 99.02, -78.74);
insert into SHOT values (6604, 6625, 6639, 1493, 4.757, 339.88, -45.29, 4.755, 339.89, -45.31, 0.003, 151.54, 14.30);
insert into SHOT values (6605, 6625, 6640, 1493, 6.375, 347.19, -43.89, 6.376, 347.17, -43.89, 0.001, 274.24, -16.38);
insert into SHOT values (6606, 6625, 6641, 1493, 3.890, 319.18, -3.02, 3.891, 319.17, -3.09, 0.005, 298.47, -82.10);
insert into SHOT values (6607, 6625, 6642, 1493, 4.589, 337.34, -1.11, 4.586, 337.29, -1.12, 0.005, 209.85, -13.71);
insert into SHOT values (6608, 6625, 6643, 1493, 7.921, 344.61, -0.96, 7.918, 344.54, -1.01, 0.012, 233.71, -36.47);
insert into SHOT values (6609, 6625, 6644, 1493, 9.014, 347.67, -0.87, 9.010, 347.63, -0.89, 0.008, 225.56, -23.63);
insert into SHOT values (6610, 6625, 6645, 1493, 0.409, 349.97, -1.26, 0.406, 350.07, -1.41, 0.003, 155.16, -19.02);
insert into SHOT values (6611, 6625, 6646, 1493, 5.238, 340.64, -32.82, 5.236, 340.62, -32.84, 0.003, 192.36, -18.25);
insert into SHOT values (6612, 6646, 6647, 1493, 4.869, 154.67, 28.44, 4.869, 154.69, 28.46, 0.002, 261.32, 33.03);
insert into SHOT values (6613, 6646, 6648, 1493, 4.087, 142.82, 30.46, 4.082, 142.74, 30.47, 0.007, 7.91, -15.08);
insert into SHOT values (6614, 6646, 6649, 1493, 3.177, 132.81, 31.29, 3.173, 132.76, 31.33, 0.005, 340.55, -0.42);
insert into SHOT values (6615, 6646, 6650, 1493, 3.437, 110.04, 33.56, 3.436, 110.02, 33.57, 0.002, 333.23, -0.29);
insert into SHOT values (6616, 6646, 6651, 1493, 4.028, 88.23, 40.54, 4.030, 88.13, 40.56, 0.006, 4.00, 19.31);
insert into SHOT values (6617, 6646, 6652, 1493, 4.033, 65.97, 32.20, 4.028, 65.92, 32.26, 0.007, 271.77, 7.52);
insert into SHOT values (6618, 6646, 6653, 1493, 5.459, 43.16, 21.63, 5.456, 43.16, 21.62, 0.003, 212.65, -47.40);
insert into SHOT values (6619, 6646, 6654, 1493, 6.481, 32.67, 13.58, 6.486, 32.63, 13.55, 0.007, 355.86, -14.52);
insert into SHOT values (6620, 6646, 6655, 1493, 7.956, 24.99, 7.55, 7.956, 24.97, 7.51, 0.006, 305.50, -68.02);
insert into SHOT values (6621, 6646, 6656, 1493, 10.378, 21.69, 5.36, 10.378, 21.70, 5.36, 0.002, 127.66, 16.54);
insert into SHOT values (6622, 6646, 6657, 1493, 11.285, 16.23, 3.63, 11.292, 16.23, 3.61, 0.008, 21.65, -33.14);
insert into SHOT values (6623, 6646, 6658, 1493, 12.438, 8.57, 2.17, 12.437, 8.56, 2.17, 0.002, 258.94, -27.43);
insert into SHOT values (6624, 6646, 6659, 1493, 1.376, 4.83, 1.29, 1.375, 4.59, 1.25, 0.006, 262.43, -9.50);
insert into SHOT values (6625, 6646, 6660, 1493, 0.685, 355.33, -1.17, 0.683, 354.96, -1.68, 0.008, 238.55, -50.54);
insert into SHOT values (6626, 6646, 6661, 1493, 3.051, 142.65, -2.22, 3.048, 142.60, -2.26, 0.004, 5.46, -27.27);
insert into SHOT values (6627, 6646, 6662, 1493, 2.526, 140.90, -12.85, 2.523, 140.94, -12.83, 0.004, 289.63, 27.36);
insert into SHOT values (6628, 6646, 6663, 1493, 2.305, 131.35, -32.51, 2.304, 131.24, -32.56, 0.004, 10.61, -15.69);
insert into SHOT values (6629, 6646, 6664, 1493, 2.358, 118.91, -46.36, 2.356, 118.78, -46.55, 0.009, 325.72, -23.70);
insert into SHOT values (6630, 6646, 6665, 1493, 2.632, 99.67, -59.03, 2.632, 99.81, -59.15, 0.007, 243.85, -29.30);
insert into SHOT values (6631, 6646, 6666, 1493, 3.129, 80.90, -63.29, 3.134, 81.01, -63.32, 0.006, 152.26, -60.24);
insert into SHOT values (6632, 6646, 6667, 1493, 3.910, 62.78, -63.11, 3.912, 62.71, -63.15, 0.004, 292.79, -44.98);
insert into SHOT values (6633, 6646, 6668, 1493, 4.251, 49.91, -62.22, 4.249, 49.71, -62.23, 0.007, 305.10, 8.50);
insert into SHOT values (6634, 6646, 6669, 1493, 5.525, 42.35, -58.48, 5.525, 42.19, -58.48, 0.008, 312.35, -1.26);
insert into SHOT values (6635, 6646, 6670, 1493, 6.244, 37.93, -54.97, 6.242, 37.86, -54.95, 0.005, 313.95, 34.43);
insert into SHOT values (6636, 6646, 6671, 1493, 7.529, 31.76, -53.57, 7.529, 31.73, -53.60, 0.004, 243.98, -32.21);
insert into SHOT values (6637, 6646, 6672, 1493, 9.256, 28.69, -51.79, 9.253, 28.71, -51.79, 0.004, 146.60, 44.67);
insert into SHOT values (6638, 6646, 6673, 1493, 10.374, 26.29, -49.86, 10.375, 26.26, -49.85, 0.004, 334.47, 8.08);
insert into SHOT values (6639, 6646, 6674, 1493, 2.374, 148.25, -20.08, 2.369, 148.24, -20.25, 0.008, 330.81, -35.68);
insert into SHOT values (6640, 6646, 6675, 1493, 2.081, 153.56, -31.95, 2.077, 153.73, -31.98, 0.006, 279.37, 10.89);
insert into SHOT values (6641, 6646, 6676, 1493, 1.985, 146.51, -46.05, 1.986, 146.54, -46.05, 0.001, 190.81, -39.41);
insert into SHOT values (6642, 6646, 6677, 1493, 3.025, 149.28, 16.83, 3.024, 149.27, 16.72, 0.006, 138.04, -78.14);
insert into SHOT values (6643, 6646, 6678, 1493, 6.939, 25.36, -45.95, 6.939, 25.29, -45.98, 0.007, 272.54, -23.34);
insert into SHOT values (6644, 6678, 6679, 1493, 8.569, 189.95, 35.13, 8.566, 189.95, 35.14, 0.003, 14.95, -17.26);
insert into SHOT values (6645, 6678, 6680, 1493, 7.425, 192.91, 33.37, 7.424, 192.87, 33.43, 0.009, 51.42, 41.50);
insert into SHOT values (6646, 6678, 6681, 1493, 6.217, 195.56, 30.89, 6.216, 195.55, 30.88, 0.002, 109.16, -58.95);
insert into SHOT values (6647, 6678, 6682, 1493, 5.129, 198.19, 27.03, 5.126, 198.12, 27.03, 0.006, 85.55, -8.45);
insert into SHOT values (6648, 6678, 6683, 1493, 3.950, 199.97, 21.30, 3.951, 199.86, 21.38, 0.009, 98.94, 36.88);
insert into SHOT values (6649, 6678, 6684, 1493, 3.371, 207.29, 15.26, 3.371, 207.27, 15.31, 0.003, 78.17, 69.45);
insert into SHOT values (6650, 6678, 6685, 1493, 2.955, 217.57, 7.92, 2.953, 217.50, 7.98, 0.005, 91.68, 32.13);
insert into SHOT values (6651, 6678, 6686, 1493, 2.653, 228.85, -2.01, 2.645, 228.83, -1.95, 0.009, 53.49, 20.95);
insert into SHOT values (6652, 6678, 6687, 1493, 2.401, 243.96, -16.50, 2.393, 243.88, -16.51, 0.009, 85.33, 12.83);
insert into SHOT values (6653, 6678, 6688, 1493, 2.268, 262.03, -28.56, 2.263, 262.20, -28.51, 0.008, 23.91, 32.03);
insert into SHOT values (6654, 6678, 6689, 1493, 2.497, 275.54, -34.97, 2.491, 275.63, -35.03, 0.007, 69.18, 9.22);
insert into SHOT values (6655, 6678, 6690, 1493, 3.327, 288.70, -36.67, 3.324, 288.84, -36.77, 0.009, 59.71, -19.16);
insert into SHOT values (6656, 6678, 6691, 1493, 3.993, 293.39, -37.92, 3.990, 293.39, -37.89, 0.004, 110.00, 72.89);
insert into SHOT values (6657, 6678, 6692, 1493, 4.820, 301.19, -38.34, 4.818, 301.25, -38.36, 0.005, 61.60, -0.31);
insert into SHOT values (6658, 6678, 6693, 1493, 5.491, 307.51, -38.17, 5.487, 307.56, -38.16, 0.006, 71.12, 36.00);
insert into SHOT values (6659, 6678, 6694, 1493, 6.223, 311.54, -38.31, 6.223, 311.59, -38.34, 0.006, 68.28, -22.92);
insert into SHOT values (6660, 6678, 6695, 1493, 4.569, 31.07, -52.97, 4.573, 31.04, -52.96, 0.004, 0.07, -38.51);
insert into SHOT values (6661, 6678, 6696, 1493, 3.464, 24.07, -57.53, 3.463, 24.09, -57.47, 0.004, 38.10, 44.23);
insert into SHOT values (6662, 6678, 6697, 1493, 2.839, 12.93, -60.43, 2.843, 13.15, -60.33, 0.008, 55.46, -5.53);
insert into SHOT values (6663, 6678, 6698, 1493, 2.886, 356.54, -59.27, 2.884, 356.50, -59.30, 0.002, 205.19, 18.71);
insert into SHOT values (6664, 6678, 6699, 1493, 2.926, 338.25, -54.88, 2.926, 338.45, -54.77, 0.008, 30.13, 23.66);
insert into SHOT values (6665, 6678, 6700, 1493, 3.108, 325.89, -51.62, 3.111, 325.98, -51.65, 0.005, 43.03, -48.54);
insert into SHOT values (6666, 6678, 6701, 1493, 3.273, 318.35, -46.86, 3.270, 318.45, -46.97, 0.008, 106.95, -12.70);
insert into SHOT values (6667, 6678, 6702, 1493, 3.668, 313.85, -44.79, 3.665, 314.07, -44.75, 0.011, 47.77, 22.71);
insert into SHOT values (6668, 6678, 6703, 1493, 4.289, 317.57, -44.58, 4.291, 317.65, -44.55, 0.005, 12.87, 5.01);
insert into SHOT values (6669, 6678, 6704, 1493, 5.000, 321.46, -43.63, 4.997, 321.51, -43.66, 0.005, 97.63, -0.08);
insert into SHOT values (6670, 6678, 6705, 1493, 5.488, 324.65, -43.10, 5.486, 324.76, -43.13, 0.009, 78.58, -1.28);
insert into SHOT values (6671, 6678, 6706, 1493, 6.372, 330.31, -42.40, 6.375, 330.33, -42.41, 0.004, 17.55, -53.43);
insert into SHOT values (6672, 6678, 6707, 1493, 6.391, 196.51, 31.90, 6.390, 196.50, 31.93, 0.004, 39.90, 44.92);
insert into SHOT values (6673, 6678, 6708, 1493, 4.244, 197.02, 32.90, 4.248, 196.96, 32.94, 0.006, 132.67, 50.23);
insert into SHOT values (6674, 6678, 6709, 1493, 6.835, 319.67, -36.95, 6.837, 319.75, -36.95, 0.008, 40.82, -9.64);
insert into SHOT values (6675, 6678, 6710, 1493, 2.202, 287.33, -28.01, 2.195, 287.41, -27.98, 0.007, 80.64, 34.84);
insert into SHOT values (6676, 6678, 6711, 1493, 4.206, 303.89, -30.35, 4.204, 304.00, -30.28, 0.009, 25.83, 37.01);
insert into SHOT values (6677, 6678, 6712, 1493, 0.191, 34.66, -78.39, 0.195, 45.00, -77.41, 0.009, 101.24, -19.31);
insert into SHOT values (6678, 6678, 6713, 1493, 8.630, 330.50, -22.92, 8.629, 330.53, -22.92, 0.005, 65.61, 10.97);
insert into SHOT values (6679, 6713, 6714, 1493, 3.672, 48.19, -32.08, 3.670, 48.26, -32.09, 0.004, 166.66, 2.74);
insert into SHOT values (6680, 6713, 6715, 1493, 8.093, 87.97, 16.58, 8.091, 88.00, 16.59, 0.005, 198.22, 6.88);
insert into SHOT values (6681, 6713, 6716, 1493, 7.398, 80.93, 17.31, 7.393, 80.95, 17.31, 0.006, 231.92, -11.73);
insert into SHOT values (6682, 6713, 6717, 1493, 6.337, 67.01, 18.33, 6.338, 67.01, 18.30, 0.004, 80.85, -50.36);
insert into SHOT values (6683, 6713, 6718, 1493, 5.986, 59.02, 18.15, 5.988, 59.02, 18.10, 0.006, 59.83, -50.33);
insert into SHOT values (6684, 6713, 6719, 1493, 5.852, 53.50, 18.22, 5.855, 53.48, 18.21, 0.004, 26.89, 4.02);
insert into SHOT values (6685, 6713, 6720, 1493, 5.488, 47.97, 19.16, 5.487, 47.97, 19.15, 0.002, 211.55, -48.91);
insert into SHOT values (6686, 6713, 6721, 1493, 5.313, 41.13, 16.55, 5.315, 41.10, 16.51, 0.005, 2.32, -41.61);
insert into SHOT values (6687, 6713, 6722, 1493, 4.625, 29.32, 10.23, 4.627, 29.32, 10.21, 0.002, 40.88, -34.95);
insert into SHOT values (6688, 6713, 6723, 1493, 4.383, 180.71, -3.87, 4.381, 180.66, -3.93, 0.006, 56.71, -40.65);
insert into SHOT values (6689, 6713, 6724, 1493, 4.838, 192.73, -3.61, 4.837, 192.68, -3.56, 0.006, 93.81, 50.21);
insert into SHOT values (6690, 6713, 6725, 1493, 3.768, 198.97, -7.41, 3.764, 198.92, -7.48, 0.007, 51.41, -34.81);
insert into SHOT values (6691, 6713, 6726, 1493, 3.933, 207.94, -12.51, 3.931, 207.97, -12.49, 0.003, 333.67, 39.15);
insert into SHOT values (6692, 6713, 6727, 1493, 4.070, 217.28, -15.14, 4.072, 217.25, -15.09, 0.005, 186.01, 37.37);
insert into SHOT values (6693, 6713, 6728, 1493, 3.692, 231.42, -20.39, 3.698, 231.44, -20.42, 0.006, 248.83, -35.98);
insert into SHOT values (6694, 6713, 6729, 1493, 3.955, 244.26, -25.10, 3.961, 244.22, -25.10, 0.006, 220.91, -21.05);
insert into SHOT values (6695, 6713, 6730, 1493, 3.135, 258.83, -29.61, 3.132, 258.77, -29.66, 0.005, 115.95, -13.03);
insert into SHOT values (6696, 6713, 6731, 1493, 3.498, 273.36, -31.28, 3.496, 273.27, -31.37, 0.008, 139.42, -29.12);
insert into SHOT values (6697, 6713, 6732, 1493, 3.688, 289.18, -31.79, 3.686, 289.19, -31.76, 0.003, 75.22, 74.56);
insert into SHOT values (6698, 6713, 6733, 1493, 8.880, 292.72, -25.31, 8.886, 292.70, -25.32, 0.006, 266.97, -34.91);
insert into SHOT values (6699, 6713, 6734, 1493, 8.986, 296.01, -25.24, 8.988, 295.97, -25.22, 0.007, 230.16, 14.77);
insert into SHOT values (6700, 6713, 6735, 1493, 9.225, 299.96, -24.91, 9.229, 299.97, -24.93, 0.005, 329.29, -64.29);
insert into SHOT values (6701, 6713, 6736, 1493, 9.222, 304.28, -24.33, 9.218, 304.28, -24.34, 0.004, 127.73, -7.98);
insert into SHOT values (6702, 6713, 6737, 1493, 3.715, 39.00, -38.31, 3.714, 38.87, -38.27, 0.007, 315.66, 25.22);
insert into SHOT values (6703, 6713, 6738, 1493, 3.722, 26.73, -41.23, 3.720, 26.75, -41.19, 0.003, 95.83, 71.68);
insert into SHOT values (6704, 6713, 6739, 1493, 3.849, 7.05, -41.78, 3.847, 7.00, -41.72, 0.005, 303.53, 59.49);
insert into SHOT values (6705, 6713, 6740, 1493, 4.052, 352.07, -39.22, 4.051, 352.13, -39.19, 0.004, 75.02, 32.30);
insert into SHOT values (6706, 6713, 6741, 1493, 4.728, 336.38, -34.46, 4.729, 336.40, -34.52, 0.005, 129.85, -60.78);
insert into SHOT values (6707, 6713, 6742, 1493, 5.596, 326.35, -29.33, 5.593, 326.38, -29.33, 0.004, 107.78, 17.37);
insert into SHOT values (6708, 6713, 6743, 1493, 6.755, 318.80, -25.03, 6.751, 318.78, -25.06, 0.006, 161.57, -20.38);
insert into SHOT values (6709, 6713, 6744, 1493, 8.027, 316.01, -29.30, 8.029, 316.04, -29.31, 0.005, 26.81, -21.90);
insert into SHOT values (6710, 6713, 6745, 1493, 7.150, 328.41, -23.06, 7.149, 328.36, -23.06, 0.005, 224.55, 6.71);
insert into SHOT values (6711, 6713, 6746, 1493, 6.486, 312.95, -26.68, 6.484, 312.97, -26.66, 0.003, 56.82, 42.56);
insert into SHOT values (6712, 6713, 6747, 1493, 6.228, 296.40, -27.14, 6.222, 296.38, -27.16, 0.006, 133.73, 9.49);
insert into SHOT values (6713, 6713, 6748, 1493, 6.235, 292.38, -27.15, 6.236, 292.36, -27.19, 0.005, 175.59, -65.02);
insert into SHOT values (6714, 6713, 6749, 1493, 3.981, 20.04, -40.03, 3.977, 19.98, -40.07, 0.006, 230.17, 5.21);
insert into SHOT values (6715, 6713, 6750, 1493, 4.118, 2.94, -39.33, 4.117, 2.88, -39.34, 0.003, 251.19, -1.14);
insert into SHOT values (6716, 6713, 6751, 1493, 4.444, 348.74, -36.95, 4.440, 348.79, -36.96, 0.005, 130.94, 16.18);
insert into SHOT values (6717, 6713, 6752, 1493, 4.945, 337.17, -33.29, 4.942, 337.22, -33.26, 0.006, 85.27, 46.92);
insert into SHOT values (6718, 6713, 6753, 1493, 5.616, 328.33, -29.66, 5.613, 328.33, -29.69, 0.004, 145.38, -12.50);
insert into SHOT values (6719, 6713, 6754, 1493, 6.820, 319.64, -24.69, 6.818, 319.65, -24.71, 0.004, 118.42, -20.27);
insert into SHOT values (6720, 6713, 6755, 1493, 8.083, 316.83, -28.88, 8.078, 316.83, -28.87, 0.005, 126.72, 51.49);
insert into SHOT values (6721, 6713, 6756, 1493, 7.331, 40.43, -13.53, 7.332, 40.39, -13.49, 0.007, 333.42, 46.19);
insert into SHOT values (6722, 6713, 6757, 1493, 6.812, 29.72, -13.30, 6.817, 29.73, -13.32, 0.005, 53.77, -32.98);
insert into SHOT values (6723, 6713, 6758, 1493, 6.675, 18.03, -12.95, 6.679, 17.99, -12.98, 0.007, 321.60, -37.88);
insert into SHOT values (6724, 6713, 6759, 1493, 6.622, 7.51, -13.28, 6.622, 7.49, -13.27, 0.002, 278.88, 27.41);
insert into SHOT values (6725, 6713, 6760, 1493, 6.854, 357.34, -12.06, 6.858, 357.35, -12.04, 0.005, 15.53, 23.65);
insert into SHOT values (6726, 6713, 6761, 1493, 7.616, 349.67, -11.60, 7.617, 349.65, -11.59, 0.003, 284.38, 34.16);
insert into SHOT values (6727, 6713, 6762, 1493, 10.301, 72.46, -12.67, 10.299, 72.45, -12.68, 0.003, 287.77, -11.95);
insert into SHOT values (6728, 6713, 6763, 1493, 10.424, 73.94, -13.18, 10.422, 73.92, -13.20, 0.005, 301.21, -40.36);
insert into SHOT values (6729, 6713, 6764, 1493, 9.737, 68.78, -13.61, 9.737, 68.75, -13.60, 0.005, 337.41, 14.43);
insert into SHOT values (6730, 6713, 6765, 1493, 8.772, 61.52, -14.59, 8.771, 61.50, -14.59, 0.002, 315.69, -7.72);
insert into SHOT values (6731, 6713, 6766, 1493, 8.411, 51.43, -16.27, 8.408, 51.44, -16.30, 0.006, 212.12, -35.71);
insert into SHOT values (6732, 6713, 6767, 1493, 7.683, 42.43, -17.65, 7.681, 42.45, -17.66, 0.004, 172.57, -7.05);
insert into SHOT values (6733, 6713, 6768, 1493, 7.102, 35.65, -19.76, 7.098, 35.62, -19.76, 0.006, 256.22, 10.72);
insert into SHOT values (6734, 6713, 6769, 1493, 6.819, 27.13, -20.73, 6.822, 27.13, -20.69, 0.006, 25.32, 39.20);
insert into SHOT values (6735, 6713, 6770, 1493, 6.641, 17.52, -20.73, 6.638, 17.53, -20.73, 0.003, 172.47, 12.70);
insert into SHOT values (6736, 6713, 6771, 1493, 6.651, 12.92, -18.62, 6.647, 12.93, -18.60, 0.005, 164.78, 46.14);
insert into SHOT values (6737, 6713, 6772, 1493, 6.685, 8.00, -15.29, 6.689, 8.02, -15.26, 0.006, 32.12, 29.13);
insert into SHOT values (6738, 6713, 6773, 1493, 6.746, 2.60, -13.82, 6.742, 2.63, -13.82, 0.005, 142.77, 16.02);
insert into SHOT values (6739, 6713, 6774, 1493, 7.241, 352.55, -11.86, 7.245, 352.54, -11.87, 0.004, 344.10, -27.12);
insert into SHOT values (6740, 6713, 6775, 1493, 7.855, 347.85, -10.77, 7.851, 347.87, -10.79, 0.006, 130.74, -20.66);
insert into SHOT values (6741, 6713, 6776, 1493, 8.136, 345.08, -10.30, 8.130, 345.08, -10.27, 0.007, 166.05, 42.83);
insert into SHOT values (6742, 6713, 6777, 1493, 5.197, 12.89, -20.99, 5.196, 12.86, -20.98, 0.003, 272.53, 34.81);
insert into SHOT values (6743, 6713, 6778, 1493, 4.949, 3.55, -21.20, 4.945, 3.61, -21.22, 0.007, 139.74, -2.68);
insert into SHOT values (6744, 6713, 6779, 1493, 5.055, 351.35, -20.74, 5.051, 351.36, -20.75, 0.004, 162.80, 1.75);
insert into SHOT values (6745, 6713, 6780, 1493, 5.805, 342.30, -25.06, 5.806, 342.29, -25.07, 0.002, 291.54, -45.48);
insert into SHOT values (6746, 6713, 6781, 1493, 6.033, 337.39, -21.41, 6.028, 337.36, -21.40, 0.005, 185.68, 24.70);
insert into SHOT values (6747, 6713, 6782, 1493, 6.638, 331.69, -20.21, 6.632, 331.71, -20.20, 0.007, 133.81, 27.77);
insert into SHOT values (6748, 6713, 6783, 1493, 6.999, 325.06, -21.16, 7.001, 325.04, -21.19, 0.004, 253.21, -63.89);
insert into SHOT values (6749, 6713, 6784, 1493, 8.789, 318.30, -22.23, 8.783, 318.29, -22.21, 0.007, 151.82, 46.27);
insert into SHOT values (6750, 6713, 6785, 1493, 9.771, 313.23, -22.76, 9.774, 313.20, -22.75, 0.005, 256.97, 1.42);
insert into SHOT values (6751, 6713, 6786, 1493, 6.113, 41.86, -24.27, 6.112, 41.87, -24.25, 0.003, 111.69, 61.21);
insert into SHOT values (6752, 6786, 6787, 1493, 6.539, 290.27, 8.45, 6.541, 290.26, 8.44, 0.003, 255.50, -18.96);
insert into SHOT values (6753, 6786, 6788, 1493, 2.913, 291.37, 10.76, 2.916, 291.28, 10.67, 0.007, 241.10, -34.24);
insert into SHOT values (6754, 6786, 6789, 1493, 6.391, 294.33, 6.37, 6.395, 294.35, 6.37, 0.004, 323.70, 12.48);
insert into SHOT values (6755, 6786, 6790, 1493, 7.233, 297.33, 4.89, 7.231, 297.35, 4.84, 0.007, 57.52, -67.15);
insert into SHOT values (6756, 6786, 6791, 1493, 7.711, 299.85, 3.81, 7.717, 299.83, 3.79, 0.007, 275.65, -19.52);
insert into SHOT values (6757, 6786, 6792, 1493, 8.398, 300.32, 4.01, 8.397, 300.33, 3.96, 0.008, 58.72, -74.84);
insert into SHOT values (6758, 6786, 6793, 1493, 6.915, 301.46, 4.73, 6.918, 301.48, 4.73, 0.004, 337.28, -3.22);
insert into SHOT values (6759, 6786, 6794, 1493, 7.642, 240.59, 4.44, 7.644, 240.61, 4.43, 0.004, 298.24, -25.85);
insert into SHOT values (6760, 6786, 6795, 1493, 8.744, 247.94, 0.26, 8.748, 247.98, 0.26, 0.008, 303.87, 2.42);
insert into SHOT values (6761, 6786, 6796, 1493, 9.311, 252.47, -0.68, 9.312, 252.50, -0.68, 0.005, 335.19, 5.70);
insert into SHOT values (6762, 6786, 6797, 1493, 9.895, 256.69, -0.10, 9.896, 256.68, -0.12, 0.003, 206.86, -54.82);
insert into SHOT values (6763, 6786, 6798, 1493, 9.820, 261.49, -1.55, 9.821, 261.51, -1.58, 0.006, 329.61, -52.30);
insert into SHOT values (6764, 6786, 6799, 1493, 6.599, 147.30, 7.37, 6.597, 147.35, 7.31, 0.009, 243.65, -45.38);
insert into SURVEY values (1495, 1229, 'pigex', 'pigex.pigeonHole.Cong', 'Pigeon Hole<br>70s extensions<br>Co. Mayo');
 insert into CENTRELINE values (1496, 1495, NULL, NULL, NULL, 0.00, 0.00, 0.00);
 insert into SCRAPS values (1497, 1495, 'pigxSP1', 1, 3.80907, 0.32511);
 insert into MAPS values (1582, 1495, 'pigexM', NULL, 1, 91.583, -3.410);
 insert into MAPITEMS values (1582, 4, 1497);
 insert into CENTRELINE values (1583, 1495, NULL, '2015-12-09', NULL, 91.58, 0.00, 0.00);
 insert into PERSON values (15, 'Rory', 'Colville');
insert into TOPO values (15, 1583);
 insert into PERSON values (16, 'Eleanor', 'Conole');
insert into TOPO values (16, 1583);
 insert into PERSON values (17, 'Ashley', 'Gregg');
insert into TOPO values (17, 1583);
 insert into PERSON values (18, 'Sioned', 'Haughton');
insert into TOPO values (18, 1583);
 insert into TOPO values (10, 1583);
 insert into SHOT values (6765, 6800, 6801, 1583, 5.183, 172.53, 4.81, 5.182, 172.54, 4.87, 0.006, 313.23, 75.31);
insert into SHOT values (6766, 6800, 6802, 1583, 6.197, 169.07, 5.75, 6.193, 169.05, 5.75, 0.004, 19.01, -11.38);
insert into SHOT values (6767, 6800, 6803, 1583, 6.037, 188.31, 5.66, 6.033, 188.33, 5.71, 0.006, 344.30, 45.06);
insert into SHOT values (6768, 6800, 6804, 1583, 4.852, 156.73, 4.95, 4.852, 156.72, 4.97, 0.002, 38.27, 51.38);
insert into SHOT values (6769, 6800, 6805, 1583, 2.293, 73.12, -38.61, 2.296, 73.18, -38.51, 0.005, 91.42, 9.17);
insert into SHOT values (6770, 6800, 6806, 1583, 2.760, 10.94, -20.84, 2.757, 10.96, -20.82, 0.003, 174.02, 36.85);
insert into SHOT values (6771, 6800, 6807, 1583, 4.364, 108.21, -25.30, 4.363, 108.16, -25.23, 0.006, 35.03, 51.46);
insert into SHOT values (6772, 6800, 6808, 1583, 4.779, 127.31, -20.65, 4.779, 127.28, -20.58, 0.006, 75.53, 56.96);
insert into SHOT values (6773, 6800, 6809, 1583, 1.567, 115.87, -31.55, 1.565, 115.80, -31.60, 0.003, 331.48, -1.44);
insert into SHOT values (6774, 6800, 6810, 1583, 5.620, 146.93, -12.63, 5.623, 146.98, -12.64, 0.005, 206.33, -14.17);
insert into SHOT values (6775, 6800, 6811, 1583, 4.244, 344.74, 0.15, 4.241, 344.69, 0.14, 0.006, 216.80, -11.33);
insert into SHOT values (6776, 6800, 6812, 1583, 2.674, 309.78, -6.29, 2.671, 309.81, -6.23, 0.004, 108.01, 48.72);
insert into SHOT values (6777, 6800, 6813, 1583, 2.914, 279.50, -31.56, 2.899, 279.54, -31.40, 0.018, 90.10, 59.56);
insert into SHOT values (6778, 6813, 6814, 1583, 1.276, 216.46, 12.30, 1.275, 216.50, 12.68, 0.009, 19.93, 71.09);
insert into SHOT values (6779, 6813, 6815, 1583, 0.360, 8.50, 5.25, 0.366, 7.91, 6.28, 0.009, 331.04, 48.56);
insert into SHOT values (6780, 6813, 6816, 1583, 0.886, 318.62, 8.24, 0.888, 318.69, 8.42, 0.004, 348.47, 55.77);
insert into SHOT values (6781, 6813, 6817, 1583, 1.771, 307.78, -0.39, 1.774, 307.90, -0.32, 0.005, 355.62, 22.53);
insert into SHOT values (6782, 6813, 6818, 1583, 3.144, 301.92, -0.55, 3.149, 302.02, -0.55, 0.008, 347.45, 1.34);
insert into SHOT values (6783, 6813, 6819, 1583, 1.321, 250.01, 13.66, 1.323, 250.44, 13.99, 0.012, 337.20, 40.34);
insert into SHOT values (6784, 6813, 6820, 1583, 1.919, 262.55, 10.81, 1.919, 262.69, 10.81, 0.004, 347.46, 1.14);
insert into SHOT values (6785, 6813, 6821, 1583, 2.694, 273.73, 8.69, 2.697, 273.87, 8.74, 0.008, 338.44, 22.90);
insert into SHOT values (6786, 6813, 6822, 1583, 0.625, 268.76, 64.20, 0.631, 270.00, 64.65, 0.010, 18.45, 49.74);
insert into SHOT values (6787, 6813, 6823, 1583, 0.363, 323.30, -66.54, 0.362, 323.13, -65.56, 0.006, 318.54, 28.54);
insert into SHOT values (6788, 6813, 6824, 1583, 4.087, 282.13, 8.46, 4.099, 282.25, 8.70, 0.023, 322.64, 55.54);
insert into SHOT values (6789, 6824, 6825, 1583, 1.361, 349.16, -23.70, 1.363, 349.41, -23.34, 0.010, 35.44, 43.75);
insert into SHOT values (6790, 6824, 6826, 1583, 1.457, 332.95, -20.41, 1.460, 333.06, -20.44, 0.004, 13.34, -25.89);
insert into SHOT values (6791, 6824, 6827, 1583, 1.983, 324.24, -17.98, 1.981, 324.29, -17.94, 0.003, 107.13, 43.62);
insert into SHOT values (6792, 6824, 6828, 1583, 1.505, 45.44, -21.73, 1.504, 45.58, -21.45, 0.008, 102.95, 61.67);
insert into SHOT values (6793, 6824, 6829, 1583, 0.719, 206.98, 5.26, 0.710, 206.93, 5.66, 0.010, 31.28, 23.52);
insert into SHOT values (6794, 6824, 6830, 1583, 0.889, 179.83, 7.89, 0.888, 179.35, 7.76, 0.008, 85.55, -15.21);
insert into SHOT values (6795, 6824, 6831, 1583, 2.154, 326.35, -23.65, 2.156, 326.55, -23.50, 0.009, 23.23, 26.73);
insert into SHOT values (6796, 6824, 6832, 1583, 1.146, 314.67, -27.50, 1.148, 315.00, -27.50, 0.006, 28.26, -7.90);
insert into SHOT values (6797, 6824, 6833, 1583, 1.025, 315.63, 39.22, 1.025, 316.02, 39.37, 0.006, 66.30, 18.26);
insert into SHOT values (6798, 6824, 6834, 1583, 1.720, 90.97, -70.23, 1.721, 90.99, -70.30, 0.002, 266.52, -39.06);
insert into SHOT values (6799, 6824, 6835, 1583, 2.055, 323.38, -18.00, 2.056, 323.71, -17.55, 0.020, 26.81, 49.97);
insert into SHOT values (6800, 6835, 6836, 1583, 1.192, 225.63, 7.71, 1.199, 225.68, 7.67, 0.007, 233.85, 0.69);
insert into SHOT values (6801, 6835, 6837, 1583, 1.840, 242.48, 5.27, 1.846, 242.46, 5.28, 0.006, 234.83, 9.22);
insert into SHOT values (6802, 6835, 6838, 1583, 2.102, 267.04, 3.24, 2.106, 267.00, 3.27, 0.005, 246.54, 14.83);
insert into SHOT values (6803, 6835, 6839, 1583, 1.976, 279.26, 3.22, 1.979, 279.32, 3.19, 0.004, 309.73, -14.96);
insert into SHOT values (6804, 6835, 6840, 1583, 2.694, 225.88, 57.15, 2.693, 225.83, 57.07, 0.004, 197.06, -48.08);
insert into SHOT values (6805, 6835, 6841, 1583, 0.942, 4.65, -83.59, 0.945, 0.00, -83.93, 0.011, 240.54, -21.64);
insert into SHOT values (6806, 6835, 6842, 1583, 2.070, 304.56, 17.19, 2.086, 304.57, 17.29, 0.016, 305.00, 30.31);
insert into SHOT values (6807, 6842, 6843, 1583, 1.069, 100.41, -23.30, 1.063, 100.62, -23.27, 0.007, 245.98, 24.67);
insert into SHOT values (6808, 6842, 6844, 1583, 1.485, 118.73, -21.08, 1.481, 118.97, -20.97, 0.008, 232.31, 33.11);
insert into SHOT values (6809, 6842, 6845, 1583, 1.613, 121.98, -16.75, 1.612, 122.04, -16.58, 0.005, 182.52, 69.09);
insert into SHOT values (6810, 6842, 6846, 1583, 2.079, 152.67, 78.30, 2.082, 152.82, 78.48, 0.007, 322.21, 36.07);
insert into SHOT values (6811, 6842, 6847, 1583, 1.612, 169.69, -75.64, 1.610, 169.82, -75.75, 0.004, 335.57, 23.97);
insert into SHOT values (6812, 6842, 6848, 1583, 1.103, 9.03, -17.74, 1.103, 8.75, -17.41, 0.008, 296.54, 47.58);
insert into SHOT values (6813, 6842, 6849, 1583, 1.372, 18.08, -10.33, 1.368, 18.17, -10.10, 0.007, 161.97, 61.72);
insert into SHOT values (6814, 6842, 6850, 1583, 1.738, 22.80, -6.18, 1.735, 22.85, -5.96, 0.008, 174.34, 68.16);
insert into SHOT values (6815, 6842, 6851, 1583, 1.194, 51.04, -14.95, 1.200, 50.95, -14.98, 0.006, 31.80, -19.57);
insert into SHOT values (6816, 6842, 6852, 1583, 1.362, 44.14, -6.79, 1.360, 44.10, -6.76, 0.002, 255.77, 27.20);
insert into SHOT values (6817, 6842, 6853, 1583, 1.388, 40.10, 0.83, 1.384, 40.02, 0.83, 0.004, 249.30, -1.41);
insert into SHOT values (6818, 6842, 6854, 1583, 2.485, 35.24, 5.33, 2.495, 35.16, 5.52, 0.013, 13.22, 43.84);
insert into SHOT values (6819, 6854, 6855, 1583, 1.183, 130.03, -5.53, 1.177, 129.81, -5.36, 0.009, 348.18, 27.81);
insert into SHOT values (6820, 6854, 6856, 1583, 1.430, 95.88, -3.85, 1.430, 95.63, -3.61, 0.009, 6.77, 43.56);
insert into SHOT values (6821, 6854, 6857, 1583, 1.635, 68.50, -6.04, 1.634, 68.33, -5.97, 0.005, 326.10, 21.85);
insert into SHOT values (6822, 6854, 6858, 1583, 1.462, 49.02, -6.32, 1.469, 48.89, -6.25, 0.008, 22.16, 6.94);
insert into SHOT values (6823, 6854, 6859, 1583, 0.968, 155.45, -8.61, 0.968, 155.31, -8.32, 0.006, 76.00, 63.17);
insert into SHOT values (6824, 6854, 6860, 1583, 0.938, 242.06, -12.56, 0.939, 242.04, -12.30, 0.004, 226.10, 68.49);
insert into SHOT values (6825, 6854, 6861, 1583, 0.825, 265.85, -19.03, 0.824, 266.33, -18.40, 0.011, 341.54, 53.25);
insert into SHOT values (6826, 6854, 6862, 1583, 0.880, 297.25, -16.04, 0.879, 297.47, -15.85, 0.005, 34.41, 43.97);
insert into SHOT values (6827, 6854, 6863, 1583, 1.240, 316.76, -15.15, 1.238, 316.69, -14.98, 0.005, 183.60, 63.78);
insert into SHOT values (6828, 6854, 6864, 1583, 0.177, 358.83, 82.18, 0.182, 0.00, 80.54, 0.008, 4.73, 38.02);
insert into SHOT values (6829, 6854, 6865, 1583, 1.540, 205.68, -70.34, 1.537, 205.56, -70.63, 0.008, 33.38, 1.57);
insert into SHOT values (6830, 6854, 6866, 1583, 3.512, 20.66, 1.88, 3.528, 20.59, 2.27, 0.029, 4.68, 57.52);
insert into SHOT values (6831, 6866, 6867, 1583, 2.550, 254.87, -2.97, 2.551, 254.98, -3.15, 0.009, 339.84, -58.80);
insert into SHOT values (6832, 6866, 6868, 1583, 2.521, 273.13, -4.07, 2.520, 273.19, -4.10, 0.003, 19.46, -22.09);
insert into SHOT values (6833, 6866, 6869, 1583, 2.917, 298.34, -6.97, 2.922, 298.42, -7.08, 0.008, 342.26, -47.19);
insert into SHOT values (6834, 6866, 6870, 1583, 2.313, 322.16, -12.51, 2.309, 322.21, -12.76, 0.011, 123.60, -55.74);
insert into SHOT values (6835, 6866, 6871, 1583, 2.357, 345.91, -11.43, 2.356, 345.96, -11.51, 0.004, 109.59, -50.81);
insert into SHOT values (6836, 6866, 6872, 1583, 1.695, 205.94, -13.13, 1.691, 205.94, -13.33, 0.007, 26.77, -45.68);
insert into SHOT values (6837, 6866, 6873, 1583, 0.333, 202.00, 81.19, 0.324, 201.80, 80.45, 0.010, 198.17, -72.52);
insert into SHOT values (6838, 6866, 6874, 1583, 0.632, 301.10, -63.75, 0.634, 300.26, -64.01, 0.005, 188.56, -35.49);
insert into SHOT values (6839, 6866, 6875, 1583, 2.423, 133.45, -23.96, 2.425, 133.35, -24.09, 0.007, 42.69, -56.86);
insert into SHOT values (6840, 6866, 6876, 1583, 2.349, 167.02, -17.41, 2.349, 166.83, -17.60, 0.011, 58.32, -42.12);
insert into SHOT values (6841, 6866, 6877, 1583, 2.864, 119.40, -25.79, 2.870, 119.44, -25.82, 0.007, 138.31, -37.05);
insert into SHOT values (6842, 6866, 6878, 1583, 3.792, 131.55, -25.73, 3.799, 131.56, -25.75, 0.007, 137.36, -34.56);
insert into SHOT values (6843, 6866, 6879, 1583, 2.613, 53.76, 10.32, 2.617, 53.84, 10.12, 0.010, 86.13, -51.39);
insert into SHOT values (6844, 6866, 6880, 1583, 3.980, 99.06, -1.60, 3.982, 99.11, -1.73, 0.010, 158.81, -68.88);
insert into SHOT values (6845, 6866, 6881, 1583, 4.572, 51.27, 17.56, 4.571, 51.24, 17.44, 0.010, 348.04, -71.37);
insert into SHOT values (6846, 6866, 6882, 1583, 4.741, 34.74, 20.25, 4.747, 34.76, 20.21, 0.007, 44.44, -7.49);
insert into SHOT values (6847, 6866, 6883, 1583, 5.465, 19.94, 21.98, 5.460, 19.97, 21.94, 0.007, 161.02, -53.49);
insert into SHOT values (6848, 6866, 6884, 1583, 5.780, 11.53, 23.10, 5.779, 11.61, 23.02, 0.010, 83.32, -48.02);
insert into SHOT values (6849, 6866, 6885, 1583, 2.632, 24.45, 20.62, 2.656, 24.50, 20.73, 0.024, 30.14, 32.74);
insert into SHOT values (6850, 6885, 6886, 1583, 1.192, 272.46, 25.23, 1.195, 272.65, 25.25, 0.005, 323.25, 22.83);
insert into SHOT values (6851, 6885, 6887, 1583, 1.644, 312.86, 23.44, 1.648, 312.86, 23.23, 0.007, 311.43, -33.74);
insert into SHOT values (6852, 6885, 6888, 1583, 3.036, 335.70, 22.52, 3.041, 335.62, 22.43, 0.008, 302.37, -21.16);
insert into SHOT values (6853, 6885, 6889, 1583, 3.991, 342.30, 22.32, 3.991, 342.35, 22.23, 0.007, 39.14, -58.61);
insert into SHOT values (6854, 6885, 6890, 1583, 3.822, 355.68, 14.87, 3.819, 355.65, 14.87, 0.004, 210.09, -11.46);
insert into SHOT values (6855, 6885, 6891, 1583, 3.061, 6.74, 15.99, 3.057, 6.64, 15.95, 0.007, 248.49, -28.12);
insert into SHOT values (6856, 6885, 6892, 1583, 2.688, 24.87, 15.18, 2.683, 24.88, 15.12, 0.005, 198.96, -45.84);
insert into SHOT values (6857, 6885, 6893, 1583, 2.400, 39.17, 16.51, 2.394, 39.17, 16.50, 0.006, 222.80, -21.35);
insert into SHOT values (6858, 6885, 6894, 1583, 2.203, 49.05, 16.32, 2.201, 48.84, 16.36, 0.008, 302.67, 6.58);
insert into SHOT values (6859, 6885, 6895, 1583, 2.347, 79.90, 12.30, 2.349, 79.96, 12.29, 0.003, 129.39, 0.33);
insert into SHOT values (6860, 6885, 6896, 1583, 2.736, 96.03, 13.72, 2.733, 96.05, 13.76, 0.003, 259.94, 18.41);
insert into SHOT values (6861, 6885, 6897, 1583, 2.580, 27.87, 29.15, 2.579, 27.82, 29.25, 0.005, 242.66, 40.02);
insert into SHOT values (6862, 6885, 6898, 1583, 5.742, 121.29, -0.73, 5.735, 121.31, -0.70, 0.007, 291.11, 25.48);
insert into SHOT values (6863, 6885, 6899, 1583, 1.439, 62.89, 86.61, 1.432, 60.26, 86.77, 0.009, 282.08, -47.81);
insert into SHOT values (6864, 6885, 6900, 1583, 0.174, 66.12, -80.50, 0.171, 63.43, -82.51, 0.007, 255.46, 14.01);
insert into SHOT values (6865, 6885, 6901, 1583, 1.133, 68.18, 7.35, 1.130, 68.01, 7.11, 0.006, 306.93, -50.84);
insert into SHOT values (6866, 6885, 6902, 1583, 2.613, 79.65, -0.88, 2.613, 79.64, -0.66, 0.010, 344.98, 85.25);
insert into SHOT values (6867, 6902, 6903, 1583, 3.336, 357.81, -15.10, 3.338, 357.87, -15.11, 0.003, 61.53, -16.65);
insert into SHOT values (6868, 6902, 6904, 1583, 3.196, 13.88, -16.17, 3.197, 13.95, -16.16, 0.003, 87.87, 0.82);
insert into SHOT values (6869, 6902, 6905, 1583, 3.469, 29.60, -18.75, 3.473, 29.53, -18.82, 0.007, 324.67, -45.65);
insert into SHOT values (6870, 6902, 6906, 1583, 3.325, 50.31, -22.51, 3.326, 50.15, -22.45, 0.010, 335.67, 17.56);
insert into SHOT values (6871, 6902, 6907, 1583, 3.367, 119.34, -26.68, 3.341, 119.22, -26.48, 0.029, 319.01, 48.90);
insert into SHOT values (6872, 6907, 6908, 1583, 0.832, 91.20, 39.92, 0.831, 90.90, 39.63, 0.006, 30.92, -44.47);
insert into SHOT values (6873, 6907, 6909, 1583, 1.313, 142.34, 28.37, 1.310, 142.04, 28.24, 0.007, 42.14, -31.78);
insert into SHOT values (6874, 6907, 6910, 1583, 1.813, 155.65, 21.39, 1.816, 155.56, 21.31, 0.005, 115.91, -15.07);
insert into SHOT values (6875, 6907, 6911, 1583, 1.804, 15.20, 3.37, 1.808, 15.42, 3.17, 0.010, 74.30, -37.14);
insert into SHOT values (6876, 6907, 6912, 1583, 5.179, 169.46, 14.48, 5.178, 169.43, 14.43, 0.006, 90.78, -57.65);
insert into SHOT values (6877, 6907, 6913, 1583, 3.928, 131.23, -10.27, 3.917, 131.00, -10.15, 0.021, 10.94, 29.85);
insert into SHOT values (6878, 6913, 6914, 1583, 4.545, 270.66, 21.98, 4.553, 270.54, 22.06, 0.014, 212.37, 40.15);
insert into SHOT values (6879, 6913, 6915, 1583, 5.610, 256.28, 22.71, 5.615, 256.26, 22.74, 0.006, 219.74, 46.79);
insert into SHOT values (6880, 6913, 6916, 1583, 5.249, 238.67, 25.16, 5.258, 238.58, 25.21, 0.013, 188.88, 39.76);
insert into SHOT values (6881, 6913, 6917, 1583, 5.659, 212.19, 15.01, 5.668, 212.29, 15.35, 0.036, 305.26, 74.54);
insert into SHOT values (6882, 6917, 6918, 1583, 2.084, 99.51, -10.12, 2.091, 99.51, -10.19, 0.008, 97.48, -29.67);
insert into SHOT values (6883, 6917, 6919, 1583, 13.841, 96.18, -10.85, 13.847, 96.16, -10.86, 0.008, 51.00, -32.74);
insert into SHOT values (6884, 6917, 6920, 1583, 2.943, 172.87, -20.30, 2.921, 172.87, -20.23, 0.022, 352.84, 30.09);
insert into SHOT values (6885, 6920, 6800, 1583, 1.454, 181.12, 60.76, 1.473, 180.81, 61.17, 0.022, 88.59, 79.50);
insert into SHOT values (6886, 6917, 6921, 1583, 8.504, 59.79, -12.17, 8.512, 59.77, -12.14, 0.010, 36.51, 15.86);
insert into SHOT values (6887, 6917, 6922, 1583, 9.232, 70.96, -11.48, 9.239, 70.98, -11.49, 0.008, 96.01, -19.17);
insert into SHOT values (6888, 6917, 6923, 1583, 9.912, 78.52, -10.69, 9.917, 78.52, -10.69, 0.005, 64.21, -14.68);
insert into SHOT values (6889, 6917, 6924, 1583, 9.111, 83.10, -10.98, 9.113, 83.07, -11.01, 0.008, 4.42, -36.84);
insert into SHOT values (6890, 6917, 6925, 1583, 8.893, 93.47, -9.12, 8.898, 93.46, -9.12, 0.006, 68.64, -4.17);
insert into SHOT values (6891, 6917, 6926, 1583, 8.647, 100.38, -7.92, 8.652, 100.35, -7.91, 0.007, 56.54, 12.02);
insert into SHOT values (6892, 6917, 6927, 1583, 8.657, 25.68, -11.02, 8.663, 25.72, -11.05, 0.009, 72.49, -35.01);
insert into SHOT values (6893, 6917, 6928, 1583, 9.564, 28.63, -10.87, 9.570, 28.61, -10.90, 0.009, 350.52, -44.82);
insert into SHOT values (6894, 6917, 6929, 1583, 7.550, 95.40, -14.67, 7.557, 95.34, -14.64, 0.012, 47.22, 9.92);
insert into SHOT values (6895, 6917, 6930, 1583, 7.619, 95.53, -14.55, 7.620, 95.53, -14.59, 0.006, 348.15, -77.56);
insert into SHOT values (6896, 6917, 6931, 1583, 7.580, 95.35, -14.74, 7.581, 95.32, -14.75, 0.005, 19.43, -17.82);
insert into SHOT values (6897, 6931, 6932, 1583, 3.635, 148.26, 4.99, 3.638, 148.20, 5.05, 0.006, 92.13, 36.01);
insert into SHOT values (6898, 6931, 6933, 1583, 3.846, 131.82, 3.25, 3.845, 131.83, 3.28, 0.002, 293.29, 52.43);
insert into SHOT values (6899, 6931, 6934, 1583, 4.360, 116.79, 0.78, 4.361, 116.86, 0.79, 0.005, 197.59, 7.45);
insert into SHOT values (6900, 6931, 6935, 1583, 8.663, 100.83, -1.62, 8.668, 100.84, -1.65, 0.007, 114.57, -43.78);
insert into SHOT values (6901, 6931, 6936, 1583, 8.357, 87.82, -3.70, 8.364, 87.80, -3.70, 0.007, 61.72, -5.50);
insert into SHOT values (6902, 6931, 6937, 1583, 7.730, 78.74, -4.44, 7.731, 78.78, -4.45, 0.005, 161.39, -19.56);
insert into SHOT values (6903, 6931, 6938, 1583, 7.090, 68.53, -4.97, 7.094, 68.59, -4.93, 0.009, 125.79, 27.59);
insert into SHOT values (6904, 6931, 6939, 1583, 6.541, 48.43, -5.91, 6.544, 48.42, -5.88, 0.005, 31.72, 42.15);
insert into SHOT values (6905, 6931, 6940, 1583, 4.905, 356.70, 0.97, 4.909, 356.73, 0.93, 0.005, 26.58, -35.46);
insert into SHOT values (6906, 6931, 6941, 1583, 3.889, 11.00, 3.15, 3.887, 10.99, 3.10, 0.004, 216.01, -60.14);
insert into SHOT values (6907, 6931, 6942, 1583, 3.363, 26.09, 5.84, 3.358, 26.10, 5.81, 0.005, 199.01, -24.56);
insert into SHOT values (6908, 6931, 6943, 1583, 2.494, 318.79, 5.89, 2.494, 318.92, 5.98, 0.007, 50.39, 36.28);
insert into SHOT values (6909, 6931, 6944, 1583, 6.974, 328.70, 1.89, 6.968, 328.68, 1.89, 0.006, 173.74, -0.07);
insert into SHOT values (6910, 6944, 6945, 1583, 6.233, 303.24, 7.80, 6.232, 303.30, 7.84, 0.008, 45.45, 32.02);
insert into SHOT values (6911, 6945, 6946, 1583, 2.889, 295.71, 13.23, 2.894, 295.66, 13.18, 0.006, 267.77, -10.76);
insert into SHOT values (6912, 6945, 6947, 1583, 3.025, 348.49, 14.57, 3.027, 348.38, 14.54, 0.006, 280.40, -9.04);
insert into SHOT values (6913, 6945, 6948, 1583, 4.446, 323.14, 11.85, 4.444, 323.13, 11.82, 0.003, 184.77, -60.77);
insert into SHOT values (6914, 6948, 6949, 1583, 2.183, 90.47, 19.11, 2.179, 90.56, 19.02, 0.006, 222.09, -50.02);
insert into SHOT values (6915, 6948, 6950, 1583, 1.224, 21.68, 15.15, 1.224, 21.35, 15.16, 0.007, 288.18, 0.93);
insert into SHOT values (6916, 6948, 6951, 1583, 1.213, 327.12, 8.10, 1.213, 327.24, 8.06, 0.003, 52.67, -21.30);
insert into SHOT values (6917, 6948, 6952, 1583, 3.111, 307.99, -11.89, 3.115, 308.07, -11.86, 0.006, 351.24, 9.09);
insert into SHOT values (6918, 6948, 6953, 1583, 1.460, 107.34, 18.82, 1.460, 107.26, 18.78, 0.002, 24.28, -24.45);
insert into SHOT values (6919, 6948, 6954, 1583, 0.366, 184.18, 31.49, 0.365, 185.53, 31.39, 0.007, 279.95, -9.14);
insert into SHOT values (6920, 6948, 6955, 1583, 1.668, 272.54, 3.58, 1.675, 272.74, 3.42, 0.010, 311.43, -24.30);
insert into SHOT values (6921, 6948, 6956, 1583, 0.957, 327.85, 73.12, 0.953, 327.99, 72.72, 0.008, 335.52, -48.06);
insert into SHOT values (6922, 6948, 6957, 1583, 0.479, 325.61, -52.91, 0.481, 324.69, -52.26, 0.007, 283.19, 16.55);
insert into SHOT values (6923, 6948, 6958, 1583, 4.148, 284.15, -7.77, 4.154, 284.21, -7.75, 0.007, 315.53, 6.54);
insert into SHOT values (6924, 6948, 6959, 1583, 2.321, 269.99, -11.53, 2.328, 270.00, -11.65, 0.008, 272.05, -46.13);
insert into SHOT values (6925, 6959, 6960, 1583, 0.690, 99.82, -22.95, 0.690, 99.90, -22.12, 0.010, 111.90, 64.89);
insert into SHOT values (6926, 6960, 6961, 1583, 4.066, 303.41, 3.29, 4.070, 303.46, 3.24, 0.006, 339.81, -34.54);
insert into SHOT values (6927, 6960, 6962, 1583, 4.972, 316.97, -8.89, 4.970, 316.98, -8.91, 0.003, 122.91, -38.23);
insert into SHOT values (6928, 6960, 6963, 1583, 3.341, 297.78, -32.40, 3.346, 297.83, -32.34, 0.007, 319.27, 1.70);
insert into SHOT values (6929, 6960, 6964, 1583, 6.408, 338.15, -18.15, 6.418, 338.15, -18.16, 0.010, 332.48, -23.01);
insert into SHOT values (6930, 6960, 6965, 1583, 7.703, 326.92, -10.90, 7.706, 326.92, -10.92, 0.004, 310.14, -52.34);
insert into SHOT values (6931, 6965, 6966, 1583, 0.907, 285.02, 8.11, 0.909, 284.81, 8.22, 0.004, 224.92, 27.56);
insert into SHOT values (6932, 6965, 6967, 1583, 0.666, 212.55, -4.82, 0.668, 212.74, -5.15, 0.005, 257.73, -53.79);
insert into SHOT values (6933, 6965, 6968, 1583, 2.967, 251.64, -6.46, 2.970, 251.63, -6.57, 0.007, 228.92, -68.51);
insert into SHOT values (6934, 6965, 6969, 1583, 1.634, 256.43, -4.77, 1.631, 256.48, -4.92, 0.005, 56.47, -49.69);
insert into SHOT values (6935, 6965, 6970, 1583, 1.389, 244.85, 3.92, 1.385, 244.73, 3.73, 0.007, 104.85, -47.26);
insert into SHOT values (6936, 6965, 6971, 1583, 3.685, 247.95, -6.15, 3.678, 247.99, -6.24, 0.009, 48.92, -33.59);
insert into SHOT values (6937, 6971, 6972, 1583, 2.956, 135.08, -5.38, 2.954, 135.28, -5.24, 0.012, 233.20, 35.89);
insert into SHOT values (6938, 6971, 6973, 1583, 1.380, 320.47, 7.12, 1.381, 320.03, 7.07, 0.011, 233.74, -5.67);
insert into SHOT values (6939, 6971, 6974, 1583, 1.942, 315.37, -0.30, 1.945, 315.21, -0.29, 0.006, 249.89, 1.55);
insert into SHOT values (6940, 6971, 6975, 1583, 1.891, 316.59, 1.73, 1.890, 316.50, 1.82, 0.004, 200.25, 40.42);
insert into SHOT values (6941, 6971, 6976, 1583, 1.942, 315.45, -0.44, 1.945, 315.21, -0.29, 0.010, 242.70, 29.30);
insert into SHOT values (6942, 6976, 6977, 1583, 0.581, 42.25, 18.05, 0.581, 42.06, 18.05, 0.002, 307.83, -0.65);
insert into SHOT values (6943, 6976, 6978, 1583, 0.331, 234.90, 44.26, 0.330, 233.62, 44.26, 0.006, 133.13, -10.55);
insert into SHOT values (6944, 6976, 6979, 1583, 0.529, 334.01, 69.40, 0.525, 334.80, 69.02, 0.006, 29.91, -59.04);
insert into SHOT values (6945, 6976, 6980, 1583, 3.578, 340.39, 21.87, 3.577, 340.47, 21.83, 0.005, 64.24, -31.37);
insert into SHOT values (6946, 6980, 6981, 1583, 1.357, 86.23, -5.92, 1.360, 86.19, -5.91, 0.003, 66.62, -0.66);
insert into SHOT values (6947, 6980, 6982, 1583, 2.166, 129.55, -21.62, 2.164, 129.55, -21.70, 0.004, 312.26, -29.54);
insert into SHOT values (6948, 6980, 6983, 1583, 2.421, 199.76, 4.83, 2.423, 199.86, 4.97, 0.007, 273.87, 55.46);
insert into SHOT values (6949, 6980, 6984, 1583, 2.725, 244.83, 9.42, 2.722, 244.87, 9.52, 0.006, 44.72, 42.25);
insert into SHOT values (6950, 6980, 6985, 1583, 0.271, 89.86, 75.68, 0.269, 90.00, 74.93, 0.004, 93.05, -40.92);
insert into SHOT values (6951, 6980, 6986, 1583, 0.721, 120.54, -74.35, 0.718, 120.47, -74.05, 0.005, 114.85, 57.25);
insert into SHOT values (6952, 6980, 6987, 1583, 2.962, 157.04, -36.19, 2.961, 157.08, -36.23, 0.003, 297.51, -21.63);
insert into SHOT values (6953, 6980, 6988, 1583, 1.126, 259.57, 22.96, 1.127, 259.45, 22.98, 0.003, 187.64, 17.51);
insert into SHOT values (6954, 6980, 6989, 1583, 2.792, 336.41, 20.92, 2.792, 336.48, 20.99, 0.005, 91.61, 41.50);
insert into SHOT values (6955, 6989, 6990, 1583, 3.356, 126.92, -14.16, 3.358, 127.01, -14.14, 0.005, 194.92, 10.54);
insert into SHOT values (6956, 6989, 6991, 1583, 3.873, 114.54, -15.33, 3.867, 114.57, -15.45, 0.010, 281.87, -37.72);
insert into SHOT values (6957, 6989, 6992, 1583, 2.127, 103.03, -14.85, 2.127, 103.22, -14.99, 0.009, 205.36, -34.97);
insert into SHOT values (6958, 6989, 6993, 1583, 0.523, 213.29, -7.47, 0.523, 214.00, -7.69, 0.007, 302.83, -17.53);
insert into SHOT values (6959, 6989, 6994, 1583, 0.675, 41.56, -10.67, 0.671, 41.92, -11.17, 0.008, 180.87, -38.53);
insert into SHOT values (6960, 6989, 6995, 1583, 3.920, 297.08, 16.01, 3.922, 296.97, 15.99, 0.008, 223.31, -8.57);
insert into SHOT values (6961, 6995, 6996, 1583, 0.823, 172.12, 10.21, 0.821, 172.17, 10.52, 0.005, 337.19, 58.47);
insert into SHOT values (6962, 6995, 6997, 1583, 3.874, 185.00, 2.66, 3.869, 185.05, 2.67, 0.006, 334.64, 2.15);
insert into SHOT values (6963, 6995, 6998, 1583, 3.535, 218.57, 1.18, 3.530, 218.56, 1.14, 0.006, 50.61, -30.11);
insert into SHOT values (6964, 6995, 6999, 1583, 5.370, 147.42, 0.07, 5.365, 147.41, 0.11, 0.006, 346.58, 32.68);
insert into SHOT values (6965, 6995, 7000, 1583, 0.913, 37.68, -7.49, 0.914, 37.38, -7.54, 0.005, 317.12, -11.28);
insert into SHOT values (6966, 6995, 7001, 1583, 1.777, 338.22, -9.49, 1.779, 338.26, -9.38, 0.004, 4.49, 51.33);
insert into SHOT values (6967, 6995, 7002, 1583, 1.689, 298.78, -2.27, 1.693, 298.99, -2.37, 0.008, 353.31, -22.73);
insert into SURVEY values (1585, 1229, 'upstream_2016', 'upstream_2016.pigeonHole.Cong', NULL);
 insert into CENTRELINE values (1586, 1585, NULL, NULL, NULL, 0.00, 0.00, 0.00);
 insert into SCRAPS values (1587, 1585, 'upstream_2016SP1', 1, 0.43646, 0.00510);
 insert into MAPS values (1676, 1585, 'upstream_2016M', NULL, 1, 569.540, -34.600);
 insert into MAPITEMS values (1676, 4, 1587);
 insert into CENTRELINE values (1677, 1585, NULL, '2016-07-02', NULL, 569.54, 0.00, 5.00);
 insert into PERSON values (19, 'Michal', 'Marek');
insert into TOPO values (19, 1677);
 insert into SHOT values (6968, 7003, 7004, 1677, 5.000, 21.56, 0.00, 5.001, 21.59, 0.00, 0.002, 91.67, 0.00);
insert into SHOT_FLAG values(6968, 'dpl');
insert into SHOT values (6969, 7004, 7005, 1677, 2.750, 66.56, -79.06, 2.750, 66.37, -79.02, 0.003, 23.90, 0.00);
insert into SHOT values (6970, 7005, 7006, 1677, 6.700, 6.56, -32.50, 6.696, 6.51, -32.52, 0.007, 238.15, -0.00);
insert into SHOT values (6971, 7006, 7007, 1677, 3.500, 356.56, -45.58, 3.496, 356.72, -45.65, 0.009, 126.59, 0.00);
insert into SHOT values (6972, 7007, 7008, 1677, 3.750, 326.56, -4.59, 3.751, 326.56, -4.59, 0.001, 336.29, -0.00);
insert into SHOT values (6973, 7008, 7009, 1677, 3.100, 336.56, -9.28, 3.104, 336.53, -9.27, 0.004, 313.57, 0.00);
insert into SHOT values (6974, 7009, 7010, 1677, 1.600, 301.56, -3.58, 1.602, 301.70, -3.58, 0.004, 8.77, -0.00);
insert into SHOT values (6975, 7010, 7011, 1677, 3.170, 271.56, 1.81, 3.173, 271.45, 1.81, 0.007, 203.23, 0.00);
insert into SHOT values (6976, 7011, 7012, 1677, 7.700, 306.56, -6.71, 7.701, 306.60, -6.71, 0.005, 26.72, 0.00);
insert into SHOT values (6977, 7012, 7013, 1677, 2.900, 341.56, -11.94, 2.899, 341.50, -11.94, 0.003, 238.88, -0.00);
insert into SHOT values (6978, 7013, 7014, 1677, 5.050, 341.56, -12.58, 5.054, 341.57, -12.57, 0.004, 343.83, -0.00);
insert into SHOT values (6979, 7014, 7015, 1677, 10.470, 346.56, -7.68, 10.468, 346.57, -7.69, 0.002, 149.99, 0.00);
insert into SHOT values (6980, 7015, 7016, 1677, 16.620, 356.56, -9.00, 16.614, 356.58, -9.00, 0.007, 144.88, -0.00);
insert into SHOT values (6981, 7016, 7017, 1677, 3.900, 26.56, -14.86, 3.909, 26.57, -14.82, 0.009, 27.38, 0.00);
insert into SHOT values (6982, 7017, 7018, 1677, 10.120, 356.56, -14.89, 10.118, 356.54, -14.89, 0.005, 233.47, 0.00);
insert into SHOT values (6983, 7018, 7019, 1677, 10.700, 6.56, -8.60, 10.700, 6.57, -8.60, 0.001, 115.07, -0.00);
insert into SHOT values (6984, 7019, 7020, 1677, 15.900, 1.56, -9.78, 15.897, 1.57, -9.78, 0.004, 141.30, 0.00);
insert into SHOT values (6985, 7020, 7021, 1677, 7.400, 346.56, -14.08, 7.399, 346.54, -14.08, 0.002, 238.63, -0.00);
insert into SHOT values (6986, 7021, 7022, 1677, 15.500, 1.56, -7.04, 15.503, 1.56, -7.04, 0.003, 8.74, 0.00);
insert into SHOT values (6987, 7022, 7023, 1677, 28.000, 1.56, -10.29, 28.000, 1.56, -10.29, 0.001, 281.40, -0.00);
insert into SHOT values (6988, 7023, 7024, 1677, 10.600, 336.56, -7.04, 10.600, 336.53, -7.04, 0.006, 250.36, 0.00);
insert into SHOT values (6989, 7024, 7025, 1677, 11.900, 346.56, 16.60, 11.898, 346.56, 16.60, 0.002, 180.02, -0.00);
insert into SHOT values (6990, 7025, 7026, 1677, 3.900, 346.56, 27.49, 3.903, 346.65, 27.46, 0.006, 38.77, 0.00);
insert into SHOT values (6991, 7026, 7027, 1677, 3.000, 286.56, 9.59, 2.994, 286.53, 9.61, 0.006, 121.50, 0.00);
insert into SHOT values (6992, 7027, 7028, 1677, 28.000, 266.56, 0.00, 28.000, 266.56, 0.00, 0.001, 194.67, 0.00);
insert into SHOT values (6993, 7028, 7029, 1677, 6.450, 296.56, 23.77, 6.450, 296.57, 23.77, 0.001, 320.70, 0.00);
insert into SHOT values (6994, 7029, 7030, 1677, 8.000, 276.56, 35.10, 8.006, 276.57, 35.07, 0.008, 283.97, -0.00);
insert into SHOT values (6995, 7030, 7031, 1677, 4.400, 266.56, -10.48, 4.401, 266.56, -10.47, 0.001, 241.27, 0.00);
insert into SHOT values (6996, 7031, 7032, 1677, 11.000, 246.56, -10.48, 10.995, 246.56, -10.48, 0.005, 62.51, 0.00);
insert into SHOT values (6997, 7032, 7033, 1677, 34.600, 266.56, 2.15, 34.596, 266.57, 2.15, 0.004, 50.11, 0.00);
insert into SHOT values (6998, 7033, 7034, 1677, 7.740, 271.56, 2.22, 7.739, 271.56, 2.22, 0.002, 126.37, 0.00);
insert into SHOT values (6999, 7034, 7035, 1677, 7.140, 256.56, 8.86, 7.148, 256.57, 8.85, 0.008, 265.58, 0.00);
insert into SHOT values (7000, 7035, 7036, 1677, 13.950, 276.56, 1.23, 13.944, 276.55, 1.23, 0.007, 127.07, -0.00);
insert into SHOT values (7001, 7036, 7037, 1677, 16.220, 241.56, 1.06, 16.218, 241.57, 1.06, 0.003, 10.80, 0.00);
insert into SHOT values (7002, 7037, 7038, 1677, 14.550, 251.56, 2.76, 14.554, 251.55, 2.76, 0.005, 216.96, 0.00);
insert into SHOT values (7003, 7038, 7039, 1677, 19.240, 236.56, 2.09, 19.233, 236.57, 2.09, 0.007, 47.45, 0.00);
insert into SHOT values (7004, 7039, 7040, 1677, 12.500, 241.56, 5.51, 12.510, 241.56, 5.50, 0.010, 240.48, 0.00);
insert into SHOT values (7005, 7040, 7041, 1677, 10.000, 256.56, 6.89, 9.993, 256.59, 6.90, 0.009, 40.64, -0.00);
insert into SHOT values (7006, 7041, 7042, 1677, 20.770, 256.56, 1.66, 20.768, 256.55, 1.66, 0.006, 151.60, 0.00);
insert into SHOT values (7007, 7042, 7043, 1677, 8.700, 286.56, 6.60, 8.708, 286.59, 6.59, 0.009, 315.31, 0.00);
insert into SHOT values (7008, 7043, 7044, 1677, 11.400, 301.56, -3.02, 11.401, 301.57, -3.02, 0.001, 4.01, -0.00);
insert into SHOT values (7009, 7044, 7045, 1677, 9.500, 281.56, 7.87, 9.499, 281.52, 7.87, 0.006, 183.24, -0.00);
insert into SHOT values (7010, 7045, 7046, 1677, 5.950, 246.56, 24.85, 5.948, 246.52, 24.86, 0.005, 122.77, 0.00);
insert into SHOT values (7011, 7046, 7047, 1677, 8.000, 261.56, 4.30, 7.999, 261.57, 4.30, 0.001, 67.70, 0.00);
insert into SHOT values (7012, 7047, 7048, 1677, 14.350, 276.56, 2.00, 14.353, 276.57, 2.00, 0.003, 287.45, 0.00);
insert into SHOT values (7013, 7048, 7049, 1677, 16.840, 246.56, 3.06, 16.842, 246.56, 3.06, 0.002, 220.92, -0.00);
insert into SHOT values (7014, 7049, 7050, 1677, 5.650, 276.56, 6.10, 5.650, 276.64, 6.10, 0.008, 8.91, 0.00);
insert into SHOT values (7015, 7050, 7051, 1677, 14.300, 306.56, 7.23, 14.296, 306.57, 7.23, 0.005, 100.85, 0.00);
insert into SHOT values (7016, 7051, 7052, 1677, 18.670, 311.56, 5.84, 18.671, 311.55, 5.84, 0.004, 235.20, 0.00);
insert into SHOT values (7017, 7052, 7053, 1677, 2.860, 346.56, 2.00, 2.861, 346.45, 2.00, 0.006, 269.90, 0.00);
insert into SHOT values (7018, 7053, 7054, 1677, 3.780, 1.56, -1.52, 3.783, 1.67, -1.51, 0.007, 68.51, 0.00);
insert into SHOT values (7019, 7054, 7055, 1677, 10.400, 341.56, -4.96, 10.402, 341.55, -4.96, 0.003, 284.33, -0.00);
insert into SHOT values (7020, 7055, 7056, 1677, 13.850, 346.56, 7.05, 13.850, 346.58, 7.05, 0.004, 76.32, 0.00);
insert into SHOT values (7021, 7056, 7057, 1677, 5.500, 336.56, 15.83, 5.498, 336.49, 15.83, 0.007, 227.30, -0.00);
insert into SHOT values (7022, 7057, 7058, 1677, 6.500, 6.56, 22.62, 6.500, 6.60, 22.62, 0.004, 99.15, 0.00);
insert into SHOT values (7023, 7058, 7059, 1677, 10.500, 1.56, 8.21, 10.501, 1.54, 8.21, 0.004, 294.26, 0.00);
insert into SURVEY values (1679, 1229, 'downstreamsump1', 'downstreamsump1.pigeonHole.Cong', NULL);
 insert into CENTRELINE values (1680, 1679, NULL, NULL, NULL, 0.00, 0.00, 0.00);
 insert into SCRAPS values (1681, 1679, 'downstreamsump1SP1', 1, 99.69683, 2.36519);
 insert into MAPS values (1726, 1679, 'downstreamsump1M', NULL, 1, 176.903, -27.920);
 insert into MAPITEMS values (1726, 4, 1681);
 insert into CENTRELINE values (1727, 1679, NULL, NULL, NULL, 176.90, 0.00, 0.00);
 insert into TOPO values (12, 1727);
 insert into PERSON values (20, 'Nick', 'Geh');
insert into TOPO values (20, 1727);
 insert into SHOT values (7024, 7060, 7061, 1727, 7.303, 117.48, -15.89, 7.306, 117.55, -15.89, 0.009, 188.68, -0.00);
insert into SHOT values (7025, 7061, 7062, 1727, 3.033, 75.84, 0.00, 3.034, 75.69, 0.00, 0.008, 355.72, 0.00);
insert into SHOT values (7026, 7062, 7063, 1727, 6.370, 147.08, -18.30, 6.374, 147.07, -18.29, 0.004, 135.83, -0.00);
insert into SHOT values (7027, 7063, 7064, 1727, 14.923, 89.83, 15.55, 14.916, 89.84, 15.55, 0.007, 247.20, 0.00);
insert into SHOT values (7028, 7064, 7065, 1727, 4.724, 165.71, -39.42, 4.721, 165.54, -39.45, 0.011, 53.59, 0.00);
insert into SHOT values (7029, 7065, 7066, 1727, 20.391, 77.99, -2.81, 20.389, 78.01, -2.81, 0.008, 184.98, -0.00);
insert into SHOT values (7030, 7066, 7067, 1727, 30.895, 123.56, 3.71, 30.892, 123.56, 3.71, 0.003, 340.52, 0.00);
insert into SHOT values (7031, 7067, 7068, 1727, 14.234, 168.58, 8.08, 14.230, 168.58, 8.08, 0.004, 350.99, 0.00);
insert into SHOT values (7032, 7068, 7069, 1727, 17.130, 51.78, -6.70, 17.058, 50.79, -6.19, 0.338, 310.75, 28.25);
insert into SHOT values (7033, 7068, 7070, 1727, 14.039, 174.93, 0.00, 14.136, 174.07, 0.32, 0.245, 109.10, 19.04);
insert into SHOT values (7034, 7068, 7071, 1727, 17.861, 228.98, 0.00, 17.869, 228.97, 0.00, 0.008, 210.86, 0.00);
insert into SHOT values (7035, 7069, 7072, 1727, 26.000, 355.76, -90.00, 26.000, 315.00, -89.97, 0.014, 315.00, 0.00);
insert into SURVEY values (1729, 1229, 'downstream', 'downstream.pigeonHole.Cong', NULL);
 insert into CENTRELINE values (1730, 1729, NULL, NULL, NULL, 0.00, 0.00, 0.00);
 insert into SCRAPS values (1731, 1729, 'downstreamSP1', 1, 5.10718, 0.26853);
 insert into MAPS values (1764, 1729, 'downstreamM', NULL, 1, 307.370, -39.080);
 insert into MAPITEMS values (1764, 4, 1731);
 insert into CENTRELINE values (1765, 1729, NULL, NULL, NULL, 307.37, 0.00, 0.00);
 insert into TOPO values (12, 1765);
 insert into SHOT values (7036, 7073, 7074, 1765, 26.000, 355.76, -90.00, 26.000, 135.00, -89.97, 0.014, 135.00, 0.00);
insert into SHOT values (7037, 7074, 7075, 1765, 4.532, 96.61, -26.18, 4.680, 97.46, -25.16, 0.180, 117.13, 3.19);
insert into SHOT values (7038, 7075, 7076, 1765, 8.080, 106.86, 0.00, 8.086, 106.82, 0.00, 0.008, 64.04, 0.00);
insert into SHOT values (7039, 7075, 7077, 1765, 9.729, 346.71, 0.00, 9.658, 347.26, -0.24, 0.124, 114.50, -18.84);
insert into SHOT values (7040, 7077, 7078, 1765, 23.921, 342.58, 0.00, 23.688, 343.82, 0.12, 0.569, 97.46, 5.04);
insert into SHOT values (7041, 7078, 7079, 1765, 5.733, 41.31, 0.00, 5.733, 42.74, -1.00, 0.174, 132.53, -34.98);
insert into SHOT values (7042, 7079, 7080, 1765, 16.240, 131.98, 0.00, 16.522, 131.88, 0.55, 0.325, 126.42, 29.50);
insert into SHOT values (7043, 7079, 7081, 1765, 15.944, 355.33, -22.11, 15.950, 355.34, -22.10, 0.008, 22.71, 0.00);
insert into SHOT values (7044, 7081, 7082, 1765, 11.067, 14.08, 0.00, 11.062, 14.07, 0.00, 0.005, 204.84, 0.00);
insert into SHOT values (7045, 7082, 7083, 1765, 10.226, 340.98, -5.61, 10.226, 340.96, -5.61, 0.003, 246.81, 0.00);
insert into SHOT values (7046, 7083, 7084, 1765, 10.470, 13.57, -5.48, 10.470, 13.60, -5.48, 0.005, 103.02, 0.00);
insert into SHOT values (7047, 7084, 7085, 1765, 17.505, 1.62, 3.27, 17.505, 1.61, 3.27, 0.004, 283.40, -0.00);
insert into SHOT values (7048, 7085, 7086, 1765, 21.699, 53.51, -2.64, 21.702, 53.52, -2.64, 0.004, 96.13, 0.00);
insert into SHOT values (7049, 7086, 7087, 1765, 26.210, 85.72, -6.57, 26.205, 85.70, -6.57, 0.008, 322.80, 0.00);
insert into SHOT values (7050, 7087, 7088, 1765, 37.496, 96.68, 0.00, 37.494, 96.68, 0.00, 0.002, 299.73, 0.00);
insert into SHOT values (7051, 7088, 7089, 1765, 47.832, 155.98, 6.00, 47.843, 155.98, 6.00, 0.011, 149.56, 0.00);
insert into SHOT values (7052, 7089, 7090, 1765, 14.685, 148.33, 0.00, 14.678, 148.31, 0.00, 0.008, 357.61, 0.00);
insert into MAPS values (1767, 1229, 'PigeonHoleM', NULL, 1, 1459.298, -54.820);
 insert into MAPITEMS values (1767, 4, 1492);
 insert into MAPITEMS values (1767, 4, 1252);
 insert into MAPITEMS values (1767, 4, 1290);
 insert into MAPITEMS values (1767, 4, 1366);
 insert into MAPITEMS values (1767, 4, 1407);
 insert into MAPITEMS values (1767, 4, 1327);
 insert into MAPITEMS values (1767, 4, 1305);
 insert into MAPITEMS values (1767, 4, 1340);
 insert into MAPITEMS values (1767, 4, 1352);
 insert into MAPITEMS values (1767, 4, 1407);
 insert into MAPITEMS values (1767, 4, 1676);
 insert into MAPITEMS values (1767, 4, 1726);
 insert into MAPITEMS values (1767, 4, 1764);
 insert into MAPITEMS values (1767, 4, 1582);
 insert into SURVEY values (1772, 19, 'priestsHole', 'priestsHole.Cong', 'Priest''s Hole');
 insert into CENTRELINE values (1773, 1772, NULL, NULL, NULL, 0.00, 0.00, 0.00);
 insert into SURVEY values (1774, 1772, 'priestsHoleMain', 'priestsHoleMain.priestsHole.Cong', 'Priest''s Hole');
 insert into CENTRELINE values (1775, 1774, NULL, NULL, NULL, 0.00, 0.00, 0.00);
 insert into SCRAPS values (1776, 1774, 'priestsHoleMainSP1', 1, 0.16614, 0.06911);
 insert into SCRAPS values (1789, 1774, 'priestsHoleMainSX1.0', 2, 0.00000, 0.00000);
 insert into SCRAPS values (1793, 1774, 'priestsHoleMainSX1.2', 2, 0.00000, 0.00000);
 insert into SCRAPS values (1797, 1774, 'priestsHoleMainSX1.1', 2, 0.00000, 0.00000);
 insert into SCRAPS values (1801, 1774, 'priestsHoleMainEeSP1', 3, 0.00142, 0.00000);
 insert into MAPS values (1804, 1774, 'priestsHoleMainM', NULL, 1, 8.432, -1.710);
 insert into MAPITEMS values (1804, 4, 1776);
 insert into MAPS values (1805, 1774, 'priestsHoleMainEeM', NULL, 3, 0.000, 0.00);
 insert into MAPITEMS values (1805, 4, 1801);
 insert into CENTRELINE values (1806, 1774, NULL, '2013-09-14', NULL, 8.43, 0.00, 0.00);
 insert into TOPO values (1, 1806);
 insert into TOPO values (13, 1806);
 insert into TOPO values (10, 1806);
 insert into SHOT values (7053, 7091, 7092, 1806, 0.693, 42.76, 4.97, 0.696, 42.66, 4.94, 0.003, 22.74, -0.64);
insert into SHOT values (7054, 7091, 7093, 1806, 1.096, 48.90, -5.60, 1.097, 48.72, -5.76, 0.005, 326.50, -41.07);
insert into SHOT values (7055, 7091, 7094, 1806, 1.239, 51.79, -20.56, 1.241, 51.65, -20.77, 0.006, 327.94, -59.92);
insert into SHOT values (7056, 7091, 7095, 1806, 1.921, 54.13, -30.50, 1.918, 54.10, -30.39, 0.005, 273.85, 76.03);
insert into SHOT values (7057, 7091, 7096, 1806, 1.398, 53.32, -38.08, 1.396, 53.13, -38.02, 0.004, 316.31, 31.64);
insert into SHOT values (7058, 7091, 7097, 1806, 1.106, 42.16, -59.64, 1.102, 42.83, -59.53, 0.008, 132.41, 33.61);
insert into SHOT values (7059, 7091, 7098, 1806, 1.013, 1.51, -70.17, 1.009, 1.68, -70.30, 0.005, 164.75, 38.78);
insert into SHOT values (7060, 7091, 7099, 1806, 1.045, 305.14, -62.37, 1.050, 304.99, -62.30, 0.006, 286.30, -47.39);
insert into SHOT values (7061, 7091, 7100, 1806, 1.184, 288.33, -48.32, 1.183, 288.43, -48.06, 0.006, 312.92, 50.28);
insert into SHOT values (7062, 7091, 7101, 1806, 1.389, 282.09, -36.34, 1.383, 281.92, -36.36, 0.007, 136.64, 27.61);
insert into SHOT values (7063, 7091, 7102, 1806, 1.326, 278.72, -27.88, 1.328, 278.82, -27.84, 0.003, 328.40, 1.36);
insert into SHOT values (7064, 7091, 7103, 1806, 1.276, 282.72, -22.10, 1.273, 282.74, -22.15, 0.003, 94.63, 1.09);
insert into SHOT values (7065, 7091, 7104, 1806, 1.203, 279.29, -19.27, 1.203, 279.13, -19.42, 0.004, 167.68, -41.73);
insert into SHOT values (7066, 7091, 7105, 1806, 0.977, 276.65, -13.01, 0.981, 276.60, -12.96, 0.004, 267.53, -0.72);
insert into SHOT values (7067, 7091, 7106, 1806, 1.066, 48.84, -4.36, 1.066, 48.81, -4.30, 0.001, 331.79, 66.91);
insert into SHOT values (7068, 7091, 7107, 1806, 0.811, 40.45, -0.14, 0.816, 40.53, 0.00, 0.005, 53.80, 22.47);
insert into SHOT values (7069, 7091, 7108, 1806, 0.623, 29.28, -6.17, 0.622, 29.05, -6.46, 0.004, 264.66, -46.17);
insert into SHOT values (7070, 7091, 7109, 1806, 0.492, 14.96, -8.65, 0.493, 15.46, -8.17, 0.006, 89.02, 41.86);
insert into SHOT values (7071, 7091, 7110, 1806, 0.523, 357.45, -10.79, 0.520, 357.75, -11.09, 0.005, 138.39, -25.71);
insert into SHOT values (7072, 7091, 7111, 1806, 0.746, 339.64, -9.96, 0.749, 339.35, -10.00, 0.005, 284.97, -12.22);
insert into SHOT values (7073, 7091, 7112, 1806, 1.301, 266.20, -29.82, 1.305, 266.46, -29.86, 0.007, 322.35, -26.38);
insert into SHOT values (7074, 7091, 7113, 1806, 1.448, 288.68, -31.52, 1.451, 288.87, -31.58, 0.006, 352.19, -32.18);
insert into SHOT values (7075, 7091, 7114, 1806, 1.732, 309.51, -26.81, 1.728, 309.47, -26.84, 0.004, 142.02, 15.34);
insert into SHOT values (7076, 7091, 7115, 1806, 2.164, 314.41, -22.52, 2.167, 314.39, -22.53, 0.003, 301.47, -27.10);
insert into SHOT values (7077, 7091, 7116, 1806, 1.270, 68.09, -21.33, 1.271, 68.20, -21.22, 0.003, 121.17, 34.11);
insert into SHOT values (7078, 7091, 7117, 1806, 1.809, 43.73, -23.38, 1.811, 43.78, -23.42, 0.003, 87.86, -43.69);
insert into SHOT values (7079, 7091, 7118, 1806, 2.702, 26.11, -20.47, 2.696, 26.06, -20.41, 0.007, 231.78, 44.49);
insert into SHOT values (7080, 7091, 7119, 1806, 3.239, 17.02, -17.45, 3.233, 16.97, -17.46, 0.006, 222.81, 11.51);
insert into SHOT values (7081, 7091, 7120, 1806, 3.322, 8.72, -17.09, 3.324, 8.69, -17.15, 0.004, 317.49, -63.71);
insert into SHOT values (7082, 7091, 7121, 1806, 3.872, 1.33, -17.62, 3.872, 1.40, -17.59, 0.005, 81.87, 24.36);
insert into SHOT values (7083, 7091, 7122, 1806, 4.658, 341.08, -12.98, 4.655, 341.09, -13.04, 0.006, 152.09, -42.07);
insert into SHOT values (7084, 7122, 7123, 1806, 1.746, 120.90, 1.18, 1.745, 120.68, 1.31, 0.008, 18.17, 31.04);
insert into SHOT values (7085, 7122, 7124, 1806, 0.795, 114.51, 5.05, 0.791, 113.96, 5.08, 0.009, 356.17, 0.14);
insert into SHOT values (7086, 7122, 7125, 1806, 1.413, 113.06, 4.06, 1.406, 113.09, 4.08, 0.007, 286.39, -0.34);
insert into SHOT values (7087, 7122, 7126, 1806, 1.391, 99.55, 3.83, 1.393, 99.53, 4.12, 0.007, 81.44, 79.25);
insert into SHOT values (7088, 7122, 7127, 1806, 1.426, 86.16, 1.45, 1.424, 85.97, 1.61, 0.006, 332.36, 37.84);
insert into SHOT values (7089, 7122, 7128, 1806, 1.408, 72.65, -1.59, 1.405, 72.60, -1.63, 0.004, 273.76, -15.29);
insert into SHOT values (7090, 7122, 7129, 1806, 1.499, 359.27, -10.77, 1.506, 359.23, -10.71, 0.008, 351.16, 0.85);
insert into SHOT values (7091, 7122, 7130, 1806, 1.383, 344.27, -9.83, 1.390, 344.34, -9.52, 0.010, 356.53, 36.14);
insert into SHOT values (7092, 7122, 7131, 1806, 1.312, 329.24, -7.40, 1.316, 329.11, -7.42, 0.005, 293.81, -11.66);
insert into SHOT values (7093, 7122, 7132, 1806, 1.271, 314.10, -2.89, 1.274, 314.36, -2.70, 0.008, 13.65, 30.77);
insert into SHOT values (7094, 7122, 7133, 1806, 1.537, 295.42, -0.30, 1.539, 295.40, 0.00, 0.008, 279.96, 77.26);
insert into SHOT values (7095, 7122, 7134, 1806, 2.184, 266.31, -0.50, 2.185, 266.33, -0.52, 0.001, 316.61, -46.34);
insert into SHOT values (7096, 7122, 7135, 1806, 2.188, 254.64, 1.28, 2.189, 254.63, 1.31, 0.001, 235.62, 52.67);
insert into SHOT values (7097, 7122, 7136, 1806, 2.165, 238.03, 1.61, 2.165, 238.22, 1.59, 0.007, 325.06, -6.51);
insert into SHOT values (7098, 7122, 7137, 1806, 1.937, 222.15, 2.34, 1.934, 222.27, 2.37, 0.005, 345.46, 10.16);
insert into SHOT values (7099, 7122, 7138, 1806, 2.035, 208.48, 4.20, 2.033, 208.59, 4.23, 0.005, 329.99, 11.82);
insert into SHOT values (7100, 7122, 7139, 1806, 2.346, 196.57, 4.96, 2.347, 196.65, 5.13, 0.008, 272.99, 63.54);
insert into SHOT values (7101, 7122, 7140, 1806, 2.719, 189.31, 5.40, 2.718, 189.36, 5.49, 0.005, 300.44, 58.16);
insert into SHOT values (7102, 7122, 7141, 1806, 3.111, 184.57, 5.98, 3.108, 184.64, 6.10, 0.008, 319.58, 46.58);
insert into SHOT values (7103, 7122, 7142, 1806, 3.731, 182.10, 6.34, 3.726, 182.17, 6.47, 0.011, 323.03, 48.26);
insert into SHOT values (7104, 7122, 7143, 1806, 3.837, 178.69, 6.57, 3.836, 178.65, 6.59, 0.003, 73.35, 19.34);
insert into SHOT values (7105, 7122, 7144, 1806, 4.178, 177.30, 6.47, 4.171, 177.37, 6.47, 0.009, 319.68, -5.08);
insert into SHOT values (7106, 7122, 7145, 1806, 3.774, 35.72, -10.19, 3.777, 35.70, -10.06, 0.009, 20.13, 59.77);
insert into SHOT values (7107, 7145, 7146, 1806, 0.476, 286.96, -28.90, 0.477, 286.70, -28.84, 0.002, 222.20, 1.17);
insert into SHOT values (7108, 7145, 7147, 1806, 1.073, 291.04, -8.63, 1.072, 291.00, -8.58, 0.001, 170.19, 50.39);
insert into SHOT values (7109, 7145, 7148, 1806, 0.843, 290.51, 12.75, 0.842, 290.64, 12.34, 0.006, 3.15, -72.06);
insert into SHOT values (7110, 7145, 7149, 1806, 0.826, 293.36, 45.30, 0.825, 293.07, 44.66, 0.010, 266.99, -47.09);
insert into SHOT values (7111, 7145, 7150, 1806, 1.239, 296.32, 62.79, 1.238, 296.11, 62.69, 0.003, 241.82, -37.31);
insert into SHOT values (7112, 7145, 7151, 1806, 1.636, 295.07, 79.93, 1.635, 294.78, 79.91, 0.002, 216.53, -28.14);
insert into SHOT values (7113, 7145, 7152, 1806, 1.110, 324.72, 83.52, 1.107, 321.34, 83.36, 0.008, 253.53, -20.05);
insert into SHOT values (7114, 7145, 7153, 1806, 0.787, 53.75, 82.75, 0.786, 53.13, 82.69, 0.001, 355.84, -29.10);
insert into SHOT values (7115, 7145, 7154, 1806, 0.515, 90.12, 64.37, 0.510, 90.00, 64.44, 0.005, 279.37, -57.05);
insert into SHOT values (7116, 7145, 7155, 1806, 0.378, 97.97, 47.51, 0.370, 99.09, 46.84, 0.010, 211.82, -58.16);
insert into SHOT values (7117, 7145, 7156, 1806, 0.260, 102.98, 16.28, 0.257, 104.04, 15.80, 0.006, 218.99, -29.57);
insert into SHOT values (7118, 7145, 7157, 1806, 0.282, 116.57, -37.34, 0.281, 116.57, -37.24, 0.001, 297.44, 60.25);
insert into SHOT values (7119, 7145, 7158, 1806, 1.371, 242.24, 1.67, 1.378, 242.32, 1.66, 0.008, 257.35, 0.34);
insert into SHOT values (7120, 7145, 7159, 1806, 1.202, 251.25, -0.14, 1.205, 251.11, -0.48, 0.008, 206.84, -60.41);
insert into SHOT values (7121, 7145, 7160, 1806, 1.172, 262.82, -0.64, 1.180, 262.69, -0.97, 0.011, 244.48, -40.62);
insert into SHOT values (7122, 7145, 7161, 1806, 0.988, 283.32, 0.46, 0.987, 283.47, 0.00, 0.008, 30.00, -70.54);
insert into SHOT values (7123, 7145, 7162, 1806, 0.922, 297.46, -0.19, 0.921, 297.12, -0.62, 0.009, 200.00, -51.87);
insert into SHOT values (7124, 7145, 7163, 1806, 0.905, 319.23, 3.29, 0.902, 319.05, 3.18, 0.005, 179.40, -24.59);
insert into SHOT values (7125, 7145, 7164, 1806, 1.275, 339.64, -0.85, 1.272, 339.29, -0.90, 0.008, 230.94, -7.51);
insert into SHOT values (7126, 7145, 7165, 1806, 1.174, 351.80, -2.20, 1.173, 351.66, -2.44, 0.006, 246.64, -59.91);
insert into SHOT values (7127, 7145, 7166, 1806, 1.016, 2.06, 3.84, 1.012, 1.70, 3.40, 0.011, 244.38, -48.60);
insert into SHOT values (7128, 7145, 7167, 1806, 0.632, 11.14, 6.27, 0.635, 10.95, 6.33, 0.004, 339.53, 14.22);
insert into SHOT values (7129, 7145, 7168, 1806, 0.388, 24.39, 12.51, 0.380, 23.81, 12.15, 0.009, 232.07, -26.48);
insert into SHOT values (7130, 7145, 7169, 1806, 0.318, 56.04, 18.13, 0.318, 55.78, 18.30, 0.002, 330.71, 38.00);
insert into SHOT values (7131, 7145, 7170, 1806, 0.222, 93.32, 8.79, 0.222, 92.60, 7.76, 0.005, 19.89, -53.86);
insert into SHOT values (7132, 7145, 7171, 1806, 0.267, 120.05, 7.54, 0.266, 119.48, 6.48, 0.006, 19.14, -61.94);
insert into SHOT values (7133, 7145, 7172, 1806, 0.513, 147.83, 6.15, 0.510, 147.88, 5.62, 0.005, 317.46, -64.68);
insert into SHOT values (7134, 7145, 7173, 1806, 0.817, 165.53, 4.56, 0.817, 165.79, 4.21, 0.006, 247.99, -52.41);
insert into SHOT values (7135, 7145, 7174, 1806, 1.352, 177.06, 3.44, 1.354, 177.03, 3.39, 0.003, 162.02, -25.77);
insert into SHOT values (7136, 7145, 7175, 1806, 1.498, 186.68, 3.87, 1.494, 186.93, 3.84, 0.008, 305.59, -8.23);
insert into SHOT values (7137, 7145, 7176, 1806, 2.625, 194.48, 7.44, 2.625, 194.46, 7.44, 0.001, 70.91, 7.07);
insert into SHOT values (7138, 7145, 7177, 1806, 1.286, 238.46, 4.46, 1.292, 238.65, 4.44, 0.007, 275.55, -0.03);
insert into SHOT values (7139, 7145, 7178, 1806, 2.724, 238.86, 3.03, 2.727, 238.82, 2.94, 0.005, 209.85, -47.24);
insert into SHOT values (7140, 7145, 7179, 1806, 1.298, 243.26, 21.71, 1.299, 243.43, 21.68, 0.004, 310.88, -2.01);
insert into SHOT values (7141, 7145, 7180, 1806, 0.944, 238.53, 29.79, 0.946, 238.44, 29.77, 0.003, 209.13, 20.99);
insert into SHOT values (7142, 7145, 7181, 1806, 1.047, 226.21, 24.85, 1.051, 226.27, 24.74, 0.005, 239.13, 0.05);
insert into SHOT values (7143, 7145, 7182, 1806, 1.353, 214.54, 24.50, 1.350, 214.72, 24.50, 0.005, 334.58, -13.10);
insert into SHOT values (7144, 7145, 7183, 1806, 1.589, 205.29, 21.01, 1.591, 205.53, 21.00, 0.006, 280.84, 2.60);
insert into SHOT values (7145, 7145, 7184, 1806, 1.173, 215.11, 35.26, 1.166, 215.19, 35.07, 0.008, 13.33, -62.96);
insert into SHOT values (7146, 7145, 7185, 1806, 1.243, 220.90, 48.20, 1.243, 221.12, 47.73, 0.011, 243.66, -38.09);
insert into SHOT values (7147, 7145, 7186, 1806, 0.980, 232.40, 56.28, 0.975, 232.50, 56.21, 0.006, 27.42, -66.71);
insert into SHOT values (7148, 7145, 7187, 1806, 1.020, 256.63, 60.41, 1.014, 256.24, 60.18, 0.008, 179.84, -63.28);
insert into SHOT values (7149, 7145, 7188, 1806, 0.951, 302.37, 53.17, 0.948, 302.01, 53.32, 0.006, 163.86, -12.51);
insert into SHOT values (7150, 7145, 7189, 1806, 1.148, 330.59, 44.54, 1.146, 330.00, 44.30, 0.010, 251.18, -31.17);
insert into SHOT values (7151, 7145, 7190, 1806, 1.625, 345.13, 29.78, 1.621, 344.78, 29.58, 0.011, 248.48, -39.54);
insert into SHOT values (7152, 7145, 7191, 1806, 1.568, 342.35, 43.13, 1.567, 342.20, 43.07, 0.004, 261.44, -33.15);
insert into SHOT values (7153, 7145, 7192, 1806, 1.330, 337.84, 53.42, 1.322, 337.66, 53.33, 0.009, 193.88, -62.55);
insert into SHOT values (7154, 7145, 7193, 1806, 0.964, 353.85, 58.39, 0.962, 353.16, 58.44, 0.006, 248.06, -8.81);
insert into SHOT values (7155, 7145, 7194, 1806, 0.496, 14.76, 56.11, 0.496, 14.53, 55.77, 0.003, 350.01, -33.78);
insert into SHOT values (7156, 7145, 7195, 1806, 0.720, 2.49, 39.22, 0.719, 2.05, 38.77, 0.007, 302.92, -46.35);
insert into SHOT values (7157, 7145, 7196, 1806, 0.578, 39.44, 43.95, 0.574, 39.09, 44.13, 0.005, 252.31, -14.17);
insert into SHOT values (7158, 7145, 7197, 1806, 0.632, 55.83, 76.34, 0.627, 56.31, 76.70, 0.007, 222.27, -38.52);
insert into SHOT values (7159, 7145, 7198, 1806, 1.015, 104.43, 89.46, 1.010, 90.00, 89.43, 0.006, 17.15, -63.28);
insert into SHOT values (7160, 7145, 7199, 1806, 1.443, 292.97, 77.29, 1.437, 291.80, 77.00, 0.012, 243.18, -41.59);
insert into SHOT values (7161, 7145, 7200, 1806, 1.461, 220.42, 76.20, 1.454, 220.43, 75.88, 0.011, 220.92, -54.98);
insert into SHOT values (7162, 7145, 7201, 1806, 1.298, 218.13, 71.60, 1.297, 219.09, 71.47, 0.008, 288.07, -12.50);
insert into SHOT values (7163, 7145, 7202, 1806, 0.390, 148.23, 60.67, 0.389, 147.99, 60.97, 0.002, 346.23, -0.16);
insert into SHOT values (7164, 7145, 7203, 1806, 0.441, 127.99, 37.56, 0.435, 129.17, 36.74, 0.011, 228.83, -50.26);
insert into SHOT values (7165, 7145, 7204, 1806, 1.357, 351.67, -10.01, 1.356, 351.38, -10.19, 0.008, 250.57, -31.55);
insert into SHOT values (7166, 7145, 7205, 1806, 1.119, 332.41, -6.31, 1.126, 332.29, -6.63, 0.010, 311.49, -47.35);
insert into SHOT values (7167, 7145, 7206, 1806, 1.077, 6.21, -8.38, 1.078, 5.92, -8.54, 0.006, 278.15, -30.02);
insert into SHOT values (7168, 7145, 7207, 1806, 0.522, 265.00, -8.49, 0.528, 264.51, -8.71, 0.008, 228.79, -21.21);
insert into SHOT values (7169, 7145, 7208, 1806, 0.574, 353.28, -17.53, 0.573, 352.61, -18.29, 0.010, 238.87, -45.75);
insert into SHOT values (7170, 7145, 7209, 1806, 0.795, 170.58, 9.85, 0.790, 171.14, 9.47, 0.011, 288.23, -34.68);
insert into SHOT values (7171, 7145, 7210, 1806, 0.871, 169.34, 22.90, 0.871, 169.95, 22.97, 0.009, 259.93, 7.12);
insert into SHOT values (7172, 7145, 7211, 1806, 1.031, 170.81, 38.53, 1.033, 170.77, 38.30, 0.005, 163.23, -29.22);
insert into SHOT values (7173, 7145, 7212, 1806, 1.092, 174.50, 51.01, 1.082, 174.96, 50.90, 0.011, 303.56, -51.14);
insert into SHOT values (7174, 7145, 7213, 1806, 1.210, 181.53, 60.71, 1.205, 181.94, 60.65, 0.007, 292.61, -49.25);
insert into SHOT values (7175, 7145, 7214, 1806, 1.143, 192.38, 62.87, 1.138, 193.24, 62.58, 0.011, 263.83, -41.02);
insert into SHOT values (7176, 7145, 7215, 1806, 0.229, 206.56, 65.14, 0.225, 209.05, 62.76, 0.011, 240.82, -44.31);
insert into SHOT values (7177, 7145, 7216, 1806, 1.298, 202.63, 50.12, 1.294, 202.57, 49.89, 0.006, 173.74, -73.33);
insert into SHOT values (7178, 7145, 7217, 1806, 1.326, 196.87, 39.77, 1.325, 197.02, 39.34, 0.010, 222.54, -52.54);
insert into SHOT values (7179, 7145, 7218, 1806, 1.238, 217.79, 50.03, 1.233, 217.87, 49.67, 0.009, 240.99, -70.56);
insert into SHOT values (7180, 7145, 7219, 1806, 1.214, 218.60, 38.75, 1.214, 218.57, 38.77, 0.001, 94.02, 11.31);
insert into SHOT values (7181, 7145, 7220, 1806, 1.334, 187.79, 15.25, 1.339, 188.00, 15.15, 0.007, 229.20, -6.80);
insert into SHOT values (7182, 7122, 7221, 1806, 0.713, 241.79, 74.93, 0.715, 244.80, 74.77, 0.010, 318.98, 8.54);
insert into SHOT values (7183, 7122, 7222, 1806, 0.771, 261.86, 58.57, 0.773, 262.87, 58.58, 0.008, 343.86, 16.36);
insert into SHOT values (7184, 7122, 7223, 1806, 0.907, 259.99, 40.67, 0.908, 259.99, 40.51, 0.003, 261.24, -23.04);
insert into SHOT values (7185, 7122, 7224, 1806, 1.174, 254.65, 27.45, 1.177, 255.03, 27.32, 0.008, 317.44, -8.50);
insert into SHOT values (7186, 7122, 7225, 1806, 1.577, 255.04, 13.94, 1.577, 255.24, 13.94, 0.005, 345.48, 0.98);
insert into SHOT values (7187, 7122, 7226, 1806, 2.092, 254.45, 3.95, 2.092, 254.43, 4.11, 0.006, 124.31, 82.82);
insert into SHOT values (7188, 7122, 7227, 1806, 2.190, 254.07, -4.98, 2.192, 254.05, -4.97, 0.002, 242.12, 2.67);
insert into SHOT values (7189, 7122, 7228, 1806, 1.528, 250.77, -9.34, 1.531, 251.09, -9.02, 0.012, 316.10, 40.83);
insert into SHOT values (7190, 7122, 7229, 1806, 1.214, 249.77, -14.21, 1.215, 250.18, -13.81, 0.012, 320.52, 41.47);
insert into SHOT values (7191, 7122, 7230, 1806, 0.449, 226.55, -49.28, 0.447, 226.40, -49.54, 0.003, 61.18, 5.69);
insert into SHOT values (7192, 7122, 7231, 1806, 0.428, 132.83, -65.61, 0.428, 132.71, -65.60, 0.000, 68.74, -25.88);
insert into SHOT values (7193, 7122, 7232, 1806, 0.611, 104.13, -38.37, 0.607, 103.45, -38.78, 0.008, 326.70, -5.03);
insert into SHOT values (7194, 7122, 7233, 1806, 0.999, 99.66, -20.57, 0.996, 99.26, -20.58, 0.007, 343.44, 7.91);
insert into SHOT values (7195, 7122, 7234, 1806, 1.438, 95.01, -10.99, 1.431, 94.90, -10.88, 0.008, 297.24, 30.52);
insert into SHOT values (7196, 7122, 7235, 1806, 1.464, 92.20, -1.25, 1.461, 91.96, -1.18, 0.007, 337.18, 16.26);
insert into SHOT values (7197, 7122, 7236, 1806, 1.251, 93.79, 10.04, 1.252, 93.72, 10.12, 0.002, 31.78, 49.82);
insert into SHOT values (7198, 7122, 7237, 1806, 1.023, 92.54, 24.54, 1.025, 92.46, 24.79, 0.005, 14.88, 76.38);
insert into SHOT values (7199, 7122, 7238, 1806, 0.707, 101.38, 39.40, 0.702, 100.68, 39.84, 0.010, 324.29, 7.41);
insert into SHOT values (7200, 7122, 7239, 1806, 0.678, 99.99, 60.42, 0.678, 98.62, 60.50, 0.008, 2.74, 2.60);
insert into SHOT values (7201, 7122, 7240, 1806, 0.621, 118.10, 77.93, 0.623, 118.61, 78.39, 0.005, 284.28, 30.16);
insert into SHOT values (7202, 7122, 7241, 1806, 0.560, 196.30, 82.02, 0.565, 195.95, 82.59, 0.007, 21.47, 47.53);
insert into SHOT values (7203, 7122, 7242, 1806, 2.182, 2.44, -11.15, 2.183, 2.41, -11.09, 0.002, 317.13, 51.84);
insert into SHOT values (7204, 7122, 7243, 1806, 2.328, 8.45, -10.84, 2.334, 8.27, -10.62, 0.013, 324.82, 37.45);
insert into SHOT values (7205, 7122, 7244, 1806, 2.554, 14.59, -11.50, 2.562, 14.53, -11.48, 0.008, 357.64, -5.84);
insert into SHOT values (7206, 7122, 7245, 1806, 2.510, 21.38, -12.35, 2.513, 21.24, -12.17, 0.010, 331.06, 41.49);
insert into SHOT values (7207, 7122, 7246, 1806, 2.152, 70.02, -9.63, 2.150, 69.86, -9.64, 0.006, 321.46, -0.02);
insert into SHOT values (7208, 7122, 7247, 1806, 2.168, 65.25, -8.86, 2.164, 65.11, -8.77, 0.007, 300.12, 32.49);
insert into SHOT values (7209, 7122, 7248, 1806, 2.268, 57.43, -9.01, 2.271, 57.37, -8.86, 0.007, 29.80, 48.03);
insert into SHOT values (7210, 7122, 7249, 1806, 2.315, 52.25, -9.57, 2.312, 52.13, -9.46, 0.007, 295.66, 41.83);
insert into SHOT values (7211, 7122, 7250, 1806, 3.059, 49.74, -9.77, 3.060, 49.71, -9.78, 0.002, 345.26, -27.79);
insert into SHOT values (7212, 7122, 7251, 1806, 3.163, 47.11, -9.89, 3.160, 47.08, -9.84, 0.004, 253.90, 47.54);
insert into SHOT values (7213, 7122, 7252, 1806, 0.983, 6.61, 1.46, 0.987, 6.40, 1.74, 0.007, 321.38, 45.18);
insert into SHOT values (7214, 7122, 7253, 1806, 0.650, 19.69, 19.03, 0.655, 19.90, 19.63, 0.009, 64.24, 67.61);
insert into SHOT values (7215, 7122, 7254, 1806, 0.579, 65.46, 43.26, 0.580, 64.65, 43.57, 0.007, 323.74, 28.02);
insert into SHOT values (7216, 7122, 7255, 1806, 1.053, 112.14, 42.12, 1.052, 111.94, 42.45, 0.007, 321.19, 34.18);
insert into SHOT values (7217, 7122, 7256, 1806, 0.931, 97.68, 28.91, 0.933, 97.73, 28.83, 0.003, 115.77, -1.73);
insert into SHOT values (7218, 7122, 7257, 1806, 1.426, 109.14, 16.21, 1.424, 109.23, 16.32, 0.004, 253.26, 26.83);
insert into SHOT values (7219, 7122, 7258, 1806, 1.315, 105.37, 7.95, 1.309, 105.22, 8.34, 0.011, 311.53, 46.37);
insert into SHOT values (7220, 7122, 7259, 1806, 1.433, 89.24, 2.28, 1.431, 89.20, 2.40, 0.004, 298.45, 56.53);
insert into SHOT values (7221, 7122, 7260, 1806, 1.481, 77.69, -7.68, 1.478, 77.39, -7.39, 0.011, 330.58, 44.52);
insert into SHOT values (7222, 7122, 7261, 1806, 0.914, 38.93, 10.20, 0.912, 38.66, 10.74, 0.010, 272.17, 57.32);
insert into SHOT values (7223, 7122, 7262, 1806, 1.354, 44.17, 0.30, 1.351, 44.10, 0.42, 0.005, 250.22, 38.89);
insert into SHOT values (7224, 7122, 7263, 1806, 2.028, 46.02, -4.95, 2.030, 45.80, -4.80, 0.009, 331.22, 32.26);
insert into SHOT values (7225, 7122, 7264, 1806, 1.656, 28.86, -4.33, 1.660, 28.89, -4.14, 0.007, 38.88, 46.04);
insert into SHOT values (7226, 7122, 7265, 1806, 2.090, 15.95, -6.26, 2.091, 15.91, -6.04, 0.008, 341.42, 72.10);
insert into SHOT values (7227, 7122, 7266, 1806, 2.533, 14.29, -15.15, 2.532, 14.21, -15.11, 0.004, 280.99, 30.03);
insert into SHOT values (7228, 7122, 7267, 1806, 2.792, 36.73, -17.94, 2.794, 36.74, -17.93, 0.002, 55.95, -0.18);
insert into SHOT values (7229, 7122, 7268, 1806, 0.967, 92.04, -27.87, 0.962, 92.02, -27.88, 0.005, 275.19, 25.31);
insert into SHOT values (7230, 7122, 7269, 1806, 1.139, 119.39, -12.89, 1.138, 119.10, -12.69, 0.007, 28.02, 36.73);
insert into SHOT values (7231, 7122, 7270, 1806, 3.231, 132.26, -2.96, 3.232, 132.24, -2.84, 0.007, 95.44, 75.00);
insert into SHOT values (7232, 7122, 7271, 1806, 3.203, 132.81, 7.70, 3.199, 132.70, 7.72, 0.007, 10.88, 6.81);
insert into SHOT values (7233, 7122, 7272, 1806, 1.290, 134.93, 23.23, 1.286, 134.66, 23.36, 0.007, 5.75, 9.43);
insert into SHOT values (7234, 7122, 7273, 1806, 1.345, 147.39, 38.37, 1.343, 147.07, 38.70, 0.010, 11.44, 31.27);
insert into SHOT values (7235, 7122, 7274, 1806, 1.574, 152.89, 25.16, 1.568, 152.71, 25.29, 0.008, 5.08, 5.73);
insert into SHOT values (7236, 7122, 7275, 1806, 1.873, 148.92, 18.20, 1.872, 148.82, 18.37, 0.006, 20.01, 50.78);
insert into SHOT values (7237, 7122, 7276, 1806, 4.072, 144.98, 8.42, 4.073, 145.01, 8.47, 0.004, 233.55, 60.10);
insert into SHOT values (7238, 7122, 7277, 1806, 4.202, 147.61, 1.62, 4.196, 147.56, 1.64, 0.007, 358.40, 10.15);
insert into SHOT values (7239, 7122, 7278, 1806, 3.944, 154.18, 0.00, 3.945, 154.15, 0.00, 0.002, 85.00, 0.00);
insert into SHOT values (7240, 7122, 7279, 1806, 2.689, 153.77, -4.50, 2.683, 153.82, -4.49, 0.007, 313.18, 8.24);
insert into SHOT values (7241, 7122, 7280, 1806, 1.150, 150.09, -16.37, 1.143, 149.93, -16.25, 0.008, 357.92, 32.74);
insert into SHOT values (7242, 7122, 7281, 1806, 1.207, 325.49, 4.28, 1.213, 325.78, 4.26, 0.008, 13.47, -0.54);
insert into SHOT values (7243, 7122, 7282, 1806, 0.914, 309.36, 23.40, 0.922, 309.72, 23.65, 0.011, 350.04, 40.60);
insert into SHOT values (7244, 7122, 7283, 1806, 0.593, 320.10, 26.22, 0.597, 320.33, 26.88, 0.008, 33.57, 74.12);
insert into SHOT values (7245, 7122, 7284, 1806, 0.762, 292.73, 35.82, 0.765, 292.83, 36.04, 0.004, 355.52, 72.32);
insert into SHOT values (7246, 7122, 7285, 1806, 0.721, 283.72, 51.00, 0.721, 284.04, 51.00, 0.003, 18.37, -7.25);
insert into SHOT values (7247, 7122, 7286, 1806, 0.974, 250.37, 34.65, 0.982, 250.44, 34.77, 0.008, 261.58, 49.11);
insert into SHOT values (7248, 7122, 7287, 1806, 1.067, 232.67, 29.78, 1.069, 232.88, 29.73, 0.004, 293.99, 0.75);
insert into SHOT values (7249, 7122, 7288, 1806, 1.322, 236.53, 18.71, 1.328, 236.69, 18.89, 0.008, 276.22, 46.84);
insert into SHOT values (7250, 7122, 7289, 1806, 1.602, 246.45, 13.20, 1.602, 246.56, 13.35, 0.005, 355.44, 52.21);
insert into SHOT values (7251, 7122, 7290, 1806, 2.003, 250.18, 6.02, 2.007, 250.38, 6.01, 0.008, 312.11, -0.46);
insert into SHOT values (7252, 7122, 7291, 1806, 2.068, 242.78, 6.05, 2.069, 242.81, 6.10, 0.003, 299.46, 53.75);
insert into SHOT values (7253, 7122, 7292, 1806, 2.000, 240.35, -2.44, 1.999, 240.61, -2.29, 0.011, 337.85, 29.04);
insert into SHOT values (7254, 7122, 7293, 1806, 1.481, 260.42, -7.13, 1.481, 260.60, -6.98, 0.006, 348.33, 38.93);
insert into SHOT values (7255, 7122, 7294, 1806, 2.158, 251.20, -6.97, 2.160, 251.23, -6.91, 0.003, 280.11, 39.21);
insert into SHOT values (7256, 7122, 7295, 1806, 1.717, 232.07, -11.49, 1.716, 232.24, -11.43, 0.006, 326.44, 21.18);
insert into SHOT values (7257, 7122, 7296, 1806, 1.671, 211.63, -8.75, 1.667, 211.86, -8.62, 0.009, 327.82, 29.59);
insert into SHOT values (7258, 7122, 7297, 1806, 1.994, 212.84, 1.84, 1.990, 212.89, 2.02, 0.008, 8.82, 52.56);
insert into SHOT values (7259, 7122, 7298, 1806, 1.437, 214.29, 20.67, 1.439, 214.40, 20.76, 0.004, 288.31, 45.40);
insert into SHOT values (7260, 7122, 7299, 1806, 1.547, 196.95, 23.30, 1.553, 197.16, 23.54, 0.010, 261.56, 53.90);
insert into SHOT values (7261, 7122, 7300, 1806, 1.187, 197.98, 33.38, 1.190, 198.25, 33.70, 0.009, 304.49, 54.46);
insert into SHOT values (7262, 7122, 7301, 1806, 1.016, 196.61, 47.19, 1.019, 196.86, 47.40, 0.006, 301.64, 56.07);
insert into SHOT values (7263, 7122, 7302, 1806, 0.807, 160.89, 59.09, 0.812, 161.57, 59.58, 0.010, 286.49, 51.85);
insert into SHOT values (7264, 7122, 7303, 1806, 1.950, 191.12, -4.77, 1.944, 191.31, -4.72, 0.009, 321.96, 14.05);
insert into SHOT values (7265, 7122, 7304, 1806, 2.863, 178.92, 1.46, 2.862, 179.00, 1.60, 0.008, 290.94, 58.25);
insert into SHOT values (7266, 7122, 7305, 1806, 2.469, 177.78, 12.21, 2.469, 177.86, 12.39, 0.009, 290.39, 63.91);
insert into SHOT values (7267, 7122, 7306, 1806, 2.804, 171.13, 13.91, 2.806, 171.13, 14.02, 0.006, 166.04, 82.10);
insert into SHOT values (7268, 7122, 7307, 1806, 1.440, 176.18, 26.89, 1.442, 176.42, 27.23, 0.010, 284.41, 56.34);
insert into SHOT values (7269, 7122, 7308, 1806, 1.195, 177.47, 44.04, 1.189, 177.31, 44.29, 0.008, 13.99, -4.85);
insert into MAPS values (1808, 1772, 'priestsHoleM', NULL, 1, 8.432, -1.710);
 insert into MAPITEMS values (1808, 4, 1804);
 insert into MAPS values (1809, 1772, 'priestsHoleEeM', NULL, 3, 0.000, 0.00);
 insert into MAPITEMS values (1809, 4, 1805);
 insert into SURVEY values (1811, 19, 'Quealys', 'Quealys.Cong', 'Quealy''s Cave');
 insert into CENTRELINE values (1812, 1811, NULL, NULL, NULL, 0.00, 0.00, 0.00);
 insert into SCRAPS values (1813, 1811, 'QuealysSPl1', 1, 10.70747, 0.10231);
 insert into MAPS values (1861, 1811, 'QuealysM', NULL, 1, 122.210, -3.130);
 insert into MAPITEMS values (1861, 4, 1813);
 insert into CENTRELINE values (1862, 1811, NULL, '2013-10-25', '2013-04-12', 122.21, 0.00, 1.06);
 insert into PERSON values (21, 'Tony', 'Boycott');
insert into TOPO values (21, 1862);
 insert into PERSON values (22, 'Pat', 'Cronin');
insert into TOPO values (22, 1862);
 insert into EXPLO values (21, 1862);
 insert into EXPLO values (22, 1862);
 insert into SHOT values (7270, 7309, 7310, 1862, 2.720, 105.98, -30.00, 2.717, 106.05, -30.04, 0.005, 252.62, 0.00);
insert into SHOT values (7271, 7311, 7310, 1862, 3.240, 187.98, -19.00, 3.245, 188.05, -18.88, 0.009, 216.55, 32.10);
insert into SHOT values (7272, 7312, 7310, 1862, 1.060, 187.98, -19.00, 1.064, 186.65, -13.03, 0.113, 152.89, 68.18);
insert into SHOT_FLAG values(7272, 'dpl');
insert into SHOT values (7273, 7310, 7313, 1862, 3.660, 113.98, -5.00, 3.778, 114.73, -1.67, 0.251, 134.82, 56.35);
insert into SHOT values (7274, 7313, 7314, 1862, 3.240, 64.98, 0.00, 3.244, 65.02, 0.00, 0.004, 92.91, 0.00);
insert into SHOT values (7275, 7313, 7315, 1862, 1.800, 6.98, 0.00, 1.682, 8.23, 4.43, 0.183, 170.50, 45.35);
insert into SHOT values (7276, 7315, 7316, 1862, 2.500, 31.98, 40.00, 2.491, 31.94, 39.97, 0.009, 224.48, -48.34);
insert into SHOT values (7277, 7315, 7317, 1862, 2.340, 84.98, -3.00, 2.342, 85.09, -3.18, 0.009, 153.79, -56.97);
insert into SHOT values (7278, 7317, 7318, 1862, 4.260, 95.98, 0.00, 4.253, 95.94, 0.00, 0.008, 300.23, 0.00);
insert into SHOT values (7279, 7317, 7319, 1862, 5.170, 48.98, 0.00, 5.174, 48.92, 0.00, 0.007, 353.55, 0.00);
insert into SHOT values (7280, 7319, 7320, 1862, 3.800, 31.98, 5.00, 3.796, 31.93, 4.99, 0.005, 259.31, -13.12);
insert into SHOT values (7281, 7320, 7321, 1862, 1.500, 305.98, 30.00, 1.498, 305.90, 30.05, 0.003, 159.86, -0.00);
insert into SHOT values (7282, 7319, 7322, 1862, 1.140, 304.98, 8.00, 1.140, 304.53, 8.07, 0.009, 214.97, 8.66);
insert into SHOT values (7283, 7322, 7323, 1862, 4.420, 257.98, 19.00, 4.423, 257.99, 19.00, 0.003, 274.37, 22.28);
insert into SHOT values (7284, 7322, 7324, 1862, 2.950, 25.98, 0.00, 2.947, 25.96, 0.00, 0.003, 231.99, 0.00);
insert into SHOT values (7285, 7313, 7325, 1862, 1.410, 204.98, 0.00, 1.414, 205.11, 0.00, 0.005, 246.94, 0.00);
insert into SHOT values (7286, 7325, 7326, 1862, 5.400, 275.98, 2.00, 5.394, 276.07, 2.02, 0.011, 44.04, 8.33);
insert into SHOT values (7287, 7325, 7327, 1862, 1.400, 355.98, -90.00, 1.400, 90.00, -90.00, 0.000, 355.98, -24.43);
insert into SHOT values (7288, 7326, 7328, 1862, 2.260, 255.98, 0.00, 2.268, 255.96, 0.00, 0.008, 250.62, 0.00);
insert into SHOT values (7289, 7328, 7329, 1862, 10.320, 224.98, 1.00, 10.318, 224.96, 1.00, 0.004, 110.62, -1.48);
insert into SHOT values (7290, 7329, 7330, 1862, 17.180, 207.98, 1.00, 17.181, 207.98, 1.00, 0.001, 211.68, 10.85);
insert into SHOT values (7291, 7312, 7315, 1862, 3.800, 105.98, 0.00, 3.681, 104.98, -3.43, 0.261, 313.03, -57.33);
insert into SHOT values (7292, 7312, 7331, 1862, 2.700, 284.98, 3.00, 2.706, 285.01, 2.97, 0.006, 298.95, -12.05);
insert into SHOT values (7293, 7328, 7332, 1862, 3.000, 315.98, 0.00, 2.999, 316.08, 0.00, 0.005, 60.48, 0.00);
insert into SHOT values (7294, 7329, 7333, 1862, 5.000, 315.98, 0.00, 5.000, 316.05, 0.00, 0.006, 45.19, 0.00);
insert into SHOT values (7295, 7333, 7334, 1862, 2.000, 350.98, 0.00, 1.996, 350.77, 0.00, 0.008, 230.97, 0.00);
insert into SHOT values (7296, 7330, 7335, 1862, 3.000, 205.98, 0.00, 2.992, 205.97, 0.00, 0.008, 32.14, 0.00);
insert into SHOT values (7297, 7335, 7336, 1862, 3.000, 295.98, 0.00, 3.001, 295.88, 0.00, 0.005, 216.91, 0.00);
insert into SHOT values (7298, 7336, 7337, 1862, 5.000, 205.98, 0.00, 5.005, 205.95, 0.00, 0.005, 175.21, 0.00);
insert into SHOT values (7299, 7337, 7338, 1862, 14.000, 205.98, 0.00, 13.994, 205.98, 0.00, 0.006, 32.85, 0.00);
insert into SURVEY values (1864, 19, 'TeachAille', 'TeachAille.Cong', 'Teach Aille');
 insert into CENTRELINE values (1865, 1864, NULL, NULL, NULL, 0.00, 0.00, 0.00);
 insert into SURVEY values (1866, 1864, 'teachAilleEntrance', 'teachAilleEntrance.TeachAille.Cong', NULL);
 insert into CENTRELINE values (1867, 1866, NULL, NULL, NULL, 0.00, 0.00, 0.00);
 insert into SCRAPS values (1868, 1866, 'teachAilleEntranceSP1', 1, 0.00000, 0.00000);
 insert into SCRAPS values (1877, 1866, 'teachAilleEntranceSP2', 1, 0.84964, 0.17687);
 insert into MAPS values (1911, 1866, 'teachAilleEntranceM', NULL, 1, 23.755, -5.310);
 insert into MAPITEMS values (1911, 4, 1868);
 insert into MAPITEMS values (1911, 4, 1877);
 insert into CENTRELINE values (1912, 1866, NULL, '2013-09-17', NULL, 23.76, 0.00, 0.00);
 insert into TOPO values (1, 1912);
 insert into TOPO values (13, 1912);
 insert into SHOT values (7300, 7339, 7340, 1912, 6.455, 185.56, -5.04, 6.455, 185.53, -5.07, 0.004, 93.93, -45.35);
insert into SHOT values (7301, 7339, 7341, 1912, 6.452, 186.82, -4.98, 6.449, 186.79, -4.98, 0.004, 55.53, 1.27);
insert into SHOT values (7302, 7339, 7342, 1912, 6.451, 8.75, 4.65, 6.446, 8.77, 4.63, 0.006, 158.03, -29.12);
insert into SHOT values (7303, 7339, 7343, 1912, 2.606, 341.59, 39.55, 2.608, 341.75, 39.54, 0.006, 53.38, 6.19);
insert into SHOT values (7304, 7339, 7344, 1912, 3.114, 316.67, 34.34, 3.113, 316.74, 34.43, 0.006, 94.22, 37.37);
insert into SHOT values (7305, 7339, 7345, 1912, 4.177, 299.49, 26.52, 4.177, 299.52, 26.60, 0.006, 86.55, 56.14);
insert into SHOT values (7306, 7339, 7346, 1912, 5.147, 289.02, 21.18, 5.148, 288.96, 21.18, 0.005, 213.69, 4.67);
insert into SHOT values (7307, 7339, 7347, 1912, 6.049, 282.27, 18.18, 6.054, 282.25, 18.19, 0.005, 253.47, 31.46);
insert into SHOT values (7308, 7339, 7348, 1912, 6.652, 277.01, 12.84, 6.655, 276.99, 12.85, 0.004, 243.30, 28.88);
insert into SHOT values (7309, 7339, 7349, 1912, 6.496, 275.00, 4.61, 6.495, 274.96, 4.59, 0.005, 175.18, -26.43);
insert into SHOT values (7310, 7339, 7350, 1912, 6.554, 275.39, -2.28, 6.555, 275.43, -2.27, 0.005, 358.46, 8.46);
insert into SHOT values (7311, 7339, 7351, 1912, 5.630, 278.58, -8.98, 5.631, 278.58, -8.99, 0.002, 290.31, -42.86);
insert into SHOT values (7312, 7339, 7352, 1912, 4.254, 281.15, -17.07, 4.255, 281.20, -17.08, 0.004, 357.70, -19.18);
insert into SHOT values (7313, 7339, 7353, 1912, 3.304, 289.55, -26.96, 3.310, 289.60, -26.94, 0.007, 313.56, -17.27);
insert into SHOT values (7314, 7339, 7354, 1912, 2.474, 301.02, -36.37, 2.479, 301.06, -36.37, 0.005, 320.88, -33.41);
insert into SHOT values (7315, 7339, 7355, 1912, 2.083, 317.31, -40.79, 2.083, 317.31, -40.75, 0.001, 320.50, 36.65);
insert into SHOT values (7316, 7339, 7356, 1912, 1.949, 343.45, -44.10, 1.951, 343.38, -44.20, 0.004, 218.22, -60.39);
insert into SHOT values (7317, 7339, 7357, 1912, 1.686, 32.56, -42.30, 1.682, 32.54, -42.22, 0.005, 226.87, 72.15);
insert into SHOT values (7318, 7339, 7358, 1912, 2.037, 58.47, -24.45, 2.035, 58.45, -24.37, 0.003, 295.35, 78.96);
insert into SHOT values (7319, 7339, 7359, 1912, 2.549, 67.19, -8.80, 2.549, 67.10, -8.80, 0.004, 329.81, -0.57);
insert into SHOT values (7320, 7339, 7360, 1912, 2.711, 67.85, 9.92, 2.710, 67.76, 9.99, 0.005, 312.62, 32.95);
insert into SHOT values (7321, 7339, 7361, 1912, 2.811, 65.71, 17.82, 2.811, 65.73, 17.81, 0.001, 138.34, -11.60);
insert into SHOT values (7322, 7339, 7362, 1912, 2.373, 57.77, 26.32, 2.371, 57.88, 26.29, 0.005, 170.13, -25.71);
insert into SHOT values (7323, 7339, 7363, 1912, 2.196, 42.09, 32.13, 2.199, 42.17, 32.14, 0.004, 91.14, 30.69);
insert into SHOT values (7324, 7339, 7364, 1912, 2.303, 14.90, 33.62, 2.302, 14.83, 33.78, 0.007, 223.12, 47.14);
insert into SHOT values (7325, 7339, 7365, 1912, 2.633, 347.86, 33.52, 2.634, 347.92, 33.40, 0.006, 22.79, -42.90);
insert into SHOT values (7326, 7339, 7366, 1912, 6.431, 277.72, 14.96, 6.434, 277.67, 14.95, 0.006, 216.00, -1.32);
insert into SHOT values (7327, 7339, 7367, 1912, 4.559, 295.57, 25.31, 4.562, 295.57, 25.31, 0.003, 298.64, 20.47);
insert into SHOT values (7328, 7339, 7368, 1912, 2.900, 325.20, 34.61, 2.901, 325.24, 34.67, 0.004, 87.44, 51.93);
insert into SHOT values (7329, 7339, 7369, 1912, 2.256, 33.01, 34.81, 2.255, 33.09, 34.89, 0.004, 164.29, 32.04);
insert into SHOT values (7330, 7339, 7370, 1912, 2.556, 64.04, 21.87, 2.554, 63.98, 21.84, 0.004, 300.94, -34.00);
insert into SHOT values (7331, 7339, 7371, 1912, 6.453, 274.08, -1.96, 6.450, 274.09, -1.95, 0.003, 66.44, 12.60);
insert into SHOT values (7332, 7339, 7372, 1912, 6.764, 282.93, -3.41, 6.763, 282.92, -3.39, 0.003, 130.18, 64.49);
insert into SHOT values (7333, 7339, 7373, 1912, 6.987, 288.97, -4.74, 6.981, 288.96, -4.77, 0.007, 124.35, -23.63);
insert into SHOT values (7334, 7339, 7374, 1912, 6.809, 297.97, -6.60, 6.804, 297.97, -6.58, 0.005, 119.76, 30.34);
insert into SHOT values (7335, 7339, 7375, 1912, 6.666, 310.32, -8.20, 6.666, 310.33, -8.19, 0.001, 31.38, 35.52);
insert into SHOT values (7336, 7339, 7376, 1912, 6.340, 321.09, -8.75, 6.345, 321.08, -8.70, 0.007, 315.08, 37.47);
insert into SHOT values (7337, 7339, 7377, 1912, 6.218, 331.18, -11.06, 6.220, 331.21, -11.03, 0.005, 28.77, 36.16);
insert into SHOT values (7338, 7339, 7378, 1912, 5.998, 338.05, -11.96, 5.994, 338.07, -11.94, 0.005, 124.75, 35.04);
insert into SHOT values (7339, 7339, 7379, 1912, 5.730, 348.68, -12.79, 5.732, 348.65, -12.80, 0.004, 286.27, -25.13);
insert into SHOT values (7340, 7339, 7380, 1912, 5.364, 358.87, -14.14, 5.363, 358.90, -14.14, 0.003, 99.90, 8.03);
insert into SHOT values (7341, 7339, 7381, 1912, 4.681, 10.43, -14.92, 4.684, 10.44, -14.97, 0.005, 38.68, -67.63);
insert into SHOT values (7342, 7339, 7382, 1912, 4.089, 26.69, -14.50, 4.092, 26.69, -14.44, 0.005, 32.70, 46.68);
insert into SHOT values (7343, 7339, 7383, 1912, 3.365, 41.84, -12.39, 3.364, 41.79, -12.36, 0.003, 300.99, 36.73);
insert into SHOT values (7344, 7339, 7384, 1912, 2.965, 51.86, -7.64, 2.960, 51.92, -7.57, 0.007, 194.24, 39.51);
insert into SHOT values (7345, 7339, 7385, 1912, 2.673, 65.97, -4.96, 2.669, 66.04, -4.94, 0.005, 206.04, 12.60);
insert into SHOT values (7346, 7339, 7386, 1912, 6.255, 283.44, -14.78, 6.255, 283.48, -14.82, 0.007, 29.03, -40.63);
insert into SHOT values (7347, 7339, 7387, 1912, 6.583, 290.43, -13.35, 6.582, 290.47, -13.35, 0.005, 27.68, 0.09);
insert into SHOT values (7348, 7339, 7388, 1912, 7.022, 296.52, -13.19, 7.023, 296.49, -13.17, 0.004, 224.99, 32.21);
insert into SHOT values (7349, 7339, 7389, 1912, 7.309, 304.06, -13.54, 7.311, 304.05, -13.53, 0.003, 277.32, 21.42);
insert into SHOT values (7350, 7339, 7390, 1912, 6.976, 314.13, -15.99, 6.974, 314.15, -15.98, 0.004, 78.46, 25.35);
insert into SHOT values (7351, 7339, 7391, 1912, 6.615, 322.69, -17.71, 6.613, 322.68, -17.69, 0.003, 191.50, 48.96);
insert into SHOT values (7352, 7339, 7392, 1912, 6.248, 330.84, -19.93, 6.248, 330.86, -19.93, 0.002, 72.16, -6.01);
insert into SHOT values (7353, 7339, 7393, 1912, 5.721, 336.82, -23.76, 5.720, 336.82, -23.82, 0.006, 161.50, -54.51);
insert into SHOT values (7354, 7339, 7394, 1912, 5.374, 341.33, -26.71, 5.379, 341.30, -26.74, 0.006, 303.29, -49.95);
insert into SHOT values (7355, 7339, 7395, 1912, 4.927, 348.70, -28.35, 4.926, 348.69, -28.36, 0.002, 188.14, -10.72);
insert into SHOT values (7356, 7339, 7396, 1912, 4.389, 354.79, -30.66, 4.390, 354.83, -30.68, 0.003, 87.06, -32.64);
insert into SHOT values (7357, 7339, 7397, 1912, 3.876, 1.98, -33.41, 3.871, 1.95, -33.39, 0.006, 205.86, 46.84);
insert into SHOT values (7358, 7339, 7398, 1912, 3.455, 357.93, -38.44, 3.453, 357.88, -38.51, 0.005, 206.63, -22.58);
insert into SHOT values (7359, 7339, 7399, 1912, 2.649, 345.98, -42.63, 2.645, 346.04, -42.59, 0.005, 112.64, 59.66);
insert into SHOT values (7360, 7339, 7400, 1912, 2.184, 316.23, -40.52, 2.186, 316.22, -40.51, 0.002, 307.22, -28.77);
insert into SHOT values (7361, 7339, 7401, 1912, 2.637, 298.92, -35.56, 2.638, 298.95, -35.46, 0.005, 319.09, 45.63);
insert into SHOT values (7362, 7339, 7402, 1912, 3.239, 289.52, -28.51, 3.238, 289.52, -28.60, 0.005, 110.20, -54.69);
insert into SHOT values (7363, 7339, 7403, 1912, 3.970, 284.56, -20.80, 3.968, 284.52, -20.82, 0.004, 144.45, -3.59);
insert into SHOT values (7364, 7339, 7404, 1912, 5.114, 280.64, -13.96, 5.116, 280.68, -13.91, 0.006, 327.77, 40.10);
insert into SHOT values (7365, 7339, 7405, 1912, 7.503, 300.51, -13.11, 7.506, 300.49, -13.09, 0.005, 272.77, 23.28);
insert into SHOT values (7366, 7339, 7406, 1912, 6.929, 295.90, -13.29, 6.934, 295.92, -13.26, 0.007, 319.96, 25.44);
insert into SHOT values (7367, 7339, 7407, 1912, 6.647, 290.03, -14.69, 6.647, 290.01, -14.73, 0.005, 158.39, -62.26);
insert into SHOT values (7368, 7339, 7408, 1912, 6.660, 287.12, -17.64, 6.665, 287.12, -17.64, 0.005, 292.09, -20.82);
insert into SHOT values (7369, 7339, 7409, 1912, 2.104, 316.74, -40.87, 2.107, 316.78, -40.92, 0.004, 15.56, -66.80);
insert into SHOT values (7370, 7339, 7410, 1912, 1.939, 341.66, -44.41, 1.939, 341.43, -44.54, 0.007, 221.00, -26.25);
insert into SHOT values (7371, 7339, 7411, 1912, 2.510, 322.96, -39.69, 2.505, 323.01, -39.69, 0.005, 116.07, 37.36);
insert into SHOT values (7372, 7339, 7412, 1912, 2.436, 342.44, -40.87, 2.437, 342.35, -40.72, 0.007, 311.80, 35.27);
insert into SHOT values (7373, 7339, 7413, 1912, 3.070, 329.31, -36.04, 3.070, 329.19, -36.12, 0.007, 212.05, -34.10);
insert into SHOT values (7374, 7339, 7414, 1912, 2.949, 342.43, -37.89, 2.949, 342.50, -37.87, 0.003, 64.07, 21.25);
insert into SHOT values (7375, 7339, 7415, 1912, 3.319, 322.12, -38.15, 3.318, 322.16, -38.16, 0.003, 91.71, 4.79);
insert into SHOT values (7376, 7339, 7416, 1912, 3.547, 316.68, -38.81, 3.547, 316.61, -38.75, 0.005, 257.66, 38.72);
insert into SHOT values (7377, 7339, 7417, 1912, 0.899, 253.14, -0.57, 0.898, 253.18, -0.64, 0.001, 22.66, -52.68);
insert into SHOT values (7378, 7339, 7418, 1912, 1.277, 74.48, -1.17, 1.276, 74.55, -1.35, 0.004, 186.05, -67.16);
insert into SHOT values (7379, 7339, 7419, 1912, 2.190, 251.32, 0.94, 2.186, 251.32, 1.05, 0.006, 72.59, 41.82);
insert into SHOT values (7380, 7339, 7420, 1912, 3.490, 250.30, 1.66, 3.487, 250.21, 1.64, 0.006, 132.52, -10.60);
insert into SHOT values (7381, 7339, 7421, 1912, 4.851, 248.54, 0.63, 4.845, 248.57, 0.59, 0.007, 42.92, -27.38);
insert into SHOT values (7382, 7339, 7422, 1912, 6.738, 311.82, -37.34, 6.737, 311.82, -37.38, 0.004, 129.71, -45.27);
insert into SHOT values (7383, 7422, 7423, 1912, 6.738, 132.36, 36.70, 6.739, 132.37, 36.73, 0.004, 269.10, 57.84);
insert into SHOT values (7384, 7422, 7424, 1912, 5.171, 80.13, -7.87, 5.164, 80.10, -7.79, 0.010, 286.20, 50.07);
insert into SHOT values (7385, 7422, 7425, 1912, 8.971, 81.56, -7.94, 8.973, 81.52, -7.94, 0.006, 12.25, -7.56);
insert into SHOT values (7386, 7422, 7426, 1912, 9.785, 83.61, -7.19, 9.787, 83.61, -7.16, 0.005, 105.66, 63.26);
insert into SHOT values (7387, 7422, 7427, 1912, 9.127, 82.03, -7.65, 9.129, 82.00, -7.62, 0.008, 16.23, 40.60);
insert into SHOT values (7388, 7422, 7428, 1912, 9.031, 81.82, -7.82, 9.026, 81.77, -7.83, 0.009, 318.86, -7.72);
insert into SHOT values (7389, 7422, 7429, 1912, 9.082, 81.96, -7.65, 9.080, 81.95, -7.66, 0.003, 288.53, -19.41);
insert into SHOT values (7390, 7422, 7430, 1912, 9.438, 82.99, -7.42, 9.439, 83.00, -7.43, 0.003, 156.79, -24.30);
insert into SHOT values (7391, 7422, 7431, 1912, 5.016, 86.91, -7.55, 5.011, 86.88, -7.57, 0.006, 289.49, -9.54);
insert into SHOT values (7392, 7422, 7432, 1912, 4.314, 88.27, -7.97, 4.314, 88.26, -7.99, 0.002, 338.01, -61.14);
insert into SHOT values (7393, 7422, 7433, 1912, 3.377, 90.95, -8.72, 3.379, 90.86, -8.68, 0.006, 25.26, 18.66);
insert into SHOT values (7394, 7422, 7434, 1912, 3.155, 78.01, -9.91, 3.155, 77.93, -9.85, 0.005, 358.53, 34.69);
insert into SHOT values (7395, 7422, 7435, 1912, 5.127, 78.90, -8.78, 5.125, 78.85, -8.75, 0.006, 334.42, 27.88);
insert into SHOT values (7396, 7422, 7436, 1912, 5.819, 79.76, -8.49, 5.817, 79.69, -8.50, 0.008, 332.40, -6.72);
insert into SHOT values (7397, 7422, 7437, 1912, 2.416, 86.88, -7.20, 2.412, 86.89, -7.14, 0.004, 261.57, 39.27);
insert into SHOT values (7398, 7422, 7438, 1912, 2.033, 71.12, -12.76, 2.027, 71.11, -12.83, 0.006, 254.96, -8.78);
insert into SHOT values (7399, 7422, 7439, 1912, 1.058, 37.13, -30.49, 1.057, 37.00, -30.11, 0.008, 354.32, 65.28);
insert into SHOT values (7400, 7422, 7440, 1912, 0.898, 0.78, -20.74, 0.895, 0.68, -20.26, 0.008, 280.81, 79.79);
insert into SHOT values (7401, 7422, 7441, 1912, 1.688, 287.83, -16.13, 1.695, 287.88, -16.10, 0.007, 299.09, -8.21);
insert into SHOT values (7402, 7422, 7442, 1912, 3.693, 275.08, -5.41, 3.691, 275.15, -5.44, 0.005, 25.06, -20.00);
insert into SHOT values (7403, 7422, 7443, 1912, 5.006, 273.21, -5.74, 5.013, 273.22, -5.72, 0.007, 279.70, 5.48);
insert into SHOT values (7404, 7422, 7444, 1912, 1.148, 352.65, 3.25, 1.152, 352.50, 3.48, 0.007, 314.26, 46.41);
insert into SHOT values (7405, 7422, 7445, 1912, 1.654, 318.45, 5.03, 1.657, 318.19, 5.19, 0.009, 247.04, 32.69);
insert into SHOT values (7406, 7422, 7446, 1912, 2.596, 293.63, 4.79, 2.597, 293.69, 4.86, 0.004, 0.83, 45.88);
insert into SHOT values (7407, 7422, 7447, 1912, 3.491, 282.02, 4.65, 3.499, 282.08, 4.75, 0.011, 308.82, 38.83);
insert into SHOT values (7408, 7422, 7448, 1912, 5.537, 275.00, 2.78, 5.537, 274.98, 2.79, 0.002, 196.11, 36.05);
insert into SHOT values (7409, 7422, 7449, 1912, 3.102, 188.24, 13.34, 3.105, 188.18, 13.41, 0.006, 138.42, 48.32);
insert into SHOT values (7410, 7422, 7450, 1912, 2.594, 211.15, 9.92, 2.588, 211.20, 10.01, 0.008, 14.19, 23.94);
insert into SHOT values (7411, 7422, 7451, 1912, 3.319, 230.20, 4.61, 3.319, 230.15, 4.67, 0.004, 144.46, 48.88);
insert into SHOT values (7412, 7422, 7452, 1912, 4.400, 242.36, 2.80, 4.407, 242.39, 2.86, 0.009, 260.49, 36.20);
insert into SHOT values (7413, 7422, 7453, 1912, 7.358, 247.78, 0.23, 7.356, 247.79, 0.23, 0.003, 29.34, 8.72);
insert into SHOT values (7414, 7422, 7454, 1912, 9.690, 250.47, 0.96, 9.689, 250.46, 1.01, 0.008, 128.35, 79.05);
insert into SHOT values (7415, 7422, 7455, 1912, 2.683, 134.95, 30.63, 2.682, 135.00, 30.72, 0.005, 284.46, 36.84);
insert into SHOT values (7416, 7422, 7456, 1912, 2.323, 143.73, 29.17, 2.323, 143.64, 29.39, 0.009, 359.92, 55.46);
insert into SHOT values (7417, 7422, 7457, 1912, 2.105, 150.52, 27.16, 2.104, 150.56, 27.15, 0.002, 282.73, -26.66);
insert into SHOT values (7418, 7422, 7458, 1912, 1.879, 159.23, 24.06, 1.877, 159.13, 24.21, 0.006, 19.93, 41.20);
insert into SHOT values (7419, 7422, 7459, 1912, 1.680, 169.13, 18.86, 1.681, 169.11, 19.10, 0.007, 7.37, 79.51);
insert into SHOT values (7420, 7422, 7460, 1912, 1.528, 180.00, 12.70, 1.528, 180.00, 12.85, 0.004, 357.48, 81.38);
insert into SHOT values (7421, 7422, 7461, 1912, 1.501, 193.41, 6.74, 1.502, 193.57, 6.88, 0.006, 269.89, 41.58);
insert into SHOT values (7422, 7422, 7462, 1912, 1.618, 204.58, 0.00, 1.620, 204.82, 0.00, 0.007, 281.24, 0.00);
insert into SHOT values (7423, 7422, 7463, 1912, 3.213, 261.95, 47.97, 3.215, 261.98, 48.01, 0.004, 358.39, 69.34);
insert into SHOT values (7424, 7422, 7464, 1912, 3.572, 262.76, 37.19, 3.578, 262.75, 37.13, 0.007, 259.39, 6.84);
insert into SHOT values (7425, 7422, 7465, 1912, 4.103, 263.46, 27.54, 4.109, 263.54, 27.54, 0.008, 308.36, 22.14);
insert into SHOT values (7426, 7422, 7466, 1912, 5.593, 262.50, 20.15, 5.597, 262.56, 20.17, 0.008, 321.98, 25.71);
insert into SHOT values (7427, 7422, 7467, 1912, 6.472, 262.09, 15.52, 6.475, 262.08, 15.50, 0.004, 242.95, -24.96);
insert into SHOT values (7428, 7422, 7468, 1912, 7.421, 263.44, 9.93, 7.419, 263.48, 9.94, 0.006, 20.46, 2.94);
insert into SHOT values (7429, 7422, 7469, 1912, 8.901, 262.83, 6.65, 8.899, 262.85, 6.65, 0.004, 28.21, -10.54);
insert into SHOT values (7430, 7422, 7470, 1912, 8.826, 262.05, 4.28, 8.830, 262.04, 4.29, 0.004, 231.86, 17.72);
insert into SHOT values (7431, 7422, 7471, 1912, 9.445, 261.87, 2.93, 9.447, 261.90, 2.97, 0.009, 332.27, 57.08);
insert into SHOT values (7432, 7422, 7472, 1912, 9.709, 261.43, 1.27, 9.710, 261.47, 1.30, 0.008, 344.89, 35.01);
insert into SHOT values (7433, 7422, 7473, 1912, 7.579, 255.43, -2.00, 7.581, 256.26, -1.89, 0.110, 344.52, 7.54);
insert into SHOT values (7434, 7473, 7474, 1912, 7.602, 80.11, 1.60, 7.597, 80.07, 1.58, 0.008, 307.53, -16.41);
insert into SHOT values (7435, 7473, 7475, 1912, 2.514, 341.08, 0.16, 2.517, 340.99, 0.23, 0.006, 291.07, 30.07);
insert into SHOT values (7436, 7473, 7476, 1912, 2.600, 323.58, 2.07, 2.604, 323.44, 2.20, 0.010, 263.85, 39.47);
insert into SHOT values (7437, 7473, 7477, 1912, 2.597, 302.91, 5.64, 2.601, 303.01, 5.74, 0.008, 357.24, 39.10);
insert into SHOT values (7438, 7473, 7478, 1912, 2.445, 287.05, 8.84, 2.446, 287.09, 8.94, 0.005, 352.71, 68.46);
insert into SHOT values (7439, 7473, 7479, 1912, 2.126, 271.46, 13.30, 2.128, 271.66, 13.31, 0.008, 346.98, 6.94);
insert into SHOT values (7440, 7473, 7480, 1912, 1.733, 252.10, 19.27, 1.735, 252.23, 19.19, 0.005, 310.76, -23.91);
insert into SHOT values (7441, 7473, 7481, 1912, 1.301, 232.38, 32.59, 1.302, 232.40, 32.52, 0.002, 243.92, -20.77);
insert into SHOT values (7442, 7473, 7482, 1912, 1.031, 191.10, 35.73, 1.029, 191.04, 35.68, 0.003, 40.86, -50.53);
insert into SHOT values (7443, 7473, 7483, 1912, 2.733, 346.29, -3.82, 2.734, 346.22, -3.77, 0.004, 282.07, 29.12);
insert into SHOT values (7444, 7473, 7484, 1912, 3.003, 331.86, -2.27, 3.009, 331.82, -2.29, 0.006, 310.46, -9.56);
insert into SHOT values (7445, 7473, 7485, 1912, 3.372, 316.80, -2.63, 3.378, 316.80, -2.55, 0.008, 318.01, 37.69);
insert into SHOT values (7446, 7473, 7486, 1912, 4.195, 305.12, -3.02, 4.198, 305.09, -3.00, 0.004, 271.15, 16.45);
insert into SHOT values (7447, 7473, 7487, 1912, 4.879, 299.29, -2.14, 4.888, 299.29, -2.11, 0.009, 301.93, 13.59);
insert into SHOT values (7448, 7473, 7488, 1912, 0.989, 171.85, 12.14, 0.982, 172.21, 12.35, 0.010, 315.11, 11.33);
insert into SHOT values (7449, 7473, 7489, 1912, 1.148, 200.93, 10.34, 1.147, 201.33, 10.55, 0.009, 306.36, 25.77);
insert into SHOT values (7450, 7473, 7490, 1912, 2.025, 228.86, 8.66, 2.023, 229.06, 8.81, 0.009, 341.48, 34.27);
insert into SHOT values (7451, 7473, 7491, 1912, 2.550, 235.50, 12.64, 2.550, 235.48, 12.68, 0.002, 138.22, 67.03);
insert into SHOT values (7452, 7473, 7492, 1912, 3.382, 241.86, 10.06, 3.385, 241.90, 10.04, 0.004, 278.97, -11.74);
insert into SHOT values (7453, 7473, 7493, 1912, 2.280, 36.65, -3.92, 2.279, 36.42, -3.77, 0.011, 302.85, 32.39);
insert into SHOT values (7454, 7473, 7494, 1912, 1.978, 7.37, -3.97, 1.981, 7.27, -4.05, 0.005, 314.60, -35.17);
insert into SHOT values (7455, 7473, 7495, 1912, 1.583, 337.45, -6.86, 1.585, 337.18, -6.89, 0.007, 258.36, -7.08);
insert into SHOT values (7456, 7473, 7496, 1912, 1.383, 315.54, -10.96, 1.382, 315.60, -10.84, 0.003, 47.89, 64.99);
insert into SHOT values (7457, 7473, 7497, 1912, 1.499, 285.21, -9.76, 1.503, 285.26, -9.57, 0.007, 298.84, 39.07);
insert into SHOT values (7458, 7473, 7498, 1912, 2.161, 274.97, -7.31, 2.165, 275.07, -7.16, 0.008, 313.24, 38.04);
insert into SHOT values (7459, 7473, 7499, 1912, 4.594, 273.81, -3.13, 4.597, 273.87, -3.12, 0.006, 330.49, 7.89);
insert into SHOT values (7460, 7473, 7500, 1912, 5.770, 274.06, 0.44, 5.775, 274.07, 0.50, 0.008, 288.96, 49.22);
insert into SHOT values (7461, 7473, 7501, 1912, 5.162, 281.17, -3.18, 5.165, 281.18, -3.11, 0.007, 294.78, 58.28);
insert into SHOT values (7462, 7473, 7502, 1912, 5.144, 284.33, -1.83, 5.144, 284.41, -1.78, 0.009, 10.72, 29.00);
insert into SHOT values (7463, 7473, 7503, 1912, 5.006, 287.96, -2.06, 5.009, 288.04, -2.06, 0.008, 352.51, -0.41);
insert into SHOT values (7464, 7473, 7504, 1912, 5.028, 292.51, -2.13, 5.029, 292.58, -2.17, 0.007, 15.18, -24.98);
insert into SHOT values (7465, 7473, 7505, 1912, 4.868, 297.78, -0.82, 4.872, 297.77, -0.82, 0.004, 292.61, -5.07);
insert into SHOT values (7466, 7473, 7506, 1912, 5.187, 280.79, -3.24, 5.190, 280.79, -3.20, 0.004, 281.71, 47.53);
insert into SURVEY values (1914, 1864, 'teachAilleEnd', 'teachAilleEnd.TeachAille.Cong', NULL);
 insert into CENTRELINE values (1915, 1914, NULL, NULL, NULL, 0.00, 0.00, 0.00);
 insert into SCRAPS values (1916, 1914, 'teachAilleEndSP1', 1, 0.77915, 0.18127);
 insert into MAPS values (1930, 1914, 'teachAilleEndM', NULL, 1, 12.790, -0.500);
 insert into MAPITEMS values (1930, 4, 1916);
 insert into CENTRELINE values (1931, 1914, NULL, '2013-09-19', NULL, 12.79, 0.00, 0.00);
 insert into TOPO values (1, 1931);
 insert into TOPO values (13, 1931);
 insert into SHOT values (7467, 7507, 7508, 1931, 7.584, 257.11, -1.80, 7.581, 256.26, -1.89, 0.113, 164.98, -5.96);
insert into SHOT values (7468, 7508, 7509, 1931, 1.002, 164.45, 9.13, 0.998, 164.69, 9.23, 0.006, 300.69, 9.44);
insert into SHOT values (7469, 7508, 7510, 1931, 1.182, 202.90, 12.11, 1.178, 203.00, 12.25, 0.005, 356.39, 23.71);
insert into SHOT values (7470, 7508, 7511, 1931, 1.841, 227.39, 10.39, 1.842, 227.68, 10.32, 0.010, 309.16, -12.14);
insert into SHOT values (7471, 7508, 7512, 1931, 2.290, 234.94, 9.60, 2.287, 235.11, 9.56, 0.007, 345.89, -14.69);
insert into SHOT values (7472, 7508, 7513, 1931, 3.249, 239.28, 8.66, 3.248, 239.28, 8.68, 0.002, 56.93, 28.31);
insert into SHOT values (7473, 7508, 7514, 1931, 2.734, 349.57, -5.08, 2.737, 349.43, -5.03, 0.008, 283.93, 16.14);
insert into SHOT values (7474, 7508, 7515, 1931, 2.734, 338.51, -4.68, 2.739, 338.51, -4.61, 0.006, 338.73, 32.18);
insert into SHOT values (7475, 7508, 7516, 1931, 3.179, 325.38, -3.68, 3.182, 325.26, -3.60, 0.009, 264.57, 27.78);
insert into SHOT values (7476, 7508, 7517, 1931, 3.593, 311.46, -3.62, 3.599, 311.50, -3.66, 0.007, 335.04, -26.04);
insert into SHOT values (7477, 7508, 7518, 1931, 4.653, 303.05, -2.56, 4.659, 303.08, -2.58, 0.007, 322.53, -19.30);
insert into SHOT values (7478, 7508, 7519, 1931, 3.676, 261.01, 6.45, 3.678, 261.03, 6.40, 0.004, 290.09, -52.30);
insert into SHOT values (7479, 7519, 7520, 1931, 2.048, 114.05, -5.32, 2.046, 114.05, -5.33, 0.002, 295.62, -2.71);
insert into SHOT values (7480, 7519, 7521, 1931, 1.705, 126.74, 2.35, 1.701, 126.87, 2.36, 0.005, 259.56, 0.97);
insert into SHOT values (7481, 7519, 7522, 1931, 1.762, 140.19, 13.53, 1.761, 139.98, 13.79, 0.010, 28.24, 48.98);
insert into SHOT values (7482, 7519, 7523, 1931, 1.333, 143.49, 14.38, 1.338, 143.48, 14.72, 0.009, 140.85, 72.68);
insert into SHOT values (7483, 7519, 7524, 1931, 0.889, 151.98, 13.40, 0.889, 151.65, 13.67, 0.006, 47.45, 38.10);
insert into SHOT values (7484, 7519, 7525, 1931, 0.520, 168.46, 17.59, 0.516, 168.23, 18.07, 0.006, 8.40, 26.49);
insert into SHOT values (7485, 7519, 7526, 1931, 0.599, 203.88, 24.54, 0.601, 203.75, 24.59, 0.002, 161.53, 33.40);
insert into SHOT values (7486, 7519, 7527, 1931, 0.659, 224.89, 29.47, 0.661, 225.71, 29.95, 0.010, 321.82, 35.14);
insert into SHOT values (7487, 7519, 7528, 1931, 0.617, 245.22, 27.07, 0.622, 245.30, 27.79, 0.009, 283.19, 82.52);
insert into SHOT values (7488, 7519, 7529, 1931, 0.507, 283.07, 6.00, 0.508, 283.76, 6.78, 0.009, 10.99, 49.01);
insert into SHOT values (7489, 7519, 7530, 1931, 2.065, 117.85, 12.22, 2.060, 117.84, 12.33, 0.006, 302.41, 28.90);
insert into SHOT values (7490, 7519, 7531, 1931, 1.594, 105.54, 16.21, 1.591, 105.58, 16.43, 0.007, 270.90, 47.03);
insert into SHOT values (7491, 7519, 7532, 1931, 1.352, 91.74, 14.17, 1.354, 91.75, 14.54, 0.009, 232.83, 87.94);
insert into SHOT values (7492, 7519, 7533, 1931, 0.968, 67.62, 13.20, 0.969, 67.52, 13.73, 0.009, 309.20, 78.28);
insert into SHOT values (7493, 7519, 7534, 1931, 0.716, 30.46, 12.18, 0.721, 29.85, 12.82, 0.012, 324.46, 47.28);
insert into SHOT values (7494, 7519, 7535, 1931, 0.661, 353.83, 16.53, 0.662, 353.66, 16.69, 0.003, 269.67, 45.62);
insert into SHOT values (7495, 7519, 7536, 1931, 0.936, 314.26, 10.46, 0.942, 314.56, 10.40, 0.008, 354.03, 0.53);
insert into SHOT values (7496, 7519, 7537, 1931, 1.374, 303.18, 5.68, 1.380, 303.11, 5.82, 0.007, 287.07, 34.08);
insert into SHOT values (7497, 7519, 7538, 1931, 1.749, 295.68, 6.86, 1.757, 295.83, 6.87, 0.009, 326.14, 6.89);
insert into SHOT values (7498, 7519, 7539, 1931, 2.076, 290.60, 7.78, 2.084, 290.72, 8.00, 0.012, 323.70, 48.94);
insert into SHOT values (7499, 7519, 7540, 1931, 3.809, 34.55, -9.81, 3.807, 34.58, -9.68, 0.009, 133.65, 77.80);
insert into SHOT values (7500, 7519, 7541, 1931, 3.360, 25.09, -10.41, 3.365, 25.02, -10.27, 0.010, 349.45, 44.48);
insert into SHOT values (7501, 7519, 7542, 1931, 3.103, 11.64, -11.68, 3.104, 11.57, -11.52, 0.010, 320.35, 59.29);
insert into SHOT values (7502, 7519, 7543, 1931, 3.116, 357.17, -12.49, 3.117, 357.18, -12.41, 0.004, 7.97, 69.34);
insert into SHOT values (7503, 7519, 7544, 1931, 3.110, 348.03, -11.99, 3.112, 348.06, -11.87, 0.007, 13.24, 55.95);
insert into SHOT values (7504, 7519, 7545, 1931, 2.877, 344.60, -9.89, 2.883, 344.69, -9.79, 0.009, 19.42, 27.48);
insert into SHOT values (7505, 7519, 7546, 1931, 2.739, 338.25, -10.46, 2.737, 338.20, -10.31, 0.008, 227.79, 70.45);
insert into SHOT values (7506, 7519, 7547, 1931, 2.410, 332.55, -5.86, 2.414, 332.47, -5.71, 0.008, 297.32, 47.92);
insert into SHOT values (7507, 7519, 7548, 1931, 2.157, 317.04, -6.68, 2.158, 317.08, -6.65, 0.002, 359.71, 22.87);
insert into SHOT values (7508, 7519, 7549, 1931, 2.238, 305.28, -7.50, 2.236, 305.27, -7.45, 0.003, 139.22, 45.98);
insert into SHOT values (7509, 7519, 7550, 1931, 2.214, 288.65, -2.20, 2.218, 288.68, -2.07, 0.007, 303.46, 47.58);
insert into SHOT values (7510, 7519, 7551, 1931, 2.500, 70.48, -16.07, 2.498, 70.28, -16.04, 0.009, 329.87, 13.51);
insert into SHOT values (7511, 7519, 7552, 1931, 1.969, 61.34, -21.95, 1.967, 61.19, -21.79, 0.008, 328.48, 51.30);
insert into SHOT values (7512, 7519, 7553, 1931, 1.273, 38.58, -31.03, 1.275, 38.33, -30.66, 0.010, 358.03, 40.56);
insert into SHOT values (7513, 7519, 7554, 1931, 1.082, 12.45, -38.41, 1.082, 12.24, -38.27, 0.004, 307.01, 32.61);
insert into SHOT values (7514, 7519, 7555, 1931, 1.067, 355.19, -37.19, 1.066, 355.29, -36.88, 0.006, 23.13, 56.81);
insert into SHOT values (7515, 7519, 7556, 1931, 2.205, 289.10, 0.29, 2.201, 289.09, 0.52, 0.010, 112.79, 66.25);
insert into SHOT values (7516, 7519, 7557, 1931, 3.660, 146.22, 69.72, 3.664, 146.31, 69.85, 0.010, 309.62, 44.79);
insert into SHOT values (7517, 7519, 7558, 1931, 3.234, 164.74, 74.47, 3.237, 164.51, 74.57, 0.007, 21.44, 35.31);
insert into SHOT values (7518, 7519, 7559, 1931, 3.577, 138.59, 61.86, 3.582, 138.37, 61.92, 0.009, 38.24, 40.98);
insert into SHOT values (7519, 7519, 7560, 1931, 3.148, 223.18, 69.25, 3.152, 223.18, 69.37, 0.008, 44.17, 53.47);
insert into SHOT values (7520, 7519, 7561, 1931, 1.885, 129.61, 72.92, 1.893, 129.14, 72.97, 0.009, 49.44, 60.64);
insert into SHOT values (7521, 7519, 7562, 1931, 1.266, 111.04, 67.39, 1.265, 110.70, 67.65, 0.007, 317.99, 11.52);
insert into SHOT values (7522, 7519, 7563, 1931, 0.950, 96.52, 62.53, 0.954, 96.63, 63.01, 0.009, 267.45, 52.83);
insert into SHOT values (7523, 7519, 7564, 1931, 0.938, 72.83, 44.28, 0.941, 72.65, 44.55, 0.006, 317.28, 65.01);
insert into SHOT values (7524, 7519, 7565, 1931, 0.957, 67.30, 21.77, 0.962, 66.89, 21.99, 0.009, 0.79, 35.79);
insert into SHOT values (7525, 7519, 7566, 1931, 0.749, 3.11, 6.90, 0.756, 3.05, 6.83, 0.008, 357.40, 0.13);
insert into SHOT values (7526, 7519, 7567, 1931, 1.054, 61.37, 8.02, 1.058, 61.48, 8.15, 0.005, 91.26, 36.94);
insert into SHOT values (7527, 7519, 7568, 1931, 1.390, 64.08, 3.51, 1.394, 63.99, 3.70, 0.006, 31.46, 49.67);
insert into SHOT values (7528, 7519, 7569, 1931, 1.530, 302.32, 3.15, 1.531, 302.44, 3.37, 0.007, 17.41, 60.30);
insert into SHOT values (7529, 7569, 7570, 1931, 0.753, 136.01, -75.02, 0.755, 137.12, -75.33, 0.006, 270.37, -26.56);
insert into SHOT values (7530, 7569, 7571, 1931, 0.833, 249.38, -60.60, 0.835, 249.78, -60.98, 0.006, 34.21, -41.43);
insert into SHOT values (7531, 7569, 7572, 1931, 1.052, 156.94, 5.13, 1.048, 156.87, 4.93, 0.006, 354.21, -44.87);
insert into SHOT values (7532, 7569, 7573, 1931, 1.113, 179.54, 16.12, 1.114, 179.46, 16.16, 0.002, 119.31, 30.99);
insert into SHOT values (7533, 7569, 7574, 1931, 1.181, 199.77, 20.06, 1.177, 200.07, 19.86, 0.008, 309.76, -39.37);
insert into SHOT values (7534, 7569, 7575, 1931, 1.513, 209.67, 24.99, 1.513, 209.74, 25.03, 0.002, 323.01, 22.75);
insert into SHOT values (7535, 7569, 7576, 1931, 2.156, 213.78, 26.48, 2.151, 213.77, 26.51, 0.005, 36.62, -14.86);
insert into SHOT values (7536, 7569, 7577, 1931, 2.276, 221.14, 27.11, 2.278, 221.00, 27.16, 0.006, 145.98, 28.84);
insert into SHOT values (7537, 7569, 7578, 1931, 2.425, 231.31, 27.40, 2.424, 231.22, 27.25, 0.007, 173.65, -54.93);
insert into SHOT values (7538, 7569, 7579, 1931, 2.166, 235.95, 25.25, 2.164, 235.82, 25.17, 0.006, 134.33, -41.70);
insert into SHOT values (7539, 7569, 7580, 1931, 1.767, 241.52, 23.41, 1.769, 241.70, 23.32, 0.006, 304.66, -19.74);
insert into SHOT values (7540, 7569, 7581, 1931, 1.563, 244.84, 20.13, 1.564, 245.01, 20.20, 0.005, 336.40, 26.09);
insert into SHOT values (7541, 7569, 7582, 1931, 1.320, 244.50, 10.87, 1.321, 244.42, 10.91, 0.002, 178.93, 29.16);
insert into SHOT values (7542, 7569, 7583, 1931, 1.155, 254.03, -3.97, 1.158, 253.92, -3.96, 0.004, 216.91, -0.53);
insert into SHOT values (7543, 7569, 7584, 1931, 0.890, 262.23, -16.99, 0.897, 261.96, -16.85, 0.008, 233.50, 0.43);
insert into SURVEY values (1933, 1864, 'teachAilleSump', 'teachAilleSump.TeachAille.Cong', NULL);
 insert into CENTRELINE values (1934, 1933, NULL, NULL, NULL, 0.00, 0.00, 0.00);
 insert into CENTRELINE values (1935, 1933, NULL, NULL, NULL, 7.00, 0.00, 0.00);
 insert into SHOT values (7544, 7585, 7586, 1935, 7.000, 280.76, -10.00, 6.999, 280.79, -10.04, 0.006, 38.60, -48.43);
insert into MAPS values (1937, 1864, 'TeachAilleM', NULL, 1, 36.545, -5.310);
 insert into MAPITEMS values (1937, 4, 1911);
 insert into MAPITEMS values (1937, 4, 1930);
 insert into SURVEY values (1939, 19, 'wolfsHole', 'wolfsHole.Cong', 'Wolf''s Hole');
 insert into CENTRELINE values (1940, 1939, NULL, NULL, NULL, 0.00, 0.00, 0.00);
 insert into SURVEY values (1941, 1939, 'wolfsHoleMain', 'wolfsHoleMain.wolfsHole.Cong', NULL);
 insert into CENTRELINE values (1942, 1941, NULL, NULL, NULL, 0.00, 0.00, 0.00);
 insert into SCRAPS values (1943, 1941, 'wolfsHoleMainSP1', 1, 7.94990, 0.55882);
 insert into SCRAPS values (1980, 1941, 'wolfsHoleMainSP2', 1, 0.27807, 0.06741);
 insert into MAPS values (1992, 1941, 'wolfsHoleMainM', NULL, 1, 31.925, -4.090);
 insert into MAPITEMS values (1992, 4, 1943);
 insert into MAPITEMS values (1992, 4, 1980);
 insert into CENTRELINE values (1993, 1941, NULL, '2013-09-15', NULL, 31.92, 0.00, 0.00);
 insert into TOPO values (1, 1993);
 insert into TOPO values (13, 1993);
 insert into TOPO values (6, 1993);
 insert into SHOT values (7545, 7587, 7588, 1993, 5.337, 270.34, 88.44, 5.342, 270.00, 88.50, 0.007, 99.20, 42.89);
insert into SHOT values (7546, 7587, 7589, 1993, 4.773, 237.31, 79.64, 4.777, 237.43, 79.70, 0.006, 33.24, 48.11);
insert into SHOT values (7547, 7587, 7590, 1993, 4.425, 230.63, 69.00, 4.424, 230.89, 69.00, 0.007, 325.24, -8.59);
insert into SHOT values (7548, 7587, 7591, 1993, 4.490, 230.36, 58.35, 4.485, 230.35, 58.39, 0.006, 53.67, -22.63);
insert into SHOT values (7549, 7587, 7592, 1993, 4.045, 230.52, 46.29, 4.045, 230.51, 46.21, 0.005, 223.95, -45.67);
insert into SHOT values (7550, 7587, 7593, 1993, 3.781, 232.03, 34.99, 3.778, 232.09, 35.06, 0.006, 17.59, 16.68);
insert into SHOT values (7551, 7587, 7594, 1993, 3.628, 232.94, 25.91, 3.629, 232.85, 25.99, 0.007, 128.70, 42.09);
insert into SHOT values (7552, 7587, 7595, 1993, 3.344, 234.27, 18.68, 3.342, 234.25, 18.67, 0.002, 89.65, -33.99);
insert into SHOT values (7553, 7587, 7596, 1993, 3.064, 236.10, 7.92, 3.063, 236.15, 7.88, 0.004, 336.88, -36.49);
insert into SHOT values (7554, 7587, 7597, 1993, 3.198, 235.72, -0.99, 3.196, 235.71, -0.90, 0.006, 62.40, 66.44);
insert into SHOT values (7555, 7587, 7598, 1993, 3.179, 236.90, -8.99, 3.177, 236.97, -9.06, 0.006, 3.91, -33.83);
insert into SHOT values (7556, 7587, 7599, 1993, 2.998, 239.86, -17.75, 2.996, 239.93, -17.68, 0.006, 348.00, 45.95);
insert into SHOT values (7557, 7587, 7600, 1993, 1.317, 244.25, -25.64, 1.315, 244.52, -25.68, 0.006, 354.10, -1.11);
insert into SHOT values (7558, 7587, 7601, 1993, 0.770, 246.06, -38.67, 0.768, 246.43, -38.66, 0.004, 352.18, 15.65);
insert into SHOT values (7559, 7587, 7602, 1993, 0.520, 11.95, -89.20, 0.520, 0.00, -88.90, 0.003, 332.58, -0.89);
insert into SHOT values (7560, 7587, 7603, 1993, 0.593, 42.44, -64.82, 0.597, 41.82, -64.73, 0.005, 356.24, -41.33);
insert into SHOT values (7561, 7587, 7604, 1993, 1.071, 50.19, -39.75, 1.068, 49.93, -39.56, 0.006, 317.86, 52.22);
insert into SHOT values (7562, 7587, 7605, 1993, 1.759, 52.76, -26.18, 1.766, 52.70, -26.22, 0.007, 35.48, -34.41);
insert into SHOT values (7563, 7587, 7606, 1993, 5.809, 51.97, -19.36, 5.815, 51.96, -19.38, 0.006, 42.79, -42.60);
insert into SHOT values (7564, 7587, 7607, 1993, 7.902, 50.64, -15.66, 7.902, 50.60, -15.64, 0.006, 328.85, 29.88);
insert into SHOT values (7565, 7587, 7608, 1993, 7.518, 48.62, -6.96, 7.516, 48.64, -6.95, 0.004, 168.55, 16.34);
insert into SHOT values (7566, 7587, 7609, 1993, 7.346, 48.39, 2.39, 7.352, 48.37, 2.42, 0.007, 22.89, 29.84);
insert into SHOT values (7567, 7587, 7610, 1993, 6.768, 48.35, 12.68, 6.767, 48.32, 12.72, 0.006, 294.17, 47.43);
insert into SHOT values (7568, 7587, 7611, 1993, 6.988, 49.30, 25.49, 6.986, 49.31, 25.52, 0.005, 209.95, 33.84);
insert into SHOT values (7569, 7587, 7612, 1993, 7.146, 49.30, 28.94, 7.147, 49.28, 28.95, 0.003, 332.21, 45.45);
insert into SHOT values (7570, 7587, 7613, 1993, 6.278, 50.04, 37.18, 6.272, 50.03, 37.18, 0.006, 235.35, -40.12);
insert into SHOT values (7571, 7587, 7614, 1993, 5.690, 49.64, 44.19, 5.692, 49.67, 44.22, 0.005, 150.77, 56.52);
insert into SHOT values (7572, 7587, 7615, 1993, 5.899, 50.36, 48.75, 5.905, 50.42, 48.76, 0.007, 106.40, 43.64);
insert into SHOT values (7573, 7587, 7616, 1993, 5.411, 51.08, 53.70, 5.408, 51.09, 53.72, 0.004, 221.04, -14.46);
insert into SHOT values (7574, 7587, 7617, 1993, 5.796, 52.13, 59.67, 5.794, 52.07, 59.64, 0.004, 352.60, -40.04);
insert into SHOT values (7575, 7587, 7618, 1993, 5.868, 51.24, 69.95, 5.866, 51.25, 69.93, 0.003, 71.18, -59.72);
insert into SHOT values (7576, 7587, 7619, 1993, 5.547, 55.24, 77.91, 5.544, 55.49, 77.87, 0.007, 113.65, -33.24);
insert into SHOT values (7577, 7587, 7620, 1993, 5.450, 41.41, 86.85, 5.449, 41.01, 86.79, 0.006, 19.63, -17.16);
insert into SHOT values (7578, 7587, 7621, 1993, 13.409, 332.14, -22.60, 13.410, 332.17, -22.58, 0.008, 43.30, 20.90);
insert into SHOT values (7579, 7587, 7622, 1993, 11.953, 340.03, -21.71, 11.954, 340.05, -21.70, 0.004, 48.72, 20.23);
insert into SHOT values (7580, 7587, 7623, 1993, 11.911, 348.30, -21.33, 11.915, 348.31, -21.31, 0.006, 3.59, 24.36);
insert into SHOT values (7581, 7587, 7624, 1993, 9.697, 355.68, -20.69, 9.702, 355.70, -20.70, 0.007, 41.12, -35.24);
insert into SHOT values (7582, 7587, 7625, 1993, 9.068, 7.40, -19.27, 9.068, 7.38, -19.25, 0.004, 300.86, 46.01);
insert into SHOT values (7583, 7587, 7626, 1993, 8.091, 21.09, -14.92, 8.094, 21.05, -14.89, 0.007, 330.84, 27.43);
insert into SHOT values (7584, 7587, 7627, 1993, 6.917, 34.99, -10.67, 6.919, 35.00, -10.66, 0.003, 65.49, 15.13);
insert into SHOT values (7585, 7587, 7628, 1993, 7.574, 46.45, -6.82, 7.573, 46.45, -6.83, 0.002, 193.55, -18.80);
insert into SHOT values (7586, 7587, 7629, 1993, 7.230, 56.34, -5.42, 7.229, 56.33, -5.40, 0.003, 295.62, 73.56);
insert into SHOT values (7587, 7587, 7630, 1993, 7.175, 69.86, 0.80, 7.179, 69.87, 0.80, 0.004, 95.97, -2.28);
insert into SHOT values (7588, 7587, 7631, 1993, 7.211, 67.28, 7.52, 7.206, 67.28, 7.50, 0.006, 251.60, -40.44);
insert into SHOT values (7589, 7587, 7632, 1993, 6.635, 123.80, 5.81, 6.638, 123.76, 5.79, 0.005, 68.01, -18.48);
insert into SHOT values (7590, 7587, 7633, 1993, 5.000, 133.50, 22.73, 5.000, 133.42, 22.71, 0.007, 47.16, -16.92);
insert into SHOT values (7591, 7587, 7634, 1993, 6.979, 151.47, 27.79, 6.974, 151.44, 27.77, 0.006, 12.75, -41.57);
insert into SHOT values (7592, 7587, 7635, 1993, 8.025, 168.51, 32.31, 8.028, 168.52, 32.30, 0.004, 200.28, 9.72);
insert into SHOT values (7593, 7587, 7636, 1993, 8.021, 172.49, 33.84, 8.019, 172.49, 33.88, 0.006, 348.89, 32.78);
insert into SHOT values (7594, 7587, 7637, 1993, 5.841, 188.23, 37.83, 5.835, 188.24, 37.85, 0.006, 2.23, -22.06);
insert into SHOT values (7595, 7587, 7638, 1993, 3.699, 217.42, 36.71, 3.694, 217.45, 36.74, 0.006, 19.53, -11.65);
insert into SHOT values (7596, 7587, 7639, 1993, 3.674, 239.24, 29.01, 3.671, 239.28, 29.01, 0.004, 15.84, -26.43);
insert into SHOT values (7597, 7587, 7640, 1993, 3.367, 263.89, 15.93, 3.366, 263.97, 15.86, 0.006, 351.52, -40.71);
insert into SHOT values (7598, 7587, 7641, 1993, 3.136, 279.47, -5.64, 3.137, 279.40, -5.67, 0.004, 206.75, -25.59);
insert into SHOT values (7599, 7587, 7642, 1993, 4.123, 292.84, -21.32, 4.123, 292.83, -21.33, 0.001, 199.43, -51.64);
insert into SHOT values (7600, 7587, 7643, 1993, 8.953, 309.28, -36.58, 8.952, 309.30, -36.62, 0.007, 106.27, -39.39);
insert into SHOT values (7601, 7587, 7644, 1993, 13.465, 321.69, -29.54, 13.463, 321.69, -29.55, 0.003, 127.44, -23.24);
insert into SHOT values (7602, 7587, 7645, 1993, 13.939, 329.32, -25.53, 13.943, 329.32, -25.53, 0.004, 327.44, -37.38);
insert into SHOT values (7603, 7587, 7646, 1993, 8.567, 334.54, -21.29, 8.569, 334.56, -21.28, 0.003, 29.96, 9.56);
insert into SHOT values (7604, 7587, 7647, 1993, 8.520, 338.83, -21.11, 8.519, 338.83, -21.12, 0.002, 158.86, -37.96);
insert into SHOT values (7605, 7587, 7648, 1993, 8.376, 336.89, -21.15, 8.381, 336.88, -21.12, 0.007, 325.08, 18.74);
insert into SHOT values (7606, 7587, 7649, 1993, 5.735, 33.75, 27.34, 5.736, 33.72, 27.29, 0.006, 358.14, -43.84);
insert into SHOT values (7607, 7587, 7650, 1993, 6.096, 16.94, 18.00, 6.099, 16.94, 17.95, 0.005, 13.76, -43.51);
insert into SHOT values (7608, 7587, 7651, 1993, 5.737, 8.99, 24.31, 5.742, 9.01, 24.27, 0.007, 28.54, -14.80);
insert into SHOT values (7609, 7587, 7652, 1993, 5.272, 359.63, 32.36, 5.268, 359.61, 32.36, 0.004, 198.78, -27.84);
insert into SHOT values (7610, 7587, 7653, 1993, 7.336, 149.27, 55.86, 7.334, 149.32, 55.86, 0.004, 254.50, -23.54);
insert into SHOT values (7611, 7587, 7654, 1993, 7.016, 137.64, 61.75, 7.015, 137.56, 61.76, 0.004, 32.52, -4.23);
insert into SHOT values (7612, 7587, 7655, 1993, 5.931, 124.09, 71.45, 5.928, 124.20, 71.45, 0.005, 226.66, -38.25);
insert into SHOT values (7613, 7587, 7656, 1993, 5.817, 129.20, 80.62, 5.819, 129.04, 80.58, 0.005, 98.86, 8.29);
insert into SHOT values (7614, 7587, 7657, 1993, 5.912, 182.22, 84.72, 5.915, 182.12, 84.76, 0.005, 16.19, 39.20);
insert into SHOT values (7615, 7587, 7658, 1993, 6.629, 189.72, 76.69, 6.627, 189.83, 76.72, 0.005, 330.47, -10.91);
insert into SHOT values (7616, 7587, 7659, 1993, 6.709, 180.15, 67.08, 6.709, 180.22, 67.10, 0.004, 310.51, 9.01);
insert into SHOT values (7617, 7587, 7660, 1993, 6.239, 168.81, 60.30, 6.238, 168.80, 60.32, 0.002, 0.18, 14.34);
insert into SHOT values (7618, 7587, 7661, 1993, 7.282, 157.55, 57.10, 7.276, 157.53, 57.12, 0.007, 353.76, -36.25);
insert into SHOT values (7619, 7587, 7662, 1993, 7.688, 112.70, 3.02, 7.685, 112.69, 3.06, 0.006, 312.08, 53.44);
insert into SHOT values (7620, 7587, 7663, 1993, 7.312, 103.59, 3.47, 7.316, 103.54, 3.45, 0.008, 50.38, -19.16);
insert into SHOT values (7621, 7587, 7664, 1993, 7.055, 106.26, 3.39, 7.054, 106.25, 3.41, 0.003, 328.41, 55.19);
insert into SHOT values (7622, 7587, 7665, 1993, 7.485, 108.39, 2.90, 7.482, 108.41, 2.91, 0.004, 243.18, 17.38);
insert into SHOT values (7623, 7587, 7666, 1993, 7.580, 110.66, 2.78, 7.576, 110.66, 2.80, 0.005, 282.90, 28.24);
insert into SHOT values (7624, 7587, 7667, 1993, 6.811, 93.22, 3.72, 6.803, 92.53, 3.96, 0.086, 355.84, 18.97);
insert into SHOT values (7625, 7667, 7668, 1993, 17.616, 317.24, -21.05, 17.615, 317.24, -21.06, 0.004, 95.55, -48.44);
insert into SHOT values (7626, 7667, 7669, 1993, 18.417, 310.04, -20.10, 18.413, 310.03, -20.11, 0.006, 164.89, -7.55);
insert into SHOT values (7627, 7667, 7670, 1993, 18.369, 315.11, -22.00, 18.365, 315.10, -22.00, 0.006, 176.53, 11.36);
insert into SHOT values (7628, 7667, 7671, 1993, 3.286, 358.30, 13.89, 3.278, 358.20, 13.94, 0.010, 211.69, 6.66);
insert into SHOT values (7629, 7667, 7672, 1993, 3.150, 2.75, 12.28, 3.146, 2.80, 12.30, 0.005, 150.93, 0.33);
insert into SHOT values (7630, 7667, 7673, 1993, 3.706, 13.51, 9.08, 3.696, 13.47, 9.03, 0.011, 209.95, -26.81);
insert into SHOT values (7631, 7667, 7674, 1993, 3.540, 22.71, 4.68, 3.535, 22.71, 4.71, 0.005, 203.03, 12.87);
insert into SHOT values (7632, 7667, 7675, 1993, 3.610, 45.70, 2.84, 3.604, 45.79, 2.86, 0.008, 182.66, 7.80);
insert into SHOT values (7633, 7667, 7676, 1993, 4.520, 62.99, -5.68, 4.522, 63.04, -5.71, 0.005, 134.52, -33.44);
insert into SHOT values (7634, 7667, 7677, 1993, 4.222, 216.67, -0.37, 4.224, 216.63, -0.41, 0.005, 161.03, -36.00);
insert into SHOT values (7635, 7667, 7678, 1993, 3.951, 204.68, -1.96, 3.954, 204.68, -2.03, 0.005, 214.86, -64.01);
insert into SHOT values (7636, 7667, 7679, 1993, 3.717, 190.65, -3.18, 3.721, 190.70, -3.24, 0.006, 238.31, -37.28);
insert into SHOT values (7637, 7667, 7680, 1993, 3.678, 183.32, -3.05, 3.681, 183.27, -3.11, 0.006, 142.68, -45.47);
insert into SHOT values (7638, 7667, 7681, 1993, 1.327, 162.48, 2.29, 1.332, 162.52, 2.15, 0.006, 171.90, -28.20);
insert into SHOT values (7639, 7667, 7682, 1993, 3.169, 151.88, -0.90, 3.172, 151.98, -0.90, 0.007, 212.88, -1.97);
insert into SHOT values (7640, 7667, 7683, 1993, 4.203, 136.14, -6.76, 4.203, 136.17, -6.83, 0.006, 252.58, -67.14);
insert into SHOT values (7641, 7667, 7684, 1993, 4.826, 128.64, -5.78, 4.827, 128.66, -5.83, 0.004, 193.07, -62.90);
insert into SHOT values (7642, 7667, 7685, 1993, 3.130, 32.67, 5.48, 3.127, 32.67, 5.51, 0.004, 211.77, 18.12);
insert into SHOT values (7643, 7667, 7686, 1993, 2.370, 41.76, 13.87, 2.362, 41.82, 13.72, 0.011, 200.28, -50.06);
insert into SHOT values (7644, 7667, 7687, 1993, 1.082, 72.56, 32.16, 1.075, 72.76, 32.04, 0.008, 220.31, -44.78);
insert into SHOT values (7645, 7667, 7688, 1993, 0.802, 119.45, 40.72, 0.801, 119.51, 40.49, 0.003, 149.38, -67.02);
insert into SHOT values (7646, 7667, 7689, 1993, 0.966, 161.80, 25.38, 0.964, 161.98, 25.16, 0.005, 250.96, -55.53);
insert into SHOT values (7647, 7667, 7690, 1993, 1.692, 194.88, 8.15, 1.693, 194.87, 8.15, 0.001, 177.68, 6.14);
insert into SHOT values (7648, 7667, 7691, 1993, 2.548, 202.05, 4.84, 2.553, 201.93, 4.72, 0.009, 155.62, -33.90);
insert into SHOT values (7649, 7667, 7692, 1993, 2.986, 211.33, 6.13, 2.993, 211.39, 6.14, 0.008, 238.28, 8.69);
insert into SHOT values (7650, 7667, 7693, 1993, 3.871, 215.47, 3.55, 3.873, 215.42, 3.55, 0.004, 151.41, 4.64);
insert into SHOT values (7651, 7667, 7694, 1993, 3.701, 134.21, -2.79, 3.703, 134.23, -2.79, 0.002, 175.07, 3.39);
insert into SHOT values (7652, 7694, 7695, 1993, 4.994, 19.45, -10.38, 4.990, 19.39, -10.39, 0.006, 250.15, -1.97);
insert into SHOT values (7653, 7694, 7696, 1993, 5.004, 29.03, -11.00, 4.999, 29.02, -11.07, 0.008, 214.90, -40.27);
insert into SHOT values (7654, 7694, 7697, 1993, 5.667, 44.67, -16.22, 5.665, 44.63, -16.30, 0.009, 270.96, -53.06);
insert into SHOT values (7655, 7694, 7698, 1993, 6.009, 52.82, -15.85, 6.002, 52.81, -15.86, 0.007, 237.58, 10.31);
insert into SHOT values (7656, 7694, 7699, 1993, 6.407, 63.11, -16.78, 6.404, 63.14, -16.79, 0.005, 190.42, -3.87);
insert into SHOT values (7657, 7694, 7700, 1993, 7.812, 69.22, -17.71, 7.815, 69.23, -17.73, 0.004, 100.64, -55.69);
insert into SHOT values (7658, 7694, 7701, 1993, 8.721, 72.14, -16.12, 8.720, 72.13, -16.18, 0.010, 272.78, -63.64);
insert into SHOT values (7659, 7694, 7702, 1993, 9.595, 75.45, -14.91, 9.591, 75.44, -14.92, 0.005, 274.17, -14.81);
insert into SHOT values (7660, 7694, 7703, 1993, 10.649, 77.96, -14.39, 10.651, 77.97, -14.41, 0.005, 133.91, -50.50);
insert into SHOT values (7661, 7694, 7704, 1993, 4.217, 328.39, 0.95, 4.216, 328.38, 0.95, 0.001, 172.39, 6.06);
insert into SHOT values (7662, 7694, 7705, 1993, 3.265, 335.80, -5.75, 3.262, 335.80, -5.81, 0.005, 149.74, -39.36);
insert into SHOT values (7663, 7694, 7706, 1993, 2.356, 348.04, -14.50, 2.354, 348.10, -14.51, 0.003, 117.29, -1.93);
insert into SHOT values (7664, 7694, 7707, 1993, 2.297, 16.19, -27.42, 2.300, 16.22, -27.44, 0.003, 39.56, -41.93);
insert into SHOT values (7665, 7694, 7708, 1993, 3.092, 53.53, -30.43, 3.089, 53.56, -30.55, 0.007, 219.20, -32.52);
insert into SHOT values (7666, 7694, 7709, 1993, 4.919, 76.07, -26.31, 4.919, 76.09, -26.31, 0.002, 170.42, 7.97);
insert into SHOT values (7667, 7694, 7710, 1993, 7.230, 88.34, -20.50, 7.233, 88.39, -20.56, 0.010, 173.70, -51.06);
insert into SHOT values (7668, 7694, 7711, 1993, 10.771, 91.36, -15.86, 10.775, 91.38, -15.89, 0.008, 156.57, -52.80);
insert into SHOT values (7669, 7694, 7712, 1993, 1.015, 318.64, 28.35, 1.014, 318.63, 28.27, 0.002, 147.15, -75.24);
insert into SHOT values (7670, 7694, 7713, 1993, 1.048, 11.38, 26.45, 1.044, 11.07, 26.14, 0.009, 271.58, -53.07);
insert into SHOT values (7671, 7694, 7714, 1993, 3.564, 53.01, 18.78, 3.558, 52.96, 18.69, 0.009, 266.53, -55.38);
insert into SHOT values (7672, 7694, 7715, 1993, 2.129, 44.42, 9.41, 2.128, 44.42, 9.20, 0.008, 182.38, -88.69);
insert into SHOT values (7673, 7694, 7716, 1993, 2.785, 48.90, 20.15, 2.786, 48.88, 20.16, 0.001, 352.38, 27.47);
insert into SHOT values (7674, 7694, 7717, 1993, 2.496, 59.24, 15.67, 2.491, 59.16, 15.60, 0.007, 279.01, -38.89);
insert into SHOT values (7675, 7694, 7718, 1993, 3.486, 73.66, 2.45, 3.484, 73.65, 2.47, 0.002, 270.93, 25.02);
insert into SHOT values (7676, 7694, 7719, 1993, 4.095, 83.04, -8.28, 4.093, 83.05, -8.29, 0.003, 243.91, -5.81);
insert into SHOT values (7677, 7694, 7720, 1993, 4.677, 85.86, -10.50, 4.672, 85.88, -10.61, 0.010, 252.03, -47.61);
insert into SHOT values (7678, 7694, 7721, 1993, 5.671, 44.45, -16.05, 5.667, 44.40, -16.08, 0.007, 264.18, -18.15);
insert into SHOT values (7679, 7721, 7722, 1993, 0.877, 58.96, -12.11, 0.882, 59.26, -12.45, 0.008, 112.26, -46.31);
insert into SHOT values (7680, 7721, 7723, 1993, 1.692, 73.01, -4.65, 1.698, 73.17, -4.73, 0.008, 111.57, -20.12);
insert into SHOT values (7681, 7721, 7724, 1993, 1.047, 88.15, -5.70, 1.056, 88.36, -5.98, 0.011, 112.83, -32.43);
insert into SHOT values (7682, 7721, 7725, 1993, 0.843, 113.05, -6.67, 0.844, 113.20, -6.81, 0.003, 191.81, -42.87);
insert into SHOT values (7683, 7721, 7726, 1993, 6.191, 200.44, 0.68, 6.190, 200.43, 0.65, 0.004, 62.69, -61.23);
insert into SHOT values (7684, 7721, 7727, 1993, 5.867, 187.11, -1.28, 5.866, 187.05, -1.27, 0.006, 85.47, 10.33);
insert into SHOT values (7685, 7721, 7728, 1993, 6.026, 165.03, -3.59, 6.028, 164.97, -3.61, 0.007, 89.96, -23.18);
insert into SHOT values (7686, 7721, 7729, 1993, 6.634, 150.26, -4.69, 6.633, 150.26, -4.67, 0.003, 353.83, 71.69);
insert into SHOT values (7687, 7721, 7730, 1993, 6.007, 149.26, -3.90, 6.010, 149.20, -3.91, 0.007, 81.91, -12.33);
insert into SHOT values (7688, 7721, 7731, 1993, 6.512, 149.04, -4.19, 6.517, 148.98, -4.22, 0.010, 95.46, -25.65);
insert into SHOT values (7689, 7721, 7732, 1993, 7.090, 143.47, -5.62, 7.091, 143.47, -5.67, 0.006, 206.34, -85.48);
insert into SHOT values (7690, 7721, 7733, 1993, 8.025, 135.77, -8.16, 8.030, 135.71, -8.16, 0.009, 77.96, -6.08);
insert into SHOT values (7691, 7721, 7734, 1993, 5.754, 132.17, -0.35, 5.756, 132.11, -0.40, 0.008, 63.81, -39.26);
insert into SHOT values (7692, 7734, 7735, 1993, 4.776, 312.61, -3.97, 4.775, 312.53, -3.96, 0.006, 210.88, 5.91);
insert into SHOT values (7693, 7734, 7736, 1993, 3.360, 318.98, -10.32, 3.357, 318.93, -10.30, 0.004, 184.91, 25.87);
insert into SHOT values (7694, 7734, 7737, 1993, 2.950, 337.73, -16.63, 2.943, 337.71, -16.58, 0.007, 167.21, 35.95);
insert into SHOT values (7695, 7734, 7738, 1993, 3.071, 6.39, -20.71, 3.065, 6.41, -20.64, 0.008, 175.14, 51.79);
insert into SHOT values (7696, 7734, 7739, 1993, 3.095, 33.93, -22.07, 3.094, 33.91, -22.02, 0.003, 277.99, 72.81);
insert into SHOT values (7697, 7734, 7740, 1993, 3.416, 50.46, -19.83, 3.414, 50.56, -19.86, 0.006, 161.65, -10.97);
insert into SHOT values (7698, 7734, 7741, 1993, 4.694, 57.73, -17.06, 4.685, 57.76, -17.00, 0.010, 215.10, 43.88);
insert into SHOT values (7699, 7734, 7742, 1993, 5.057, 67.06, -16.64, 5.050, 67.14, -16.57, 0.012, 192.77, 42.36);
insert into SHOT values (7700, 7734, 7743, 1993, 5.491, 71.15, -16.41, 5.486, 71.15, -16.41, 0.005, 247.11, 13.66);
insert into SHOT values (7701, 7734, 7744, 1993, 2.362, 147.29, -28.28, 2.360, 147.38, -28.33, 0.004, 272.38, -12.73);
insert into SHOT values (7702, 7734, 7745, 1993, 3.006, 5.68, -21.65, 3.006, 5.75, -21.67, 0.004, 93.74, -15.27);
insert into SHOT values (7703, 7734, 7746, 1993, 2.173, 6.16, -28.50, 2.162, 6.04, -28.46, 0.012, 209.27, 34.70);
insert into SHOT values (7704, 7734, 7747, 1993, 1.483, 7.07, -39.77, 1.483, 7.06, -39.84, 0.002, 191.99, -46.98);
insert into SHOT values (7705, 7734, 7748, 1993, 1.208, 8.15, -53.82, 1.200, 8.13, -53.91, 0.008, 190.24, 40.09);
insert into SHOT values (7706, 7734, 7749, 1993, 0.987, 69.50, -85.09, 0.984, 69.44, -85.02, 0.004, 64.72, 74.05);
insert into SHOT values (7707, 7734, 7750, 1993, 1.057, 188.28, -73.46, 1.054, 187.59, -73.32, 0.005, 123.78, 39.21);
insert into SHOT values (7708, 7734, 7751, 1993, 1.364, 185.47, -47.72, 1.369, 185.59, -47.53, 0.007, 201.38, -6.68);
insert into SHOT values (7709, 7734, 7752, 1993, 2.238, 182.76, -26.80, 2.243, 182.86, -26.77, 0.006, 219.53, -8.72);
insert into SHOT values (7710, 7734, 7753, 1993, 2.002, 181.20, -21.39, 2.008, 181.23, -21.32, 0.006, 189.27, 1.42);
insert into SHOT values (7711, 7734, 7754, 1993, 1.504, 181.51, -14.36, 1.507, 181.57, -14.22, 0.005, 205.40, 37.91);
insert into SHOT values (7712, 7734, 7755, 1993, 1.149, 178.17, -9.22, 1.155, 177.99, -8.97, 0.008, 149.79, 28.87);
insert into SHOT values (7713, 7734, 7756, 1993, 1.272, 7.73, -3.25, 1.263, 7.74, -3.18, 0.009, 185.22, 14.03);
insert into SHOT values (7714, 7734, 7757, 1993, 1.687, 5.87, -12.85, 1.680, 5.95, -12.72, 0.008, 163.22, 39.01);
insert into SHOT values (7715, 7734, 7758, 1993, 2.651, 1.68, -15.42, 2.645, 1.57, -15.34, 0.008, 227.18, 36.55);
insert into SHOT values (7716, 7734, 7759, 1993, 2.853, 3.36, -19.69, 2.851, 3.42, -19.68, 0.003, 120.55, 22.24);
insert into SHOT values (7717, 7734, 7760, 1993, 3.436, 92.41, -20.98, 3.431, 92.51, -21.01, 0.007, 225.90, 1.78);
insert into SHOT values (7718, 7760, 7761, 1993, 2.391, 224.26, 3.19, 2.387, 224.15, 3.36, 0.009, 91.94, 48.85);
insert into SHOT values (7719, 7760, 7762, 1993, 2.599, 214.44, 1.39, 2.592, 214.30, 1.55, 0.012, 72.92, 35.46);
insert into SHOT values (7720, 7760, 7763, 1993, 2.523, 208.16, -0.59, 2.519, 208.19, -0.45, 0.007, 7.29, 54.15);
insert into SHOT values (7721, 7760, 7764, 1993, 2.302, 200.38, -1.44, 2.304, 200.32, -1.24, 0.008, 154.22, 68.75);
insert into SHOT values (7722, 7760, 7765, 1993, 3.518, 197.32, -2.35, 3.511, 197.25, -2.29, 0.010, 48.03, 26.52);
insert into SHOT values (7723, 7760, 7766, 1993, 3.373, 189.46, -4.11, 3.374, 189.41, -4.08, 0.004, 116.39, 28.91);
insert into SHOT values (7724, 7760, 7767, 1993, 4.192, 176.40, -4.25, 4.190, 176.30, -4.24, 0.008, 73.24, 4.93);
insert into SHOT values (7725, 7760, 7768, 1993, 4.298, 163.52, -5.39, 4.296, 163.43, -5.34, 0.008, 62.11, 28.87);
insert into SHOT values (7726, 7760, 7769, 1993, 4.521, 156.38, -6.48, 4.516, 156.35, -6.48, 0.006, 359.98, 2.24);
insert into SHOT values (7727, 7760, 7770, 1993, 4.816, 146.91, -5.15, 4.818, 146.91, -5.12, 0.003, 142.14, 50.98);
insert into SHOT values (7728, 7760, 7771, 1993, 5.674, 140.81, -5.36, 5.675, 140.82, -5.36, 0.002, 174.95, 0.90);
insert into SHOT values (7729, 7760, 7772, 1993, 6.250, 134.89, -5.11, 6.247, 134.87, -5.05, 0.007, 351.96, 63.94);
insert into SHOT values (7730, 7760, 7773, 1993, 6.744, 127.99, -4.91, 6.743, 127.93, -4.85, 0.010, 37.09, 45.48);
insert into SHOT values (7731, 7760, 7774, 1993, 7.279, 121.84, -4.48, 7.284, 121.83, -4.49, 0.006, 110.86, -14.78);
insert into SHOT values (7732, 7760, 7775, 1993, 7.712, 116.02, -3.73, 7.713, 115.97, -3.72, 0.007, 36.54, 13.45);
insert into SHOT values (7733, 7760, 7776, 1993, 8.807, 101.68, -4.00, 8.813, 101.68, -3.97, 0.008, 105.27, 33.61);
insert into SHOT values (7734, 7760, 7777, 1993, 8.841, 96.06, -4.28, 8.844, 96.05, -4.28, 0.003, 81.74, -3.74);
insert into SHOT values (7735, 7760, 7778, 1993, 8.900, 91.90, -4.03, 8.906, 91.87, -3.99, 0.010, 59.65, 34.52);
insert into SHOT values (7736, 7760, 7779, 1993, 7.153, 122.50, -4.20, 7.154, 122.47, -4.17, 0.006, 49.91, 42.08);
insert into SHOT values (7737, 7760, 7780, 1993, 7.711, 115.06, -3.40, 7.717, 115.03, -3.34, 0.010, 89.01, 46.03);
insert into SHOT values (7738, 7760, 7781, 1993, 8.014, 109.94, -3.68, 8.016, 109.95, -3.65, 0.006, 146.71, 52.05);
insert into SHOT values (7739, 7760, 7782, 1993, 8.788, 103.56, -4.19, 8.786, 103.53, -4.18, 0.005, 356.60, 24.16);
insert into SHOT values (7740, 7760, 7783, 1993, 8.760, 99.29, -4.18, 8.768, 99.28, -4.19, 0.008, 89.54, -10.71);
insert into SHOT values (7741, 7760, 7784, 1993, 8.921, 93.49, -3.90, 8.927, 93.48, -3.85, 0.009, 76.49, 46.95);
insert into SHOT values (7742, 7760, 7785, 1993, 8.878, 90.00, -4.24, 8.884, 90.00, -4.20, 0.009, 92.95, 45.38);
insert into SHOT values (7743, 7760, 7786, 1993, 9.688, 86.95, -3.07, 9.688, 86.92, -3.08, 0.005, 355.65, -13.14);
insert into SHOT values (7744, 7760, 7787, 1993, 9.673, 83.28, -2.97, 9.679, 83.29, -2.96, 0.007, 96.60, 10.45);
insert into SHOT values (7745, 7760, 7788, 1993, 9.822, 78.26, -3.44, 9.824, 78.23, -3.44, 0.005, 10.32, -7.63);
insert into SHOT values (7746, 7760, 7789, 1993, 2.485, 17.88, -0.78, 2.492, 18.00, -0.69, 0.010, 54.10, 23.30);
insert into SHOT values (7747, 7760, 7790, 1993, 2.387, 32.21, -3.03, 2.389, 32.16, -2.88, 0.007, 351.38, 62.81);
insert into SHOT values (7748, 7760, 7791, 1993, 2.484, 45.67, -4.27, 2.489, 45.82, -4.15, 0.010, 97.30, 31.15);
insert into SHOT values (7749, 7760, 7792, 1993, 3.864, 56.95, -9.38, 3.868, 56.98, -9.37, 0.005, 80.77, -2.94);
insert into SHOT values (7750, 7760, 7793, 1993, 4.612, 66.61, -9.95, 4.610, 66.65, -9.87, 0.008, 168.27, 62.48);
insert into SHOT values (7751, 7760, 7794, 1993, 4.732, 66.93, -12.40, 4.737, 66.98, -12.31, 0.010, 98.19, 36.97);
insert into SHOT values (7752, 7760, 7795, 1993, 5.077, 282.16, 16.89, 5.069, 282.14, 16.97, 0.011, 109.08, 27.38);
insert into SHOT values (7753, 7760, 7796, 1993, 3.364, 282.66, 21.10, 3.362, 282.71, 21.09, 0.003, 43.79, -18.11);
insert into SHOT values (7754, 7760, 7797, 1993, 2.852, 283.11, 23.21, 2.853, 283.24, 23.33, 0.009, 27.43, 43.89);
insert into SHOT values (7755, 7760, 7798, 1993, 1.207, 284.80, 30.85, 1.207, 285.11, 30.90, 0.006, 19.18, 10.62);
insert into SHOT values (7756, 7760, 7799, 1993, 0.953, 300.11, 50.76, 0.953, 299.98, 50.95, 0.003, 147.92, 33.81);
insert into SHOT values (7757, 7760, 7800, 1993, 1.460, 57.14, 71.30, 1.468, 57.99, 71.26, 0.011, 120.41, 41.85);
insert into SHOT values (7758, 7760, 7801, 1993, 1.564, 87.78, 50.36, 1.570, 87.71, 50.41, 0.006, 66.21, 59.89);
insert into SHOT values (7759, 7760, 7802, 1993, 2.460, 101.78, 20.48, 2.463, 101.75, 20.43, 0.004, 84.38, -9.95);
insert into SHOT values (7760, 7760, 7803, 1993, 3.230, 106.16, 7.36, 3.233, 106.12, 7.46, 0.007, 65.20, 60.86);
insert into SHOT values (7761, 7760, 7804, 1993, 4.352, 110.64, -1.57, 4.359, 110.56, -1.58, 0.009, 69.28, -4.63);
insert into SHOT values (7762, 7760, 7805, 1993, 4.921, 107.83, -7.07, 4.920, 107.77, -7.01, 0.008, 10.17, 47.37);
insert into SHOT values (7763, 7760, 7806, 1993, 3.576, 106.79, -11.01, 3.583, 106.68, -10.94, 0.011, 67.81, 16.14);
insert into SHOT values (7764, 7760, 7807, 1993, 2.593, 107.64, -15.55, 2.601, 107.64, -15.38, 0.011, 108.23, 27.53);
insert into SHOT values (7765, 7760, 7808, 1993, 0.700, 101.50, -22.33, 0.703, 101.48, -21.71, 0.008, 99.63, 46.96);
insert into SHOT values (7766, 7760, 7809, 1993, 1.743, 278.00, 2.50, 1.739, 277.94, 2.64, 0.006, 117.42, 38.68);
insert into SHOT values (7767, 7760, 7810, 1993, 6.341, 277.67, 4.86, 6.339, 277.64, 4.89, 0.004, 150.74, 38.57);
insert into SHOT values (7768, 7760, 7811, 1993, 2.376, 277.76, 4.08, 2.368, 277.79, 4.12, 0.008, 89.43, 6.54);
insert into SHOT values (7769, 7760, 7812, 1993, 6.552, 81.56, -9.46, 6.558, 81.56, -9.39, 0.010, 80.58, 43.59);
insert into SHOT values (7770, 7812, 7813, 1993, 8.170, 244.01, 7.08, 8.170, 244.04, 7.03, 0.008, 323.48, -60.51);
insert into SHOT values (7771, 7812, 7814, 1993, 8.498, 242.19, 7.19, 8.498, 242.22, 7.17, 0.006, 323.62, -37.68);
insert into SHOT values (7772, 7812, 7815, 1993, 8.181, 240.21, 7.33, 8.178, 240.21, 7.31, 0.004, 48.18, -58.35);
insert into SHOT values (7773, 7812, 7816, 1993, 8.027, 237.34, 7.36, 8.026, 237.31, 7.30, 0.009, 151.34, -63.32);
insert into SHOT values (7774, 7812, 7817, 1993, 7.479, 230.93, 8.81, 7.481, 230.93, 8.77, 0.006, 233.10, -63.75);
insert into SHOT values (7775, 7812, 7818, 1993, 7.282, 229.65, 8.64, 7.283, 229.67, 8.61, 0.005, 292.64, -46.02);
insert into SHOT values (7776, 7812, 7819, 1993, 2.242, 294.63, 1.51, 2.243, 294.51, 1.53, 0.005, 213.78, 10.91);
insert into SHOT values (7777, 7812, 7820, 1993, 2.324, 303.43, -3.31, 2.328, 303.42, -3.45, 0.007, 297.03, -54.67);
insert into SHOT values (7778, 7812, 7821, 1993, 2.525, 318.40, -11.96, 2.528, 318.44, -12.10, 0.007, 1.82, -67.04);
insert into SHOT values (7779, 7812, 7822, 1993, 2.305, 334.54, -9.84, 2.307, 334.45, -9.98, 0.007, 262.16, -58.95);
insert into SHOT values (7780, 7812, 7823, 1993, 2.352, 357.29, -2.05, 2.354, 357.32, -2.19, 0.006, 29.69, -67.23);
insert into SHOT values (7781, 7812, 7824, 1993, 2.542, 15.04, -1.67, 2.539, 15.08, -1.81, 0.007, 169.30, -56.12);
insert into SHOT values (7782, 7812, 7825, 1993, 2.522, 26.73, -0.18, 2.518, 26.67, -0.23, 0.005, 239.48, -22.72);
insert into SHOT values (7783, 7812, 7826, 1993, 1.290, 268.12, 86.40, 1.282, 270.00, 86.42, 0.008, 19.77, -69.23);
insert into SHOT values (7784, 7812, 7827, 1993, 0.465, 288.91, -38.39, 0.470, 288.92, -38.09, 0.006, 290.03, -12.53);
insert into SHOT values (7785, 7812, 7828, 1993, 2.906, 326.17, -17.71, 2.908, 326.20, -17.82, 0.006, 69.88, -77.28);
insert into SHOT values (7786, 7812, 7829, 1993, 1.778, 325.61, -22.66, 1.779, 325.44, -22.83, 0.007, 219.27, -44.56);
insert into SHOT values (7787, 7812, 7830, 1993, 1.341, 186.42, 42.09, 1.336, 186.34, 41.78, 0.009, 131.39, -79.47);
insert into SHOT values (7788, 7812, 7831, 1993, 2.198, 173.17, 18.60, 2.199, 173.11, 18.56, 0.003, 126.21, -21.63);
insert into SHOT values (7789, 7812, 7832, 1993, 2.395, 156.57, 18.67, 2.390, 156.60, 18.54, 0.007, 309.06, -66.24);
insert into SHOT values (7790, 7812, 7833, 1993, 1.395, 171.18, 13.47, 1.394, 171.09, 13.27, 0.005, 73.44, -67.76);
insert into SHOT values (7791, 7587, 7834, 1993, 7.058, 68.55, 8.25, 7.059, 68.50, 8.23, 0.006, 348.90, -26.57);
insert into SHOT values (7792, 7587, 7835, 1993, 6.774, 77.10, 6.40, 6.772, 77.12, 6.44, 0.006, 210.41, 53.68);
insert into SHOT values (7793, 7587, 7836, 1993, 6.891, 82.28, 3.58, 6.897, 82.23, 3.57, 0.008, 39.35, -2.18);
insert into SHOT values (7794, 7587, 7837, 1993, 6.644, 87.21, 3.75, 6.642, 87.23, 3.71, 0.006, 212.84, -52.27);
insert into SHOT values (7795, 7587, 7838, 1993, 6.617, 92.99, 2.89, 6.617, 92.95, 2.86, 0.006, 5.11, -38.87);
insert into SHOT values (7796, 7587, 7839, 1993, 7.387, 94.62, 0.69, 7.384, 94.58, 0.70, 0.005, 332.06, 11.11);
insert into SHOT values (7797, 7587, 7840, 1993, 7.067, 102.21, 1.00, 7.070, 102.17, 0.97, 0.007, 42.88, -30.46);
insert into SHOT values (7798, 7587, 7841, 1993, 7.632, 110.30, 2.27, 7.628, 110.27, 2.25, 0.006, 335.90, -20.93);
insert into SHOT values (7799, 7587, 7842, 1993, 6.745, 114.42, 1.04, 6.745, 114.44, 1.02, 0.003, 197.51, -47.07);
insert into SHOT values (7800, 7587, 7843, 1993, 6.298, 121.37, 1.29, 6.303, 121.37, 1.27, 0.005, 123.17, -21.16);
insert into SHOT values (7801, 7587, 7844, 1993, 6.993, 126.92, -0.15, 6.992, 126.92, -0.16, 0.002, 298.62, -59.83);
insert into SHOT values (7802, 7587, 7845, 1993, 9.883, 318.05, -37.83, 9.886, 318.06, -37.81, 0.005, 340.49, 16.20);
insert into SHOT values (7803, 7587, 7846, 1993, 11.376, 324.36, -36.27, 11.371, 324.37, -36.29, 0.006, 128.55, -0.58);
insert into SHOT values (7804, 7587, 7847, 1993, 11.725, 330.01, -35.38, 11.727, 330.00, -35.38, 0.002, 285.83, -43.78);
insert into SHOT values (7805, 7587, 7848, 1993, 12.517, 329.76, -32.57, 12.515, 329.76, -32.59, 0.004, 136.01, -23.16);
insert into SHOT values (7806, 7587, 7849, 1993, 13.420, 328.76, -30.04, 13.417, 328.77, -30.06, 0.006, 116.18, -17.38);
insert into SHOT values (7807, 7587, 7850, 1993, 13.936, 327.99, -28.68, 13.939, 328.00, -28.68, 0.004, 20.81, -30.90);
insert into SHOT values (7808, 7587, 7851, 1993, 13.734, 325.95, -29.22, 13.730, 325.95, -29.21, 0.005, 121.39, 65.54);
insert into SHOT values (7809, 7587, 7852, 1993, 13.510, 323.39, -29.74, 13.514, 323.38, -29.72, 0.006, 315.17, 18.06);
insert into SHOT values (7810, 7587, 7853, 1993, 13.530, 319.69, -29.78, 13.535, 319.69, -29.77, 0.006, 333.39, -0.39);
insert into SURVEY values (1995, 1939, 'wolfsHoleLoop', 'wolfsHoleLoop.wolfsHole.Cong', NULL);
 insert into CENTRELINE values (1996, 1995, NULL, NULL, NULL, 0.00, 0.00, 0.00);
 insert into SCRAPS values (1997, 1995, 'wolfsHoleLoopSP1', 1, 32.84038, 1.18948);
 insert into MAPS values (2038, 1995, 'wolfsHoleLoopM', NULL, 1, 34.901, -6.930);
 insert into MAPITEMS values (2038, 4, 1997);
 insert into CENTRELINE values (2039, 1995, NULL, '2013-09-15', NULL, 34.90, 0.00, 0.00);
 insert into TOPO values (1, 2039);
 insert into TOPO values (13, 2039);
 insert into TOPO values (6, 2039);
 insert into SHOT values (7811, 7854, 7855, 2039, 6.833, 93.67, 3.68, 6.803, 92.53, 3.96, 0.142, 349.62, 12.79);
insert into SHOT values (7812, 7855, 7856, 2039, 6.676, 224.27, -17.27, 6.685, 223.80, -16.78, 0.078, 160.13, 41.63);
insert into SHOT values (7813, 7856, 7857, 2039, 6.716, 41.54, 16.70, 6.706, 41.53, 16.64, 0.012, 228.39, -52.70);
insert into SHOT values (7814, 7856, 7858, 2039, 1.114, 233.29, -42.05, 1.123, 233.27, -41.90, 0.010, 231.32, -23.73);
insert into SHOT values (7815, 7856, 7859, 2039, 1.443, 257.83, -31.93, 1.449, 257.77, -32.09, 0.008, 238.14, -63.69);
insert into SHOT values (7816, 7856, 7860, 2039, 1.647, 271.86, -28.24, 1.647, 271.58, -28.27, 0.007, 178.37, -5.64);
insert into SHOT values (7817, 7856, 7861, 2039, 1.494, 290.11, -29.33, 1.501, 289.68, -29.53, 0.013, 221.57, -38.18);
insert into SHOT values (7818, 7856, 7862, 2039, 1.003, 293.06, -43.52, 1.009, 292.68, -43.95, 0.011, 189.30, -62.17);
insert into SHOT values (7819, 7856, 7863, 2039, 0.845, 257.96, -57.20, 0.855, 257.47, -57.37, 0.011, 207.36, -62.47);
insert into SHOT values (7820, 7856, 7864, 2039, 1.042, 222.01, -46.10, 1.053, 222.22, -46.19, 0.012, 244.19, -51.99);
insert into SHOT values (7821, 7856, 7865, 2039, 2.815, 268.14, -45.31, 2.780, 267.66, -45.12, 0.040, 130.02, 52.05);
insert into SHOT values (7822, 7865, 7866, 2039, 0.363, 278.97, 62.19, 0.363, 276.71, 61.86, 0.007, 203.00, -8.78);
insert into SHOT values (7823, 7865, 7867, 2039, 0.325, 210.66, 52.75, 0.318, 210.47, 51.73, 0.009, 158.22, -84.52);
insert into SHOT values (7824, 7865, 7868, 2039, 0.481, 178.97, 32.46, 0.480, 178.60, 31.37, 0.010, 147.45, -58.50);
insert into SHOT values (7825, 7865, 7869, 2039, 0.351, 200.93, 48.01, 0.352, 202.25, 47.57, 0.006, 263.74, -8.17);
insert into SHOT values (7826, 7865, 7870, 2039, 0.640, 171.56, 24.85, 0.641, 172.15, 23.94, 0.012, 223.46, -49.51);
insert into SHOT values (7827, 7865, 7871, 2039, 0.487, 158.67, 12.08, 0.491, 159.30, 11.74, 0.007, 206.77, -14.96);
insert into SHOT values (7828, 7865, 7872, 2039, 1.106, 148.43, 6.07, 1.105, 148.77, 5.71, 0.010, 242.81, -46.72);
insert into SHOT values (7829, 7865, 7873, 2039, 0.770, 167.02, 18.48, 0.766, 167.30, 18.25, 0.006, 291.86, -42.94);
insert into SHOT values (7830, 7865, 7874, 2039, 0.985, 158.61, 13.69, 0.984, 158.53, 13.52, 0.003, 40.62, -65.40);
insert into SHOT values (7831, 7865, 7875, 2039, 0.444, 154.76, 8.68, 0.447, 154.59, 7.72, 0.008, 136.65, -59.55);
insert into SHOT values (7832, 7865, 7876, 2039, 0.429, 346.32, 3.21, 0.422, 346.29, 2.71, 0.007, 167.98, -32.51);
insert into SHOT values (7833, 7865, 7877, 2039, 0.746, 328.76, 22.63, 0.746, 328.61, 22.05, 0.008, 294.16, -65.92);
insert into SHOT values (7834, 7865, 7878, 2039, 0.439, 313.40, 36.04, 0.433, 312.71, 35.24, 0.009, 208.04, -61.98);
insert into SHOT values (7835, 7865, 7879, 2039, 0.336, 292.57, 44.61, 0.331, 292.25, 44.06, 0.006, 153.87, -71.43);
insert into SHOT values (7836, 7865, 7880, 2039, 1.492, 111.58, 47.16, 1.489, 112.01, 47.07, 0.009, 206.17, -27.57);
insert into SHOT values (7837, 7865, 7881, 2039, 1.243, 124.97, 41.65, 1.242, 125.39, 41.33, 0.010, 188.29, -37.99);
insert into SHOT values (7838, 7865, 7882, 2039, 1.041, 143.40, 28.51, 1.039, 143.88, 28.14, 0.010, 223.95, -41.33);
insert into SHOT values (7839, 7865, 7883, 2039, 0.664, 193.05, -19.16, 0.663, 192.93, -19.37, 0.003, 57.44, -47.40);
insert into SHOT values (7840, 7865, 7884, 2039, 1.606, 194.93, -19.84, 1.608, 194.96, -20.00, 0.005, 249.87, -79.66);
insert into SHOT values (7841, 7865, 7885, 2039, 1.703, 202.04, -22.66, 1.707, 202.00, -22.74, 0.005, 185.68, -49.77);
insert into SHOT values (7842, 7865, 7886, 2039, 1.049, 215.06, -25.22, 1.055, 215.19, -25.24, 0.007, 237.03, -27.46);
insert into SHOT values (7843, 7865, 7887, 2039, 1.408, 236.53, -29.96, 1.417, 236.31, -30.08, 0.010, 198.78, -41.97);
insert into SHOT values (7844, 7865, 7888, 2039, 1.365, 48.59, 55.64, 1.360, 48.67, 55.41, 0.007, 79.63, -71.63);
insert into SHOT values (7845, 7865, 7889, 2039, 1.264, 21.41, 57.06, 1.263, 21.34, 57.05, 0.001, 277.03, -42.29);
insert into SHOT values (7846, 7865, 7890, 2039, 0.775, 3.11, 52.04, 0.770, 2.44, 52.36, 0.008, 224.21, -7.08);
insert into SHOT values (7847, 7865, 7891, 2039, 0.669, 338.06, 44.88, 0.669, 337.75, 44.67, 0.004, 275.87, -35.62);
insert into SHOT values (7848, 7865, 7892, 2039, 0.750, 319.99, 19.79, 0.752, 319.57, 19.41, 0.007, 265.39, -32.01);
insert into SHOT values (7849, 7865, 7893, 2039, 0.770, 311.16, 9.26, 0.768, 311.26, 8.99, 0.004, 94.23, -60.79);
insert into SHOT values (7850, 7865, 7894, 2039, 1.284, 304.10, -0.76, 1.282, 304.19, -0.89, 0.004, 85.63, -43.11);
insert into SHOT values (7851, 7865, 7895, 2039, 2.927, 299.01, -8.53, 2.925, 298.96, -8.65, 0.007, 157.87, -55.73);
insert into SHOT values (7852, 7865, 7896, 2039, 2.768, 294.86, -16.78, 2.771, 294.73, -16.78, 0.007, 233.15, -7.49);
insert into SHOT values (7853, 7865, 7897, 2039, 3.183, 286.02, -24.96, 3.169, 286.36, -24.82, 0.023, 44.91, 34.22);
insert into SHOT values (7854, 7897, 7898, 2039, 0.907, 42.18, 40.73, 0.911, 42.66, 40.39, 0.009, 85.61, -11.99);
insert into SHOT values (7855, 7897, 7899, 2039, 0.921, 4.35, 42.88, 0.915, 5.12, 42.67, 0.011, 108.46, -35.76);
insert into SHOT values (7856, 7897, 7900, 2039, 3.461, 325.87, 0.10, 3.456, 325.85, 0.00, 0.008, 157.75, -49.21);
insert into SHOT values (7857, 7897, 7901, 2039, 3.034, 327.38, 1.34, 3.027, 327.41, 1.32, 0.007, 132.10, -7.77);
insert into SHOT values (7858, 7897, 7902, 2039, 2.520, 295.83, -21.95, 2.520, 295.91, -22.14, 0.009, 66.16, -62.38);
insert into SHOT values (7859, 7897, 7903, 2039, 2.761, 303.20, -18.32, 2.756, 303.14, -18.40, 0.006, 147.47, -19.53);
insert into SHOT values (7860, 7897, 7904, 2039, 3.099, 310.08, -13.97, 3.095, 310.00, -14.03, 0.007, 169.74, -16.41);
insert into SHOT values (7861, 7897, 7905, 2039, 3.259, 314.98, -10.34, 3.250, 315.00, -10.46, 0.011, 127.92, -26.71);
insert into SHOT values (7862, 7897, 7906, 2039, 2.923, 316.27, -8.16, 2.923, 316.26, -8.26, 0.005, 166.29, -81.79);
insert into SHOT values (7863, 7897, 7907, 2039, 3.284, 319.04, -6.21, 3.280, 318.98, -6.30, 0.007, 177.59, -41.69);
insert into SHOT values (7864, 7897, 7908, 2039, 5.185, 293.59, -19.76, 5.185, 293.57, -19.84, 0.008, 143.08, -64.94);
insert into SHOT values (7865, 7897, 7909, 2039, 3.849, 284.20, -25.51, 3.843, 284.20, -25.59, 0.008, 104.76, -16.58);
insert into SHOT values (7866, 7897, 7910, 2039, 3.462, 279.88, -28.58, 3.459, 279.87, -28.68, 0.007, 106.80, -35.78);
insert into SHOT values (7867, 7897, 7911, 2039, 3.090, 266.09, -33.69, 3.089, 265.98, -33.83, 0.009, 132.28, -41.24);
insert into SHOT values (7868, 7897, 7912, 2039, 2.989, 259.91, -35.25, 2.990, 259.84, -35.36, 0.006, 125.59, -51.54);
insert into SHOT values (7869, 7897, 7913, 2039, 3.029, 252.45, -36.31, 3.028, 252.31, -36.47, 0.010, 118.47, -37.83);
insert into SHOT values (7870, 7897, 7914, 2039, 2.765, 242.92, -39.78, 2.765, 242.83, -39.80, 0.003, 143.28, -14.52);
insert into SHOT values (7871, 7897, 7915, 2039, 2.814, 228.58, -39.21, 2.810, 228.54, -39.30, 0.006, 62.91, -11.03);
insert into SHOT values (7872, 7897, 7916, 2039, 2.900, 215.91, -38.12, 2.897, 215.71, -38.15, 0.008, 104.51, 1.38);
insert into SHOT values (7873, 7897, 7917, 2039, 2.386, 229.63, -44.86, 2.388, 229.33, -45.04, 0.012, 117.78, -35.95);
insert into SHOT values (7874, 7897, 7918, 2039, 2.279, 243.87, -47.59, 2.285, 243.77, -47.69, 0.008, 181.60, -67.55);
insert into SHOT values (7875, 7897, 7919, 2039, 2.438, 254.21, -48.81, 2.439, 254.05, -48.96, 0.008, 121.57, -42.47);
insert into SHOT values (7876, 7897, 7920, 2039, 2.573, 269.86, -46.13, 2.575, 269.68, -46.26, 0.008, 150.57, -38.47);
insert into SHOT values (7877, 7897, 7921, 2039, 2.689, 277.89, -39.93, 2.689, 277.82, -40.04, 0.006, 140.07, -46.27);
insert into SHOT values (7878, 7897, 7922, 2039, 2.917, 283.13, -35.69, 2.916, 283.21, -35.90, 0.011, 75.22, -47.73);
insert into SHOT values (7879, 7897, 7923, 2039, 3.295, 286.91, -34.75, 3.296, 286.96, -34.77, 0.003, 6.50, -35.24);
insert into SHOT values (7880, 7897, 7924, 2039, 1.100, 261.76, -10.10, 1.100, 261.50, -10.47, 0.009, 159.59, -54.46);
insert into SHOT values (7881, 7897, 7925, 2039, 2.865, 288.97, -33.34, 2.866, 289.04, -33.46, 0.007, 60.13, -52.92);
insert into SHOT values (7882, 7897, 7926, 2039, 2.945, 279.75, -37.14, 2.944, 279.82, -37.21, 0.005, 56.17, -22.97);
insert into SHOT values (7883, 7897, 7927, 2039, 2.965, 282.35, -35.31, 2.966, 282.43, -35.44, 0.008, 54.14, -54.68);
insert into SHOT values (7884, 7897, 7928, 2039, 2.909, 287.94, -35.04, 2.903, 287.90, -35.11, 0.007, 120.69, 1.62);
insert into SHOT values (7885, 7897, 7929, 2039, 2.484, 205.44, -31.67, 2.485, 205.23, -31.82, 0.010, 96.09, -35.70);
insert into SHOT values (7886, 7897, 7930, 2039, 2.984, 199.48, -31.36, 2.986, 199.50, -31.50, 0.007, 350.93, -72.14);
insert into SHOT values (7887, 7897, 7931, 2039, 3.340, 140.29, 3.91, 3.337, 140.24, 3.78, 0.009, 15.62, -65.75);
insert into SHOT values (7888, 7897, 7932, 2039, 3.205, 145.31, 1.45, 3.213, 145.27, 1.43, 0.009, 131.26, -7.36);
insert into SHOT values (7889, 7897, 7933, 2039, 3.589, 154.67, -10.34, 3.593, 154.52, -10.42, 0.011, 82.60, -31.70);
insert into SHOT values (7890, 7897, 7934, 2039, 3.890, 161.52, -18.37, 3.890, 161.52, -18.43, 0.004, 346.67, -71.01);
insert into SHOT values (7891, 7934, 7935, 2039, 0.831, 67.96, 34.53, 0.832, 68.66, 34.37, 0.009, 141.86, -6.75);
insert into SHOT values (7892, 7934, 7936, 2039, 0.628, 82.73, 18.18, 0.636, 83.35, 18.32, 0.011, 124.14, 22.42);
insert into SHOT values (7893, 7934, 7937, 2039, 2.374, 280.23, -14.87, 2.365, 280.08, -14.95, 0.011, 132.72, -4.02);
insert into SHOT values (7894, 7934, 7938, 2039, 2.336, 281.26, -14.96, 2.332, 281.26, -14.91, 0.005, 99.84, 41.25);
insert into SHOT values (7895, 7934, 7939, 2039, 3.574, 272.02, -9.93, 3.566, 271.96, -10.01, 0.010, 115.58, -21.87);
insert into SHOT values (7896, 7934, 7940, 2039, 3.029, 267.29, -11.64, 3.025, 267.29, -11.63, 0.004, 83.65, 18.45);
insert into SHOT values (7897, 7934, 7941, 2039, 2.487, 260.14, -14.32, 2.485, 259.95, -14.44, 0.010, 150.46, -30.25);
insert into SHOT values (7898, 7934, 7942, 2039, 2.224, 255.43, -16.11, 2.218, 255.31, -16.23, 0.009, 106.96, -19.15);
insert into SHOT values (7899, 7934, 7943, 2039, 1.817, 237.73, -19.72, 1.814, 237.43, -19.65, 0.010, 137.28, 18.70);
insert into SHOT values (7900, 7934, 7944, 2039, 1.671, 219.30, -22.04, 1.673, 219.24, -22.13, 0.003, 144.17, -60.15);
insert into SHOT values (7901, 7934, 7945, 2039, 1.429, 233.78, -23.43, 1.427, 233.39, -23.55, 0.010, 123.83, -10.83);
insert into SHOT values (7902, 7934, 7946, 2039, 1.419, 251.99, -24.39, 1.413, 251.85, -24.68, 0.010, 92.40, -24.04);
insert into SHOT values (7903, 7934, 7947, 2039, 1.467, 272.32, -19.71, 1.459, 272.09, -20.04, 0.013, 120.55, -24.46);
insert into SHOT values (7904, 7934, 7948, 2039, 2.236, 146.32, 12.05, 2.241, 146.16, 12.11, 0.008, 92.84, 23.73);
insert into SHOT values (7905, 7948, 7949, 2039, 2.003, 10.18, -4.93, 1.999, 10.12, -5.17, 0.009, 212.14, -57.84);
insert into SHOT values (7906, 7948, 7950, 2039, 1.910, 41.26, -9.55, 1.905, 41.33, -9.67, 0.007, 199.40, -26.32);
insert into SHOT values (7907, 7948, 7951, 2039, 2.095, 345.86, -4.02, 2.089, 345.83, -4.12, 0.007, 174.67, -25.59);
insert into SHOT values (7908, 7948, 7952, 2039, 2.146, 359.76, -5.16, 2.139, 359.73, -5.36, 0.010, 187.58, -43.59);
insert into SHOT values (7909, 7948, 7953, 2039, 4.253, 307.00, -14.03, 4.255, 306.93, -14.01, 0.006, 236.70, 10.76);
insert into SHOT values (7910, 7948, 7954, 2039, 4.353, 303.22, -13.56, 4.354, 303.24, -13.55, 0.002, 5.66, 18.98);
insert into SHOT values (7911, 7948, 7955, 2039, 5.270, 302.64, -11.30, 5.266, 302.58, -11.39, 0.010, 165.77, -44.91);
insert into SHOT values (7912, 7948, 7956, 2039, 6.156, 302.15, -9.32, 6.161, 302.10, -9.34, 0.008, 250.12, -23.28);
insert into SHOT values (7913, 7948, 7957, 2039, 6.232, 295.43, -9.27, 6.237, 295.40, -9.32, 0.008, 260.02, -49.03);
insert into SHOT values (7914, 7948, 7958, 2039, 9.108, 300.31, -6.05, 9.108, 300.30, -6.05, 0.001, 220.78, -3.03);
insert into SHOT values (7915, 7948, 7959, 2039, 8.226, 301.20, -6.69, 8.226, 301.18, -6.70, 0.003, 217.12, -33.76);
insert into SHOT values (7916, 7948, 7960, 2039, 7.863, 299.08, -6.81, 7.867, 299.03, -6.86, 0.011, 235.79, -43.97);
insert into SHOT values (7917, 7948, 7961, 2039, 7.346, 297.28, -7.35, 7.350, 297.27, -7.35, 0.005, 281.66, -2.76);
insert into SHOT values (7918, 7948, 7962, 2039, 5.882, 294.41, -9.04, 5.883, 294.40, -9.10, 0.006, 207.75, -85.23);
insert into SHOT values (7919, 7948, 7963, 2039, 3.570, 290.49, -17.00, 3.572, 290.40, -17.10, 0.008, 201.47, -49.61);
insert into SHOT values (7920, 7948, 7964, 2039, 2.723, 286.75, -22.54, 2.726, 286.63, -22.66, 0.008, 199.63, -51.01);
insert into SHOT values (7921, 7948, 7965, 2039, 2.468, 288.75, -24.69, 2.473, 288.68, -24.61, 0.007, 263.85, 7.76);
insert into SHOT values (7922, 7948, 7966, 2039, 3.106, 261.32, -19.58, 3.112, 261.37, -19.52, 0.007, 283.73, 6.91);
insert into SHOT values (7923, 7948, 7967, 2039, 2.830, 263.45, -21.80, 2.829, 263.44, -21.78, 0.001, 110.78, 63.50);
insert into SHOT values (7924, 7948, 7968, 2039, 2.588, 268.74, -24.13, 2.588, 268.79, -24.18, 0.003, 32.50, -39.89);
insert into SHOT values (7925, 7948, 7969, 2039, 2.382, 276.41, -24.64, 2.383, 276.37, -24.81, 0.007, 136.03, -71.75);
insert into SHOT values (7926, 7948, 7970, 2039, 2.115, 276.03, -28.71, 2.121, 275.86, -28.74, 0.008, 227.69, -29.33);
insert into SHOT values (7927, 7948, 7971, 2039, 1.935, 264.77, -32.30, 1.939, 264.74, -32.43, 0.006, 235.40, -76.05);
insert into SHOT values (7928, 7948, 7972, 2039, 1.879, 251.56, -33.64, 1.885, 251.45, -33.49, 0.008, 229.50, 6.61);
insert into SHOT values (7929, 7948, 7973, 2039, 2.063, 230.76, -30.73, 2.069, 230.94, -30.81, 0.009, 285.28, -40.41);
insert into SHOT values (7930, 7948, 7974, 2039, 2.443, 217.52, -25.54, 2.446, 217.44, -25.68, 0.007, 124.13, -66.43);
insert into SHOT values (7931, 7948, 7975, 2039, 2.974, 210.85, -20.55, 2.976, 210.89, -20.66, 0.006, 290.93, -69.73);
insert into SHOT values (7932, 7948, 7976, 2039, 3.498, 206.38, -17.40, 3.502, 206.49, -17.45, 0.008, 273.26, -29.46);
insert into SHOT values (7933, 7948, 7977, 2039, 3.290, 226.56, -18.83, 3.291, 226.56, -18.97, 0.008, 37.62, -79.44);
insert into SHOT values (7934, 7948, 7978, 2039, 3.348, 230.15, -18.46, 3.352, 230.10, -18.43, 0.005, 201.83, 1.28);
insert into SHOT values (7935, 7948, 7979, 2039, 3.386, 237.18, -18.14, 3.396, 237.15, -18.19, 0.010, 225.36, -34.66);
insert into SHOT values (7936, 7948, 7980, 2039, 3.408, 243.72, -17.95, 3.412, 243.67, -17.92, 0.005, 214.49, 3.21);
insert into SHOT values (7937, 7948, 7981, 2039, 3.520, 250.09, -17.37, 3.523, 250.00, -17.34, 0.006, 193.17, 8.21);
insert into SHOT values (7938, 7948, 7982, 2039, 4.711, 252.77, -12.61, 4.710, 252.79, -12.63, 0.003, 27.31, -34.96);
insert into SHOT values (7939, 7948, 7983, 2039, 4.091, 254.82, -14.54, 4.091, 254.77, -14.58, 0.005, 148.93, -40.57);
insert into SHOT values (7940, 7948, 7984, 2039, 3.578, 257.33, -17.05, 3.581, 257.34, -17.05, 0.003, 279.08, -19.17);
insert into SHOT values (7941, 7948, 7985, 2039, 4.280, 251.21, -14.17, 4.283, 251.17, -14.19, 0.004, 204.06, -32.69);
insert into SHOT values (7942, 7948, 7986, 2039, 3.615, 259.51, -16.84, 3.614, 259.50, -16.89, 0.003, 88.33, -52.08);
insert into SHOT values (7943, 7948, 7987, 2039, 3.705, 261.19, -16.21, 3.711, 261.12, -16.27, 0.009, 220.73, -41.03);
insert into SHOT values (7944, 7948, 7988, 2039, 2.262, 276.75, -24.50, 2.267, 276.40, -24.50, 0.013, 206.56, -8.43);
insert into SHOT values (7945, 7948, 7989, 2039, 3.388, 237.25, -18.44, 3.397, 237.30, -18.54, 0.011, 260.29, -49.87);
insert into SHOT values (7946, 7948, 7990, 2039, 3.012, 262.66, -15.46, 3.015, 262.68, -15.59, 0.007, 321.44, -79.93);
insert into SHOT values (7947, 7990, 7991, 2039, 0.701, 262.77, -20.37, 0.699, 262.12, -20.09, 0.009, 165.10, 28.03);
insert into SHOT values (7948, 7990, 7992, 2039, 1.439, 283.14, -11.79, 1.436, 283.15, -11.65, 0.004, 95.74, 66.13);
insert into SHOT values (7949, 7990, 7993, 2039, 2.609, 291.63, -6.49, 2.607, 291.51, -6.39, 0.007, 182.35, 41.87);
insert into SHOT values (7950, 7990, 7994, 2039, 3.613, 298.98, -4.56, 3.610, 298.92, -4.45, 0.009, 172.13, 55.91);
insert into SHOT values (7951, 7990, 7995, 2039, 4.328, 301.17, -3.92, 4.330, 301.08, -3.84, 0.009, 228.88, 39.39);
insert into SHOT values (7952, 7990, 7996, 2039, 5.919, 302.65, -2.84, 5.921, 302.64, -2.81, 0.004, 288.41, 53.28);
insert into SHOT values (7953, 7990, 7997, 2039, 6.500, 305.63, -2.47, 6.500, 305.60, -2.47, 0.003, 209.22, 2.20);
insert into SHOT values (7954, 7990, 7998, 2039, 2.761, 304.39, -5.80, 2.763, 304.33, -5.82, 0.004, 246.20, -15.72);
insert into SHOT values (7955, 7990, 7999, 2039, 1.858, 307.01, -8.48, 1.856, 306.81, -8.37, 0.008, 202.20, 30.98);
insert into SHOT values (7956, 7990, 8000, 2039, 1.280, 310.06, -12.27, 1.278, 309.81, -12.19, 0.006, 208.42, 19.81);
insert into SHOT values (7957, 7990, 8001, 2039, 0.559, 311.15, -15.26, 0.557, 310.49, -14.56, 0.009, 218.82, 48.84);
insert into SHOT values (7958, 7990, 8002, 2039, 0.314, 299.55, -43.45, 0.310, 298.81, -42.61, 0.007, 214.98, 63.61);
insert into SHOT values (7959, 7990, 8003, 2039, 3.994, 302.42, 4.19, 3.990, 302.37, 4.31, 0.010, 154.68, 53.75);
insert into SHOT values (7960, 8003, 8004, 2039, 4.032, 124.00, -5.17, 4.030, 123.93, -5.27, 0.009, 8.86, -50.83);
insert into SHOT values (7961, 8003, 8005, 2039, 0.860, 342.47, -45.91, 0.861, 342.47, -46.05, 0.002, 156.31, -74.61);
insert into SHOT values (7962, 8003, 8006, 2039, 1.434, 325.13, -26.20, 1.442, 325.08, -26.34, 0.009, 315.17, -48.10);
insert into SHOT values (7963, 8003, 8007, 2039, 2.032, 321.83, -17.74, 2.033, 321.71, -17.75, 0.004, 248.75, -11.56);
insert into SHOT values (7964, 8003, 8008, 2039, 2.654, 319.59, -14.34, 2.658, 319.57, -14.38, 0.005, 305.64, -35.25);
insert into SHOT values (7965, 8003, 8009, 2039, 3.254, 316.01, -11.85, 3.259, 315.89, -11.86, 0.008, 261.87, -12.39);
insert into SHOT values (7966, 8003, 8010, 2039, 3.190, 312.91, -11.61, 3.194, 312.93, -11.74, 0.009, 333.69, -70.01);
insert into SHOT values (7967, 8003, 8011, 2039, 2.544, 311.20, -14.29, 2.552, 311.23, -14.29, 0.008, 321.03, -14.49);
insert into SHOT values (7968, 8003, 8012, 2039, 2.244, 305.90, -16.81, 2.244, 305.91, -16.83, 0.001, 12.71, -65.08);
insert into SHOT values (7969, 8003, 8013, 2039, 1.953, 303.47, -19.16, 1.958, 303.52, -19.39, 0.009, 338.04, -72.47);
insert into SHOT values (7970, 8003, 8014, 2039, 1.824, 21.80, 4.15, 1.823, 21.63, 4.09, 0.006, 278.80, -19.63);
insert into SHOT values (7971, 8003, 8015, 2039, 2.164, 357.99, 3.71, 2.166, 357.88, 3.71, 0.005, 294.06, -0.31);
insert into SHOT values (7972, 8003, 8016, 2039, 2.968, 335.63, 2.78, 2.970, 335.51, 2.70, 0.008, 267.21, -30.64);
insert into SHOT values (7973, 8003, 8017, 2039, 3.162, 322.60, 2.50, 3.163, 322.59, 2.36, 0.008, 293.28, -80.54);
insert into SHOT values (7974, 8003, 8018, 2039, 3.399, 317.69, -0.62, 3.405, 317.74, -0.67, 0.008, 342.93, -24.92);
insert into SHOT values (7975, 8003, 8019, 2039, 3.095, 314.40, -6.18, 3.095, 314.34, -6.31, 0.008, 207.90, -65.12);
insert into SHOT values (7976, 8003, 8020, 2039, 2.261, 310.19, -8.09, 2.265, 310.30, -8.12, 0.006, 0.64, -18.23);
insert into SHOT values (7977, 8003, 8021, 2039, 1.763, 304.94, -11.39, 1.766, 304.88, -11.43, 0.004, 274.19, -29.70);
insert into SHOT values (7978, 8003, 8022, 2039, 0.828, 300.65, -15.27, 0.832, 300.72, -15.33, 0.004, 315.13, -25.89);
insert into SHOT values (7979, 8003, 8023, 2039, 0.419, 295.28, -25.32, 0.425, 294.57, -25.07, 0.008, 257.05, -5.96);
insert into SHOT values (7980, 8003, 8024, 2039, 3.248, 317.77, -2.45, 3.252, 317.62, -2.47, 0.009, 253.05, -7.08);
insert into SHOT values (7981, 8003, 8025, 2039, 3.488, 327.15, 0.44, 3.492, 327.04, 0.33, 0.010, 269.34, -40.61);
insert into SHOT values (7982, 8003, 8026, 2039, 3.272, 316.62, -3.96, 3.276, 316.49, -4.03, 0.009, 253.37, -25.91);
insert into SURVEY values (2041, 1939, 'wolfsHoleWetloop', 'wolfsHoleWetloop.wolfsHole.Cong', NULL);
 insert into CENTRELINE values (2042, 2041, NULL, NULL, NULL, 0.00, 0.00, 0.00);
 insert into SCRAPS values (2043, 2041, 'wolfsHoleWetloopSP1', 1, 31.71312, 4.24233);
 insert into MAPS values (2076, 2041, 'wolfsHoleWetloopM', NULL, 1, 40.780, -6.960);
 insert into MAPITEMS values (2076, 4, 2043);
 insert into CENTRELINE values (2077, 2041, NULL, '2013-09-15', NULL, 40.78, 0.00, 0.00);
 insert into TOPO values (1, 2077);
 insert into TOPO values (13, 2077);
 insert into TOPO values (6, 2077);
 insert into SHOT values (7983, 8027, 8028, 2077, 3.188, 287.18, -24.97, 3.169, 286.36, -24.82, 0.046, 178.56, 19.93);
insert into SHOT values (7984, 8028, 8029, 2077, 3.166, 105.36, 24.14, 3.169, 105.43, 24.02, 0.008, 140.03, -37.30);
insert into SHOT values (7985, 8028, 8030, 2077, 4.038, 291.84, -20.47, 3.990, 291.49, -20.39, 0.054, 139.71, 24.42);
insert into SHOT values (7986, 8030, 8031, 2077, 1.431, 121.33, -22.60, 1.429, 121.04, -22.64, 0.007, 12.25, -0.60);
insert into SHOT values (7987, 8030, 8032, 2077, 1.253, 117.23, -26.39, 1.242, 117.26, -26.28, 0.011, 293.75, 38.24);
insert into SHOT values (7988, 8030, 8033, 2077, 1.024, 109.21, -33.40, 1.016, 109.29, -33.45, 0.008, 279.76, 26.51);
insert into SHOT values (7989, 8030, 8034, 2077, 0.881, 99.54, -40.46, 0.879, 99.46, -40.43, 0.002, 315.56, 48.50);
insert into SHOT values (7990, 8030, 8035, 2077, 0.786, 84.25, -45.09, 0.780, 83.77, -44.83, 0.008, 334.21, 53.82);
insert into SHOT values (7991, 8030, 8036, 2077, 1.093, 289.69, -29.06, 1.092, 289.57, -29.02, 0.002, 193.44, 25.00);
insert into SHOT values (7992, 8030, 8037, 2077, 1.190, 310.12, -26.72, 1.196, 310.08, -26.31, 0.010, 305.41, 29.94);
insert into SHOT values (7993, 8030, 8038, 2077, 1.321, 321.56, -23.51, 1.323, 321.34, -23.14, 0.010, 280.14, 44.88);
insert into SHOT values (7994, 8030, 8039, 2077, 1.683, 335.79, -18.61, 1.688, 335.67, -18.30, 0.011, 312.13, 41.86);
insert into SHOT values (7995, 8030, 8040, 2077, 2.678, 128.51, -10.74, 2.680, 128.52, -10.75, 0.002, 148.59, -23.91);
insert into SHOT values (7996, 8030, 8041, 2077, 2.012, 128.70, -13.86, 2.007, 128.75, -13.84, 0.005, 285.99, 22.64);
insert into SHOT values (7997, 8030, 8042, 2077, 1.639, 333.72, -13.91, 1.644, 333.60, -13.73, 0.008, 302.45, 31.39);
insert into SHOT values (7998, 8030, 8043, 2077, 2.129, 340.04, -10.83, 2.135, 339.92, -10.80, 0.008, 306.71, 0.22);
insert into SHOT values (7999, 8030, 8044, 2077, 2.547, 344.67, -9.10, 2.552, 344.59, -9.02, 0.007, 312.31, 22.64);
insert into SHOT values (8000, 8030, 8045, 2077, 3.127, 346.91, -7.29, 3.127, 346.77, -7.17, 0.010, 261.55, 42.20);
insert into SHOT values (8001, 8030, 8046, 2077, 3.577, 348.96, -6.21, 3.576, 348.97, -6.10, 0.007, 99.28, 81.00);
insert into SHOT values (8002, 8030, 8047, 2077, 1.501, 6.05, -15.10, 1.499, 5.95, -15.08, 0.003, 247.56, 19.30);
insert into SHOT values (8003, 8030, 8048, 2077, 0.941, 16.59, -25.30, 0.943, 16.31, -25.09, 0.006, 328.35, 21.37);
insert into SHOT values (8004, 8030, 8049, 2077, 0.772, 28.46, -31.04, 0.765, 28.12, -30.67, 0.010, 253.58, 56.15);
insert into SHOT values (8005, 8030, 8050, 2077, 2.317, 354.15, -8.71, 2.319, 353.99, -8.68, 0.007, 284.34, 7.42);
insert into SHOT values (8006, 8030, 8051, 2077, 3.026, 351.98, -0.72, 2.978, 352.09, -0.38, 0.051, 165.12, 20.68);
insert into SHOT values (8007, 8030, 8052, 2077, 1.726, 4.61, 28.14, 1.731, 4.51, 28.27, 0.007, 322.29, 58.13);
insert into SHOT values (8008, 8030, 8053, 2077, 1.627, 32.91, 57.70, 1.630, 32.77, 57.82, 0.005, 272.63, 63.87);
insert into SHOT values (8009, 8051, 8054, 2077, 1.297, 165.39, -23.53, 1.291, 165.85, -23.27, 0.013, 273.97, 37.91);
insert into SHOT values (8010, 8051, 8055, 2077, 0.875, 159.89, -34.99, 0.870, 160.29, -35.09, 0.007, 295.76, 13.68);
insert into SHOT values (8011, 8051, 8056, 2077, 0.551, 79.35, -60.89, 0.548, 79.11, -61.12, 0.004, 277.49, 22.02);
insert into SHOT values (8012, 8051, 8057, 2077, 0.713, 27.74, -44.79, 0.711, 27.07, -44.69, 0.006, 291.19, 21.39);
insert into SHOT values (8013, 8051, 8058, 2077, 0.914, 16.45, -34.22, 0.915, 16.05, -33.88, 0.008, 322.25, 31.58);
insert into SHOT values (8014, 8051, 8059, 2077, 1.371, 3.23, -22.79, 1.369, 3.18, -22.78, 0.003, 210.84, 24.96);
insert into SHOT values (8015, 8051, 8060, 2077, 1.794, 356.57, -16.44, 1.795, 356.34, -16.18, 0.011, 289.17, 46.21);
insert into SHOT values (8016, 8051, 8061, 2077, 2.216, 353.62, -9.03, 2.167, 353.57, -8.49, 0.053, 175.84, 31.66);
insert into SHOT values (8017, 8061, 8062, 2077, 1.077, 272.27, -9.62, 1.076, 272.16, -9.63, 0.002, 153.13, -0.49);
insert into SHOT values (8018, 8061, 8063, 2077, 1.155, 301.88, -8.76, 1.155, 301.74, -8.97, 0.005, 192.71, -54.49);
insert into SHOT values (8019, 8061, 8064, 2077, 1.726, 324.62, -5.89, 1.724, 324.73, -5.99, 0.005, 87.14, -34.90);
insert into SHOT values (8020, 8061, 8065, 2077, 2.202, 334.63, -4.48, 2.199, 334.60, -4.69, 0.009, 169.34, -65.85);
insert into SHOT values (8021, 8061, 8066, 2077, 2.640, 340.25, -3.74, 2.641, 340.26, -3.91, 0.008, 25.16, -84.98);
insert into SHOT values (8022, 8061, 8067, 2077, 3.434, 343.76, -2.80, 3.431, 343.73, -2.84, 0.004, 192.53, -36.14);
insert into SHOT values (8023, 8061, 8068, 2077, 4.728, 346.51, -1.65, 4.722, 346.52, -1.70, 0.007, 154.82, -31.92);
insert into SHOT values (8024, 8061, 8069, 2077, 1.101, 210.91, -11.79, 1.105, 210.60, -12.02, 0.008, 145.64, -38.24);
insert into SHOT values (8025, 8061, 8070, 2077, 1.291, 196.58, -9.23, 1.289, 196.44, -9.37, 0.005, 69.80, -37.51);
insert into SHOT values (8026, 8061, 8071, 2077, 1.628, 185.74, -7.70, 1.633, 185.68, -7.74, 0.005, 164.77, -20.75);
insert into SHOT values (8027, 8061, 8072, 2077, 1.774, 180.04, -7.12, 1.774, 180.00, -7.13, 0.001, 74.64, -5.51);
insert into SHOT values (8028, 8061, 8073, 2077, 5.983, 351.43, -1.38, 5.979, 351.44, -1.44, 0.008, 161.02, -51.48);
insert into SHOT values (8029, 8061, 8074, 2077, 7.291, 357.89, -1.19, 7.287, 357.88, -1.26, 0.010, 196.79, -61.42);
insert into SHOT values (8030, 8061, 8075, 2077, 3.754, 351.45, 0.18, 3.752, 351.42, 0.15, 0.003, 217.99, -32.24);
insert into SHOT values (8031, 8061, 8076, 2077, 3.530, 352.22, -0.34, 3.533, 352.19, -0.49, 0.010, 321.79, -70.12);
insert into SHOT values (8032, 8061, 8077, 2077, 3.555, 354.07, -0.82, 3.550, 354.02, -0.97, 0.011, 205.15, -55.86);
insert into SHOT values (8033, 8061, 8078, 2077, 3.583, 356.50, -1.06, 3.577, 356.47, -1.12, 0.007, 191.60, -32.58);
insert into SHOT values (8034, 8061, 8079, 2077, 4.054, 356.69, -0.49, 4.047, 356.74, -0.57, 0.010, 149.26, -32.90);
insert into SHOT values (8035, 8061, 8080, 2077, 3.587, 358.68, -0.73, 3.581, 358.72, -0.80, 0.008, 154.41, -33.98);
insert into SHOT values (8036, 8061, 8081, 2077, 3.623, 359.86, -1.01, 3.621, 359.84, -1.11, 0.007, 202.72, -66.80);
insert into SHOT values (8037, 8061, 8082, 2077, 3.725, 1.42, -1.62, 3.723, 1.39, -1.69, 0.006, 222.02, -55.78);
insert into SHOT values (8038, 8061, 8083, 2077, 3.620, 4.44, -1.19, 3.622, 4.44, -1.27, 0.005, 358.25, -71.29);
insert into SHOT values (8039, 8061, 8084, 2077, 2.919, 1.21, 4.52, 2.920, 1.18, 4.52, 0.002, 298.38, -1.42);
insert into SHOT values (8040, 8061, 8085, 2077, 3.113, 6.35, 2.14, 3.111, 6.28, 2.03, 0.008, 246.03, -55.31);
insert into SHOT values (8041, 8061, 8086, 2077, 2.965, 4.04, 3.56, 2.963, 4.07, 3.48, 0.005, 140.06, -58.47);
insert into SHOT values (8042, 8061, 8087, 2077, 3.296, 359.93, 1.56, 3.291, 0.00, 1.39, 0.012, 139.04, -56.98);
insert into SHOT values (8043, 8061, 8088, 2077, 2.987, 353.30, 5.80, 2.986, 353.23, 5.77, 0.004, 246.22, -28.09);
insert into SHOT values (8044, 8061, 8089, 2077, 3.188, 352.22, 2.77, 3.183, 352.23, 2.70, 0.007, 166.70, -38.64);
insert into SHOT values (8045, 8061, 8090, 2077, 3.248, 354.83, 2.45, 3.246, 354.87, 2.30, 0.009, 125.69, -70.58);
insert into SHOT values (8046, 8061, 8091, 2077, 1.302, 12.84, -7.33, 1.304, 12.96, -7.49, 0.005, 73.29, -50.50);
insert into SHOT values (8047, 8061, 8092, 2077, 2.309, 7.38, -4.62, 2.307, 7.50, -4.72, 0.006, 118.73, -38.32);
insert into SHOT values (8048, 8061, 8093, 2077, 2.458, 3.95, -3.73, 2.451, 3.99, -3.74, 0.007, 170.82, -0.77);
insert into SHOT values (8049, 8061, 8094, 2077, 1.976, 28.31, 18.59, 1.978, 28.34, 18.57, 0.002, 59.85, 1.69);
insert into SHOT values (8050, 8061, 8095, 2077, 1.561, 39.45, 27.39, 1.557, 39.43, 27.13, 0.008, 246.44, -85.13);
insert into SHOT values (8051, 8061, 8096, 2077, 1.416, 58.67, 38.77, 1.408, 58.77, 38.68, 0.008, 216.38, -52.86);
insert into SHOT values (8052, 8061, 8097, 2077, 1.310, 86.12, 44.26, 1.310, 86.35, 44.01, 0.007, 131.65, -38.88);
insert into SHOT values (8053, 8061, 8098, 2077, 1.436, 105.30, 39.57, 1.434, 105.16, 39.38, 0.006, 48.09, -57.18);
insert into SHOT values (8054, 8061, 8099, 2077, 2.983, 3.06, 5.25, 2.938, 3.14, 5.47, 0.047, 178.09, 8.66);
insert into SHOT values (8055, 8099, 8100, 2077, 2.959, 183.39, -5.20, 2.956, 183.31, -5.05, 0.009, 68.03, 61.36);
insert into SHOT values (8056, 8099, 8101, 2077, 5.391, 166.77, 7.82, 5.394, 166.69, 7.88, 0.010, 97.07, 40.68);
insert into SHOT values (8057, 8099, 8102, 2077, 4.956, 169.26, 7.18, 4.956, 169.22, 7.19, 0.004, 74.52, 8.84);
insert into SHOT values (8058, 8099, 8103, 2077, 4.184, 171.05, 4.81, 4.186, 171.03, 4.80, 0.002, 141.14, -23.15);
insert into SHOT values (8059, 8099, 8104, 2077, 3.246, 172.41, 2.79, 3.243, 172.37, 2.83, 0.005, 23.83, 26.12);
insert into SHOT values (8060, 8099, 8105, 2077, 2.939, 176.78, -2.50, 2.937, 176.68, -2.34, 0.010, 72.55, 57.58);
insert into SHOT values (8061, 8099, 8106, 2077, 2.858, 180.15, -4.70, 2.859, 180.00, -4.61, 0.009, 102.42, 29.04);
insert into SHOT values (8062, 8099, 8107, 2077, 0.790, 102.05, -37.21, 0.789, 101.84, -36.57, 0.009, 74.18, 57.84);
insert into SHOT values (8063, 8099, 8108, 2077, 0.682, 76.86, -43.92, 0.681, 77.09, -43.66, 0.004, 136.36, 52.69);
insert into SHOT values (8064, 8099, 8109, 2077, 0.890, 61.20, -28.23, 0.893, 61.16, -28.07, 0.004, 52.34, 15.15);
insert into SHOT values (8065, 8099, 8110, 2077, 0.835, 42.69, -27.24, 0.841, 42.84, -26.87, 0.008, 57.15, 15.49);
insert into SHOT values (8066, 8099, 8111, 2077, 0.878, 29.15, -29.02, 0.877, 29.56, -28.60, 0.008, 95.12, 44.33);
insert into SHOT values (8067, 8099, 8112, 2077, 9.126, 66.27, 15.86, 9.135, 66.89, 16.40, 0.129, 165.68, 41.84);
insert into SHOT values (8068, 8112, 8113, 2077, 9.713, 264.49, -17.37, 9.706, 264.49, -17.38, 0.007, 86.47, -2.15);
insert into SHOT values (8069, 8112, 8114, 2077, 9.630, 271.53, -17.69, 9.630, 271.50, -17.71, 0.006, 163.42, -37.91);
insert into SHOT values (8070, 8112, 8115, 2077, 9.890, 273.24, -17.20, 9.886, 273.22, -17.18, 0.006, 144.13, 45.50);
insert into SHOT values (8071, 8112, 8116, 2077, 9.688, 274.50, -17.64, 9.685, 274.47, -17.67, 0.007, 135.03, -36.34);
insert into SHOT values (8072, 8112, 8117, 2077, 9.269, 276.95, -18.39, 9.266, 276.92, -18.37, 0.006, 165.20, 45.68);
insert into SHOT values (8073, 8112, 8118, 2077, 8.979, 279.33, -19.04, 8.973, 279.30, -19.06, 0.008, 136.02, -5.71);
insert into SHOT values (8074, 8112, 8119, 2077, 8.833, 282.47, -19.28, 8.833, 282.47, -19.30, 0.004, 91.69, -74.14);
insert into SHOT values (8075, 8112, 8120, 2077, 8.784, 284.78, -19.55, 8.780, 284.78, -19.56, 0.004, 110.14, -8.67);
insert into SHOT values (8076, 8112, 8121, 2077, 7.782, 282.88, -21.22, 7.782, 282.91, -21.25, 0.005, 30.69, -41.70);
insert into SHOT values (8077, 8112, 8122, 2077, 7.021, 276.72, -23.64, 7.012, 276.70, -23.63, 0.010, 107.40, 33.64);
insert into SHOT values (8078, 8112, 8123, 2077, 6.992, 272.92, -24.49, 6.988, 272.88, -24.52, 0.006, 129.70, -14.45);
insert into SHOT values (8079, 8112, 8124, 2077, 8.575, 258.02, -19.36, 8.571, 258.01, -19.35, 0.005, 96.53, 34.16);
insert into SHOT values (8080, 8112, 8125, 2077, 8.527, 260.14, -20.11, 8.518, 260.14, -20.12, 0.009, 80.71, 11.28);
insert into SHOT values (8081, 8112, 8126, 2077, 8.567, 263.16, -20.16, 8.562, 263.14, -20.15, 0.006, 111.48, 26.08);
insert into SHOT values (8082, 8112, 8127, 2077, 9.348, 263.72, -18.09, 9.345, 263.73, -18.08, 0.004, 47.78, 37.40);
insert into SHOT values (8083, 8112, 8128, 2077, 6.447, 271.41, -26.06, 6.446, 271.39, -26.04, 0.003, 184.62, 44.23);
insert into SHOT values (8084, 8112, 8129, 2077, 5.017, 278.68, -29.23, 5.010, 278.69, -29.28, 0.008, 94.09, -0.82);
insert into SHOT values (8085, 8112, 8130, 2077, 4.776, 292.35, -31.42, 4.777, 292.35, -31.42, 0.001, 305.34, -24.22);
insert into SHOT values (8086, 8112, 8131, 2077, 4.730, 303.22, -30.77, 4.727, 303.14, -30.79, 0.006, 179.66, -1.47);
insert into SHOT values (8087, 8112, 8132, 2077, 4.612, 308.45, -31.54, 4.603, 308.48, -31.57, 0.010, 116.06, 14.99);
insert into SHOT values (8088, 8112, 8133, 2077, 5.508, 307.61, -27.58, 5.503, 307.67, -27.61, 0.008, 84.93, 0.98);
insert into SHOT values (8089, 8112, 8134, 2077, 6.157, 303.83, -24.55, 6.157, 303.86, -24.57, 0.004, 45.92, -29.65);
insert into SHOT values (8090, 8112, 8135, 2077, 7.407, 299.91, -21.74, 7.402, 299.92, -21.73, 0.005, 97.31, 41.64);
insert into SHOT values (8091, 8112, 8136, 2077, 8.122, 294.56, -19.75, 8.119, 294.59, -19.72, 0.006, 42.86, 48.46);
insert into SHOT values (8092, 8112, 8137, 2077, 8.673, 286.83, -19.20, 8.672, 286.82, -19.19, 0.003, 187.66, 62.73);
insert into SHOT values (8093, 8112, 8138, 2077, 8.784, 284.76, -19.98, 8.780, 284.74, -19.98, 0.004, 134.48, 18.87);
insert into SHOT values (8094, 8112, 8139, 2077, 4.924, 254.89, 7.14, 4.919, 254.80, 7.12, 0.009, 132.26, -12.33);
insert into SHOT values (8095, 8112, 8140, 2077, 4.625, 257.43, 6.82, 4.623, 257.42, 6.83, 0.002, 100.70, 19.47);
insert into SHOT values (8096, 8112, 8141, 2077, 4.772, 260.30, 5.59, 4.771, 260.30, 5.65, 0.005, 74.62, 74.52);
insert into SHOT values (8097, 8112, 8142, 2077, 8.349, 265.74, -12.52, 8.342, 265.70, -12.53, 0.009, 118.29, -0.64);
insert into SHOT values (8098, 8112, 8143, 2077, 9.279, 274.62, -12.95, 9.276, 274.63, -12.96, 0.004, 61.90, -7.86);
insert into SHOT values (8099, 8112, 8144, 2077, 8.322, 264.98, -12.72, 8.315, 264.98, -12.71, 0.007, 84.56, 19.87);
insert into SHOT values (8100, 8112, 8145, 2077, 8.452, 247.11, -10.70, 8.451, 247.11, -10.71, 0.001, 55.63, -33.49);
insert into SHOT values (8101, 8112, 8146, 2077, 9.454, 191.62, 22.16, 9.510, 191.28, 22.44, 0.089, 135.30, 46.15);
insert into SHOT values (8102, 8146, 8147, 2077, 6.749, 91.95, 3.92, 6.803, 92.53, 3.96, 0.088, 144.53, 5.63);
insert into SURVEY values (2079, 1939, 'wolfsHoleEnt', 'wolfsHoleEnt.wolfsHole.Cong', NULL);
 insert into CENTRELINE values (2080, 2079, NULL, NULL, NULL, 0.00, 0.00, 0.00);
 insert into SCRAPS values (2081, 2079, 'wolfsHoleEntSP1', 1, 1.45474, 0.77115);
 insert into SCRAPS values (2095, 2079, 'wolfsHoleEntSP2', 1, 1.18937, 0.76663);
 insert into MAPS values (2105, 2079, 'wolfsHoleEntM', NULL, 1, 22.707, -13.260);
 insert into MAPITEMS values (2105, 4, 2095);
 insert into CENTRELINE values (2106, 2079, NULL, '2013-09-15', NULL, 22.71, 0.00, 0.00);
 insert into TOPO values (1, 2106);
 insert into TOPO values (13, 2106);
 insert into TOPO values (6, 2106);
 insert into SHOT values (8103, 8148, 8149, 2106, 6.792, 91.02, 3.98, 6.803, 92.53, 3.96, 0.180, 178.26, -0.45);
insert into SHOT values (8104, 8148, 8150, 2106, 13.051, 156.49, 59.04, 13.052, 156.49, 59.02, 0.004, 156.36, -22.65);
insert into SHOT values (8105, 8150, 8151, 2106, 13.059, 337.57, -59.62, 13.056, 337.59, -59.59, 0.008, 1.57, 47.53);
insert into SHOT values (8106, 8150, 8152, 2106, 2.230, 323.32, 22.43, 2.234, 323.46, 22.36, 0.007, 11.15, -7.00);
insert into SHOT values (8107, 8150, 8153, 2106, 2.312, 307.67, 17.39, 2.315, 307.65, 17.34, 0.004, 296.27, -14.14);
insert into SHOT values (8108, 8150, 8154, 2106, 2.335, 300.76, 1.18, 2.341, 300.84, 1.22, 0.007, 327.60, 14.82);
insert into SHOT values (8109, 8150, 8155, 2106, 2.497, 298.64, -14.14, 2.506, 298.78, -14.09, 0.011, 332.91, -0.01);
insert into SHOT values (8110, 8150, 8156, 2106, 2.173, 295.15, -35.09, 2.175, 295.27, -35.07, 0.005, 353.81, -10.54);
insert into SHOT values (8111, 8150, 8157, 2106, 2.190, 290.55, -52.88, 2.188, 290.76, -52.69, 0.009, 338.19, 43.47);
insert into SHOT values (8112, 8150, 8158, 2106, 1.741, 291.99, -70.40, 1.741, 292.17, -70.43, 0.002, 49.08, 3.42);
insert into SHOT values (8113, 8150, 8159, 2106, 1.884, 317.67, -84.99, 1.878, 319.76, -84.80, 0.011, 5.45, 38.97);
insert into SHOT values (8114, 8150, 8160, 2106, 2.003, 86.83, -73.97, 1.998, 85.84, -73.98, 0.011, 346.46, 27.91);
insert into SHOT values (8115, 8150, 8161, 2106, 1.503, 73.54, -55.43, 1.507, 73.04, -55.34, 0.009, 14.40, -15.47);
insert into SHOT values (8116, 8150, 8162, 2106, 0.906, 54.09, -35.89, 0.907, 53.29, -35.76, 0.011, 334.75, 6.13);
insert into SHOT values (8117, 8150, 8163, 2106, 0.729, 30.82, -10.52, 0.734, 30.83, -10.21, 0.006, 32.16, 30.48);
insert into SHOT values (8118, 8150, 8164, 2106, 0.787, 12.65, 19.98, 0.795, 12.36, 19.86, 0.009, 346.81, 7.26);
insert into SHOT values (8119, 8150, 8165, 2106, 1.055, 355.80, 36.17, 1.054, 355.96, 36.04, 0.004, 75.54, -46.77);
insert into SHOT values (8120, 8150, 8166, 2106, 1.573, 342.08, 33.10, 1.580, 341.98, 32.99, 0.008, 324.06, 7.29);
insert into SHOT values (8121, 8150, 8167, 2106, 1.993, 325.49, 23.89, 1.999, 325.70, 23.90, 0.009, 16.16, 18.06);
insert into SHOT values (8122, 8150, 8168, 2106, 2.332, 320.89, 16.91, 2.341, 320.98, 16.89, 0.009, 344.22, 10.48);
insert into SHOT values (8123, 8150, 8169, 2106, 0.448, 276.83, 4.35, 0.446, 277.77, 5.15, 0.010, 27.20, 37.84);
insert into SHOT values (8124, 8150, 8170, 2106, 7.910, 335.30, -39.51, 7.912, 335.32, -39.47, 0.006, 3.07, 22.94);
insert into SHOT values (8125, 8150, 8171, 2106, 6.781, 328.04, -41.83, 6.784, 328.01, -41.78, 0.007, 301.81, 21.04);
insert into SHOT values (8126, 8150, 8172, 2106, 5.487, 326.27, -47.05, 5.484, 326.22, -46.98, 0.007, 281.59, 57.27);
insert into SHOT values (8127, 8150, 8173, 2106, 5.071, 326.95, -52.78, 5.076, 327.09, -52.74, 0.010, 17.94, -11.12);
insert into SHOT values (8128, 8150, 8174, 2106, 4.459, 330.73, -57.20, 4.462, 330.78, -57.19, 0.004, 19.80, -31.30);
insert into SHOT values (8129, 8150, 8175, 2106, 4.260, 338.19, -60.94, 4.261, 338.25, -60.81, 0.010, 352.59, 22.38);
insert into SHOT values (8130, 8150, 8176, 2106, 4.184, 349.72, -59.96, 4.186, 349.87, -59.85, 0.010, 22.98, 11.37);
insert into SHOT values (8131, 8150, 8177, 2106, 4.617, 349.29, -55.47, 4.619, 349.25, -55.35, 0.010, 337.37, 21.42);
insert into SHOT values (8132, 8150, 8178, 2106, 4.901, 348.98, -52.35, 4.901, 349.03, -52.34, 0.003, 57.31, 8.13);
insert into SHOT values (8133, 8150, 8179, 2106, 5.589, 349.97, -45.03, 5.587, 349.94, -44.99, 0.005, 283.01, 64.28);
insert into SHOT values (8134, 8150, 8180, 2106, 6.710, 345.70, -41.06, 6.717, 345.72, -41.04, 0.008, 358.97, -19.15);
insert into SHOT values (8135, 8150, 8181, 2106, 7.155, 341.18, -39.44, 7.151, 341.20, -39.41, 0.006, 95.10, 62.53);
insert into SHOT values (8136, 8150, 8182, 2106, 7.977, 337.30, -39.54, 7.983, 337.27, -39.52, 0.008, 310.16, -12.66);
insert into SHOT values (8137, 8150, 8183, 2106, 1.050, 39.38, -44.33, 1.054, 39.13, -43.82, 0.011, 20.28, 20.37);
insert into SHOT values (8138, 8150, 8184, 2106, 1.504, 14.74, -45.13, 1.502, 14.69, -44.87, 0.007, 0.98, 56.96);
insert into SHOT values (8139, 8150, 8185, 2106, 2.771, 3.21, -43.52, 2.775, 3.13, -43.50, 0.005, 327.29, -22.46);
insert into SHOT values (8140, 8150, 8186, 2106, 3.766, 354.30, -32.77, 3.775, 354.22, -32.71, 0.011, 329.23, -8.58);
insert into SHOT values (8141, 8150, 8187, 2106, 4.434, 347.05, -29.93, 4.437, 347.08, -29.87, 0.006, 14.08, 23.67);
insert into SHOT values (8142, 8150, 8188, 2106, 5.776, 338.73, -29.61, 5.774, 338.75, -29.58, 0.004, 76.88, 63.80);
insert into SHOT values (8143, 8150, 8189, 2106, 6.045, 327.52, -32.05, 6.051, 327.58, -32.04, 0.008, 11.36, -15.05);
insert into SHOT values (8144, 8150, 8190, 2106, 5.127, 318.55, -32.42, 5.134, 318.55, -32.38, 0.008, 321.35, -9.35);
insert into SHOT values (8145, 8150, 8191, 2106, 3.163, 307.50, -25.79, 3.164, 307.59, -25.66, 0.009, 355.44, 43.89);
insert into SHOT values (8146, 8150, 8192, 2106, 2.152, 285.15, -16.46, 2.150, 285.18, -16.48, 0.002, 71.46, -6.18);
insert into SHOT values (8147, 8150, 8193, 2106, 2.104, 256.08, 12.24, 2.108, 256.23, 12.33, 0.007, 318.13, 31.85);
insert into SHOT values (8148, 8150, 8194, 2106, 2.961, 241.48, 25.10, 2.966, 241.53, 25.14, 0.006, 275.05, 44.19);
insert into SHOT values (8149, 8150, 8195, 2106, 2.077, 227.30, 27.38, 2.082, 227.41, 27.46, 0.007, 279.78, 45.70);
insert into SHOT values (8150, 8150, 8196, 2106, 1.504, 149.59, 14.36, 1.499, 149.37, 14.29, 0.008, 20.46, -23.36);
insert into SHOT values (8151, 8150, 8197, 2106, 1.289, 185.90, 18.64, 1.284, 186.13, 18.62, 0.007, 317.59, -16.64);
insert into SHOT values (8152, 8150, 8198, 2106, 1.665, 200.24, 19.04, 1.663, 200.51, 19.31, 0.011, 320.52, 38.02);
insert into SHOT values (8153, 8150, 8199, 2106, 2.487, 208.24, 21.86, 2.485, 208.23, 21.98, 0.006, 30.80, 44.55);
insert into SHOT values (8154, 8150, 8200, 2106, 5.735, 326.39, -23.09, 5.740, 326.43, -23.08, 0.007, 3.38, -7.61);
insert into SHOT values (8155, 8150, 8201, 2106, 5.698, 339.22, -27.48, 5.700, 339.27, -27.48, 0.005, 43.69, -7.82);
insert into SHOT values (8156, 8150, 8202, 2106, 4.318, 349.63, -31.13, 4.321, 349.57, -31.07, 0.007, 312.83, 20.61);
insert into SHOT values (8157, 8150, 8203, 2106, 2.266, 292.28, 15.91, 2.270, 292.34, 15.85, 0.005, 318.13, -12.72);
insert into SHOT values (8158, 8150, 8204, 2106, 2.105, 305.22, 20.93, 2.110, 305.30, 20.82, 0.007, 328.64, -15.20);
insert into SHOT values (8159, 8150, 8205, 2106, 2.061, 315.54, 23.94, 2.067, 315.64, 23.98, 0.007, 353.96, 33.31);
insert into SHOT values (8160, 8150, 8206, 2106, 1.804, 328.41, 29.12, 1.813, 328.42, 29.04, 0.009, 329.91, 13.48);
insert into SHOT values (8161, 8150, 8207, 2106, 1.525, 344.89, 33.51, 1.526, 344.98, 33.41, 0.003, 31.51, -33.90);
insert into SHOT values (8162, 8150, 8208, 2106, 2.428, 300.59, 9.53, 2.427, 300.64, 9.48, 0.003, 40.10, -44.66);
insert into SHOT values (8163, 8150, 8209, 2106, 2.434, 289.23, 11.04, 2.440, 289.27, 11.11, 0.007, 307.05, 35.86);
insert into SHOT values (8164, 8150, 8210, 2106, 0.670, 44.47, -6.94, 0.677, 44.40, -6.79, 0.007, 37.38, 8.06);
insert into SHOT values (8165, 8150, 8211, 2106, 1.504, 344.94, 32.63, 1.509, 344.98, 32.46, 0.007, 352.99, -7.99);
insert into SHOT values (8166, 8150, 8212, 2106, 1.641, 174.17, 40.34, 1.636, 174.02, 40.37, 0.006, 33.87, -23.42);
insert into SHOT values (8167, 8150, 8213, 2106, 1.801, 162.98, 45.94, 1.801, 162.73, 46.21, 0.010, 23.95, 34.91);
insert into SHOT values (8168, 8150, 8214, 2106, 1.805, 187.25, 43.36, 1.805, 187.45, 43.40, 0.005, 292.62, 8.56);
insert into SHOT values (8169, 8150, 8215, 2106, 2.864, 261.45, 46.23, 2.865, 261.58, 46.25, 0.005, 350.02, 21.41);
insert into SHOT values (8170, 8215, 8216, 2106, 0.861, 327.31, -5.87, 0.859, 327.43, -6.01, 0.003, 107.16, -35.45);
insert into SHOT values (8171, 8215, 8217, 2106, 1.162, 4.18, -3.36, 1.165, 3.95, -3.45, 0.006, 304.33, -19.14);
insert into SHOT values (8172, 8215, 8218, 2106, 1.697, 25.56, 4.02, 1.699, 25.51, 4.05, 0.003, 353.45, 20.00);
insert into SHOT values (8173, 8215, 8219, 2106, 1.548, 53.76, 6.83, 1.549, 53.73, 6.67, 0.004, 15.17, -71.53);
insert into SHOT values (8174, 8215, 8220, 2106, 1.560, 82.05, 6.03, 1.562, 82.23, 5.88, 0.007, 142.49, -33.63);
insert into SHOT values (8175, 8215, 8221, 2106, 2.195, 100.21, -9.17, 2.192, 100.12, -9.19, 0.005, 326.68, -2.32);
insert into SHOT values (8176, 8215, 8222, 2106, 2.246, 111.50, -17.31, 2.252, 111.55, -17.31, 0.007, 130.56, -14.95);
insert into SHOT values (8177, 8215, 8223, 2106, 2.212, 132.20, -18.70, 2.212, 132.29, -18.72, 0.004, 219.81, -13.13);
insert into SHOT values (8178, 8215, 8224, 2106, 2.212, 143.05, -20.62, 2.206, 143.07, -20.70, 0.006, 314.36, -8.96);
insert into SHOT values (8179, 8215, 8225, 2106, 2.021, 159.28, -20.11, 2.023, 159.37, -19.94, 0.007, 196.80, 43.07);
insert into SHOT values (8180, 8215, 8226, 2106, 0.416, 181.45, -24.43, 0.416, 181.51, -24.09, 0.003, 197.45, 55.05);
insert into SHOT values (8181, 8215, 8227, 2106, 0.252, 190.10, -26.59, 0.249, 190.30, -26.19, 0.003, 345.21, 55.53);
insert into SHOT values (8182, 8215, 8228, 2106, 0.612, 313.00, -22.46, 0.611, 313.57, -22.12, 0.007, 40.39, 34.05);
insert into SURVEY values (2108, 1939, 'wolfsHoleTube', 'wolfsHoleTube.wolfsHole.Cong', NULL);
 insert into CENTRELINE values (2109, 2108, NULL, NULL, NULL, 0.00, 0.00, 0.00);
 insert into SCRAPS values (2110, 2108, 'wolfsHoleTubeSP1', 1, 4.11005, 0.04427);
 insert into SCRAPS values (2155, 2108, 'wolfsHoleTubeSP2', 1, 3.65577, 0.31262);
 insert into MAPS values (2210, 2108, 'wolfsHoleTubeM', NULL, 1, 62.691, -1.190);
 insert into MAPITEMS values (2210, 4, 2110);
 insert into MAPITEMS values (2210, 4, 2155);
 insert into CENTRELINE values (2211, 2108, NULL, '2013-09-16', NULL, 62.69, 0.00, 0.00);
 insert into TOPO values (1, 2211);
 insert into TOPO values (13, 2211);
 insert into TOPO values (6, 2211);
 insert into SHOT values (8183, 8229, 8230, 2211, 2.264, 96.15, 24.20, 2.267, 96.40, 24.50, 0.015, 199.71, 51.85);
insert into SHOT values (8184, 8230, 8231, 2211, 2.250, 117.95, -17.11, 2.254, 117.99, -17.30, 0.008, 169.84, -74.80);
insert into SHOT values (8185, 8231, 8232, 2211, 3.608, 291.03, 14.03, 3.613, 291.07, 14.10, 0.007, 325.25, 47.80);
insert into SHOT values (8186, 8231, 8233, 2211, 2.922, 288.30, 39.06, 2.931, 288.20, 39.13, 0.011, 248.01, 54.27);
insert into SHOT values (8187, 8231, 8234, 2211, 3.242, 287.85, 28.76, 3.246, 287.80, 28.73, 0.005, 256.90, 1.64);
insert into SHOT values (8188, 8231, 8235, 2211, 3.472, 290.04, 21.28, 3.473, 290.06, 21.27, 0.002, 337.91, -2.93);
insert into SHOT values (8189, 8231, 8236, 2211, 2.174, 287.56, 49.38, 2.175, 287.67, 49.35, 0.003, 349.07, -3.02);
insert into SHOT values (8190, 8231, 8237, 2211, 2.063, 288.58, 64.90, 2.065, 288.64, 64.90, 0.002, 337.90, 54.81);
insert into SHOT values (8191, 8231, 8238, 2211, 2.287, 282.21, 81.17, 2.288, 281.31, 81.03, 0.008, 238.35, 0.75);
insert into SHOT values (8192, 8231, 8239, 2211, 2.262, 236.18, 85.21, 2.268, 235.49, 85.09, 0.008, 212.33, 45.70);
insert into SHOT values (8193, 8231, 8240, 2211, 2.501, 136.02, 71.35, 2.501, 136.52, 71.36, 0.007, 230.13, 2.67);
insert into SHOT values (8194, 8231, 8241, 2211, 2.523, 129.53, 59.01, 2.529, 129.69, 59.08, 0.008, 211.76, 62.23);
insert into SHOT values (8195, 8231, 8242, 2211, 2.639, 126.83, 51.00, 2.648, 126.94, 51.07, 0.010, 171.67, 63.50);
insert into SHOT values (8196, 8231, 8243, 2211, 2.902, 125.45, 41.74, 2.907, 125.60, 41.87, 0.010, 224.14, 54.20);
insert into SHOT values (8197, 8231, 8244, 2211, 3.908, 239.42, -5.40, 3.908, 239.42, -5.29, 0.008, 221.82, 84.36);
insert into SHOT values (8198, 8231, 8245, 2211, 4.450, 231.13, -2.29, 4.448, 231.12, -2.19, 0.008, 74.88, 76.56);
insert into SHOT values (8199, 8231, 8246, 2211, 4.673, 228.03, -0.54, 4.681, 228.03, -0.49, 0.009, 229.58, 27.59);
insert into SHOT values (8200, 8231, 8247, 2211, 5.482, 226.77, 0.04, 5.490, 226.77, 0.10, 0.010, 228.91, 38.43);
insert into SHOT values (8201, 8231, 8248, 2211, 6.230, 225.37, 0.22, 6.237, 225.39, 0.28, 0.009, 244.04, 39.96);
insert into SHOT values (8202, 8231, 8249, 2211, 1.022, 220.29, 18.48, 1.026, 220.41, 18.76, 0.007, 259.10, 61.58);
insert into SHOT values (8203, 8249, 8250, 2211, 4.787, 327.82, 0.85, 4.786, 327.80, 0.84, 0.002, 212.63, -37.79);
insert into SHOT values (8204, 8249, 8251, 2211, 4.396, 331.04, 3.44, 4.394, 331.10, 3.39, 0.006, 82.03, -37.86);
insert into SHOT values (8205, 8249, 8252, 2211, 4.102, 335.57, 2.24, 4.098, 335.63, 2.24, 0.006, 109.06, -3.34);
insert into SHOT values (8206, 8249, 8253, 2211, 4.055, 343.01, 1.99, 4.058, 343.08, 1.98, 0.006, 44.56, -7.56);
insert into SHOT values (8207, 8249, 8254, 2211, 3.959, 348.53, 3.24, 3.956, 348.46, 3.19, 0.007, 226.32, -34.96);
insert into SHOT values (8208, 8249, 8255, 2211, 3.262, 0.50, 1.28, 3.261, 0.53, 1.23, 0.003, 123.09, -55.84);
insert into SHOT values (8209, 8249, 8256, 2211, 2.888, 13.12, 0.75, 2.887, 13.22, 0.79, 0.006, 117.55, 23.03);
insert into SHOT values (8210, 8249, 8257, 2211, 2.793, 27.08, 3.76, 2.792, 27.12, 3.70, 0.004, 138.13, -57.63);
insert into SHOT values (8211, 8249, 8258, 2211, 3.099, 36.59, 6.58, 3.100, 36.68, 6.48, 0.007, 111.06, -43.85);
insert into SHOT values (8212, 8249, 8259, 2211, 2.842, 56.46, 10.63, 2.841, 56.54, 10.55, 0.006, 150.81, -47.72);
insert into SHOT values (8213, 8249, 8260, 2211, 2.998, 74.93, 12.50, 3.001, 74.97, 12.51, 0.004, 106.05, 15.95);
insert into SHOT values (8214, 8249, 8261, 2211, 3.923, 92.25, 8.16, 3.922, 92.21, 8.06, 0.007, 352.92, -70.85);
insert into SHOT values (8215, 8231, 8262, 2211, 0.547, 230.67, -20.11, 0.549, 230.48, -19.14, 0.010, 211.23, 57.22);
insert into SHOT values (8216, 8231, 8263, 2211, 2.186, 226.40, -6.36, 2.192, 226.49, -6.29, 0.007, 255.64, 17.20);
insert into SHOT values (8217, 8231, 8264, 2211, 3.616, 226.15, -4.43, 3.618, 226.12, -4.44, 0.002, 183.88, -16.49);
insert into SHOT values (8218, 8231, 8265, 2211, 1.555, 215.47, 5.02, 1.555, 215.54, 5.17, 0.004, 323.74, 63.38);
insert into SHOT values (8219, 8231, 8266, 2211, 1.744, 229.58, 5.86, 1.747, 229.43, 5.91, 0.005, 171.52, 20.67);
insert into SHOT values (8220, 8231, 8267, 2211, 2.107, 244.00, 5.39, 2.112, 244.04, 5.44, 0.005, 265.26, 24.07);
insert into SHOT values (8221, 8231, 8268, 2211, 1.426, 252.09, 18.53, 1.433, 251.97, 18.73, 0.009, 219.67, 51.51);
insert into SHOT values (8222, 8231, 8269, 2211, 2.346, 269.21, 13.06, 2.351, 269.25, 13.03, 0.005, 287.79, -1.43);
insert into SHOT values (8223, 8231, 8270, 2211, 3.196, 279.63, 11.53, 3.198, 279.55, 11.54, 0.005, 214.68, 14.44);
insert into SHOT values (8224, 8231, 8271, 2211, 3.268, 296.97, 10.72, 3.269, 297.04, 10.76, 0.005, 25.12, 26.64);
insert into SHOT values (8225, 8231, 8272, 2211, 2.130, 297.39, 17.71, 2.128, 297.32, 17.79, 0.004, 154.63, 28.59);
insert into SHOT values (8226, 8231, 8273, 2211, 1.352, 299.27, 35.34, 1.355, 299.36, 35.65, 0.008, 68.86, 74.37);
insert into SHOT values (8227, 8231, 8274, 2211, 0.927, 318.57, 66.46, 0.929, 318.24, 66.17, 0.006, 295.78, 1.48);
insert into SHOT values (8228, 8231, 8275, 2211, 0.914, 243.77, 64.31, 0.922, 243.43, 64.13, 0.009, 223.27, 43.50);
insert into SHOT values (8229, 8231, 8276, 2211, 0.926, 63.40, 77.50, 0.932, 63.43, 77.53, 0.006, 72.26, 82.03);
insert into SHOT values (8230, 8231, 8277, 2211, 0.876, 158.24, 62.60, 0.876, 157.93, 62.89, 0.005, 6.98, 27.13);
insert into SHOT values (8231, 8231, 8278, 2211, 0.203, 127.22, 46.48, 0.202, 126.03, 47.80, 0.006, 343.85, 30.56);
insert into SHOT values (8232, 8231, 8279, 2211, 1.141, 101.56, 57.59, 1.147, 101.31, 57.76, 0.007, 18.65, 68.32);
insert into SHOT values (8233, 8231, 8280, 2211, 1.640, 190.81, 9.02, 1.641, 191.03, 9.12, 0.007, 278.94, 24.45);
insert into SHOT values (8234, 8231, 8281, 2211, 1.538, 202.98, 5.15, 1.539, 203.05, 5.22, 0.003, 276.98, 43.79);
insert into SHOT values (8235, 8231, 8282, 2211, 4.001, 229.08, -2.44, 4.002, 229.06, -2.43, 0.002, 164.73, 11.29);
insert into SHOT values (8236, 8282, 8283, 2211, 0.881, 61.96, 69.79, 0.884, 62.59, 69.88, 0.005, 155.91, 43.85);
insert into SHOT values (8237, 8282, 8284, 2211, 1.246, 94.94, 48.58, 1.249, 94.88, 48.80, 0.006, 307.34, 74.32);
insert into SHOT values (8238, 8282, 8285, 2211, 1.822, 106.56, 30.55, 1.821, 106.70, 30.70, 0.006, 234.86, 38.46);
insert into SHOT values (8239, 8282, 8286, 2211, 1.362, 119.04, 23.90, 1.364, 118.83, 24.23, 0.009, 16.58, 60.63);
insert into SHOT values (8240, 8282, 8287, 2211, 0.687, 108.75, 48.21, 0.691, 109.23, 48.79, 0.009, 231.04, 59.76);
insert into SHOT values (8241, 8282, 8288, 2211, 0.488, 75.85, 78.59, 0.489, 77.47, 79.13, 0.005, 225.06, 17.87);
insert into SHOT values (8242, 8282, 8289, 2211, 0.579, 72.41, 35.99, 0.573, 72.35, 36.37, 0.007, 256.41, -2.08);
insert into SHOT values (8243, 8282, 8290, 2211, 1.017, 93.34, 30.49, 1.015, 93.29, 30.83, 0.006, 281.96, 38.63);
insert into SHOT values (8244, 8282, 8291, 2211, 1.736, 100.13, 20.53, 1.735, 99.93, 20.58, 0.006, 356.03, 11.37);
insert into SHOT values (8245, 8282, 8292, 2211, 2.080, 115.93, 17.29, 2.076, 116.05, 17.38, 0.007, 255.12, 15.97);
insert into SHOT values (8246, 8282, 8293, 2211, 2.563, 110.11, 22.67, 2.562, 110.05, 22.73, 0.004, 345.04, 34.17);
insert into SHOT values (8247, 8282, 8294, 2211, 2.052, 104.48, 16.71, 2.049, 104.46, 16.74, 0.003, 295.00, -0.12);
insert into SHOT values (8248, 8282, 8295, 2211, 1.172, 219.07, 18.55, 1.172, 219.14, 18.92, 0.008, 5.91, 69.50);
insert into SHOT values (8249, 8282, 8296, 2211, 1.744, 215.93, 14.65, 1.739, 216.05, 14.66, 0.006, 0.59, -9.75);
insert into SHOT values (8250, 8282, 8297, 2211, 3.441, 212.28, 11.45, 3.441, 212.28, 11.57, 0.007, 37.82, 76.23);
insert into SHOT values (8251, 8282, 8298, 2211, 4.042, 207.43, 10.61, 4.038, 207.47, 10.71, 0.009, 0.69, 42.56);
insert into SHOT values (8252, 8282, 8299, 2211, 7.081, 133.22, 7.60, 7.080, 133.27, 7.63, 0.007, 233.47, 29.61);
insert into SHOT values (8253, 8282, 8300, 2211, 6.856, 136.36, 8.16, 6.854, 136.37, 8.22, 0.008, 288.65, 60.22);
insert into SHOT values (8254, 8282, 8301, 2211, 6.781, 141.83, 8.60, 6.779, 141.85, 8.65, 0.007, 285.80, 57.61);
insert into SHOT values (8255, 8282, 8302, 2211, 6.548, 142.32, 8.75, 6.543, 142.35, 8.79, 0.007, 287.55, 31.64);
insert into SHOT values (8256, 8282, 8303, 2211, 8.018, 126.85, 5.87, 8.014, 126.84, 5.87, 0.004, 321.21, -0.20);
insert into SHOT values (8257, 8282, 8304, 2211, 8.627, 122.94, 4.96, 8.623, 122.93, 4.99, 0.006, 316.02, 42.22);
insert into SHOT values (8258, 8282, 8305, 2211, 8.005, 119.68, 4.50, 8.002, 119.68, 4.52, 0.004, 290.81, 27.68);
insert into SHOT values (8259, 8282, 8306, 2211, 9.052, 115.20, 3.75, 9.047, 115.17, 3.80, 0.010, 331.65, 51.01);
insert into SHOT values (8260, 8282, 8307, 2211, 10.885, 109.65, 2.14, 10.882, 109.67, 2.16, 0.006, 238.39, 36.62);
insert into SHOT values (8261, 8282, 8308, 2211, 4.572, 199.67, 11.62, 4.575, 199.69, 11.60, 0.004, 222.25, -12.47);
insert into SHOT values (8262, 8308, 8309, 2211, 5.186, 104.81, -1.24, 5.182, 104.76, -1.22, 0.006, 333.50, 21.09);
insert into SHOT values (8263, 8308, 8310, 2211, 5.663, 115.28, -0.60, 5.659, 115.21, -0.51, 0.012, 356.81, 49.02);
insert into SHOT values (8264, 8308, 8311, 2211, 5.276, 118.65, 0.93, 5.272, 118.56, 0.98, 0.010, 3.18, 25.45);
insert into SHOT values (8265, 8308, 8312, 2211, 5.354, 118.89, -0.06, 5.353, 118.82, 0.00, 0.009, 18.92, 39.02);
insert into SHOT values (8266, 8308, 8313, 2211, 4.454, 119.34, -0.67, 4.451, 119.33, -0.64, 0.004, 311.26, 32.39);
insert into SHOT values (8267, 8308, 8314, 2211, 3.959, 122.38, 1.01, 3.957, 122.40, 1.01, 0.003, 265.20, 4.12);
insert into SHOT values (8268, 8308, 8315, 2211, 3.241, 130.44, 0.23, 3.242, 130.37, 0.35, 0.008, 56.24, 60.53);
insert into SHOT values (8269, 8308, 8316, 2211, 2.966, 183.48, 0.71, 2.966, 183.48, 0.77, 0.003, 349.28, 84.48);
insert into SHOT values (8270, 8308, 8317, 2211, 2.979, 177.23, -0.06, 2.973, 177.30, 0.00, 0.008, 323.72, 24.52);
insert into SHOT values (8271, 8308, 8318, 2211, 2.845, 167.31, 0.85, 2.839, 167.38, 1.01, 0.011, 316.11, 47.31);
insert into SHOT values (8272, 8308, 8319, 2211, 4.055, 249.30, -7.91, 4.057, 249.31, -7.79, 0.009, 266.18, 70.10);
insert into SHOT values (8273, 8308, 8320, 2211, 3.409, 11.80, -10.14, 3.415, 11.84, -10.12, 0.006, 36.83, 1.50);
insert into SHOT values (8274, 8308, 8321, 2211, 2.844, 8.01, -10.90, 2.847, 8.01, -10.73, 0.009, 11.51, 59.22);
insert into SHOT values (8275, 8308, 8322, 2211, 2.567, 2.98, -13.01, 2.567, 2.98, -12.83, 0.008, 1.07, 73.93);
insert into SHOT values (8276, 8308, 8323, 2211, 2.390, 1.39, -13.73, 2.397, 1.48, -13.51, 0.012, 22.64, 36.74);
insert into SHOT values (8277, 8308, 8324, 2211, 2.461, 357.56, -14.18, 2.466, 357.60, -14.08, 0.007, 14.98, 24.25);
insert into SHOT values (8278, 8308, 8325, 2211, 2.546, 354.96, -14.05, 2.544, 354.89, -13.87, 0.009, 264.60, 69.85);
insert into SHOT values (8279, 8308, 8326, 2211, 2.865, 351.02, -14.29, 2.870, 351.11, -14.12, 0.011, 24.08, 40.40);
insert into SHOT values (8280, 8308, 8327, 2211, 1.737, 348.71, -16.83, 1.737, 348.55, -16.73, 0.005, 264.64, 33.09);
insert into SHOT values (8281, 8308, 8328, 2211, 1.260, 343.30, -18.27, 1.261, 343.53, -18.02, 0.007, 44.00, 42.05);
insert into SHOT values (8282, 8308, 8329, 2211, 0.881, 332.42, -20.54, 0.884, 332.82, -19.83, 0.013, 12.73, 45.39);
insert into SHOT values (8283, 8308, 8330, 2211, 0.846, 311.73, -22.60, 0.842, 311.88, -22.33, 0.006, 87.19, 60.47);
insert into SHOT values (8284, 8308, 8331, 2211, 1.083, 289.56, -17.80, 1.083, 289.84, -17.75, 0.005, 19.06, 11.87);
insert into SHOT values (8285, 8308, 8332, 2211, 1.495, 284.28, -23.16, 1.490, 284.34, -22.90, 0.008, 64.15, 74.02);
insert into SHOT values (8286, 8308, 8333, 2211, 2.218, 351.78, -30.15, 2.217, 351.91, -30.05, 0.006, 67.39, 41.04);
insert into SHOT values (8287, 8308, 8334, 2211, 2.470, 358.87, -27.17, 2.469, 358.96, -26.98, 0.009, 48.74, 60.18);
insert into SHOT values (8288, 8308, 8335, 2211, 2.578, 261.32, -15.36, 2.579, 261.45, -15.29, 0.006, 333.86, 26.21);
insert into SHOT values (8289, 8335, 8336, 2211, 2.390, 19.70, -10.29, 2.386, 19.67, -10.38, 0.006, 213.77, -32.92);
insert into SHOT values (8290, 8335, 8337, 2211, 2.606, 25.24, -10.68, 2.608, 25.17, -10.61, 0.005, 331.99, 35.93);
insert into SHOT values (8291, 8335, 8338, 2211, 2.193, 35.16, -12.70, 2.192, 35.10, -12.65, 0.003, 296.30, 44.74);
insert into SHOT values (8292, 8335, 8339, 2211, 1.915, 42.86, -14.51, 1.915, 42.81, -14.52, 0.001, 314.83, -7.90);
insert into SHOT values (8293, 8335, 8340, 2211, 2.105, 49.90, -12.87, 2.104, 49.94, -12.91, 0.002, 170.03, -30.95);
insert into SHOT values (8294, 8335, 8341, 2211, 2.284, 55.99, -7.77, 2.284, 56.17, -7.80, 0.007, 144.85, -9.60);
insert into SHOT values (8295, 8335, 8342, 2211, 2.554, 57.67, -6.23, 2.559, 57.68, -6.28, 0.006, 65.50, -28.81);
insert into SHOT values (8296, 8335, 8343, 2211, 1.034, 51.71, -26.60, 1.034, 52.02, -26.41, 0.006, 123.83, 29.69);
insert into SHOT values (8297, 8335, 8344, 2211, 1.302, 53.73, -22.82, 1.302, 53.80, -22.58, 0.006, 89.74, 63.63);
insert into SHOT values (8298, 8335, 8345, 2211, 1.551, 50.19, -19.04, 1.553, 50.24, -18.79, 0.007, 71.29, 56.33);
insert into SHOT values (8299, 8335, 8346, 2211, 1.779, 47.33, -16.63, 1.781, 47.61, -16.64, 0.009, 128.68, -5.77);
insert into SHOT values (8300, 8335, 8347, 2211, 0.897, 40.79, -30.72, 0.899, 41.33, -30.78, 0.008, 121.59, -13.60);
insert into SHOT values (8301, 8335, 8348, 2211, 0.857, 11.13, -35.54, 0.856, 11.63, -35.76, 0.007, 128.09, -15.08);
insert into SHOT values (8302, 8335, 8349, 2211, 0.896, 344.48, -33.01, 0.894, 344.48, -33.25, 0.005, 164.94, -24.53);
insert into SHOT values (8303, 8335, 8350, 2211, 1.084, 322.23, -26.99, 1.080, 322.18, -26.99, 0.004, 154.96, 26.65);
insert into SHOT values (8304, 8335, 8351, 2211, 1.381, 322.35, -20.83, 1.380, 322.24, -20.80, 0.003, 218.66, 23.59);
insert into SHOT values (8305, 8335, 8352, 2211, 1.720, 324.67, -16.86, 1.717, 324.67, -16.93, 0.004, 146.26, -18.16);
insert into SHOT values (8306, 8335, 8353, 2211, 1.827, 320.38, -14.75, 1.821, 320.53, -14.63, 0.009, 97.75, 37.30);
insert into SHOT values (8307, 8335, 8354, 2211, 1.916, 312.46, -13.34, 1.913, 312.60, -13.30, 0.006, 74.60, 20.27);
insert into SHOT values (8308, 8335, 8355, 2211, 3.873, 296.82, -1.11, 3.869, 296.90, -1.04, 0.008, 62.80, 37.75);
insert into SHOT values (8309, 8335, 8356, 2211, 2.804, 290.49, 1.27, 2.798, 290.51, 1.23, 0.006, 101.44, -19.39);
insert into SHOT values (8310, 8335, 8357, 2211, 2.272, 281.19, 4.98, 2.272, 281.21, 5.05, 0.003, 26.49, 71.84);
insert into SHOT values (8311, 8335, 8358, 2211, 1.856, 264.87, 9.55, 1.853, 264.98, 9.63, 0.005, 38.45, 23.67);
insert into SHOT values (8312, 8335, 8359, 2211, 1.519, 248.62, 13.02, 1.520, 248.63, 12.92, 0.003, 256.91, -48.49);
insert into SHOT values (8313, 8335, 8360, 2211, 1.610, 230.75, 13.33, 1.607, 230.71, 13.31, 0.004, 68.47, -19.49);
insert into SHOT values (8314, 8335, 8361, 2211, 1.989, 223.09, 12.78, 1.988, 222.91, 12.79, 0.006, 123.94, 0.16);
insert into SHOT values (8315, 8335, 8362, 2211, 2.341, 200.10, 11.11, 2.344, 200.09, 11.07, 0.003, 192.84, -21.15);
insert into SHOT values (8316, 8335, 8363, 2211, 3.865, 199.56, 8.29, 3.862, 199.57, 8.34, 0.005, 5.20, 34.64);
insert into SHOT values (8317, 8335, 8364, 2211, 2.740, 186.87, 11.79, 2.737, 186.86, 11.81, 0.003, 14.53, 2.80);
insert into SHOT values (8318, 8335, 8365, 2211, 2.523, 170.17, 10.27, 2.528, 170.05, 10.25, 0.007, 122.49, 1.44);
insert into SHOT values (8319, 8335, 8366, 2211, 2.811, 156.06, 11.89, 2.809, 155.95, 11.92, 0.006, 43.06, 8.68);
insert into SHOT values (8320, 8335, 8367, 2211, 2.431, 142.89, 9.73, 2.433, 142.80, 9.70, 0.004, 80.21, -11.03);
insert into SHOT values (8321, 8335, 8368, 2211, 2.067, 349.35, -13.17, 2.068, 349.42, -13.13, 0.003, 44.47, 18.30);
insert into SHOT values (8322, 8335, 8369, 2211, 2.283, 10.25, -11.80, 2.283, 10.30, -11.62, 0.007, 69.45, 69.52);
insert into SHOT values (8323, 8335, 8370, 2211, 1.934, 331.23, -5.93, 1.935, 331.44, -5.93, 0.007, 56.95, -1.57);
insert into SHOT values (8324, 8335, 8371, 2211, 2.255, 319.22, -8.49, 2.251, 319.37, -8.43, 0.007, 79.84, 23.00);
insert into SHOT values (8325, 8335, 8372, 2211, 2.658, 314.06, -5.59, 2.658, 314.08, -5.61, 0.002, 67.06, -43.96);
insert into SHOT values (8326, 8335, 8373, 2211, 2.112, 292.33, -2.77, 2.110, 292.31, -2.72, 0.003, 136.65, 46.15);
insert into SHOT values (8327, 8373, 8374, 2211, 1.067, 292.13, 3.65, 1.070, 292.00, 3.75, 0.004, 252.91, 28.84);
insert into SHOT values (8328, 8373, 8375, 2211, 1.726, 300.80, -0.20, 1.722, 300.74, -0.33, 0.006, 145.40, -41.18);
insert into SHOT values (8329, 8373, 8376, 2211, 4.480, 302.04, 0.17, 4.484, 302.06, 0.13, 0.005, 325.49, -38.39);
insert into SHOT values (8330, 8373, 8377, 2211, 1.780, 301.28, 0.06, 1.777, 301.18, 0.00, 0.005, 162.89, -23.13);
insert into SHOT values (8331, 8373, 8378, 2211, 4.501, 303.12, 0.65, 4.502, 303.13, 0.64, 0.001, 333.87, -45.36);
insert into SHOT values (8332, 8373, 8379, 2211, 3.304, 306.56, 0.78, 3.302, 306.63, 0.69, 0.007, 59.43, -49.26);
insert into SHOT values (8333, 8373, 8380, 2211, 2.658, 313.00, 1.60, 2.654, 313.01, 1.51, 0.006, 121.66, -48.01);
insert into SHOT values (8334, 8373, 8381, 2211, 1.773, 318.01, 0.61, 1.777, 317.96, 0.64, 0.005, 300.63, 13.96);
insert into SHOT values (8335, 8373, 8382, 2211, 1.383, 321.13, -6.14, 1.381, 321.21, -6.24, 0.004, 100.80, -34.58);
insert into SHOT values (8336, 8373, 8383, 2211, 1.240, 338.54, -9.28, 1.242, 338.46, -9.27, 0.002, 295.67, -0.88);
insert into SHOT values (8337, 8373, 8384, 2211, 1.057, 355.07, -9.03, 1.058, 355.05, -9.25, 0.004, 262.25, -86.34);
insert into SHOT values (8338, 8373, 8385, 2211, 0.434, 243.34, -73.32, 0.438, 241.39, -73.39, 0.006, 162.11, -44.66);
insert into SHOT values (8339, 8373, 8386, 2211, 0.646, 274.21, -39.72, 0.640, 274.67, -39.83, 0.007, 57.49, 23.18);
insert into SHOT values (8340, 8373, 8387, 2211, 0.841, 299.21, -29.79, 0.846, 299.36, -29.77, 0.005, 322.54, -24.21);
insert into SHOT values (8341, 8373, 8388, 2211, 1.238, 314.73, -20.03, 1.240, 314.65, -19.80, 0.006, 291.72, 45.63);
insert into SHOT values (8342, 8373, 8389, 2211, 1.509, 317.84, -15.61, 1.508, 318.07, -15.77, 0.007, 63.89, -32.71);
insert into SHOT values (8343, 8373, 8390, 2211, 0.650, 62.23, -37.84, 0.648, 61.93, -38.11, 0.004, 281.04, -16.33);
insert into SHOT values (8344, 8373, 8391, 2211, 1.081, 59.92, -20.92, 1.081, 59.62, -21.14, 0.007, 316.08, -36.65);
insert into SHOT values (8345, 8308, 8392, 2211, 2.689, 62.67, -3.45, 2.688, 62.48, -3.41, 0.009, 329.51, 11.62);
insert into SHOT values (8346, 8308, 8393, 2211, 2.741, 65.71, -3.30, 2.739, 65.59, -3.14, 0.010, 315.66, 52.46);
insert into SHOT values (8347, 8393, 8394, 2211, 3.944, 282.09, -14.16, 3.946, 282.07, -14.23, 0.005, 216.26, -78.34);
insert into SHOT values (8348, 8393, 8395, 2211, 6.274, 285.43, -9.17, 6.274, 285.45, -9.17, 0.002, 15.38, -3.67);
insert into SHOT values (8349, 8393, 8396, 2211, 6.380, 286.63, -8.84, 6.378, 286.59, -8.84, 0.004, 171.88, 6.31);
insert into SHOT values (8350, 8393, 8397, 2211, 9.850, 288.86, -5.75, 9.847, 288.88, -5.77, 0.006, 63.24, -32.85);
insert into SHOT values (8351, 8393, 8398, 2211, 9.826, 289.98, -5.68, 9.827, 289.97, -5.72, 0.008, 221.95, -82.54);
insert into SHOT values (8352, 8393, 8399, 2211, 7.597, 289.70, -7.47, 7.596, 289.71, -7.49, 0.003, 59.43, -49.47);
insert into SHOT values (8353, 8393, 8400, 2211, 6.715, 290.65, -8.49, 6.710, 290.65, -8.48, 0.005, 112.49, 14.94);
insert into SHOT values (8354, 8393, 8401, 2211, 6.401, 291.99, -8.93, 6.400, 292.02, -8.99, 0.008, 55.21, -56.72);
insert into SHOT values (8355, 8393, 8402, 2211, 3.902, 292.15, -13.90, 3.896, 292.22, -13.96, 0.009, 76.38, -17.24);
insert into SHOT values (8356, 8393, 8403, 2211, 2.676, 289.12, -20.50, 2.669, 289.16, -20.62, 0.009, 96.51, -18.84);
insert into SHOT values (8357, 8393, 8404, 2211, 3.288, 160.59, -0.26, 3.289, 160.46, -0.35, 0.009, 81.64, -34.77);
insert into SHOT values (8358, 8393, 8405, 2211, 4.393, 152.49, -0.48, 4.397, 152.50, -0.52, 0.005, 168.11, -38.69);
insert into SHOT values (8359, 8393, 8406, 2211, 5.645, 150.09, -0.66, 5.645, 150.03, -0.71, 0.008, 62.38, -40.10);
insert into SHOT values (8360, 8393, 8407, 2211, 4.651, 147.79, -0.60, 4.647, 147.75, -0.62, 0.005, 10.73, -14.48);
insert into SHOT values (8361, 8393, 8408, 2211, 4.211, 141.85, -1.25, 4.210, 141.85, -1.22, 0.002, 313.09, 62.75);
insert into SHOT values (8362, 8393, 8409, 2211, 3.691, 135.15, 0.00, 3.698, 135.11, 0.00, 0.008, 115.87, 0.00);
insert into SHOT values (8363, 8393, 8410, 2211, 3.131, 128.41, -1.45, 3.134, 128.26, -1.46, 0.009, 58.15, -5.11);
insert into SHOT values (8364, 8393, 8411, 2211, 3.126, 116.94, -2.36, 3.129, 116.81, -2.38, 0.008, 48.12, -9.72);
insert into SHOT values (8365, 8393, 8412, 2211, 3.056, 105.04, -5.11, 3.057, 105.04, -5.26, 0.008, 119.40, -86.70);
insert into SHOT values (8366, 8393, 8413, 2211, 3.343, 96.43, -6.92, 3.346, 96.40, -7.04, 0.008, 54.85, -69.41);
insert into SHOT values (8367, 8393, 8414, 2211, 3.913, 91.22, -8.48, 3.914, 91.18, -8.52, 0.004, 15.90, -51.23);
insert into SHOT values (8368, 8393, 8415, 2211, 4.232, 83.54, -9.49, 4.235, 83.54, -9.51, 0.003, 83.85, -42.56);
insert into SHOT values (8369, 8393, 8416, 2211, 4.093, 118.16, 2.63, 4.097, 118.13, 2.52, 0.009, 95.49, -56.11);
insert into SHOT values (8370, 8393, 8417, 2211, 4.898, 110.14, 1.72, 4.903, 110.17, 1.64, 0.009, 141.54, -51.11);
insert into SHOT values (8371, 8393, 8418, 2211, 6.059, 105.83, 0.17, 6.059, 105.80, 0.09, 0.008, 16.23, -71.04);
insert into SHOT values (8372, 8393, 8419, 2211, 6.209, 99.04, -1.01, 6.209, 99.08, -1.02, 0.005, 191.36, -6.55);
insert into SHOT values (8373, 8393, 8420, 2211, 9.244, 95.02, -1.87, 9.250, 95.03, -1.86, 0.007, 105.86, 14.05);
insert into SHOT values (8374, 8393, 8421, 2211, 8.737, 61.01, -2.97, 8.745, 61.03, -3.02, 0.011, 82.74, -41.87);
insert into SHOT values (8375, 8393, 8422, 2211, 8.073, 58.18, -3.72, 8.079, 58.18, -3.76, 0.008, 65.00, -49.16);
insert into SHOT values (8376, 8393, 8423, 2211, 7.940, 55.54, -3.62, 7.943, 55.59, -3.61, 0.008, 121.09, 9.91);
insert into SHOT values (8377, 8393, 8424, 2211, 6.619, 54.65, -4.36, 6.626, 54.67, -4.41, 0.010, 78.91, -43.43);
insert into SHOT values (8378, 8393, 8425, 2211, 6.349, 47.58, -4.64, 6.357, 47.62, -4.69, 0.011, 82.47, -36.67);
insert into SHOT values (8379, 8393, 8426, 2211, 6.257, 41.09, -5.08, 6.262, 41.10, -5.13, 0.008, 55.89, -51.64);
insert into SHOT values (8380, 8393, 8427, 2211, 6.685, 39.85, -5.80, 6.694, 39.88, -5.83, 0.010, 65.14, -25.47);
insert into SHOT values (8381, 8393, 8428, 2211, 8.390, 68.01, -3.63, 8.397, 68.00, -3.62, 0.008, 53.47, 9.00);
insert into SHOT values (8382, 8428, 8429, 2211, 3.068, 186.74, -5.39, 3.075, 186.75, -5.41, 0.007, 193.52, -14.78);
insert into SHOT values (8383, 8428, 8430, 2211, 3.061, 194.98, -4.98, 3.066, 194.99, -5.05, 0.006, 204.00, -43.19);
insert into SHOT values (8384, 8428, 8431, 2211, 3.028, 205.38, -5.31, 3.032, 205.29, -5.30, 0.006, 159.58, 2.02);
insert into SHOT values (8385, 8428, 8432, 2211, 3.333, 216.34, -4.41, 3.336, 216.32, -4.47, 0.005, 195.54, -48.98);
insert into SHOT values (8386, 8428, 8433, 2211, 3.879, 227.00, -3.34, 3.884, 226.88, -3.40, 0.010, 167.21, -23.59);
insert into SHOT values (8387, 8428, 8434, 2211, 4.371, 232.15, -2.58, 4.373, 232.16, -2.62, 0.004, 254.50, -55.55);
insert into SHOT values (8388, 8428, 8435, 2211, 5.335, 230.11, -0.43, 5.346, 230.08, -0.43, 0.011, 218.39, 0.20);
insert into SHOT values (8389, 8428, 8436, 2211, 5.283, 229.96, -0.77, 5.289, 229.99, -0.87, 0.011, 255.31, -56.26);
insert into SHOT values (8390, 8428, 8437, 2211, 5.729, 232.82, -0.04, 5.738, 232.79, -0.10, 0.011, 215.80, -32.23);
insert into SHOT values (8391, 8428, 8438, 2211, 4.494, 202.13, 2.05, 4.493, 202.11, 2.04, 0.002, 79.68, -23.26);
insert into SHOT values (8392, 8428, 8439, 2211, 4.063, 193.15, 0.00, 4.068, 193.22, 0.00, 0.007, 238.65, 0.00);
insert into SHOT values (8393, 8428, 8440, 2211, 3.786, 178.92, -0.56, 3.791, 178.94, -0.60, 0.006, 196.74, -30.59);
insert into SHOT values (8394, 8428, 8441, 2211, 3.766, 166.06, 0.55, 3.769, 166.18, 0.46, 0.011, 235.05, -34.60);
insert into SHOT values (8395, 8428, 8442, 2211, 3.935, 154.06, 1.18, 3.937, 154.09, 1.16, 0.003, 204.45, -22.83);
insert into SHOT values (8396, 8428, 8443, 2211, 4.923, 145.39, 1.29, 4.927, 145.50, 1.28, 0.011, 211.10, -4.38);
insert into SHOT values (8397, 8428, 8444, 2211, 6.919, 137.69, 2.06, 6.921, 137.75, 1.99, 0.012, 214.30, -46.88);
insert into SHOT values (8398, 8428, 8445, 2211, 4.016, 146.62, -2.67, 4.012, 146.71, -2.71, 0.008, 268.57, -21.93);
insert into SHOT values (8399, 8428, 8446, 2211, 4.347, 140.83, -2.06, 4.346, 140.89, -2.11, 0.006, 241.86, -39.63);
insert into SHOT values (8400, 8428, 8447, 2211, 5.202, 133.63, -0.48, 5.199, 133.68, -0.55, 0.008, 260.70, -50.47);
insert into SHOT values (8401, 8428, 8448, 2211, 6.189, 128.16, 0.93, 6.189, 128.24, 0.93, 0.009, 220.88, -2.92);
insert into SHOT values (8402, 8428, 8449, 2211, 7.320, 125.95, -0.89, 7.318, 125.99, -0.94, 0.009, 237.70, -45.90);
insert into SHOT values (8403, 8428, 8450, 2211, 6.494, 127.70, -1.07, 6.496, 127.68, -1.15, 0.009, 80.69, -73.32);
insert into SHOT values (8404, 8428, 8451, 2211, 0.883, 16.34, 11.17, 0.881, 16.13, 11.13, 0.004, 250.74, -15.10);
insert into SHOT values (8405, 8428, 8452, 2211, 1.201, 68.59, 10.80, 1.201, 68.65, 10.55, 0.005, 111.76, -70.11);
insert into SHOT values (8406, 8428, 8453, 2211, 1.965, 83.27, 5.78, 1.962, 83.53, 5.56, 0.012, 189.49, -40.35);
insert into SHOT values (8407, 8428, 8454, 2211, 3.289, 88.18, 0.28, 3.282, 88.25, 0.17, 0.011, 238.08, -35.23);
insert into SHOT values (8408, 8428, 8455, 2211, 6.197, 90.15, 0.05, 6.190, 90.19, 0.00, 0.010, 240.51, -34.01);
insert into SHOT values (8409, 8428, 8456, 2211, 7.898, 90.36, -0.78, 7.891, 90.36, -0.80, 0.008, 265.20, -19.18);
insert into SHOT values (8410, 8428, 8457, 2211, 7.013, 95.11, -1.14, 7.010, 95.16, -1.14, 0.007, 213.51, -3.97);
insert into SHOT values (8411, 8428, 8458, 2211, 6.623, 99.38, -0.35, 6.619, 99.39, -0.35, 0.004, 259.94, 5.91);
insert into SHOT values (8412, 8428, 8459, 2211, 7.574, 103.69, -1.44, 7.570, 103.76, -1.44, 0.011, 218.49, 1.82);
insert into SHOT values (8413, 8428, 8460, 2211, 8.285, 105.49, -1.85, 8.287, 105.55, -1.87, 0.009, 179.76, -16.26);
insert into SHOT values (8414, 8428, 8461, 2211, 9.629, 108.64, -1.04, 9.628, 108.66, -1.07, 0.007, 218.60, -52.57);
insert into SHOT values (8415, 8461, 8462, 2211, 9.641, 286.83, 0.98, 9.644, 286.82, 1.01, 0.006, 257.27, 57.15);
insert into SHOT values (8416, 8461, 8463, 2211, 3.219, 244.66, -1.03, 3.221, 244.63, -1.07, 0.003, 206.64, -37.96);
insert into SHOT values (8417, 8461, 8464, 2211, 3.901, 244.20, 0.10, 3.900, 244.16, 0.15, 0.004, 134.70, 47.32);
insert into SHOT values (8418, 8461, 8465, 2211, 5.293, 243.92, 0.45, 5.291, 243.87, 0.43, 0.005, 127.87, -17.80);
insert into SHOT values (8419, 8461, 8466, 2211, 6.194, 235.32, -2.24, 6.193, 235.33, -2.22, 0.003, 347.44, 48.87);
insert into SHOT values (8420, 8461, 8467, 2211, 5.349, 231.76, -2.46, 5.352, 231.76, -2.46, 0.003, 231.90, -6.77);
insert into SHOT values (8421, 8461, 8468, 2211, 5.794, 235.56, -0.76, 5.798, 235.54, -0.79, 0.005, 211.55, -38.26);
insert into SHOT values (8422, 8461, 8469, 2211, 5.191, 225.64, -1.84, 5.193, 225.62, -1.88, 0.004, 195.12, -53.13);
insert into SHOT values (8423, 8461, 8470, 2211, 5.309, 228.46, -1.72, 5.308, 228.44, -1.73, 0.002, 114.60, -17.60);
insert into SHOT values (8424, 8461, 8471, 2211, 3.471, 221.20, -2.34, 3.468, 221.14, -2.31, 0.005, 96.36, 21.51);
insert into SHOT values (8425, 8461, 8472, 2211, 3.959, 225.57, -1.36, 3.961, 225.61, -1.30, 0.005, 281.30, 46.21);
insert into SHOT values (8426, 8461, 8473, 2211, 4.190, 229.28, -1.18, 4.184, 229.27, -1.23, 0.007, 59.21, -33.17);
insert into SHOT values (8427, 8461, 8474, 2211, 4.185, 234.24, 0.59, 4.191, 234.22, 0.55, 0.007, 224.19, -26.98);
insert into SHOT values (8428, 8461, 8475, 2211, 4.813, 239.18, -1.07, 4.813, 239.12, -1.07, 0.005, 150.21, -1.38);
insert into SHOT values (8429, 8461, 8476, 2211, 5.280, 242.80, -0.49, 5.282, 242.85, -0.43, 0.007, 310.49, 43.58);
insert into SHOT values (8430, 8461, 8477, 2211, 2.719, 213.69, 2.36, 2.720, 213.75, 2.32, 0.004, 278.56, -31.94);
insert into SHOT values (8431, 8461, 8478, 2211, 2.782, 216.76, 2.02, 2.782, 216.66, 2.06, 0.005, 123.55, 22.86);
insert into SHOT values (8432, 8461, 8479, 2211, 3.297, 220.51, -0.71, 3.299, 220.45, -0.69, 0.004, 157.42, 12.89);
insert into SHOT values (8433, 8461, 8480, 2211, 2.151, 139.58, -4.96, 2.150, 139.54, -4.80, 0.006, 19.51, 75.93);
insert into SHOT values (8434, 8461, 8481, 2211, 1.337, 156.90, -7.35, 1.337, 156.91, -7.30, 0.001, 221.16, 67.95);
insert into SHOT values (8435, 8461, 8482, 2211, 1.224, 183.07, -8.55, 1.225, 182.84, -8.45, 0.005, 105.61, 21.66);
insert into SHOT values (8436, 8461, 8483, 2211, 1.563, 206.07, -6.54, 1.567, 205.91, -6.60, 0.006, 155.14, -19.26);
insert into SHOT values (8437, 8461, 8484, 2211, 2.001, 214.58, -5.02, 1.999, 214.57, -4.88, 0.005, 46.73, 70.98);
insert into SHOT values (8438, 8461, 8485, 2211, 0.880, 204.44, -15.90, 0.879, 204.44, -15.84, 0.001, 15.51, 64.14);
insert into SHOT values (8439, 8461, 8486, 2211, 1.179, 217.79, -10.40, 1.181, 217.66, -10.24, 0.005, 171.07, 38.10);
insert into SHOT values (8440, 8461, 8487, 2211, 1.457, 226.00, -7.61, 1.455, 226.12, -7.50, 0.005, 339.93, 40.61);
insert into SHOT values (8441, 8461, 8488, 2211, 2.560, 231.92, -5.47, 2.562, 232.01, -5.38, 0.006, 293.32, 41.98);
insert into SHOT values (8442, 8461, 8489, 2211, 2.835, 235.56, -3.82, 2.833, 235.52, -3.85, 0.003, 93.71, -21.59);
insert into SHOT values (8443, 8461, 8490, 2211, 0.868, 220.03, -16.20, 0.871, 220.16, -15.99, 0.005, 245.93, 26.89);
insert into SHOT values (8444, 8461, 8491, 2211, 0.970, 238.67, -14.57, 0.968, 238.51, -14.35, 0.005, 133.90, 56.68);
insert into SHOT values (8445, 8461, 8492, 2211, 0.856, 254.91, -17.54, 0.858, 255.11, -17.64, 0.004, 322.16, -32.53);
insert into SHOT values (8446, 8461, 8493, 2211, 0.828, 272.65, -18.30, 0.832, 272.17, -18.20, 0.008, 216.71, -0.10);
insert into SHOT values (8447, 8461, 8494, 2211, 1.365, 283.34, -10.51, 1.369, 283.31, -10.52, 0.004, 275.21, -13.83);
insert into SHOT values (8448, 8461, 8495, 2211, 1.684, 292.73, -8.09, 1.685, 292.57, -8.19, 0.006, 208.14, -32.56);
insert into SHOT values (8449, 8461, 8496, 2211, 1.230, 301.00, 2.56, 1.226, 300.96, 2.81, 0.007, 130.84, 49.41);
insert into SHOT values (8450, 8461, 8497, 2211, 1.039, 321.16, -5.19, 1.035, 320.91, -4.99, 0.007, 189.95, 33.46);
insert into SHOT values (8451, 8461, 8498, 2211, 0.862, 357.40, 3.46, 0.862, 357.34, 3.32, 0.002, 295.87, -62.57);
insert into SHOT values (8452, 8461, 8499, 2211, 0.988, 18.88, -2.15, 0.984, 18.99, -2.33, 0.005, 172.58, -34.75);
insert into SHOT values (8453, 8461, 8500, 2211, 2.138, 19.42, 3.62, 2.136, 19.45, 3.76, 0.006, 165.52, 64.07);
insert into SHOT values (8454, 8461, 8501, 2211, 1.777, 24.82, 4.58, 1.777, 24.68, 4.52, 0.005, 302.93, -24.42);
insert into SHOT values (8455, 8461, 8502, 2211, 1.434, 31.84, 9.96, 1.437, 32.01, 10.02, 0.005, 88.59, 21.82);
insert into SHOT values (8456, 8461, 8503, 2211, 1.972, 41.39, 4.92, 1.970, 41.49, 4.95, 0.004, 166.12, 11.86);
insert into SHOT values (8457, 8461, 8504, 2211, 2.699, 48.81, 2.59, 2.696, 48.91, 2.55, 0.006, 169.59, -18.76);
insert into SHOT values (8458, 8461, 8505, 2211, 3.467, 53.20, 1.17, 3.473, 53.20, 1.15, 0.006, 51.79, -7.88);
insert into SHOT values (8459, 8461, 8506, 2211, 1.631, 58.85, 2.99, 1.627, 58.85, 3.17, 0.007, 236.66, 46.44);
insert into SHOT values (8460, 8461, 8507, 2211, 1.409, 74.38, 4.36, 1.407, 74.28, 4.48, 0.005, 299.02, 39.80);
insert into SHOT values (8461, 8461, 8508, 2211, 1.372, 114.81, 21.55, 1.374, 114.96, 21.34, 0.006, 159.93, -39.10);
insert into SHOT values (8462, 8461, 8509, 2211, 3.021, 62.10, 18.19, 3.022, 62.19, 18.12, 0.006, 130.18, -33.01);
insert into SHOT values (8463, 8509, 8510, 2211, 1.803, 262.76, -19.37, 1.802, 262.92, -19.11, 0.010, 329.24, 57.31);
insert into SHOT values (8464, 8509, 8511, 2211, 1.270, 272.07, -24.66, 1.276, 271.97, -24.54, 0.007, 255.85, -0.97);
insert into SHOT values (8465, 8509, 8512, 2211, 0.903, 292.10, -30.27, 0.909, 292.34, -29.69, 0.011, 311.74, 27.56);
insert into SHOT values (8466, 8509, 8513, 2211, 0.755, 339.65, -27.79, 0.760, 339.15, -27.44, 0.009, 296.08, 13.15);
insert into SHOT values (8467, 8509, 8514, 2211, 0.974, 22.25, -24.82, 0.970, 21.92, -24.35, 0.010, 290.71, 60.35);
insert into SHOT values (8468, 8509, 8515, 2211, 1.822, 29.98, -18.07, 1.817, 29.83, -17.95, 0.008, 265.85, 43.00);
insert into SHOT values (8469, 8509, 8516, 2211, 1.421, 40.21, -20.72, 1.419, 39.81, -20.64, 0.010, 301.79, 16.26);
insert into SHOT values (8470, 8509, 8517, 2211, 0.689, 78.66, 1.50, 0.685, 78.20, 1.67, 0.007, 310.57, 15.68);
insert into SHOT values (8471, 8509, 8518, 2211, 0.990, 140.95, 10.48, 0.983, 140.88, 10.55, 0.007, 331.03, -0.61);
insert into SHOT values (8472, 8509, 8519, 2211, 1.487, 157.29, 9.05, 1.481, 157.47, 9.33, 0.010, 303.54, 36.10);
insert into SHOT values (8473, 8509, 8520, 2211, 2.150, 167.12, 4.45, 2.149, 167.33, 4.54, 0.008, 266.89, 22.00);
insert into SHOT values (8474, 8509, 8521, 2211, 2.555, 175.61, 12.29, 2.557, 175.64, 12.42, 0.006, 232.69, 76.66);
insert into SHOT values (8475, 8509, 8522, 2211, 4.116, 131.20, 12.29, 4.113, 131.27, 12.35, 0.007, 260.14, 32.26);
insert into SHOT values (8476, 8509, 8523, 2211, 3.163, 148.41, 15.14, 3.164, 148.39, 15.21, 0.004, 36.20, 76.75);
insert into SHOT values (8477, 8509, 8524, 2211, 2.577, 171.57, 17.38, 2.574, 171.57, 17.40, 0.003, 347.57, 4.65);
insert into SHOT values (8478, 8509, 8525, 2211, 2.615, 205.33, 13.02, 2.613, 205.36, 13.05, 0.003, 359.06, 16.82);
insert into SHOT values (8479, 8509, 8526, 2211, 2.804, 226.56, -5.90, 2.808, 226.60, -5.72, 0.010, 246.24, 57.13);
insert into SHOT values (8480, 8509, 8527, 2211, 3.714, 236.68, -4.46, 3.716, 236.78, -4.32, 0.011, 304.19, 50.65);
insert into SHOT values (8481, 8509, 8528, 2211, 4.033, 242.77, -0.03, 4.034, 242.86, 0.00, 0.007, 323.73, 17.34);
insert into SHOT values (8482, 8509, 8529, 2211, 6.380, 278.18, 1.66, 6.388, 278.19, 1.70, 0.010, 290.29, 32.82);
insert into SHOT values (8483, 8509, 8530, 2211, 4.964, 270.03, 2.00, 4.963, 270.00, 2.08, 0.007, 158.38, 68.61);
insert into SHOT values (8484, 8509, 8531, 2211, 4.140, 261.16, 2.52, 4.143, 261.24, 2.63, 0.010, 331.12, 50.70);
insert into SHOT values (8485, 8509, 8532, 2211, 3.320, 247.75, 2.42, 3.318, 247.85, 2.42, 0.006, 0.18, -1.74);
insert into SHOT values (8486, 8509, 8533, 2211, 2.447, 47.89, 1.99, 2.444, 47.82, 2.11, 0.007, 271.22, 50.19);
insert into SHOT values (8487, 8533, 8534, 2211, 2.452, 226.83, -1.92, 2.456, 226.82, -1.87, 0.005, 219.54, 26.56);
insert into SHOT values (8488, 8533, 8535, 2211, 3.121, 291.66, -9.22, 3.119, 291.73, -9.22, 0.004, 46.64, 0.84);
insert into SHOT values (8489, 8533, 8536, 2211, 2.155, 290.59, -13.17, 2.152, 290.68, -13.16, 0.005, 63.76, 11.75);
insert into SHOT values (8490, 8533, 8537, 2211, 1.755, 288.04, -19.44, 1.753, 288.00, -19.67, 0.007, 124.33, -53.50);
insert into SHOT values (8491, 8533, 8538, 2211, 1.247, 36.16, -31.35, 1.249, 36.22, -31.37, 0.002, 83.95, -36.36);
insert into SHOT values (8492, 8533, 8539, 2211, 0.942, 12.92, -39.07, 0.937, 12.70, -39.03, 0.006, 231.00, 39.49);
insert into SHOT values (8493, 8533, 8540, 2211, 0.991, 334.15, -42.70, 0.993, 334.13, -42.41, 0.006, 332.06, 21.62);
insert into SHOT values (8494, 8533, 8541, 2211, 1.211, 317.73, -37.62, 1.209, 317.97, -37.75, 0.005, 87.56, -8.51);
insert into SHOT values (8495, 8533, 8542, 2211, 1.799, 307.75, -24.64, 1.796, 307.78, -24.68, 0.003, 109.68, 0.56);
insert into SHOT values (8496, 8533, 8543, 2211, 2.387, 300.66, -15.03, 2.387, 300.79, -15.06, 0.006, 34.84, -10.34);
insert into SHOT values (8497, 8533, 8544, 2211, 3.154, 299.25, -12.71, 3.148, 299.24, -12.66, 0.007, 126.27, 35.39);
insert into SHOT values (8498, 8533, 8545, 2211, 3.462, 299.18, -10.79, 3.464, 299.20, -10.82, 0.003, 339.54, -41.24);
insert into SHOT values (8499, 8533, 8546, 2211, 1.936, 286.61, -40.38, 1.937, 286.59, -40.58, 0.007, 115.28, -58.02);
insert into SHOT values (8500, 8533, 8547, 2211, 1.990, 297.40, -40.00, 1.988, 297.41, -40.09, 0.004, 113.68, -12.82);
insert into SHOT values (8501, 8533, 8548, 2211, 2.139, 302.08, -36.55, 2.138, 301.93, -36.44, 0.006, 237.32, 38.74);
insert into SHOT values (8502, 8533, 8549, 2211, 1.573, 239.89, -4.45, 1.577, 239.85, -4.36, 0.005, 226.30, 23.67);
insert into SHOT values (8503, 8533, 8550, 2211, 1.419, 260.42, -9.57, 1.419, 260.54, -9.73, 0.005, 354.73, -54.46);
insert into SHOT values (8504, 8533, 8551, 2211, 1.567, 286.27, -16.31, 1.563, 286.26, -16.35, 0.004, 109.40, 0.98);
insert into SHOT values (8505, 8533, 8552, 2211, 4.029, 301.15, -8.48, 4.029, 301.14, -8.56, 0.006, 160.42, -77.31);
insert into SHOT values (8506, 8533, 8553, 2211, 2.647, 313.74, -8.84, 2.649, 313.76, -8.90, 0.004, 351.57, -62.06);
insert into SHOT values (8507, 8533, 8554, 2211, 2.819, 325.16, -8.77, 2.821, 325.23, -8.77, 0.004, 26.45, -2.89);
insert into SHOT values (8508, 8533, 8555, 2211, 2.520, 336.33, -10.12, 2.519, 336.23, -10.06, 0.005, 242.57, 31.91);
insert into SHOT values (8509, 8533, 8556, 2211, 2.461, 359.42, -11.46, 2.459, 359.52, -11.49, 0.005, 112.02, -12.13);
insert into SHOT values (8510, 8533, 8557, 2211, 2.433, 11.30, -11.62, 2.437, 11.36, -11.60, 0.004, 45.45, 0.72);
insert into SHOT values (8511, 8533, 8558, 2211, 2.399, 31.42, -11.01, 2.401, 31.46, -11.05, 0.003, 80.39, -36.41);
insert into SHOT values (8512, 8533, 8559, 2211, 2.735, 47.38, -9.28, 2.739, 47.40, -9.24, 0.005, 59.72, 13.31);
insert into SHOT values (8513, 8533, 8560, 2211, 3.201, 58.33, -8.10, 3.206, 58.26, -8.07, 0.007, 25.47, 8.65);
insert into SHOT values (8514, 8533, 8561, 2211, 4.394, 62.71, -7.07, 4.398, 62.73, -7.05, 0.005, 83.04, 9.62);
insert into SHOT values (8515, 8533, 8562, 2211, 0.961, 276.36, -56.26, 0.962, 276.46, -56.31, 0.001, 28.43, -40.61);
insert into SHOT values (8516, 8533, 8563, 2211, 1.039, 263.49, -28.39, 1.038, 263.73, -28.16, 0.006, 333.09, 44.40);
insert into SHOT values (8517, 8533, 8564, 2211, 0.649, 254.80, -62.07, 0.645, 254.58, -62.18, 0.005, 94.95, 45.36);
insert into SHOT values (8518, 8533, 8565, 2211, 0.403, 187.81, -43.27, 0.405, 187.85, -43.73, 0.004, 349.46, -79.06);
insert into SHOT values (8519, 8533, 8566, 2211, 0.723, 138.71, -29.04, 0.721, 138.22, -29.04, 0.006, 30.24, 9.52);
insert into SHOT values (8520, 8533, 8567, 2211, 1.434, 126.76, -11.59, 1.438, 126.63, -11.64, 0.005, 81.64, -22.43);
insert into SHOT values (8521, 8533, 8568, 2211, 3.262, 121.79, -3.48, 3.261, 121.69, -3.52, 0.006, 24.91, -19.19);
insert into SHOT values (8522, 8533, 8569, 2211, 4.198, 120.82, -3.33, 4.200, 120.85, -3.28, 0.005, 163.47, 51.68);
insert into SHOT values (8523, 8533, 8570, 2211, 5.521, 119.77, -4.36, 5.521, 119.73, -4.36, 0.004, 23.87, -4.50);
insert into SHOT values (8524, 8533, 8571, 2211, 1.500, 108.90, -40.04, 1.505, 108.75, -40.12, 0.006, 60.90, -51.30);
insert into SHOT values (8525, 8533, 8572, 2211, 1.400, 90.01, -40.96, 1.404, 90.00, -40.96, 0.004, 86.78, -39.15);
insert into SHOT values (8526, 8533, 8573, 2211, 1.503, 70.99, -39.12, 1.502, 70.94, -39.22, 0.003, 273.33, -34.39);
insert into SHOT values (8527, 8533, 8574, 2211, 1.813, 112.38, -25.49, 1.809, 112.32, -25.54, 0.004, 313.06, 2.95);
insert into SHOT values (8528, 8533, 8575, 2211, 2.174, 113.56, -20.69, 2.179, 113.42, -20.70, 0.007, 63.33, -16.54);
insert into SHOT values (8529, 8533, 8576, 2211, 2.684, 114.39, -15.65, 2.681, 114.48, -15.58, 0.006, 234.07, 40.15);
insert into SHOT values (8530, 8533, 8577, 2211, 3.014, 115.10, -12.67, 3.012, 115.17, -12.66, 0.004, 227.93, 15.13);
insert into SHOT values (8531, 8533, 8578, 2211, 8.084, 91.28, -1.57, 8.085, 91.28, -1.56, 0.002, 74.30, 53.84);
insert into SHOT values (8532, 8533, 8579, 2211, 7.951, 87.80, -2.74, 7.955, 87.76, -2.74, 0.006, 38.83, 0.80);
insert into SHOT values (8533, 8533, 8580, 2211, 8.568, 83.03, -3.59, 8.570, 83.02, -3.61, 0.005, 44.34, -50.25);
insert into SHOT values (8534, 8533, 8581, 2211, 3.415, 116.38, -10.46, 3.415, 116.34, -10.46, 0.003, 34.44, -0.23);
insert into SHOT values (8535, 8533, 8582, 2211, 4.461, 76.16, -7.55, 4.458, 76.12, -7.60, 0.006, 297.25, -41.33);
insert into SHOT values (8536, 8533, 8583, 2211, 3.266, 73.92, -12.68, 3.264, 73.96, -12.74, 0.004, 212.19, -44.82);
insert into SHOT values (8537, 8533, 8584, 2211, 2.010, 72.20, -19.50, 2.006, 72.14, -19.51, 0.004, 280.59, 13.19);
insert into SHOT values (8538, 8533, 8585, 2211, 1.384, 66.23, -30.34, 1.381, 66.23, -30.44, 0.004, 244.69, -14.64);
insert into SHOT values (8539, 8533, 8586, 2211, 1.614, 50.00, -24.41, 1.621, 49.95, -24.41, 0.007, 38.34, -24.10);
insert into SHOT values (8540, 8533, 8587, 2211, 2.638, 61.91, -14.62, 2.637, 61.93, -14.72, 0.005, 223.72, -56.75);
insert into SHOT values (8541, 8533, 8588, 2211, 3.432, 66.56, -11.79, 3.431, 66.49, -11.77, 0.004, 326.57, 16.49);
insert into SHOT values (8542, 8533, 8589, 2211, 4.271, 69.22, -10.13, 4.269, 69.24, -10.12, 0.002, 206.64, 31.29);
insert into SHOT values (8543, 8533, 8590, 2211, 3.575, 296.02, -10.30, 3.573, 295.98, -10.32, 0.003, 162.76, -14.26);
insert into SHOT values (8544, 8590, 8591, 2211, 0.814, 300.76, 9.12, 0.818, 301.33, 9.14, 0.009, 4.16, 6.21);
insert into SHOT values (8545, 8590, 8592, 2211, 0.993, 259.46, 1.62, 0.997, 259.59, 1.72, 0.005, 291.03, 23.44);
insert into SHOT values (8546, 8590, 8593, 2211, 1.705, 250.06, -0.64, 1.702, 250.07, -0.67, 0.003, 61.10, -17.39);
insert into SHOT values (8547, 8590, 8594, 2211, 2.925, 247.91, -1.45, 2.926, 247.91, -1.37, 0.004, 244.18, 80.43);
insert into SHOT values (8548, 8590, 8595, 2211, 3.769, 246.46, -1.55, 3.763, 246.50, -1.52, 0.007, 39.87, 17.17);
insert into SHOT values (8549, 8590, 8596, 2211, 0.405, 152.86, 19.48, 0.402, 153.43, 18.88, 0.007, 266.88, -50.38);
insert into SHOT values (8550, 8590, 8597, 2211, 0.405, 193.27, 3.68, 0.401, 192.99, 4.29, 0.006, 39.28, 42.56);
insert into SHOT values (8551, 8590, 8598, 2211, 0.636, 218.70, -2.43, 0.633, 219.23, -2.72, 0.007, 335.34, -24.98);
insert into SHOT values (8552, 8590, 8599, 2211, 0.953, 231.49, -5.78, 0.952, 231.43, -6.03, 0.004, 78.48, -64.10);
insert into SHOT values (8553, 8590, 8600, 2211, 1.392, 232.09, -3.79, 1.393, 232.31, -3.70, 0.006, 309.49, 20.41);
insert into SHOT values (8554, 8590, 8601, 2211, 1.711, 232.44, -3.69, 1.708, 232.39, -3.69, 0.004, 75.77, 1.85);
insert into SHOT values (8555, 8590, 8602, 2211, 2.386, 234.36, -3.77, 2.386, 234.57, -3.84, 0.009, 324.98, -19.17);
insert into SHOT values (8556, 8590, 8603, 2211, 4.729, 237.72, -2.67, 4.724, 237.72, -2.67, 0.005, 51.79, 3.55);
insert into SHOT values (8557, 8461, 8604, 2211, 7.229, 130.20, 6.35, 7.233, 130.20, 6.35, 0.004, 140.64, 7.34);
insert into SHOT values (8558, 8461, 8605, 2211, 7.327, 129.89, 6.34, 7.328, 129.37, 6.35, 0.066, 40.29, 0.78);
insert into SHOT values (8559, 8605, 8606, 2211, 6.829, 308.40, -6.55, 6.826, 308.48, -6.48, 0.013, 49.43, 44.17);
insert into SHOT values (8560, 8605, 8607, 2211, 4.263, 284.16, -10.34, 4.257, 284.24, -10.28, 0.009, 56.70, 34.09);
insert into SHOT values (8561, 8605, 8608, 2211, 3.572, 286.69, -12.33, 3.571, 286.83, -12.29, 0.009, 18.40, 18.42);
insert into SHOT values (8562, 8605, 8609, 2211, 3.777, 292.69, -11.73, 3.775, 292.75, -11.61, 0.009, 28.67, 62.70);
insert into SHOT values (8563, 8605, 8610, 2211, 4.427, 297.13, -11.39, 4.425, 297.16, -11.34, 0.005, 65.09, 58.48);
insert into SHOT values (8564, 8605, 8611, 2211, 4.845, 303.89, -10.96, 4.842, 304.02, -10.95, 0.012, 47.74, 5.65);
insert into SHOT values (8565, 8605, 8612, 2211, 7.218, 281.03, -8.38, 7.210, 281.07, -8.37, 0.010, 66.35, 11.07);
insert into SHOT values (8566, 8605, 8613, 2211, 7.298, 249.29, -1.55, 7.294, 249.28, -1.49, 0.008, 88.61, 62.51);
insert into SHOT values (8567, 8605, 8614, 2211, 8.953, 242.22, -0.77, 8.952, 242.23, -0.77, 0.003, 6.08, 6.80);
insert into SHOT values (8568, 8605, 8615, 2211, 8.533, 237.36, 0.65, 8.528, 237.35, 0.67, 0.006, 65.10, 30.90);
insert into SHOT values (8569, 8605, 8616, 2211, 3.739, 162.70, 7.87, 3.737, 162.54, 8.00, 0.013, 53.88, 37.39);
insert into SHOT values (8570, 8605, 8617, 2211, 4.346, 149.95, -1.58, 4.348, 149.90, -1.45, 0.011, 85.38, 65.62);
insert into SHOT values (8571, 8605, 8618, 2211, 5.440, 86.11, -8.49, 5.442, 86.06, -8.45, 0.006, 22.64, 30.94);
insert into SHOT values (8572, 8605, 8619, 2211, 4.848, 91.93, -7.88, 4.848, 91.91, -7.82, 0.005, 17.28, 70.20);
insert into SHOT values (8573, 8605, 8620, 2211, 4.510, 103.93, -7.99, 4.513, 103.85, -7.90, 0.010, 45.22, 43.80);
insert into SHOT values (8574, 8605, 8621, 2211, 4.058, 115.16, -6.58, 4.057, 115.10, -6.51, 0.006, 16.96, 51.69);
insert into SHOT values (8575, 8605, 8622, 2211, 4.042, 126.72, -5.20, 4.040, 126.61, -5.11, 0.010, 26.47, 40.27);
insert into SHOT values (8576, 8605, 8623, 2211, 3.979, 135.20, -3.04, 3.980, 135.20, -3.02, 0.001, 169.09, 56.27);
insert into SHOT values (8577, 8605, 8624, 2211, 3.926, 143.48, -1.72, 3.926, 143.39, -1.61, 0.010, 51.58, 53.23);
insert into SHOT values (8578, 8605, 8625, 2211, 4.487, 109.51, -13.42, 4.490, 109.39, -13.39, 0.010, 39.00, 8.12);
insert into SHOT values (8579, 8605, 8626, 2211, 4.246, 103.26, -14.14, 4.246, 103.19, -14.04, 0.009, 29.16, 55.94);
insert into SHOT values (8580, 8605, 8627, 2211, 4.068, 93.93, -14.74, 4.072, 93.93, -14.65, 0.007, 95.27, 44.39);
insert into SHOT values (8581, 8605, 8628, 2211, 4.181, 86.88, -14.39, 4.185, 86.89, -14.25, 0.011, 94.92, 55.61);
insert into SHOT values (8582, 8605, 8629, 2211, 4.402, 81.75, -13.57, 4.407, 81.68, -13.52, 0.008, 41.50, 20.04);
insert into SHOT values (8583, 8605, 8630, 2211, 4.721, 74.21, -12.50, 4.727, 74.16, -12.46, 0.008, 40.53, 13.61);
insert into SHOT values (8584, 8605, 8631, 2211, 5.178, 70.23, -11.41, 5.181, 70.21, -11.35, 0.006, 49.35, 42.94);
insert into SHOT values (8585, 8605, 8632, 2211, 5.647, 72.67, -10.52, 5.649, 72.61, -10.51, 0.006, 0.01, 9.62);
insert into SHOT values (8586, 8605, 8633, 2211, 6.000, 76.33, -9.82, 6.005, 76.32, -9.78, 0.007, 64.01, 28.85);
insert into SHOT values (8587, 8605, 8634, 2211, 6.395, 79.06, -9.05, 6.403, 79.06, -8.98, 0.011, 82.20, 31.88);
insert into SHOT values (8588, 8605, 8635, 2211, 6.655, 79.75, -8.61, 6.659, 79.77, -8.55, 0.008, 101.71, 50.75);
insert into SHOT values (8589, 8605, 8636, 2211, 6.966, 83.21, -8.32, 6.971, 83.17, -8.25, 0.011, 49.31, 46.84);
insert into SHOT values (8590, 8605, 8637, 2211, 7.036, 84.89, -8.29, 7.040, 84.89, -8.25, 0.007, 93.57, 40.61);
insert into SHOT values (8591, 8605, 8638, 2211, 4.486, 330.23, -9.23, 4.486, 330.37, -9.11, 0.014, 53.02, 41.39);
insert into SHOT values (8592, 8605, 8639, 2211, 3.962, 337.40, -10.84, 3.966, 337.52, -10.75, 0.011, 36.11, 28.72);
insert into SHOT values (8593, 8605, 8640, 2211, 3.783, 348.16, -11.28, 3.782, 348.17, -11.28, 0.002, 126.80, -1.08);
insert into SHOT values (8594, 8605, 8641, 2211, 3.623, 358.18, -11.16, 3.630, 358.23, -11.12, 0.008, 22.24, 8.86);
insert into SHOT values (8595, 8605, 8642, 2211, 3.695, 7.99, -10.41, 3.695, 8.06, -10.29, 0.009, 77.62, 56.50);
insert into SHOT values (8596, 8605, 8643, 2211, 3.892, 18.51, -9.32, 3.900, 18.48, -9.30, 0.008, 5.81, 2.15);
insert into SHOT values (8597, 8605, 8644, 2211, 4.888, 304.18, -12.08, 4.887, 304.26, -12.05, 0.007, 41.21, 24.51);
insert into SHOT values (8598, 8605, 8645, 2211, 4.464, 304.14, -13.01, 4.454, 304.20, -12.97, 0.011, 94.98, 26.34);
insert into SHOT values (8599, 8605, 8646, 2211, 4.206, 308.74, -13.74, 4.201, 308.84, -13.63, 0.012, 63.94, 49.74);
insert into SHOT values (8600, 8605, 8647, 2211, 3.993, 314.52, -14.65, 3.991, 314.58, -14.66, 0.005, 73.19, -1.39);
insert into SHOT values (8601, 8605, 8648, 2211, 3.839, 320.26, -15.21, 3.833, 320.37, -15.12, 0.011, 80.14, 40.15);
insert into SHOT values (8602, 8605, 8649, 2211, 3.933, 326.01, -14.87, 3.934, 326.14, -14.72, 0.013, 32.08, 43.63);
insert into SHOT values (8603, 8605, 8650, 2211, 3.922, 332.14, -14.62, 3.925, 332.22, -14.61, 0.006, 35.85, -0.56);
insert into SHOT values (8604, 8605, 8651, 2211, 4.055, 337.81, -14.44, 4.057, 337.87, -14.42, 0.005, 38.86, 12.99);
insert into SHOT values (8605, 8605, 8652, 2211, 3.157, 320.54, -10.81, 3.161, 320.62, -10.76, 0.006, 8.30, 19.48);
insert into SHOT values (8606, 8605, 8653, 2211, 4.762, 321.01, -9.89, 4.762, 321.05, -9.79, 0.009, 24.80, 62.15);
insert into SHOT values (8607, 8605, 8654, 2211, 5.160, 317.87, -9.22, 5.156, 317.95, -9.15, 0.010, 67.94, 42.72);
insert into SHOT values (8608, 8605, 8655, 2211, 5.882, 315.13, -9.16, 5.879, 315.21, -9.10, 0.011, 56.24, 37.30);
insert into SHOT values (8609, 8605, 8656, 2211, 5.127, 324.83, -9.06, 5.123, 324.90, -8.98, 0.010, 78.43, 48.14);
insert into SHOT values (8610, 8605, 8657, 2211, 5.676, 328.47, -9.28, 5.675, 328.58, -9.23, 0.012, 60.58, 25.91);
insert into SHOT values (8611, 8605, 8658, 2211, 5.360, 19.99, -9.05, 5.365, 19.97, -9.01, 0.006, 6.11, 28.97);
insert into SHOT values (8612, 8605, 8659, 2211, 4.903, 20.84, -9.12, 4.910, 20.90, -9.02, 0.012, 54.40, 36.36);
insert into SHOT values (8613, 8605, 8660, 2211, 4.414, 22.85, -9.22, 4.420, 22.92, -9.11, 0.012, 59.19, 37.13);
insert into SHOT values (8614, 8605, 8661, 2211, 4.103, 24.50, -9.16, 4.106, 24.48, -9.11, 0.005, 4.47, 38.30);
insert into SHOT values (8615, 8605, 8662, 2211, 4.290, 27.85, -8.82, 4.295, 27.95, -8.70, 0.013, 80.08, 38.37);
insert into SHOT values (8616, 8605, 8663, 2211, 4.453, 30.26, -8.50, 4.457, 30.23, -8.39, 0.010, 7.46, 53.93);
insert into SHOT values (8617, 8605, 8664, 2211, 4.663, 33.49, -8.16, 4.665, 33.52, -8.13, 0.004, 81.98, 30.25);
insert into SHOT values (8618, 8605, 8665, 2211, 5.192, 39.02, -7.57, 5.199, 39.09, -7.52, 0.011, 82.61, 22.02);
insert into SHOT values (8619, 8605, 8666, 2211, 5.851, 42.56, -6.81, 5.851, 42.56, -6.77, 0.004, 45.63, 76.65);
insert into SHOT values (8620, 8605, 8667, 2211, 6.089, 44.53, -6.74, 6.094, 44.60, -6.69, 0.011, 95.19, 25.84);
insert into SHOT values (8621, 8605, 8668, 2211, 6.762, 238.50, 0.11, 6.756, 238.50, 0.17, 0.009, 58.88, 47.81);
insert into SHOT values (8622, 8668, 8669, 2211, 6.715, 59.59, -0.03, 6.714, 59.58, -0.09, 0.007, 306.70, -78.13);
insert into SHOT values (8623, 8668, 8670, 2211, 5.109, 29.74, -8.44, 5.112, 29.76, -8.44, 0.004, 59.03, -2.07);
insert into SHOT values (8624, 8668, 8671, 2211, 4.755, 23.66, -8.99, 4.753, 23.62, -9.08, 0.009, 248.27, -54.26);
insert into SHOT values (8625, 8668, 8672, 2211, 5.334, 10.67, -11.44, 5.337, 10.69, -11.46, 0.004, 42.74, -32.73);
insert into SHOT values (8626, 8668, 8673, 2211, 5.619, 8.94, -11.12, 5.624, 8.97, -11.18, 0.008, 44.15, -52.62);
insert into SHOT values (8627, 8668, 8674, 2211, 5.983, 167.11, -10.43, 5.988, 167.14, -10.49, 0.009, 213.78, -53.85);
insert into SHOT values (8628, 8668, 8675, 2211, 6.367, 168.79, -9.76, 6.362, 168.78, -9.77, 0.005, 359.62, -7.34);
insert into SHOT values (8629, 8668, 8676, 2211, 6.302, 3.89, -9.73, 6.306, 3.88, -9.77, 0.006, 337.63, -57.06);
insert into SHOT values (8630, 8668, 8677, 2211, 6.349, 1.62, -9.74, 6.355, 1.65, -9.78, 0.008, 33.11, -44.55);
insert into SHOT values (8631, 8668, 8678, 2211, 5.540, 358.23, -10.06, 5.538, 358.21, -10.09, 0.003, 211.62, -41.16);
insert into SHOT values (8632, 8668, 8679, 2211, 5.257, 350.12, -10.07, 5.258, 350.10, -10.08, 0.002, 294.05, -23.05);
insert into SHOT values (8633, 8668, 8680, 2211, 5.055, 346.44, -9.54, 5.059, 346.44, -9.56, 0.005, 345.00, -28.62);
insert into SHOT values (8634, 8668, 8681, 2211, 3.956, 341.54, -9.24, 3.954, 341.47, -9.31, 0.007, 223.37, -43.07);
insert into SHOT values (8635, 8668, 8682, 2211, 1.987, 343.01, -9.21, 1.990, 343.13, -9.25, 0.006, 36.88, -20.45);
insert into SHOT values (8636, 8668, 8683, 2211, 1.712, 332.03, -9.01, 1.708, 332.07, -9.10, 0.005, 137.42, -22.56);
insert into SHOT values (8637, 8668, 8684, 2211, 1.425, 313.64, -6.93, 1.425, 313.85, -6.85, 0.006, 44.75, 19.96);
insert into SHOT values (8638, 8668, 8685, 2211, 1.240, 285.90, -7.93, 1.240, 286.07, -7.88, 0.004, 18.06, 15.96);
insert into SHOT values (8639, 8668, 8686, 2211, 1.245, 273.43, -9.10, 1.248, 273.26, -9.22, 0.005, 219.22, -34.28);
insert into SHOT values (8640, 8668, 8687, 2211, 2.034, 269.36, -8.11, 2.031, 269.43, -8.21, 0.005, 54.20, -35.06);
insert into SHOT values (8641, 8668, 8688, 2211, 2.137, 263.25, -5.59, 2.135, 263.24, -5.64, 0.003, 88.88, -41.33);
insert into SHOT values (8642, 8668, 8689, 2211, 2.242, 253.39, -3.02, 2.246, 253.42, -3.06, 0.005, 270.72, -22.44);
insert into SHOT values (8643, 8668, 8690, 2211, 2.702, 244.36, -3.95, 2.704, 244.29, -4.03, 0.005, 178.09, -47.74);
insert into SHOT values (8644, 8668, 8691, 2211, 2.799, 237.90, -4.00, 2.801, 238.02, -4.09, 0.008, 309.02, -38.02);
insert into SHOT values (8645, 8668, 8692, 2211, 2.050, 234.77, -4.28, 2.051, 234.76, -4.47, 0.007, 194.18, -84.21);
insert into SHOT values (8646, 8668, 8693, 2211, 2.134, 227.00, -3.22, 2.133, 227.09, -3.22, 0.004, 330.16, -2.11);
insert into SHOT values (8647, 8668, 8694, 2211, 3.286, 221.74, -0.23, 3.286, 221.79, -0.35, 0.007, 309.03, -65.36);
insert into SHOT values (8648, 8668, 8695, 2211, 2.710, 215.59, 0.40, 2.709, 215.69, 0.42, 0.005, 322.13, 12.76);
insert into SHOT values (8649, 8668, 8696, 2211, 1.841, 209.95, 1.34, 1.837, 210.05, 1.25, 0.006, 345.96, -31.97);
insert into SHOT values (8650, 8668, 8697, 2211, 1.849, 196.65, 7.08, 1.852, 196.76, 7.13, 0.005, 244.90, 23.85);
insert into SHOT values (8651, 8668, 8698, 2211, 2.070, 178.47, 15.29, 2.072, 178.57, 15.11, 0.008, 220.21, -48.36);
insert into SHOT values (8652, 8668, 8699, 2211, 2.646, 159.18, 24.09, 2.648, 159.17, 24.07, 0.003, 148.13, -0.46);
insert into SHOT values (8653, 8668, 8700, 2211, 1.818, 137.94, 25.71, 1.823, 137.96, 25.68, 0.005, 145.82, 15.69);
insert into SHOT values (8654, 8668, 8701, 2211, 1.364, 102.94, 19.31, 1.360, 103.06, 19.33, 0.005, 248.82, -12.02);
insert into SHOT values (8655, 8668, 8702, 2211, 2.024, 88.00, 13.05, 2.022, 87.96, 12.86, 0.007, 335.20, -79.91);
insert into SHOT values (8656, 8668, 8703, 2211, 2.373, 77.69, 6.17, 2.367, 77.74, 6.06, 0.008, 238.53, -40.74);
insert into SHOT values (8657, 8668, 8704, 2211, 5.263, 5.51, 2.96, 5.261, 5.46, 2.94, 0.005, 249.37, -20.12);
insert into SHOT values (8658, 8668, 8705, 2211, 5.056, 3.36, 2.96, 5.056, 3.41, 2.95, 0.004, 97.89, -14.35);
insert into SHOT values (8659, 8668, 8706, 2211, 4.758, 1.28, 2.96, 4.757, 1.33, 2.89, 0.007, 96.71, -54.84);
insert into SHOT values (8660, 8668, 8707, 2211, 4.868, 357.82, 2.96, 4.870, 357.76, 2.94, 0.006, 292.22, -14.47);
insert into SHOT values (8661, 8668, 8708, 2211, 4.777, 356.05, 2.96, 4.777, 356.03, 2.88, 0.007, 299.95, -77.90);
insert into SHOT values (8662, 8668, 8709, 2211, 5.044, 352.86, 2.97, 5.046, 352.82, 2.95, 0.004, 296.22, -17.77);
insert into SURVEY values (2213, 1939, 'wolfsHoleTube2', 'wolfsHoleTube2.wolfsHole.Cong', NULL);
 insert into CENTRELINE values (2214, 2213, NULL, NULL, NULL, 0.00, 0.00, 0.00);
 insert into SCRAPS values (2215, 2213, 'wolfsHoleTube2SP1', 1, 100.00000, 0.18638);
 insert into MAPS values (2322, 2213, 'wolfsHoleTube2M', NULL, 1, 87.695, -1.170);
 insert into MAPITEMS values (2322, 4, 2215);
 insert into CENTRELINE values (2323, 2213, NULL, '2013-09-16', NULL, 87.70, 0.00, 0.00);
 insert into TOPO values (1, 2323);
 insert into TOPO values (13, 2323);
 insert into TOPO values (6, 2323);
 insert into SHOT values (8663, 8710, 8711, 2323, 7.331, 308.75, -6.41, 7.328, 309.37, -6.35, 0.080, 40.67, 6.08);
insert into SHOT values (8664, 8710, 8712, 2323, 3.957, 133.28, -3.29, 3.954, 133.15, -3.19, 0.012, 25.53, 37.87);
insert into SHOT values (8665, 8710, 8713, 2323, 4.143, 107.74, -7.55, 4.150, 107.69, -7.48, 0.009, 80.88, 27.73);
insert into SHOT values (8666, 8710, 8714, 2323, 4.739, 98.99, -7.81, 4.740, 98.94, -7.76, 0.006, 36.52, 42.15);
insert into SHOT values (8667, 8710, 8715, 2323, 4.902, 92.47, -8.43, 4.906, 92.48, -8.32, 0.010, 101.96, 57.12);
insert into SHOT values (8668, 8710, 8716, 2323, 5.224, 85.51, -9.09, 5.231, 85.45, -9.02, 0.011, 50.99, 29.02);
insert into SHOT values (8669, 8710, 8717, 2323, 4.331, 325.56, -6.87, 4.332, 325.61, -6.76, 0.009, 25.97, 61.99);
insert into SHOT values (8670, 8710, 8718, 2323, 3.883, 333.82, -8.96, 3.888, 333.90, -8.88, 0.010, 16.47, 29.96);
insert into SHOT values (8671, 8710, 8719, 2323, 3.672, 345.48, -10.18, 3.670, 345.58, -10.04, 0.011, 78.51, 54.71);
insert into SHOT values (8672, 8710, 8720, 2323, 3.605, 2.21, -11.46, 3.603, 2.27, -11.36, 0.007, 97.47, 58.16);
insert into SHOT values (8673, 8710, 8721, 2323, 3.881, 18.52, -9.54, 3.883, 18.58, -9.49, 0.006, 79.12, 35.69);
insert into SHOT values (8674, 8710, 8722, 2323, 4.081, 24.15, -9.08, 4.083, 24.15, -9.02, 0.005, 26.20, 52.32);
insert into SHOT values (8675, 8710, 8723, 2323, 4.429, 30.21, -8.60, 4.437, 30.25, -8.56, 0.009, 50.32, 14.93);
insert into SHOT values (8676, 8710, 8724, 2323, 4.920, 36.17, -7.53, 4.922, 36.17, -7.47, 0.006, 31.03, 59.37);
insert into SHOT values (8677, 8710, 8725, 2323, 5.414, 40.34, -7.60, 5.417, 40.39, -7.53, 0.009, 94.41, 43.71);
insert into SHOT values (8678, 8710, 8726, 2323, 6.048, 44.38, -7.54, 6.055, 44.39, -7.50, 0.009, 54.97, 24.00);
insert into SHOT values (8679, 8710, 8727, 2323, 9.432, 66.71, -4.21, 9.432, 66.71, -4.20, 0.002, 4.28, 77.12);
insert into SHOT values (8680, 8727, 8728, 2323, 4.783, 226.29, -2.12, 4.777, 226.27, -2.04, 0.009, 59.25, 50.47);
insert into SHOT values (8681, 8727, 8729, 2323, 4.122, 218.28, -2.73, 4.120, 218.29, -2.64, 0.007, 16.01, 70.64);
insert into SHOT values (8682, 8727, 8730, 2323, 3.972, 209.21, -3.68, 3.970, 209.15, -3.61, 0.007, 92.50, 48.98);
insert into SHOT values (8683, 8727, 8731, 2323, 3.890, 200.98, -3.09, 3.883, 201.01, -3.10, 0.007, 5.48, -2.58);
insert into SHOT values (8684, 8727, 8732, 2323, 4.948, 192.24, -1.80, 4.943, 192.15, -1.74, 0.010, 69.26, 31.23);
insert into SHOT values (8685, 8727, 8733, 2323, 5.936, 190.12, 0.44, 5.932, 190.10, 0.48, 0.006, 38.89, 44.45);
insert into SHOT values (8686, 8727, 8734, 2323, 6.879, 190.08, 1.33, 6.877, 190.05, 1.33, 0.004, 73.54, 5.25);
insert into SHOT values (8687, 8727, 8735, 2323, 4.051, 208.44, -5.78, 4.043, 208.35, -5.82, 0.010, 66.53, -11.27);
insert into SHOT values (8688, 8727, 8736, 2323, 3.370, 213.64, -6.36, 3.368, 213.55, -6.31, 0.006, 106.48, 30.83);
insert into SHOT values (8689, 8727, 8737, 2323, 3.281, 220.19, -6.19, 3.276, 220.14, -6.13, 0.006, 69.52, 35.85);
insert into SHOT values (8690, 8727, 8738, 2323, 3.594, 225.89, -5.78, 3.589, 225.79, -5.76, 0.008, 98.44, 14.75);
insert into SHOT values (8691, 8727, 8739, 2323, 3.721, 230.91, -5.80, 3.715, 230.93, -5.72, 0.008, 36.85, 48.24);
insert into SHOT values (8692, 8727, 8740, 2323, 3.759, 236.69, -5.80, 3.753, 236.69, -5.81, 0.007, 54.06, -1.13);
insert into SHOT values (8693, 8727, 8741, 2323, 3.905, 242.13, -5.51, 3.896, 242.18, -5.45, 0.011, 40.41, 27.93);
insert into SHOT values (8694, 8727, 8742, 2323, 4.431, 61.53, 7.84, 4.436, 61.45, 7.90, 0.009, 10.14, 36.63);
insert into SHOT values (8695, 8727, 8743, 2323, 3.300, 47.74, 13.76, 3.310, 47.77, 13.81, 0.010, 60.70, 29.52);
insert into SHOT values (8696, 8727, 8744, 2323, 3.290, 42.16, 14.47, 3.290, 42.20, 14.43, 0.003, 128.70, -41.22);
insert into SHOT values (8697, 8727, 8745, 2323, 3.221, 321.82, 20.14, 3.218, 321.99, 20.18, 0.010, 72.58, 5.61);
insert into SHOT values (8698, 8727, 8746, 2323, 3.267, 310.32, 20.59, 3.267, 310.36, 20.61, 0.002, 57.56, 26.11);
insert into SHOT values (8699, 8727, 8747, 2323, 3.262, 309.98, 20.74, 3.258, 310.07, 20.86, 0.009, 90.12, 32.32);
insert into SHOT values (8700, 8727, 8748, 2323, 4.649, 285.94, 8.97, 4.644, 285.95, 9.04, 0.008, 100.33, 42.04);
insert into SHOT values (8701, 8727, 8749, 2323, 4.290, 288.02, 9.11, 4.282, 288.05, 9.14, 0.008, 91.81, 5.35);
insert into SHOT values (8702, 8727, 8750, 2323, 3.767, 292.27, 9.74, 3.763, 292.35, 9.79, 0.007, 62.00, 22.40);
insert into SHOT values (8703, 8727, 8751, 2323, 3.341, 296.65, 9.89, 3.342, 296.72, 9.99, 0.007, 24.57, 55.98);
insert into SHOT values (8704, 8727, 8752, 2323, 2.872, 302.31, 10.11, 2.864, 302.39, 10.26, 0.011, 96.97, 30.98);
insert into SHOT values (8705, 8727, 8753, 2323, 2.159, 312.22, 10.17, 2.157, 312.33, 10.15, 0.004, 61.88, -15.69);
insert into SHOT values (8706, 8727, 8754, 2323, 1.511, 320.63, 11.88, 1.511, 321.04, 11.84, 0.011, 48.93, -5.72);
insert into SHOT values (8707, 8727, 8755, 2323, 1.157, 343.80, 14.36, 1.160, 343.98, 14.47, 0.005, 36.77, 33.69);
insert into SHOT values (8708, 8727, 8756, 2323, 1.418, 9.74, 18.63, 1.426, 9.81, 18.82, 0.009, 25.59, 48.15);
insert into SHOT values (8709, 8727, 8757, 2323, 1.827, 27.67, 17.88, 1.828, 27.74, 17.84, 0.003, 88.48, -19.75);
insert into SHOT values (8710, 8727, 8758, 2323, 2.516, 36.43, 16.44, 2.518, 36.59, 16.38, 0.008, 102.88, -15.90);
insert into SHOT values (8711, 8727, 8759, 2323, 3.051, 40.92, 17.73, 3.058, 40.96, 17.70, 0.008, 58.39, 6.47);
insert into SHOT values (8712, 8727, 8760, 2323, 3.299, 41.66, 17.17, 3.308, 41.66, 17.23, 0.009, 43.99, 40.78);
insert into SHOT values (8713, 8727, 8761, 2323, 4.878, 71.66, 6.70, 4.881, 71.60, 6.71, 0.006, 14.72, 8.85);
insert into SHOT values (8714, 8727, 8762, 2323, 6.230, 80.60, 5.92, 6.237, 80.54, 5.89, 0.010, 39.87, -14.25);
insert into SHOT values (8715, 8727, 8763, 2323, 7.386, 84.68, 5.22, 7.393, 84.62, 5.20, 0.010, 39.00, -11.13);
insert into SHOT values (8716, 8727, 8764, 2323, 6.964, 88.13, 2.86, 6.973, 88.11, 2.88, 0.009, 71.26, 15.93);
insert into SHOT values (8717, 8727, 8765, 2323, 6.389, 92.65, 1.63, 6.389, 92.60, 1.61, 0.005, 4.56, -18.74);
insert into SHOT values (8718, 8727, 8766, 2323, 6.957, 96.51, 2.29, 6.960, 96.44, 2.31, 0.009, 22.91, 13.16);
insert into SHOT values (8719, 8727, 8767, 2323, 7.834, 100.58, 2.27, 7.838, 100.52, 2.27, 0.009, 36.35, -1.92);
insert into SHOT values (8720, 8727, 8768, 2323, 6.921, 96.51, 2.21, 6.929, 96.47, 2.23, 0.010, 65.86, 18.03);
insert into SHOT values (8721, 8727, 8769, 2323, 5.917, 90.96, 1.66, 5.923, 90.97, 1.64, 0.007, 99.61, -12.39);
insert into SHOT values (8722, 8727, 8770, 2323, 8.231, 101.32, 2.07, 8.235, 101.28, 2.09, 0.007, 44.82, 23.59);
insert into SHOT values (8723, 8727, 8771, 2323, 8.714, 103.95, 2.41, 8.715, 103.96, 2.43, 0.004, 162.50, 68.24);
insert into SHOT values (8724, 8727, 8772, 2323, 8.341, 105.79, 2.86, 8.343, 105.74, 2.89, 0.008, 28.98, 26.71);
insert into SHOT values (8725, 8727, 8773, 2323, 8.813, 102.78, 2.29, 8.813, 102.73, 2.28, 0.008, 15.49, -15.00);
insert into SHOT values (8726, 8727, 8774, 2323, 7.844, 100.69, 2.13, 7.851, 100.65, 2.12, 0.008, 62.83, -10.45);
insert into SHOT values (8727, 8727, 8775, 2323, 8.853, 107.13, 2.86, 8.852, 107.10, 2.85, 0.004, 2.73, -22.86);
insert into SHOT values (8728, 8727, 8776, 2323, 8.450, 109.27, 3.13, 8.453, 109.23, 3.12, 0.007, 50.70, -11.54);
insert into SHOT values (8729, 8727, 8777, 2323, 3.752, 122.58, -2.80, 3.749, 122.46, -2.75, 0.009, 15.17, 21.95);
insert into SHOT values (8730, 8727, 8778, 2323, 3.720, 130.31, 2.53, 3.722, 130.20, 2.62, 0.009, 55.43, 38.50);
insert into SHOT values (8731, 8727, 8779, 2323, 3.489, 122.77, 3.01, 3.486, 122.69, 3.12, 0.009, 2.66, 49.48);
insert into SHOT values (8732, 8727, 8780, 2323, 3.870, 117.10, 2.55, 3.877, 117.03, 2.51, 0.009, 82.27, -14.70);
insert into SHOT values (8733, 8727, 8781, 2323, 5.051, 92.31, -0.48, 5.054, 92.27, -0.45, 0.005, 43.59, 25.97);
insert into SHOT values (8734, 8727, 8782, 2323, 4.698, 96.95, -0.77, 4.705, 96.96, -0.73, 0.008, 103.84, 23.72);
insert into SHOT values (8735, 8727, 8783, 2323, 4.734, 103.50, 0.10, 4.739, 103.42, 0.12, 0.009, 53.57, 11.66);
insert into SHOT values (8736, 8727, 8784, 2323, 5.039, 108.65, -1.18, 5.045, 108.61, -1.14, 0.008, 81.94, 29.61);
insert into SHOT values (8737, 8727, 8785, 2323, 5.572, 112.56, -1.61, 5.575, 112.47, -1.54, 0.011, 43.40, 35.32);
insert into SHOT values (8738, 8727, 8786, 2323, 5.943, 116.10, -1.83, 5.947, 116.05, -1.83, 0.006, 61.51, -1.91);
insert into SHOT values (8739, 8727, 8787, 2323, 0.712, 26.38, 84.58, 0.713, 26.57, 84.60, 0.001, 154.40, 76.81);
insert into SHOT values (8740, 8727, 8788, 2323, 1.008, 128.28, 30.86, 1.007, 127.93, 31.10, 0.007, 6.98, 25.92);
insert into SHOT values (8741, 8727, 8789, 2323, 2.522, 134.21, 5.10, 2.528, 134.03, 5.22, 0.011, 80.58, 31.46);
insert into SHOT values (8742, 8727, 8790, 2323, 1.697, 240.05, 20.88, 1.695, 240.03, 21.09, 0.007, 66.96, 51.37);
insert into SHOT values (8743, 8727, 8791, 2323, 3.272, 240.76, 6.63, 3.263, 240.83, 6.69, 0.010, 37.83, 12.91);
insert into SHOT values (8744, 8727, 8792, 2323, 3.545, 156.17, -4.58, 3.543, 156.12, -4.53, 0.004, 42.89, 43.30);
insert into SHOT values (8745, 8727, 8793, 2323, 4.861, 140.02, -4.25, 4.861, 139.94, -4.25, 0.007, 49.08, 2.01);
insert into SHOT values (8746, 8727, 8794, 2323, 4.371, 194.61, -4.19, 4.370, 194.48, -4.20, 0.010, 99.65, -3.79);
insert into SHOT values (8747, 8727, 8795, 2323, 3.758, 186.52, -5.24, 3.759, 186.44, -5.19, 0.006, 111.43, 31.71);
insert into SHOT values (8748, 8727, 8796, 2323, 3.798, 174.50, -4.92, 3.792, 174.38, -4.84, 0.011, 47.66, 30.43);
insert into SHOT values (8749, 8727, 8797, 2323, 4.207, 166.58, -4.23, 4.207, 166.49, -4.23, 0.006, 81.19, 2.85);
insert into SHOT values (8750, 8727, 8798, 2323, 4.904, 161.30, -3.53, 4.898, 161.27, -3.51, 0.007, 5.20, 17.19);
insert into SHOT values (8751, 8727, 8799, 2323, 5.248, 154.84, -3.94, 5.251, 154.80, -3.93, 0.004, 106.77, 8.23);
insert into SHOT values (8752, 8727, 8800, 2323, 5.754, 150.00, -3.77, 5.757, 149.91, -3.78, 0.010, 76.11, -10.09);
insert into SHOT values (8753, 8727, 8801, 2323, 6.127, 144.58, -3.48, 6.127, 144.52, -3.46, 0.007, 55.32, 16.18);
insert into SHOT values (8754, 8727, 8802, 2323, 6.706, 137.08, -3.61, 6.707, 137.06, -3.59, 0.003, 67.12, 41.94);
insert into SHOT values (8755, 8727, 8803, 2323, 7.061, 133.96, -3.75, 7.066, 133.91, -3.73, 0.008, 84.32, 12.60);
insert into SHOT values (8756, 8727, 8804, 2323, 7.771, 130.49, -3.53, 7.768, 130.45, -3.54, 0.006, 10.05, -13.89);
insert into SHOT values (8757, 8727, 8805, 2323, 9.316, 127.34, -2.84, 9.316, 127.31, -2.83, 0.004, 33.41, 21.11);
insert into SHOT values (8758, 8727, 8806, 2323, 10.272, 124.15, -2.59, 10.278, 124.12, -2.57, 0.009, 88.66, 28.42);
insert into SHOT values (8759, 8727, 8807, 2323, 9.999, 125.49, -2.70, 10.006, 125.47, -2.69, 0.008, 102.29, 7.53);
insert into SHOT values (8760, 8727, 8808, 2323, 8.218, 129.41, -3.29, 8.220, 129.41, -3.28, 0.002, 147.93, 43.61);
insert into SHOT values (8761, 8727, 8809, 2323, 7.266, 131.84, -3.55, 7.266, 131.76, -3.55, 0.010, 43.61, -0.52);
insert into SHOT values (8762, 8727, 8810, 2323, 6.796, 132.03, -3.57, 6.796, 132.01, -3.54, 0.004, 56.46, 58.18);
insert into SHOT values (8763, 8727, 8811, 2323, 6.600, 129.82, -3.51, 6.601, 129.83, -3.47, 0.004, 172.85, 68.72);
insert into SHOT values (8764, 8727, 8812, 2323, 6.514, 127.23, -3.59, 6.515, 127.19, -3.61, 0.005, 47.87, -23.94);
insert into SHOT values (8765, 8727, 8813, 2323, 6.716, 123.65, -3.66, 6.715, 123.62, -3.67, 0.004, 9.88, -18.75);
insert into SHOT values (8766, 8727, 8814, 2323, 6.723, 120.65, -3.61, 6.729, 120.61, -3.58, 0.008, 87.17, 23.51);
insert into SHOT values (8767, 8727, 8815, 2323, 6.789, 118.87, -3.59, 6.794, 118.83, -3.54, 0.008, 78.42, 38.29);
insert into SHOT values (8768, 8727, 8816, 2323, 4.640, 116.27, -3.52, 4.646, 116.23, -3.46, 0.009, 92.58, 34.79);
insert into SHOT values (8769, 8727, 8817, 2323, 6.541, 115.91, -3.55, 6.547, 115.86, -3.50, 0.010, 72.00, 31.77);
insert into SHOT values (8770, 8727, 8818, 2323, 7.091, 112.97, -3.13, 7.090, 112.94, -3.07, 0.008, 17.22, 66.73);
insert into SHOT values (8771, 8727, 8819, 2323, 4.846, 163.34, 1.50, 4.845, 163.32, 1.54, 0.003, 47.61, 65.88);
insert into SHOT values (8772, 8819, 8820, 2323, 4.845, 343.11, -1.74, 4.849, 343.21, -1.77, 0.010, 49.10, -17.03);
insert into SHOT values (8773, 8819, 8821, 2323, 3.174, 41.31, -2.80, 3.178, 41.42, -2.89, 0.009, 100.53, -33.68);
insert into SHOT values (8774, 8819, 8822, 2323, 3.005, 35.01, -3.41, 3.007, 34.96, -3.43, 0.003, 343.49, -21.56);
insert into SHOT values (8775, 8819, 8823, 2323, 3.024, 28.73, 0.27, 3.026, 28.85, 0.19, 0.008, 104.97, -32.26);
insert into SHOT values (8776, 8819, 8824, 2323, 3.122, 34.36, -5.39, 3.128, 34.40, -5.32, 0.008, 54.82, 24.57);
insert into SHOT values (8777, 8819, 8825, 2323, 2.683, 284.27, -6.94, 2.682, 284.35, -6.85, 0.006, 18.28, 48.00);
insert into SHOT values (8778, 8819, 8826, 2323, 2.554, 276.44, -5.03, 2.546, 276.56, -4.96, 0.010, 59.88, 22.71);
insert into SHOT values (8779, 8819, 8827, 2323, 2.569, 265.00, -2.70, 2.562, 265.07, -2.68, 0.007, 59.71, 7.84);
insert into SHOT values (8780, 8819, 8828, 2323, 2.605, 256.92, -1.61, 2.599, 256.87, -1.54, 0.007, 95.56, 26.40);
insert into SHOT values (8781, 8819, 8829, 2323, 2.768, 246.12, -0.12, 2.767, 246.12, -0.21, 0.004, 58.65, -74.28);
insert into SHOT values (8782, 8819, 8830, 2323, 3.059, 234.01, 3.30, 3.056, 234.07, 3.38, 0.006, 11.37, 39.27);
insert into SHOT values (8783, 8819, 8831, 2323, 3.584, 225.81, 5.73, 3.575, 225.80, 5.78, 0.009, 50.20, 13.52);
insert into SHOT values (8784, 8819, 8832, 2323, 4.050, 216.27, 6.93, 4.044, 216.18, 6.96, 0.009, 79.99, 8.98);
insert into SHOT values (8785, 8819, 8833, 2323, 4.698, 209.45, 7.04, 4.697, 209.42, 7.09, 0.005, 85.82, 61.13);
insert into SHOT values (8786, 8819, 8834, 2323, 4.673, 204.87, 7.44, 4.665, 204.79, 7.39, 0.011, 65.07, -28.20);
insert into SHOT values (8787, 8819, 8835, 2323, 3.978, 201.59, 7.89, 3.975, 201.61, 7.95, 0.006, 357.04, 44.98);
insert into SHOT values (8788, 8819, 8836, 2323, 3.672, 189.67, 8.55, 3.673, 189.67, 8.61, 0.004, 201.91, 84.18);
insert into SHOT values (8789, 8819, 8837, 2323, 3.402, 179.00, 8.88, 3.401, 178.98, 8.80, 0.005, 60.35, -74.44);
insert into SHOT values (8790, 8819, 8838, 2323, 3.456, 172.09, 8.89, 3.453, 172.08, 8.83, 0.005, 0.43, -64.10);
insert into SHOT values (8791, 8819, 8839, 2323, 3.295, 159.22, 7.48, 3.291, 159.18, 7.51, 0.005, 11.05, 13.23);
insert into SHOT values (8792, 8819, 8840, 2323, 3.896, 150.53, 6.72, 3.901, 150.46, 6.77, 0.008, 102.78, 32.12);
insert into SHOT values (8793, 8819, 8841, 2323, 4.759, 139.45, 5.45, 4.759, 139.45, 5.43, 0.002, 178.83, -79.84);
insert into SHOT values (8794, 8819, 8842, 2323, 4.574, 51.20, -3.28, 4.574, 51.22, -3.26, 0.003, 140.52, 41.46);
insert into SHOT values (8795, 8819, 8843, 2323, 4.509, 59.70, -3.84, 4.514, 59.73, -3.81, 0.006, 89.15, 18.90);
insert into SHOT values (8796, 8819, 8844, 2323, 4.600, 67.14, -3.23, 4.610, 67.11, -3.23, 0.010, 54.75, -4.72);
insert into SHOT values (8797, 8819, 8845, 2323, 5.090, 70.34, -3.76, 5.097, 70.35, -3.71, 0.008, 81.28, 27.87);
insert into SHOT values (8798, 8819, 8846, 2323, 6.218, 74.06, -3.48, 6.222, 74.02, -3.50, 0.006, 22.00, -24.05);
insert into SHOT values (8799, 8819, 8847, 2323, 6.628, 74.79, -4.79, 6.636, 74.74, -4.75, 0.010, 43.17, 19.87);
insert into SHOT values (8800, 8819, 8848, 2323, 8.064, 77.62, -3.93, 8.067, 77.59, -3.91, 0.006, 22.69, 26.50);
insert into SHOT values (8801, 8819, 8849, 2323, 9.011, 79.60, -3.50, 9.016, 79.56, -3.50, 0.007, 30.50, 0.87);
insert into SHOT values (8802, 8819, 8850, 2323, 11.358, 80.63, -2.51, 11.363, 80.62, -2.52, 0.006, 62.33, -27.83);
insert into SHOT values (8803, 8819, 8851, 2323, 11.348, 81.99, -2.51, 11.352, 81.99, -2.52, 0.005, 91.43, -40.55);
insert into SHOT values (8804, 8819, 8852, 2323, 10.408, 82.72, -2.91, 10.408, 82.70, -2.92, 0.003, 343.52, -31.43);
insert into SHOT values (8805, 8819, 8853, 2323, 10.379, 83.02, -3.02, 10.381, 83.02, -3.04, 0.004, 85.36, -54.52);
insert into SHOT values (8806, 8819, 8854, 2323, 10.358, 83.43, -3.02, 10.363, 83.40, -3.04, 0.009, 34.89, -29.47);
insert into SHOT values (8807, 8819, 8855, 2323, 10.321, 83.89, -2.90, 10.322, 83.87, -2.89, 0.003, 17.25, 38.73);
insert into SHOT values (8808, 8819, 8856, 2323, 10.503, 84.51, -2.87, 10.512, 84.48, -2.89, 0.011, 53.61, -21.71);
insert into SHOT values (8809, 8819, 8857, 2323, 11.118, 85.17, -2.80, 11.123, 85.15, -2.78, 0.007, 45.30, 25.05);
insert into SHOT values (8810, 8819, 8858, 2323, 10.847, 84.83, -2.59, 10.855, 84.82, -2.59, 0.009, 68.25, 1.05);
insert into SHOT values (8811, 8819, 8859, 2323, 10.982, 86.31, -2.84, 10.986, 86.29, -2.82, 0.007, 48.28, 35.95);
insert into SHOT values (8812, 8819, 8860, 2323, 10.490, 86.38, -2.84, 10.494, 86.39, -2.84, 0.004, 115.31, -3.42);
insert into SHOT values (8813, 8819, 8861, 2323, 10.164, 85.85, -2.68, 10.168, 85.82, -2.71, 0.008, 37.04, -37.31);
insert into SHOT values (8814, 8819, 8862, 2323, 9.874, 84.67, -3.12, 9.878, 84.65, -3.13, 0.006, 40.34, -26.94);
insert into SHOT values (8815, 8819, 8863, 2323, 9.215, 84.01, -3.29, 9.215, 84.01, -3.30, 0.001, 123.71, -65.17);
insert into SHOT values (8816, 8819, 8864, 2323, 8.751, 84.27, -3.53, 8.750, 84.28, -3.54, 0.003, 197.72, -26.38);
insert into SHOT values (8817, 8819, 8865, 2323, 8.300, 85.77, -3.64, 8.299, 85.78, -3.66, 0.003, 209.33, -65.71);
insert into SHOT values (8818, 8819, 8866, 2323, 8.243, 85.95, -3.76, 8.248, 85.96, -3.75, 0.005, 102.24, 5.83);
insert into SHOT values (8819, 8819, 8867, 2323, 8.475, 89.09, -3.73, 8.479, 89.05, -3.72, 0.007, 36.41, 11.18);
insert into SHOT values (8820, 8819, 8868, 2323, 8.821, 92.02, -3.48, 8.822, 92.02, -3.51, 0.005, 81.32, -80.83);
insert into SHOT values (8821, 8819, 8869, 2323, 9.128, 94.15, -3.35, 9.129, 94.15, -3.33, 0.004, 118.64, 63.71);
insert into SHOT values (8822, 8819, 8870, 2323, 9.536, 96.13, -3.18, 9.538, 96.09, -3.19, 0.007, 25.57, -8.01);
insert into SHOT values (8823, 8819, 8871, 2323, 9.798, 97.55, -3.17, 9.799, 97.52, -3.16, 0.006, 19.01, 18.49);
insert into SHOT values (8824, 8727, 8872, 2323, 3.294, 139.96, 1.67, 3.295, 139.93, 1.74, 0.004, 66.74, 64.84);
insert into SHOT values (8825, 8872, 8873, 2323, 6.507, 121.82, -2.92, 6.510, 121.73, -2.91, 0.010, 52.21, 8.27);
insert into SHOT values (8826, 8873, 8874, 2323, 3.507, 26.37, -3.53, 3.500, 26.34, -3.60, 0.009, 217.05, -27.81);
insert into SHOT values (8827, 8873, 8875, 2323, 3.620, 34.04, -3.31, 3.614, 34.04, -3.33, 0.006, 211.48, -10.05);
insert into SHOT values (8828, 8873, 8876, 2323, 3.973, 41.37, -3.28, 3.967, 41.42, -3.32, 0.007, 192.10, -21.22);
insert into SHOT values (8829, 8873, 8877, 2323, 4.418, 43.65, -3.01, 4.413, 43.62, -3.12, 0.010, 245.33, -54.27);
insert into SHOT values (8830, 8873, 8878, 2323, 4.473, 45.51, -2.97, 4.468, 45.45, -2.95, 0.007, 265.74, 15.01);
insert into SHOT values (8831, 8873, 8879, 2323, 4.680, 49.46, -2.67, 4.672, 49.52, -2.70, 0.009, 196.85, -12.35);
insert into SHOT values (8832, 8873, 8880, 2323, 4.854, 51.88, -2.74, 4.849, 51.88, -2.84, 0.010, 234.11, -56.37);
insert into SHOT values (8833, 8873, 8881, 2323, 4.949, 54.00, -2.63, 4.938, 53.99, -2.67, 0.012, 237.82, -14.49);
insert into SHOT values (8834, 8873, 8882, 2323, 5.234, 44.99, -2.17, 5.229, 44.92, -2.19, 0.008, 276.83, -13.36);
insert into SHOT values (8835, 8873, 8883, 2323, 6.249, 47.38, -1.28, 6.243, 47.34, -1.28, 0.007, 266.20, -3.26);
insert into SHOT values (8836, 8873, 8884, 2323, 6.380, 51.03, -0.71, 6.371, 50.99, -0.72, 0.010, 256.82, -5.35);
insert into SHOT values (8837, 8873, 8885, 2323, 6.176, 53.86, -1.50, 6.171, 53.84, -1.49, 0.006, 257.85, 15.72);
insert into SHOT values (8838, 8873, 8886, 2323, 7.074, 64.76, -0.02, 7.063, 64.78, -0.08, 0.013, 232.34, -34.86);
insert into SHOT values (8839, 8873, 8887, 2323, 4.891, 55.35, -2.11, 4.891, 55.33, -2.11, 0.001, 322.12, 3.72);
insert into SHOT values (8840, 8873, 8888, 2323, 4.699, 57.70, -2.18, 4.692, 57.63, -2.20, 0.009, 275.03, -7.96);
insert into SHOT values (8841, 8873, 8889, 2323, 3.248, 154.56, 15.88, 3.255, 154.66, 15.87, 0.009, 193.02, 7.91);
insert into SHOT values (8842, 8873, 8890, 2323, 3.859, 138.47, 12.66, 3.855, 138.56, 12.59, 0.009, 257.54, -41.14);
insert into SHOT values (8843, 8873, 8891, 2323, 4.681, 128.34, 9.99, 4.676, 128.39, 9.97, 0.006, 266.37, -18.99);
insert into SHOT values (8844, 8873, 8892, 2323, 6.985, 119.32, 6.91, 6.982, 119.38, 6.91, 0.008, 233.14, -2.76);
insert into SHOT values (8845, 8873, 8893, 2323, 10.509, 113.36, 4.75, 10.508, 113.41, 4.75, 0.009, 210.77, -1.48);
insert into SHOT values (8846, 8873, 8894, 2323, 11.403, 110.87, 4.36, 11.399, 110.87, 4.33, 0.008, 273.57, -58.96);
insert into SHOT values (8847, 8873, 8895, 2323, 2.471, 179.13, 15.83, 2.473, 179.28, 15.72, 0.008, 244.14, -30.60);
insert into SHOT values (8848, 8873, 8896, 2323, 6.269, 66.37, -0.73, 6.265, 66.38, -0.73, 0.004, 225.81, -1.88);
insert into SHOT values (8849, 8896, 8897, 2323, 2.696, 357.06, 9.48, 2.690, 356.98, 9.41, 0.008, 211.93, -31.13);
insert into SHOT values (8850, 8896, 8898, 2323, 3.080, 345.67, 7.87, 3.075, 345.55, 7.85, 0.008, 218.35, -12.67);
insert into SHOT values (8851, 8896, 8899, 2323, 1.996, 322.13, -1.12, 1.995, 321.92, -1.15, 0.007, 222.67, -7.76);
insert into SHOT values (8852, 8896, 8900, 2323, 3.064, 346.13, 8.10, 3.060, 346.06, 8.08, 0.006, 208.95, -16.88);
insert into SHOT values (8853, 8896, 8901, 2323, 2.346, 0.58, 10.56, 2.340, 0.50, 10.59, 0.007, 208.09, 0.49);
insert into SHOT values (8854, 8896, 8902, 2323, 2.049, 15.16, 13.12, 2.042, 15.15, 13.02, 0.008, 196.53, -38.82);
insert into SHOT values (8855, 8896, 8903, 2323, 2.007, 29.68, 14.22, 2.004, 29.60, 14.15, 0.004, 264.96, -42.43);
insert into SHOT values (8856, 8896, 8904, 2323, 2.286, 39.84, 12.10, 2.288, 39.74, 12.11, 0.004, 332.31, 11.05);
insert into SHOT values (8857, 8896, 8905, 2323, 2.729, 41.79, 11.95, 2.728, 41.81, 11.85, 0.005, 128.32, -77.86);
insert into SHOT values (8858, 8896, 8906, 2323, 0.775, 47.97, 6.75, 0.770, 48.18, 6.71, 0.006, 197.41, -11.12);
insert into SHOT values (8859, 8896, 8907, 2323, 0.862, 67.33, 4.33, 0.858, 67.33, 4.01, 0.006, 247.27, -56.33);
insert into SHOT values (8860, 8896, 8908, 2323, 1.063, 78.81, 2.64, 1.060, 79.11, 2.70, 0.006, 195.39, 9.32);
insert into SHOT values (8861, 8896, 8909, 2323, 0.333, 16.62, 71.09, 0.327, 16.70, 71.39, 0.006, 194.22, -55.01);
insert into SHOT values (8862, 8896, 8910, 2323, 1.232, 341.63, 7.69, 1.234, 341.42, 7.45, 0.007, 284.13, -42.22);
insert into SHOT values (8863, 8896, 8911, 2323, 1.277, 326.38, -0.58, 1.276, 326.19, -0.90, 0.008, 221.67, -57.86);
insert into SHOT values (8864, 8896, 8912, 2323, 1.345, 312.00, 5.38, 1.344, 311.67, 5.12, 0.010, 219.00, -38.40);
insert into SHOT values (8865, 8896, 8913, 2323, 1.960, 83.70, 6.77, 1.955, 83.79, 6.76, 0.006, 231.54, -10.22);
insert into SHOT values (8866, 8913, 8914, 2323, 2.005, 49.12, 12.65, 2.006, 49.14, 12.67, 0.001, 114.97, 43.04);
insert into SHOT values (8867, 8913, 8915, 2323, 2.524, 65.61, 9.76, 2.530, 65.59, 9.79, 0.006, 58.87, 21.81);
insert into SHOT values (8868, 8913, 8916, 2323, 3.315, 73.54, 8.32, 3.319, 73.55, 8.31, 0.004, 83.33, 4.11);
insert into SHOT values (8869, 8913, 8917, 2323, 4.743, 78.85, 7.07, 4.744, 78.86, 7.02, 0.004, 100.13, -62.51);
insert into SHOT values (8870, 8913, 8918, 2323, 6.044, 87.40, 5.23, 6.052, 87.34, 5.21, 0.010, 47.28, -5.33);
insert into SHOT values (8871, 8913, 8919, 2323, 4.799, 92.77, 4.25, 4.798, 92.75, 4.18, 0.006, 349.27, -78.27);
insert into SHOT values (8872, 8913, 8920, 2323, 4.239, 102.14, 1.28, 4.245, 102.10, 1.21, 0.008, 80.57, -34.21);
insert into SHOT values (8873, 8913, 8921, 2323, 5.320, 109.00, -0.47, 5.319, 108.98, -0.54, 0.007, 358.84, -73.97);
insert into SHOT values (8874, 8913, 8922, 2323, 0.897, 184.44, -13.41, 0.897, 183.95, -13.54, 0.008, 90.56, -14.67);
insert into SHOT values (8875, 8913, 8923, 2323, 3.837, 83.47, 7.68, 3.858, 83.54, 7.60, 0.022, 96.57, -7.12);
insert into SHOT values (8876, 8923, 8924, 2323, 1.474, 293.68, -4.24, 1.477, 293.61, -4.27, 0.004, 264.83, -15.03);
insert into SHOT values (8877, 8923, 8925, 2323, 0.736, 313.20, -2.02, 0.743, 313.36, -1.54, 0.010, 329.70, 38.28);
insert into SHOT values (8878, 8923, 8926, 2323, 0.815, 37.36, -1.90, 0.815, 37.01, -2.11, 0.006, 300.84, -30.92);
insert into SHOT values (8879, 8923, 8927, 2323, 1.951, 55.62, -3.41, 1.953, 55.66, -3.23, 0.007, 85.39, 65.87);
insert into SHOT values (8880, 8923, 8928, 2323, 2.127, 60.88, 0.11, 2.131, 60.79, 0.27, 0.008, 21.12, 48.59);
insert into SHOT values (8881, 8923, 8929, 2323, 2.813, 68.31, 0.35, 2.810, 68.27, 0.41, 0.005, 274.66, 36.79);
insert into SHOT values (8882, 8923, 8930, 2323, 2.963, 74.95, -0.21, 2.962, 74.93, -0.19, 0.002, 292.45, 30.91);
insert into SHOT values (8883, 8923, 8931, 2323, 1.850, 96.88, 1.46, 1.854, 96.82, 1.55, 0.005, 69.15, 34.38);
insert into SHOT values (8884, 8923, 8932, 2323, 1.785, 100.64, 0.45, 1.781, 100.68, 0.64, 0.007, 263.58, 54.34);
insert into SHOT values (8885, 8923, 8933, 2323, 1.342, 106.10, -1.88, 1.343, 106.00, -1.71, 0.005, 34.46, 59.95);
insert into SHOT values (8886, 8923, 8934, 2323, 1.024, 78.27, 13.44, 1.038, 78.58, 13.37, 0.015, 99.57, 7.55);
insert into SHOT values (8887, 8934, 8935, 2323, 1.041, 258.04, -11.86, 1.043, 258.14, -11.61, 0.005, 288.94, 48.16);
insert into SHOT values (8888, 8934, 8936, 2323, 1.120, 35.47, -10.81, 1.124, 35.42, -10.77, 0.004, 22.29, 0.78);
insert into SHOT values (8889, 8934, 8937, 2323, 1.950, 36.99, -9.95, 1.956, 36.99, -9.71, 0.010, 37.08, 43.41);
insert into SHOT values (8890, 8934, 8938, 2323, 2.404, 38.64, -9.96, 2.404, 38.66, -9.82, 0.006, 71.15, 74.16);
insert into SHOT values (8891, 8934, 8939, 2323, 4.152, 39.76, -8.50, 4.156, 39.77, -8.44, 0.006, 49.34, 36.87);
insert into SHOT values (8892, 8934, 8940, 2323, 4.429, 40.84, -8.37, 4.435, 40.84, -8.30, 0.008, 43.19, 35.00);
insert into SHOT values (8893, 8934, 8941, 2323, 4.007, 41.90, -8.45, 4.009, 41.93, -8.46, 0.003, 92.80, -20.76);
insert into SHOT values (8894, 8934, 8942, 2323, 3.362, 42.60, -8.78, 3.365, 42.56, -8.72, 0.005, 14.45, 36.37);
insert into SHOT values (8895, 8934, 8943, 2323, 2.432, 43.88, -9.94, 2.434, 43.82, -9.94, 0.003, 353.27, -3.38);
insert into SHOT values (8896, 8934, 8944, 2323, 1.629, 45.24, -11.51, 1.630, 45.00, -11.32, 0.009, 330.44, 36.23);
insert into SHOT values (8897, 8934, 8945, 2323, 1.250, 48.47, -11.63, 1.257, 48.29, -11.47, 0.009, 22.89, 12.56);
insert into SHOT values (8898, 8934, 8946, 2323, 2.037, 104.70, 0.31, 2.057, 104.64, 0.28, 0.020, 99.11, -2.93);
insert into SHOT values (8899, 8946, 8947, 2323, 0.981, 347.06, -4.62, 0.978, 346.96, -4.69, 0.003, 198.78, -17.38);
insert into SHOT values (8900, 8946, 8948, 2323, 0.692, 7.18, -3.56, 0.697, 7.43, -3.29, 0.007, 37.88, 26.26);
insert into SHOT values (8901, 8946, 8949, 2323, 1.470, 335.98, -6.68, 1.474, 336.24, -6.62, 0.008, 34.06, 7.32);
insert into SHOT values (8902, 8946, 8950, 2323, 1.243, 42.77, -7.02, 1.247, 42.71, -6.91, 0.005, 27.71, 21.29);
insert into SHOT values (8903, 8946, 8951, 2323, 2.512, 58.42, -6.79, 2.517, 58.41, -6.62, 0.009, 54.04, 48.28);
insert into SHOT values (8904, 8946, 8952, 2323, 3.277, 71.88, -4.25, 3.282, 71.84, -4.19, 0.006, 49.22, 27.74);
insert into SHOT values (8905, 8946, 8953, 2323, 3.999, 80.74, -3.35, 3.998, 80.77, -3.30, 0.004, 182.84, 55.72);
insert into SHOT values (8906, 8946, 8954, 2323, 3.344, 87.78, -6.73, 3.345, 87.76, -6.69, 0.003, 50.53, 43.43);
insert into SHOT values (8907, 8946, 8955, 2323, 3.196, 93.77, -8.62, 3.193, 93.81, -8.65, 0.004, 232.90, -14.33);
insert into SHOT values (8908, 8946, 8956, 2323, 2.975, 98.64, -11.42, 2.973, 98.69, -11.45, 0.004, 236.41, -14.70);
insert into SHOT values (8909, 8946, 8957, 2323, 2.613, 102.98, -15.08, 2.613, 102.82, -15.08, 0.007, 12.20, -1.54);
insert into SHOT values (8910, 8946, 8958, 2323, 1.784, 112.43, -21.47, 1.786, 112.25, -21.34, 0.007, 57.56, 24.99);
insert into SHOT values (8911, 8946, 8959, 2323, 1.929, 142.43, -30.50, 1.929, 142.58, -30.52, 0.004, 232.58, -12.41);
insert into SHOT values (8912, 8946, 8960, 2323, 0.421, 154.67, -36.48, 0.418, 153.43, -36.70, 0.008, 40.91, 2.19);
insert into SHOT values (8913, 8946, 8961, 2323, 1.911, 142.99, -30.29, 1.909, 143.13, -30.19, 0.006, 234.70, 43.43);
insert into SHOT values (8914, 8946, 8962, 2323, 1.368, 153.91, -35.24, 1.365, 153.90, -35.35, 0.004, 337.89, -10.08);
insert into SHOT values (8915, 8946, 8963, 2323, 1.852, 150.45, -33.64, 1.864, 150.30, -33.53, 0.014, 132.42, -17.36);
insert into SHOT values (8916, 8946, 8964, 2323, 0.597, 171.83, -28.95, 0.596, 171.25, -28.02, 0.011, 116.80, 54.34);
insert into SHOT values (8917, 8946, 8965, 2323, 0.423, 229.56, -0.95, 0.419, 229.84, 0.00, 0.008, 23.45, 55.93);
insert into SHOT values (8918, 8946, 8966, 2323, 0.760, 263.88, -3.85, 0.756, 263.91, -3.79, 0.004, 77.72, 14.26);
insert into SHOT values (8919, 8946, 8967, 2323, 1.146, 274.64, -6.82, 1.141, 274.55, -6.54, 0.008, 115.86, 52.76);
insert into SHOT values (8920, 8934, 8968, 2323, 5.202, 253.51, -10.23, 5.202, 253.55, -10.19, 0.005, 338.16, 48.01);
insert into SHOT values (8921, 8934, 8969, 2323, 5.204, 252.67, -10.39, 5.206, 252.73, -10.40, 0.006, 322.44, -13.51);
insert into SHOT values (8922, 8913, 8970, 2323, 3.982, 154.83, 3.09, 3.969, 154.92, 3.03, 0.015, 307.58, -18.20);
insert into SHOT values (8923, 8970, 8971, 2323, 4.991, 95.40, -7.47, 4.994, 95.33, -7.48, 0.007, 30.69, -9.93);
insert into SHOT values (8924, 8970, 8972, 2323, 3.417, 96.53, -10.16, 3.415, 96.49, -10.12, 0.004, 326.26, 43.53);
insert into SHOT values (8925, 8970, 8973, 2323, 2.514, 98.90, -13.92, 2.511, 98.73, -13.82, 0.009, 353.87, 32.55);
insert into SHOT values (8926, 8970, 8974, 2323, 1.008, 92.68, -35.00, 1.005, 92.79, -35.24, 0.005, 253.59, -20.13);
insert into SHOT values (8927, 8970, 8975, 2323, 0.682, 110.74, -60.40, 0.677, 111.16, -60.60, 0.006, 261.94, 30.47);
insert into SHOT values (8928, 8970, 8976, 2323, 6.200, 67.38, -5.23, 6.202, 67.34, -5.18, 0.007, 9.06, 44.71);
insert into SHOT values (8929, 8970, 8977, 2323, 5.905, 65.53, -5.57, 5.908, 65.48, -5.54, 0.006, 8.77, 29.72);
insert into SHOT values (8930, 8970, 8978, 2323, 5.565, 62.64, -5.96, 5.572, 62.60, -5.98, 0.008, 35.10, -16.11);
insert into SHOT values (8931, 8970, 8979, 2323, 4.377, 58.56, -6.99, 4.382, 58.54, -6.95, 0.006, 41.98, 27.52);
insert into SHOT values (8932, 8970, 8980, 2323, 3.709, 52.86, -7.14, 3.711, 52.73, -7.12, 0.009, 335.04, 6.58);
insert into SHOT values (8933, 8970, 8981, 2323, 3.394, 43.08, -6.85, 3.391, 43.07, -6.77, 0.005, 229.01, 66.84);
insert into SHOT values (8934, 8970, 8982, 2323, 6.483, 70.28, -4.80, 6.482, 70.27, -4.78, 0.003, 269.41, 61.88);
insert into SHOT values (8935, 8970, 8983, 2323, 7.075, 73.36, -5.07, 7.073, 73.34, -5.03, 0.006, 309.46, 62.09);
insert into SHOT values (8936, 8970, 8984, 2323, 7.821, 76.18, -5.15, 7.817, 76.18, -5.14, 0.004, 257.13, 27.14);
insert into SHOT values (8937, 8970, 8985, 2323, 8.080, 77.07, -4.87, 8.085, 77.02, -4.82, 0.011, 21.94, 33.55);
insert into SHOT values (8938, 8970, 8986, 2323, 6.496, 69.81, -4.71, 6.501, 69.78, -4.68, 0.007, 35.13, 27.21);
insert into SHOT values (8939, 8970, 8987, 2323, 6.145, 66.86, -4.80, 6.145, 66.83, -4.76, 0.005, 348.00, 49.91);
insert into SHOT values (8940, 8970, 8988, 2323, 7.238, 73.31, -5.23, 7.234, 73.30, -5.23, 0.004, 266.69, -3.12);
insert into SHOT values (8941, 8970, 8989, 2323, 7.076, 76.50, -5.50, 7.079, 76.46, -5.51, 0.006, 12.50, -17.51);
insert into SHOT values (8942, 8970, 8990, 2323, 6.691, 78.74, -5.60, 6.690, 78.74, -5.58, 0.003, 242.78, 71.88);
insert into SHOT values (8943, 8970, 8991, 2323, 6.332, 81.26, -6.08, 6.329, 81.23, -6.08, 0.005, 313.60, 8.46);
insert into SHOT values (8944, 8970, 8992, 2323, 6.196, 85.28, -6.38, 6.200, 85.25, -6.39, 0.005, 46.13, -18.16);
insert into SHOT values (8945, 8970, 8993, 2323, 6.131, 88.72, -6.25, 6.128, 88.68, -6.28, 0.005, 320.57, -27.97);
insert into SHOT values (8946, 8970, 8994, 2323, 6.186, 91.71, -6.11, 6.188, 91.68, -6.12, 0.004, 29.03, -22.21);
insert into SHOT values (8947, 8970, 8995, 2323, 6.166, 94.00, -6.03, 6.169, 93.93, -6.05, 0.008, 21.89, -15.53);
insert into SHOT values (8948, 8970, 8996, 2323, 3.292, 179.51, 9.09, 3.291, 179.47, 9.09, 0.002, 75.72, -2.34);
insert into SHOT values (8949, 8970, 8997, 2323, 3.907, 153.84, 7.29, 3.901, 153.77, 7.36, 0.009, 8.88, 26.48);
insert into SHOT values (8950, 8970, 8998, 2323, 4.499, 141.21, 6.55, 4.497, 141.18, 6.64, 0.008, 357.31, 60.98);
insert into SHOT values (8951, 8970, 8999, 2323, 5.404, 133.03, 5.26, 5.400, 133.04, 5.31, 0.006, 297.36, 47.21);
insert into SHOT values (8952, 8970, 9000, 2323, 6.628, 125.04, 4.37, 6.625, 125.01, 4.41, 0.007, 346.59, 48.71);
insert into SHOT values (8953, 8970, 9001, 2323, 7.835, 121.53, 3.95, 7.829, 121.49, 3.96, 0.008, 340.96, 2.05);
insert into SHOT values (8954, 8970, 9002, 2323, 8.247, 121.59, 3.91, 8.248, 121.58, 3.89, 0.003, 97.17, -61.19);
insert into SHOT values (8955, 8970, 9003, 2323, 6.357, 68.35, -4.32, 6.341, 68.18, -4.34, 0.024, 297.26, -2.69);
insert into SHOT values (8956, 9003, 9004, 2323, 2.867, 163.66, -4.40, 2.866, 163.53, -4.40, 0.006, 61.74, -0.41);
insert into SHOT values (8957, 9003, 9005, 2323, 3.124, 156.44, -3.39, 3.126, 156.39, -3.30, 0.006, 113.08, 51.87);
insert into SHOT values (8958, 9003, 9006, 2323, 3.422, 147.61, -3.42, 3.418, 147.57, -3.35, 0.006, 1.18, 43.15);
insert into SHOT values (8959, 9003, 9007, 2323, 3.744, 142.82, -2.72, 3.744, 142.82, -2.60, 0.008, 194.59, 86.73);
insert into SHOT values (8960, 9003, 9008, 2323, 4.097, 138.10, -2.62, 4.090, 138.08, -2.52, 0.010, 331.67, 46.03);
insert into SHOT values (8961, 9003, 9009, 2323, 4.336, 134.76, -2.13, 4.338, 134.72, -2.11, 0.004, 73.50, 19.03);
insert into SHOT values (8962, 9003, 9010, 2323, 6.207, 138.95, 4.30, 6.212, 138.93, 4.34, 0.007, 114.83, 39.34);
insert into SHOT values (8963, 9010, 9011, 2323, 4.169, 243.75, 6.96, 4.176, 243.81, 6.88, 0.010, 272.79, -31.23);
insert into SHOT values (8964, 9010, 9012, 2323, 3.636, 233.23, 9.53, 3.638, 233.39, 9.49, 0.010, 310.62, -11.17);
insert into SHOT values (8965, 9010, 9013, 2323, 4.361, 226.34, 9.88, 4.358, 226.42, 9.91, 0.007, 342.81, 14.89);
insert into SHOT values (8966, 9010, 9014, 2323, 3.489, 217.27, 11.27, 3.491, 217.41, 11.23, 0.009, 290.81, -12.33);
insert into SHOT values (8967, 9010, 9015, 2323, 3.066, 202.60, 11.53, 3.064, 202.72, 11.48, 0.007, 301.80, -23.27);
insert into SHOT values (8968, 9010, 9016, 2323, 1.775, 166.77, 17.78, 1.768, 166.95, 17.78, 0.009, 307.90, -13.06);
insert into SHOT values (8969, 9010, 9017, 2323, 2.258, 138.54, 14.26, 2.257, 138.52, 14.10, 0.006, 89.62, -80.79);
insert into SHOT values (8970, 9010, 9018, 2323, 1.805, 168.05, 16.68, 1.802, 168.30, 16.77, 0.008, 281.02, 13.15);
insert into SHOT values (8971, 9010, 9019, 2323, 3.013, 215.91, 12.01, 3.009, 216.01, 12.09, 0.008, 347.24, 23.07);
insert into SHOT values (8972, 9010, 9020, 2323, 2.930, 128.24, 12.10, 2.927, 128.19, 12.03, 0.005, 356.12, -52.60);
insert into SHOT values (8973, 9010, 9021, 2323, 3.488, 121.16, 9.67, 3.485, 121.19, 9.58, 0.006, 248.93, -66.32);
insert into SHOT values (8974, 9010, 9022, 2323, 4.830, 328.86, -8.42, 4.830, 328.87, -8.45, 0.003, 57.24, -68.05);
insert into SHOT values (8975, 9010, 9023, 2323, 4.680, 334.21, -8.79, 4.689, 334.15, -8.83, 0.011, 306.67, -26.86);
insert into SHOT values (8976, 9010, 9024, 2323, 4.688, 335.79, -8.90, 4.694, 335.81, -8.95, 0.008, 354.48, -38.76);
insert into SHOT values (8977, 9010, 9025, 2323, 4.318, 339.65, -9.56, 4.325, 339.70, -9.58, 0.008, 6.30, -20.13);
insert into SHOT values (8978, 9010, 9026, 2323, 3.906, 344.95, -10.61, 3.909, 344.91, -10.61, 0.004, 309.75, -11.81);
insert into SHOT values (8979, 9010, 9027, 2323, 3.520, 349.75, -11.17, 3.522, 349.67, -11.13, 0.006, 288.49, 18.39);
insert into SHOT values (8980, 9010, 9028, 2323, 3.112, 354.68, -13.05, 3.114, 354.51, -12.99, 0.009, 279.26, 16.75);
insert into SHOT values (8981, 9010, 9029, 2323, 3.045, 0.64, -13.06, 3.049, 0.58, -13.08, 0.005, 322.29, -21.03);
insert into SHOT values (8982, 9010, 9030, 2323, 3.244, 6.39, -12.57, 3.248, 6.34, -12.63, 0.006, 326.03, -44.16);
insert into SHOT values (8983, 9010, 9031, 2323, 3.857, 16.06, -10.62, 3.861, 15.90, -10.60, 0.011, 308.97, 4.24);
insert into SHOT values (8984, 9010, 9032, 2323, 3.914, 24.60, -10.72, 3.917, 24.57, -10.74, 0.004, 346.56, -29.89);
insert into SHOT values (8985, 9010, 9033, 2323, 3.895, 30.40, -10.58, 3.899, 30.25, -10.64, 0.012, 315.64, -24.59);
insert into SHOT values (8986, 9010, 9034, 2323, 3.436, 36.26, -11.79, 3.442, 36.19, -11.73, 0.008, 5.30, 14.73);
insert into SHOT values (8987, 9010, 9035, 2323, 3.449, 37.02, -11.06, 3.450, 36.84, -11.03, 0.011, 312.54, 8.64);
insert into SHOT values (8988, 9010, 9036, 2323, 4.036, 27.33, -10.39, 4.038, 27.27, -10.42, 0.005, 322.37, -27.28);
insert into SHOT values (8989, 9010, 9037, 2323, 6.248, 16.95, -0.83, 6.251, 16.93, -0.82, 0.004, 343.69, 6.95);
insert into SHOT values (8990, 9010, 9038, 2323, 5.544, 17.91, -2.50, 5.543, 17.88, -2.48, 0.004, 263.32, 30.02);
insert into SHOT values (8991, 9010, 9039, 2323, 5.044, 20.38, -4.48, 5.050, 20.34, -4.54, 0.009, 350.28, -43.99);
insert into SHOT values (8992, 9010, 9040, 2323, 4.781, 22.82, -6.20, 4.788, 22.74, -6.23, 0.010, 339.83, -20.99);
insert into SHOT values (8993, 9010, 9041, 2323, 4.492, 25.55, -8.20, 4.496, 25.41, -8.18, 0.011, 319.19, 3.45);
insert into SHOT values (8994, 9010, 9042, 2323, 4.040, 27.73, -10.51, 4.040, 27.60, -10.55, 0.010, 295.65, -18.68);
insert into SHOT values (8995, 9010, 9043, 2323, 6.224, 20.53, -0.89, 6.225, 20.50, -0.92, 0.004, 309.87, -47.72);
insert into SHOT values (8996, 9043, 9044, 2323, 1.984, 267.35, 16.42, 1.983, 267.29, 16.40, 0.002, 151.91, -20.49);
insert into SHOT values (8997, 9043, 9045, 2323, 1.480, 273.97, 18.23, 1.477, 274.09, 18.15, 0.005, 40.83, -39.82);
insert into SHOT values (8998, 9043, 9046, 2323, 1.436, 297.12, 25.63, 1.434, 297.16, 25.63, 0.003, 94.04, -25.85);
insert into SHOT values (8999, 9043, 9047, 2323, 1.613, 323.76, 23.53, 1.616, 323.52, 23.71, 0.009, 244.12, 43.66);
insert into SHOT values (9000, 9043, 9048, 2323, 1.879, 343.22, 19.07, 1.880, 343.30, 19.26, 0.007, 95.22, 65.68);
insert into SHOT values (9001, 9043, 9049, 2323, 2.494, 354.29, 11.85, 2.495, 354.36, 11.80, 0.004, 66.49, -33.99);
insert into SHOT values (9002, 9043, 9050, 2323, 1.918, 5.78, 6.20, 1.921, 5.71, 6.28, 0.005, 325.77, 39.09);
insert into SHOT values (9003, 9043, 9051, 2323, 1.824, 17.42, 0.00, 1.822, 17.24, 0.00, 0.006, 266.58, 0.00);
insert into SHOT values (9004, 9043, 9052, 2323, 1.700, 43.03, 5.30, 1.699, 42.84, 5.40, 0.006, 297.11, 27.61);
insert into SHOT values (9005, 9043, 9053, 2323, 1.223, 63.80, 14.11, 1.222, 63.43, 14.21, 0.008, 326.15, 13.72);
insert into SHOT values (9006, 9043, 9054, 2323, 1.141, 91.68, 18.81, 1.142, 91.59, 18.90, 0.003, 13.77, 51.37);
insert into SHOT values (9007, 9043, 9055, 2323, 1.241, 115.14, 21.56, 1.238, 115.23, 21.81, 0.006, 273.53, 39.18);
insert into SHOT values (9008, 9043, 9056, 2323, 0.855, 138.95, 18.98, 0.855, 139.01, 19.11, 0.002, 253.92, 61.97);
insert into SHOT values (9009, 9043, 9057, 2323, 0.995, 160.74, 6.87, 0.991, 161.01, 6.96, 0.006, 293.53, 8.70);
insert into SHOT values (9010, 9043, 9058, 2323, 2.363, 162.87, 4.81, 2.362, 162.95, 4.86, 0.004, 273.22, 27.20);
insert into SHOT values (9011, 9043, 9059, 2323, 5.774, 168.30, 0.38, 5.770, 168.30, 0.40, 0.004, 345.21, 23.05);
insert into SHOT values (9012, 9059, 9060, 2323, 2.825, 233.70, 10.96, 2.828, 233.79, 11.01, 0.006, 292.45, 29.06);
insert into SHOT values (9013, 9059, 9061, 2323, 2.474, 218.44, 13.01, 2.477, 218.44, 13.07, 0.004, 217.31, 51.70);
insert into SHOT values (9014, 9059, 9062, 2323, 2.271, 190.92, 15.64, 2.272, 190.80, 15.57, 0.005, 122.31, -24.17);
insert into SHOT values (9015, 9059, 9063, 2323, 2.690, 173.53, 16.68, 2.689, 173.54, 16.64, 0.002, 312.19, -74.45);
insert into SHOT values (9016, 9059, 9064, 2323, 3.026, 158.78, 16.25, 3.028, 158.82, 16.30, 0.004, 219.85, 52.72);
insert into SHOT values (9017, 9059, 9065, 2323, 3.380, 146.06, 13.97, 3.379, 146.07, 14.04, 0.004, 309.15, 65.92);
insert into SHOT values (9018, 9059, 9066, 2323, 3.193, 131.47, 12.37, 3.197, 131.50, 12.28, 0.007, 147.54, -36.03);
insert into SHOT values (9019, 9059, 9067, 2323, 3.728, 120.95, 9.68, 3.727, 120.96, 9.73, 0.004, 266.30, 61.28);
insert into SHOT values (9020, 9059, 9068, 2323, 5.341, 107.96, 4.37, 5.344, 107.92, 4.40, 0.005, 63.49, 34.27);
insert into SHOT values (9021, 9059, 9069, 2323, 5.149, 104.45, 3.72, 5.152, 104.41, 3.67, 0.006, 65.20, -40.31);
insert into SHOT values (9022, 9059, 9070, 2323, 6.359, 97.58, 3.25, 6.356, 97.61, 3.25, 0.004, 230.83, -6.79);
insert into SHOT values (9023, 9059, 9071, 2323, 6.689, 94.29, 1.54, 6.691, 94.29, 1.54, 0.002, 89.86, 6.26);
insert into SHOT values (9024, 9059, 9072, 2323, 7.345, 88.11, 0.20, 7.344, 88.13, 0.23, 0.005, 201.31, 58.98);
insert into SHOT values (9025, 9059, 9073, 2323, 8.813, 77.49, -2.13, 8.816, 77.48, -2.15, 0.004, 46.77, -38.61);
insert into SHOT values (9026, 9059, 9074, 2323, 9.284, 86.14, -0.29, 9.281, 86.17, -0.31, 0.007, 208.18, -26.88);
insert into SHOT values (9027, 9059, 9075, 2323, 6.813, 91.79, 0.96, 6.814, 91.77, 0.92, 0.005, 26.15, -55.11);
insert into SHOT values (9028, 9059, 9076, 2323, 8.798, 78.98, -1.83, 8.796, 78.98, -1.82, 0.002, 229.39, 28.83);
insert into SHOT values (9029, 9059, 9077, 2323, 9.049, 73.00, -2.77, 9.045, 73.01, -2.79, 0.005, 230.51, -31.28);
insert into SHOT values (9030, 9059, 9078, 2323, 9.247, 73.12, -2.62, 9.247, 73.13, -2.60, 0.004, 163.53, 46.31);
insert into SHOT values (9031, 9059, 9079, 2323, 8.861, 62.21, -3.97, 8.860, 62.22, -3.95, 0.004, 182.53, 65.52);
insert into SHOT values (9032, 9059, 9080, 2323, 8.595, 59.26, -4.12, 8.596, 59.28, -4.14, 0.004, 139.00, -41.47);
insert into SHOT values (9033, 9059, 9081, 2323, 8.831, 53.84, -4.28, 8.827, 53.87, -4.29, 0.006, 178.91, -8.42);
insert into SHOT values (9034, 9059, 9082, 2323, 9.181, 47.44, -3.98, 9.181, 47.48, -4.00, 0.007, 140.47, -23.55);
insert into SHOT values (9035, 9059, 9083, 2323, 3.139, 0.73, 4.46, 3.139, 0.73, 4.38, 0.004, 15.78, -79.12);
insert into SHOT values (9036, 9059, 9084, 2323, 3.034, 7.50, 5.45, 3.029, 7.43, 5.49, 0.006, 222.92, 16.82);
insert into SHOT values (9037, 9059, 9085, 2323, 3.468, 17.96, 1.21, 3.470, 17.96, 1.16, 0.004, 29.55, -58.93);
insert into SHOT values (9038, 9059, 9086, 2323, 5.389, 21.18, 0.39, 5.386, 21.23, 0.43, 0.007, 147.38, 29.65);
insert into SHOT values (9039, 9059, 9087, 2323, 2.703, 14.47, 3.20, 2.699, 14.40, 3.19, 0.005, 233.28, -9.41);
insert into SHOT values (9040, 9087, 9088, 2323, 2.024, 184.99, 4.73, 2.024, 184.83, 4.82, 0.006, 95.64, 29.76);
insert into SHOT values (9041, 9087, 9089, 2323, 1.491, 201.14, 3.65, 1.491, 200.87, 3.85, 0.009, 108.03, 36.22);
insert into SHOT values (9042, 9087, 9090, 2323, 1.009, 230.24, 16.18, 1.005, 230.04, 16.17, 0.005, 92.46, -13.32);
insert into SHOT values (9043, 9087, 9091, 2323, 0.944, 274.55, 22.09, 0.944, 274.60, 22.41, 0.005, 71.98, 67.69);
insert into SHOT values (9044, 9087, 9092, 2323, 1.451, 313.83, 20.11, 1.447, 313.81, 20.21, 0.005, 140.27, 13.51);
insert into SHOT values (9045, 9087, 9093, 2323, 2.566, 181.54, 6.54, 2.567, 181.35, 6.49, 0.009, 100.84, -14.73);
insert into SHOT values (9046, 9087, 9094, 2323, 1.777, 171.88, 5.49, 1.776, 171.87, 5.49, 0.001, 5.55, -0.47);
insert into SHOT values (9047, 9087, 9095, 2323, 1.038, 152.00, 13.87, 1.042, 151.66, 13.89, 0.007, 91.97, 9.66);
insert into SHOT values (9048, 9087, 9096, 2323, 0.855, 111.54, 15.54, 0.858, 111.29, 15.55, 0.005, 57.38, 11.79);
insert into SHOT values (9049, 9087, 9097, 2323, 0.681, 75.02, 24.56, 0.681, 75.07, 24.27, 0.003, 94.01, -61.33);
insert into SHOT values (9050, 9087, 9098, 2323, 1.175, 32.53, 11.33, 1.174, 32.59, 11.30, 0.002, 160.10, -30.05);
insert into SHOT values (9051, 9087, 9099, 2323, 1.461, 18.90, 11.05, 1.466, 19.06, 11.01, 0.007, 58.72, -0.21);
insert into SHOT values (9052, 9087, 9100, 2323, 4.469, 285.89, 82.78, 4.466, 286.50, 82.75, 0.007, 1.88, -29.74);
insert into SHOT values (9053, 9087, 9101, 2323, 2.730, 233.02, 79.61, 2.734, 233.37, 79.76, 0.008, 28.13, 34.22);
insert into SHOT values (9054, 9087, 9102, 2323, 2.615, 201.54, 65.25, 2.620, 201.41, 65.28, 0.006, 130.62, 64.00);
insert into SHOT values (9055, 9087, 9103, 2323, 2.321, 191.05, 46.08, 2.318, 190.75, 46.08, 0.009, 89.13, -12.15);
insert into SHOT values (9056, 9087, 9104, 2323, 2.431, 187.58, 30.10, 2.426, 187.40, 30.18, 0.009, 56.87, 5.37);
insert into SHOT values (9057, 9087, 9105, 2323, 2.118, 187.32, 17.70, 2.118, 187.13, 17.87, 0.009, 79.52, 40.29);
insert into SHOT values (9058, 9087, 9106, 2323, 4.516, 297.64, 83.50, 4.519, 298.07, 83.52, 0.005, 45.44, 36.74);
insert into SHOT values (9059, 9087, 9107, 2323, 4.472, 332.55, 76.81, 4.479, 332.68, 76.78, 0.007, 5.30, 53.07);
insert into SHOT values (9060, 9087, 9108, 2323, 3.736, 338.40, 70.24, 3.741, 338.70, 70.21, 0.009, 41.56, 27.88);
insert into SHOT values (9061, 9087, 9109, 2323, 3.704, 336.42, 61.78, 3.703, 336.50, 61.70, 0.006, 8.09, -37.65);
insert into SHOT values (9062, 9087, 9110, 2323, 4.121, 346.45, 50.90, 4.125, 346.44, 50.88, 0.004, 343.38, 28.73);
insert into SHOT values (9063, 9087, 9111, 2323, 3.959, 348.47, 43.58, 3.959, 348.53, 43.60, 0.003, 91.01, 13.48);
insert into SHOT values (9064, 9087, 9112, 2323, 2.125, 330.41, 46.24, 2.128, 330.64, 46.36, 0.008, 71.18, 40.62);
insert into SHOT values (9065, 9087, 9113, 2323, 2.590, 313.15, 67.36, 2.587, 313.36, 67.49, 0.008, 103.94, -3.15);
insert into SHOT values (9066, 9087, 9114, 2323, 1.908, 344.55, 85.31, 1.906, 345.07, 85.33, 0.002, 103.24, -45.08);
insert into SHOT values (9067, 9087, 9115, 2323, 1.877, 228.11, 64.96, 1.876, 228.07, 64.99, 0.002, 71.43, -21.76);
insert into SHOT values (9068, 9087, 9116, 2323, 1.681, 213.19, 55.26, 1.678, 213.02, 55.34, 0.005, 69.14, -16.20);
insert into SHOT values (9069, 9087, 9117, 2323, 1.750, 187.16, 45.36, 1.753, 187.01, 45.48, 0.006, 89.06, 56.13);
insert into SHOT values (9070, 9087, 9118, 2323, 1.362, 302.10, 37.92, 1.363, 302.06, 38.04, 0.003, 168.01, 72.22);
insert into SHOT values (9071, 9087, 9119, 2323, 1.983, 321.26, 41.82, 1.978, 321.34, 41.87, 0.006, 118.86, -22.19);
insert into SHOT values (9072, 9087, 9120, 2323, 3.007, 336.07, 42.90, 3.006, 336.12, 43.00, 0.006, 133.75, 32.10);
insert into SHOT values (9073, 9087, 9121, 2323, 4.091, 346.47, 45.46, 4.094, 346.50, 45.50, 0.004, 82.00, 70.97);
insert into SHOT values (9074, 9087, 9122, 2323, 3.698, 354.15, 44.02, 3.701, 354.18, 43.97, 0.005, 13.49, 2.70);
insert into SHOT values (9075, 9087, 9123, 2323, 1.351, 7.77, 48.91, 1.352, 7.77, 48.95, 0.002, 354.09, 83.15);
insert into SHOT values (9076, 9087, 9124, 2323, 3.434, 121.42, -10.03, 3.437, 121.34, -10.06, 0.005, 57.40, -20.76);
insert into SHOT values (9077, 9124, 9125, 2323, 4.531, 279.58, 6.04, 4.528, 279.59, 6.08, 0.004, 85.51, 46.79);
insert into SHOT values (9078, 9124, 9126, 2323, 4.625, 31.98, -1.19, 4.624, 32.01, -1.12, 0.007, 153.85, 67.06);
insert into SHOT values (9079, 9124, 9127, 2323, 2.321, 269.03, -9.10, 2.318, 269.00, -8.93, 0.007, 128.02, 75.36);
insert into SHOT values (9080, 9124, 9128, 2323, 2.374, 287.13, -8.63, 2.370, 287.12, -8.49, 0.007, 112.67, 62.27);
insert into SHOT values (9081, 9124, 9129, 2323, 2.245, 310.00, -6.75, 2.244, 309.90, -6.65, 0.005, 215.06, 46.49);
insert into SHOT values (9082, 9124, 9130, 2323, 2.500, 327.34, -8.03, 2.499, 327.21, -8.05, 0.006, 224.95, -7.68);
insert into SHOT values (9083, 9124, 9131, 2323, 4.135, 335.67, -4.97, 4.133, 335.61, -5.00, 0.005, 217.44, -21.58);
insert into SHOT values (9084, 9124, 9132, 2323, 5.564, 337.90, -2.64, 5.564, 337.91, -2.58, 0.006, 75.28, 78.54);
insert into SHOT values (9085, 9124, 9133, 2323, 6.607, 344.35, -2.62, 6.602, 344.34, -2.60, 0.006, 173.44, 20.49);
insert into SHOT values (9086, 9126, 9134, 2323, 4.636, 285.00, -2.25, 4.642, 285.00, -2.35, 0.010, 282.18, -55.41);
insert into SHOT values (9087, 9126, 9135, 2323, 4.878, 294.11, -3.36, 4.883, 294.09, -3.40, 0.007, 280.30, -38.14);
insert into SHOT values (9088, 9126, 9136, 2323, 4.658, 284.06, -2.03, 4.662, 284.04, -2.09, 0.007, 259.95, -48.54);
insert into SHOT values (9089, 9126, 9137, 2323, 4.877, 293.81, -3.20, 4.884, 293.83, -3.29, 0.010, 310.91, -49.61);
insert into SHOT values (9090, 9126, 9138, 2323, 5.189, 303.83, -3.08, 5.197, 303.84, -3.09, 0.008, 313.63, -8.65);
insert into SHOT values (9091, 9126, 9139, 2323, 6.089, 310.20, -2.86, 6.096, 310.20, -2.91, 0.009, 314.41, -41.86);
insert into SHOT values (9092, 9126, 9140, 2323, 6.077, 324.93, -2.69, 6.080, 324.92, -2.73, 0.006, 312.67, -60.32);
insert into SHOT values (9093, 9126, 9141, 2323, 6.025, 338.88, -2.96, 6.023, 338.85, -2.95, 0.003, 213.40, 18.96);
insert into SHOT values (9094, 9126, 9142, 2323, 5.778, 351.44, -2.67, 5.781, 351.43, -2.68, 0.003, 343.84, -17.32);
insert into SHOT values (9095, 9126, 9143, 2323, 5.219, 0.65, -2.43, 5.215, 0.66, -2.42, 0.004, 166.01, 17.35);
insert into SHOT values (9096, 9126, 9144, 2323, 6.132, 5.25, -2.68, 6.133, 5.25, -2.71, 0.003, 321.61, -81.43);
insert into SHOT values (9097, 9126, 9145, 2323, 1.377, 66.53, -11.23, 1.379, 66.47, -11.29, 0.003, 28.64, -38.11);
insert into SHOT values (9098, 9126, 9146, 2323, 1.128, 29.01, -8.41, 1.132, 28.86, -8.64, 0.007, 344.68, -49.64);
insert into SHOT values (9099, 9126, 9147, 2323, 2.893, 27.06, -3.91, 2.892, 27.01, -3.97, 0.004, 263.36, -42.48);
insert into SHOT values (9100, 9126, 9148, 2323, 4.233, 19.13, -3.90, 4.232, 19.08, -3.93, 0.004, 269.71, -28.29);
insert into SHOT values (9101, 9126, 9149, 2323, 6.388, 12.48, -2.24, 6.386, 12.49, -2.24, 0.002, 161.37, -7.46);
insert into SHOT values (9102, 9126, 9150, 2323, 7.494, 11.08, -2.07, 7.495, 11.08, -2.06, 0.001, 64.66, 33.19);
insert into SHOT values (9103, 9126, 9151, 2323, 4.442, 216.23, -3.47, 4.445, 216.20, -3.48, 0.004, 172.60, -18.69);
insert into SHOT values (9104, 9126, 9152, 2323, 3.147, 212.43, -5.25, 3.143, 212.47, -5.29, 0.006, 5.42, -21.68);
insert into SHOT values (9105, 9126, 9153, 2323, 3.042, 204.32, -5.28, 3.043, 204.37, -5.28, 0.003, 277.10, -1.44);
insert into SHOT values (9106, 9126, 9154, 2323, 2.733, 193.44, -5.69, 2.728, 193.42, -5.68, 0.006, 21.71, 10.03);
insert into SHOT values (9107, 9126, 9155, 2323, 2.439, 182.71, -6.36, 2.438, 182.84, -6.36, 0.006, 283.21, 1.84);
insert into SHOT values (9108, 9126, 9156, 2323, 2.170, 160.91, -7.47, 2.167, 160.97, -7.69, 0.009, 310.92, -57.90);
insert into SHOT values (9109, 9126, 9157, 2323, 2.181, 144.55, -7.27, 2.177, 144.62, -7.39, 0.007, 296.11, -36.60);
insert into SHOT values (9110, 9126, 9158, 2323, 2.514, 130.42, -6.26, 2.513, 130.45, -6.40, 0.006, 276.00, -66.24);
insert into SHOT values (9111, 9126, 9159, 2323, 6.224, 231.46, -2.34, 6.226, 231.53, -2.39, 0.010, 309.22, -37.58);
insert into SHOT values (9112, 9126, 9160, 2323, 6.064, 224.53, -2.39, 6.066, 224.53, -2.46, 0.007, 239.88, -78.62);
insert into SHOT values (9113, 9126, 9161, 2323, 6.152, 220.69, -2.29, 6.153, 220.71, -2.33, 0.005, 294.83, -57.31);
insert into SHOT values (9114, 9126, 9162, 2323, 6.932, 217.52, -2.50, 6.931, 217.55, -2.56, 0.008, 321.73, -63.90);
insert into SURVEY values (2325, 1939, 'upstream', 'upstream.wolfsHole.Cong', NULL);
 insert into CENTRELINE values (2326, 2325, NULL, NULL, NULL, 0.00, 0.00, 0.00);
 insert into SCRAPS values (2327, 2325, 'upstreamSP1', 1, 100.00000, 0.20342);
 insert into MAPS values (2367, 2325, 'upstreamM', NULL, 1, 202.070, -8.500);
 insert into MAPITEMS values (2367, 4, 2327);
 insert into CENTRELINE values (2368, 2325, NULL, NULL, NULL, 202.07, 0.00, 0.00);
 insert into TOPO values (12, 2368);
 insert into SHOT values (9115, 9163, 9164, 2368, 10.473, 18.12, -11.01, 10.473, 18.14, -11.01, 0.003, 98.03, 0.00);
insert into SHOT values (9116, 9164, 9165, 2368, 8.193, 340.04, -7.01, 8.191, 340.00, -7.01, 0.005, 230.74, 0.00);
insert into SHOT values (9117, 9165, 9166, 2368, 12.643, 359.45, -25.79, 12.649, 359.45, -25.77, 0.006, 355.18, 0.00);
insert into SHOT values (9118, 9166, 9167, 2368, 3.499, 62.94, 0.00, 3.502, 63.00, 0.00, 0.004, 115.29, 0.00);
insert into SHOT values (9119, 9167, 9168, 2368, 7.333, 107.67, 37.85, 7.329, 107.71, 37.88, 0.008, 251.43, 0.00);
insert into SHOT values (9120, 9168, 9169, 2368, 14.880, 109.51, 15.59, 14.878, 109.48, 15.60, 0.006, 1.98, 0.00);
insert into SHOT values (9121, 9169, 9170, 2368, 22.229, 39.26, 0.00, 22.229, 39.27, 0.00, 0.003, 122.42, 0.00);
insert into SHOT values (9122, 9170, 9171, 2368, 9.123, 112.76, 0.00, 9.121, 112.77, 0.00, 0.003, 250.66, 0.00);
insert into SHOT values (9123, 9171, 9172, 2368, 5.989, 44.14, 0.00, 5.990, 44.12, 0.00, 0.002, 330.90, 0.00);
insert into SHOT values (9124, 9172, 9173, 2368, 5.044, 119.25, 0.00, 5.046, 119.31, 0.00, 0.005, 193.84, 0.00);
insert into SHOT values (9125, 9173, 9174, 2368, 11.875, 94.82, 0.00, 11.882, 94.83, 0.00, 0.007, 108.87, 0.00);
insert into SHOT values (9126, 9174, 9175, 2368, 13.411, 26.27, 0.00, 13.412, 26.24, 0.00, 0.007, 304.28, 0.00);
insert into SHOT values (9127, 9175, 9176, 2368, 23.646, 83.48, -14.70, 23.652, 83.47, -14.70, 0.006, 65.75, 0.00);
insert into SHOT values (9128, 9170, 9177, 2368, 8.833, 30.76, 0.00, 8.834, 30.77, 0.00, 0.003, 101.57, 0.00);
insert into SHOT values (9129, 9172, 9178, 2368, 11.296, 25.14, 0.00, 11.291, 25.16, 0.00, 0.006, 167.51, 0.00);
insert into SHOT values (9130, 9178, 9179, 2368, 4.685, 177.92, 0.00, 4.683, 177.92, 0.00, 0.002, 356.33, 0.00);
insert into SHOT values (9131, 9174, 9180, 2368, 6.349, 323.97, 0.00, 6.357, 323.96, 0.00, 0.008, 315.98, 0.00);
insert into SHOT values (9132, 9180, 9181, 2368, 12.988, 2.79, -8.86, 12.990, 2.81, -8.86, 0.006, 65.06, 0.00);
insert into SHOT values (9133, 9179, 9182, 2368, 8.361, 117.69, 0.00, 8.364, 117.64, 0.00, 0.008, 53.72, 0.00);
insert into SHOT values (9134, 9181, 9183, 2368, 1.219, 355.76, -90.00, 1.220, 90.00, -90.00, 0.001, 355.76, -90.00);
insert into SURVEY values (2370, 1939, 'downstream', 'downstream.wolfsHole.Cong', NULL);
 insert into CENTRELINE values (2371, 2370, NULL, NULL, NULL, 0.00, 0.00, 0.00);
 insert into SCRAPS values (2372, 2370, 'downstreamSP1', 1, 0.34598, 0.01747);
 insert into MAPS values (2403, 2370, 'downstreamM', NULL, 1, 151.364, -6.000);
 insert into MAPITEMS values (2403, 4, 2372);
 insert into CENTRELINE values (2404, 2370, NULL, NULL, NULL, 151.36, 0.00, 0.00);
 insert into TOPO values (12, 2404);
 insert into SHOT values (9135, 9184, 9185, 2404, 4.410, 219.49, -13.10, 4.406, 219.51, -13.12, 0.005, 18.43, 0.00);
insert into SHOT values (9136, 9185, 9186, 2404, 7.175, 132.42, -8.01, 7.176, 132.49, -8.01, 0.009, 214.74, 0.00);
insert into SHOT values (9137, 9186, 9187, 2404, 10.290, 128.46, 0.00, 10.292, 128.45, 0.00, 0.002, 91.14, 0.00);
insert into SHOT values (9138, 9187, 9188, 2404, 10.211, 137.76, -14.17, 10.208, 137.78, -14.18, 0.005, 261.72, 0.00);
insert into SHOT values (9139, 9188, 9189, 2404, 14.822, 133.40, 9.71, 14.820, 133.36, 9.71, 0.009, 28.83, 0.00);
insert into SHOT values (9140, 9189, 9190, 2404, 9.766, 145.88, 5.88, 9.773, 145.90, 5.87, 0.008, 174.46, 0.00);
insert into SHOT values (9141, 9190, 9191, 2404, 17.925, 120.94, 3.20, 17.924, 120.94, 3.20, 0.002, 331.14, 0.00);
insert into SHOT values (9142, 9191, 9192, 2404, 23.750, 114.70, 2.41, 23.750, 114.69, 2.41, 0.006, 19.99, 0.00);
insert into SHOT values (9143, 9192, 9193, 2404, 19.721, 104.12, 0.00, 19.716, 104.12, 0.00, 0.005, 277.04, 0.00);
insert into SHOT values (9144, 9193, 9194, 2404, 5.072, 134.68, 0.00, 5.077, 134.68, 0.00, 0.005, 136.35, 0.00);
insert into SHOT values (9145, 9193, 9195, 2404, 4.834, 0.66, 5.94, 4.826, 0.72, 5.95, 0.009, 149.24, 0.00);
insert into SHOT values (9146, 9195, 9196, 2404, 8.184, 84.49, 0.00, 8.178, 84.46, 0.00, 0.007, 303.84, 0.00);
insert into SHOT values (9147, 9196, 9197, 2404, 15.203, 64.50, 0.00, 15.212, 64.50, 0.00, 0.009, 59.54, 0.00);
insert into MAPS values (2406, 1939, 'wolfsHoleM', NULL, 1, 634.133, -28.420);
 insert into MAPITEMS values (2406, 4, 1992);
 insert into MAPITEMS values (2406, 4, 2038);
 insert into MAPITEMS values (2406, 4, 2076);
 insert into MAPITEMS values (2406, 4, 2105);
 insert into MAPITEMS values (2406, 4, 2210);
 insert into MAPITEMS values (2406, 4, 2322);
 insert into MAPITEMS values (2406, 4, 2403);
 insert into MAPITEMS values (2406, 4, 2367);
 insert into STATION values (1, '1.0', 23, 511316.00, 754917.00, 35.00);
insert into STATION_FLAG values(1, 'ent');
insert into STATION_FLAG values(1, 'fix');
insert into STATION values (2, '1.1', 23, 511318.80, 754920.02, 35.29);
insert into STATION values (3, '-', 23, 511314.36, 754924.50, 34.39);
insert into STATION values (4, '-', 23, 511324.69, 754918.42, 34.69);
insert into STATION values (5, '-', 23, 511318.89, 754919.94, 34.25);
insert into STATION values (6, '-', 23, 511326.43, 754914.41, 35.05);
insert into STATION values (7, '-', 23, 511321.24, 754918.38, 34.99);
insert into STATION values (8, '-', 23, 511314.04, 754918.43, 34.51);
insert into STATION values (9, '-', 23, 511315.79, 754917.13, 34.30);
insert into STATION values (10, '-', 23, 511319.87, 754925.41, 34.42);
insert into STATION values (11, '-', 23, 511318.23, 754920.59, 34.42);
insert into STATION values (12, '-', 23, 511320.43, 754916.00, 34.84);
insert into STATION values (13, '-', 23, 511319.92, 754917.90, 34.28);
insert into STATION values (14, '1.2', 23, 511328.03, 754913.84, 35.07);
insert into STATION values (15, '1.3', 23, 511324.54, 754924.76, 34.59);
insert into STATION values (16, '-', 23, 511315.72, 754927.20, 34.24);
insert into STATION values (17, '-', 23, 511320.61, 754925.65, 34.24);
insert into STATION values (18, '-', 23, 511324.15, 754924.92, 34.23);
insert into STATION values (19, '-', 23, 511324.64, 754924.75, 35.26);
insert into STATION values (20, '-', 23, 511325.63, 754925.65, 34.71);
insert into STATION values (21, '-', 23, 511327.50, 754921.80, 34.66);
insert into STATION values (22, '-', 23, 511318.30, 754927.92, 34.48);
insert into STATION values (23, '-', 23, 511324.63, 754924.63, 35.25);
insert into STATION values (24, '-', 23, 511326.34, 754924.39, 34.80);
insert into STATION values (25, '-', 23, 511327.25, 754921.52, 34.66);
insert into STATION values (26, '-', 23, 511320.46, 754926.19, 34.30);
insert into STATION values (27, '-', 23, 511323.30, 754924.92, 34.27);
insert into STATION values (28, '1.4', 23, 511320.48, 754935.43, 35.33);
insert into STATION values (29, '-', 23, 511324.56, 754929.59, 34.61);
insert into STATION values (30, '-', 23, 511322.83, 754931.12, 34.15);
insert into STATION values (31, '-', 23, 511323.45, 754927.91, 34.26);
insert into STATION values (32, '-', 23, 511320.09, 754930.91, 34.14);
insert into STATION values (33, '-', 23, 511319.02, 754930.23, 34.04);
insert into STATION values (34, '-', 23, 511320.64, 754928.40, 34.17);
insert into STATION values (35, '-', 23, 511319.62, 754928.27, 34.14);
insert into STATION values (36, '-', 23, 511319.49, 754932.82, 34.04);
insert into STATION values (37, '-', 23, 511318.71, 754931.67, 34.07);
insert into STATION values (38, '-', 23, 511317.94, 754929.14, 34.54);
insert into STATION values (39, '-', 23, 511316.09, 754931.12, 34.59);
insert into STATION values (40, '-', 23, 511316.30, 754931.49, 34.21);
insert into STATION values (41, '-', 23, 511316.78, 754932.50, 34.07);
insert into STATION values (42, '-', 23, 511316.05, 754931.60, 34.01);
insert into STATION values (43, '-', 23, 511315.78, 754934.11, 33.92);
insert into STATION values (44, '-', 23, 511315.51, 754933.13, 34.07);
insert into STATION values (45, '-', 23, 511315.44, 754936.55, 34.32);
insert into STATION values (46, '-', 23, 511318.60, 754934.89, 34.02);
insert into STATION values (47, '-', 23, 511320.47, 754935.02, 34.85);
insert into STATION values (48, '-', 23, 511320.45, 754935.53, 34.21);
insert into STATION values (49, '-', 23, 511324.12, 754935.18, 34.18);
insert into STATION values (50, '-', 23, 511322.12, 754933.70, 34.04);
insert into STATION values (51, '-', 23, 511323.40, 754937.67, 34.10);
insert into STATION values (52, '-', 23, 511321.93, 754939.05, 34.06);
insert into STATION values (53, '-', 23, 511319.76, 754941.63, 34.06);
insert into STATION values (54, '-', 23, 511316.94, 754942.85, 34.18);
insert into STATION values (55, '-', 23, 511317.52, 754935.88, 33.94);
insert into STATION values (56, '-', 23, 511323.58, 754942.12, 34.81);
insert into STATION values (57, '-', 23, 511324.42, 754937.85, 34.51);
insert into STATION values (58, '-', 23, 511325.36, 754938.07, 34.08);
insert into STATION values (59, '-', 23, 511322.83, 754940.46, 34.38);
insert into STATION values (60, '-', 23, 511328.80, 754944.18, 35.11);
insert into STATION values (61, '-', 23, 511325.82, 754938.87, 35.05);
insert into STATION values (62, '-', 23, 511324.00, 754939.71, 35.18);
insert into STATION values (63, '-', 23, 511324.20, 754938.96, 34.65);
insert into STATION values (64, '-', 23, 511323.86, 754938.50, 35.36);
insert into STATION values (65, '1.5', 23, 511326.87, 754941.66, 35.30);
insert into STATION values (66, '-', 23, 511327.52, 754941.45, 35.23);
insert into STATION values (67, '-', 23, 511326.15, 754941.96, 35.33);
insert into STATION values (68, '-', 23, 511326.87, 754941.65, 35.62);
insert into STATION values (69, '-', 23, 511326.87, 754941.66, 34.97);
insert into STATION values (70, '-', 23, 511325.88, 754942.07, 34.89);
insert into STATION values (71, '-', 23, 511326.58, 754941.87, 35.59);
insert into STATION values (72, '-', 23, 511327.10, 754941.66, 35.49);
insert into STATION values (73, '-', 23, 511327.60, 754941.49, 35.06);
insert into STATION values (74, '1.6', 23, 511329.81, 754946.69, 35.93);
insert into STATION values (75, '-', 23, 511327.96, 754946.76, 36.02);
insert into STATION values (76, '-', 23, 511329.77, 754946.68, 35.58);
insert into STATION values (77, '-', 23, 511327.93, 754945.07, 35.65);
insert into STATION values (78, '-', 23, 511328.99, 754943.76, 35.55);
insert into STATION values (79, '-', 23, 511328.90, 754948.72, 36.32);
insert into STATION values (80, '-', 23, 511330.07, 754948.89, 36.29);
insert into STATION values (81, '-', 23, 511330.03, 754946.85, 35.95);
insert into STATION values (82, '-', 23, 511329.45, 754949.28, 36.41);
insert into STATION values (83, '-', 23, 511331.23, 754945.73, 35.85);
insert into STATION values (84, '-', 23, 511318.00, 754934.26, 35.43);
insert into STATION values (85, '1.7', 23, 511308.73, 754949.06, 34.35);
insert into STATION values (86, '-', 23, 511306.62, 754946.85, 34.83);
insert into STATION values (87, '-', 23, 511306.50, 754948.51, 33.51);
insert into STATION values (88, '-', 23, 511305.69, 754947.55, 33.61);
insert into STATION values (89, '-', 23, 511307.14, 754946.99, 33.62);
insert into STATION values (90, '-', 23, 511308.22, 754948.45, 33.97);
insert into STATION values (91, '-', 23, 511308.64, 754949.19, 35.47);
insert into STATION values (92, '-', 23, 511311.56, 754952.98, 36.23);
insert into STATION values (93, '-', 23, 511316.02, 754947.08, 36.06);
insert into STATION values (94, '-', 23, 511310.33, 754945.05, 35.14);
insert into STATION values (95, '-', 23, 511316.27, 754944.58, 35.21);
insert into STATION values (96, '-', 23, 511315.35, 754945.50, 35.25);
insert into STATION values (97, '-', 23, 511316.52, 754946.12, 35.93);
insert into STATION values (98, '-', 23, 511311.34, 754960.46, 36.36);
insert into STATION values (99, '-', 23, 511311.84, 754960.19, 36.27);
insert into STATION values (100, '-', 23, 511304.20, 754951.67, 33.50);
insert into STATION values (101, '-', 23, 511303.77, 754951.49, 33.95);
insert into STATION values (102, '-', 23, 511306.73, 754950.08, 33.50);
insert into STATION values (103, '-', 23, 511307.27, 754958.96, 36.29);
insert into STATION values (104, '-', 23, 511310.38, 754960.47, 36.33);
insert into STATION values (105, '-', 23, 511307.03, 754948.85, 33.55);
insert into STATION values (106, '-', 23, 511304.14, 754951.98, 33.43);
insert into STATION values (107, '-', 23, 511306.16, 754951.24, 33.49);
insert into STATION values (108, '-', 23, 511304.70, 754954.13, 33.68);
insert into STATION values (109, '-', 23, 511307.62, 754955.11, 35.40);
insert into STATION values (110, '1.8', 23, 511300.56, 754958.74, 34.38);
insert into STATION values (111, '-', 23, 511298.51, 754955.59, 35.12);
insert into STATION values (112, '-', 23, 511298.36, 754955.43, 33.43);
insert into STATION values (113, '-', 23, 511300.44, 754958.60, 35.44);
insert into STATION values (114, '-', 23, 511300.30, 754958.61, 33.78);
insert into STATION values (115, '-', 23, 511300.55, 754960.10, 36.47);
insert into STATION values (116, '-', 23, 511302.05, 754961.46, 36.05);
insert into STATION values (117, '-', 23, 511302.93, 754961.78, 36.09);
insert into STATION values (118, '-', 23, 511300.43, 754957.54, 33.44);
insert into STATION values (119, '-', 23, 511303.62, 754952.78, 33.57);
insert into STATION values (120, '-', 23, 511306.29, 754952.07, 33.56);
insert into STATION values (121, '-', 23, 511301.93, 754957.58, 35.00);
insert into STATION values (122, '-', 23, 511301.71, 754958.83, 35.18);
insert into STATION values (123, '-', 23, 511300.24, 754959.14, 35.46);
insert into STATION values (124, '-', 23, 511300.76, 754960.35, 36.13);
insert into STATION values (125, '-', 23, 511299.80, 754957.45, 33.70);
insert into STATION values (126, '-', 23, 511298.59, 754955.68, 33.97);
insert into STATION values (127, '-', 23, 511298.63, 754955.76, 34.38);
insert into STATION values (128, '-', 23, 511298.91, 754958.64, 34.36);
insert into STATION values (129, '-', 23, 511298.68, 754960.20, 33.86);
insert into STATION values (130, '-', 23, 511298.44, 754958.83, 33.89);
insert into STATION values (131, '1.9', 23, 511288.38, 754963.86, 34.38);
insert into STATION values (132, '-', 23, 511293.29, 754960.17, 33.49);
insert into STATION values (133, '-', 23, 511293.46, 754958.14, 34.01);
insert into STATION values (134, '-', 23, 511295.71, 754959.81, 34.00);
insert into STATION values (135, '-', 23, 511296.56, 754960.68, 33.84);
insert into STATION values (136, '-', 23, 511287.28, 754963.03, 34.90);
insert into STATION values (137, '-', 23, 511288.40, 754963.83, 35.20);
insert into STATION values (138, '-', 23, 511294.84, 754967.61, 35.49);
insert into STATION values (139, '-', 23, 511290.51, 754965.23, 34.13);
insert into STATION values (140, '-', 23, 511288.57, 754964.13, 33.69);
insert into STATION values (141, '-', 23, 511293.11, 754961.24, 33.82);
insert into STATION values (142, '-', 23, 511298.25, 754965.02, 36.03);
insert into STATION values (143, '-', 23, 511290.73, 754961.78, 33.65);
insert into STATION values (144, '-', 23, 511289.94, 754964.50, 33.49);
insert into STATION values (145, '-', 23, 511293.11, 754962.76, 33.76);
insert into STATION values (146, '-', 23, 511293.60, 754966.58, 34.60);
insert into STATION values (147, '-', 23, 511294.43, 754967.21, 34.96);
insert into STATION values (148, '-', 23, 511295.62, 754966.34, 35.44);
insert into STATION values (149, '-', 23, 511290.58, 754965.17, 34.20);
insert into STATION values (150, '-', 23, 511287.13, 754966.50, 33.75);
insert into STATION values (151, '-', 23, 511287.22, 754968.27, 33.40);
insert into STATION values (152, '-', 23, 511289.01, 754968.65, 34.52);
insert into STATION values (153, '-', 23, 511289.57, 754966.81, 34.07);
insert into STATION values (154, '-', 23, 511289.27, 754967.03, 33.87);
insert into STATION values (155, '-', 23, 511290.36, 754965.53, 34.17);
insert into STATION values (156, '-', 23, 511289.55, 754964.92, 33.46);
insert into STATION values (157, '-', 23, 511289.29, 754967.03, 33.85);
insert into STATION values (158, '-', 23, 511292.15, 754971.05, 34.29);
insert into STATION values (159, '1.10', 23, 511289.55, 754969.55, 34.31);
insert into STATION values (160, '-', 23, 511285.80, 754970.55, 35.60);
insert into STATION values (161, '-', 23, 511292.71, 754970.19, 34.24);
insert into STATION values (162, '-', 23, 511292.19, 754970.22, 33.34);
insert into STATION values (163, '-', 23, 511287.99, 754970.21, 33.37);
insert into STATION values (164, '-', 23, 511286.76, 754970.40, 35.64);
insert into STATION values (165, '-', 23, 511289.57, 754969.51, 35.75);
insert into STATION values (166, '-', 23, 511286.58, 754973.98, 35.41);
insert into STATION values (167, '-', 23, 511290.83, 754973.63, 33.36);
insert into STATION values (168, '-', 23, 511289.07, 754974.27, 34.29);
insert into STATION values (169, '-', 23, 511289.39, 754974.51, 33.83);
insert into STATION values (170, '1.11', 23, 511288.03, 754975.38, 34.73);
insert into STATION values (171, '-', 23, 511289.28, 754974.59, 34.33);
insert into STATION values (172, '-', 23, 511289.99, 754974.72, 33.25);
insert into STATION values (173, '-', 23, 511287.48, 754975.80, 33.32);
insert into STATION values (174, '-', 23, 511294.65, 754972.93, 36.06);
insert into STATION values (175, '-', 23, 511288.35, 754975.24, 35.81);
insert into STATION values (176, '-', 23, 511292.71, 754972.37, 35.72);
insert into STATION values (177, '-', 23, 511295.94, 754982.61, 32.87);
insert into STATION values (178, '-', 23, 511295.84, 754983.85, 32.98);
insert into STATION values (179, '-', 23, 511296.54, 754980.76, 34.75);
insert into STATION values (180, '-', 23, 511288.31, 754975.71, 34.69);
insert into STATION values (181, '-', 23, 511294.54, 754983.07, 33.80);
insert into STATION values (182, '1.12', 23, 511301.39, 754989.67, 33.83);
insert into STATION values (183, '-', 23, 511299.79, 754990.74, 34.75);
insert into STATION values (184, '-', 23, 511300.08, 754990.54, 35.39);
insert into STATION values (185, '-', 23, 511300.61, 754990.13, 35.53);
insert into STATION values (186, '-', 23, 511300.72, 754989.89, 36.67);
insert into STATION values (187, '-', 23, 511301.27, 754989.50, 36.59);
insert into STATION values (188, '-', 23, 511301.78, 754989.04, 36.60);
insert into STATION values (189, '-', 23, 511302.01, 754989.03, 35.50);
insert into STATION values (190, '-', 23, 511302.04, 754988.93, 35.43);
insert into STATION values (191, '-', 23, 511301.05, 754989.96, 33.81);
insert into STATION values (192, '-', 23, 511301.01, 754990.04, 33.18);
insert into STATION values (193, '-', 23, 511301.08, 754990.02, 32.81);
insert into STATION values (194, '-', 23, 511301.42, 754989.64, 31.30);
insert into STATION values (195, '-', 23, 511301.71, 754988.85, 32.77);
insert into STATION values (196, '-', 23, 511299.91, 754990.90, 34.78);
insert into STATION values (197, '-', 23, 511297.88, 754984.11, 35.50);
insert into STATION values (198, '-', 23, 511286.59, 754973.12, 33.80);
insert into STATION values (199, '-', 23, 511295.98, 754983.50, 32.14);
insert into STATION values (200, '-', 23, 511296.67, 754983.47, 31.29);
insert into STATION values (201, '-', 23, 511294.89, 754984.31, 34.93);
insert into STATION values (202, '-', 23, 511295.12, 754979.98, 34.63);
insert into STATION values (203, '1.13', 23, 511303.10, 754991.88, 32.35);
insert into STATION values (204, '-', 23, 511303.06, 754990.97, 32.39);
insert into STATION values (205, '-', 23, 511303.58, 754990.32, 33.77);
insert into STATION values (206, '-', 23, 511303.70, 754990.54, 35.52);
insert into STATION values (207, '-', 23, 511303.20, 754991.54, 36.93);
insert into STATION values (208, '-', 23, 511303.19, 754991.90, 34.13);
insert into STATION values (209, '-', 23, 511303.19, 754991.09, 31.76);
insert into STATION values (210, '-', 23, 511303.11, 754991.93, 31.26);
insert into STATION values (211, '-', 23, 511303.09, 754991.01, 32.32);
insert into STATION values (212, '-', 23, 511301.25, 754991.58, 32.23);
insert into STATION values (213, '1.14', 23, 511316.61, 754993.87, 32.57);
insert into STATION values (214, '-', 23, 511316.65, 754994.49, 32.58);
insert into STATION values (215, '-', 23, 511312.69, 754993.32, 31.99);
insert into STATION values (216, '-', 23, 511316.30, 754994.13, 37.06);
insert into STATION values (217, '-', 23, 511316.43, 754993.75, 31.21);
insert into STATION values (218, '1.15', 23, 511318.97, 754993.78, 32.57);
insert into STATION values (219, '-', 23, 511317.85, 754993.01, 32.59);
insert into STATION values (220, '-', 23, 511318.22, 754993.91, 32.18);
insert into STATION values (221, '-', 23, 511318.72, 754996.20, 31.40);
insert into STATION values (222, '-', 23, 511318.25, 754995.52, 31.24);
insert into STATION values (223, '-', 23, 511316.68, 754993.92, 37.12);
insert into STATION values (224, '1.16', 23, 511318.32, 754994.46, 32.26);
insert into STATION values (225, '-', 23, 511319.11, 754994.16, 32.39);
insert into STATION values (226, '-', 23, 511318.62, 754993.09, 32.31);
insert into STATION values (227, '-', 23, 511317.71, 754993.49, 37.07);
insert into STATION values (228, '-', 23, 511319.19, 754994.31, 31.97);
insert into STATION values (229, '1.17', 23, 511322.74, 754994.56, 32.51);
insert into STATION values (230, '-', 23, 511324.96, 754993.25, 31.39);
insert into STATION values (231, '-', 23, 511323.71, 754994.06, 32.22);
insert into STATION values (232, '-', 23, 511322.52, 754993.92, 32.44);
insert into STATION values (233, '-', 23, 511322.65, 754994.62, 34.58);
insert into STATION values (234, '-', 23, 511321.40, 754994.38, 37.14);
insert into STATION values (235, '-', 23, 511323.85, 754995.69, 32.32);
insert into STATION values (236, '-', 23, 511323.43, 754996.65, 32.38);
insert into STATION values (237, '-', 23, 511322.62, 754993.86, 32.50);
insert into STATION values (238, '-', 23, 511323.28, 754994.01, 32.58);
insert into STATION values (239, '-', 23, 511326.12, 754996.94, 31.33);
insert into STATION values (240, '-', 23, 511328.27, 755002.83, 31.93);
insert into STATION values (241, '1.18', 23, 511328.38, 755002.82, 31.96);
insert into STATION values (242, '-', 23, 511328.94, 755002.01, 31.97);
insert into STATION values (243, '-', 23, 511329.24, 755001.71, 31.17);
insert into STATION values (244, '-', 23, 511328.30, 755003.35, 31.14);
insert into STATION values (245, '-', 23, 511329.57, 755001.13, 33.00);
insert into STATION values (246, '-', 23, 511328.44, 755002.90, 31.11);
insert into STATION values (247, '-', 23, 511334.42, 755005.49, 30.92);
insert into STATION values (248, '-', 23, 511333.67, 755006.56, 30.95);
insert into STATION values (249, '-', 23, 511337.06, 755007.67, 33.01);
insert into STATION values (250, '-', 23, 511332.66, 755004.19, 31.98);
insert into STATION values (251, '1.19', 23, 511335.94, 755007.44, 32.08);
insert into STATION values (252, '-', 23, 511335.26, 755008.07, 31.93);
insert into STATION values (253, '-', 23, 511335.00, 755008.59, 33.02);
insert into STATION values (254, '-', 23, 511335.83, 755008.27, 37.20);
insert into STATION values (255, '-', 23, 511332.82, 755004.49, 30.96);
insert into STATION values (256, '-', 23, 511334.24, 755005.38, 30.88);
insert into STATION values (257, '-', 23, 511339.12, 755012.53, 30.34);
insert into STATION values (258, '-', 23, 511338.14, 755012.36, 30.40);
insert into STATION values (259, '-', 23, 511338.82, 755012.17, 31.93);
insert into STATION values (260, '-', 23, 511337.57, 755011.50, 31.96);
insert into STATION values (261, '1.20', 23, 511340.08, 755016.55, 30.85);
insert into STATION values (262, '-', 23, 511340.14, 755016.23, 31.43);
insert into STATION values (263, '-', 23, 511340.27, 755016.66, 34.55);
insert into STATION values (264, '-', 23, 511340.08, 755016.78, 36.60);
insert into STATION values (265, '-', 23, 511339.33, 755017.25, 36.57);
insert into STATION values (266, '-', 23, 511339.53, 755017.35, 34.34);
insert into STATION values (267, '-', 23, 511339.55, 755017.22, 33.31);
insert into STATION values (268, '-', 23, 511339.56, 755016.73, 36.59);
insert into STATION values (269, '-', 23, 511338.96, 755017.61, 33.09);
insert into STATION values (270, '-', 23, 511339.50, 755017.21, 31.75);
insert into STATION values (271, '-', 23, 511339.23, 755017.64, 31.28);
insert into STATION values (272, '-', 23, 511339.32, 755017.37, 30.61);
insert into STATION values (273, '-', 23, 511339.15, 755017.47, 30.28);
insert into STATION values (274, '-', 23, 511340.40, 755016.46, 30.26);
insert into STATION values (275, '-', 23, 511337.24, 755009.57, 30.69);
insert into STATION values (276, '-', 23, 511335.75, 755007.25, 30.78);
insert into STATION values (277, '-', 23, 511338.04, 755012.77, 30.22);
insert into STATION values (278, '-', 23, 511338.76, 755015.63, 30.25);
insert into STATION values (279, '1.21', 23, 511346.62, 755028.63, 31.38);
insert into STATION values (280, '-', 23, 511347.16, 755027.00, 31.42);
insert into STATION values (281, '-', 23, 511347.54, 755027.43, 30.23);
insert into STATION values (282, '-', 23, 511347.09, 755026.47, 35.01);
insert into STATION values (283, '-', 23, 511348.68, 755028.21, 30.49);
insert into STATION values (284, '-', 23, 511349.14, 755028.11, 30.21);
insert into STATION values (285, '-', 23, 511345.76, 755027.63, 30.22);
insert into STATION values (286, '-', 23, 511343.50, 755024.19, 30.25);
insert into STATION values (287, '-', 23, 511342.43, 755021.06, 30.45);
insert into STATION values (288, '-', 23, 511346.39, 755028.18, 31.34);
insert into STATION values (289, '1.22', 23, 511348.55, 755028.11, 30.34);
insert into STATION values (290, '-', 23, 511348.02, 755029.49, 30.23);
insert into STATION values (291, '-', 23, 511348.22, 755028.97, 31.01);
insert into STATION values (292, '-', 23, 511348.68, 755028.00, 31.12);
insert into STATION values (293, '-', 23, 511351.53, 755030.70, 30.08);
insert into STATION values (294, '-', 23, 511349.82, 755030.47, 30.11);
insert into STATION values (295, '-', 23, 511348.81, 755029.76, 30.21);
insert into STATION values (296, '-', 23, 511345.65, 755028.18, 30.39);
insert into STATION values (297, '-', 23, 511348.27, 755028.21, 35.63);
insert into STATION values (298, '-', 23, 511350.58, 755029.20, 30.22);
insert into STATION values (299, '-', 23, 511349.20, 755028.24, 30.22);
insert into STATION values (300, '-', 23, 511351.53, 755030.73, 30.09);
insert into STATION values (301, '1.23', 23, 511356.05, 755042.15, 30.34);
insert into STATION values (302, '-', 23, 511356.09, 755039.55, 30.16);
insert into STATION values (303, '-', 23, 511355.20, 755038.47, 30.29);
insert into STATION values (304, '-', 23, 511353.96, 755036.88, 30.55);
insert into STATION values (305, '-', 23, 511352.29, 755033.73, 30.64);
insert into STATION values (306, '-', 23, 511354.64, 755040.55, 29.54);
insert into STATION values (307, '-', 23, 511350.28, 755033.97, 30.19);
insert into STATION values (308, '-', 23, 511349.74, 755031.84, 30.26);
insert into STATION values (309, '-', 23, 511354.49, 755042.85, 30.04);
insert into STATION values (310, '-', 23, 511355.54, 755042.50, 29.21);
insert into STATION values (311, '-', 23, 511356.40, 755042.25, 29.22);
insert into STATION values (312, '-', 23, 511354.76, 755042.56, 30.73);
insert into STATION values (313, '-', 23, 511357.13, 755042.36, 30.07);
insert into STATION values (314, '-', 23, 511355.72, 755044.16, 29.23);
insert into STATION values (315, '-', 23, 511356.51, 755045.23, 29.23);
insert into STATION values (316, '-', 23, 511356.84, 755043.73, 29.25);
insert into STATION values (317, '-', 23, 511356.75, 755042.83, 29.23);
insert into STATION values (318, '1.24', 23, 511356.61, 755044.97, 29.79);
insert into STATION values (319, '-', 23, 511357.39, 755043.99, 29.24);
insert into STATION values (320, '-', 23, 511357.57, 755043.81, 29.98);
insert into STATION values (321, '-', 23, 511357.23, 755044.08, 31.73);
insert into STATION values (322, '-', 23, 511359.70, 755045.88, 29.12);
insert into STATION values (323, '-', 23, 511357.71, 755045.47, 29.24);
insert into STATION values (324, '-', 23, 511356.14, 755045.45, 30.07);
insert into STATION values (325, '-', 23, 511356.86, 755045.35, 29.23);
insert into STATION values (326, '-', 23, 511356.81, 755042.83, 29.22);
insert into STATION values (327, '-', 23, 511356.40, 755042.34, 29.21);
insert into STATION values (328, '-', 23, 511355.64, 755038.63, 29.22);
insert into STATION values (329, '-', 23, 511355.51, 755042.62, 29.23);
insert into STATION values (330, '-', 23, 511355.52, 755043.59, 29.23);
insert into STATION values (331, '-', 23, 511355.54, 755042.95, 33.74);
insert into STATION values (332, '-', 23, 511357.65, 755044.00, 29.23);
insert into STATION values (333, '-', 23, 511356.84, 755043.74, 29.24);
insert into STATION values (334, '-', 23, 511359.94, 755046.44, 29.12);
insert into STATION values (335, '-', 23, 511359.20, 755045.22, 29.15);
insert into STATION values (336, '-', 23, 511357.62, 755044.19, 29.25);
insert into STATION values (337, '-', 23, 511358.28, 755044.24, 29.25);
insert into STATION values (338, '-', 23, 511356.69, 755045.22, 29.25);
insert into STATION values (339, '-', 23, 511357.77, 755045.44, 29.25);
insert into STATION values (340, '-', 23, 511355.51, 755043.61, 29.26);
insert into STATION values (341, '-', 23, 511357.97, 755045.40, 29.52);
insert into STATION values (342, '1.25', 23, 511365.61, 755051.69, 29.32);
insert into STATION values (343, '-', 23, 511364.33, 755052.70, 29.34);
insert into STATION values (344, '-', 23, 511364.75, 755052.43, 27.81);
insert into STATION values (345, '-', 23, 511360.31, 755046.98, 28.88);
insert into STATION values (346, '-', 23, 511362.32, 755047.69, 28.88);
insert into STATION values (347, '-', 23, 511364.39, 755050.03, 28.76);
insert into STATION values (348, '-', 23, 511363.76, 755050.61, 28.66);
insert into STATION values (349, '-', 23, 511363.00, 755049.92, 28.82);
insert into STATION values (350, '-', 23, 511362.28, 755049.27, 28.83);
insert into STATION values (351, '-', 23, 511365.61, 755052.97, 27.71);
insert into STATION values (352, '-', 23, 511366.14, 755052.11, 27.78);
insert into STATION values (353, '-', 23, 511365.06, 755053.89, 29.27);
insert into STATION values (354, '-', 23, 511367.63, 755054.72, 29.21);
insert into STATION values (355, '1.26', 23, 511368.25, 755058.71, 28.41);
insert into STATION values (356, '-', 23, 511367.56, 755059.14, 28.99);
insert into STATION values (357, '-', 23, 511367.19, 755059.32, 30.61);
insert into STATION values (358, '-', 23, 511367.29, 755059.29, 30.65);
insert into STATION values (359, '-', 23, 511367.92, 755058.78, 34.07);
insert into STATION values (360, '-', 23, 511368.58, 755058.38, 30.64);
insert into STATION values (361, '-', 23, 511368.73, 755058.46, 29.43);
insert into STATION values (362, '-', 23, 511369.02, 755058.23, 29.03);
insert into STATION values (363, '-', 23, 511366.70, 755058.68, 26.84);
insert into STATION values (364, '-', 23, 511367.98, 755057.31, 26.84);
insert into STATION values (365, '-', 23, 511365.90, 755056.77, 29.17);
insert into STATION values (366, '-', 23, 511364.75, 755054.78, 30.06);
insert into STATION values (367, '-', 23, 511367.01, 755057.17, 28.16);
insert into STATION values (368, '-', 23, 511366.70, 755056.55, 26.94);
insert into STATION values (369, '-', 23, 511367.27, 755056.84, 27.20);
insert into STATION values (370, '-', 23, 511367.69, 755057.04, 28.24);
insert into STATION values (371, '-', 23, 511364.24, 755050.13, 28.70);
insert into STATION values (372, '-', 23, 511367.36, 755056.02, 28.73);
insert into STATION values (373, '-', 23, 511367.38, 755061.11, 29.07);
insert into STATION values (374, '-', 23, 511367.92, 755064.26, 28.58);
insert into STATION values (375, '-', 23, 511369.10, 755065.87, 28.44);
insert into STATION values (376, '-', 23, 511369.53, 755058.72, 28.88);
insert into STATION values (377, '-', 23, 511369.95, 755059.58, 28.84);
insert into STATION values (378, '-', 23, 511370.13, 755060.36, 28.79);
insert into STATION values (379, '-', 23, 511369.71, 755061.37, 28.77);
insert into STATION values (380, '-', 23, 511369.35, 755062.03, 28.71);
insert into STATION values (381, '-', 23, 511368.72, 755059.98, 27.02);
insert into STATION values (382, '-', 23, 511369.59, 755059.15, 27.95);
insert into STATION values (383, '-', 23, 511368.37, 755059.30, 28.42);
insert into STATION values (384, '1.27', 23, 511370.50, 755070.33, 28.76);
insert into STATION values (385, '1.28', 23, 511368.43, 755058.73, 28.16);
insert into STATION values (386, '-', 23, 511369.69, 755070.32, 28.80);
insert into STATION values (387, '-', 23, 511369.67, 755070.28, 29.29);
insert into STATION values (388, '-', 23, 511369.78, 755070.18, 29.87);
insert into STATION values (389, '-', 23, 511370.29, 755070.19, 29.85);
insert into STATION values (390, '-', 23, 511370.08, 755066.42, 33.92);
insert into STATION values (391, '-', 23, 511370.52, 755070.22, 29.87);
insert into STATION values (392, '-', 23, 511370.66, 755070.30, 27.32);
insert into STATION values (393, '-', 23, 511370.23, 755070.42, 27.26);
insert into STATION values (394, '-', 23, 511369.65, 755070.56, 27.72);
insert into STATION values (395, '-', 23, 511369.40, 755070.60, 28.13);
insert into STATION values (396, '-', 23, 511369.78, 755070.50, 28.45);
insert into STATION values (397, '-', 23, 511370.53, 755067.60, 31.42);
insert into STATION values (398, '-', 23, 511370.44, 755067.79, 32.79);
insert into STATION values (399, '-', 23, 511370.57, 755065.33, 29.13);
insert into STATION values (400, '-', 23, 511369.96, 755064.09, 29.19);
insert into STATION values (401, '-', 23, 511369.42, 755063.08, 29.13);
insert into STATION values (402, '-', 23, 511369.47, 755063.00, 28.57);
insert into STATION values (403, '-', 23, 511370.31, 755063.78, 28.40);
insert into STATION values (404, '-', 23, 511368.75, 755059.65, 30.25);
insert into STATION values (405, '-', 23, 511368.17, 755057.27, 28.73);
insert into STATION values (406, '-', 23, 511369.35, 755065.03, 29.13);
insert into STATION values (407, '-', 23, 511369.82, 755066.95, 28.53);
insert into STATION values (408, '-', 23, 511370.00, 755068.86, 28.65);
insert into STATION values (409, '-', 23, 511369.91, 755069.91, 28.62);
insert into STATION values (410, '-', 23, 511369.95, 755071.34, 28.66);
insert into STATION values (411, '-', 23, 511370.43, 755072.11, 28.65);
insert into STATION values (412, '1.29', 23, 511370.07, 755072.30, 27.72);
insert into STATION values (413, '-', 23, 511369.70, 755073.47, 27.98);
insert into STATION values (414, '-', 23, 511370.54, 755074.45, 27.79);
insert into STATION values (415, '-', 23, 511371.71, 755075.81, 27.60);
insert into STATION values (416, '-', 23, 511372.10, 755075.99, 27.54);
insert into STATION values (417, '-', 23, 511376.37, 755077.97, 26.97);
insert into STATION values (418, '-', 23, 511374.94, 755075.54, 27.43);
insert into STATION values (419, '-', 23, 511375.01, 755074.64, 27.46);
insert into STATION values (420, '-', 23, 511374.55, 755073.14, 27.69);
insert into STATION values (421, '-', 23, 511371.78, 755071.92, 27.92);
insert into STATION values (422, '-', 23, 511371.36, 755071.43, 27.92);
insert into STATION values (423, '-', 23, 511372.41, 755073.08, 28.07);
insert into STATION values (424, '-', 23, 511371.14, 755072.86, 28.47);
insert into STATION values (425, '-', 23, 511372.07, 755075.96, 27.57);
insert into STATION values (426, '1.30', 23, 511381.29, 755086.07, 27.41);
insert into STATION values (427, '-', 23, 511380.83, 755084.25, 27.13);
insert into STATION values (428, '-', 23, 511380.26, 755083.50, 27.20);
insert into STATION values (429, '-', 23, 511379.43, 755082.16, 27.58);
insert into STATION values (430, '-', 23, 511381.63, 755085.71, 27.17);
insert into STATION values (431, '-', 23, 511381.93, 755085.43, 27.18);
insert into STATION values (432, '-', 23, 511382.37, 755085.01, 27.41);
insert into STATION values (433, '-', 23, 511382.51, 755084.93, 27.86);
insert into STATION values (434, '-', 23, 511382.60, 755084.88, 28.22);
insert into STATION values (435, '-', 23, 511382.40, 755085.38, 28.40);
insert into STATION values (436, '-', 23, 511382.56, 755085.06, 28.69);
insert into STATION values (437, '-', 23, 511382.23, 755085.28, 28.79);
insert into STATION values (438, '-', 23, 511382.61, 755085.12, 29.24);
insert into STATION values (439, '-', 23, 511382.03, 755085.64, 29.37);
insert into STATION values (440, '-', 23, 511382.12, 755085.12, 30.40);
insert into STATION values (441, '-', 23, 511382.13, 755085.09, 31.15);
insert into STATION values (442, '-', 23, 511381.89, 755085.20, 32.11);
insert into STATION values (443, '-', 23, 511381.05, 755086.35, 29.34);
insert into STATION values (444, '-', 23, 511380.64, 755086.65, 28.79);
insert into STATION values (445, '-', 23, 511380.36, 755086.98, 28.74);
insert into STATION values (446, '-', 23, 511380.73, 755086.71, 28.27);
insert into STATION values (447, '-', 23, 511380.45, 755086.62, 27.89);
insert into STATION values (448, '-', 23, 511380.53, 755086.68, 27.32);
insert into STATION values (449, '-', 23, 511380.65, 755086.37, 26.77);
insert into STATION values (450, '-', 23, 511380.68, 755086.17, 26.05);
insert into STATION values (451, '-', 23, 511377.81, 755078.55, 27.56);
insert into STATION values (452, '-', 23, 511375.74, 755076.48, 27.70);
insert into STATION values (453, '-', 23, 511373.13, 755074.40, 28.41);
insert into STATION values (454, '-', 23, 511374.68, 755075.80, 28.12);
insert into STATION values (455, '-', 23, 511376.71, 755078.55, 26.90);
insert into STATION values (456, '-', 23, 511379.59, 755085.19, 27.51);
insert into STATION values (457, '-', 23, 511378.88, 755084.12, 27.55);
insert into STATION values (458, '-', 23, 511378.08, 755082.68, 27.70);
insert into STATION values (459, '-', 23, 511377.21, 755081.26, 27.81);
insert into STATION values (460, '-', 23, 511375.59, 755078.92, 27.93);
insert into STATION values (461, '-', 23, 511375.83, 755078.63, 27.89);
insert into STATION values (462, '-', 23, 511379.56, 755082.09, 26.34);
insert into STATION values (463, '-', 23, 511378.89, 755082.57, 26.38);
insert into STATION values (464, '-', 23, 511381.23, 755084.34, 26.14);
insert into STATION values (465, '-', 23, 511379.94, 755084.76, 26.22);
insert into STATION values (466, '-', 23, 511379.19, 755082.28, 26.37);
insert into STATION values (467, '1.31', 23, 511391.49, 755098.87, 26.72);
insert into STATION values (468, '-', 23, 511390.23, 755095.84, 26.68);
insert into STATION values (469, '-', 23, 511389.55, 755095.11, 26.82);
insert into STATION values (470, '-', 23, 511387.60, 755091.77, 26.62);
insert into STATION values (471, '-', 23, 511387.07, 755092.23, 26.97);
insert into STATION values (472, '-', 23, 511385.06, 755088.64, 27.78);
insert into STATION values (473, '-', 23, 511384.42, 755089.25, 26.84);
insert into STATION values (474, '-', 23, 511386.02, 755091.70, 26.86);
insert into STATION values (475, '-', 23, 511386.35, 755092.62, 26.89);
insert into STATION values (476, '-', 23, 511387.54, 755094.31, 26.97);
insert into STATION values (477, '-', 23, 511388.56, 755095.90, 26.86);
insert into STATION values (478, '-', 23, 511389.92, 755097.36, 26.50);
insert into STATION values (479, '-', 23, 511392.98, 755097.56, 27.03);
insert into STATION values (480, '-', 23, 511390.74, 755098.77, 30.06);
insert into STATION values (481, '-', 23, 511390.04, 755099.89, 26.98);
insert into STATION values (482, '-', 23, 511391.53, 755098.84, 26.02);
insert into STATION values (483, '-', 23, 511391.06, 755101.87, 26.59);
insert into STATION values (484, '-', 23, 511391.86, 755103.00, 26.36);
insert into STATION values (485, '-', 23, 511392.56, 755104.46, 26.09);
insert into STATION values (486, '-', 23, 511395.91, 755102.83, 26.03);
insert into STATION values (487, '-', 23, 511393.84, 755099.62, 26.43);
insert into STATION values (488, '-', 23, 511393.44, 755098.40, 26.27);
insert into STATION values (489, '-', 23, 511391.33, 755102.89, 26.55);
insert into STATION values (490, '-', 23, 511394.94, 755100.05, 26.59);
insert into STATION values (491, '-', 23, 511392.56, 755101.10, 27.01);
insert into STATION values (492, '-', 23, 511392.66, 755101.49, 26.96);
insert into STATION values (493, '-', 23, 511394.24, 755106.16, 26.46);
insert into STATION values (494, '1.32', 23, 511394.37, 755106.63, 26.49);
insert into STATION values (495, '-', 23, 511391.77, 755098.75, 26.70);
insert into STATION values (496, '-', 23, 511395.65, 755103.47, 26.97);
insert into STATION values (497, '-', 23, 511395.64, 755103.49, 26.95);
insert into STATION values (498, '-', 23, 511397.23, 755102.96, 27.24);
insert into STATION values (499, '-', 23, 511396.39, 755101.59, 27.46);
insert into STATION values (500, '-', 23, 511395.48, 755100.66, 27.66);
insert into STATION values (501, '-', 23, 511394.60, 755100.45, 27.74);
insert into STATION values (502, '-', 23, 511393.47, 755099.29, 27.94);
insert into STATION values (503, '-', 23, 511392.08, 755098.10, 28.22);
insert into STATION values (504, '-', 23, 511395.97, 755104.87, 26.40);
insert into STATION values (505, '-', 23, 511394.74, 755104.55, 26.55);
insert into STATION values (506, '-', 23, 511394.32, 755103.32, 26.66);
insert into STATION values (507, '-', 23, 511393.55, 755102.21, 26.81);
insert into STATION values (508, '-', 23, 511392.73, 755100.72, 27.07);
insert into STATION values (509, '-', 23, 511392.00, 755097.93, 27.53);
insert into STATION values (510, '-', 23, 511396.12, 755104.76, 26.21);
insert into STATION values (511, '-', 23, 511395.94, 755104.94, 26.58);
insert into STATION values (512, '-', 23, 511397.51, 755103.28, 27.12);
insert into STATION values (513, '-', 23, 511397.56, 755103.35, 27.40);
insert into STATION values (514, '-', 23, 511396.43, 755104.66, 27.97);
insert into STATION values (515, '-', 23, 511396.28, 755104.88, 28.25);
insert into STATION values (516, '-', 23, 511395.32, 755105.86, 28.03);
insert into STATION values (517, '-', 23, 511393.28, 755107.89, 27.06);
insert into STATION values (518, '-', 23, 511396.52, 755110.23, 26.50);
insert into STATION values (519, '-', 23, 511400.23, 755112.28, 26.06);
insert into STATION values (520, '-', 23, 511403.04, 755112.69, 26.08);
insert into STATION values (521, '-', 23, 511405.10, 755113.41, 26.05);
insert into STATION values (522, '-', 23, 511406.85, 755110.33, 26.08);
insert into STATION values (523, '-', 23, 511399.87, 755106.18, 26.49);
insert into STATION values (524, '-', 23, 511401.47, 755107.01, 26.38);
insert into STATION values (525, '-', 23, 511402.86, 755108.02, 26.32);
insert into STATION values (526, '-', 23, 511397.65, 755106.61, 26.01);
insert into STATION values (527, '-', 23, 511399.22, 755107.53, 25.99);
insert into STATION values (528, '-', 23, 511400.88, 755108.56, 25.97);
insert into STATION values (529, '1.33', 23, 511409.18, 755113.89, 26.87);
insert into STATION values (530, '-', 23, 511403.86, 755111.37, 26.65);
insert into STATION values (531, '-', 23, 511405.98, 755113.05, 26.44);
insert into STATION values (532, '-', 23, 511404.33, 755108.82, 26.40);
insert into STATION values (533, '-', 23, 511407.93, 755114.71, 25.99);
insert into STATION values (534, '-', 23, 511408.67, 755114.34, 25.97);
insert into STATION values (535, '-', 23, 511408.56, 755115.85, 25.97);
insert into STATION values (536, '-', 23, 511408.93, 755115.34, 26.05);
insert into STATION values (537, '-', 23, 511407.80, 755103.55, 28.21);
insert into STATION values (538, '-', 23, 511408.88, 755111.38, 26.37);
insert into STATION values (539, '-', 23, 511410.24, 755110.89, 26.17);
insert into STATION values (540, '-', 23, 511411.65, 755110.53, 26.31);
insert into STATION values (541, '-', 23, 511414.22, 755109.72, 26.31);
insert into STATION values (542, '-', 23, 511411.11, 755115.93, 26.32);
insert into STATION values (543, '-', 23, 511413.36, 755114.18, 26.11);
insert into STATION values (544, '-', 23, 511414.78, 755113.12, 25.98);
insert into STATION values (545, '-', 23, 511410.82, 755113.26, 25.96);
insert into STATION values (546, '-', 23, 511412.59, 755111.98, 25.97);
insert into STATION values (547, '-', 23, 511416.71, 755111.18, 25.76);
insert into STATION values (548, '-', 23, 511415.86, 755111.83, 26.00);
insert into STATION values (549, '-', 23, 511409.77, 755109.71, 27.17);
insert into STATION values (550, '-', 23, 511410.34, 755109.46, 27.21);
insert into STATION values (551, '-', 23, 511410.08, 755110.95, 26.37);
insert into STATION values (552, '-', 23, 511409.60, 755110.95, 26.38);
insert into STATION values (553, '-', 23, 511409.03, 755110.76, 25.97);
insert into STATION values (554, '-', 23, 511409.09, 755111.46, 26.35);
insert into STATION values (555, '-', 23, 511409.41, 755109.10, 27.32);
insert into STATION values (556, '-', 23, 511409.16, 755102.06, 28.15);
insert into STATION values (557, '-', 23, 511411.31, 755117.57, 26.10);
insert into STATION values (558, '-', 23, 511410.49, 755115.89, 26.33);
insert into STATION values (559, '-', 23, 511409.33, 755113.81, 25.93);
insert into STATION values (560, '1.34', 23, 511419.85, 755106.21, 26.70);
insert into STATION values (561, '-', 23, 511419.39, 755110.76, 25.97);
insert into STATION values (562, '-', 23, 511417.72, 755111.27, 26.00);
insert into STATION values (563, '-', 23, 511415.62, 755111.57, 25.94);
insert into STATION values (564, '-', 23, 511414.34, 755111.22, 25.96);
insert into STATION values (565, '-', 23, 511412.69, 755111.30, 25.95);
insert into STATION values (566, '-', 23, 511411.55, 755111.86, 25.96);
insert into STATION values (567, '-', 23, 511417.90, 755112.15, 26.23);
insert into STATION values (568, '-', 23, 511416.12, 755113.24, 26.24);
insert into STATION values (569, '-', 23, 511414.05, 755114.10, 26.24);
insert into STATION values (570, '-', 23, 511411.61, 755114.64, 26.32);
insert into STATION values (571, '-', 23, 511416.00, 755108.55, 26.39);
insert into STATION values (572, '-', 23, 511417.40, 755107.53, 26.19);
insert into STATION values (573, '-', 23, 511417.78, 755106.87, 26.13);
insert into STATION values (574, '-', 23, 511418.11, 755106.16, 26.10);
insert into STATION values (575, '-', 23, 511420.38, 755105.69, 26.40);
insert into STATION values (576, '-', 23, 511420.34, 755104.96, 26.43);
insert into STATION values (577, '-', 23, 511420.40, 755104.88, 26.95);
insert into STATION values (578, '-', 23, 511420.90, 755102.50, 27.22);
insert into STATION values (579, '-', 23, 511420.26, 755102.90, 26.46);
insert into STATION values (580, '-', 23, 511417.94, 755104.40, 25.96);
insert into STATION values (581, '-', 23, 511417.93, 755102.75, 25.98);
insert into STATION values (582, '-', 23, 511419.00, 755101.03, 26.02);
insert into STATION values (583, '-', 23, 511419.97, 755099.35, 25.98);
insert into STATION values (584, '-', 23, 511420.67, 755098.82, 26.00);
insert into STATION values (585, '-', 23, 511418.36, 755104.65, 26.41);
insert into STATION values (586, '-', 23, 511418.32, 755103.57, 26.46);
insert into STATION values (587, '-', 23, 511418.85, 755102.25, 26.65);
insert into STATION values (588, '-', 23, 511419.86, 755100.15, 26.88);
insert into STATION values (589, '-', 23, 511417.87, 755093.80, 28.61);
insert into STATION values (590, '1.35', 23, 511418.75, 755103.90, 26.35);
insert into STATION values (591, '-', 23, 511421.62, 755104.27, 25.93);
insert into STATION values (592, '-', 23, 511420.42, 755104.13, 26.29);
insert into STATION values (593, '-', 23, 511420.24, 755104.11, 26.75);
insert into STATION values (594, '-', 23, 511420.66, 755104.06, 26.98);
insert into STATION values (595, '-', 23, 511420.39, 755104.09, 27.03);
insert into STATION values (596, '-', 23, 511419.31, 755104.06, 27.15);
insert into STATION values (597, '-', 23, 511418.70, 755104.03, 27.23);
insert into STATION values (598, '-', 23, 511418.50, 755103.82, 27.26);
insert into STATION values (599, '-', 23, 511418.11, 755103.70, 27.32);
insert into STATION values (600, '-', 23, 511417.69, 755103.79, 27.36);
insert into STATION values (601, '-', 23, 511417.89, 755103.67, 27.21);
insert into STATION values (602, '-', 23, 511418.19, 755103.73, 26.84);
insert into STATION values (603, '-', 23, 511418.36, 755103.61, 26.50);
insert into STATION values (604, '-', 23, 511417.90, 755103.07, 26.04);
insert into STATION values (605, '-', 23, 511420.67, 755102.09, 26.57);
insert into STATION values (606, '-', 23, 511421.64, 755100.03, 26.59);
insert into STATION values (607, '-', 23, 511420.75, 755102.34, 26.30);
insert into STATION values (608, '-', 23, 511421.86, 755102.94, 26.00);
insert into STATION values (609, '1.36', 23, 511420.68, 755101.41, 26.69);
insert into STATION values (610, '-', 23, 511419.27, 755098.66, 26.34);
insert into STATION values (611, '-', 23, 511420.34, 755097.43, 26.24);
insert into STATION values (612, '-', 23, 511421.87, 755095.55, 26.08);
insert into STATION values (613, '1.37', 23, 511424.80, 755096.86, 26.85);
insert into STATION values (614, '-', 23, 511422.46, 755099.72, 27.00);
insert into STATION values (615, '-', 23, 511425.34, 755098.79, 25.92);
insert into STATION values (616, '-', 23, 511424.78, 755099.07, 25.88);
insert into STATION values (617, '-', 23, 511423.89, 755099.43, 25.89);
insert into STATION values (618, '-', 23, 511423.58, 755099.56, 25.88);
insert into STATION values (619, '-', 23, 511424.75, 755097.85, 26.59);
insert into STATION values (620, '-', 23, 511424.23, 755097.95, 26.58);
insert into STATION values (621, '-', 23, 511423.85, 755098.05, 26.62);
insert into STATION values (622, '-', 23, 511423.41, 755098.02, 26.65);
insert into STATION values (623, '-', 23, 511423.38, 755097.56, 26.81);
insert into STATION values (624, '-', 23, 511423.56, 755097.22, 26.80);
insert into STATION values (625, '-', 23, 511423.91, 755096.91, 26.87);
insert into STATION values (626, '-', 23, 511424.13, 755096.40, 26.85);
insert into STATION values (627, '-', 23, 511423.03, 755095.61, 25.90);
insert into STATION values (628, '-', 23, 511422.54, 755096.36, 25.89);
insert into STATION values (629, '-', 23, 511422.11, 755097.03, 25.90);
insert into STATION values (630, '-', 23, 511421.37, 755097.77, 25.90);
insert into STATION values (631, '-', 23, 511421.92, 755094.73, 26.08);
insert into STATION values (632, '-', 23, 511423.71, 755095.79, 27.86);
insert into STATION values (633, '-', 23, 511424.73, 755096.72, 27.62);
insert into STATION values (634, '-', 23, 511423.01, 755095.71, 25.88);
insert into STATION values (635, '-', 23, 511424.03, 755096.53, 26.66);
insert into STATION values (636, '-', 23, 511423.85, 755096.50, 27.56);
insert into STATION values (637, '-', 23, 511425.19, 755096.95, 27.07);
insert into STATION values (638, '-', 23, 511424.41, 755096.18, 26.87);
insert into STATION values (639, '-', 23, 511424.57, 755095.21, 26.90);
insert into STATION values (640, '-', 23, 511425.15, 755094.06, 26.78);
insert into STATION values (641, '-', 23, 511425.86, 755093.06, 26.81);
insert into STATION values (642, '-', 23, 511425.69, 755095.79, 27.09);
insert into STATION values (643, '-', 23, 511423.38, 755093.07, 25.97);
insert into STATION values (644, '-', 23, 511424.52, 755091.65, 26.07);
insert into STATION values (645, '-', 23, 511425.29, 755090.83, 26.07);
insert into STATION values (646, '-', 23, 511426.12, 755095.02, 27.14);
insert into STATION values (647, '1.38', 23, 511427.69, 755089.25, 26.10);
insert into STATION values (648, '-', 23, 511426.62, 755097.84, 25.94);
insert into STATION values (649, '-', 23, 511427.42, 755096.09, 26.16);
insert into STATION values (650, '-', 23, 511428.36, 755094.51, 26.23);
insert into STATION values (651, '-', 23, 511428.47, 755094.17, 26.22);
insert into STATION values (652, '-', 23, 511428.91, 755092.61, 26.21);
insert into STATION values (653, '-', 23, 511429.07, 755092.31, 26.09);
insert into STATION values (654, '-', 23, 511428.87, 755091.45, 26.40);
insert into STATION values (655, '-', 23, 511425.50, 755089.46, 26.61);
insert into STATION values (656, '-', 23, 511426.14, 755089.70, 25.87);
insert into STATION values (657, '-', 23, 511427.13, 755089.41, 26.89);
insert into STATION values (658, '-', 23, 511426.61, 755090.83, 27.24);
insert into STATION values (659, '-', 23, 511427.15, 755090.51, 26.99);
insert into STATION values (660, '-', 23, 511430.93, 755088.62, 26.05);
insert into STATION values (661, '-', 23, 511433.48, 755086.81, 25.95);
insert into STATION values (662, '-', 23, 511428.86, 755085.29, 26.55);
insert into STATION values (663, '-', 23, 511430.56, 755084.45, 26.55);
insert into STATION values (664, '-', 23, 511431.18, 755085.88, 25.94);
insert into STATION values (665, '-', 23, 511431.06, 755085.47, 26.09);
insert into STATION values (666, '-', 23, 511431.08, 755087.76, 25.68);
insert into STATION values (667, '-', 23, 511432.18, 755086.04, 25.60);
insert into STATION values (668, '-', 23, 511428.77, 755086.02, 25.59);
insert into STATION values (669, '-', 23, 511429.54, 755085.95, 25.55);
insert into STATION values (670, '1.39', 23, 511440.54, 755079.36, 25.80);
insert into STATION values (671, '-', 23, 511440.11, 755078.71, 25.97);
insert into STATION values (672, '-', 23, 511439.81, 755078.26, 26.43);
insert into STATION values (673, '-', 23, 511439.76, 755078.18, 26.64);
insert into STATION values (674, '-', 23, 511439.70, 755078.13, 26.85);
insert into STATION values (675, '-', 23, 511439.90, 755078.44, 26.87);
insert into STATION values (676, '-', 23, 511440.32, 755079.06, 26.94);
insert into STATION values (677, '-', 23, 511440.41, 755079.22, 26.98);
insert into STATION values (678, '-', 23, 511440.69, 755079.28, 26.96);
insert into STATION values (679, '-', 23, 511440.76, 755079.40, 26.64);
insert into STATION values (680, '-', 23, 511441.08, 755079.91, 28.18);
insert into STATION values (681, '-', 23, 511440.80, 755079.48, 26.74);
insert into STATION values (682, '-', 23, 511441.00, 755079.68, 27.32);
insert into STATION values (683, '-', 23, 511441.09, 755079.85, 27.01);
insert into STATION values (684, '-', 23, 511441.16, 755080.41, 26.66);
insert into STATION values (685, '-', 23, 511441.51, 755080.83, 26.38);
insert into STATION values (686, '-', 23, 511441.73, 755081.06, 26.12);
insert into STATION values (687, '-', 23, 511441.46, 755080.68, 25.91);
insert into STATION values (688, '-', 23, 511440.79, 755079.71, 25.55);
insert into STATION values (689, '-', 23, 511443.35, 755079.72, 26.20);
insert into STATION values (690, '-', 23, 511444.56, 755079.01, 26.18);
insert into STATION values (691, '-', 23, 511445.22, 755077.76, 26.28);
insert into STATION values (692, '-', 23, 511446.38, 755075.38, 26.25);
insert into STATION values (693, '-', 23, 511440.92, 755081.57, 26.22);
insert into STATION values (694, '-', 23, 511439.24, 755082.50, 26.21);
insert into STATION values (695, '-', 23, 511437.66, 755083.62, 26.17);
insert into STATION values (696, '-', 23, 511435.59, 755084.41, 26.16);
insert into STATION values (697, '-', 23, 511434.11, 755085.08, 26.21);
insert into STATION values (698, '-', 23, 511434.32, 755083.04, 26.59);
insert into STATION values (699, '-', 23, 511434.65, 755082.38, 26.65);
insert into STATION values (700, '-', 23, 511435.33, 755081.50, 26.69);
insert into STATION values (701, '-', 23, 511436.24, 755080.20, 26.69);
insert into STATION values (702, '-', 23, 511438.01, 755079.02, 26.71);
insert into STATION values (703, '-', 23, 511439.16, 755078.67, 26.70);
insert into STATION values (704, '-', 23, 511440.04, 755078.04, 26.62);
insert into STATION values (705, '-', 23, 511441.35, 755076.69, 26.68);
insert into STATION values (706, '-', 23, 511442.55, 755075.34, 26.78);
insert into STATION values (707, '-', 23, 511443.05, 755075.60, 26.26);
insert into STATION values (708, '-', 23, 511443.58, 755075.90, 26.15);
insert into STATION values (709, '1.40', 23, 511450.76, 755069.01, 26.42);
insert into STATION values (710, '-', 23, 511450.68, 755068.74, 26.53);
insert into STATION values (711, '-', 23, 511450.69, 755068.71, 26.75);
insert into STATION values (712, '-', 23, 511450.44, 755067.96, 27.82);
insert into STATION values (713, '-', 23, 511450.29, 755067.70, 28.69);
insert into STATION values (714, '-', 23, 511450.43, 755068.41, 28.66);
insert into STATION values (715, '-', 23, 511450.77, 755068.98, 28.53);
insert into STATION values (716, '-', 23, 511450.96, 755069.43, 28.47);
insert into STATION values (717, '-', 23, 511451.00, 755069.57, 28.44);
insert into STATION values (718, '-', 23, 511451.12, 755069.44, 27.97);
insert into STATION values (719, '-', 23, 511450.90, 755069.47, 27.53);
insert into STATION values (720, '-', 23, 511450.89, 755069.29, 27.02);
insert into STATION values (721, '-', 23, 511451.15, 755069.44, 26.95);
insert into STATION values (722, '-', 23, 511451.39, 755069.87, 26.97);
insert into STATION values (723, '-', 23, 511451.62, 755070.59, 26.68);
insert into STATION values (724, '-', 23, 511451.96, 755071.02, 26.36);
insert into STATION values (725, '-', 23, 511451.61, 755070.55, 26.13);
insert into STATION values (726, '-', 23, 511451.35, 755070.19, 25.85);
insert into STATION values (727, '-', 23, 511451.40, 755070.31, 25.23);
insert into STATION values (728, '-', 23, 511451.43, 755070.27, 25.20);
insert into STATION values (729, '-', 23, 511451.04, 755069.01, 25.24);
insert into STATION values (730, '-', 23, 511443.13, 755074.93, 26.84);
insert into STATION values (731, '-', 23, 511442.79, 755073.63, 27.13);
insert into STATION values (732, '-', 23, 511442.52, 755072.87, 27.14);
insert into STATION values (733, '-', 23, 511443.60, 755071.30, 27.39);
insert into STATION values (734, '-', 23, 511445.59, 755070.36, 27.29);
insert into STATION values (735, '-', 23, 511447.17, 755069.80, 27.20);
insert into STATION values (736, '-', 23, 511448.27, 755069.04, 27.37);
insert into STATION values (737, '-', 23, 511449.19, 755068.42, 27.41);
insert into STATION values (738, '-', 23, 511449.96, 755068.09, 27.73);
insert into STATION values (739, '-', 23, 511451.81, 755067.92, 26.84);
insert into STATION values (740, '-', 23, 511454.00, 755067.02, 26.70);
insert into STATION values (741, '-', 23, 511455.45, 755066.67, 26.56);
insert into STATION values (742, '-', 23, 511458.00, 755066.40, 26.46);
insert into STATION values (743, '-', 23, 511447.05, 755072.60, 26.57);
insert into STATION values (744, '-', 23, 511448.30, 755072.38, 26.47);
insert into STATION values (745, '-', 23, 511449.60, 755072.08, 26.46);
insert into STATION values (746, '-', 23, 511451.87, 755071.10, 26.39);
insert into STATION values (747, '-', 23, 511453.39, 755070.17, 26.46);
insert into STATION values (748, '-', 23, 511455.38, 755069.83, 26.33);
insert into STATION values (749, '-', 23, 511457.95, 755069.36, 26.20);
insert into STATION values (750, '-', 23, 511460.18, 755068.98, 26.09);
insert into STATION values (751, '-', 23, 511461.98, 755067.85, 26.15);
insert into STATION values (752, '-', 23, 511463.48, 755066.62, 26.04);
insert into STATION values (753, '1.41', 23, 511463.53, 755065.09, 25.62);
insert into STATION values (754, '-', 23, 511462.51, 755063.76, 25.25);
insert into STATION values (755, '-', 23, 511462.31, 755063.60, 25.41);
insert into STATION values (756, '-', 23, 511462.51, 755063.71, 25.67);
insert into STATION values (757, '-', 23, 511462.32, 755063.56, 25.95);
insert into STATION values (758, '-', 23, 511462.02, 755063.24, 26.25);
insert into STATION values (759, '-', 23, 511461.78, 755062.96, 26.52);
insert into STATION values (760, '-', 23, 511461.78, 755063.06, 26.81);
insert into STATION values (761, '-', 23, 511462.27, 755063.88, 26.91);
insert into STATION values (762, '-', 23, 511462.17, 755064.08, 27.23);
insert into STATION values (763, '-', 23, 511461.71, 755063.67, 28.44);
insert into STATION values (764, '-', 23, 511462.38, 755064.18, 28.37);
insert into STATION values (765, '-', 23, 511462.79, 755064.57, 28.28);
insert into STATION values (766, '-', 23, 511463.37, 755064.82, 28.12);
insert into STATION values (767, '-', 23, 511463.46, 755064.89, 27.92);
insert into STATION values (768, '-', 23, 511463.68, 755065.02, 26.96);
insert into STATION values (769, '-', 23, 511463.78, 755065.41, 26.71);
insert into STATION values (770, '-', 23, 511463.98, 755065.67, 26.60);
insert into STATION values (771, '-', 23, 511464.21, 755065.95, 26.45);
insert into STATION values (772, '-', 23, 511464.30, 755066.19, 26.14);
insert into STATION values (773, '-', 23, 511464.31, 755066.24, 26.04);
insert into STATION values (774, '-', 23, 511464.09, 755066.31, 26.10);
insert into STATION values (775, '-', 23, 511463.52, 755066.59, 26.11);
insert into STATION values (776, '-', 23, 511462.81, 755067.10, 26.15);
insert into STATION values (777, '-', 23, 511461.73, 755067.85, 26.18);
insert into STATION values (778, '-', 23, 511460.44, 755068.59, 26.21);
insert into STATION values (779, '-', 23, 511458.79, 755068.94, 26.30);
insert into STATION values (780, '-', 23, 511465.49, 755065.16, 26.08);
insert into STATION values (781, '-', 23, 511466.19, 755063.86, 26.16);
insert into STATION values (782, '-', 23, 511466.86, 755062.44, 26.28);
insert into STATION values (783, '-', 23, 511468.10, 755060.46, 26.15);
insert into STATION values (784, '-', 23, 511468.46, 755059.15, 26.17);
insert into STATION values (785, '-', 23, 511458.72, 755065.89, 26.37);
insert into STATION values (786, '-', 23, 511459.57, 755065.51, 26.26);
insert into STATION values (787, '-', 23, 511460.37, 755064.84, 26.42);
insert into STATION values (788, '-', 23, 511461.67, 755063.18, 26.43);
insert into STATION values (789, '-', 23, 511463.12, 755063.69, 25.63);
insert into STATION values (790, '-', 23, 511463.54, 755063.53, 25.62);
insert into STATION values (791, '-', 23, 511464.04, 755063.36, 25.59);
insert into STATION values (792, '-', 23, 511463.62, 755064.90, 25.63);
insert into STATION values (793, '-', 23, 511465.29, 755061.87, 25.75);
insert into STATION values (794, '-', 23, 511465.79, 755061.44, 25.76);
insert into STATION values (795, '-', 23, 511465.92, 755061.35, 25.79);
insert into STATION values (796, '-', 23, 511462.15, 755062.71, 26.69);
insert into STATION values (797, '-', 23, 511462.68, 755061.71, 26.68);
insert into STATION values (798, '-', 23, 511463.13, 755061.09, 26.78);
insert into STATION values (799, '-', 23, 511463.68, 755060.43, 26.94);
insert into STATION values (800, '-', 23, 511464.32, 755060.07, 27.03);
insert into STATION values (801, '-', 23, 511464.77, 755060.04, 27.04);
insert into STATION values (802, '-', 23, 511466.69, 755061.10, 25.80);
insert into STATION values (803, '-', 23, 511466.54, 755060.76, 25.79);
insert into STATION values (804, '-', 23, 511466.73, 755062.25, 26.09);
insert into STATION values (805, '-', 23, 511462.52, 755065.67, 25.51);
insert into STATION values (806, '-', 23, 511459.38, 755067.25, 25.49);
insert into STATION values (807, '-', 23, 511457.45, 755067.83, 25.41);
insert into STATION values (808, '-', 23, 511456.61, 755067.55, 25.57);
insert into STATION values (809, '-', 23, 511453.60, 755068.15, 25.69);
insert into STATION values (810, '1.42', 23, 511468.31, 755059.05, 26.49);
insert into STATION values (811, '-', 23, 511467.05, 755058.60, 26.19);
insert into STATION values (812, '-', 23, 511467.10, 755059.33, 26.38);
insert into STATION values (813, '-', 23, 511467.07, 755059.83, 26.36);
insert into STATION values (814, '-', 23, 511466.97, 755060.07, 26.36);
insert into STATION values (815, '-', 23, 511465.94, 755060.98, 26.27);
insert into STATION values (816, '-', 23, 511465.85, 755061.20, 26.25);
insert into STATION values (817, '-', 23, 511468.29, 755059.05, 26.95);
insert into STATION values (818, '-', 23, 511468.39, 755058.99, 25.22);
insert into STATION values (819, '-', 23, 511468.62, 755059.31, 26.54);
insert into STATION values (820, '-', 23, 511467.39, 755058.38, 26.00);
insert into STATION values (821, '-', 23, 511467.34, 755058.33, 26.33);
insert into STATION values (822, '-', 23, 511467.29, 755058.12, 26.69);
insert into STATION values (823, '-', 23, 511467.20, 755057.92, 26.97);
insert into STATION values (824, '-', 23, 511467.22, 755057.90, 27.23);
insert into STATION values (825, '-', 23, 511467.72, 755058.53, 27.04);
insert into STATION values (826, '-', 23, 511468.09, 755058.87, 26.97);
insert into STATION values (827, '-', 23, 511468.44, 755059.18, 26.74);
insert into STATION values (828, '-', 23, 511468.55, 755059.14, 26.20);
insert into STATION values (829, '-', 23, 511468.43, 755059.00, 25.87);
insert into STATION values (830, '-', 23, 511467.29, 755058.45, 25.33);
insert into STATION values (831, '-', 23, 511467.07, 755058.33, 25.53);
insert into STATION values (832, '-', 23, 511467.83, 755057.96, 26.27);
insert into STATION values (833, '-', 23, 511468.41, 755057.49, 26.25);
insert into STATION values (834, '-', 23, 511469.15, 755056.66, 26.29);
insert into STATION values (835, '-', 23, 511469.80, 755056.46, 26.25);
insert into STATION values (836, '-', 23, 511469.57, 755055.63, 25.76);
insert into STATION values (837, '-', 23, 511471.01, 755055.24, 25.66);
insert into STATION values (838, '-', 23, 511468.95, 755058.49, 26.32);
insert into STATION values (839, '-', 23, 511468.99, 755058.39, 25.97);
insert into STATION values (840, '1.43', 23, 511468.69, 755057.25, 25.74);
insert into STATION values (841, '-', 23, 511469.79, 755055.56, 25.82);
insert into STATION values (842, '-', 23, 511471.22, 755055.31, 25.63);
insert into STATION values (843, '-', 23, 511473.67, 755057.14, 26.64);
insert into STATION values (844, '-', 23, 511475.17, 755056.08, 26.40);
insert into STATION values (845, '-', 23, 511476.20, 755054.96, 26.45);
insert into STATION values (846, '-', 23, 511470.63, 755058.00, 26.61);
insert into STATION values (847, '-', 23, 511471.21, 755057.64, 26.63);
insert into STATION values (848, '-', 23, 511469.46, 755058.54, 26.69);
insert into STATION values (849, '1.44', 23, 511474.84, 755055.05, 25.87);
insert into STATION values (850, '-', 23, 511474.37, 755054.65, 26.00);
insert into STATION values (851, '-', 23, 511473.77, 755055.03, 25.92);
insert into STATION values (852, '-', 23, 511473.34, 755055.26, 25.91);
insert into STATION values (853, '-', 23, 511471.44, 755055.85, 26.16);
insert into STATION values (854, '-', 23, 511472.79, 755055.58, 25.92);
insert into STATION values (855, '-', 23, 511473.72, 755057.33, 26.35);
insert into STATION values (856, '-', 23, 511471.61, 755057.55, 26.52);
insert into STATION values (857, '-', 23, 511475.44, 755056.03, 26.48);
insert into STATION values (858, '-', 23, 511476.02, 755055.29, 26.48);
insert into STATION values (859, '-', 23, 511476.36, 755054.63, 26.45);
insert into STATION values (860, '-', 23, 511476.57, 755053.73, 26.71);
insert into STATION values (861, '-', 23, 511466.95, 755058.84, 26.27);
insert into STATION values (862, '-', 23, 511474.53, 755052.82, 25.83);
insert into STATION values (863, '-', 23, 511475.18, 755051.70, 25.94);
insert into STATION values (864, '-', 23, 511476.16, 755050.90, 25.96);
insert into STATION values (865, '-', 23, 511477.41, 755050.20, 25.96);
insert into STATION values (866, '-', 23, 511478.26, 755050.08, 25.91);
insert into STATION values (867, '-', 23, 511476.74, 755053.48, 26.81);
insert into STATION values (868, '-', 23, 511474.76, 755054.89, 26.93);
insert into STATION values (869, '-', 23, 511474.72, 755055.11, 26.90);
insert into STATION values (870, '-', 23, 511474.47, 755054.42, 25.95);
insert into STATION values (871, '-', 23, 511475.55, 755055.82, 26.25);
insert into STATION values (872, '-', 23, 511474.87, 755054.99, 25.25);
insert into STATION values (873, '1.45', 23, 511476.82, 755051.61, 26.24);
insert into STATION values (874, '-', 23, 511477.34, 755053.45, 26.81);
insert into STATION values (875, '-', 23, 511476.83, 755053.45, 26.76);
insert into STATION values (876, '-', 23, 511474.87, 755056.63, 26.41);
insert into STATION values (877, '-', 23, 511476.84, 755051.58, 27.36);
insert into STATION values (878, '-', 23, 511476.91, 755052.17, 28.75);
insert into STATION values (879, '-', 23, 511476.60, 755051.09, 26.77);
insert into STATION values (880, '-', 23, 511476.64, 755051.10, 27.05);
insert into STATION values (881, '-', 23, 511476.61, 755051.02, 27.32);
insert into STATION values (882, '-', 23, 511476.85, 755051.60, 27.36);
insert into STATION values (883, '-', 23, 511476.79, 755051.36, 27.35);
insert into STATION values (884, '-', 23, 511477.02, 755052.08, 28.78);
insert into STATION values (885, '-', 23, 511477.25, 755052.70, 28.67);
insert into STATION values (886, '-', 23, 511477.32, 755052.85, 28.86);
insert into STATION values (887, '-', 23, 511476.96, 755052.95, 28.09);
insert into STATION values (888, '-', 23, 511477.12, 755052.45, 27.70);
insert into STATION values (889, '-', 23, 511477.21, 755052.63, 27.26);
insert into STATION values (890, '-', 23, 511477.32, 755053.17, 27.06);
insert into STATION values (891, '-', 23, 511477.31, 755053.02, 26.96);
insert into STATION values (892, '-', 23, 511477.48, 755053.24, 26.78);
insert into STATION values (893, '-', 23, 511477.38, 755052.78, 26.38);
insert into STATION values (894, '-', 23, 511477.09, 755052.51, 26.04);
insert into STATION values (895, '-', 23, 511478.11, 755054.03, 25.53);
insert into STATION values (896, '-', 23, 511479.06, 755053.27, 26.66);
insert into STATION values (897, '-', 23, 511480.67, 755053.04, 26.44);
insert into STATION values (898, '-', 23, 511481.70, 755053.39, 26.57);
insert into STATION values (899, '-', 23, 511477.77, 755050.94, 27.05);
insert into STATION values (900, '-', 23, 511480.62, 755050.54, 27.17);
insert into STATION values (901, '-', 23, 511479.57, 755050.62, 27.07);
insert into STATION values (902, '-', 23, 511479.25, 755050.15, 25.36);
insert into STATION values (903, '-', 23, 511480.52, 755050.78, 25.44);
insert into STATION values (904, '-', 23, 511482.38, 755051.18, 25.30);
insert into STATION values (905, '-', 23, 511483.70, 755051.83, 25.30);
insert into STATION values (906, '-', 23, 511485.18, 755052.43, 25.29);
insert into STATION values (907, '1.46', 23, 511486.46, 755054.02, 25.89);
insert into STATION values (908, '-', 23, 511486.10, 755055.03, 25.35);
insert into STATION values (909, '-', 23, 511486.01, 755055.07, 25.64);
insert into STATION values (910, '-', 23, 511485.88, 755055.34, 25.84);
insert into STATION values (911, '-', 23, 511485.70, 755055.82, 26.01);
insert into STATION values (912, '-', 23, 511485.75, 755055.72, 26.17);
insert into STATION values (913, '-', 23, 511486.23, 755054.68, 26.40);
insert into STATION values (914, '-', 23, 511486.34, 755054.32, 26.47);
insert into STATION values (915, '-', 23, 511486.50, 755054.00, 26.49);
insert into STATION values (916, '-', 23, 511486.52, 755053.75, 26.52);
insert into STATION values (917, '-', 23, 511486.63, 755053.47, 26.55);
insert into STATION values (918, '-', 23, 511486.72, 755053.17, 26.67);
insert into STATION values (919, '-', 23, 511487.63, 755051.64, 27.34);
insert into STATION values (920, '-', 23, 511487.58, 755051.55, 26.93);
insert into STATION values (921, '-', 23, 511487.97, 755050.71, 26.85);
insert into STATION values (922, '-', 23, 511487.62, 755050.77, 26.72);
insert into STATION values (923, '-', 23, 511486.49, 755054.11, 25.24);
insert into STATION values (924, '-', 23, 511487.28, 755050.52, 26.93);
insert into STATION values (925, '-', 23, 511486.45, 755050.47, 27.05);
insert into STATION values (926, '-', 23, 511485.83, 755050.39, 27.33);
insert into STATION values (927, '-', 23, 511485.03, 755050.23, 27.13);
insert into STATION values (928, '-', 23, 511483.99, 755050.02, 27.13);
insert into STATION values (929, '-', 23, 511482.68, 755050.04, 27.03);
insert into STATION values (930, '-', 23, 511481.36, 755050.44, 26.93);
insert into STATION values (931, '-', 23, 511479.20, 755050.15, 26.97);
insert into STATION values (932, '-', 23, 511478.56, 755050.38, 26.99);
insert into STATION values (933, '-', 23, 511479.78, 755052.85, 26.58);
insert into STATION values (934, '-', 23, 511481.73, 755053.41, 26.40);
insert into STATION values (935, '-', 23, 511482.91, 755054.03, 26.31);
insert into STATION values (936, '-', 23, 511484.31, 755054.81, 26.20);
insert into STATION values (937, '-', 23, 511485.23, 755055.55, 26.07);
insert into STATION values (938, '-', 23, 511486.01, 755055.94, 26.08);
insert into STATION values (939, '-', 23, 511486.83, 755056.29, 25.94);
insert into STATION values (940, '-', 23, 511487.62, 755056.43, 25.88);
insert into STATION values (941, '-', 23, 511488.09, 755056.61, 25.82);
insert into STATION values (942, '-', 23, 511489.53, 755057.13, 25.66);
insert into STATION values (943, '-', 23, 511491.17, 755057.66, 25.53);
insert into STATION values (944, '-', 23, 511492.18, 755057.90, 25.46);
insert into STATION values (945, '-', 23, 511493.72, 755057.95, 25.39);
insert into STATION values (946, '-', 23, 511495.22, 755057.91, 25.39);
insert into STATION values (947, '-', 23, 511496.83, 755057.77, 25.36);
insert into STATION values (948, '-', 23, 511497.57, 755057.19, 25.39);
insert into STATION values (949, '-', 23, 511488.46, 755051.05, 26.77);
insert into STATION values (950, '-', 23, 511489.81, 755052.26, 26.64);
insert into STATION values (951, '-', 23, 511492.04, 755052.02, 26.49);
insert into STATION values (952, '-', 23, 511487.75, 755053.72, 25.98);
insert into STATION values (953, '-', 23, 511493.47, 755055.65, 25.25);
insert into STATION values (954, '-', 23, 511492.35, 755055.08, 25.28);
insert into STATION values (955, '-', 23, 511491.66, 755054.78, 25.25);
insert into STATION values (956, '-', 23, 511487.52, 755054.17, 25.39);
insert into STATION values (957, '-', 23, 511486.80, 755053.98, 25.47);
insert into STATION values (958, '-', 23, 511496.50, 755053.38, 26.38);
insert into STATION values (959, '1.47', 23, 511494.82, 755054.45, 26.83);
insert into STATION values (960, '-', 23, 511497.84, 755052.97, 25.58);
insert into STATION values (961, '-', 23, 511497.29, 755054.12, 25.51);
insert into STATION values (962, '-', 23, 511496.95, 755054.59, 25.51);
insert into STATION values (963, '-', 23, 511494.19, 755055.78, 25.33);
insert into STATION values (964, '-', 23, 511493.75, 755055.71, 25.34);
insert into STATION values (965, '-', 23, 511492.93, 755055.65, 25.11);
insert into STATION values (966, '-', 23, 511492.79, 755055.19, 25.42);
insert into STATION values (967, '-', 23, 511494.78, 755054.02, 27.71);
insert into STATION values (968, '-', 23, 511494.09, 755052.33, 26.11);
insert into STATION values (969, '-', 23, 511494.40, 755053.33, 27.05);
insert into STATION values (970, '-', 23, 511496.13, 755051.69, 26.24);
insert into STATION values (971, '-', 23, 511498.01, 755050.58, 26.29);
insert into STATION values (972, '-', 23, 511498.81, 755050.40, 26.27);
insert into STATION values (973, '-', 23, 511494.79, 755052.22, 26.07);
insert into STATION values (974, '1.48', 23, 511498.22, 755051.98, 26.00);
insert into STATION values (975, '-', 23, 511498.27, 755052.15, 25.45);
insert into STATION values (976, '-', 23, 511498.39, 755052.50, 25.19);
insert into STATION values (977, '-', 23, 511498.56, 755052.70, 25.14);
insert into STATION values (978, '-', 23, 511499.53, 755054.13, 25.15);
insert into STATION values (979, '-', 23, 511499.72, 755054.32, 25.30);
insert into STATION values (980, '-', 23, 511499.94, 755054.71, 25.63);
insert into STATION values (981, '-', 23, 511499.39, 755053.82, 25.97);
insert into STATION values (982, '-', 23, 511499.06, 755053.27, 26.22);
insert into STATION values (983, '-', 23, 511498.62, 755052.88, 26.34);
insert into STATION values (984, '-', 23, 511498.51, 755052.72, 26.46);
insert into STATION values (985, '-', 23, 511498.60, 755052.40, 26.74);
insert into STATION values (986, '-', 23, 511498.49, 755052.20, 26.85);
insert into STATION values (987, '-', 23, 511498.58, 755052.33, 27.80);
insert into STATION values (988, '-', 23, 511498.40, 755051.95, 27.87);
insert into STATION values (989, '-', 23, 511498.47, 755051.73, 27.91);
insert into STATION values (990, '-', 23, 511497.91, 755051.72, 27.23);
insert into STATION values (991, '-', 23, 511500.19, 755054.64, 25.57);
insert into STATION values (992, '-', 23, 511499.40, 755055.15, 25.55);
insert into STATION values (993, '-', 23, 511499.00, 755055.68, 25.45);
insert into STATION values (994, '-', 23, 511498.57, 755056.47, 25.33);
insert into STATION values (995, '-', 23, 511498.16, 755056.81, 25.30);
insert into STATION values (996, '-', 23, 511498.19, 755052.68, 25.36);
insert into STATION values (997, '-', 23, 511500.10, 755054.69, 25.51);
insert into STATION values (998, '-', 23, 511500.98, 755054.07, 25.56);
insert into STATION values (999, '-', 23, 511502.16, 755053.75, 25.63);
insert into STATION values (1000, '-', 23, 511503.17, 755053.50, 25.74);
insert into STATION values (1001, '-', 23, 511504.10, 755053.51, 25.63);
insert into STATION values (1002, '-', 23, 511502.78, 755049.88, 26.05);
insert into STATION values (1003, '-', 23, 511503.43, 755050.08, 26.04);
insert into STATION values (1004, '-', 23, 511505.62, 755050.77, 25.90);
insert into STATION values (1005, '-', 23, 511507.30, 755051.36, 25.73);
insert into STATION values (1006, '-', 23, 511508.89, 755051.75, 25.62);
insert into STATION values (1007, '-', 23, 511499.47, 755051.78, 26.92);
insert into STATION values (1008, '-', 23, 511499.22, 755052.51, 26.42);
insert into STATION values (1009, '-', 23, 511500.91, 755052.24, 26.36);
insert into STATION values (1010, '1.49', 23, 511508.19, 755051.88, 25.47);
insert into STATION values (1011, '-', 23, 511508.13, 755051.95, 26.04);
insert into STATION values (1012, '-', 23, 511508.28, 755051.63, 25.72);
insert into STATION values (1013, '-', 23, 511506.81, 755054.81, 25.82);
insert into STATION values (1014, '-', 23, 511507.23, 755054.01, 25.17);
insert into STATION values (1015, '-', 23, 511505.30, 755053.90, 25.72);
insert into STATION values (1016, '-', 23, 511504.37, 755053.38, 25.59);
insert into STATION values (1017, '-', 23, 511503.54, 755053.24, 25.65);
insert into STATION values (1018, '-', 23, 511507.38, 755052.92, 26.48);
insert into STATION values (1019, '-', 23, 511509.62, 755052.10, 25.62);
insert into STATION values (1020, '-', 23, 511510.42, 755052.48, 25.54);
insert into STATION values (1021, '-', 23, 511512.05, 755053.50, 25.40);
insert into STATION values (1022, '-', 23, 511513.35, 755054.64, 25.46);
insert into STATION values (1023, '-', 23, 511513.70, 755055.00, 25.48);
insert into STATION values (1024, '-', 23, 511507.38, 755055.35, 25.91);
insert into STATION values (1025, '-', 23, 511514.74, 755061.49, 26.04);
insert into STATION values (1026, '-', 23, 511513.67, 755061.09, 26.05);
insert into STATION values (1027, '-', 23, 511512.19, 755060.12, 26.23);
insert into STATION values (1028, '-', 23, 511511.58, 755059.90, 26.29);
insert into STATION values (1029, '-', 23, 511508.57, 755056.69, 26.05);
insert into STATION values (1030, '-', 23, 511508.42, 755056.48, 26.04);
insert into STATION values (1031, '-', 23, 511507.79, 755054.35, 25.18);
insert into STATION values (1032, '-', 23, 511508.52, 755054.09, 25.17);
insert into STATION values (1033, '-', 23, 511509.48, 755054.65, 25.18);
insert into STATION values (1034, '-', 23, 511509.85, 755054.75, 25.18);
insert into STATION values (1035, '-', 23, 511510.55, 755055.16, 25.19);
insert into STATION values (1036, '-', 23, 511511.38, 755055.68, 25.18);
insert into STATION values (1037, '-', 23, 511511.44, 755055.82, 25.28);
insert into STATION values (1038, '-', 23, 511512.46, 755057.03, 25.24);
insert into STATION values (1039, '-', 23, 511513.42, 755057.86, 25.23);
insert into STATION values (1040, '-', 23, 511515.09, 755059.14, 25.26);
insert into STATION values (1041, '-', 23, 511508.16, 755053.61, 26.31);
insert into STATION values (1042, '-', 23, 511508.63, 755054.01, 26.28);
insert into STATION values (1043, '-', 23, 511509.38, 755054.64, 26.22);
insert into STATION values (1044, '-', 23, 511510.42, 755055.11, 26.09);
insert into STATION values (1045, '-', 23, 511510.75, 755055.14, 25.95);
insert into STATION values (1046, '-', 23, 511511.56, 755055.65, 25.87);
insert into STATION values (1047, '-', 23, 511512.38, 755056.07, 25.80);
insert into STATION values (1048, '-', 23, 511513.57, 755056.88, 25.70);
insert into STATION values (1049, '1.50', 23, 511516.23, 755060.20, 25.45);
insert into STATION values (1050, '-', 23, 511515.72, 755060.92, 25.57);
insert into STATION values (1051, '-', 23, 511515.46, 755061.34, 25.88);
insert into STATION values (1052, '-', 23, 511515.36, 755061.42, 26.08);
insert into STATION values (1053, '-', 23, 511515.20, 755061.59, 26.04);
insert into STATION values (1054, '-', 23, 511515.59, 755061.01, 26.15);
insert into STATION values (1055, '-', 23, 511515.93, 755060.62, 26.22);
insert into STATION values (1056, '-', 23, 511516.19, 755060.20, 26.35);
insert into STATION values (1057, '-', 23, 511516.17, 755059.91, 26.41);
insert into STATION values (1058, '-', 23, 511516.39, 755059.73, 26.42);
insert into STATION values (1059, '-', 23, 511516.49, 755059.44, 26.48);
insert into STATION values (1060, '-', 23, 511516.56, 755058.95, 26.59);
insert into STATION values (1061, '-', 23, 511516.84, 755058.21, 26.66);
insert into STATION values (1062, '-', 23, 511517.17, 755057.71, 26.72);
insert into STATION values (1063, '-', 23, 511517.03, 755058.00, 26.55);
insert into STATION values (1064, '-', 23, 511516.91, 755058.35, 26.32);
insert into STATION values (1065, '-', 23, 511516.82, 755058.50, 26.14);
insert into STATION values (1066, '-', 23, 511516.80, 755058.68, 25.75);
insert into STATION values (1067, '-', 23, 511516.85, 755058.58, 25.51);
insert into STATION values (1068, '-', 23, 511516.87, 755058.52, 25.39);
insert into STATION values (1069, '-', 23, 511516.32, 755060.18, 25.16);
insert into STATION values (1070, '-', 23, 511517.30, 755058.15, 25.17);
insert into STATION values (1071, '-', 23, 511512.62, 755060.33, 26.19);
insert into STATION values (1072, '-', 23, 511516.84, 755057.72, 25.22);
insert into STATION values (1073, '-', 23, 511515.95, 755057.29, 25.32);
insert into STATION values (1074, '-', 23, 511515.37, 755056.83, 25.37);
insert into STATION values (1075, '-', 23, 511514.85, 755056.76, 25.49);
insert into STATION values (1076, '-', 23, 511516.73, 755058.63, 25.70);
insert into STATION values (1077, '-', 23, 511516.37, 755058.53, 25.71);
insert into STATION values (1078, '-', 23, 511515.90, 755058.21, 25.75);
insert into STATION values (1079, '-', 23, 511515.09, 755057.74, 25.83);
insert into STATION values (1080, '-', 23, 511514.19, 755057.24, 25.85);
insert into STATION values (1081, '-', 23, 511513.37, 755056.69, 25.84);
insert into STATION values (1082, '-', 23, 511512.20, 755055.91, 26.11);
insert into STATION values (1083, '-', 23, 511516.99, 755062.59, 25.88);
insert into STATION values (1084, '-', 23, 511518.15, 755063.47, 25.72);
insert into STATION values (1085, '-', 23, 511519.29, 755064.49, 25.57);
insert into STATION values (1086, '-', 23, 511520.31, 755064.66, 25.53);
insert into STATION values (1087, '-', 23, 511522.46, 755065.92, 25.48);
insert into STATION values (1088, '-', 23, 511524.60, 755067.13, 25.33);
insert into STATION values (1089, '-', 23, 511517.81, 755058.53, 25.17);
insert into STATION values (1090, '-', 23, 511518.23, 755058.81, 25.17);
insert into STATION values (1091, '-', 23, 511519.19, 755059.32, 25.19);
insert into STATION values (1092, '-', 23, 511519.58, 755059.60, 25.43);
insert into STATION values (1093, '-', 23, 511524.88, 755058.82, 26.40);
insert into STATION values (1094, '-', 23, 511526.16, 755058.22, 26.45);
insert into STATION values (1095, '-', 23, 511518.66, 755059.33, 25.39);
insert into STATION values (1096, '-', 23, 511519.68, 755059.64, 25.30);
insert into STATION values (1097, '-', 23, 511520.19, 755060.24, 25.28);
insert into STATION values (1098, '-', 23, 511520.63, 755060.90, 25.27);
insert into STATION values (1099, '-', 23, 511520.91, 755061.67, 25.26);
insert into STATION values (1100, '-', 23, 511521.33, 755062.38, 25.26);
insert into STATION values (1101, '-', 23, 511521.82, 755062.99, 25.26);
insert into STATION values (1102, '-', 23, 511517.04, 755060.50, 25.37);
insert into STATION values (1103, '-', 23, 511519.16, 755062.41, 25.36);
insert into STATION values (1104, '1.51', 23, 511525.41, 755063.43, 25.94);
insert into STATION values (1105, '-', 23, 511525.34, 755063.69, 27.10);
insert into STATION values (1106, '-', 23, 511527.03, 755058.66, 26.36);
insert into STATION values (1107, '-', 23, 511525.86, 755058.30, 26.32);
insert into STATION values (1108, '-', 23, 511525.54, 755057.46, 26.46);
insert into STATION values (1109, '-', 23, 511524.78, 755057.51, 26.47);
insert into STATION values (1110, '-', 23, 511524.45, 755057.30, 26.49);
insert into STATION values (1111, '-', 23, 511523.92, 755057.32, 26.46);
insert into STATION values (1112, '-', 23, 511523.23, 755056.76, 26.59);
insert into STATION values (1113, '-', 23, 511522.87, 755056.60, 26.62);
insert into STATION values (1114, '-', 23, 511522.22, 755057.08, 26.51);
insert into STATION values (1115, '-', 23, 511521.73, 755057.07, 26.52);
insert into STATION values (1116, '-', 23, 511520.48, 755056.06, 26.65);
insert into STATION values (1117, '-', 23, 511519.23, 755057.77, 26.49);
insert into STATION values (1118, '-', 23, 511527.83, 755064.75, 25.80);
insert into STATION values (1119, '-', 23, 511527.84, 755064.73, 25.80);
insert into STATION values (1120, '-', 23, 511528.45, 755065.41, 25.74);
insert into STATION values (1121, '-', 23, 511529.76, 755062.29, 25.78);
insert into STATION values (1122, '-', 23, 511529.65, 755063.45, 25.57);
insert into STATION values (1123, '-', 23, 511529.65, 755064.25, 25.51);
insert into STATION values (1124, '-', 23, 511524.25, 755068.76, 26.42);
insert into STATION values (1125, '-', 23, 511525.20, 755069.40, 26.30);
insert into STATION values (1126, '-', 23, 511525.86, 755070.08, 26.20);
insert into STATION values (1127, '-', 23, 511526.74, 755071.72, 26.17);
insert into STATION values (1128, '-', 23, 511527.51, 755072.22, 26.14);
insert into STATION values (1129, '-', 23, 511525.11, 755067.18, 25.19);
insert into STATION values (1130, '-', 23, 511526.22, 755067.77, 25.20);
insert into STATION values (1131, '-', 23, 511527.32, 755068.44, 25.24);
insert into STATION values (1132, '-', 23, 511528.58, 755069.68, 25.19);
insert into STATION values (1133, '-', 23, 511530.13, 755071.32, 25.22);
insert into STATION values (1134, '-', 23, 511531.09, 755071.99, 25.24);
insert into STATION values (1135, '-', 23, 511524.72, 755065.21, 25.75);
insert into STATION values (1136, '-', 23, 511524.42, 755064.67, 25.82);
insert into STATION values (1137, '-', 23, 511524.03, 755064.28, 25.81);
insert into STATION values (1138, '-', 23, 511523.24, 755063.84, 25.81);
insert into STATION values (1139, '-', 23, 511522.34, 755063.13, 25.97);
insert into STATION values (1140, '-', 23, 511521.43, 755061.70, 26.12);
insert into STATION values (1141, '-', 23, 511524.71, 755065.23, 25.73);
insert into STATION values (1142, '1.52', 23, 511529.14, 755074.30, 25.67);
insert into STATION values (1143, '-', 23, 511527.85, 755072.48, 26.10);
insert into STATION values (1144, '-', 23, 511527.37, 755071.59, 26.31);
insert into STATION values (1145, '-', 23, 511527.52, 755072.68, 26.56);
insert into STATION values (1146, '-', 23, 511527.16, 755072.61, 26.69);
insert into STATION values (1147, '-', 23, 511525.48, 755071.34, 27.14);
insert into STATION values (1148, '-', 23, 511524.82, 755071.29, 27.35);
insert into STATION values (1149, '-', 23, 511524.19, 755071.42, 27.42);
insert into STATION values (1150, '-', 23, 511527.77, 755073.64, 26.13);
insert into STATION values (1151, '-', 23, 511524.02, 755072.25, 27.45);
insert into STATION values (1152, '-', 23, 511524.88, 755072.95, 27.73);
insert into STATION values (1153, '-', 23, 511526.61, 755073.68, 26.65);
insert into STATION values (1154, '-', 23, 511527.35, 755074.16, 26.31);
insert into STATION values (1155, '-', 23, 511527.82, 755075.06, 25.96);
insert into STATION values (1156, '-', 23, 511530.83, 755068.71, 25.38);
insert into STATION values (1157, '-', 23, 511531.88, 755069.81, 25.36);
insert into STATION values (1158, '-', 23, 511533.05, 755070.94, 25.32);
insert into STATION values (1159, '-', 23, 511534.22, 755071.34, 25.27);
insert into STATION values (1160, '-', 23, 511529.59, 755066.69, 25.41);
insert into STATION values (1161, '-', 23, 511529.20, 755066.13, 25.37);
insert into STATION values (1162, '-', 23, 511528.09, 755065.70, 25.36);
insert into STATION values (1163, '-', 23, 511528.85, 755065.96, 25.34);
insert into STATION values (1164, '-', 23, 511530.22, 755071.48, 25.45);
insert into STATION values (1165, '-', 23, 511531.41, 755072.87, 25.41);
insert into STATION values (1166, '-', 23, 511535.40, 755072.41, 25.20);
insert into STATION values (1167, '-', 23, 511535.95, 755073.27, 25.20);
insert into STATION values (1168, '-', 23, 511535.98, 755072.70, 25.19);
insert into STATION values (1169, '-', 23, 511535.66, 755072.57, 25.22);
insert into STATION values (1170, '-', 23, 511535.95, 755073.50, 25.19);
insert into STATION values (1171, '-', 23, 511536.05, 755073.92, 25.14);
insert into STATION values (1172, '-', 23, 511535.91, 755075.34, 25.19);
insert into STATION values (1173, '-', 23, 511536.28, 755075.73, 25.16);
insert into STATION values (1174, '-', 23, 511535.16, 755075.89, 25.19);
insert into STATION values (1175, '-', 23, 511534.56, 755076.09, 25.21);
insert into STATION values (1176, '-', 23, 511534.35, 755077.39, 25.30);
insert into STATION values (1177, '-', 23, 511533.56, 755076.23, 25.38);
insert into STATION values (1178, '-', 23, 511527.46, 755075.89, 25.82);
insert into STATION values (1179, '-', 23, 511527.54, 755076.91, 25.83);
insert into STATION values (1180, '-', 23, 511532.09, 755074.70, 25.39);
insert into STATION values (1181, '-', 23, 511531.04, 755076.34, 25.54);
insert into STATION values (1182, '1.53', 23, 511529.08, 755081.99, 25.74);
insert into STATION values (1183, '-', 23, 511528.90, 755081.92, 25.56);
insert into STATION values (1184, '-', 23, 511528.28, 755081.65, 25.58);
insert into STATION values (1185, '-', 23, 511527.04, 755081.07, 25.82);
insert into STATION values (1186, '-', 23, 511525.40, 755080.25, 26.60);
insert into STATION values (1187, '-', 23, 511527.08, 755081.01, 26.67);
insert into STATION values (1188, '-', 23, 511527.95, 755081.44, 26.65);
insert into STATION values (1189, '-', 23, 511528.44, 755081.62, 26.63);
insert into STATION values (1190, '-', 23, 511528.93, 755081.86, 26.60);
insert into STATION values (1191, '-', 23, 511529.21, 755081.94, 26.57);
insert into STATION values (1192, '-', 23, 511529.52, 755082.13, 26.49);
insert into STATION values (1193, '-', 23, 511529.85, 755082.19, 26.49);
insert into STATION values (1194, '-', 23, 511530.28, 755082.41, 26.28);
insert into STATION values (1195, '-', 23, 511530.82, 755082.65, 26.13);
insert into STATION values (1196, '-', 23, 511531.59, 755082.96, 25.96);
insert into STATION values (1197, '-', 23, 511532.16, 755083.23, 25.47);
insert into STATION values (1198, '-', 23, 511532.06, 755083.22, 25.19);
insert into STATION values (1199, '-', 23, 511529.28, 755082.06, 25.53);
insert into STATION values (1200, '-', 23, 511529.09, 755081.98, 25.56);
insert into STATION values (1201, '-', 23, 511527.89, 755076.56, 25.77);
insert into STATION values (1202, '-', 23, 511527.32, 755077.34, 25.94);
insert into STATION values (1203, '-', 23, 511526.61, 755077.28, 26.04);
insert into STATION values (1204, '-', 23, 511525.92, 755078.45, 26.59);
insert into STATION values (1205, '-', 23, 511525.56, 755080.08, 26.56);
insert into STATION values (1206, '-', 23, 511524.31, 755080.87, 26.55);
insert into STATION values (1207, '-', 23, 511523.07, 755081.91, 26.45);
insert into STATION values (1208, '-', 23, 511521.81, 755082.56, 26.43);
insert into STATION values (1209, '-', 23, 511533.45, 755079.33, 25.19);
insert into STATION values (1210, '-', 23, 511533.86, 755079.69, 25.21);
insert into STATION values (1211, '-', 23, 511533.24, 755080.83, 25.12);
insert into STATION values (1212, '-', 23, 511533.56, 755081.71, 25.19);
insert into STATION values (1213, '-', 23, 511532.20, 755082.93, 25.22);
insert into STATION values (1214, '-', 23, 511531.78, 755083.66, 25.16);
insert into STATION values (1215, '-', 23, 511531.28, 755084.57, 25.21);
insert into STATION values (1216, '-', 23, 511531.45, 755086.09, 25.17);
insert into STATION values (1217, '-', 23, 511531.12, 755087.07, 25.16);
insert into STATION values (1218, '-', 23, 511529.32, 755087.31, 25.30);
insert into STATION values (1219, '-', 23, 511527.79, 755087.87, 25.33);
insert into STATION values (1220, '-', 23, 511527.35, 755088.11, 25.27);
insert into STATION values (1221, '-', 23, 511527.81, 755076.98, 23.21);
insert into STATION values (1222, '-', 23, 511529.10, 755080.82, 25.43);
insert into STATION values (1223, '-', 23, 511529.30, 755080.07, 25.39);
insert into STATION values (1224, '-', 23, 511524.38, 755080.83, 26.55);
insert into STATION values (1225, '-', 23, 511529.23, 755082.91, 25.29);
insert into STATION values (1226, '-', 23, 511528.89, 755083.76, 25.27);
insert into STATION values (1227, '-', 23, 511528.20, 755084.70, 25.32);
insert into STATION values (1228, '1.54', 23, 511521.19, 755083.17, 26.25);
insert into STATION values (1229, '-', 23, 511521.02, 755082.32, 26.49);
insert into STATION values (1230, '-', 23, 511521.05, 755087.71, 25.94);
insert into STATION values (1231, '-', 23, 511521.06, 755083.79, 26.57);
insert into STATION values (1232, '-', 23, 511530.98, 755086.79, 25.22);
insert into STATION values (1233, '-', 23, 511527.48, 755087.19, 25.41);
insert into STATION values (1234, '-', 23, 511527.08, 755088.51, 25.28);
insert into STATION values (1235, '-', 23, 511525.98, 755089.12, 25.27);
insert into STATION values (1236, '-', 23, 511525.26, 755089.21, 25.19);
insert into STATION values (1237, '-', 23, 511524.13, 755088.24, 25.22);
insert into STATION values (1238, '-', 23, 511522.49, 755086.77, 25.29);
insert into STATION values (1239, '-', 23, 511523.50, 755087.48, 25.18);
insert into STATION values (1240, '-', 23, 511522.40, 755086.76, 25.34);
insert into STATION values (1241, '-', 23, 511521.85, 755086.73, 25.32);
insert into STATION values (1242, '-', 23, 511522.34, 755087.20, 25.64);
insert into STATION values (1243, '-', 23, 511526.38, 755085.64, 25.21);
insert into STATION values (1244, '-', 23, 511524.94, 755084.91, 25.24);
insert into STATION values (1245, '-', 23, 511522.29, 755084.08, 25.44);
insert into STATION values (1246, '-', 23, 511522.32, 755082.50, 26.41);
insert into STATION values (1247, '-', 23, 511521.08, 755082.53, 26.39);
insert into STATION values (1248, '-', 23, 511520.43, 755082.60, 26.37);
insert into STATION values (1249, '-', 23, 511520.22, 755082.59, 26.35);
insert into STATION values (1250, '-', 23, 511519.58, 755082.83, 26.30);
insert into STATION values (1251, '-', 23, 511517.55, 755082.99, 26.39);
insert into STATION values (1252, '-', 23, 511514.41, 755084.05, 26.19);
insert into STATION values (1253, '-', 23, 511517.01, 755088.66, 25.85);
insert into STATION values (1254, '-', 23, 511517.74, 755087.52, 25.20);
insert into STATION values (1255, '-', 23, 511516.59, 755087.57, 25.22);
insert into STATION values (1256, '-', 23, 511514.27, 755087.62, 25.12);
insert into STATION values (1257, '-', 23, 511509.85, 755088.70, 25.10);
insert into STATION values (1258, '1.55', 23, 511508.20, 755090.96, 25.93);
insert into STATION values (1259, '-', 23, 511508.19, 755090.94, 25.48);
insert into STATION values (1260, '-', 23, 511508.34, 755091.34, 25.52);
insert into STATION values (1261, '-', 23, 511508.94, 755091.95, 25.61);
insert into STATION values (1262, '-', 23, 511509.25, 755092.30, 25.64);
insert into STATION values (1263, '-', 23, 511510.19, 755093.29, 25.75);
insert into STATION values (1264, '-', 23, 511509.78, 755092.94, 25.97);
insert into STATION values (1265, '-', 23, 511508.91, 755091.83, 26.11);
insert into STATION values (1266, '-', 23, 511508.42, 755091.28, 26.16);
insert into STATION values (1267, '-', 23, 511508.19, 755091.10, 26.19);
insert into STATION values (1268, '-', 23, 511508.15, 755090.83, 26.14);
insert into STATION values (1269, '-', 23, 511507.97, 755090.47, 26.16);
insert into STATION values (1270, '-', 23, 511507.66, 755089.57, 26.19);
insert into STATION values (1271, '-', 23, 511506.64, 755087.64, 26.28);
insert into STATION values (1272, '-', 23, 511506.82, 755088.14, 25.81);
insert into STATION values (1273, '-', 23, 511507.05, 755088.28, 25.67);
insert into STATION values (1274, '-', 23, 511507.13, 755088.41, 25.30);
insert into STATION values (1275, '-', 23, 511507.80, 755089.68, 25.24);
insert into STATION values (1276, '-', 23, 511507.95, 755090.16, 25.38);
insert into STATION values (1277, '-', 23, 511508.03, 755090.44, 25.42);
insert into STATION values (1278, '-', 23, 511508.15, 755090.72, 25.45);
insert into STATION values (1279, '-', 23, 511515.01, 755089.12, 25.95);
insert into STATION values (1280, '-', 23, 511513.02, 755090.26, 25.89);
insert into STATION values (1281, '-', 23, 511511.00, 755092.26, 25.92);
insert into STATION values (1282, '-', 23, 511510.42, 755093.29, 25.78);
insert into STATION values (1283, '-', 23, 511514.40, 755084.42, 25.96);
insert into STATION values (1284, '-', 23, 511512.25, 755085.15, 25.91);
insert into STATION values (1285, '-', 23, 511510.31, 755086.45, 25.95);
insert into STATION values (1286, '-', 23, 511508.95, 755087.03, 26.03);
insert into STATION values (1287, '-', 23, 511507.98, 755087.45, 26.05);
insert into STATION values (1288, '-', 23, 511506.69, 755087.73, 26.15);
insert into STATION values (1289, '-', 23, 511511.33, 755088.28, 25.26);
insert into STATION values (1290, '-', 23, 511509.03, 755089.12, 25.27);
insert into STATION values (1291, '-', 23, 511505.12, 755088.96, 26.09);
insert into STATION values (1292, '-', 23, 511504.36, 755090.01, 25.99);
insert into STATION values (1293, '-', 23, 511502.97, 755090.88, 25.94);
insert into STATION values (1294, '-', 23, 511500.61, 755092.24, 25.80);
insert into STATION values (1295, '-', 23, 511498.95, 755093.99, 25.66);
insert into STATION values (1296, '-', 23, 511509.06, 755095.66, 25.62);
insert into STATION values (1297, '-', 23, 511509.83, 755093.81, 25.73);
insert into STATION values (1298, '-', 23, 511509.09, 755095.48, 25.66);
insert into STATION values (1299, '-', 23, 511508.10, 755097.05, 25.56);
insert into STATION values (1300, '-', 23, 511507.08, 755097.75, 25.60);
insert into STATION values (1301, '-', 23, 511505.73, 755091.24, 25.30);
insert into STATION values (1302, '1.56', 23, 511501.83, 755095.52, 25.70);
insert into STATION values (1303, '-', 23, 511508.07, 755096.52, 25.60);
insert into STATION values (1304, '-', 23, 511507.32, 755097.10, 25.62);
insert into STATION values (1305, '-', 23, 511506.45, 755098.03, 25.59);
insert into STATION values (1306, '-', 23, 511506.47, 755098.58, 25.56);
insert into STATION values (1307, '-', 23, 511502.84, 755093.64, 25.27);
insert into STATION values (1308, '-', 23, 511501.84, 755094.73, 25.31);
insert into STATION values (1309, '-', 23, 511501.66, 755095.25, 25.32);
insert into STATION values (1310, '-', 23, 511501.71, 755095.65, 25.29);
insert into STATION values (1311, '-', 23, 511501.92, 755096.03, 25.28);
insert into STATION values (1312, '-', 23, 511502.57, 755096.90, 25.21);
insert into STATION values (1313, '-', 23, 511502.72, 755097.44, 25.21);
insert into STATION values (1314, '-', 23, 511502.94, 755098.13, 25.19);
insert into STATION values (1315, '-', 23, 511501.63, 755095.78, 26.73);
insert into STATION values (1316, '-', 23, 511501.83, 755095.51, 25.33);
insert into STATION values (1317, '-', 23, 511506.43, 755103.70, 25.27);
insert into STATION values (1318, '-', 23, 511504.55, 755103.76, 25.28);
insert into STATION values (1319, '-', 23, 511503.60, 755103.47, 25.24);
insert into STATION values (1320, '-', 23, 511502.72, 755102.88, 25.29);
insert into STATION values (1321, '-', 23, 511502.56, 755100.84, 25.23);
insert into STATION values (1322, '-', 23, 511502.05, 755100.62, 25.22);
insert into STATION values (1323, '-', 23, 511500.25, 755099.12, 25.22);
insert into STATION values (1324, '1.57', 23, 511507.25, 755100.95, 25.28);
insert into STATION values (1325, '-', 23, 511505.59, 755099.24, 25.15);
insert into STATION values (1326, '-', 23, 511504.67, 755098.85, 25.19);
insert into STATION values (1327, '-', 23, 511504.10, 755098.80, 25.19);
insert into STATION values (1328, '-', 23, 511502.57, 755100.59, 25.18);
insert into STATION values (1329, '-', 23, 511507.91, 755100.22, 25.73);
insert into STATION values (1330, '-', 23, 511506.09, 755103.86, 25.22);
insert into STATION values (1331, '-', 23, 511506.75, 755103.79, 25.22);
insert into STATION values (1332, '-', 23, 511507.55, 755103.56, 25.23);
insert into STATION values (1333, '-', 23, 511508.29, 755103.85, 25.18);
insert into STATION values (1334, '-', 23, 511509.36, 755104.91, 25.24);
insert into STATION values (1335, '-', 23, 511510.92, 755106.08, 25.18);
insert into STATION values (1336, '-', 23, 511510.86, 755106.12, 25.21);
insert into STATION values (1337, '-', 23, 511508.14, 755100.45, 25.91);
insert into STATION values (1338, '-', 23, 511508.68, 755100.82, 25.80);
insert into STATION values (1339, '-', 23, 511509.60, 755101.30, 25.69);
insert into STATION values (1340, '-', 23, 511509.94, 755101.72, 25.64);
insert into STATION values (1341, '1.58', 23, 511517.04, 755108.86, 25.76);
insert into STATION values (1342, '-', 23, 511517.94, 755107.95, 25.16);
insert into STATION values (1343, '-', 23, 511518.74, 755107.41, 25.48);
insert into STATION values (1344, '-', 23, 511519.34, 755106.70, 25.79);
insert into STATION values (1345, '-', 23, 511520.05, 755106.13, 26.10);
insert into STATION values (1346, '-', 23, 511520.26, 755105.86, 26.61);
insert into STATION values (1347, '-', 23, 511518.12, 755107.92, 26.20);
insert into STATION values (1348, '-', 23, 511517.53, 755108.55, 26.10);
insert into STATION values (1349, '-', 23, 511517.29, 755108.78, 26.07);
insert into STATION values (1350, '-', 23, 511517.21, 755108.96, 26.10);
insert into STATION values (1351, '-', 23, 511515.45, 755110.18, 25.49);
insert into STATION values (1352, '-', 23, 511515.58, 755109.99, 25.17);
insert into STATION values (1353, '-', 23, 511517.02, 755109.07, 26.05);
insert into STATION values (1354, '-', 23, 511515.60, 755109.90, 25.88);
insert into STATION values (1355, '-', 23, 511513.81, 755107.87, 25.62);
insert into STATION values (1356, '-', 23, 511513.25, 755107.17, 25.62);
insert into STATION values (1357, '-', 23, 511512.21, 755106.35, 25.75);
insert into STATION values (1358, '-', 23, 511520.49, 755106.09, 26.53);
insert into STATION values (1359, '-', 23, 511519.24, 755104.55, 26.16);
insert into STATION values (1360, '-', 23, 511517.04, 755108.51, 25.80);
insert into STATION values (1361, '-', 23, 511515.91, 755102.29, 26.45);
insert into STATION values (1362, '-', 23, 511517.67, 755108.04, 25.47);
insert into STATION values (1363, '1.59', 23, 511376.57, 755080.40, 26.88);
insert into STATION values (1364, '2.0', 439, 511316.00, 754917.00, 35.00);
insert into STATION values (1365, '-', 439, 511316.32, 754919.34, 34.69);
insert into STATION values (1366, '-', 439, 511316.31, 754919.35, 34.69);
insert into STATION values (1367, '-', 439, 511315.69, 754914.65, 35.28);
insert into STATION values (1368, '2.1', 439, 511310.72, 754924.12, 34.43);
insert into STATION values (1369, '-', 439, 511310.56, 754923.90, 33.91);
insert into STATION values (1370, '-', 439, 511310.36, 754923.49, 34.02);
insert into STATION values (1371, '-', 439, 511310.71, 754924.09, 34.43);
insert into STATION values (1372, '-', 439, 511310.41, 754923.46, 34.66);
insert into STATION values (1373, '-', 439, 511310.61, 754923.90, 34.77);
insert into STATION values (1374, '-', 439, 511310.67, 754924.08, 34.76);
insert into STATION values (1375, '-', 439, 511310.69, 754924.24, 34.74);
insert into STATION values (1376, '-', 439, 511310.80, 754924.23, 34.72);
insert into STATION values (1377, '-', 439, 511310.64, 754923.95, 33.93);
insert into STATION values (1378, '-', 439, 511310.13, 754923.60, 34.58);
insert into STATION values (1379, '-', 439, 511309.00, 754923.09, 34.66);
insert into STATION values (1380, '-', 439, 511308.14, 754923.88, 34.60);
insert into STATION values (1381, '-', 439, 511308.70, 754924.05, 34.63);
insert into STATION values (1382, '-', 439, 511309.01, 754924.37, 34.55);
insert into STATION values (1383, '-', 439, 511308.86, 754924.55, 34.57);
insert into STATION values (1384, '-', 439, 511308.20, 754924.85, 34.59);
insert into STATION values (1385, '-', 439, 511306.95, 754925.39, 34.82);
insert into STATION values (1386, '-', 439, 511306.52, 754925.69, 34.82);
insert into STATION values (1387, '-', 439, 511307.96, 754925.83, 34.70);
insert into STATION values (1388, '-', 439, 511308.36, 754925.88, 34.68);
insert into STATION values (1389, '-', 439, 511308.68, 754925.95, 34.64);
insert into STATION values (1390, '-', 439, 511309.83, 754925.03, 34.46);
insert into STATION values (1391, '-', 439, 511309.92, 754924.96, 34.44);
insert into STATION values (1392, '-', 439, 511310.57, 754924.35, 34.44);
insert into STATION values (1393, '-', 439, 511311.92, 754924.02, 34.62);
insert into STATION values (1394, '-', 439, 511312.44, 754923.40, 34.64);
insert into STATION values (1395, '-', 439, 511312.74, 754922.41, 34.57);
insert into STATION values (1396, '-', 439, 511314.27, 754920.26, 34.74);
insert into STATION values (1397, '-', 439, 511311.13, 754923.20, 34.59);
insert into STATION values (1398, '-', 439, 511310.69, 754923.38, 34.56);
insert into STATION values (1399, '-', 439, 511310.27, 754923.47, 34.60);
insert into STATION values (1400, '-', 439, 511312.75, 754920.39, 34.98);
insert into STATION values (1401, '-', 439, 511313.40, 754920.29, 34.98);
insert into STATION values (1402, '2.2', 439, 511306.50, 754925.71, 34.96);
insert into STATION values (1403, '-', 439, 511310.61, 754923.96, 34.23);
insert into STATION values (1404, '-', 439, 511310.12, 754924.66, 34.42);
insert into STATION values (1405, '-', 439, 511309.50, 754925.16, 34.46);
insert into STATION values (1406, '-', 439, 511309.32, 754925.54, 34.48);
insert into STATION values (1407, '-', 439, 511307.88, 754925.84, 34.65);
insert into STATION values (1408, '-', 439, 511307.66, 754926.21, 34.64);
insert into STATION values (1409, '-', 439, 511307.37, 754926.84, 34.62);
insert into STATION values (1410, '-', 439, 511307.85, 754927.93, 34.25);
insert into STATION values (1411, '-', 439, 511307.66, 754928.31, 34.27);
insert into STATION values (1412, '-', 439, 511307.04, 754927.99, 34.54);
insert into STATION values (1413, '-', 439, 511306.81, 754928.22, 34.68);
insert into STATION values (1414, '-', 439, 511306.78, 754929.36, 34.68);
insert into STATION values (1415, '-', 439, 511306.64, 754929.83, 34.60);
insert into STATION values (1416, '-', 439, 511306.48, 754930.31, 34.61);
insert into STATION values (1417, '-', 439, 511306.01, 754924.92, 35.64);
insert into STATION values (1418, '-', 439, 511304.51, 754925.51, 35.71);
insert into STATION values (1419, '-', 439, 511303.15, 754926.92, 35.81);
insert into STATION values (1420, '-', 439, 511302.58, 754927.81, 35.76);
insert into STATION values (1421, '-', 439, 511301.39, 754929.09, 35.72);
insert into STATION values (1422, '-', 439, 511303.88, 754928.44, 34.98);
insert into STATION values (1423, '-', 439, 511304.41, 754928.96, 34.63);
insert into STATION values (1424, '-', 439, 511305.08, 754928.35, 34.59);
insert into STATION values (1425, '-', 439, 511305.36, 754928.22, 34.55);
insert into STATION values (1426, '-', 439, 511305.53, 754928.10, 34.57);
insert into STATION values (1427, '-', 439, 511305.68, 754928.38, 34.62);
insert into STATION values (1428, '2.3', 439, 511305.81, 754931.08, 34.89);
insert into STATION values (1429, '-', 439, 511306.54, 754930.13, 34.71);
insert into STATION values (1430, '-', 439, 511306.54, 754930.61, 34.63);
insert into STATION values (1431, '-', 439, 511306.69, 754929.55, 34.68);
insert into STATION values (1432, '-', 439, 511307.16, 754930.83, 34.49);
insert into STATION values (1433, '-', 439, 511307.61, 754931.20, 34.57);
insert into STATION values (1434, '-', 439, 511307.55, 754931.48, 34.56);
insert into STATION values (1435, '-', 439, 511308.48, 754932.29, 34.68);
insert into STATION values (1436, '-', 439, 511311.00, 754933.73, 34.48);
insert into STATION values (1437, '-', 439, 511305.64, 754928.70, 34.78);
insert into STATION values (1438, '-', 439, 511305.15, 754929.50, 34.64);
insert into STATION values (1439, '-', 439, 511304.77, 754929.81, 34.72);
insert into STATION values (1440, '-', 439, 511304.42, 754930.05, 34.63);
insert into STATION values (1441, '-', 439, 511303.84, 754930.50, 34.46);
insert into STATION values (1442, '-', 439, 511301.51, 754931.09, 34.93);
insert into STATION values (1443, '-', 439, 511302.21, 754931.48, 34.78);
insert into STATION values (1444, '-', 439, 511302.49, 754931.74, 34.64);
insert into STATION values (1445, '-', 439, 511302.51, 754932.30, 34.51);
insert into STATION values (1446, '-', 439, 511304.89, 754934.99, 34.72);
insert into STATION values (1447, '-', 439, 511305.37, 754934.33, 34.75);
insert into STATION values (1448, '-', 439, 511306.00, 754934.03, 34.81);
insert into STATION values (1449, '-', 439, 511306.66, 754934.03, 34.80);
insert into STATION values (1450, '-', 439, 511307.33, 754934.05, 34.80);
insert into STATION values (1451, '-', 439, 511308.30, 754934.78, 34.83);
insert into STATION values (1452, '-', 439, 511307.90, 754934.34, 34.20);
insert into STATION values (1453, '-', 439, 511307.54, 754933.95, 34.15);
insert into STATION values (1454, '-', 439, 511307.28, 754933.72, 34.00);
insert into STATION values (1455, '-', 439, 511306.75, 754933.09, 33.91);
insert into STATION values (1456, '-', 439, 511306.09, 754932.67, 33.79);
insert into STATION values (1457, '-', 439, 511305.67, 754932.39, 33.86);
insert into STATION values (1458, '-', 439, 511305.03, 754932.32, 33.95);
insert into STATION values (1459, '-', 439, 511304.52, 754932.43, 33.96);
insert into STATION values (1460, '-', 439, 511303.79, 754932.03, 33.91);
insert into STATION values (1461, '-', 439, 511303.38, 754932.88, 33.84);
insert into STATION values (1462, '-', 439, 511303.02, 754933.58, 33.81);
insert into STATION values (1463, '-', 439, 511302.76, 754934.35, 33.83);
insert into STATION values (1464, '-', 439, 511305.17, 754930.05, 33.81);
insert into STATION values (1465, '-', 439, 511305.64, 754929.65, 33.84);
insert into STATION values (1466, '-', 439, 511305.74, 754928.82, 33.76);
insert into STATION values (1467, '-', 439, 511306.30, 754928.77, 33.77);
insert into STATION values (1468, '-', 439, 511306.48, 754928.94, 33.85);
insert into STATION values (1469, '-', 439, 511302.44, 754934.51, 34.43);
insert into STATION values (1470, '2.4', 439, 511310.98, 754937.17, 34.80);
insert into STATION values (1471, '-', 439, 511311.69, 754934.86, 34.48);
insert into STATION values (1472, '-', 439, 511311.02, 754933.92, 34.56);
insert into STATION values (1473, '-', 439, 511310.24, 754933.29, 34.44);
insert into STATION values (1474, '-', 439, 511309.41, 754932.81, 34.44);
insert into STATION values (1475, '-', 439, 511308.24, 754931.90, 34.24);
insert into STATION values (1476, '-', 439, 511307.09, 754930.69, 34.47);
insert into STATION values (1477, '-', 439, 511306.98, 754933.37, 34.24);
insert into STATION values (1478, '-', 439, 511307.98, 754934.48, 34.48);
insert into STATION values (1479, '-', 439, 511308.32, 754935.28, 34.44);
insert into STATION values (1480, '-', 439, 511308.24, 754935.71, 34.52);
insert into STATION values (1481, '-', 439, 511307.91, 754936.18, 34.56);
insert into STATION values (1482, '-', 439, 511306.54, 754936.10, 34.45);
insert into STATION values (1483, '-', 439, 511305.70, 754936.39, 34.39);
insert into STATION values (1484, '-', 439, 511310.95, 754937.13, 33.85);
insert into STATION values (1485, '-', 439, 511311.64, 754934.41, 33.86);
insert into STATION values (1486, '-', 439, 511311.53, 754934.79, 34.84);
insert into STATION values (1487, '-', 439, 511311.44, 754938.40, 33.88);
insert into STATION values (1488, '-', 439, 511311.89, 754939.20, 34.64);
insert into STATION values (1489, '-', 439, 511311.86, 754938.99, 34.81);
insert into STATION values (1490, '-', 439, 511311.96, 754941.88, 34.72);
insert into STATION values (1491, '-', 439, 511312.25, 754934.36, 34.59);
insert into STATION values (1492, '-', 439, 511314.06, 754932.98, 34.64);
insert into STATION values (1493, '-', 439, 511315.02, 754932.46, 34.62);
insert into STATION values (1494, '-', 439, 511311.59, 754937.98, 34.17);
insert into STATION values (1495, '-', 439, 511312.02, 754937.55, 34.14);
insert into STATION values (1496, '-', 439, 511312.59, 754937.18, 34.23);
insert into STATION values (1497, '-', 439, 511314.26, 754937.05, 34.30);
insert into STATION values (1498, '-', 439, 511314.79, 754936.81, 34.41);
insert into STATION values (1499, '-', 439, 511315.16, 754936.62, 34.25);
insert into STATION values (1500, '2.5', 439, 511320.48, 754935.43, 35.33);
insert into STATION values (1501, '-', 439, 511318.31, 754928.39, 34.57);
insert into STATION values (1502, '-', 439, 511317.18, 754930.14, 34.55);
insert into STATION values (1503, '-', 439, 511316.44, 754931.19, 34.44);
insert into STATION values (1504, '-', 439, 511315.48, 754932.29, 34.46);
insert into STATION values (1505, '-', 439, 511313.71, 754933.50, 34.47);
insert into STATION values (1506, '-', 439, 511312.07, 754934.20, 34.54);
insert into STATION values (1507, '-', 439, 511312.97, 754936.79, 34.27);
insert into STATION values (1508, '-', 439, 511318.04, 754936.53, 34.24);
insert into STATION values (1509, '-', 439, 511318.99, 754934.78, 34.06);
insert into STATION values (1510, '-', 439, 511318.63, 754934.82, 34.04);
insert into STATION values (1511, '-', 439, 511317.58, 754935.83, 34.13);
insert into STATION values (1512, '-', 439, 511319.42, 754934.46, 34.09);
insert into STATION values (1513, '-', 439, 511316.53, 754935.88, 33.97);
insert into STATION values (1514, '-', 439, 511315.36, 754934.67, 33.91);
insert into STATION values (1515, '-', 439, 511313.86, 754934.69, 33.87);
insert into STATION values (1516, '-', 439, 511312.60, 754935.05, 33.98);
insert into STATION values (1517, '-', 439, 511316.01, 754934.77, 33.90);
insert into STATION values (1518, '-', 439, 511315.61, 754935.76, 33.93);
insert into STATION values (1519, '-', 439, 511314.12, 754933.59, 33.92);
insert into STATION values (1520, '-', 439, 511319.11, 754933.18, 34.04);
insert into STATION values (1521, '-', 439, 511319.44, 754932.95, 34.05);
insert into STATION values (1522, '-', 439, 511318.38, 754928.29, 34.47);
insert into STATION values (1523, '-', 439, 511313.19, 754921.62, 34.75);
insert into STATION values (1524, '-', 439, 511312.78, 754922.34, 34.47);
insert into STATION values (1525, '-', 439, 511312.86, 754922.28, 34.32);
insert into STATION values (1526, '-', 439, 511314.32, 754919.90, 34.57);
insert into STATION values (1527, '-', 439, 511312.30, 754920.88, 34.82);
insert into STATION values (1528, '-', 439, 511313.46, 754919.65, 34.78);
insert into STATION values (1529, '-', 439, 511315.54, 754917.67, 36.03);
insert into STATION values (1530, '-', 439, 511315.07, 754918.18, 35.93);
insert into STATION values (1531, '-', 439, 511314.36, 754919.00, 35.79);
insert into STATION values (1532, '-', 439, 511313.64, 754919.92, 35.65);
insert into STATION values (1533, '-', 439, 511313.06, 754920.78, 34.94);
insert into STATION values (1534, '3.0', 479, 511310.98, 754937.17, 34.80);
insert into STATION values (1535, '-', 479, 511315.11, 754932.51, 34.62);
insert into STATION values (1536, '-', 479, 511312.09, 754934.46, 34.61);
insert into STATION values (1537, '-', 479, 511311.56, 754934.76, 34.68);
insert into STATION values (1538, '-', 479, 511310.49, 754933.36, 34.47);
insert into STATION values (1539, '-', 479, 511309.35, 754932.87, 34.38);
insert into STATION values (1540, '-', 479, 511307.89, 754931.84, 34.15);
insert into STATION values (1541, '-', 479, 511306.55, 754931.47, 33.98);
insert into STATION values (1542, '-', 479, 511307.07, 754933.33, 34.03);
insert into STATION values (1543, '-', 479, 511307.91, 754934.55, 34.34);
insert into STATION values (1544, '-', 479, 511308.27, 754935.31, 34.43);
insert into STATION values (1545, '-', 479, 511307.43, 754935.82, 34.20);
insert into STATION values (1546, '-', 479, 511305.88, 754936.26, 34.23);
insert into STATION values (1547, '-', 479, 511304.86, 754936.54, 34.24);
insert into STATION values (1548, '-', 479, 511304.85, 754936.54, 34.23);
insert into STATION values (1549, '-', 479, 511313.85, 754937.69, 35.19);
insert into STATION values (1550, '-', 479, 511313.17, 754938.15, 35.07);
insert into STATION values (1551, '-', 479, 511312.53, 754938.74, 35.10);
insert into STATION values (1552, '-', 479, 511312.12, 754938.82, 34.95);
insert into STATION values (1553, '-', 479, 511311.37, 754939.02, 34.86);
insert into STATION values (1554, '-', 479, 511310.52, 754939.05, 34.85);
insert into STATION values (1555, '-', 479, 511308.96, 754940.37, 34.42);
insert into STATION values (1556, '-', 479, 511307.54, 754941.26, 34.22);
insert into STATION values (1557, '3.1', 479, 511301.51, 754937.77, 34.10);
insert into STATION values (1558, '-', 479, 511304.15, 754933.16, 33.87);
insert into STATION values (1559, '-', 479, 511304.28, 754934.16, 33.90);
insert into STATION values (1560, '-', 479, 511303.96, 754935.93, 34.02);
insert into STATION values (1561, '-', 479, 511304.64, 754936.43, 34.09);
insert into STATION values (1562, '-', 479, 511305.45, 754936.48, 34.25);
insert into STATION values (1563, '-', 479, 511306.57, 754936.52, 34.02);
insert into STATION values (1564, '-', 479, 511304.92, 754936.83, 34.90);
insert into STATION values (1565, '-', 479, 511305.09, 754935.70, 34.94);
insert into STATION values (1566, '-', 479, 511305.18, 754935.15, 34.96);
insert into STATION values (1567, '-', 479, 511304.87, 754934.84, 34.85);
insert into STATION values (1568, '-', 479, 511302.29, 754934.91, 34.44);
insert into STATION values (1569, '-', 479, 511300.91, 754934.40, 34.36);
insert into STATION values (1570, '-', 479, 511299.99, 754934.21, 34.31);
insert into STATION values (1571, '-', 479, 511299.39, 754934.24, 34.45);
insert into STATION values (1572, '-', 479, 511299.20, 754934.01, 34.30);
insert into STATION values (1573, '-', 479, 511298.42, 754934.99, 34.31);
insert into STATION values (1574, '-', 479, 511301.90, 754934.97, 34.33);
insert into STATION values (1575, '-', 479, 511302.53, 754934.69, 34.29);
insert into STATION values (1576, '-', 479, 511302.98, 754934.22, 34.10);
insert into STATION values (1577, '-', 479, 511302.63, 754938.99, 34.87);
insert into STATION values (1578, '-', 479, 511301.21, 754939.42, 34.76);
insert into STATION values (1579, '-', 479, 511299.84, 754939.10, 34.76);
insert into STATION values (1580, '-', 479, 511299.36, 754938.96, 34.84);
insert into STATION values (1581, '-', 479, 511304.01, 754933.50, 34.19);
insert into STATION values (1582, '3.2', 479, 511305.81, 754931.08, 34.89);
insert into STATION values (1583, '3.3', 479, 511299.51, 754937.10, 34.76);
insert into STATION values (1584, '-', 479, 511300.80, 754939.01, 34.73);
insert into STATION values (1585, '-', 479, 511298.88, 754939.38, 34.64);
insert into STATION values (1586, '-', 479, 511296.75, 754937.23, 33.72);
insert into STATION values (1587, '-', 479, 511297.67, 754937.50, 33.64);
insert into STATION values (1588, '-', 479, 511299.19, 754937.39, 33.96);
insert into STATION values (1589, '-', 479, 511300.11, 754937.53, 34.10);
insert into STATION values (1590, '-', 479, 511301.14, 754937.51, 34.13);
insert into STATION values (1591, '-', 479, 511296.71, 754935.55, 34.62);
insert into STATION values (1592, '-', 479, 511295.00, 754936.29, 34.34);
insert into STATION values (1593, '-', 479, 511292.99, 754937.22, 34.52);
insert into STATION values (1594, '-', 479, 511296.90, 754936.40, 34.59);
insert into STATION values (1595, '-', 479, 511295.80, 754936.94, 34.64);
insert into STATION values (1596, '3.4', 479, 511293.79, 754938.44, 34.35);
insert into STATION values (1597, '-', 479, 511296.91, 754940.27, 34.44);
insert into STATION values (1598, '-', 479, 511298.21, 754939.64, 34.47);
insert into STATION values (1599, '-', 479, 511297.12, 754942.14, 34.71);
insert into STATION values (1600, '-', 479, 511296.58, 754943.40, 34.88);
insert into STATION values (1601, '-', 479, 511293.81, 754938.48, 34.69);
insert into STATION values (1602, '-', 479, 511294.21, 754935.76, 35.05);
insert into STATION values (1603, '-', 479, 511292.76, 754937.16, 34.74);
insert into STATION values (1604, '-', 479, 511291.86, 754938.44, 34.53);
insert into STATION values (1605, '-', 479, 511292.04, 754939.45, 34.53);
insert into STATION values (1606, '-', 479, 511292.15, 754940.03, 34.51);
insert into STATION values (1607, '-', 479, 511294.38, 754938.85, 33.63);
insert into STATION values (1608, '-', 479, 511294.23, 754939.61, 33.65);
insert into STATION values (1609, '-', 479, 511294.11, 754940.74, 33.68);
insert into STATION values (1610, '-', 479, 511293.67, 754940.14, 34.05);
insert into STATION values (1611, '-', 479, 511293.57, 754942.97, 33.62);
insert into STATION values (1612, '-', 479, 511293.93, 754942.80, 33.62);
insert into STATION values (1613, '-', 479, 511294.23, 754942.37, 33.62);
insert into STATION values (1614, '-', 479, 511294.63, 754941.70, 33.61);
insert into STATION values (1615, '-', 479, 511295.02, 754940.92, 33.64);
insert into STATION values (1616, '-', 479, 511295.06, 754940.01, 33.64);
insert into STATION values (1617, '-', 479, 511295.33, 754939.43, 33.67);
insert into STATION values (1618, '3.5', 479, 511293.77, 754948.55, 34.42);
insert into STATION values (1619, '-', 479, 511293.57, 754948.49, 34.27);
insert into STATION values (1620, '-', 479, 511293.35, 754948.44, 34.28);
insert into STATION values (1621, '-', 479, 511293.07, 754948.40, 34.30);
insert into STATION values (1622, '-', 479, 511292.32, 754948.24, 34.39);
insert into STATION values (1623, '-', 479, 511292.78, 754948.30, 34.79);
insert into STATION values (1624, '-', 479, 511293.17, 754948.39, 34.95);
insert into STATION values (1625, '-', 479, 511293.47, 754948.44, 35.00);
insert into STATION values (1626, '-', 479, 511293.72, 754948.54, 35.08);
insert into STATION values (1627, '-', 479, 511293.94, 754948.57, 35.18);
insert into STATION values (1628, '-', 479, 511294.28, 754948.62, 35.20);
insert into STATION values (1629, '-', 479, 511294.93, 754948.76, 35.20);
insert into STATION values (1630, '-', 479, 511295.79, 754948.95, 35.19);
insert into STATION values (1631, '-', 479, 511297.06, 754948.87, 35.17);
insert into STATION values (1632, '-', 479, 511298.00, 754948.78, 34.74);
insert into STATION values (1633, '-', 479, 511298.07, 754948.74, 34.69);
insert into STATION values (1634, '-', 479, 511295.08, 754948.58, 34.33);
insert into STATION values (1635, '-', 479, 511294.32, 754948.57, 34.18);
insert into STATION values (1636, '-', 479, 511293.89, 754948.54, 34.27);
insert into STATION values (1637, '-', 479, 511296.86, 754943.78, 34.83);
insert into STATION values (1638, '-', 479, 511297.96, 754944.77, 35.05);
insert into STATION values (1639, '-', 479, 511298.30, 754946.54, 34.95);
insert into STATION values (1640, '-', 479, 511298.37, 754948.23, 34.81);
insert into STATION values (1641, '-', 479, 511297.72, 754949.40, 34.67);
insert into STATION values (1642, '-', 479, 511296.89, 754950.80, 34.62);
insert into STATION values (1643, '-', 479, 511296.46, 754952.82, 34.60);
insert into STATION values (1644, '-', 479, 511292.54, 754949.82, 34.61);
insert into STATION values (1645, '-', 479, 511292.18, 754948.62, 34.43);
insert into STATION values (1646, '-', 479, 511292.44, 754946.67, 34.44);
insert into STATION values (1647, '-', 479, 511292.41, 754945.39, 34.42);
insert into STATION values (1648, '-', 479, 511291.64, 754942.35, 34.45);
insert into STATION values (1649, '-', 479, 511293.56, 754950.38, 34.11);
insert into STATION values (1650, '-', 479, 511291.77, 754951.27, 34.66);
insert into STATION values (1651, '3.6', 479, 511292.53, 754960.02, 34.81);
insert into STATION values (1652, '-', 479, 511293.04, 754956.49, 34.11);
insert into STATION values (1653, '-', 479, 511293.94, 754953.98, 34.07);
insert into STATION values (1654, '-', 479, 511294.93, 754950.31, 34.08);
insert into STATION values (1655, '-', 479, 511296.21, 754956.99, 34.25);
insert into STATION values (1656, '-', 479, 511297.47, 754956.18, 34.10);
insert into STATION values (1657, '-', 479, 511300.46, 754955.22, 34.13);
insert into STATION values (1658, '-', 479, 511290.31, 754957.87, 34.82);
insert into STATION values (1659, '-', 479, 511288.96, 754955.12, 34.79);
insert into STATION values (1660, '-', 479, 511292.10, 754954.03, 34.64);
insert into STATION values (1661, '-', 479, 511290.60, 754960.48, 33.98);
insert into STATION values (1662, '-', 479, 511288.05, 754959.68, 34.69);
insert into STATION values (1663, '-', 479, 511287.83, 754960.56, 34.68);
insert into STATION values (1664, '-', 479, 511288.40, 754961.45, 34.62);
insert into STATION values (1665, '-', 479, 511287.11, 754963.29, 34.70);
insert into STATION values (1666, '-', 479, 511287.37, 754963.79, 34.74);
insert into STATION values (1667, '-', 479, 511290.64, 754961.74, 33.44);
insert into STATION values (1668, '-', 479, 511290.72, 754963.16, 33.48);
insert into STATION values (1669, '-', 479, 511290.43, 754963.82, 33.48);
insert into STATION values (1670, '3.7', 479, 511288.38, 754963.86, 34.38);
insert into STATION values (1671, '-', 479, 511292.57, 754960.03, 33.43);
insert into STATION values (1672, '-', 479, 511292.11, 754959.36, 34.13);
insert into STATION values (1673, '3.8', 479, 511305.07, 754944.90, 34.04);
insert into STATION values (1674, '-', 479, 511304.90, 754945.02, 33.94);
insert into STATION values (1675, '-', 479, 511303.79, 754945.76, 33.59);
insert into STATION values (1676, '-', 479, 511303.43, 754946.02, 33.56);
insert into STATION values (1677, '-', 479, 511302.34, 754946.96, 33.75);
insert into STATION values (1678, '-', 479, 511302.41, 754946.96, 33.88);
insert into STATION values (1679, '-', 479, 511302.40, 754946.96, 33.97);
insert into STATION values (1680, '-', 479, 511303.45, 754946.09, 34.17);
insert into STATION values (1681, '-', 479, 511303.68, 754945.78, 34.37);
insert into STATION values (1682, '-', 479, 511304.25, 754945.32, 34.47);
insert into STATION values (1683, '-', 479, 511304.72, 754945.06, 34.69);
insert into STATION values (1684, '-', 479, 511305.02, 754944.87, 34.73);
insert into STATION values (1685, '-', 479, 511305.25, 754944.85, 34.54);
insert into STATION values (1686, '-', 479, 511300.89, 754945.55, 33.67);
insert into STATION values (1687, '-', 479, 511301.33, 754938.77, 34.06);
insert into STATION values (1688, '-', 479, 511299.63, 754940.49, 33.59);
insert into STATION values (1689, '-', 479, 511303.83, 754935.84, 33.97);
insert into STATION values (1690, '-', 479, 511304.68, 754942.59, 34.20);
insert into STATION values (1691, '-', 479, 511305.42, 754945.35, 34.09);
insert into STATION values (1692, '-', 479, 511306.38, 754946.80, 34.58);
insert into STATION values (1693, '-', 479, 511302.94, 754948.77, 33.73);
insert into STATION values (1694, '-', 479, 511303.29, 754949.85, 33.59);
insert into STATION values (1695, '-', 479, 511303.74, 754950.65, 33.59);
insert into STATION values (1696, '-', 479, 511304.21, 754951.53, 33.73);
insert into STATION values (1697, '3.9', 479, 511306.11, 754949.23, 34.54);
insert into STATION values (1698, '-', 479, 511306.95, 754946.18, 34.12);
insert into STATION values (1699, '-', 479, 511306.33, 754946.19, 34.12);
insert into STATION values (1700, '-', 479, 511305.78, 754945.62, 34.14);
insert into STATION values (1701, '-', 479, 511305.18, 754945.04, 34.06);
insert into STATION values (1702, '-', 479, 511308.99, 754945.20, 34.64);
insert into STATION values (1703, '-', 479, 511310.93, 754944.23, 34.62);
insert into STATION values (1704, '3.10', 479, 511309.65, 754948.95, 34.52);
insert into STATION values (1705, '-', 479, 511303.34, 754949.81, 33.58);
insert into STATION values (1706, '-', 479, 511303.76, 754950.70, 33.64);
insert into STATION values (1707, '-', 479, 511302.99, 754948.12, 33.67);
insert into STATION values (1708, '-', 479, 511303.94, 754952.40, 33.64);
insert into STATION values (1709, '-', 479, 511303.51, 754953.32, 33.95);
insert into STATION values (1710, '3.11', 479, 511315.42, 754940.16, 34.88);
insert into STATION values (1711, '3.12', 479, 511320.48, 754935.43, 35.33);
insert into STATION values (1712, '4.0', 512, 511367.49, 755058.59, 29.46);
insert into STATION values (1713, '-', 512, 511369.18, 755059.04, 28.33);
insert into STATION values (1714, '4.1', 512, 511368.43, 755058.73, 28.16);
insert into STATION values (1715, '4.2', 512, 511370.44, 755060.42, 28.68);
insert into STATION values (1716, '-', 512, 511369.83, 755061.22, 28.64);
insert into STATION values (1717, '-', 512, 511370.35, 755060.32, 27.47);
insert into STATION values (1718, '-', 512, 511370.94, 755059.29, 28.73);
insert into STATION values (1719, '-', 512, 511368.18, 755059.80, 28.21);
insert into STATION values (1720, '-', 512, 511370.10, 755060.61, 28.24);
insert into STATION values (1721, '-', 512, 511370.95, 755060.80, 28.29);
insert into STATION values (1722, '-', 512, 511369.84, 755059.47, 28.26);
insert into STATION values (1723, '-', 512, 511370.56, 755059.88, 28.17);
insert into STATION values (1724, '-', 512, 511370.99, 755060.10, 28.08);
insert into STATION values (1725, '-', 512, 511371.55, 755060.53, 27.92);
insert into STATION values (1726, '4.3', 512, 511372.88, 755061.92, 28.39);
insert into STATION values (1727, '-', 512, 511372.36, 755061.20, 28.00);
insert into STATION values (1728, '-', 512, 511371.25, 755061.09, 27.99);
insert into STATION values (1729, '-', 512, 511372.23, 755062.18, 28.02);
insert into STATION values (1730, '-', 512, 511372.86, 755061.92, 27.48);
insert into STATION values (1731, '-', 512, 511372.75, 755062.86, 27.81);
insert into STATION values (1732, '-', 512, 511373.12, 755063.32, 27.74);
insert into STATION values (1733, '4.4', 512, 511373.39, 755064.44, 27.91);
insert into STATION values (1734, '-', 512, 511372.30, 755064.78, 28.24);
insert into STATION values (1735, '-', 512, 511373.16, 755064.50, 28.26);
insert into STATION values (1736, '-', 512, 511373.42, 755064.42, 28.25);
insert into STATION values (1737, '-', 512, 511373.49, 755064.38, 28.27);
insert into STATION values (1738, '-', 512, 511373.80, 755064.19, 28.24);
insert into STATION values (1739, '-', 512, 511374.11, 755064.06, 28.20);
insert into STATION values (1740, '-', 512, 511374.84, 755063.76, 28.26);
insert into STATION values (1741, '-', 512, 511374.20, 755064.09, 27.92);
insert into STATION values (1742, '-', 512, 511374.27, 755064.03, 27.32);
insert into STATION values (1743, '-', 512, 511374.25, 755064.05, 27.66);
insert into STATION values (1744, '-', 512, 511373.79, 755063.08, 27.60);
insert into STATION values (1745, '-', 512, 511374.10, 755063.67, 27.52);
insert into STATION values (1746, '-', 512, 511374.34, 755064.97, 27.40);
insert into STATION values (1747, '-', 512, 511374.38, 755064.52, 27.37);
insert into STATION values (1748, '-', 512, 511374.40, 755065.45, 27.39);
insert into STATION values (1749, '-', 512, 511374.87, 755066.30, 27.17);
insert into STATION values (1750, '-', 512, 511375.12, 755067.31, 27.67);
insert into STATION values (1751, '-', 512, 511374.36, 755066.51, 27.65);
insert into STATION values (1752, '-', 512, 511373.59, 755065.04, 27.82);
insert into STATION values (1753, '4.5', 512, 511375.08, 755067.21, 27.69);
insert into STATION values (1754, '-', 512, 511374.09, 755066.12, 27.52);
insert into STATION values (1755, '-', 512, 511374.69, 755066.12, 27.49);
insert into STATION values (1756, '-', 512, 511375.03, 755066.49, 27.52);
insert into STATION values (1757, '-', 512, 511375.09, 755067.21, 27.92);
insert into STATION values (1758, '-', 512, 511375.07, 755067.19, 26.81);
insert into STATION values (1759, '-', 512, 511375.12, 755065.08, 27.55);
insert into STATION values (1760, '-', 512, 511375.32, 755066.31, 27.55);
insert into STATION values (1761, '-', 512, 511375.05, 755066.53, 27.48);
insert into STATION values (1762, '-', 512, 511375.37, 755066.81, 27.40);
insert into STATION values (1763, '-', 512, 511375.08, 755066.59, 27.40);
insert into STATION values (1764, '-', 512, 511375.38, 755066.85, 27.34);
insert into STATION values (1765, '-', 512, 511375.14, 755065.70, 27.67);
insert into STATION values (1766, '-', 512, 511377.13, 755066.73, 27.61);
insert into STATION values (1767, '4.6', 512, 511376.98, 755068.40, 27.53);
insert into STATION values (1768, '-', 512, 511375.94, 755068.15, 27.40);
insert into STATION values (1769, '-', 512, 511375.13, 755067.47, 27.07);
insert into STATION values (1770, '-', 512, 511374.76, 755066.99, 27.14);
insert into STATION values (1771, '-', 512, 511374.04, 755065.85, 27.24);
insert into STATION values (1772, '-', 512, 511376.95, 755066.35, 27.45);
insert into STATION values (1773, '-', 512, 511376.75, 755068.20, 27.44);
insert into STATION values (1774, '-', 512, 511376.76, 755068.23, 27.38);
insert into STATION values (1775, '-', 512, 511376.11, 755068.59, 26.92);
insert into STATION values (1776, '-', 512, 511376.39, 755068.99, 26.98);
insert into STATION values (1777, '4.7', 512, 511376.69, 755070.68, 27.37);
insert into STATION values (1778, '-', 512, 511377.06, 755070.36, 27.19);
insert into STATION values (1779, '-', 512, 511377.22, 755069.32, 27.07);
insert into STATION values (1780, '-', 512, 511376.97, 755070.65, 27.48);
insert into STATION values (1781, '4.8', 512, 511377.69, 755073.48, 27.14);
insert into STATION values (1782, '-', 512, 511378.09, 755072.47, 26.85);
insert into STATION values (1783, '-', 512, 511377.29, 755072.71, 26.54);
insert into STATION values (1784, '-', 512, 511377.10, 755072.00, 26.61);
insert into STATION values (1785, '-', 512, 511377.30, 755073.01, 26.79);
insert into STATION values (1786, '-', 512, 511377.16, 755073.24, 26.73);
insert into STATION values (1787, '-', 512, 511377.66, 755071.17, 26.97);
insert into STATION values (1788, '-', 512, 511376.81, 755073.66, 26.52);
insert into STATION values (1789, '-', 512, 511376.26, 755074.35, 26.48);
insert into STATION values (1790, '-', 512, 511376.21, 755075.39, 26.74);
insert into STATION values (1791, '-', 512, 511376.17, 755076.11, 26.69);
insert into STATION values (1792, '4.9', 512, 511376.10, 755074.84, 26.97);
insert into STATION values (1793, '-', 512, 511376.65, 755074.92, 26.44);
insert into STATION values (1794, '4.10', 512, 511376.91, 755078.23, 26.41);
insert into STATION values (1795, '-', 512, 511376.43, 755080.47, 27.05);
insert into STATION values (1796, '-', 512, 511376.32, 755078.98, 26.74);
insert into STATION values (1797, '-', 512, 511376.53, 755079.66, 26.74);
insert into STATION values (1798, '-', 512, 511377.04, 755079.40, 26.67);
insert into STATION values (1799, '-', 512, 511377.13, 755079.09, 26.66);
insert into STATION values (1800, '-', 512, 511376.14, 755077.68, 26.37);
insert into STATION values (1801, '-', 512, 511376.13, 755078.27, 26.33);
insert into STATION values (1802, '-', 512, 511376.87, 755078.26, 26.71);
insert into STATION values (1803, '-', 512, 511376.18, 755077.36, 26.42);
insert into STATION values (1804, '4.11', 512, 511376.47, 755080.46, 27.01);
insert into STATION values (1805, '-', 512, 511377.17, 755079.02, 26.67);
insert into STATION values (1806, '-', 512, 511376.61, 755079.33, 26.89);
insert into STATION values (1807, '4.12', 512, 511381.29, 755086.07, 27.41);
insert into STATION values (1808, '5.0', 550, 511517.04, 755108.86, 25.76);
insert into STATION values (1809, '-', 550, 511515.10, 755102.61, 26.17);
insert into STATION values (1810, '-', 550, 511512.53, 755102.59, 25.99);
insert into STATION values (1811, '-', 550, 511508.91, 755101.60, 25.88);
insert into STATION values (1812, '-', 550, 511507.00, 755100.80, 26.03);
insert into STATION values (1813, '-', 550, 511518.92, 755104.55, 26.01);
insert into STATION values (1814, '-', 550, 511516.74, 755107.67, 25.21);
insert into STATION values (1815, '-', 550, 511515.54, 755106.74, 25.22);
insert into STATION values (1816, '-', 550, 511513.44, 755104.97, 25.21);
insert into STATION values (1817, '-', 550, 511510.96, 755102.79, 25.27);
insert into STATION values (1818, '-', 550, 511507.26, 755102.68, 25.52);
insert into STATION values (1819, '-', 550, 511509.24, 755104.70, 25.41);
insert into STATION values (1820, '-', 550, 511513.36, 755107.39, 25.32);
insert into STATION values (1821, '-', 550, 511514.70, 755108.60, 25.25);
insert into STATION values (1822, '-', 550, 511515.36, 755109.23, 25.20);
insert into STATION values (1823, '-', 550, 511515.54, 755110.72, 25.39);
insert into STATION values (1824, '-', 550, 511515.73, 755111.70, 25.24);
insert into STATION values (1825, '-', 550, 511516.75, 755112.98, 25.25);
insert into STATION values (1826, '-', 550, 511518.28, 755113.63, 25.24);
insert into STATION values (1827, '-', 550, 511519.76, 755114.57, 25.17);
insert into STATION values (1828, '-', 550, 511519.00, 755110.88, 25.28);
insert into STATION values (1829, '-', 550, 511518.58, 755110.19, 25.21);
insert into STATION values (1830, '-', 550, 511519.39, 755109.58, 25.18);
insert into STATION values (1831, '-', 550, 511520.28, 755109.75, 25.47);
insert into STATION values (1832, '-', 550, 511520.25, 755107.43, 26.13);
insert into STATION values (1833, '-', 550, 511521.06, 755108.08, 26.24);
insert into STATION values (1834, '-', 550, 511522.12, 755109.31, 26.28);
insert into STATION values (1835, '-', 550, 511519.99, 755108.88, 25.16);
insert into STATION values (1836, '-', 550, 511518.94, 755108.37, 25.16);
insert into STATION values (1837, '5.1', 550, 511524.39, 755118.42, 25.37);
insert into STATION values (1838, '-', 550, 511520.52, 755111.38, 25.74);
insert into STATION values (1839, '-', 550, 511521.05, 755110.35, 26.13);
insert into STATION values (1840, '-', 550, 511522.62, 755113.77, 26.24);
insert into STATION values (1841, '-', 550, 511524.08, 755115.32, 26.38);
insert into STATION values (1842, '-', 550, 511526.28, 755114.95, 27.05);
insert into STATION values (1843, '-', 550, 511525.63, 755118.81, 26.16);
insert into STATION values (1844, '-', 550, 511525.99, 755120.75, 25.22);
insert into STATION values (1845, '-', 550, 511519.15, 755113.94, 25.44);
insert into STATION values (1846, '-', 550, 511519.97, 755116.10, 25.19);
insert into STATION values (1847, '-', 550, 511521.11, 755117.69, 25.26);
insert into STATION values (1848, '-', 550, 511521.13, 755118.54, 25.23);
insert into STATION values (1849, '-', 550, 511521.19, 755119.51, 25.21);
insert into STATION values (1850, '-', 550, 511523.08, 755119.88, 25.27);
insert into STATION values (1851, '-', 550, 511523.67, 755120.36, 25.25);
insert into STATION values (1852, '-', 550, 511524.25, 755120.97, 25.27);
insert into STATION values (1853, '-', 550, 511524.92, 755121.09, 25.28);
insert into STATION values (1854, '-', 550, 511525.11, 755120.56, 25.51);
insert into STATION values (1855, '-', 550, 511524.67, 755117.55, 29.16);
insert into STATION values (1856, '-', 550, 511524.28, 755118.30, 25.13);
insert into STATION values (1857, '-', 550, 511519.65, 755112.00, 25.87);
insert into STATION values (1858, '-', 550, 511524.93, 755119.43, 25.80);
insert into STATION values (1859, '5.2', 550, 511527.25, 755124.31, 25.59);
insert into STATION values (1860, '-', 550, 511526.33, 755124.94, 25.29);
insert into STATION values (1861, '-', 550, 511526.62, 755124.67, 25.61);
insert into STATION values (1862, '-', 550, 511526.99, 755124.40, 25.79);
insert into STATION values (1863, '-', 550, 511527.17, 755124.30, 25.92);
insert into STATION values (1864, '-', 550, 511527.33, 755124.19, 26.04);
insert into STATION values (1865, '-', 550, 511527.47, 755124.12, 26.21);
insert into STATION values (1866, '-', 550, 511527.53, 755124.18, 25.36);
insert into STATION values (1867, '-', 550, 511527.24, 755124.31, 25.19);
insert into STATION values (1868, '-', 550, 511526.59, 755121.40, 25.88);
insert into STATION values (1869, '-', 550, 511527.30, 755123.13, 25.62);
insert into STATION values (1870, '-', 550, 511525.77, 755121.86, 25.58);
insert into STATION values (1871, '-', 550, 511526.22, 755123.35, 25.39);
insert into STATION values (1872, '-', 550, 511526.61, 755124.80, 25.50);
insert into STATION values (1873, '-', 550, 511524.98, 755124.39, 25.63);
insert into STATION values (1874, '-', 550, 511529.16, 755126.26, 25.44);
insert into STATION values (1875, '-', 550, 511530.10, 755128.68, 25.29);
insert into STATION values (1876, '-', 550, 511527.02, 755125.49, 25.48);
insert into STATION values (1877, '-', 550, 511528.14, 755127.85, 25.42);
insert into STATION values (1878, '-', 550, 511529.46, 755131.04, 25.32);
insert into STATION values (1879, '5.3', 550, 511531.43, 755133.16, 26.20);
insert into STATION values (1880, '-', 550, 511532.45, 755131.33, 25.99);
insert into STATION values (1881, '-', 550, 511531.78, 755130.64, 26.03);
insert into STATION values (1882, '-', 550, 511531.31, 755130.18, 25.99);
insert into STATION values (1883, '-', 550, 511530.11, 755129.47, 25.89);
insert into STATION values (1884, '-', 550, 511530.82, 755132.50, 26.03);
insert into STATION values (1885, '-', 550, 511531.86, 755132.63, 25.26);
insert into STATION values (1886, '-', 550, 511528.74, 755129.48, 25.52);
insert into STATION values (1887, '-', 550, 511530.40, 755131.38, 25.64);
insert into STATION values (1888, '-', 550, 511528.59, 755129.11, 25.67);
insert into STATION values (1889, '-', 550, 511532.68, 755132.52, 26.34);
insert into STATION values (1890, '5.4', 550, 511532.62, 755135.40, 26.06);
insert into STATION values (1891, '-', 550, 511531.85, 755134.54, 26.16);
insert into STATION values (1892, '-', 550, 511531.64, 755133.85, 26.18);
insert into STATION values (1893, '-', 550, 511533.23, 755134.93, 26.11);
insert into STATION values (1894, '-', 550, 511533.14, 755134.29, 26.29);
insert into STATION values (1895, '-', 550, 511532.83, 755133.29, 26.37);
insert into STATION values (1896, '-', 550, 511532.21, 755133.24, 26.45);
insert into STATION values (1897, '-', 550, 511532.50, 755132.31, 26.24);
insert into STATION values (1898, '-', 550, 511532.97, 755135.06, 27.35);
insert into STATION values (1899, '-', 550, 511533.02, 755135.50, 27.48);
insert into STATION values (1900, '-', 550, 511532.51, 755135.34, 26.25);
insert into STATION values (1901, '-', 550, 511533.41, 755135.77, 26.40);
insert into STATION values (1902, '-', 550, 511532.87, 755135.85, 26.43);
insert into STATION values (1903, '-', 550, 511533.22, 755135.96, 27.50);
insert into STATION values (1904, '-', 550, 511533.46, 755135.99, 27.19);
insert into STATION values (1905, '5.5', 550, 511533.60, 755136.47, 27.13);
insert into STATION_FLAG values(1905, 'ent');
insert into STATION values (1906, '-', 550, 511533.84, 755136.09, 27.21);
insert into STATION values (1907, '-', 550, 511533.24, 755136.52, 27.19);
insert into STATION values (1908, '-', 550, 511533.56, 755136.28, 27.47);
insert into STATION values (1909, '-', 550, 511533.58, 755136.52, 26.88);
insert into STATION values (1910, '1.0', 596, 511528.79, 755174.79, 23.25);
insert into STATION_FLAG values(1910, 'ent');
insert into STATION_FLAG values(1910, 'fix');
insert into STATION values (1911, '-', 596, 511528.79, 755174.79, 23.25);
insert into STATION values (1912, '-', 596, 511529.02, 755175.15, 22.62);
insert into STATION values (1913, '-', 596, 511528.05, 755175.10, 22.68);
insert into STATION values (1914, '-', 596, 511527.92, 755174.19, 22.73);
insert into STATION values (1915, '-', 596, 511528.55, 755174.12, 23.02);
insert into STATION values (1916, '-', 596, 511528.96, 755175.06, 22.54);
insert into STATION values (1917, '-', 596, 511528.56, 755174.11, 22.72);
insert into STATION values (1918, '-', 596, 511528.91, 755176.52, 23.94);
insert into STATION values (1919, '-', 596, 511527.30, 755175.33, 23.48);
insert into STATION values (1920, '1.1', 596, 511528.72, 755174.39, 22.05);
insert into STATION values (1921, '-', 596, 511529.07, 755174.79, 21.91);
insert into STATION values (1922, '-', 596, 511529.48, 755175.21, 21.94);
insert into STATION values (1923, '-', 596, 511529.59, 755175.54, 22.27);
insert into STATION values (1924, '-', 596, 511529.28, 755175.04, 22.38);
insert into STATION values (1925, '-', 596, 511528.99, 755174.54, 22.32);
insert into STATION values (1926, '-', 596, 511528.78, 755174.19, 22.35);
insert into STATION values (1927, '-', 596, 511528.75, 755173.86, 22.33);
insert into STATION values (1928, '-', 596, 511528.72, 755174.00, 22.15);
insert into STATION values (1929, '-', 596, 511528.71, 755173.93, 22.20);
insert into STATION values (1930, '-', 596, 511528.60, 755174.02, 22.24);
insert into STATION values (1931, '-', 596, 511529.77, 755172.93, 21.78);
insert into STATION values (1932, '-', 596, 511529.89, 755173.55, 21.82);
insert into STATION values (1933, '-', 596, 511530.11, 755174.09, 21.85);
insert into STATION values (1934, '-', 596, 511530.44, 755174.86, 21.94);
insert into STATION values (1935, '-', 596, 511530.51, 755175.29, 21.96);
insert into STATION values (1936, '-', 596, 511529.58, 755172.54, 21.84);
insert into STATION values (1937, '1.2', 596, 511529.53, 755173.77, 21.84);
insert into STATION values (1938, '-', 596, 511529.41, 755171.99, 21.81);
insert into STATION values (1939, '-', 596, 511529.31, 755171.62, 21.80);
insert into STATION values (1940, '-', 596, 511528.70, 755173.23, 21.81);
insert into STATION values (1941, '-', 596, 511528.76, 755173.09, 21.83);
insert into STATION values (1942, '-', 596, 511528.75, 755172.97, 21.81);
insert into STATION values (1943, '-', 596, 511528.88, 755172.79, 21.86);
insert into STATION values (1944, '-', 596, 511528.60, 755172.06, 21.89);
insert into STATION values (1945, '-', 596, 511528.76, 755171.95, 21.79);
insert into STATION values (1946, '1.3', 596, 511529.14, 755172.44, 21.86);
insert into STATION values (1947, '1.4', 596, 511530.50, 755175.41, 21.74);
insert into STATION values (1948, '-', 596, 511530.69, 755175.53, 21.83);
insert into STATION values (1949, '-', 596, 511530.77, 755175.74, 21.82);
insert into STATION values (1950, '-', 596, 511529.38, 755176.17, 22.04);
insert into STATION values (1951, '-', 596, 511529.35, 755176.98, 22.16);
insert into STATION values (1952, '1.5', 596, 511531.07, 755176.58, 21.75);
insert into STATION values (1953, '-', 596, 511531.15, 755176.09, 21.79);
insert into STATION values (1954, '-', 596, 511531.49, 755176.52, 21.78);
insert into STATION values (1955, '-', 596, 511532.03, 755176.79, 21.76);
insert into STATION values (1956, '-', 596, 511532.17, 755177.08, 21.73);
insert into STATION values (1957, '-', 596, 511532.14, 755177.65, 21.72);
insert into STATION values (1958, '-', 596, 511531.79, 755178.26, 21.71);
insert into STATION values (1959, '-', 596, 511531.36, 755178.77, 21.71);
insert into STATION values (1960, '-', 596, 511531.06, 755179.21, 21.80);
insert into STATION values (1961, '-', 596, 511530.81, 755179.89, 21.85);
insert into STATION values (1962, '-', 596, 511530.75, 755180.16, 21.85);
insert into STATION values (1963, '-', 596, 511530.59, 755179.94, 21.84);
insert into STATION values (1964, '-', 596, 511530.44, 755179.95, 21.84);
insert into STATION values (1965, '-', 596, 511530.37, 755180.01, 21.83);
insert into STATION values (1966, '-', 596, 511530.23, 755180.23, 21.74);
insert into STATION values (1967, '-', 596, 511530.09, 755180.42, 21.73);
insert into STATION values (1968, '-', 596, 511529.55, 755177.15, 22.03);
insert into STATION values (1969, '-', 596, 511529.31, 755177.70, 22.07);
insert into STATION values (1970, '-', 596, 511529.32, 755176.72, 22.09);
insert into STATION values (1971, '-', 596, 511529.20, 755178.28, 22.25);
insert into STATION values (1972, '-', 596, 511529.81, 755178.24, 21.78);
insert into STATION values (1973, '-', 596, 511530.06, 755177.33, 21.74);
insert into STATION values (1974, '-', 596, 511530.13, 755176.89, 21.73);
insert into STATION values (1975, '-', 596, 511530.24, 755176.57, 21.79);
insert into STATION values (1976, '-', 596, 511530.21, 755176.19, 21.82);
insert into STATION values (1977, '1.6', 596, 511529.56, 755179.57, 21.88);
insert into STATION values (1978, '-', 596, 511529.55, 755178.84, 21.72);
insert into STATION values (1979, '-', 596, 511529.32, 755178.98, 21.73);
insert into STATION values (1980, '-', 596, 511528.92, 755178.08, 21.73);
insert into STATION values (1981, '-', 596, 511528.48, 755178.24, 21.72);
insert into STATION values (1982, '-', 596, 511527.78, 755177.67, 21.72);
insert into STATION values (1983, '-', 596, 511528.77, 755179.01, 21.78);
insert into STATION values (1984, '-', 596, 511528.78, 755179.15, 21.77);
insert into STATION values (1985, '-', 596, 511528.65, 755179.23, 21.80);
insert into STATION values (1986, '-', 596, 511528.12, 755179.32, 21.81);
insert into STATION values (1987, '-', 596, 511528.89, 755179.49, 21.77);
insert into STATION values (1988, '-', 596, 511528.98, 755179.50, 21.79);
insert into STATION values (1989, '-', 596, 511529.18, 755179.67, 21.83);
insert into STATION values (1990, '-', 596, 511529.35, 755179.81, 21.85);
insert into STATION values (1991, '-', 596, 511529.23, 755180.73, 21.87);
insert into STATION values (1992, '-', 596, 511529.31, 755180.31, 21.84);
insert into STATION values (1993, '-', 596, 511530.22, 755180.10, 21.78);
insert into STATION values (1994, '-', 596, 511530.01, 755180.60, 21.75);
insert into STATION values (1995, '1.7', 596, 511529.39, 755183.63, 21.85);
insert into STATION values (1996, '-', 596, 511529.19, 755180.03, 21.84);
insert into STATION values (1997, '-', 596, 511529.07, 755180.40, 21.86);
insert into STATION values (1998, '-', 596, 511529.05, 755180.79, 21.85);
insert into STATION values (1999, '-', 596, 511528.89, 755180.91, 21.84);
insert into STATION values (2000, '-', 596, 511528.85, 755181.34, 21.81);
insert into STATION values (2001, '-', 596, 511528.86, 755181.70, 21.80);
insert into STATION values (2002, '-', 596, 511528.59, 755181.93, 21.78);
insert into STATION values (2003, '-', 596, 511528.53, 755182.25, 21.88);
insert into STATION values (2004, '-', 596, 511528.48, 755182.33, 21.71);
insert into STATION values (2005, '-', 596, 511528.75, 755182.73, 21.76);
insert into STATION values (2006, '-', 596, 511528.86, 755182.91, 21.78);
insert into STATION values (2007, '-', 596, 511528.60, 755183.10, 21.78);
insert into STATION values (2008, '-', 596, 511529.01, 755183.37, 21.83);
insert into STATION values (2009, '-', 596, 511529.08, 755183.45, 21.84);
insert into STATION values (2010, '-', 596, 511528.49, 755183.87, 21.99);
insert into STATION values (2011, '-', 596, 511528.39, 755184.39, 22.05);
insert into STATION values (2012, '-', 596, 511528.53, 755184.59, 22.04);
insert into STATION values (2013, '-', 596, 511528.50, 755184.71, 22.02);
insert into STATION values (2014, '-', 596, 511528.31, 755185.14, 21.98);
insert into STATION values (2015, '-', 596, 511530.97, 755184.41, 21.89);
insert into STATION values (2016, '-', 596, 511530.72, 755183.70, 21.82);
insert into STATION values (2017, '-', 596, 511530.64, 755183.42, 21.85);
insert into STATION values (2018, '-', 596, 511530.53, 755183.12, 21.84);
insert into STATION values (2019, '-', 596, 511530.33, 755182.80, 21.89);
insert into STATION values (2020, '-', 596, 511530.33, 755182.73, 21.90);
insert into STATION values (2021, '-', 596, 511530.12, 755182.31, 21.84);
insert into STATION values (2022, '-', 596, 511530.01, 755181.86, 21.82);
insert into STATION values (2023, '-', 596, 511530.23, 755180.79, 21.79);
insert into STATION values (2024, '-', 596, 511530.03, 755180.65, 21.76);
insert into STATION values (2025, '-', 596, 511530.27, 755178.77, 21.75);
insert into STATION values (2026, '-', 596, 511528.76, 755181.70, 21.78);
insert into STATION values (2027, '-', 596, 511528.85, 755181.77, 21.78);
insert into STATION values (2028, '-', 596, 511529.41, 755184.02, 21.76);
insert into STATION values (2029, '-', 596, 511529.68, 755184.41, 21.73);
insert into STATION values (2030, '-', 596, 511529.76, 755184.51, 21.75);
insert into STATION values (2031, '-', 596, 511529.97, 755184.85, 21.72);
insert into STATION values (2032, '1.8', 596, 511530.28, 755185.41, 21.82);
insert into STATION values (2033, '-', 596, 511531.13, 755185.04, 21.89);
insert into STATION values (2034, '-', 596, 511531.29, 755185.49, 21.89);
insert into STATION values (2035, '-', 596, 511531.49, 755186.24, 21.88);
insert into STATION values (2036, '-', 596, 511531.32, 755186.61, 21.96);
insert into STATION values (2037, '-', 596, 511531.68, 755187.20, 21.94);
insert into STATION values (2038, '-', 596, 511529.96, 755188.43, 21.80);
insert into STATION values (2039, '-', 596, 511529.65, 755187.95, 21.77);
insert into STATION values (2040, '-', 596, 511529.54, 755187.29, 21.84);
insert into STATION values (2041, '-', 596, 511529.45, 755186.82, 21.89);
insert into STATION values (2042, '-', 596, 511529.98, 755185.81, 21.80);
insert into STATION values (2043, '-', 596, 511529.95, 755185.56, 21.81);
insert into STATION values (2044, '-', 596, 511529.77, 755185.09, 21.88);
insert into STATION values (2045, '-', 596, 511529.63, 755184.55, 21.77);
insert into STATION values (2046, '1.9', 596, 511530.27, 755186.83, 21.84);
insert into STATION values (2047, '-', 596, 511530.05, 755185.83, 21.79);
insert into STATION values (2048, '-', 596, 511530.07, 755186.34, 21.66);
insert into STATION values (2049, '-', 596, 511530.10, 755186.58, 21.63);
insert into STATION values (2050, '-', 596, 511528.99, 755185.51, 22.01);
insert into STATION values (2051, '-', 596, 511529.21, 755186.14, 21.86);
insert into STATION values (2052, '-', 596, 511529.42, 755186.67, 21.81);
insert into STATION values (2053, '-', 596, 511529.28, 755186.57, 21.79);
insert into STATION values (2054, '-', 596, 511529.90, 755186.65, 21.83);
insert into STATION values (2055, '-', 596, 511529.96, 755186.60, 21.87);
insert into STATION values (2056, '-', 596, 511529.19, 755186.16, 21.90);
insert into STATION values (2057, '-', 596, 511529.09, 755186.22, 21.85);
insert into STATION values (2058, '-', 596, 511528.98, 755186.31, 21.84);
insert into STATION values (2059, '-', 596, 511528.85, 755186.38, 21.78);
insert into STATION values (2060, '-', 596, 511528.96, 755186.36, 21.81);
insert into STATION values (2061, '-', 596, 511529.00, 755186.28, 21.80);
insert into STATION values (2062, '-', 596, 511529.98, 755186.68, 21.83);
insert into STATION values (2063, '-', 596, 511530.08, 755186.67, 21.86);
insert into STATION values (2064, '-', 596, 511530.13, 755186.69, 21.86);
insert into STATION values (2065, '-', 596, 511528.90, 755185.31, 22.13);
insert into STATION values (2066, '-', 596, 511531.57, 755186.31, 21.88);
insert into STATION values (2067, '-', 596, 511531.67, 755186.71, 21.87);
insert into STATION values (2068, '1.10', 596, 511529.67, 755187.72, 21.83);
insert into STATION values (2069, '-', 596, 511529.58, 755187.35, 21.81);
insert into STATION values (2070, '-', 596, 511529.74, 755187.94, 21.82);
insert into STATION values (2071, '-', 596, 511529.45, 755187.45, 21.78);
insert into STATION values (2072, '-', 596, 511529.14, 755187.70, 21.83);
insert into STATION values (2073, '-', 596, 511528.66, 755187.77, 21.85);
insert into STATION values (2074, '-', 596, 511528.68, 755187.90, 21.79);
insert into STATION values (2075, '-', 596, 511528.26, 755188.20, 21.72);
insert into STATION values (2076, '-', 596, 511529.32, 755188.01, 21.83);
insert into STATION values (2077, '-', 596, 511529.47, 755188.02, 21.81);
insert into STATION values (2078, '-', 596, 511529.71, 755187.99, 21.82);
insert into STATION values (2079, '-', 596, 511529.78, 755187.99, 21.82);
insert into STATION values (2080, '-', 596, 511531.98, 755187.56, 21.84);
insert into STATION values (2081, '-', 596, 511532.06, 755188.35, 21.79);
insert into STATION values (2082, '-', 596, 511532.04, 755188.67, 21.79);
insert into STATION values (2083, '-', 596, 511532.11, 755189.44, 21.76);
insert into STATION values (2084, '-', 596, 511532.10, 755190.32, 21.75);
insert into STATION values (2085, '-', 596, 511531.74, 755191.18, 21.81);
insert into STATION values (2086, '1.11', 596, 511530.86, 755187.76, 21.88);
insert into STATION values (2087, '-', 596, 511529.95, 755188.65, 21.80);
insert into STATION values (2088, '-', 596, 511529.64, 755189.41, 21.79);
insert into STATION values (2089, '-', 596, 511529.80, 755189.64, 21.77);
insert into STATION values (2090, '-', 596, 511529.74, 755190.09, 21.77);
insert into STATION values (2091, '-', 596, 511530.90, 755192.29, 21.79);
insert into STATION values (2092, '-', 596, 511530.78, 755193.06, 21.72);
insert into STATION values (2093, '-', 596, 511530.56, 755193.20, 21.77);
insert into STATION values (2094, '-', 596, 511530.38, 755192.86, 21.76);
insert into STATION values (2095, '1.12', 596, 511530.67, 755188.77, 21.73);
insert into STATION values (2096, '-', 596, 511529.90, 755188.75, 21.83);
insert into STATION values (2097, '-', 596, 511529.84, 755188.78, 21.78);
insert into STATION values (2098, '-', 596, 511529.82, 755188.88, 21.76);
insert into STATION values (2099, '-', 596, 511529.24, 755189.07, 21.84);
insert into STATION values (2100, '-', 596, 511527.43, 755189.50, 21.83);
insert into STATION values (2101, '-', 596, 511527.29, 755189.76, 21.78);
insert into STATION values (2102, '-', 596, 511527.57, 755189.93, 21.73);
insert into STATION values (2103, '-', 596, 511527.65, 755190.01, 21.76);
insert into STATION values (2104, '-', 596, 511529.39, 755189.34, 21.75);
insert into STATION values (2105, '-', 596, 511529.58, 755189.30, 21.74);
insert into STATION values (2106, '-', 596, 511529.82, 755189.74, 21.81);
insert into STATION values (2107, '-', 596, 511529.75, 755190.12, 21.84);
insert into STATION values (2108, '-', 596, 511529.63, 755190.51, 21.81);
insert into STATION values (2109, '-', 596, 511529.64, 755190.55, 21.78);
insert into STATION values (2110, '1.13', 596, 511530.02, 755191.06, 21.92);
insert into STATION values (2111, '-', 596, 511529.64, 755190.20, 21.94);
insert into STATION values (2112, '-', 596, 511529.71, 755190.65, 21.81);
insert into STATION values (2113, '-', 596, 511529.26, 755190.95, 21.90);
insert into STATION values (2114, '-', 596, 511529.10, 755191.91, 21.95);
insert into STATION values (2115, '-', 596, 511529.18, 755192.60, 21.79);
insert into STATION values (2116, '-', 596, 511530.22, 755192.92, 21.86);
insert into STATION values (2117, '1.14', 596, 511529.18, 755192.53, 22.09);
insert into STATION values (2118, '1.15', 596, 511528.05, 755193.15, 22.88);
insert into STATION values (2119, '2.0', 630, 511529.75, 755194.16, 22.00);
insert into STATION values (2120, '-', 630, 511531.02, 755193.74, 20.75);
insert into STATION values (2121, '1.15', 630, 511528.05, 755193.15, 22.88);
insert into STATION values (2122, '-', 630, 511529.71, 755193.00, 21.65);
insert into STATION values (2123, '-', 630, 511530.03, 755193.20, 21.64);
insert into STATION values (2124, '-', 630, 511530.22, 755193.21, 21.65);
insert into STATION values (2125, '-', 630, 511529.52, 755192.41, 21.65);
insert into STATION values (2126, '-', 630, 511529.43, 755191.54, 22.32);
insert into STATION values (2127, '-', 630, 511529.42, 755191.82, 22.32);
insert into STATION values (2128, '-', 630, 511529.46, 755192.15, 22.19);
insert into STATION values (2129, '-', 630, 511529.51, 755192.31, 22.12);
insert into STATION values (2130, '-', 630, 511529.59, 755192.63, 22.10);
insert into STATION values (2131, '-', 630, 511529.61, 755192.90, 22.10);
insert into STATION values (2132, '-', 630, 511529.70, 755193.17, 22.07);
insert into STATION values (2133, '-', 630, 511529.79, 755193.36, 22.04);
insert into STATION values (2134, '-', 630, 511529.83, 755193.56, 22.06);
insert into STATION values (2135, '-', 630, 511530.08, 755193.71, 22.02);
insert into STATION values (2136, '-', 630, 511530.40, 755193.83, 22.00);
insert into STATION values (2137, '-', 630, 511529.35, 755193.62, 22.50);
insert into STATION values (2138, '-', 630, 511529.43, 755193.78, 22.63);
insert into STATION values (2139, '-', 630, 511529.55, 755194.02, 22.61);
insert into STATION values (2140, '-', 630, 511529.69, 755194.40, 22.50);
insert into STATION values (2141, '-', 630, 511529.74, 755194.56, 22.67);
insert into STATION values (2142, '-', 630, 511529.37, 755194.46, 22.45);
insert into STATION values (2143, '-', 630, 511529.12, 755194.96, 22.43);
insert into STATION values (2144, '-', 630, 511530.39, 755195.18, 22.79);
insert into STATION values (2145, '-', 630, 511529.59, 755196.22, 22.87);
insert into STATION values (2146, '-', 630, 511529.35, 755194.58, 22.09);
insert into STATION values (2147, '-', 630, 511529.56, 755194.84, 22.13);
insert into STATION values (2148, '-', 630, 511529.97, 755195.47, 22.15);
insert into STATION values (2149, '-', 630, 511530.32, 755195.75, 22.31);
insert into STATION values (2150, '-', 630, 511530.53, 755195.99, 22.35);
insert into STATION values (2151, '-', 630, 511531.02, 755193.79, 20.79);
insert into STATION values (2152, '-', 630, 511531.09, 755193.35, 21.73);
insert into STATION values (2153, '-', 630, 511530.12, 755193.71, 22.01);
insert into STATION values (2154, '-', 630, 511530.46, 755193.81, 21.98);
insert into STATION values (2155, '-', 630, 511530.10, 755193.73, 22.01);
insert into STATION values (2156, '-', 630, 511530.41, 755193.84, 21.97);
insert into STATION values (2157, '-', 630, 511530.78, 755193.81, 22.06);
insert into STATION values (2158, '-', 630, 511531.23, 755193.94, 22.08);
insert into STATION values (2159, '-', 630, 511531.92, 755194.30, 22.12);
insert into STATION values (2160, '-', 630, 511532.24, 755194.51, 22.10);
insert into STATION values (2161, '2.1', 630, 511531.79, 755194.98, 22.17);
insert into STATION values (2162, '-', 630, 511530.60, 755196.86, 22.22);
insert into STATION values (2163, '-', 630, 511530.44, 755197.36, 22.10);
insert into STATION values (2164, '-', 630, 511530.95, 755197.45, 22.18);
insert into STATION values (2165, '-', 630, 511531.18, 755197.61, 22.14);
insert into STATION values (2166, '-', 630, 511531.35, 755197.82, 22.12);
insert into STATION values (2167, '-', 630, 511530.74, 755198.28, 22.10);
insert into STATION values (2168, '-', 630, 511530.51, 755196.58, 22.28);
insert into STATION values (2169, '-', 630, 511532.06, 755197.07, 22.20);
insert into STATION values (2170, '-', 630, 511531.80, 755196.69, 22.19);
insert into STATION values (2171, '-', 630, 511531.68, 755196.33, 22.20);
insert into STATION values (2172, '2.2', 630, 511533.84, 755197.10, 22.00);
insert into STATION values (2173, '-', 630, 511532.38, 755195.10, 22.22);
insert into STATION values (2174, '-', 630, 511532.85, 755195.27, 22.14);
insert into STATION values (2175, '-', 630, 511533.13, 755195.04, 22.15);
insert into STATION values (2176, '-', 630, 511533.56, 755195.13, 22.08);
insert into STATION values (2177, '-', 630, 511533.80, 755195.17, 22.05);
insert into STATION values (2178, '-', 630, 511534.03, 755195.87, 21.98);
insert into STATION values (2179, '-', 630, 511534.67, 755196.11, 21.95);
insert into STATION values (2180, '-', 630, 511534.80, 755196.72, 21.86);
insert into STATION values (2181, '-', 630, 511535.60, 755197.06, 21.80);
insert into STATION values (2182, '-', 630, 511535.97, 755197.63, 21.84);
insert into STATION values (2183, '-', 630, 511535.92, 755198.98, 21.79);
insert into STATION values (2184, '-', 630, 511535.37, 755199.35, 21.72);
insert into STATION values (2185, '-', 630, 511535.37, 755199.29, 21.73);
insert into STATION values (2186, '-', 630, 511534.96, 755199.69, 21.66);
insert into STATION values (2187, '-', 630, 511534.63, 755200.12, 21.68);
insert into STATION values (2188, '-', 630, 511534.25, 755199.39, 21.69);
insert into STATION values (2189, '-', 630, 511533.87, 755198.81, 21.76);
insert into STATION values (2190, '-', 630, 511533.46, 755198.77, 21.86);
insert into STATION values (2191, '-', 630, 511532.77, 755198.84, 21.74);
insert into STATION values (2192, '-', 630, 511531.65, 755196.41, 22.21);
insert into STATION values (2193, '-', 630, 511531.65, 755196.63, 22.20);
insert into STATION values (2194, '-', 630, 511531.91, 755196.98, 22.16);
insert into STATION values (2195, '-', 630, 511532.97, 755198.66, 21.94);
insert into STATION values (2196, '-', 630, 511532.53, 755198.52, 21.94);
insert into STATION values (2197, '-', 630, 511531.71, 755196.54, 22.24);
insert into STATION values (2198, '-', 630, 511531.89, 755196.90, 22.20);
insert into STATION values (2199, '-', 630, 511531.86, 755197.12, 22.18);
insert into STATION values (2200, '-', 630, 511531.78, 755197.56, 22.16);
insert into STATION values (2201, '2.3', 630, 511530.93, 755198.87, 22.10);
insert into STATION values (2202, '1.15', 643, 511528.05, 755193.15, 22.88);
insert into STATION values (2203, '-', 643, 511529.09, 755191.04, 23.03);
insert into STATION values (2204, '-', 643, 511528.92, 755191.63, 23.09);
insert into STATION values (2205, '-', 643, 511529.11, 755192.19, 22.97);
insert into STATION values (2206, '-', 643, 511529.21, 755192.93, 22.86);
insert into STATION values (2207, '-', 643, 511529.39, 755193.44, 22.82);
insert into STATION values (2208, '-', 643, 511529.54, 755194.02, 22.87);
insert into STATION values (2209, '-', 643, 511530.59, 755195.47, 22.90);
insert into STATION values (2210, '-', 643, 511530.32, 755196.04, 22.88);
insert into STATION values (2211, '-', 643, 511529.95, 755196.41, 22.81);
insert into STATION values (2212, '-', 643, 511529.77, 755194.57, 22.58);
insert into STATION values (2213, '-', 643, 511529.34, 755194.48, 22.38);
insert into STATION values (2214, '-', 643, 511529.09, 755194.97, 22.40);
insert into STATION values (2215, '-', 643, 511528.98, 755195.35, 22.48);
insert into STATION values (2216, '-', 643, 511528.53, 755195.27, 22.54);
insert into STATION values (2217, '-', 643, 511528.38, 755194.91, 22.87);
insert into STATION values (2218, '-', 643, 511528.05, 755194.54, 22.96);
insert into STATION values (2219, '-', 643, 511527.69, 755194.30, 22.91);
insert into STATION values (2220, '-', 643, 511527.36, 755194.30, 22.92);
insert into STATION values (2221, '-', 643, 511526.83, 755194.51, 22.52);
insert into STATION values (2222, '-', 643, 511526.56, 755194.60, 22.79);
insert into STATION values (2223, '-', 643, 511526.03, 755194.84, 22.83);
insert into STATION values (2224, '-', 643, 511525.47, 755194.89, 22.78);
insert into STATION values (2225, '-', 643, 511525.26, 755194.53, 22.83);
insert into STATION values (2226, '-', 643, 511524.27, 755194.79, 22.80);
insert into STATION values (2227, '-', 643, 511523.69, 755194.48, 22.87);
insert into STATION values (2228, '-', 643, 511522.56, 755194.65, 22.78);
insert into STATION values (2229, '-', 643, 511522.94, 755193.98, 22.81);
insert into STATION values (2230, '-', 643, 511523.14, 755192.84, 22.92);
insert into STATION values (2231, '-', 643, 511522.67, 755191.52, 23.18);
insert into STATION values (2232, '3.0', 643, 511525.01, 755194.07, 22.63);
insert into STATION values (2233, '-', 643, 511523.38, 755194.58, 22.60);
insert into STATION values (2234, '-', 643, 511522.57, 755194.66, 22.76);
insert into STATION values (2235, '3.1', 643, 511522.80, 755194.67, 22.72);
insert into STATION values (2236, '-', 643, 511524.24, 755193.70, 22.26);
insert into STATION values (2237, '-', 643, 511524.28, 755193.21, 22.55);
insert into STATION values (2238, '-', 643, 511524.27, 755192.80, 22.96);
insert into STATION values (2239, '-', 643, 511524.35, 755192.19, 23.05);
insert into STATION values (2240, '-', 643, 511524.48, 755191.64, 23.07);
insert into STATION values (2241, '-', 643, 511524.60, 755191.20, 23.05);
insert into STATION values (2242, '-', 643, 511524.83, 755190.97, 23.02);
insert into STATION values (2243, '-', 643, 511525.54, 755191.31, 22.51);
insert into STATION values (2244, '-', 643, 511525.64, 755191.90, 22.33);
insert into STATION values (2245, '-', 643, 511525.59, 755192.40, 22.27);
insert into STATION values (2246, '-', 643, 511525.36, 755192.83, 22.33);
insert into STATION values (2247, '-', 643, 511525.40, 755193.32, 22.20);
insert into STATION values (2248, '3.2', 643, 511523.93, 755189.63, 23.54);
insert into STATION values (2249, '-', 643, 511522.94, 755192.01, 23.22);
insert into STATION values (2250, '-', 643, 511522.34, 755191.45, 23.40);
insert into STATION values (2251, '-', 643, 511522.01, 755191.31, 23.38);
insert into STATION values (2252, '-', 643, 511521.50, 755191.53, 23.39);
insert into STATION values (2253, '-', 643, 511522.18, 755189.99, 23.68);
insert into STATION values (2254, '-', 643, 511522.26, 755189.67, 23.70);
insert into STATION values (2255, '-', 643, 511522.60, 755189.49, 23.73);
insert into STATION values (2256, '-', 643, 511522.73, 755189.02, 23.79);
insert into STATION values (2257, '-', 643, 511523.07, 755188.73, 23.87);
insert into STATION values (2258, '-', 643, 511523.04, 755189.04, 24.23);
insert into STATION values (2259, '-', 643, 511523.14, 755189.48, 24.20);
insert into STATION values (2260, '-', 643, 511523.44, 755190.02, 24.07);
insert into STATION values (2261, '-', 643, 511523.54, 755190.31, 24.22);
insert into STATION values (2262, '-', 643, 511523.65, 755190.81, 24.05);
insert into STATION values (2263, '-', 643, 511523.88, 755190.84, 23.76);
insert into STATION values (2264, '-', 643, 511524.21, 755190.90, 23.78);
insert into STATION values (2265, '-', 643, 511524.52, 755190.97, 23.82);
insert into STATION values (2266, '-', 643, 511524.98, 755191.20, 23.81);
insert into STATION values (2267, '-', 643, 511525.43, 755191.42, 24.02);
insert into STATION values (2268, '-', 643, 511525.88, 755191.34, 24.31);
insert into STATION values (2269, '3.3', 643, 511524.96, 755189.92, 23.92);
insert into STATION values (2270, '-', 643, 511522.84, 755188.87, 24.24);
insert into STATION values (2271, '-', 643, 511522.92, 755188.39, 24.22);
insert into STATION values (2272, '-', 643, 511523.82, 755188.06, 24.17);
insert into STATION values (2273, '-', 643, 511524.47, 755187.81, 24.13);
insert into STATION values (2274, '-', 643, 511524.68, 755188.52, 24.27);
insert into STATION values (2275, '-', 643, 511524.98, 755188.04, 24.10);
insert into STATION values (2276, '-', 643, 511525.69, 755188.29, 24.03);
insert into STATION values (2277, '-', 643, 511526.25, 755188.43, 24.08);
insert into STATION values (2278, '-', 643, 511527.10, 755187.90, 24.25);
insert into STATION values (2279, '-', 643, 511527.21, 755188.03, 24.30);
insert into STATION values (2280, '-', 643, 511524.94, 755188.05, 24.10);
insert into STATION values (2281, '-', 643, 511525.28, 755188.22, 24.10);
insert into STATION values (2282, '-', 643, 511525.73, 755188.29, 24.06);
insert into STATION values (2283, '-', 643, 511526.26, 755188.43, 24.06);
insert into STATION values (2284, '-', 643, 511526.89, 755188.68, 24.50);
insert into STATION values (2285, '-', 643, 511527.08, 755188.92, 24.86);
insert into STATION values (2286, '-', 643, 511527.39, 755189.81, 24.43);
insert into STATION values (2287, '-', 643, 511528.22, 755190.26, 24.50);
insert into STATION values (2288, '3.4', 643, 511526.33, 755188.52, 24.24);
insert into STATION values (2289, '3.5', 643, 511528.55, 755190.78, 24.96);
insert into STATION values (2290, '-', 643, 511528.05, 755190.06, 24.73);
insert into STATION values (2291, '-', 643, 511528.38, 755190.02, 24.70);
insert into STATION values (2292, '-', 643, 511528.54, 755189.34, 24.58);
insert into STATION values (2293, '-', 643, 511528.32, 755188.69, 24.74);
insert into STATION values (2294, '-', 643, 511527.92, 755188.49, 25.03);
insert into STATION values (2295, '-', 643, 511528.20, 755188.65, 24.84);
insert into STATION values (2296, '-', 643, 511528.85, 755188.15, 24.72);
insert into STATION values (2297, '-', 643, 511529.13, 755188.48, 24.75);
insert into STATION values (2298, '-', 643, 511529.27, 755188.76, 24.80);
insert into STATION values (2299, '-', 643, 511529.21, 755189.32, 24.85);
insert into STATION values (2300, '-', 643, 511529.27, 755189.95, 24.84);
insert into STATION values (2301, '-', 643, 511529.40, 755190.36, 24.90);
insert into STATION values (2302, '-', 643, 511529.56, 755190.98, 24.92);
insert into STATION values (2303, '-', 643, 511529.55, 755191.30, 24.71);
insert into STATION values (2304, '-', 643, 511529.49, 755191.64, 24.78);
insert into STATION values (2305, '-', 643, 511529.15, 755191.95, 24.85);
insert into STATION values (2306, '-', 643, 511526.45, 755189.28, 24.11);
insert into STATION values (2307, '-', 643, 511526.49, 755189.61, 24.23);
insert into STATION values (2308, '-', 643, 511526.18, 755189.76, 24.25);
insert into STATION values (2309, '-', 643, 511525.85, 755189.91, 24.31);
insert into STATION values (2310, '-', 643, 511526.34, 755190.78, 23.32);
insert into STATION values (2311, '-', 643, 511526.71, 755191.03, 23.66);
insert into STATION values (2312, '-', 643, 511526.84, 755191.22, 23.74);
insert into STATION values (2313, '-', 643, 511526.67, 755191.47, 23.59);
insert into STATION values (2314, '1.15', 663, 511528.05, 755193.15, 22.88);
insert into STATION values (2315, '4.0', 663, 511528.27, 755196.30, 23.21);
insert into STATION values (2316, '-', 663, 511528.37, 755195.07, 22.94);
insert into STATION values (2317, '-', 663, 511528.00, 755194.59, 22.99);
insert into STATION values (2318, '-', 663, 511527.76, 755194.36, 22.99);
insert into STATION values (2319, '-', 663, 511527.37, 755194.37, 22.97);
insert into STATION values (2320, '-', 663, 511527.30, 755194.89, 22.97);
insert into STATION values (2321, '-', 663, 511527.49, 755195.35, 22.96);
insert into STATION values (2322, '-', 663, 511527.42, 755195.75, 22.90);
insert into STATION values (2323, '-', 663, 511527.72, 755195.85, 22.81);
insert into STATION values (2324, '-', 663, 511527.05, 755194.97, 22.89);
insert into STATION values (2325, '-', 663, 511526.89, 755195.10, 23.07);
insert into STATION values (2326, '-', 663, 511527.22, 755195.73, 22.78);
insert into STATION values (2327, '-', 663, 511526.75, 755195.81, 22.87);
insert into STATION values (2328, '-', 663, 511526.56, 755195.67, 23.12);
insert into STATION values (2329, '-', 663, 511526.27, 755195.54, 23.22);
insert into STATION values (2330, '-', 663, 511527.94, 755197.55, 22.81);
insert into STATION values (2331, '-', 663, 511527.37, 755198.32, 22.69);
insert into STATION values (2332, '-', 663, 511527.11, 755198.57, 22.66);
insert into STATION values (2333, '-', 663, 511526.78, 755198.19, 22.65);
insert into STATION values (2334, '-', 663, 511526.40, 755198.01, 22.62);
insert into STATION values (2335, '-', 663, 511526.34, 755197.43, 22.63);
insert into STATION values (2336, '-', 663, 511526.04, 755196.74, 22.60);
insert into STATION values (2337, '-', 663, 511525.99, 755196.11, 22.82);
insert into STATION values (2338, '-', 663, 511526.80, 755196.21, 22.71);
insert into STATION values (2339, '-', 663, 511527.14, 755196.79, 22.74);
insert into STATION values (2340, '-', 663, 511530.51, 755195.61, 22.88);
insert into STATION values (2341, '-', 663, 511529.32, 755196.00, 23.06);
insert into STATION values (2342, '-', 663, 511528.92, 755196.36, 23.18);
insert into STATION values (2343, '-', 663, 511528.66, 755196.71, 23.18);
insert into STATION values (2344, '-', 663, 511528.43, 755196.86, 23.22);
insert into STATION values (2345, '-', 663, 511528.53, 755197.38, 23.14);
insert into STATION values (2346, '-', 663, 511528.51, 755198.04, 23.05);
insert into STATION values (2347, '-', 663, 511523.23, 755198.77, 23.79);
insert into STATION values (2348, '-', 663, 511523.23, 755198.29, 23.83);
insert into STATION values (2349, '-', 663, 511523.23, 755197.77, 23.85);
insert into STATION values (2350, '-', 663, 511523.21, 755197.20, 23.92);
insert into STATION values (2351, '-', 663, 511522.97, 755196.82, 23.96);
insert into STATION values (2352, '-', 663, 511522.55, 755196.61, 23.99);
insert into STATION values (2353, '-', 663, 511522.56, 755196.25, 24.05);
insert into STATION values (2354, '-', 663, 511523.14, 755195.92, 24.09);
insert into STATION values (2355, '-', 663, 511523.19, 755195.47, 24.16);
insert into STATION values (2356, '-', 663, 511523.24, 755195.08, 24.21);
insert into STATION values (2357, '-', 663, 511525.29, 755195.27, 23.60);
insert into STATION values (2358, '-', 663, 511525.45, 755195.63, 23.51);
insert into STATION values (2359, '-', 663, 511525.68, 755196.07, 23.39);
insert into STATION values (2360, '-', 663, 511525.68, 755196.56, 23.23);
insert into STATION values (2361, '-', 663, 511525.77, 755196.94, 23.12);
insert into STATION values (2362, '-', 663, 511525.89, 755197.19, 23.03);
insert into STATION values (2363, '-', 663, 511526.11, 755197.44, 22.96);
insert into STATION values (2364, '-', 663, 511526.14, 755197.74, 22.84);
insert into STATION values (2365, '-', 663, 511526.20, 755198.10, 22.76);
insert into STATION values (2366, '-', 663, 511526.22, 755198.54, 22.60);
insert into STATION values (2367, '-', 663, 511524.73, 755198.51, 23.58);
insert into STATION values (2368, '-', 663, 511524.90, 755198.87, 23.47);
insert into STATION values (2369, '-', 663, 511525.03, 755199.21, 23.38);
insert into STATION values (2370, '-', 663, 511525.19, 755199.53, 23.32);
insert into STATION values (2371, '-', 663, 511525.28, 755199.81, 23.20);
insert into STATION values (2372, '-', 663, 511525.30, 755200.28, 23.08);
insert into STATION values (2373, '-', 663, 511525.46, 755200.80, 22.93);
insert into STATION values (2374, '-', 663, 511525.42, 755201.39, 22.58);
insert into STATION values (2375, '-', 663, 511525.66, 755201.79, 22.50);
insert into STATION values (2376, '-', 663, 511525.89, 755202.30, 22.45);
insert into STATION values (2377, '-', 663, 511526.01, 755203.26, 22.45);
insert into STATION values (2378, '-', 663, 511526.19, 755202.11, 22.39);
insert into STATION values (2379, '-', 663, 511526.16, 755201.46, 22.21);
insert into STATION values (2380, '-', 663, 511526.57, 755201.36, 22.26);
insert into STATION values (2381, '-', 663, 511526.95, 755201.28, 22.31);
insert into STATION values (2382, '-', 663, 511527.31, 755201.38, 22.41);
insert into STATION values (2383, '-', 663, 511527.46, 755201.79, 22.52);
insert into STATION values (2384, '-', 663, 511527.60, 755202.24, 22.74);
insert into STATION values (2385, '-', 663, 511527.69, 755201.44, 22.35);
insert into STATION values (2386, '-', 663, 511528.09, 755201.24, 22.48);
insert into STATION values (2387, '-', 663, 511528.38, 755201.25, 22.55);
insert into STATION values (2388, '-', 663, 511528.76, 755201.29, 22.65);
insert into STATION values (2389, '4.1', 663, 511528.01, 755197.88, 23.58);
insert into STATION values (2390, '4.2', 663, 511527.19, 755200.34, 22.48);
insert into STATION values (2391, '-', 663, 511528.85, 755198.00, 22.48);
insert into STATION values (2392, '-', 663, 511529.07, 755198.47, 22.32);
insert into STATION values (2393, '-', 663, 511529.35, 755198.56, 22.28);
insert into STATION values (2394, '-', 663, 511529.48, 755199.04, 22.35);
insert into STATION values (2395, '-', 663, 511532.21, 755199.86, 21.92);
insert into STATION values (2396, '-', 663, 511531.24, 755200.16, 22.03);
insert into STATION values (2397, '-', 663, 511531.26, 755200.56, 22.00);
insert into STATION values (2398, '-', 663, 511531.26, 755201.02, 22.00);
insert into STATION values (2399, '-', 663, 511531.26, 755201.42, 21.96);
insert into STATION values (2400, '-', 663, 511531.57, 755201.72, 21.99);
insert into STATION values (2401, '-', 663, 511531.90, 755201.89, 22.01);
insert into STATION values (2402, '-', 663, 511532.07, 755202.28, 22.02);
insert into STATION values (2403, '-', 663, 511531.52, 755202.20, 22.05);
insert into STATION values (2404, '-', 663, 511531.19, 755202.21, 22.04);
insert into STATION values (2405, '4.3', 663, 511526.24, 755202.95, 22.80);
insert into STATION values (2406, '-', 663, 511524.86, 755198.12, 21.67);
insert into STATION values (2407, '-', 663, 511524.93, 755198.21, 21.68);
insert into STATION values (2408, '-', 663, 511526.24, 755202.95, 22.80);
insert into STATION values (2409, '-', 663, 511525.20, 755198.46, 21.69);
insert into STATION values (2410, '-', 663, 511525.37, 755198.45, 21.74);
insert into STATION values (2411, '-', 663, 511525.34, 755197.76, 21.67);
insert into STATION values (2412, '-', 663, 511524.95, 755198.08, 22.69);
insert into STATION values (2413, '-', 663, 511525.51, 755198.27, 22.71);
insert into STATION values (2414, '-', 663, 511525.93, 755198.40, 22.70);
insert into STATION values (2415, '-', 663, 511526.28, 755198.47, 22.71);
insert into STATION values (2416, '-', 663, 511525.51, 755201.04, 22.87);
insert into STATION values (2417, '-', 663, 511525.21, 755201.13, 22.88);
insert into STATION values (2418, '-', 663, 511524.85, 755201.22, 22.88);
insert into STATION values (2419, '-', 663, 511524.55, 755201.30, 22.94);
insert into STATION values (2420, '-', 663, 511524.91, 755202.70, 22.44);
insert into STATION values (2421, '-', 663, 511524.87, 755202.52, 22.47);
insert into STATION values (2422, '-', 663, 511524.74, 755202.22, 22.51);
insert into STATION values (2423, '-', 663, 511524.65, 755201.92, 22.55);
insert into STATION values (2424, '-', 663, 511524.62, 755201.56, 22.60);
insert into STATION values (2425, '-', 663, 511526.56, 755203.31, 22.46);
insert into STATION values (2426, '-', 663, 511526.72, 755203.51, 22.40);
insert into STATION values (2427, '-', 663, 511526.94, 755203.59, 22.32);
insert into STATION values (2428, '-', 663, 511527.15, 755203.60, 22.28);
insert into STATION values (2429, '-', 663, 511527.49, 755203.76, 22.18);
insert into STATION values (2430, '-', 663, 511526.06, 755205.13, 22.19);
insert into STATION values (2431, '-', 663, 511526.42, 755205.29, 22.06);
insert into STATION values (2432, '-', 663, 511526.70, 755204.59, 22.18);
insert into STATION values (2433, '-', 663, 511527.10, 755204.06, 22.24);
insert into STATION values (2434, '-', 663, 511526.22, 755202.40, 22.42);
insert into STATION values (2435, '-', 663, 511526.53, 755202.41, 22.44);
insert into STATION values (2436, '-', 663, 511526.81, 755202.46, 22.51);
insert into STATION values (2437, '-', 663, 511527.18, 755202.56, 22.54);
insert into STATION values (2438, '-', 663, 511527.43, 755202.70, 22.63);
insert into STATION values (2439, '-', 663, 511527.64, 755202.90, 22.57);
insert into STATION values (2440, '-', 663, 511528.04, 755203.05, 22.19);
insert into STATION values (2441, '-', 663, 511528.10, 755203.34, 22.12);
insert into STATION values (2442, '-', 663, 511528.20, 755203.70, 22.10);
insert into STATION values (2443, '-', 663, 511528.47, 755203.97, 22.12);
insert into STATION values (2444, '-', 663, 511528.91, 755204.46, 22.01);
insert into STATION values (2445, '-', 663, 511529.09, 755204.62, 22.14);
insert into STATION values (2446, '-', 663, 511529.46, 755204.85, 22.15);
insert into STATION values (2447, '-', 663, 511529.84, 755205.23, 22.20);
insert into STATION values (2448, '-', 663, 511530.68, 755205.71, 22.17);
insert into STATION values (2449, '-', 663, 511529.74, 755202.03, 22.86);
insert into STATION values (2450, '-', 663, 511529.68, 755202.64, 22.85);
insert into STATION values (2451, '-', 663, 511529.81, 755203.25, 22.80);
insert into STATION values (2452, '-', 663, 511530.07, 755203.82, 22.70);
insert into STATION values (2453, '-', 663, 511530.41, 755204.44, 22.65);
insert into STATION values (2454, '-', 663, 511530.72, 755205.15, 22.54);
insert into STATION values (2455, '-', 663, 511530.76, 755205.66, 22.46);
insert into STATION values (2456, '-', 663, 511531.15, 755206.36, 22.36);
insert into STATION values (2457, '-', 663, 511531.37, 755207.00, 22.21);
insert into STATION values (2458, '-', 663, 511531.35, 755207.24, 22.18);
insert into STATION values (2459, '-', 663, 511530.04, 755206.17, 22.44);
insert into STATION values (2460, '-', 663, 511529.75, 755206.63, 22.40);
insert into STATION values (2461, '-', 663, 511530.09, 755207.53, 22.30);
insert into STATION values (2462, '-', 663, 511529.87, 755207.86, 22.27);
insert into STATION values (2463, '-', 663, 511529.59, 755208.22, 22.29);
insert into STATION values (2464, '-', 663, 511529.27, 755208.56, 22.31);
insert into STATION values (2465, '-', 663, 511528.87, 755208.90, 22.30);
insert into STATION values (2466, '-', 663, 511528.11, 755209.20, 22.71);
insert into STATION values (2467, '-', 663, 511527.45, 755208.22, 22.41);
insert into STATION values (2468, '-', 663, 511526.71, 755207.32, 22.49);
insert into STATION values (2469, '-', 663, 511526.41, 755206.12, 22.60);
insert into STATION values (2470, '4.4', 663, 511527.30, 755206.91, 22.61);
insert into STATION values (2471, '-', 663, 511527.34, 755208.70, 21.91);
insert into STATION values (2472, '-', 663, 511527.67, 755208.53, 21.82);
insert into STATION values (2473, '-', 663, 511528.02, 755208.46, 21.78);
insert into STATION values (2474, '-', 663, 511528.42, 755208.37, 21.76);
insert into STATION values (2475, '-', 663, 511529.17, 755208.46, 21.55);
insert into STATION values (2476, '-', 663, 511527.29, 755207.07, 21.25);
insert into STATION values (2477, '4.5', 663, 511524.07, 755204.25, 21.87);
insert into STATION values (2478, '-', 663, 511524.46, 755201.07, 23.10);
insert into STATION values (2479, '-', 663, 511524.20, 755201.02, 23.16);
insert into STATION values (2480, '-', 663, 511523.91, 755200.43, 23.37);
insert into STATION values (2481, '-', 663, 511523.55, 755199.99, 23.59);
insert into STATION values (2482, '-', 663, 511523.04, 755200.25, 23.53);
insert into STATION values (2483, '-', 663, 511522.56, 755200.29, 23.54);
insert into STATION values (2484, '-', 663, 511522.10, 755200.33, 23.58);
insert into STATION values (2485, '-', 663, 511521.79, 755200.49, 23.54);
insert into STATION values (2486, '-', 663, 511521.40, 755200.65, 23.41);
insert into STATION values (2487, '-', 663, 511520.91, 755200.86, 23.35);
insert into STATION values (2488, '-', 663, 511524.94, 755203.06, 22.42);
insert into STATION values (2489, '-', 663, 511524.78, 755202.75, 22.46);
insert into STATION values (2490, '-', 663, 511524.64, 755202.25, 22.53);
insert into STATION values (2491, '-', 663, 511524.52, 755201.23, 22.74);
insert into STATION values (2492, '-', 663, 511523.79, 755202.84, 21.69);
insert into STATION values (2493, '-', 663, 511523.62, 755202.71, 21.63);
insert into STATION values (2494, '-', 663, 511523.42, 755202.91, 21.62);
insert into STATION values (2495, '-', 663, 511523.15, 755202.96, 21.69);
insert into STATION values (2496, '-', 663, 511522.92, 755202.70, 21.74);
insert into STATION values (2497, '-', 663, 511522.76, 755202.02, 22.09);
insert into STATION values (2498, '-', 663, 511522.44, 755201.93, 21.98);
insert into STATION values (2499, '-', 663, 511522.18, 755202.02, 22.00);
insert into STATION values (2500, '-', 663, 511521.77, 755201.86, 22.02);
insert into STATION values (2501, '-', 663, 511521.24, 755201.83, 22.04);
insert into STATION values (2502, '-', 663, 511520.72, 755201.73, 22.10);
insert into STATION values (2503, '-', 663, 511520.26, 755201.78, 22.12);
insert into STATION values (2504, '-', 663, 511518.68, 755201.85, 23.78);
insert into STATION values (2505, '-', 663, 511519.18, 755202.67, 23.58);
insert into STATION values (2506, '-', 663, 511518.80, 755203.01, 23.57);
insert into STATION values (2507, '-', 663, 511519.32, 755203.78, 23.27);
insert into STATION values (2508, '-', 663, 511519.72, 755204.30, 22.82);
insert into STATION values (2509, '-', 663, 511520.17, 755204.98, 22.61);
insert into STATION values (2510, '-', 663, 511520.36, 755205.51, 22.55);
insert into STATION values (2511, '-', 663, 511520.35, 755206.48, 22.15);
insert into STATION values (2512, '-', 663, 511520.60, 755206.88, 22.10);
insert into STATION values (2513, '-', 663, 511520.80, 755207.31, 22.09);
insert into STATION values (2514, '-', 663, 511520.96, 755207.72, 21.97);
insert into STATION values (2515, '-', 663, 511521.16, 755208.05, 21.89);
insert into STATION values (2516, '-', 663, 511521.36, 755208.37, 21.84);
insert into STATION values (2517, '-', 663, 511521.52, 755208.65, 21.86);
insert into STATION values (2518, '-', 663, 511521.73, 755209.05, 21.92);
insert into STATION values (2519, '-', 663, 511520.60, 755208.40, 21.38);
insert into STATION values (2520, '-', 663, 511520.59, 755209.10, 21.36);
insert into STATION values (2521, '-', 663, 511520.50, 755209.91, 21.34);
insert into STATION values (2522, '-', 663, 511520.81, 755210.10, 21.36);
insert into STATION values (2523, '-', 663, 511525.49, 755205.87, 22.15);
insert into STATION values (2524, '-', 663, 511525.26, 755206.22, 22.10);
insert into STATION values (2525, '-', 663, 511525.04, 755206.64, 21.97);
insert into STATION values (2526, '-', 663, 511524.74, 755206.90, 21.97);
insert into STATION values (2527, '-', 663, 511524.48, 755207.33, 21.94);
insert into STATION values (2528, '-', 663, 511524.30, 755207.99, 21.90);
insert into STATION values (2529, '-', 663, 511523.95, 755208.05, 21.97);
insert into STATION values (2530, '-', 663, 511523.62, 755208.78, 21.78);
insert into STATION values (2531, '-', 663, 511525.66, 755204.94, 22.21);
insert into STATION values (2532, '-', 663, 511525.42, 755204.63, 22.26);
insert into STATION values (2533, '-', 663, 511525.29, 755204.37, 22.28);
insert into STATION values (2534, '-', 663, 511525.21, 755204.16, 22.31);
insert into STATION values (2535, '-', 663, 511525.04, 755203.83, 22.33);
insert into STATION values (2536, '-', 663, 511525.06, 755203.49, 22.41);
insert into STATION values (2537, '-', 663, 511523.07, 755203.34, 21.51);
insert into STATION values (2538, '-', 663, 511522.84, 755203.45, 21.43);
insert into STATION values (2539, '-', 663, 511522.96, 755203.76, 21.37);
insert into STATION values (2540, '-', 663, 511523.05, 755203.96, 21.29);
insert into STATION values (2541, '-', 663, 511523.14, 755204.29, 21.31);
insert into STATION values (2542, '-', 663, 511523.20, 755204.71, 21.30);
insert into STATION values (2543, '-', 663, 511523.35, 755205.08, 21.32);
insert into STATION values (2544, '-', 663, 511523.56, 755205.29, 21.34);
insert into STATION values (2545, '-', 663, 511523.45, 755205.67, 21.31);
insert into STATION values (2546, '-', 663, 511521.62, 755202.56, 21.42);
insert into STATION values (2547, '-', 663, 511521.61, 755202.93, 21.43);
insert into STATION values (2548, '-', 663, 511521.54, 755203.29, 21.42);
insert into STATION values (2549, '-', 663, 511521.52, 755204.02, 21.40);
insert into STATION values (2550, '-', 663, 511521.50, 755204.72, 21.31);
insert into STATION values (2551, '-', 663, 511521.25, 755205.15, 21.31);
insert into STATION values (2552, '-', 663, 511521.27, 755205.76, 21.31);
insert into STATION values (2553, '-', 663, 511521.47, 755206.34, 21.29);
insert into STATION values (2554, '-', 663, 511521.51, 755206.73, 21.32);
insert into STATION values (2555, '-', 663, 511520.20, 755202.30, 22.74);
insert into STATION values (2556, '-', 663, 511520.20, 755202.66, 22.64);
insert into STATION values (2557, '-', 663, 511520.21, 755203.02, 22.53);
insert into STATION values (2558, '-', 663, 511520.26, 755203.43, 22.41);
insert into STATION values (2559, '4.6', 663, 511522.54, 755208.11, 21.44);
insert into STATION values (2560, '-', 663, 511521.34, 755208.01, 21.29);
insert into STATION values (2561, '-', 663, 511520.65, 755207.97, 21.38);
insert into STATION values (2562, '-', 663, 511521.16, 755207.97, 21.66);
insert into STATION values (2563, '-', 663, 511521.01, 755208.01, 22.16);
insert into STATION values (2564, '-', 663, 511520.64, 755208.12, 22.48);
insert into STATION values (2565, '-', 663, 511521.44, 755208.10, 22.23);
insert into STATION values (2566, '-', 663, 511521.99, 755208.06, 22.17);
insert into STATION values (2567, '-', 663, 511522.33, 755208.10, 22.16);
insert into STATION values (2568, '-', 663, 511522.49, 755208.10, 22.16);
insert into STATION values (2569, '-', 663, 511522.54, 755208.09, 22.09);
insert into STATION values (2570, '-', 663, 511522.75, 755208.13, 22.07);
insert into STATION values (2571, '-', 663, 511523.22, 755208.31, 21.99);
insert into STATION values (2572, '-', 663, 511523.64, 755208.47, 22.06);
insert into STATION values (2573, '-', 663, 511523.77, 755208.57, 21.71);
insert into STATION values (2574, '-', 663, 511523.66, 755208.51, 21.99);
insert into STATION values (2575, '-', 663, 511523.84, 755208.55, 21.62);
insert into STATION values (2576, '-', 663, 511523.93, 755208.63, 21.51);
insert into STATION values (2577, '4.7', 663, 511522.38, 755212.94, 22.19);
insert into STATION values (2578, '-', 663, 511519.59, 755211.40, 22.04);
insert into STATION values (2579, '-', 663, 511519.86, 755211.69, 22.02);
insert into STATION values (2580, '-', 663, 511520.07, 755211.90, 22.06);
insert into STATION values (2581, '-', 663, 511520.25, 755212.15, 22.05);
insert into STATION values (2582, '-', 663, 511520.26, 755212.32, 22.01);
insert into STATION values (2583, '-', 663, 511519.85, 755212.38, 21.94);
insert into STATION values (2584, '-', 663, 511519.76, 755212.59, 21.89);
insert into STATION values (2585, '-', 663, 511519.69, 755212.71, 21.87);
insert into STATION values (2586, '-', 663, 511519.89, 755213.07, 21.89);
insert into STATION values (2587, '-', 663, 511519.73, 755213.67, 21.95);
insert into STATION values (2588, '-', 663, 511519.83, 755213.82, 21.99);
insert into STATION values (2589, '-', 663, 511519.84, 755214.57, 21.94);
insert into STATION values (2590, '-', 663, 511520.05, 755214.80, 21.85);
insert into STATION values (2591, '-', 663, 511520.12, 755215.28, 21.78);
insert into STATION values (2592, '-', 663, 511520.28, 755216.02, 21.73);
insert into STATION values (2593, '-', 663, 511520.04, 755217.78, 21.66);
insert into STATION values (2594, '-', 663, 511519.65, 755210.67, 22.00);
insert into STATION values (2595, '-', 663, 511520.16, 755210.15, 21.92);
insert into STATION values (2596, '-', 663, 511523.30, 755214.16, 21.67);
insert into STATION values (2597, '-', 663, 511523.30, 755213.92, 21.67);
insert into STATION values (2598, '-', 663, 511523.31, 755213.74, 21.67);
insert into STATION values (2599, '-', 663, 511523.38, 755213.38, 21.64);
insert into STATION values (2600, '-', 663, 511523.42, 755213.01, 21.63);
insert into STATION values (2601, '-', 663, 511523.55, 755212.59, 21.63);
insert into STATION values (2602, '-', 663, 511522.99, 755212.28, 21.73);
insert into STATION values (2603, '4.8', 663, 511521.35, 755217.82, 21.60);
insert into STATION values (2604, '-', 663, 511518.82, 755219.14, 21.28);
insert into STATION values (2605, '-', 663, 511520.01, 755218.49, 21.49);
insert into STATION values (2606, '-', 663, 511520.75, 755218.07, 21.63);
insert into STATION values (2607, '-', 663, 511520.96, 755217.96, 21.75);
insert into STATION values (2608, '-', 663, 511521.17, 755217.86, 21.87);
insert into STATION values (2609, '-', 663, 511521.26, 755217.82, 21.95);
insert into STATION values (2610, '-', 663, 511521.34, 755217.76, 22.01);
insert into STATION values (2611, '-', 663, 511521.63, 755217.51, 23.51);
insert into STATION values (2612, '-', 663, 511521.55, 755217.64, 22.26);
insert into STATION values (2613, '-', 663, 511521.58, 755217.63, 22.16);
insert into STATION values (2614, '-', 663, 511521.64, 755217.56, 22.06);
insert into STATION values (2615, '-', 663, 511521.72, 755217.48, 21.99);
insert into STATION values (2616, '-', 663, 511521.82, 755217.37, 21.93);
insert into STATION values (2617, '-', 663, 511523.48, 755216.41, 21.96);
insert into STATION values (2618, '-', 663, 511521.83, 755217.48, 21.92);
insert into STATION values (2619, '-', 663, 511522.03, 755217.36, 21.86);
insert into STATION values (2620, '-', 663, 511523.62, 755216.43, 21.91);
insert into STATION values (2621, '-', 663, 511523.96, 755216.27, 21.77);
insert into STATION values (2622, '-', 663, 511524.85, 755215.80, 21.62);
insert into STATION values (2623, '-', 663, 511525.51, 755215.49, 21.44);
insert into STATION values (2624, '-', 663, 511525.68, 755215.43, 21.38);
insert into STATION values (2625, '-', 663, 511522.31, 755217.26, 21.33);
insert into STATION values (2626, '-', 663, 511519.00, 755219.34, 21.26);
insert into STATION values (2627, '-', 663, 511519.47, 755219.78, 21.28);
insert into STATION values (2628, '-', 663, 511518.09, 755216.42, 21.49);
insert into STATION values (2629, '-', 663, 511518.16, 755216.69, 21.47);
insert into STATION values (2630, '-', 663, 511518.01, 755216.86, 21.42);
insert into STATION values (2631, '-', 663, 511518.09, 755217.11, 21.39);
insert into STATION values (2632, '-', 663, 511518.06, 755217.32, 21.37);
insert into STATION values (2633, '-', 663, 511517.93, 755217.58, 21.33);
insert into STATION values (2634, '-', 663, 511518.04, 755217.81, 21.31);
insert into STATION values (2635, '-', 663, 511518.11, 755217.95, 21.31);
insert into STATION values (2636, '-', 663, 511518.26, 755218.13, 21.30);
insert into STATION values (2637, '-', 663, 511518.47, 755218.62, 21.29);
insert into STATION values (2638, '-', 663, 511519.15, 755215.16, 22.33);
insert into STATION values (2639, '-', 663, 511519.23, 755215.54, 22.15);
insert into STATION values (2640, '-', 663, 511518.98, 755219.31, 21.27);
insert into STATION values (2641, '-', 663, 511519.21, 755219.55, 21.27);
insert into STATION values (2642, '-', 663, 511519.50, 755219.81, 21.28);
insert into STATION values (2643, '-', 663, 511519.77, 755219.96, 21.32);
insert into STATION values (2644, '-', 663, 511520.05, 755220.16, 21.32);
insert into STATION values (2645, '-', 663, 511520.37, 755220.50, 21.29);
insert into STATION values (2646, '-', 663, 511520.75, 755220.86, 21.28);
insert into STATION values (2647, '-', 663, 511521.06, 755221.00, 21.30);
insert into STATION values (2648, '-', 663, 511521.65, 755220.93, 21.23);
insert into STATION values (2649, '-', 663, 511521.98, 755220.81, 21.32);
insert into STATION values (2650, '-', 663, 511522.55, 755220.81, 21.32);
insert into STATION values (2651, '-', 663, 511523.10, 755220.81, 21.32);
insert into STATION values (2652, '-', 663, 511524.27, 755220.99, 21.29);
insert into STATION values (2653, '-', 663, 511524.20, 755212.70, 21.42);
insert into STATION values (2654, '-', 663, 511524.86, 755213.12, 21.41);
insert into STATION values (2655, '-', 663, 511525.43, 755213.53, 21.41);
insert into STATION values (2656, '-', 663, 511525.78, 755213.97, 21.39);
insert into STATION values (2657, '-', 663, 511526.26, 755214.34, 21.36);
insert into STATION values (2658, '-', 663, 511525.85, 755215.45, 21.40);
insert into STATION values (2659, '-', 663, 511526.32, 755215.57, 21.41);
insert into STATION values (2660, '-', 663, 511526.90, 755215.65, 21.42);
insert into STATION values (2661, '-', 663, 511527.09, 755216.06, 21.46);
insert into STATION values (2662, '-', 663, 511523.48, 755213.49, 21.59);
insert into STATION values (2663, '-', 663, 511523.62, 755213.74, 21.57);
insert into STATION values (2664, '-', 663, 511523.75, 755214.28, 21.56);
insert into STATION values (2665, '-', 663, 511523.97, 755214.64, 21.55);
insert into STATION values (2666, '-', 663, 511524.41, 755215.01, 21.52);
insert into STATION values (2667, '-', 663, 511525.12, 755215.40, 21.49);
insert into STATION values (2668, '-', 663, 511525.95, 755215.62, 21.47);
insert into STATION values (2669, '-', 663, 511526.95, 755215.89, 21.45);
insert into STATION values (2670, '-', 663, 511527.40, 755216.25, 21.49);
insert into STATION values (2671, '4.9', 663, 511528.72, 755218.01, 21.33);
insert into STATION values (2672, '-', 663, 511531.75, 755214.73, 21.16);
insert into STATION values (2673, '-', 663, 511531.46, 755214.65, 21.18);
insert into STATION values (2674, '-', 663, 511531.20, 755214.59, 21.19);
insert into STATION values (2675, '-', 663, 511530.85, 755214.37, 21.19);
insert into STATION values (2676, '-', 663, 511530.57, 755214.11, 21.17);
insert into STATION values (2677, '-', 663, 511530.43, 755213.96, 21.19);
insert into STATION values (2678, '-', 663, 511530.84, 755214.34, 21.19);
insert into STATION values (2679, '-', 663, 511530.56, 755214.06, 21.22);
insert into STATION values (2680, '-', 663, 511530.19, 755213.86, 21.19);
insert into STATION values (2681, '-', 663, 511529.79, 755213.73, 21.20);
insert into STATION values (2682, '-', 663, 511529.29, 755214.38, 21.26);
insert into STATION values (2683, '-', 663, 511528.99, 755214.52, 21.26);
insert into STATION values (2684, '-', 663, 511528.60, 755214.62, 21.27);
insert into STATION values (2685, '-', 663, 511528.20, 755214.54, 21.30);
insert into STATION values (2686, '-', 663, 511528.00, 755214.54, 21.31);
insert into STATION values (2687, '-', 663, 511527.70, 755214.49, 21.33);
insert into STATION values (2688, '-', 663, 511527.37, 755214.66, 21.34);
insert into STATION values (2689, '-', 663, 511531.80, 755216.90, 21.23);
insert into STATION values (2690, '-', 663, 511531.01, 755216.99, 21.24);
insert into STATION values (2691, '-', 663, 511530.23, 755217.14, 21.26);
insert into STATION values (2692, '-', 663, 511530.08, 755217.04, 21.27);
insert into STATION values (2693, '-', 663, 511529.72, 755216.94, 21.25);
insert into STATION values (2694, '-', 663, 511529.15, 755216.93, 21.28);
insert into STATION values (2695, '-', 663, 511528.57, 755217.13, 21.31);
insert into STATION values (2696, '-', 663, 511528.00, 755217.40, 21.29);
insert into STATION values (2697, '-', 663, 511527.67, 755217.54, 21.29);
insert into STATION values (2698, '-', 663, 511527.07, 755217.64, 21.31);
insert into STATION values (2699, '-', 663, 511526.75, 755217.65, 21.31);
insert into STATION values (2700, '-', 663, 511526.11, 755217.72, 21.30);
insert into STATION values (2701, '-', 663, 511525.03, 755217.84, 21.32);
insert into STATION values (2702, '-', 663, 511524.44, 755217.99, 21.30);
insert into STATION values (2703, '-', 663, 511524.20, 755218.30, 21.33);
insert into STATION values (2704, '-', 663, 511531.54, 755220.32, 21.34);
insert into STATION values (2705, '-', 663, 511530.85, 755220.25, 21.34);
insert into STATION values (2706, '-', 663, 511530.28, 755220.28, 21.34);
insert into STATION values (2707, '-', 663, 511529.75, 755220.36, 21.34);
insert into STATION values (2708, '-', 663, 511529.32, 755220.29, 21.36);
insert into STATION values (2709, '-', 663, 511529.16, 755220.27, 21.37);
insert into STATION values (2710, '-', 663, 511528.73, 755220.36, 21.36);
insert into STATION values (2711, '-', 663, 511528.27, 755220.37, 21.38);
insert into STATION values (2712, '-', 663, 511527.57, 755220.62, 21.35);
insert into STATION values (2713, '-', 663, 511527.22, 755220.49, 21.35);
insert into STATION values (2714, '-', 663, 511526.61, 755220.53, 21.30);
insert into STATION values (2715, '-', 663, 511525.67, 755221.21, 21.32);
insert into STATION values (2716, '-', 663, 511525.43, 755221.12, 21.35);
insert into STATION values (2717, '-', 663, 511525.06, 755221.02, 21.37);
insert into STATION values (2718, '-', 663, 511524.79, 755220.96, 21.37);
insert into STATION values (2719, '4.10', 663, 511533.45, 755217.33, 21.53);
insert into STATION values (2720, '-', 663, 511537.31, 755215.53, 21.00);
insert into STATION values (2721, '-', 663, 511537.11, 755215.36, 20.99);
insert into STATION values (2722, '-', 663, 511536.81, 755215.19, 20.98);
insert into STATION values (2723, '-', 663, 511536.35, 755214.95, 20.99);
insert into STATION values (2724, '-', 663, 511536.00, 755214.80, 20.99);
insert into STATION values (2725, '-', 663, 511535.57, 755214.67, 20.99);
insert into STATION values (2726, '-', 663, 511534.86, 755214.59, 21.01);
insert into STATION values (2727, '-', 663, 511534.39, 755214.68, 21.01);
insert into STATION values (2728, '-', 663, 511534.06, 755214.68, 21.02);
insert into STATION values (2729, '-', 663, 511533.73, 755214.79, 21.04);
insert into STATION values (2730, '-', 663, 511533.18, 755214.81, 21.02);
insert into STATION values (2731, '-', 663, 511532.82, 755214.59, 21.04);
insert into STATION values (2732, '-', 663, 511532.18, 755214.23, 21.05);
insert into STATION values (2733, '-', 663, 511531.77, 755214.43, 21.08);
insert into STATION values (2734, '-', 663, 511531.71, 755214.84, 21.16);
insert into STATION values (2735, '-', 663, 511531.29, 755214.82, 21.18);
insert into STATION values (2736, '-', 663, 511531.00, 755214.73, 21.19);
insert into STATION values (2737, '-', 663, 511538.83, 755219.90, 21.26);
insert into STATION values (2738, '-', 663, 511538.11, 755220.06, 21.33);
insert into STATION values (2739, '-', 663, 511537.74, 755221.02, 21.47);
insert into STATION values (2740, '-', 663, 511537.17, 755221.57, 21.63);
insert into STATION values (2741, '-', 663, 511536.51, 755222.21, 21.75);
insert into STATION values (2742, '-', 663, 511536.35, 755223.03, 21.94);
insert into STATION values (2743, '-', 663, 511537.00, 755226.74, 22.29);
insert into STATION values (2744, '-', 663, 511538.35, 755216.78, 21.10);
insert into STATION values (2745, '-', 663, 511537.74, 755216.01, 21.07);
insert into STATION values (2746, '-', 663, 511537.07, 755215.57, 21.12);
insert into STATION values (2747, '-', 663, 511536.31, 755215.09, 21.10);
insert into STATION values (2748, '-', 663, 511539.03, 755217.59, 21.11);
insert into STATION values (2749, '-', 663, 511539.01, 755218.40, 21.15);
insert into STATION values (2750, '-', 663, 511535.59, 755216.42, 21.11);
insert into STATION values (2751, '-', 663, 511534.66, 755216.73, 21.18);
insert into STATION values (2752, '-', 663, 511534.17, 755216.91, 21.20);
insert into STATION values (2753, '-', 663, 511533.35, 755217.09, 21.27);
insert into STATION values (2754, '-', 663, 511532.25, 755217.73, 21.26);
insert into STATION values (2755, '-', 663, 511529.34, 755217.63, 21.34);
insert into STATION values (2756, '-', 663, 511530.53, 755217.40, 21.31);
insert into STATION values (2757, '-', 663, 511531.06, 755217.10, 21.27);
insert into STATION values (2758, '-', 663, 511531.83, 755216.81, 21.25);
insert into STATION values (2759, '-', 663, 511532.39, 755216.13, 21.09);
insert into STATION values (2760, '-', 663, 511532.80, 755215.93, 21.07);
insert into STATION values (2761, '-', 663, 511533.08, 755214.72, 20.96);
insert into STATION values (2762, '-', 663, 511533.39, 755214.77, 20.97);
insert into STATION values (2763, '-', 663, 511531.11, 755219.81, 21.35);
insert into STATION values (2764, '-', 663, 511531.85, 755218.86, 21.32);
insert into STATION values (2765, '-', 663, 511532.52, 755218.15, 21.29);
insert into STATION values (2766, '-', 663, 511533.15, 755217.76, 21.26);
insert into STATION values (2767, '-', 663, 511533.42, 755217.70, 21.23);
insert into STATION values (2768, '-', 663, 511533.74, 755217.64, 21.20);
insert into STATION values (2769, '-', 663, 511533.99, 755217.36, 21.20);
insert into STATION values (2770, '-', 663, 511534.41, 755216.93, 21.18);
insert into STATION values (2771, '-', 663, 511535.56, 755216.35, 21.08);
insert into STATION values (2772, '-', 663, 511535.88, 755216.51, 21.30);
insert into STATION values (2773, '-', 663, 511535.96, 755217.06, 21.37);
insert into STATION values (2774, '-', 663, 511536.18, 755217.83, 21.44);
insert into STATION values (2775, '-', 663, 511536.20, 755218.47, 21.52);
insert into STATION values (2776, '-', 663, 511536.61, 755219.16, 21.52);
insert into STATION values (2777, '-', 663, 511537.06, 755219.89, 21.51);
insert into STATION values (2778, '-', 663, 511537.21, 755220.63, 21.53);
insert into STATION values (2779, '-', 663, 511537.40, 755221.16, 21.52);
insert into STATION values (2780, '-', 663, 511537.24, 755221.64, 21.54);
insert into STATION values (2781, '4.11', 663, 511534.17, 755219.74, 21.57);
insert into STATION values (2782, '-', 663, 511535.62, 755219.37, 21.40);
insert into STATION values (2783, '-', 663, 511537.79, 755218.69, 21.30);
insert into STATION values (2784, '-', 663, 511537.78, 755218.67, 21.32);
insert into STATION values (2785, '-', 663, 511537.11, 755218.84, 21.46);
insert into STATION values (2786, '-', 663, 511535.94, 755219.18, 21.63);
insert into STATION values (2787, '-', 663, 511535.47, 755219.32, 21.75);
insert into STATION values (2788, '-', 663, 511535.17, 755219.40, 21.84);
insert into STATION values (2789, '-', 663, 511534.93, 755219.48, 21.99);
insert into STATION values (2790, '-', 663, 511534.70, 755219.52, 22.33);
insert into STATION values (2791, '-', 663, 511534.63, 755219.54, 22.58);
insert into STATION values (2792, '-', 663, 511534.59, 755219.55, 22.85);
insert into STATION values (2793, '-', 663, 511534.55, 755219.55, 23.32);
insert into STATION values (2794, '-', 663, 511534.19, 755219.56, 24.08);
insert into STATION values (2795, '-', 663, 511534.13, 755219.66, 22.54);
insert into STATION values (2796, '-', 663, 511534.10, 755219.69, 22.35);
insert into STATION values (2797, '-', 663, 511534.05, 755219.72, 22.22);
insert into STATION values (2798, '-', 663, 511533.70, 755219.85, 22.26);
insert into STATION values (2799, '-', 663, 511533.29, 755219.88, 22.35);
insert into STATION values (2800, '-', 663, 511532.53, 755220.04, 22.23);
insert into STATION values (2801, '-', 663, 511531.90, 755220.13, 21.97);
insert into STATION values (2802, '-', 663, 511531.59, 755220.14, 21.78);
insert into STATION values (2803, '-', 663, 511531.45, 755220.11, 21.69);
insert into STATION values (2804, '-', 663, 511533.82, 755218.04, 21.81);
insert into STATION values (2805, '-', 663, 511533.95, 755218.32, 21.83);
insert into STATION values (2806, '-', 663, 511534.24, 755218.63, 21.84);
insert into STATION values (2807, '-', 663, 511534.45, 755218.91, 21.91);
insert into STATION values (2808, '-', 663, 511534.63, 755219.03, 21.92);
insert into STATION values (2809, '-', 663, 511534.86, 755219.34, 22.03);
insert into STATION values (2810, '-', 663, 511534.90, 755219.55, 22.02);
insert into STATION values (2811, '-', 663, 511535.11, 755219.80, 21.98);
insert into STATION values (2812, '-', 663, 511535.37, 755220.17, 21.94);
insert into STATION values (2813, '-', 663, 511535.77, 755220.59, 21.88);
insert into STATION values (2814, '-', 663, 511535.83, 755220.98, 21.87);
insert into STATION values (2815, '-', 663, 511535.82, 755221.29, 21.94);
insert into STATION values (2816, '-', 663, 511535.92, 755221.68, 21.86);
insert into STATION values (2817, '-', 663, 511536.32, 755222.33, 21.72);
insert into STATION values (2818, '-', 663, 511536.29, 755222.50, 21.68);
insert into STATION values (2819, '-', 663, 511536.45, 755222.85, 21.66);
insert into STATION values (2820, '-', 663, 511534.47, 755220.09, 23.47);
insert into STATION values (2821, '-', 663, 511534.63, 755220.35, 23.39);
insert into STATION values (2822, '-', 663, 511534.80, 755220.61, 23.28);
insert into STATION values (2823, '-', 663, 511535.01, 755221.44, 23.11);
insert into STATION values (2824, '-', 663, 511535.30, 755221.93, 23.07);
insert into STATION values (2825, '-', 663, 511535.54, 755222.42, 23.01);
insert into STATION values (2826, '-', 663, 511536.07, 755223.58, 23.02);
insert into STATION values (2827, '-', 663, 511536.57, 755224.56, 22.76);
insert into STATION values (2828, '-', 663, 511534.02, 755219.99, 22.33);
insert into STATION values (2829, '-', 663, 511533.98, 755219.70, 22.15);
insert into STATION values (2830, '-', 663, 511533.82, 755219.42, 22.10);
insert into STATION values (2831, '-', 663, 511533.57, 755219.19, 21.94);
insert into STATION values (2832, '-', 663, 511533.47, 755218.78, 21.89);
insert into STATION values (2833, '-', 663, 511533.45, 755218.35, 21.79);
insert into STATION values (2834, '-', 663, 511533.47, 755217.98, 21.66);
insert into STATION values (2835, '-', 663, 511533.50, 755217.56, 21.64);
insert into STATION values (2836, '-', 663, 511533.55, 755217.32, 21.60);
insert into STATION values (2837, '-', 663, 511533.57, 755217.21, 21.58);
insert into STATION values (2838, '-', 663, 511531.75, 755220.57, 21.76);
insert into STATION values (2839, '-', 663, 511532.33, 755221.16, 21.81);
insert into STATION values (2840, '-', 663, 511533.02, 755221.47, 21.80);
insert into STATION values (2841, '-', 663, 511533.55, 755221.91, 21.91);
insert into STATION values (2842, '-', 663, 511533.83, 755222.85, 22.02);
insert into STATION values (2843, '4.12', 663, 511535.27, 755219.48, 21.80);
insert into STATION values (2844, '-', 663, 511537.35, 755215.39, 20.88);
insert into STATION values (2845, '-', 663, 511538.10, 755216.11, 20.91);
insert into STATION values (2846, '-', 663, 511539.29, 755217.86, 20.86);
insert into STATION values (2847, '-', 663, 511539.32, 755219.99, 20.89);
insert into STATION values (2848, '-', 663, 511539.37, 755221.86, 20.92);
insert into STATION values (2849, '-', 663, 511539.66, 755223.60, 20.91);
insert into STATION values (2850, '-', 663, 511539.73, 755225.00, 20.88);
insert into STATION values (2851, '-', 663, 511537.62, 755221.94, 20.91);
insert into STATION values (2852, '-', 663, 511537.94, 755221.56, 20.93);
insert into STATION values (2853, '-', 663, 511538.18, 755221.34, 20.92);
insert into STATION values (2854, '4.13', 663, 511534.69, 755223.13, 21.80);
insert into STATION values (2855, '-', 663, 511539.53, 755223.26, 20.95);
insert into STATION values (2856, '-', 663, 511539.48, 755222.80, 20.96);
insert into STATION values (2857, '-', 663, 511539.41, 755222.26, 20.96);
insert into STATION values (2858, '-', 663, 511539.83, 755223.86, 20.92);
insert into STATION values (2859, '-', 663, 511539.99, 755223.96, 20.95);
insert into STATION values (2860, '-', 663, 511540.10, 755224.41, 20.91);
insert into STATION values (2861, '-', 663, 511540.61, 755225.06, 20.87);
insert into STATION values (2862, '-', 663, 511540.65, 755225.48, 20.91);
insert into STATION values (2863, '-', 663, 511540.91, 755226.25, 20.89);
insert into STATION values (2864, '-', 663, 511540.99, 755226.61, 20.89);
insert into STATION values (2865, '-', 663, 511541.08, 755227.15, 20.80);
insert into STATION values (2866, '-', 663, 511541.57, 755228.18, 20.82);
insert into STATION values (2867, '-', 663, 511541.90, 755228.90, 20.79);
insert into STATION values (2868, '-', 663, 511537.84, 755221.82, 20.92);
insert into STATION values (2869, '-', 663, 511538.19, 755221.38, 20.93);
insert into STATION values (2870, '-', 663, 511538.33, 755221.89, 20.96);
insert into STATION values (2871, '-', 663, 511538.14, 755222.64, 20.97);
insert into STATION values (2872, '-', 663, 511538.11, 755223.34, 21.01);
insert into STATION values (2873, '-', 663, 511538.16, 755223.76, 20.97);
insert into STATION values (2874, '-', 663, 511538.10, 755223.88, 20.99);
insert into STATION values (2875, '-', 663, 511538.04, 755224.34, 21.09);
insert into STATION values (2876, '-', 663, 511538.01, 755224.29, 21.16);
insert into STATION values (2877, '-', 663, 511537.18, 755224.22, 21.42);
insert into STATION values (2878, '-', 663, 511538.38, 755224.80, 21.22);
insert into STATION values (2879, '-', 663, 511538.96, 755225.70, 21.26);
insert into STATION values (2880, '-', 663, 511539.12, 755227.36, 21.17);
insert into STATION values (2881, '-', 663, 511539.41, 755226.99, 21.13);
insert into STATION values (2882, '-', 663, 511540.07, 755227.90, 21.07);
insert into STATION values (2883, '-', 663, 511539.45, 755228.09, 21.20);
insert into STATION values (2884, '-', 663, 511538.87, 755228.44, 21.27);
insert into STATION values (2885, '-', 663, 511542.50, 755229.89, 20.70);
insert into STATION values (2886, '-', 663, 511542.68, 755229.98, 20.67);
insert into STATION values (2887, '-', 663, 511541.63, 755229.80, 20.81);
insert into STATION values (2888, '-', 663, 511541.15, 755230.04, 20.80);
insert into STATION values (2889, '-', 663, 511540.79, 755230.22, 20.83);
insert into STATION values (2890, '-', 663, 511540.54, 755230.52, 20.84);
insert into STATION values (2891, '-', 663, 511533.65, 755222.90, 21.93);
insert into STATION values (2892, '-', 663, 511533.47, 755222.91, 22.01);
insert into STATION values (2893, '-', 663, 511532.92, 755222.98, 22.12);
insert into STATION values (2894, '-', 663, 511532.70, 755223.16, 22.23);
insert into STATION values (2895, '-', 663, 511531.70, 755223.41, 22.42);
insert into STATION values (2896, '4.14', 663, 511534.67, 755227.88, 21.47);
insert into STATION values (2897, '-', 663, 511538.66, 755230.05, 20.86);
insert into STATION values (2898, '-', 663, 511538.92, 755230.74, 20.78);
insert into STATION values (2899, '-', 663, 511538.94, 755231.07, 20.79);
insert into STATION values (2900, '-', 663, 511539.45, 755231.92, 20.80);
insert into STATION values (2901, '-', 663, 511538.84, 755232.03, 20.83);
insert into STATION values (2902, '-', 663, 511538.69, 755232.38, 20.85);
insert into STATION values (2903, '-', 663, 511538.95, 755233.26, 20.78);
insert into STATION values (2904, '-', 663, 511537.80, 755232.61, 20.76);
insert into STATION values (2905, '-', 663, 511537.29, 755232.54, 20.76);
insert into STATION values (2906, '-', 663, 511536.35, 755232.57, 20.74);
insert into STATION values (2907, '-', 663, 511535.71, 755232.46, 20.76);
insert into STATION values (2908, '-', 663, 511535.09, 755232.42, 20.77);
insert into STATION values (2909, '-', 663, 511534.70, 755232.47, 20.76);
insert into STATION values (2910, '-', 663, 511534.16, 755232.52, 20.77);
insert into STATION values (2911, '-', 663, 511533.60, 755232.16, 20.82);
insert into STATION values (2912, '-', 663, 511532.62, 755232.33, 20.81);
insert into STATION values (2913, '-', 663, 511532.21, 755232.57, 20.76);
insert into STATION values (2914, '-', 663, 511531.35, 755232.89, 20.74);
insert into STATION values (2915, '-', 663, 511537.69, 755229.13, 21.24);
insert into STATION values (2916, '-', 663, 511537.36, 755229.64, 21.12);
insert into STATION values (2917, '-', 663, 511537.25, 755229.97, 21.07);
insert into STATION values (2918, '-', 663, 511537.17, 755230.36, 20.95);
insert into STATION values (2919, '-', 663, 511537.77, 755230.71, 20.94);
insert into STATION values (2920, '-', 663, 511538.18, 755230.98, 20.91);
insert into STATION values (2921, '-', 663, 511538.60, 755232.13, 20.85);
insert into STATION values (2922, '-', 663, 511532.78, 755232.39, 20.67);
insert into STATION values (2923, '-', 663, 511533.73, 755230.31, 22.00);
insert into STATION values (2924, '-', 663, 511536.94, 755231.45, 20.83);
insert into STATION values (2925, '-', 663, 511536.51, 755231.87, 20.74);
insert into STATION values (2926, '-', 663, 511535.74, 755231.30, 20.83);
insert into STATION values (2927, '-', 663, 511534.02, 755231.24, 21.54);
insert into STATION values (2928, '-', 663, 511524.68, 755225.26, 23.25);
insert into STATION values (2929, '-', 663, 511524.70, 755225.24, 23.33);
insert into STATION values (2930, '-', 663, 511533.93, 755222.87, 22.34);
insert into STATION values (2931, '-', 663, 511533.16, 755222.95, 22.31);
insert into STATION values (2932, '-', 663, 511532.10, 755223.36, 22.31);
insert into STATION values (2933, '-', 663, 511530.33, 755224.01, 22.41);
insert into STATION values (2934, '-', 663, 511528.76, 755224.52, 22.43);
insert into STATION values (2935, '-', 663, 511526.01, 755225.49, 22.38);
insert into STATION values (2936, '4.15', 663, 511534.37, 755227.70, 21.70);
insert into STATION values (2937, '-', 663, 511534.53, 755232.60, 20.73);
insert into STATION values (2938, '-', 663, 511534.39, 755230.85, 20.87);
insert into STATION values (2939, '-', 663, 511534.44, 755230.11, 20.92);
insert into STATION values (2940, '-', 663, 511534.40, 755228.84, 21.20);
insert into STATION values (2941, '-', 663, 511534.42, 755228.09, 21.26);
insert into STATION values (2942, '-', 663, 511534.34, 755227.60, 21.33);
insert into STATION values (2943, '-', 663, 511533.98, 755226.64, 21.43);
insert into STATION values (2944, '-', 663, 511533.17, 755225.53, 21.63);
insert into STATION values (2945, '-', 663, 511532.46, 755224.35, 21.87);
insert into STATION values (2946, '-', 663, 511532.12, 755223.51, 22.30);
insert into STATION values (2947, '-', 663, 511531.79, 755223.14, 22.67);
insert into STATION values (2948, '-', 663, 511530.97, 755221.89, 23.16);
insert into STATION values (2949, '-', 663, 511530.90, 755221.80, 23.27);
insert into STATION values (2950, '-', 663, 511532.32, 755224.14, 22.76);
insert into STATION values (2951, '-', 663, 511533.14, 755225.51, 22.51);
insert into STATION values (2952, '-', 663, 511533.96, 755226.81, 22.04);
insert into STATION values (2953, '-', 663, 511534.16, 755227.24, 21.93);
insert into STATION values (2954, '-', 663, 511534.39, 755227.75, 21.29);
insert into STATION values (2955, '-', 663, 511534.27, 755228.43, 21.69);
insert into STATION values (2956, '-', 663, 511533.66, 755232.54, 20.68);
insert into STATION values (2957, '-', 663, 511533.66, 755232.35, 20.68);
insert into STATION values (2958, '4.14', 711, 511534.67, 755227.88, 21.47);
insert into STATION values (2959, '5.0', 711, 511531.18, 755230.15, 21.21);
insert into STATION values (2960, '-', 711, 511535.44, 755232.48, 20.78);
insert into STATION values (2961, '-', 711, 511534.60, 755232.61, 20.75);
insert into STATION values (2962, '-', 711, 511533.56, 755232.55, 20.77);
insert into STATION values (2963, '-', 711, 511532.53, 755232.61, 20.76);
insert into STATION values (2964, '-', 711, 511531.57, 755232.93, 20.74);
insert into STATION values (2965, '-', 711, 511531.37, 755232.90, 20.75);
insert into STATION values (2966, '-', 711, 511530.47, 755233.32, 20.73);
insert into STATION values (2967, '-', 711, 511534.26, 755231.66, 20.76);
insert into STATION values (2968, '-', 711, 511533.24, 755231.79, 20.75);
insert into STATION values (2969, '-', 711, 511532.05, 755231.83, 20.73);
insert into STATION values (2970, '-', 711, 511531.42, 755232.06, 20.72);
insert into STATION values (2971, '-', 711, 511531.35, 755231.39, 20.75);
insert into STATION values (2972, '-', 711, 511530.88, 755231.05, 20.79);
insert into STATION values (2973, '-', 711, 511530.38, 755231.10, 20.70);
insert into STATION values (2974, '-', 711, 511530.08, 755230.87, 20.74);
insert into STATION values (2975, '-', 711, 511529.61, 755230.55, 20.69);
insert into STATION values (2976, '-', 711, 511529.02, 755230.37, 20.71);
insert into STATION values (2977, '-', 711, 511529.40, 755232.57, 20.69);
insert into STATION values (2978, '-', 711, 511528.85, 755232.32, 20.69);
insert into STATION values (2979, '-', 711, 511529.88, 755233.19, 20.72);
insert into STATION values (2980, '-', 711, 511528.06, 755232.65, 20.68);
insert into STATION values (2981, '-', 711, 511527.05, 755232.57, 20.69);
insert into STATION values (2982, '-', 711, 511526.52, 755232.06, 20.69);
insert into STATION values (2983, '-', 711, 511526.56, 755225.91, 22.16);
insert into STATION values (2984, '-', 711, 511525.97, 755226.44, 22.15);
insert into STATION values (2985, '-', 711, 511525.07, 755227.17, 22.11);
insert into STATION values (2986, '-', 711, 511526.64, 755228.17, 21.87);
insert into STATION values (2987, '-', 711, 511526.41, 755228.81, 21.90);
insert into STATION values (2988, '-', 711, 511526.29, 755229.50, 21.81);
insert into STATION values (2989, '5.1', 711, 511527.46, 755226.78, 22.20);
insert into STATION values (2990, '-', 711, 511525.93, 755225.25, 22.46);
insert into STATION values (2991, '-', 711, 511525.29, 755225.98, 22.40);
insert into STATION values (2992, '-', 711, 511524.77, 755226.68, 22.30);
insert into STATION values (2993, '-', 711, 511524.33, 755227.46, 22.14);
insert into STATION values (2994, '-', 711, 511523.67, 755228.09, 22.08);
insert into STATION values (2995, '-', 711, 511526.64, 755229.86, 21.52);
insert into STATION values (2996, '-', 711, 511526.84, 755228.59, 21.80);
insert into STATION values (2997, '-', 711, 511526.58, 755227.87, 21.98);
insert into STATION values (2998, '-', 711, 511525.83, 755228.03, 22.01);
insert into STATION values (2999, '-', 711, 511525.29, 755228.27, 22.09);
insert into STATION values (3000, '-', 711, 511524.63, 755228.62, 22.10);
insert into STATION values (3001, '-', 711, 511522.76, 755229.60, 22.24);
insert into STATION values (3002, '5.2', 711, 511526.77, 755230.58, 21.51);
insert into STATION values (3003, '-', 711, 511525.54, 755231.53, 20.99);
insert into STATION values (3004, '-', 711, 511526.20, 755231.38, 21.04);
insert into STATION values (3005, '-', 711, 511526.87, 755231.14, 21.10);
insert into STATION values (3006, '-', 711, 511527.77, 755230.66, 21.06);
insert into STATION values (3007, '-', 711, 511528.46, 755230.57, 21.06);
insert into STATION values (3008, '-', 711, 511529.24, 755230.17, 21.07);
insert into STATION values (3009, '-', 711, 511525.94, 755232.75, 21.51);
insert into STATION values (3010, '-', 711, 511525.76, 755232.07, 21.42);
insert into STATION values (3011, '-', 711, 511525.59, 755231.70, 21.48);
insert into STATION values (3012, '-', 711, 511524.95, 755231.47, 21.76);
insert into STATION values (3013, '5.3', 711, 511525.36, 755231.69, 21.29);
insert into STATION values (3014, '-', 711, 511524.58, 755230.51, 21.46);
insert into STATION values (3015, '-', 711, 511523.22, 755231.08, 21.42);
insert into STATION values (3016, '-', 711, 511522.82, 755231.77, 21.18);
insert into STATION values (3017, '-', 711, 511522.78, 755233.34, 20.73);
insert into STATION values (3018, '-', 711, 511529.57, 755233.03, 21.49);
insert into STATION values (3019, '-', 711, 511529.20, 755234.23, 21.41);
insert into STATION values (3020, '-', 711, 511528.46, 755235.87, 21.25);
insert into STATION values (3021, '-', 711, 511527.77, 755238.31, 20.76);
insert into STATION values (3022, '-', 711, 511525.52, 755233.79, 20.74);
insert into STATION values (3023, '-', 711, 511526.48, 755234.46, 20.76);
insert into STATION values (3024, '-', 711, 511527.10, 755235.92, 20.73);
insert into STATION values (3025, '-', 711, 511527.43, 755237.00, 20.74);
insert into STATION values (3026, '-', 711, 511528.08, 755237.25, 20.75);
insert into STATION values (3027, '5.4', 711, 511526.07, 755234.02, 22.44);
insert into STATION values (3028, '-', 711, 511522.51, 755233.56, 21.79);
insert into STATION values (3029, '-', 711, 511521.52, 755234.34, 21.79);
insert into STATION values (3030, '-', 711, 511521.78, 755235.11, 21.55);
insert into STATION values (3031, '-', 711, 511525.70, 755232.88, 21.31);
insert into STATION values (3032, '-', 711, 511524.95, 755233.28, 21.21);
insert into STATION values (3033, '-', 711, 511524.44, 755234.01, 21.31);
insert into STATION values (3034, '-', 711, 511523.86, 755234.58, 21.24);
insert into STATION values (3035, '-', 711, 511522.64, 755234.75, 22.32);
insert into STATION values (3036, '-', 711, 511523.53, 755234.65, 22.06);
insert into STATION values (3037, '-', 711, 511524.02, 755234.62, 21.96);
insert into STATION values (3038, '-', 711, 511524.56, 755235.14, 21.05);
insert into STATION values (3039, '-', 711, 511525.32, 755235.36, 20.89);
insert into STATION values (3040, '-', 711, 511524.13, 755234.73, 21.16);
insert into STATION values (3041, '-', 711, 511524.05, 755235.30, 21.14);
insert into STATION values (3042, '-', 711, 511524.34, 755235.81, 21.69);
insert into STATION values (3043, '5.5', 711, 511524.77, 755236.08, 21.53);
insert into STATION values (3044, '5.6', 711, 511525.99, 755237.49, 20.93);
insert into STATION values (3045, '-', 711, 511525.28, 755236.13, 20.97);
insert into STATION values (3046, '-', 711, 511525.00, 755236.61, 21.16);
insert into STATION values (3047, '-', 711, 511524.99, 755237.28, 21.04);
insert into STATION values (3048, '-', 711, 511524.57, 755237.96, 21.17);
insert into STATION values (3049, '-', 711, 511524.80, 755238.32, 21.12);
insert into STATION values (3050, '-', 711, 511524.97, 755238.49, 20.68);
insert into STATION values (3051, '-', 711, 511524.95, 755237.43, 20.82);
insert into STATION values (3052, '-', 711, 511524.88, 755238.61, 20.71);
insert into STATION values (3053, '5.7', 711, 511524.71, 755238.69, 22.05);
insert into STATION values (3054, '-', 711, 511527.76, 755238.99, 21.30);
insert into STATION values (3055, '-', 711, 511528.06, 755239.95, 21.30);
insert into STATION values (3056, '-', 711, 511528.79, 755241.60, 21.28);
insert into STATION values (3057, '-', 711, 511528.81, 755243.02, 21.27);
insert into STATION values (3058, '-', 711, 511528.42, 755244.14, 21.32);
insert into STATION values (3059, '-', 711, 511526.31, 755238.74, 21.02);
insert into STATION values (3060, '-', 711, 511525.75, 755239.53, 21.00);
insert into STATION values (3061, '-', 711, 511525.61, 755240.69, 21.33);
insert into STATION values (3062, '-', 711, 511526.03, 755242.16, 21.20);
insert into STATION values (3063, '-', 711, 511526.05, 755242.73, 21.12);
insert into STATION values (3064, '-', 711, 511525.75, 755243.28, 21.04);
insert into STATION values (3065, '-', 711, 511525.96, 755245.53, 21.09);
insert into STATION values (3066, '-', 711, 511521.15, 755240.12, 22.43);
insert into STATION values (3067, '-', 711, 511521.58, 755240.96, 22.32);
insert into STATION values (3068, '-', 711, 511522.66, 755241.82, 22.00);
insert into STATION values (3069, '-', 711, 511525.02, 755240.72, 20.71);
insert into STATION values (3070, '-', 711, 511524.68, 755242.33, 20.72);
insert into STATION values (3071, '-', 711, 511523.49, 755243.91, 20.63);
insert into STATION values (3072, '-', 711, 511525.91, 755242.70, 20.72);
insert into STATION values (3073, '-', 711, 511525.02, 755243.59, 20.70);
insert into STATION values (3074, '-', 711, 511525.64, 755245.56, 20.60);
insert into STATION values (3075, '-', 711, 511525.63, 755246.86, 20.60);
insert into STATION values (3076, '-', 711, 511525.29, 755248.10, 20.61);
insert into STATION values (3077, '5.8', 711, 511524.36, 755241.65, 22.51);
insert into STATION values (3078, '-', 711, 511523.44, 755241.93, 23.50);
insert into STATION values (3079, '-', 711, 511522.99, 755242.11, 24.88);
insert into STATION values (3080, '-', 711, 511523.44, 755242.03, 25.60);
insert into STATION values (3081, '-', 711, 511524.26, 755241.93, 25.46);
insert into STATION values (3082, '-', 711, 511524.64, 755241.82, 25.58);
insert into STATION values (3083, '-', 711, 511525.41, 755241.75, 25.66);
insert into STATION values (3084, '-', 711, 511524.49, 755242.03, 26.40);
insert into STATION values (3085, '-', 711, 511525.61, 755241.75, 25.62);
insert into STATION values (3086, '-', 711, 511526.23, 755241.57, 25.53);
insert into STATION values (3087, '-', 711, 511525.95, 755241.51, 24.51);
insert into STATION values (3088, '-', 711, 511525.91, 755241.50, 23.77);
insert into STATION values (3089, '-', 711, 511526.56, 755241.62, 22.91);
insert into STATION values (3090, '-', 711, 511527.38, 755241.74, 22.45);
insert into STATION values (3091, '-', 711, 511527.84, 755241.55, 21.86);
insert into STATION values (3092, '-', 711, 511528.84, 755241.67, 21.26);
insert into STATION values (3093, '-', 711, 511526.98, 755241.64, 21.49);
insert into STATION values (3094, '-', 711, 511526.07, 755241.52, 21.08);
insert into STATION values (3095, '-', 711, 511525.05, 755240.75, 20.69);
insert into STATION values (3096, '-', 711, 511523.86, 755241.03, 20.69);
insert into STATION values (3097, '-', 711, 511522.72, 755241.81, 20.73);
insert into STATION values (3098, '-', 711, 511522.36, 755242.04, 20.68);
insert into STATION values (3099, '-', 711, 511522.42, 755241.98, 21.52);
insert into STATION values (3100, '-', 711, 511523.22, 755242.00, 22.32);
insert into STATION values (3101, '-', 711, 511523.42, 755242.12, 22.78);
insert into STATION values (3102, '-', 711, 511523.34, 755242.23, 23.78);
insert into STATION values (3103, '-', 711, 511522.61, 755241.83, 21.45);
insert into STATION values (3104, '5.9', 711, 511525.20, 755243.47, 22.65);
insert into STATION values (3105, '-', 711, 511528.37, 755244.13, 21.19);
insert into STATION values (3106, '-', 711, 511527.92, 755245.16, 21.48);
insert into STATION values (3107, '-', 711, 511528.83, 755246.31, 21.42);
insert into STATION values (3108, '-', 711, 511529.17, 755247.63, 21.27);
insert into STATION values (3109, '-', 711, 511529.95, 755249.04, 20.99);
insert into STATION values (3110, '-', 711, 511525.85, 755244.21, 20.93);
insert into STATION values (3111, '-', 711, 511525.89, 755245.35, 20.98);
insert into STATION values (3112, '-', 711, 511526.11, 755246.46, 20.91);
insert into STATION values (3113, '-', 711, 511524.52, 755242.19, 21.98);
insert into STATION values (3114, '-', 711, 511524.59, 755242.87, 21.65);
insert into STATION values (3115, '-', 711, 511524.71, 755244.16, 21.45);
insert into STATION values (3116, '-', 711, 511525.14, 755245.01, 21.63);
insert into STATION values (3117, '-', 711, 511525.31, 755245.34, 21.66);
insert into STATION values (3118, '-', 711, 511525.86, 755246.33, 21.58);
insert into STATION values (3119, '-', 711, 511528.26, 755248.85, 21.41);
insert into STATION values (3120, '5.10', 711, 511525.76, 755243.91, 20.86);
insert into STATION values (3121, '-', 711, 511521.49, 755241.03, 20.74);
insert into STATION values (3122, '-', 711, 511521.05, 755241.70, 20.65);
insert into STATION values (3123, '-', 711, 511521.06, 755241.65, 20.65);
insert into STATION values (3124, '-', 711, 511520.88, 755242.50, 20.65);
insert into STATION values (3125, '-', 711, 511521.04, 755243.43, 20.59);
insert into STATION values (3126, '-', 711, 511520.43, 755244.36, 20.58);
insert into STATION values (3127, '-', 711, 511520.86, 755245.14, 20.60);
insert into STATION values (3128, '-', 711, 511521.55, 755245.59, 20.60);
insert into STATION values (3129, '-', 711, 511522.02, 755246.04, 20.60);
insert into STATION values (3130, '-', 711, 511522.79, 755246.13, 20.59);
insert into STATION values (3131, '-', 711, 511523.02, 755246.73, 20.56);
insert into STATION values (3132, '-', 711, 511523.28, 755247.57, 20.58);
insert into STATION values (3133, '-', 711, 511523.50, 755248.22, 20.57);
insert into STATION values (3134, '-', 711, 511523.55, 755249.04, 20.55);
insert into STATION values (3135, '-', 711, 511523.70, 755249.97, 20.58);
insert into STATION values (3136, '-', 711, 511523.77, 755250.46, 20.59);
insert into STATION values (3137, '-', 711, 511523.91, 755251.84, 20.59);
insert into STATION values (3138, '-', 711, 511524.47, 755252.14, 20.62);
insert into STATION values (3139, '-', 711, 511525.27, 755252.22, 20.63);
insert into STATION values (3140, '-', 711, 511524.22, 755242.55, 20.68);
insert into STATION values (3141, '-', 711, 511523.13, 755242.90, 20.61);
insert into STATION values (3142, '-', 711, 511522.24, 755243.53, 20.56);
insert into STATION values (3143, '5.11', 711, 511528.22, 755249.47, 22.53);
insert into STATION values (3144, '-', 711, 511527.66, 755245.03, 23.17);
insert into STATION values (3145, '-', 711, 511528.66, 755246.19, 22.96);
insert into STATION values (3146, '-', 711, 511529.33, 755247.09, 22.74);
insert into STATION values (3147, '-', 711, 511530.36, 755247.90, 22.36);
insert into STATION values (3148, '-', 711, 511531.60, 755249.38, 21.95);
insert into STATION values (3149, '-', 711, 511532.50, 755251.67, 21.70);
insert into STATION values (3150, '-', 711, 511533.21, 755254.67, 20.75);
insert into STATION values (3151, '-', 711, 511528.22, 755249.79, 21.46);
insert into STATION values (3152, '-', 711, 511527.52, 755250.16, 21.45);
insert into STATION values (3153, '-', 711, 511526.75, 755250.94, 21.13);
insert into STATION values (3154, '-', 711, 511526.51, 755251.45, 21.04);
insert into STATION values (3155, '-', 711, 511524.27, 755247.17, 23.54);
insert into STATION values (3156, '-', 711, 511526.47, 755251.42, 21.02);
insert into STATION values (3157, '-', 711, 511526.67, 755252.15, 20.90);
insert into STATION values (3158, '-', 711, 511526.82, 755253.13, 20.67);
insert into STATION values (3159, '-', 711, 511526.40, 755253.27, 20.86);
insert into STATION values (3160, '-', 711, 511525.19, 755253.61, 21.06);
insert into STATION values (3161, '-', 711, 511524.05, 755254.64, 20.86);
insert into STATION values (3162, '-', 711, 511523.25, 755255.42, 20.83);
insert into STATION values (3163, '-', 711, 511525.90, 755246.62, 23.24);
insert into STATION values (3164, '-', 711, 511524.49, 755247.38, 23.33);
insert into STATION values (3165, '-', 711, 511522.61, 755247.95, 23.38);
insert into STATION values (3166, '-', 711, 511521.07, 755248.23, 23.51);
insert into STATION values (3167, '-', 711, 511521.20, 755250.25, 23.10);
insert into STATION values (3168, '-', 711, 511521.45, 755251.43, 22.44);
insert into STATION values (3169, '-', 711, 511522.15, 755252.85, 21.83);
insert into STATION values (3170, '-', 711, 511521.59, 755255.00, 21.70);
insert into STATION values (3171, '-', 711, 511521.16, 755256.65, 21.64);
insert into STATION values (3172, '-', 711, 511527.19, 755253.43, 20.55);
insert into STATION values (3173, '-', 711, 511528.19, 755253.52, 20.53);
insert into STATION values (3174, '-', 711, 511529.00, 755254.12, 20.54);
insert into STATION values (3175, '-', 711, 511530.15, 755254.20, 20.55);
insert into STATION values (3176, '-', 711, 511530.70, 755253.44, 20.55);
insert into STATION values (3177, '-', 711, 511531.70, 755254.99, 20.40);
insert into STATION values (3178, '-', 711, 511532.57, 755255.40, 20.44);
insert into STATION values (3179, '-', 711, 511533.70, 755255.84, 20.40);
insert into STATION values (3180, '-', 711, 511530.14, 755250.85, 20.87);
insert into STATION values (3181, '-', 711, 511529.66, 755251.08, 20.79);
insert into STATION values (3182, '-', 711, 511529.00, 755251.10, 20.68);
insert into STATION values (3183, '-', 711, 511528.50, 755250.82, 20.64);
insert into STATION values (3184, '-', 711, 511528.06, 755250.66, 20.58);
insert into STATION values (3185, '-', 711, 511527.94, 755251.37, 20.66);
insert into STATION values (3186, '-', 711, 511528.01, 755252.02, 20.58);
insert into STATION values (3187, '-', 711, 511527.71, 755253.16, 20.54);
insert into STATION values (3188, '-', 711, 511530.38, 755251.16, 20.89);
insert into STATION values (3189, '-', 711, 511530.66, 755251.82, 20.74);
insert into STATION values (3190, '-', 711, 511531.03, 755252.46, 20.73);
insert into STATION values (3191, '-', 711, 511531.74, 755253.44, 20.53);
insert into STATION values (3192, '5.12', 711, 511522.01, 755249.78, 23.26);
insert into STATION values (3193, '5.13', 711, 511521.50, 755249.53, 23.54);
insert into STATION values (3194, '-', 711, 511533.21, 755256.68, 20.36);
insert into STATION values (3195, '-', 711, 511532.00, 755256.66, 20.41);
insert into STATION values (3196, '-', 711, 511531.01, 755257.08, 20.37);
insert into STATION values (3197, '-', 711, 511529.65, 755257.49, 20.30);
insert into STATION values (3198, '-', 711, 511528.86, 755256.81, 20.40);
insert into STATION values (3199, '-', 711, 511527.35, 755257.70, 20.29);
insert into STATION values (3200, '-', 711, 511526.00, 755257.54, 20.29);
insert into STATION values (3201, '5.14', 711, 511524.49, 755256.22, 20.94);
insert into STATION values (3202, '-', 711, 511521.60, 755253.61, 22.30);
insert into STATION values (3203, '-', 711, 511521.45, 755254.53, 22.08);
insert into STATION values (3204, '-', 711, 511521.46, 755255.42, 21.97);
insert into STATION values (3205, '-', 711, 511520.86, 755256.10, 22.18);
insert into STATION values (3206, '-', 711, 511521.56, 755256.68, 21.86);
insert into STATION values (3207, '-', 711, 511521.69, 755256.91, 21.33);
insert into STATION values (3208, '-', 711, 511521.44, 755257.67, 21.04);
insert into STATION values (3209, '-', 711, 511522.06, 755258.94, 20.80);
insert into STATION values (3210, '-', 711, 511522.63, 755259.72, 20.58);
insert into STATION values (3211, '-', 711, 511524.35, 755257.25, 20.31);
insert into STATION values (3212, '-', 711, 511523.65, 755257.05, 20.30);
insert into STATION values (3213, '-', 711, 511523.16, 755257.01, 20.41);
insert into STATION values (3214, '-', 711, 511522.27, 755256.97, 20.35);
insert into STATION values (3215, '-', 711, 511521.19, 755255.75, 22.17);
insert into STATION values (3216, '5.15', 711, 511522.32, 755256.78, 20.59);
insert into STATION values (3217, '-', 711, 511527.54, 755258.94, 20.37);
insert into STATION values (3218, '-', 711, 511525.97, 755258.89, 20.43);
insert into STATION values (3219, '-', 711, 511525.26, 755259.26, 20.38);
insert into STATION values (3220, '-', 711, 511525.89, 755260.43, 20.48);
insert into STATION values (3221, '-', 711, 511525.36, 755260.77, 20.48);
insert into STATION values (3222, '-', 711, 511522.73, 755254.99, 22.05);
insert into STATION values (3223, '-', 711, 511523.45, 755255.32, 21.85);
insert into STATION values (3224, '-', 711, 511523.93, 755255.62, 21.97);
insert into STATION values (3225, '-', 711, 511524.66, 755256.05, 22.22);
insert into STATION values (3226, '-', 711, 511525.58, 755255.02, 21.73);
insert into STATION values (3227, '-', 711, 511524.54, 755255.85, 21.63);
insert into STATION values (3228, '-', 711, 511523.80, 755256.32, 21.50);
insert into STATION values (3229, '-', 711, 511523.13, 755256.77, 21.43);
insert into STATION values (3230, '-', 711, 511522.90, 755257.23, 21.45);
insert into STATION values (3231, '-', 711, 511522.92, 755257.30, 21.43);
insert into STATION values (3232, '-', 711, 511523.24, 755257.54, 21.36);
insert into STATION values (3233, '-', 711, 511523.79, 755258.03, 21.22);
insert into STATION values (3234, '-', 711, 511523.93, 755258.54, 21.03);
insert into STATION values (3235, '-', 711, 511524.00, 755258.95, 20.90);
insert into STATION values (3236, '-', 711, 511524.37, 755259.56, 20.75);
insert into STATION values (3237, '5.16', 711, 511523.78, 755260.17, 21.27);
insert into STATION values (3238, '-', 711, 511525.24, 755260.30, 20.34);
insert into STATION values (3239, '-', 711, 511524.82, 755260.71, 20.34);
insert into STATION values (3240, '-', 711, 511524.85, 755261.27, 20.36);
insert into STATION values (3241, '-', 711, 511524.96, 755261.97, 20.37);
insert into STATION values (3242, '-', 711, 511525.14, 755262.58, 20.38);
insert into STATION values (3243, '-', 711, 511525.45, 755263.38, 20.40);
insert into STATION values (3244, '-', 711, 511523.77, 755261.53, 20.62);
insert into STATION values (3245, '-', 711, 511523.98, 755262.95, 20.42);
insert into STATION values (3246, '-', 711, 511524.28, 755263.28, 20.42);
insert into STATION values (3247, '-', 711, 511524.27, 755262.19, 20.82);
insert into STATION values (3248, '-', 711, 511524.64, 755262.20, 20.91);
insert into STATION values (3249, '-', 711, 511525.35, 755262.86, 20.98);
insert into STATION values (3250, '-', 711, 511525.85, 755263.00, 21.08);
insert into STATION values (3251, '-', 711, 511526.81, 755263.82, 21.00);
insert into STATION values (3252, '-', 711, 511527.76, 755264.51, 20.96);
insert into STATION values (3253, '-', 711, 511524.52, 755259.27, 21.06);
insert into STATION values (3254, '-', 711, 511524.92, 755259.91, 21.07);
insert into STATION values (3255, '-', 711, 511525.81, 755260.59, 21.21);
insert into STATION values (3256, '-', 711, 511526.67, 755260.74, 21.55);
insert into STATION values (3257, '-', 711, 511526.93, 755261.03, 21.69);
insert into STATION values (3258, '-', 711, 511527.50, 755261.72, 21.70);
insert into STATION values (3259, '5.17', 711, 511526.06, 755261.20, 20.98);
insert into STATION values (3260, '-', 711, 511526.03, 755261.21, 20.53);
insert into STATION values (3261, '-', 711, 511525.41, 755261.68, 20.51);
insert into STATION values (3262, '-', 711, 511524.95, 755262.02, 20.39);
insert into STATION values (3263, '-', 711, 511523.82, 755262.58, 20.39);
insert into STATION values (3264, '-', 711, 511523.89, 755262.55, 20.60);
insert into STATION values (3265, '-', 711, 511524.02, 755262.46, 20.74);
insert into STATION values (3266, '-', 711, 511524.42, 755262.25, 20.84);
insert into STATION values (3267, '-', 711, 511524.61, 755262.18, 21.09);
insert into STATION values (3268, '-', 711, 511524.98, 755261.93, 21.25);
insert into STATION values (3269, '-', 711, 511525.04, 755261.92, 21.99);
insert into STATION values (3270, '-', 711, 511525.16, 755261.84, 22.28);
insert into STATION values (3271, '-', 711, 511525.20, 755261.80, 22.74);
insert into STATION values (3272, '-', 711, 511524.74, 755262.17, 23.92);
insert into STATION values (3273, '-', 711, 511524.67, 755262.24, 24.47);
insert into STATION values (3274, '-', 711, 511525.28, 755262.05, 24.75);
insert into STATION values (3275, '-', 711, 511525.93, 755261.72, 24.90);
insert into STATION values (3276, '-', 711, 511526.12, 755261.60, 24.95);
insert into STATION values (3277, '-', 711, 511526.08, 755261.37, 23.47);
insert into STATION values (3278, '-', 711, 511526.28, 755261.31, 22.97);
insert into STATION values (3279, '-', 711, 511526.57, 755261.27, 22.50);
insert into STATION values (3280, '-', 711, 511526.79, 755261.04, 22.38);
insert into STATION values (3281, '-', 711, 511526.91, 755260.89, 22.10);
insert into STATION values (3282, '-', 711, 511526.81, 755260.90, 21.64);
insert into STATION values (3283, '-', 711, 511526.26, 755261.11, 21.12);
insert into STATION values (3284, '5.18', 711, 511528.49, 755265.33, 20.55);
insert into STATION values (3285, '-', 711, 511524.81, 755264.91, 20.40);
insert into STATION values (3286, '-', 711, 511525.25, 755265.84, 20.37);
insert into STATION values (3287, '-', 711, 511525.59, 755266.78, 20.37);
insert into STATION values (3288, '-', 711, 511526.31, 755267.44, 20.35);
insert into STATION values (3289, '-', 711, 511527.27, 755268.13, 20.36);
insert into STATION values (3290, '-', 711, 511528.01, 755268.32, 20.36);
insert into STATION values (3291, '-', 711, 511528.99, 755268.26, 20.35);
insert into STATION values (3292, '-', 711, 511530.11, 755267.68, 20.34);
insert into STATION values (3293, '-', 711, 511530.63, 755267.34, 20.34);
insert into STATION values (3294, '-', 711, 511530.83, 755266.90, 20.34);
insert into STATION values (3295, '-', 711, 511530.96, 755266.73, 20.34);
insert into STATION values (3296, '-', 711, 511525.72, 755263.93, 20.54);
insert into STATION values (3297, '-', 711, 511525.92, 755265.66, 20.36);
insert into STATION values (3298, '-', 711, 511526.26, 755266.63, 20.34);
insert into STATION values (3299, '-', 711, 511527.59, 755266.93, 20.33);
insert into STATION values (3300, '-', 711, 511528.25, 755266.11, 20.37);
insert into STATION values (3301, '-', 711, 511527.51, 755266.34, 20.41);
insert into STATION values (3302, '-', 711, 511530.83, 755266.86, 20.35);
insert into STATION values (3303, '-', 711, 511531.59, 755266.20, 20.36);
insert into STATION values (3304, '-', 711, 511532.29, 755265.76, 20.38);
insert into STATION values (3305, '-', 711, 511532.71, 755265.32, 20.42);
insert into STATION values (3306, '-', 711, 511534.41, 755264.74, 20.37);
insert into STATION values (3307, '-', 711, 511535.76, 755264.38, 20.41);
insert into STATION values (3308, '-', 711, 511528.87, 755265.55, 20.37);
insert into STATION values (3309, '-', 711, 511530.02, 755264.55, 20.33);
insert into STATION values (3310, '-', 711, 511530.67, 755263.98, 20.38);
insert into STATION values (3311, '-', 711, 511531.97, 755262.92, 20.37);
insert into STATION values (3312, '5.19', 711, 511526.80, 755263.74, 21.72);
insert into STATION values (3313, '-', 711, 511528.18, 755264.86, 21.23);
insert into STATION values (3314, '-', 711, 511528.93, 755264.61, 21.19);
insert into STATION values (3315, '-', 711, 511529.90, 755264.19, 21.23);
insert into STATION values (3316, '-', 711, 511531.14, 755263.83, 21.18);
insert into STATION values (3317, '-', 711, 511532.89, 755263.44, 21.23);
insert into STATION values (3318, '-', 711, 511534.01, 755263.17, 21.45);
insert into STATION values (3319, '-', 711, 511527.57, 755261.73, 21.85);
insert into STATION values (3320, '-', 711, 511528.62, 755262.03, 21.80);
insert into STATION values (3321, '-', 711, 511529.86, 755261.95, 21.83);
insert into STATION values (3322, '-', 711, 511531.27, 755261.62, 21.80);
insert into STATION values (3323, '-', 711, 511532.41, 755261.55, 21.71);
insert into STATION values (3324, '5.20', 711, 511539.44, 755262.48, 20.80);
insert into STATION values (3325, '-', 711, 511539.40, 755262.51, 20.36);
insert into STATION values (3326, '-', 711, 511539.31, 755263.16, 20.36);
insert into STATION values (3327, '-', 711, 511538.86, 755264.34, 20.49);
insert into STATION values (3328, '-', 711, 511538.71, 755264.79, 20.51);
insert into STATION values (3329, '-', 711, 511539.00, 755263.89, 20.69);
insert into STATION values (3330, '-', 711, 511539.11, 755263.46, 20.96);
insert into STATION values (3331, '-', 711, 511538.90, 755263.89, 21.74);
insert into STATION values (3332, '-', 711, 511538.89, 755263.78, 22.49);
insert into STATION values (3333, '-', 711, 511538.99, 755264.08, 22.27);
insert into STATION values (3334, '-', 711, 511539.11, 755263.63, 22.61);
insert into STATION values (3335, '-', 711, 511539.21, 755263.64, 23.40);
insert into STATION values (3336, '-', 711, 511539.15, 755263.81, 24.36);
insert into STATION values (3337, '-', 711, 511539.64, 755262.96, 24.51);
insert into STATION values (3338, '-', 711, 511539.75, 755262.74, 23.92);
insert into STATION values (3339, '-', 711, 511539.62, 755262.56, 22.69);
insert into STATION values (3340, '-', 711, 511539.59, 755262.25, 22.54);
insert into STATION values (3341, '-', 711, 511539.58, 755262.19, 21.90);
insert into STATION values (3342, '-', 711, 511539.48, 755262.31, 21.19);
insert into STATION values (3343, '-', 711, 511539.47, 755262.17, 20.45);
insert into STATION values (3344, '-', 711, 511539.64, 755261.63, 20.39);
insert into STATION values (3345, '-', 711, 511536.07, 755264.70, 20.60);
insert into STATION values (3346, '-', 711, 511536.84, 755264.75, 20.57);
insert into STATION values (3347, '-', 711, 511537.88, 755264.89, 20.54);
insert into STATION values (3348, '-', 711, 511538.58, 755264.85, 20.51);
insert into STATION values (3349, '-', 711, 511539.16, 755264.85, 20.46);
insert into STATION values (3350, '-', 711, 511539.52, 755264.89, 20.45);
insert into STATION values (3351, '-', 711, 511540.03, 755264.99, 20.44);
insert into STATION values (3352, '-', 711, 511540.35, 755264.98, 20.48);
insert into STATION values (3353, '-', 711, 511541.34, 755265.27, 20.39);
insert into STATION values (3354, '-', 711, 511533.51, 755262.58, 20.47);
insert into STATION values (3355, '-', 711, 511535.74, 755263.42, 20.50);
insert into STATION values (3356, '-', 711, 511536.51, 755263.32, 20.40);
insert into STATION values (3357, '-', 711, 511537.56, 755263.29, 20.40);
insert into STATION values (3358, '-', 711, 511538.45, 755263.22, 20.37);
insert into STATION values (3359, '-', 711, 511539.06, 755263.03, 20.38);
insert into STATION values (3360, '-', 711, 511534.55, 755263.24, 21.11);
insert into STATION values (3361, '-', 711, 511535.21, 755263.24, 21.09);
insert into STATION values (3362, '-', 711, 511536.65, 755263.30, 21.06);
insert into STATION values (3363, '-', 711, 511537.81, 755263.32, 21.07);
insert into STATION values (3364, '-', 711, 511539.01, 755263.43, 21.01);
insert into STATION values (3365, '-', 711, 511539.35, 755263.49, 20.96);
insert into STATION values (3366, '-', 711, 511540.15, 755263.64, 20.97);
insert into STATION values (3367, '-', 711, 511540.88, 755263.86, 20.95);
insert into STATION values (3368, '-', 711, 511541.74, 755264.21, 20.87);
insert into STATION values (3369, '5.21', 711, 511541.86, 755264.32, 20.83);
insert into STATION values (3370, '-', 711, 511535.04, 755261.66, 20.45);
insert into STATION values (3371, '-', 711, 511535.74, 755261.66, 20.46);
insert into STATION values (3372, '-', 711, 511536.86, 755261.57, 20.46);
insert into STATION values (3373, '-', 711, 511537.96, 755261.44, 20.45);
insert into STATION values (3374, '-', 711, 511538.91, 755261.25, 20.45);
insert into STATION values (3375, '-', 711, 511540.19, 755261.16, 20.43);
insert into STATION values (3376, '-', 711, 511541.58, 755261.58, 20.38);
insert into STATION values (3377, '-', 711, 511542.47, 755261.68, 20.35);
insert into STATION values (3378, '-', 711, 511543.11, 755261.90, 20.28);
insert into STATION values (3379, '-', 711, 511543.82, 755262.12, 20.31);
insert into STATION values (3380, '-', 711, 511544.91, 755262.57, 20.34);
insert into STATION values (3381, '-', 711, 511545.66, 755263.36, 20.31);
insert into STATION values (3382, '-', 711, 511546.22, 755264.43, 20.31);
insert into STATION values (3383, '-', 711, 511546.24, 755265.21, 20.30);
insert into STATION values (3384, '-', 711, 511546.27, 755266.53, 20.29);
insert into STATION values (3385, '-', 711, 511546.22, 755267.67, 20.26);
insert into STATION values (3386, '-', 711, 511546.38, 755268.19, 20.36);
insert into STATION values (3387, '-', 711, 511547.25, 755269.42, 20.35);
insert into STATION values (3388, '-', 711, 511548.20, 755270.98, 20.36);
insert into STATION values (3389, '-', 711, 511548.32, 755272.17, 20.39);
insert into STATION values (3390, '-', 711, 511548.46, 755273.36, 20.31);
insert into STATION values (3391, '-', 711, 511540.03, 755261.80, 20.42);
insert into STATION values (3392, '-', 711, 511540.78, 755262.04, 20.34);
insert into STATION values (3393, '-', 711, 511541.35, 755262.14, 20.33);
insert into STATION values (3394, '-', 711, 511542.40, 755262.45, 20.34);
insert into STATION values (3395, '-', 711, 511543.22, 755262.64, 20.30);
insert into STATION values (3396, '-', 711, 511543.38, 755262.97, 20.28);
insert into STATION values (3397, '-', 711, 511543.43, 755264.04, 20.36);
insert into STATION values (3398, '-', 711, 511538.19, 755262.42, 21.15);
insert into STATION values (3399, '-', 711, 511539.01, 755262.36, 20.97);
insert into STATION values (3400, '-', 711, 511540.41, 755262.68, 20.88);
insert into STATION values (3401, '-', 711, 511541.68, 755263.02, 20.93);
insert into STATION values (3402, '-', 711, 511542.29, 755263.37, 20.88);
insert into STATION values (3403, '-', 711, 511542.33, 755263.38, 20.90);
insert into STATION values (3404, '-', 711, 511543.41, 755263.94, 20.83);
insert into STATION values (3405, '-', 711, 511543.37, 755264.88, 21.05);
insert into STATION values (3406, '-', 711, 511543.62, 755265.87, 20.95);
insert into STATION values (3407, '-', 711, 511543.96, 755266.81, 21.01);
insert into STATION values (3408, '-', 711, 511544.56, 755267.63, 20.23);
insert into STATION values (3409, '-', 711, 511545.37, 755268.55, 20.27);
insert into STATION values (3410, '-', 711, 511545.82, 755269.39, 20.93);
insert into STATION values (3411, '-', 711, 511546.11, 755270.47, 20.87);
insert into STATION values (3412, '-', 711, 511541.44, 755265.62, 20.45);
insert into STATION values (3413, '-', 711, 511541.77, 755266.26, 20.54);
insert into STATION values (3414, '-', 711, 511542.10, 755266.70, 20.59);
insert into STATION values (3415, '-', 711, 511542.26, 755267.65, 20.45);
insert into STATION values (3416, '5.22', 711, 511543.90, 755268.31, 21.40);
insert into STATION values (3417, '5.23', 711, 511544.00, 755270.51, 22.32);
insert into STATION values (3418, '-', 711, 511542.22, 755267.86, 21.73);
insert into STATION values (3419, '-', 711, 511541.81, 755268.68, 22.08);
insert into STATION values (3420, '-', 711, 511540.85, 755269.59, 22.24);
insert into STATION values (3421, '-', 711, 511539.98, 755271.03, 22.10);
insert into STATION values (3422, '-', 711, 511539.91, 755271.97, 21.89);
insert into STATION values (3423, '-', 711, 511538.43, 755272.89, 22.18);
insert into STATION values (3424, '-', 711, 511542.11, 755265.28, 21.17);
insert into STATION values (3425, '-', 711, 511542.30, 755265.71, 21.08);
insert into STATION values (3426, '-', 711, 511540.71, 755268.65, 22.79);
insert into STATION values (3427, '-', 711, 511540.62, 755269.25, 22.60);
insert into STATION values (3428, '5.24', 711, 511541.42, 755268.74, 22.51);
insert into STATION values (3429, '-', 711, 511546.08, 755270.64, 21.04);
insert into STATION values (3430, '-', 711, 511546.56, 755271.44, 21.04);
insert into STATION values (3431, '-', 711, 511546.63, 755272.59, 20.86);
insert into STATION values (3432, '-', 711, 511546.47, 755273.26, 20.93);
insert into STATION values (3433, '-', 711, 511545.66, 755273.77, 21.00);
insert into STATION values (3434, '-', 711, 511545.56, 755273.93, 20.93);
insert into STATION values (3435, '-', 711, 511545.74, 755274.62, 20.66);
insert into STATION values (3436, '-', 711, 511545.48, 755274.78, 20.67);
insert into STATION values (3437, '-', 711, 511545.28, 755275.01, 20.65);
insert into STATION values (3438, '5.25', 711, 511545.04, 755270.96, 20.47);
insert into STATION values (3439, '-', 711, 511548.11, 755271.42, 20.36);
insert into STATION values (3440, '-', 711, 511548.54, 755272.47, 20.32);
insert into STATION values (3441, '-', 711, 511548.47, 755273.09, 20.32);
insert into STATION values (3442, '-', 711, 511548.01, 755273.64, 20.38);
insert into STATION values (3443, '-', 711, 511547.65, 755273.98, 20.38);
insert into STATION values (3444, '-', 711, 511547.05, 755274.69, 20.40);
insert into STATION values (3445, '-', 711, 511546.55, 755274.96, 20.42);
insert into STATION values (3446, '-', 711, 511546.05, 755275.48, 20.46);
insert into STATION values (3447, '5.26', 711, 511540.46, 755272.94, 22.00);
insert into STATION values (3448, '5.27', 711, 511540.29, 755273.53, 22.91);
insert into STATION values (3449, '-', 711, 511538.41, 755272.86, 22.17);
insert into STATION values (3450, '-', 711, 511538.64, 755273.54, 22.38);
insert into STATION values (3451, '-', 711, 511538.63, 755274.39, 22.36);
insert into STATION values (3452, '-', 711, 511539.04, 755275.62, 22.09);
insert into STATION values (3453, '-', 711, 511539.23, 755276.65, 21.84);
insert into STATION values (3454, '-', 711, 511539.50, 755277.02, 21.78);
insert into STATION values (3455, '-', 711, 511539.84, 755272.54, 22.68);
insert into STATION values (3456, '-', 711, 511540.53, 755272.26, 22.64);
insert into STATION values (3457, '-', 711, 511541.54, 755272.23, 22.67);
insert into STATION values (3458, '-', 711, 511542.41, 755271.90, 22.72);
insert into STATION values (3459, '-', 711, 511542.76, 755272.03, 22.76);
insert into STATION values (3460, '-', 711, 511542.92, 755272.42, 22.77);
insert into STATION values (3461, '-', 711, 511543.00, 755272.73, 22.91);
insert into STATION values (3462, '-', 711, 511543.22, 755273.44, 22.65);
insert into STATION values (3463, '-', 711, 511543.52, 755274.14, 22.70);
insert into STATION values (3464, '5.28', 711, 511541.58, 755276.93, 21.51);
insert into STATION values (3465, '-', 711, 511539.49, 755277.03, 21.71);
insert into STATION values (3466, '-', 711, 511538.94, 755277.51, 21.50);
insert into STATION values (3467, '-', 711, 511538.36, 755277.89, 21.49);
insert into STATION values (3468, '-', 711, 511537.30, 755278.37, 21.42);
insert into STATION values (3469, '-', 711, 511537.02, 755278.64, 21.40);
insert into STATION values (3470, '-', 711, 511536.32, 755279.07, 21.33);
insert into STATION values (3471, '-', 711, 511537.10, 755278.97, 21.31);
insert into STATION values (3472, '-', 711, 511539.08, 755278.04, 21.30);
insert into STATION values (3473, '-', 711, 511539.58, 755278.29, 21.46);
insert into STATION values (3474, '-', 711, 511539.91, 755278.59, 21.44);
insert into STATION values (3475, '5.29', 711, 511542.21, 755275.93, 21.54);
insert into STATION values (3476, '-', 711, 511539.46, 755277.96, 21.34);
insert into STATION values (3477, '-', 711, 511540.05, 755277.65, 21.34);
insert into STATION values (3478, '-', 711, 511540.76, 755277.63, 21.24);
insert into STATION values (3479, '-', 711, 511541.22, 755277.50, 21.26);
insert into STATION values (3480, '-', 711, 511541.70, 755276.95, 21.45);
insert into STATION values (3481, '-', 711, 511542.28, 755276.75, 21.52);
insert into STATION values (3482, '-', 711, 511542.70, 755276.57, 21.56);
insert into STATION values (3483, '-', 711, 511543.40, 755276.13, 21.72);
insert into STATION values (3484, '-', 711, 511543.58, 755274.60, 22.46);
insert into STATION values (3485, '-', 711, 511543.58, 755275.74, 21.79);
insert into STATION values (3486, '-', 711, 511543.48, 755275.19, 21.93);
insert into STATION values (3487, '5.30', 711, 511544.80, 755275.25, 20.89);
insert into STATION values (3488, '5.31', 711, 511542.05, 755276.79, 21.65);
insert into STATION values (3489, '-', 711, 511540.64, 755279.65, 21.23);
insert into STATION values (3490, '-', 711, 511540.07, 755278.80, 21.41);
insert into STATION values (3491, '-', 711, 511541.23, 755280.19, 21.15);
insert into STATION values (3492, '-', 711, 511542.15, 755280.72, 20.98);
insert into STATION values (3493, '-', 711, 511543.07, 755281.09, 20.69);
insert into STATION values (3494, '-', 711, 511543.76, 755281.34, 20.61);
insert into STATION values (3495, '-', 711, 511544.55, 755281.65, 20.58);
insert into STATION values (3496, '-', 711, 511545.22, 755281.85, 20.53);
insert into STATION values (3497, '5.32', 711, 511544.40, 755278.98, 21.54);
insert into STATION values (3498, '-', 711, 511543.27, 755276.83, 21.91);
insert into STATION values (3499, '-', 711, 511543.82, 755277.35, 21.77);
insert into STATION values (3500, '-', 711, 511544.54, 755277.26, 21.85);
insert into STATION values (3501, '-', 711, 511545.25, 755277.88, 21.65);
insert into STATION values (3502, '-', 711, 511545.72, 755277.84, 21.45);
insert into STATION values (3503, '5.33', 711, 511545.17, 755278.14, 21.78);
insert into STATION values (3504, '-', 711, 511547.17, 755283.13, 20.21);
insert into STATION values (3505, '-', 711, 511546.39, 755282.93, 20.24);
insert into STATION values (3506, '-', 711, 511545.35, 755281.93, 20.50);
insert into STATION values (3507, '5.34', 711, 511544.69, 755280.15, 20.31);
insert into STATION values (3508, '-', 711, 511545.97, 755276.15, 20.35);
insert into STATION values (3509, '-', 711, 511546.08, 755276.46, 20.38);
insert into STATION values (3510, '-', 711, 511546.65, 755276.71, 20.46);
insert into STATION values (3511, '-', 711, 511547.00, 755276.83, 20.49);
insert into STATION values (3512, '-', 711, 511547.55, 755277.23, 20.60);
insert into STATION values (3513, '-', 711, 511549.25, 755276.99, 20.85);
insert into STATION values (3514, '-', 711, 511550.47, 755277.09, 21.20);
insert into STATION values (3515, '-', 711, 511546.15, 755276.52, 20.30);
insert into STATION values (3516, '-', 711, 511546.08, 755277.19, 20.29);
insert into STATION values (3517, '-', 711, 511546.10, 755278.05, 20.28);
insert into STATION values (3518, '-', 711, 511547.64, 755279.00, 20.25);
insert into STATION values (3519, '5.35', 711, 511546.93, 755277.97, 21.86);
insert into STATION values (3520, '-', 711, 511543.62, 755279.46, 20.62);
insert into STATION values (3521, '-', 711, 511544.19, 755279.18, 20.61);
insert into STATION values (3522, '-', 711, 511544.85, 755279.01, 20.76);
insert into STATION values (3523, '-', 711, 511545.09, 755278.99, 20.83);
insert into STATION values (3524, '-', 711, 511545.71, 755278.57, 20.90);
insert into STATION values (3525, '-', 711, 511546.29, 755278.37, 20.96);
insert into STATION values (3526, '5.36', 711, 511549.38, 755278.43, 21.63);
insert into STATION values (3527, '-', 711, 511547.07, 755277.24, 20.70);
insert into STATION values (3528, '-', 711, 511547.76, 755277.41, 21.01);
insert into STATION values (3529, '-', 711, 511549.61, 755277.23, 21.55);
insert into STATION values (3530, '-', 711, 511550.56, 755277.00, 21.62);
insert into STATION values (3531, '-', 711, 511551.92, 755276.80, 21.70);
insert into STATION values (3532, '-', 711, 511553.53, 755276.64, 21.81);
insert into STATION values (3533, '-', 711, 511549.87, 755278.23, 21.66);
insert into STATION values (3534, '-', 711, 511554.43, 755276.74, 21.89);
insert into STATION values (3535, '-', 711, 511555.07, 755277.21, 21.89);
insert into STATION values (3536, '-', 711, 511556.96, 755276.74, 21.72);
insert into STATION values (3537, '-', 711, 511542.84, 755280.46, 20.27);
insert into STATION values (3538, '-', 711, 511543.09, 755280.02, 20.25);
insert into STATION values (3539, '-', 711, 511543.22, 755279.50, 20.25);
insert into STATION values (3540, '-', 711, 511544.41, 755279.17, 20.25);
insert into STATION values (3541, '5.37', 711, 511557.96, 755278.23, 22.07);
insert into STATION values (3542, '-', 711, 511558.77, 755276.50, 21.80);
insert into STATION values (3543, '-', 711, 511558.94, 755277.55, 21.81);
insert into STATION values (3544, '-', 711, 511559.00, 755277.93, 21.63);
insert into STATION values (3545, '-', 711, 511559.37, 755278.22, 21.67);
insert into STATION values (3546, '-', 711, 511562.71, 755278.25, 21.45);
insert into STATION values (3547, '-', 711, 511563.56, 755279.09, 21.47);
insert into STATION values (3548, '-', 711, 511564.27, 755279.96, 21.19);
insert into STATION values (3549, '5.38', 711, 511552.48, 755281.83, 20.44);
insert into STATION values (3550, '-', 711, 511543.41, 755281.69, 20.80);
insert into STATION values (3551, '-', 711, 511544.78, 755282.07, 20.75);
insert into STATION values (3552, '-', 711, 511545.42, 755282.65, 20.55);
insert into STATION values (3553, '-', 711, 511546.40, 755283.24, 20.39);
insert into STATION values (3554, '-', 711, 511547.63, 755283.66, 20.37);
insert into STATION values (3555, '-', 711, 511548.52, 755284.07, 20.35);
insert into STATION values (3556, '-', 711, 511549.07, 755284.10, 20.34);
insert into STATION values (3557, '-', 711, 511549.56, 755284.13, 20.34);
insert into STATION values (3558, '-', 711, 511550.25, 755283.99, 20.33);
insert into STATION values (3559, '-', 711, 511550.82, 755283.81, 20.33);
insert into STATION values (3560, '-', 711, 511551.46, 755283.65, 20.32);
insert into STATION values (3561, '-', 711, 511551.88, 755283.80, 20.32);
insert into STATION values (3562, '-', 711, 511552.54, 755284.15, 20.33);
insert into STATION values (3563, '-', 711, 511552.97, 755284.44, 20.31);
insert into STATION values (3564, '-', 711, 511553.66, 755284.60, 20.32);
insert into STATION values (3565, '-', 711, 511554.25, 755284.79, 20.30);
insert into STATION values (3566, '-', 711, 511554.63, 755284.75, 20.33);
insert into STATION values (3567, '-', 711, 511555.51, 755284.88, 20.32);
insert into STATION values (3568, '-', 711, 511557.59, 755285.15, 20.28);
insert into STATION values (3569, '-', 711, 511558.50, 755285.05, 20.26);
insert into STATION values (3570, '-', 711, 511558.90, 755284.95, 20.27);
insert into STATION values (3571, '-', 711, 511551.29, 755281.76, 20.96);
insert into STATION values (3572, '-', 711, 511551.72, 755282.15, 20.87);
insert into STATION values (3573, '-', 711, 511552.12, 755282.44, 20.83);
insert into STATION values (3574, '-', 711, 511552.45, 755282.67, 20.93);
insert into STATION values (3575, '-', 711, 511553.18, 755282.81, 20.83);
insert into STATION values (3576, '-', 711, 511553.96, 755283.00, 20.83);
insert into STATION values (3577, '-', 711, 511555.13, 755283.19, 20.75);
insert into STATION values (3578, '-', 711, 511552.76, 755281.91, 20.46);
insert into STATION values (3579, '-', 711, 511557.15, 755283.04, 20.73);
insert into STATION values (3580, '-', 711, 511558.21, 755283.04, 20.74);
insert into STATION values (3581, '-', 711, 511556.12, 755282.23, 20.26);
insert into STATION values (3582, '-', 711, 511556.42, 755282.96, 20.26);
insert into STATION values (3583, '-', 711, 511551.53, 755281.95, 20.79);
insert into STATION values (3584, '-', 711, 511551.03, 755281.51, 20.83);
insert into STATION values (3585, '-', 711, 511550.26, 755281.34, 20.99);
insert into STATION values (3586, '-', 711, 511548.71, 755281.43, 21.05);
insert into STATION values (3587, '-', 711, 511547.45, 755280.86, 21.18);
insert into STATION values (3588, '-', 711, 511546.29, 755281.16, 21.11);
insert into STATION values (3589, '-', 711, 511545.27, 755280.68, 21.32);
insert into STATION values (3590, '-', 711, 511544.33, 755280.49, 21.35);
insert into STATION values (3591, '5.39', 711, 511563.35, 755279.38, 21.58);
insert into STATION values (3592, '-', 711, 511563.09, 755284.23, 20.30);
insert into STATION values (3593, '-', 711, 511563.07, 755283.78, 20.55);
insert into STATION values (3594, '-', 711, 511562.62, 755283.39, 20.63);
insert into STATION values (3595, '-', 711, 511562.18, 755283.47, 20.64);
insert into STATION values (3596, '-', 711, 511561.56, 755283.35, 20.61);
insert into STATION values (3597, '-', 711, 511560.88, 755283.46, 20.68);
insert into STATION values (3598, '-', 711, 511560.35, 755283.44, 20.65);
insert into STATION values (3599, '-', 711, 511559.69, 755283.40, 20.66);
insert into STATION values (3600, '-', 711, 511559.01, 755283.44, 20.73);
insert into STATION values (3601, '-', 711, 511558.60, 755283.13, 20.76);
insert into STATION values (3602, '-', 711, 511557.78, 755283.07, 20.77);
insert into STATION values (3603, '-', 711, 511560.77, 755282.51, 20.25);
insert into STATION values (3604, '-', 711, 511560.99, 755281.98, 20.21);
insert into STATION values (3605, '-', 711, 511561.07, 755281.44, 20.21);
insert into STATION values (3606, '-', 711, 511569.58, 755286.35, 20.20);
insert into STATION values (3607, '-', 711, 511569.46, 755285.60, 20.19);
insert into STATION values (3608, '-', 711, 511568.70, 755284.72, 20.19);
insert into STATION values (3609, '-', 711, 511568.07, 755283.83, 20.17);
insert into STATION values (3610, '-', 711, 511565.46, 755281.13, 20.51);
insert into STATION values (3611, '-', 711, 511564.78, 755281.04, 20.44);
insert into STATION values (3612, '-', 711, 511564.25, 755281.12, 20.43);
insert into STATION values (3613, '-', 711, 511563.57, 755280.62, 20.51);
insert into STATION values (3614, '-', 711, 511562.95, 755281.00, 20.36);
insert into STATION values (3615, '-', 711, 511562.31, 755281.10, 20.35);
insert into STATION values (3616, '-', 711, 511561.59, 755280.99, 20.26);
insert into STATION values (3617, '-', 711, 511567.71, 755285.05, 20.21);
insert into STATION values (3618, '-', 711, 511567.29, 755285.05, 20.20);
insert into STATION values (3619, '-', 711, 511566.31, 755283.69, 20.22);
insert into STATION values (3620, '-', 711, 511565.64, 755283.44, 20.22);
insert into STATION values (3621, '-', 711, 511564.69, 755283.12, 20.22);
insert into STATION values (3622, '-', 711, 511563.96, 755282.89, 20.21);
insert into STATION values (3623, '-', 711, 511563.59, 755282.72, 20.20);
insert into STATION values (3624, '-', 711, 511562.84, 755282.22, 20.20);
insert into STATION values (3625, '-', 711, 511562.09, 755282.36, 20.24);
insert into STATION values (3626, '-', 711, 511563.51, 755284.40, 20.34);
insert into STATION values (3627, '-', 711, 511564.21, 755284.59, 20.36);
insert into STATION values (3628, '-', 711, 511564.87, 755284.69, 20.34);
insert into STATION values (3629, '5.40', 711, 511568.75, 755285.29, 20.51);
insert into STATION values (3630, '-', 711, 511568.12, 755285.77, 20.48);
insert into STATION values (3631, '-', 711, 511567.78, 755286.07, 20.33);
insert into STATION values (3632, '-', 711, 511567.68, 755286.13, 20.24);
insert into STATION values (3633, '-', 711, 511568.01, 755285.84, 20.19);
insert into STATION values (3634, '-', 711, 511569.13, 755285.04, 20.18);
insert into STATION values (3635, '-', 711, 511569.51, 755284.73, 20.32);
insert into STATION values (3636, '-', 711, 511569.86, 755284.19, 20.39);
insert into STATION values (3637, '-', 711, 511572.30, 755281.89, 20.40);
insert into STATION values (3638, '-', 711, 511571.24, 755282.22, 20.76);
insert into STATION values (3639, '-', 711, 511571.60, 755281.73, 21.27);
insert into STATION values (3640, '-', 711, 511572.33, 755280.77, 21.80);
insert into STATION values (3641, '-', 711, 511571.77, 755281.44, 21.81);
insert into STATION values (3642, '-', 711, 511571.45, 755281.77, 21.79);
insert into STATION values (3643, '-', 711, 511569.72, 755284.07, 20.99);
insert into STATION values (3644, '-', 711, 511569.38, 755284.49, 20.88);
insert into STATION values (3645, '-', 711, 511568.95, 755284.94, 20.74);
insert into STATION values (3646, '-', 711, 511566.85, 755285.26, 20.39);
insert into STATION values (3647, '-', 711, 511567.46, 755286.13, 20.28);
insert into STATION values (3648, '-', 711, 511568.01, 755286.15, 20.34);
insert into STATION values (3649, '-', 711, 511568.26, 755286.54, 20.26);
insert into STATION values (3650, '-', 711, 511568.61, 755287.18, 20.26);
insert into STATION values (3651, '-', 711, 511569.06, 755287.62, 20.22);
insert into STATION values (3652, '-', 711, 511569.86, 755288.39, 20.21);
insert into STATION values (3653, '-', 711, 511570.76, 755288.79, 20.25);
insert into STATION values (3654, '-', 711, 511571.40, 755288.96, 20.24);
insert into STATION values (3655, '-', 711, 511572.15, 755289.12, 20.22);
insert into STATION values (3656, '-', 711, 511572.83, 755289.26, 20.22);
insert into STATION values (3657, '-', 711, 511573.00, 755289.23, 20.24);
insert into STATION values (3658, '-', 711, 511569.49, 755285.48, 20.18);
insert into STATION values (3659, '-', 711, 511569.58, 755286.19, 20.16);
insert into STATION values (3660, '-', 711, 511571.44, 755287.64, 20.21);
insert into STATION values (3661, '-', 711, 511569.37, 755281.49, 20.55);
insert into STATION values (3662, '-', 711, 511570.38, 755281.83, 20.62);
insert into STATION values (3663, '-', 711, 511569.01, 755281.21, 20.80);
insert into STATION values (3664, '-', 711, 511568.35, 755281.01, 20.85);
insert into STATION values (3665, '-', 711, 511567.74, 755281.04, 20.84);
insert into STATION values (3666, '-', 711, 511572.10, 755282.68, 20.89);
insert into STATION values (3667, '-', 711, 511573.27, 755282.88, 21.09);
insert into STATION values (3668, '-', 711, 511576.26, 755282.68, 21.49);
insert into STATION values (3669, '5.41', 711, 511574.67, 755285.47, 21.01);
insert into STATION values (3670, '-', 711, 511573.12, 755289.21, 20.18);
insert into STATION values (3671, '-', 711, 511573.95, 755289.30, 20.32);
insert into STATION values (3672, '-', 711, 511574.51, 755289.92, 20.27);
insert into STATION values (3673, '-', 711, 511575.48, 755290.80, 20.28);
insert into STATION values (3674, '-', 711, 511573.52, 755280.55, 22.14);
insert into STATION values (3675, '-', 711, 511574.27, 755280.26, 22.20);
insert into STATION values (3676, '-', 711, 511574.99, 755283.86, 21.40);
insert into STATION values (3677, '-', 711, 511575.74, 755282.12, 21.79);
insert into STATION values (3678, '-', 711, 511577.43, 755280.10, 22.35);
insert into STATION values (3679, '-', 711, 511578.22, 755280.51, 22.29);
insert into STATION values (3680, '-', 711, 511580.47, 755280.85, 22.17);
insert into STATION values (3681, '-', 711, 511580.91, 755281.45, 22.06);
insert into STATION values (3682, '5.42', 711, 511580.08, 755290.11, 20.43);
insert into STATION values (3683, '-', 711, 511578.31, 755284.49, 21.07);
insert into STATION values (3684, '-', 711, 511580.07, 755285.27, 21.01);
insert into STATION values (3685, '-', 711, 511581.39, 755285.36, 21.02);
insert into STATION values (3686, '-', 711, 511583.48, 755285.17, 21.07);
insert into STATION values (3687, '-', 711, 511585.29, 755285.41, 21.12);
insert into STATION values (3688, '-', 711, 511586.76, 755286.03, 21.13);
insert into STATION values (3689, '-', 711, 511579.73, 755293.05, 20.26);
insert into STATION values (3690, '-', 711, 511577.27, 755291.98, 20.28);
insert into STATION values (3691, '-', 711, 511578.73, 755292.85, 20.25);
insert into STATION values (3692, '-', 711, 511580.53, 755293.15, 20.23);
insert into STATION values (3693, '-', 711, 511582.05, 755293.25, 20.21);
insert into STATION values (3694, '-', 711, 511582.73, 755293.36, 20.21);
insert into STATION values (3695, '-', 711, 511583.81, 755293.47, 20.23);
insert into STATION values (3696, '-', 711, 511584.64, 755293.57, 20.22);
insert into STATION values (3697, '-', 711, 511585.33, 755293.60, 20.23);
insert into STATION values (3698, '-', 711, 511585.96, 755293.52, 20.25);
insert into STATION values (3699, '-', 711, 511587.05, 755293.64, 20.25);
insert into STATION values (3700, '-', 711, 511587.47, 755293.55, 20.27);
insert into STATION values (3701, '-', 711, 511580.50, 755290.80, 20.19);
insert into STATION values (3702, '-', 711, 511581.26, 755291.42, 20.18);
insert into STATION values (3703, '-', 711, 511582.07, 755291.72, 20.17);
insert into STATION values (3704, '-', 711, 511583.02, 755291.78, 20.19);
insert into STATION values (3705, '-', 711, 511584.45, 755291.90, 20.20);
insert into STATION values (3706, '5.43', 711, 511584.68, 755291.43, 20.58);
insert into STATION values (3707, '-', 711, 511587.19, 755293.54, 20.24);
insert into STATION values (3708, '-', 711, 511589.16, 755293.62, 20.26);
insert into STATION values (3709, '-', 711, 511586.29, 755285.70, 21.06);
insert into STATION values (3710, '-', 711, 511586.48, 755286.73, 20.95);
insert into STATION values (3711, '-', 711, 511588.14, 755287.25, 20.90);
insert into STATION values (3712, '5.44', 711, 511592.15, 755292.19, 20.31);
insert into STATION values (3713, '-', 711, 511592.17, 755292.88, 20.22);
insert into STATION values (3714, '-', 711, 511592.19, 755293.50, 20.24);
insert into STATION values (3715, '-', 711, 511592.19, 755293.71, 20.27);
insert into STATION values (3716, '-', 711, 511592.18, 755293.33, 20.40);
insert into STATION values (3717, '-', 711, 511592.15, 755292.85, 20.52);
insert into STATION values (3718, '-', 711, 511592.14, 755292.40, 20.58);
insert into STATION values (3719, '-', 711, 511592.13, 755292.19, 20.61);
insert into STATION values (3720, '-', 711, 511592.17, 755291.96, 20.65);
insert into STATION values (3721, '-', 711, 511592.15, 755291.76, 20.72);
insert into STATION values (3722, '-', 711, 511592.10, 755290.96, 20.90);
insert into STATION values (3723, '-', 711, 511592.07, 755290.54, 20.81);
insert into STATION values (3724, '-', 711, 511591.88, 755289.05, 20.96);
insert into STATION values (3725, '-', 711, 511591.84, 755288.19, 21.04);
insert into STATION values (3726, '-', 711, 511591.98, 755289.90, 20.69);
insert into STATION values (3727, '-', 711, 511591.94, 755290.10, 20.52);
insert into STATION values (3728, '-', 711, 511592.00, 755290.55, 20.29);
insert into STATION values (3729, '-', 711, 511592.03, 755290.72, 20.22);
insert into STATION values (3730, '-', 711, 511591.47, 755293.74, 20.27);
insert into STATION values (3731, '-', 711, 511592.11, 755293.70, 20.28);
insert into STATION values (3732, '-', 711, 511593.17, 755293.62, 20.33);
insert into STATION values (3733, '-', 711, 511595.24, 755292.85, 20.38);
insert into STATION values (3734, '-', 711, 511597.63, 755292.62, 20.55);
insert into STATION values (3735, '-', 711, 511594.62, 755290.05, 20.22);
insert into STATION values (3736, '-', 711, 511596.33, 755290.09, 20.21);
insert into STATION values (3737, '-', 711, 511598.38, 755290.32, 20.23);
insert into STATION values (3738, '-', 711, 511593.29, 755292.43, 20.22);
insert into STATION values (3739, '-', 711, 511592.70, 755292.91, 20.23);
insert into STATION values (3740, '-', 711, 511594.33, 755291.60, 20.23);
insert into STATION values (3741, '-', 711, 511596.63, 755291.69, 20.24);
insert into STATION values (3742, '-', 711, 511598.96, 755291.81, 20.26);
insert into STATION values (3743, '-', 711, 511595.27, 755288.95, 20.87);
insert into STATION values (3744, '-', 711, 511597.38, 755288.03, 21.09);
insert into STATION values (3745, '-', 711, 511598.76, 755288.21, 20.96);
insert into STATION values (3746, '-', 711, 511600.83, 755287.82, 21.07);
insert into STATION values (3747, '-', 711, 511602.60, 755288.47, 21.09);
insert into STATION values (3748, '5.45', 711, 511602.77, 755289.52, 21.02);
insert into STATION values (3749, '-', 711, 511602.11, 755292.34, 20.52);
insert into STATION values (3750, '-', 711, 511603.03, 755292.28, 20.51);
insert into STATION values (3751, '-', 711, 511601.19, 755291.64, 20.24);
insert into STATION values (3752, '-', 711, 511602.09, 755291.65, 20.22);
insert into STATION values (3753, '-', 711, 511603.28, 755291.64, 20.23);
insert into STATION values (3754, '-', 711, 511604.15, 755291.77, 20.22);
insert into STATION values (3755, '-', 711, 511605.00, 755291.78, 20.24);
insert into STATION values (3756, '-', 711, 511605.68, 755291.94, 20.24);
insert into STATION values (3757, '-', 711, 511602.87, 755289.65, 20.21);
insert into STATION values (3758, '-', 711, 511602.38, 755289.84, 20.30);
insert into STATION values (3759, '-', 711, 511601.87, 755289.89, 20.24);
insert into STATION values (3760, '-', 711, 511601.06, 755290.01, 20.25);
insert into STATION values (3761, '-', 711, 511600.49, 755290.14, 20.27);
insert into STATION values (3762, '-', 711, 511599.51, 755290.27, 20.25);
insert into STATION values (3763, '-', 711, 511604.02, 755289.66, 20.22);
insert into STATION values (3764, '-', 711, 511606.09, 755290.05, 20.25);
insert into STATION values (3765, '-', 711, 511601.13, 755286.85, 21.33);
insert into STATION values (3766, '-', 711, 511602.42, 755286.32, 21.46);
insert into STATION values (3767, '-', 711, 511603.74, 755286.25, 21.54);
insert into STATION values (3768, '-', 711, 511605.21, 755286.53, 21.59);
insert into STATION values (3769, '5.46', 711, 511606.22, 755290.12, 20.27);
insert into STATION values (3770, '-', 711, 511605.72, 755293.30, 20.63);
insert into STATION values (3771, '-', 711, 511606.85, 755292.87, 20.52);
insert into STATION values (3772, '-', 711, 511609.07, 755293.30, 20.50);
insert into STATION values (3773, '-', 711, 511610.38, 755293.46, 20.49);
insert into STATION values (3774, '-', 711, 511611.19, 755293.62, 20.51);
insert into STATION values (3775, '-', 711, 511613.22, 755294.21, 20.49);
insert into STATION values (3776, '-', 711, 511614.62, 755294.64, 20.55);
insert into STATION values (3777, '-', 711, 511606.49, 755292.10, 20.24);
insert into STATION values (3778, '-', 711, 511607.65, 755292.27, 20.23);
insert into STATION values (3779, '-', 711, 511608.75, 755292.44, 20.23);
insert into STATION values (3780, '-', 711, 511610.27, 755292.63, 20.25);
insert into STATION values (3781, '-', 711, 511612.79, 755293.51, 20.28);
insert into STATION values (3782, '-', 711, 511614.29, 755293.80, 20.31);
insert into STATION values (3783, '-', 711, 511615.73, 755293.98, 20.31);
insert into STATION values (3784, '-', 711, 511615.78, 755294.08, 20.33);
insert into STATION values (3785, '-', 711, 511617.67, 755294.31, 20.36);
insert into STATION values (3786, '-', 711, 511607.87, 755290.37, 20.27);
insert into STATION values (3787, '5.47', 711, 511605.94, 755290.60, 20.89);
insert into STATION values (3788, '-', 711, 511605.33, 755286.67, 21.53);
insert into STATION values (3789, '-', 711, 511606.98, 755286.99, 21.54);
insert into STATION values (3790, '-', 711, 511607.23, 755286.35, 21.73);
insert into STATION values (3791, '-', 711, 511607.72, 755286.89, 21.55);
insert into STATION values (3792, '5.48', 711, 511615.52, 755292.80, 20.97);
insert into STATION values (3793, '-', 711, 511614.68, 755295.13, 20.61);
insert into STATION values (3794, '-', 711, 511616.38, 755295.73, 20.58);
insert into STATION values (3795, '-', 711, 511617.66, 755295.91, 20.65);
insert into STATION values (3796, '-', 711, 511619.49, 755296.75, 20.64);
insert into STATION values (3797, '-', 711, 511621.01, 755296.99, 20.66);
insert into STATION values (3798, '-', 711, 511621.42, 755297.00, 20.66);
insert into STATION values (3799, '-', 711, 511621.55, 755297.02, 20.68);
insert into STATION values (3800, '-', 711, 511615.31, 755294.42, 20.52);
insert into STATION values (3801, '-', 711, 511616.44, 755294.58, 20.53);
insert into STATION values (3802, '-', 711, 511617.47, 755294.70, 20.55);
insert into STATION values (3803, '-', 711, 511618.59, 755294.93, 20.55);
insert into STATION values (3804, '-', 711, 511620.71, 755295.79, 20.58);
insert into STATION values (3805, '-', 711, 511622.03, 755296.46, 20.61);
insert into STATION values (3806, '-', 711, 511614.04, 755291.34, 20.81);
insert into STATION values (3807, '-', 711, 511615.52, 755291.53, 20.86);
insert into STATION values (3808, '-', 711, 511616.43, 755291.50, 20.94);
insert into STATION values (3809, '-', 711, 511618.13, 755291.82, 20.91);
insert into STATION values (3810, '-', 711, 511620.06, 755292.40, 20.93);
insert into STATION values (3811, '-', 711, 511622.07, 755293.36, 20.87);
insert into STATION values (3812, '-', 711, 511614.11, 755289.08, 21.55);
insert into STATION values (3813, '-', 711, 511616.40, 755289.52, 21.49);
insert into STATION values (3814, '-', 711, 511618.05, 755290.99, 21.34);
insert into STATION values (3815, '-', 711, 511620.51, 755292.11, 21.25);
insert into STATION values (3816, '-', 711, 511622.63, 755293.14, 21.14);
insert into STATION values (3817, '-', 711, 511626.90, 755293.93, 21.28);
insert into STATION values (3818, '5.49', 711, 511624.39, 755294.61, 21.17);
insert into STATION values (3819, '-', 711, 511623.56, 755297.44, 20.66);
insert into STATION values (3820, '-', 711, 511624.08, 755297.82, 20.67);
insert into STATION values (3821, '-', 711, 511624.53, 755297.79, 20.70);
insert into STATION values (3822, '-', 711, 511625.09, 755298.17, 20.66);
insert into STATION values (3823, '-', 711, 511625.91, 755298.42, 20.66);
insert into STATION values (3824, '-', 711, 511626.46, 755298.79, 20.65);
insert into STATION values (3825, '-', 711, 511627.25, 755299.02, 20.66);
insert into STATION values (3826, '-', 711, 511624.78, 755294.65, 20.82);
insert into STATION values (3827, '-', 711, 511625.27, 755294.81, 20.83);
insert into STATION values (3828, '-', 711, 511626.29, 755295.15, 20.80);
insert into STATION values (3829, '-', 711, 511627.07, 755295.53, 20.82);
insert into STATION values (3830, '-', 711, 511628.74, 755296.16, 20.72);
insert into STATION values (3831, '-', 711, 511624.82, 755293.10, 21.27);
insert into STATION values (3832, '-', 711, 511625.74, 755293.28, 21.42);
insert into STATION values (3833, '-', 711, 511626.89, 755293.99, 21.12);
insert into STATION values (3834, '-', 711, 511628.21, 755294.51, 20.98);
insert into STATION values (3835, '-', 711, 511630.47, 755295.16, 20.90);
insert into STATION values (3836, '-', 711, 511632.55, 755295.80, 20.84);
insert into STATION values (3837, '-', 711, 511633.37, 755296.12, 20.82);
insert into STATION values (3838, '5.50', 711, 511631.17, 755296.63, 20.98);
insert into STATION values (3839, '-', 711, 511629.93, 755300.05, 20.70);
insert into STATION values (3840, '-', 711, 511630.54, 755300.12, 20.70);
insert into STATION values (3841, '-', 711, 511631.20, 755300.23, 20.69);
insert into STATION values (3842, '-', 711, 511633.78, 755301.10, 20.70);
insert into STATION values (3843, '-', 711, 511635.45, 755301.66, 20.74);
insert into STATION values (3844, '-', 711, 511636.52, 755302.03, 20.76);
insert into STATION values (3845, '-', 711, 511629.83, 755295.35, 20.69);
insert into STATION values (3846, '-', 711, 511629.49, 755296.46, 20.69);
insert into STATION values (3847, '-', 711, 511631.92, 755296.01, 20.68);
insert into STATION values (3848, '-', 711, 511633.92, 755296.40, 20.70);
insert into STATION values (3849, '-', 711, 511635.91, 755296.80, 20.74);
insert into STATION values (3850, '-', 711, 511638.12, 755297.69, 20.76);
insert into STATION values (3851, '-', 711, 511632.79, 755294.68, 21.32);
insert into STATION values (3852, '-', 711, 511633.82, 755295.42, 21.31);
insert into STATION values (3853, '-', 711, 511635.05, 755296.71, 21.23);
insert into STATION values (3854, '-', 711, 511634.84, 755296.76, 21.21);
insert into STATION values (3855, '-', 711, 511636.62, 755296.79, 21.15);
insert into STATION values (3856, '5.51', 711, 511632.76, 755296.01, 20.90);
insert into STATION values (3857, '5.52', 711, 511643.51, 755300.10, 20.99);
insert into STATION values (3858, '-', 711, 511641.20, 755302.90, 20.82);
insert into STATION values (3859, '-', 711, 511642.20, 755303.25, 20.81);
insert into STATION values (3860, '-', 711, 511643.20, 755303.32, 20.81);
insert into STATION values (3861, '-', 711, 511644.15, 755303.40, 20.82);
insert into STATION values (3862, '-', 711, 511645.41, 755303.84, 20.80);
insert into STATION values (3863, '-', 711, 511646.04, 755303.85, 20.83);
insert into STATION values (3864, '-', 711, 511646.76, 755303.95, 20.84);
insert into STATION values (3865, '-', 711, 511647.60, 755304.36, 20.85);
insert into STATION values (3866, '-', 711, 511648.22, 755304.55, 20.86);
insert into STATION values (3867, '-', 711, 511642.06, 755298.24, 21.31);
insert into STATION values (3868, '-', 711, 511643.83, 755298.34, 21.44);
insert into STATION values (3869, '-', 711, 511645.92, 755298.70, 21.76);
insert into STATION values (3870, '-', 711, 511647.61, 755299.38, 21.44);
insert into STATION values (3871, '-', 711, 511649.13, 755300.34, 21.27);
insert into STATION values (3872, '-', 711, 511651.34, 755301.35, 21.12);
insert into STATION values (3873, '-', 711, 511657.06, 755302.90, 21.23);
insert into STATION values (3874, '-', 711, 511642.93, 755299.08, 20.76);
insert into STATION values (3875, '-', 711, 511643.88, 755299.33, 20.78);
insert into STATION values (3876, '-', 711, 511645.87, 755299.89, 20.80);
insert into STATION values (3877, '-', 711, 511648.12, 755300.48, 20.82);
insert into STATION values (3878, '-', 711, 511650.35, 755301.40, 20.84);
insert into STATION values (3879, '5.53', 711, 511652.54, 755302.43, 21.23);
insert into STATION values (3880, '-', 711, 511651.53, 755306.15, 20.89);
insert into STATION values (3881, '-', 711, 511653.58, 755305.86, 20.92);
insert into STATION values (3882, '-', 711, 511654.31, 755306.05, 20.91);
insert into STATION values (3883, '-', 711, 511654.81, 755306.43, 20.88);
insert into STATION values (3884, '-', 711, 511650.73, 755301.20, 21.45);
insert into STATION values (3885, '-', 711, 511652.33, 755300.99, 21.46);
insert into STATION values (3886, '-', 711, 511654.14, 755301.94, 21.41);
insert into STATION values (3887, '-', 711, 511655.02, 755302.38, 21.22);
insert into STATION values (3888, '-', 711, 511656.90, 755302.90, 21.18);
insert into STATION values (3889, '-', 711, 511651.59, 755301.72, 20.88);
insert into STATION values (3890, '-', 711, 511653.26, 755302.33, 20.87);
insert into STATION values (3891, '-', 711, 511654.31, 755302.72, 20.88);
insert into STATION values (3892, '-', 711, 511655.81, 755303.34, 20.88);
insert into STATION values (3893, '-', 711, 511657.52, 755303.87, 20.92);
insert into STATION values (3894, '-', 711, 511658.31, 755303.83, 21.16);
insert into STATION values (3895, '5.54', 711, 511654.20, 755305.96, 20.93);
insert into STATION values (3896, '-', 711, 511654.90, 755302.83, 20.95);
insert into STATION values (3897, '-', 711, 511654.91, 755302.65, 21.03);
insert into STATION values (3898, '-', 711, 511654.97, 755302.44, 21.13);
insert into STATION values (3899, '-', 711, 511654.91, 755302.28, 21.28);
insert into STATION values (3900, '-', 711, 511654.89, 755302.29, 21.27);
insert into STATION values (3901, '-', 711, 511654.47, 755304.40, 21.11);
insert into STATION values (3902, '-', 711, 511654.51, 755304.73, 21.24);
insert into STATION values (3903, '-', 711, 511654.41, 755305.09, 21.55);
insert into STATION values (3904, '-', 711, 511654.32, 755305.36, 21.60);
insert into STATION values (3905, '-', 711, 511654.32, 755305.62, 21.70);
insert into STATION values (3906, '-', 711, 511654.18, 755305.74, 21.73);
insert into STATION values (3907, '5.55', 711, 511659.95, 755305.29, 21.19);
insert into STATION values (3908, '-', 711, 511656.26, 755306.72, 21.01);
insert into STATION values (3909, '-', 711, 511658.83, 755306.35, 21.10);
insert into STATION values (3910, '-', 711, 511658.92, 755307.38, 20.96);
insert into STATION values (3911, '-', 711, 511660.14, 755307.85, 20.94);
insert into STATION values (3912, '-', 711, 511661.63, 755308.08, 20.96);
insert into STATION values (3913, '-', 711, 511663.48, 755308.72, 20.98);
insert into STATION values (3914, '-', 711, 511664.91, 755309.56, 20.96);
insert into STATION values (3915, '-', 711, 511665.90, 755309.71, 21.00);
insert into STATION values (3916, '-', 711, 511655.77, 755302.75, 21.17);
insert into STATION values (3917, '-', 711, 511659.16, 755304.11, 21.22);
insert into STATION values (3918, '-', 711, 511660.28, 755304.39, 21.26);
insert into STATION values (3919, '-', 711, 511661.15, 755304.96, 21.28);
insert into STATION values (3920, '-', 711, 511661.67, 755305.42, 21.15);
insert into STATION values (3921, '-', 711, 511658.93, 755304.69, 20.94);
insert into STATION values (3922, '-', 711, 511655.04, 755303.11, 20.98);
insert into STATION values (3923, '-', 711, 511661.17, 755305.58, 20.94);
insert into STATION values (3924, '-', 711, 511662.17, 755305.91, 20.95);
insert into STATION values (3925, '5.56', 711, 511666.40, 755308.08, 21.25);
insert into STATION values (3926, '-', 711, 511666.33, 755309.52, 21.06);
insert into STATION values (3927, '-', 711, 511664.88, 755304.98, 21.07);
insert into STATION values (3928, '-', 711, 511666.38, 755305.93, 21.03);
insert into STATION values (3929, '-', 711, 511667.75, 755306.70, 21.04);
insert into STATION values (3930, '-', 711, 511668.91, 755307.17, 21.02);
insert into STATION values (3931, '-', 711, 511671.27, 755308.27, 21.02);
insert into STATION values (3932, '-', 711, 511672.13, 755308.37, 21.20);
insert into STATION values (3933, '-', 711, 511670.91, 755307.81, 21.15);
insert into STATION values (3934, '-', 711, 511668.09, 755306.65, 21.25);
insert into STATION values (3935, '-', 711, 511666.32, 755305.19, 21.33);
insert into STATION values (3936, '5.57', 711, 511669.49, 755307.37, 21.13);
insert into STATION values (3937, '-', 711, 511668.55, 755310.40, 21.06);
insert into STATION values (3938, '-', 711, 511669.30, 755310.22, 21.05);
insert into STATION values (3939, '-', 711, 511671.01, 755310.58, 21.07);
insert into STATION values (3940, '-', 711, 511671.89, 755310.42, 21.08);
insert into STATION values (3941, '-', 711, 511671.87, 755309.12, 21.08);
insert into STATION values (3942, '-', 711, 511672.59, 755308.86, 21.10);
insert into STATION values (3943, '-', 711, 511671.11, 755308.01, 21.10);
insert into STATION values (3944, '-', 711, 511670.04, 755307.47, 21.05);
insert into STATION values (3945, '5.58', 711, 511665.08, 755305.75, 21.17);
insert into STATION values (3946, '5.59', 711, 511663.72, 755303.37, 22.12);
insert into STATION values (3947, '-', 711, 511665.23, 755304.52, 21.50);
insert into STATION values (3948, '-', 711, 511665.07, 755303.96, 21.78);
insert into STATION values (3949, '-', 711, 511662.98, 755304.82, 21.39);
insert into STATION values (3950, '-', 711, 511662.65, 755304.33, 21.55);
insert into STATION values (3951, '-', 711, 511662.74, 755303.25, 22.04);
insert into STATION values (3952, '5.60', 711, 511662.05, 755300.03, 22.77);
insert into STATION values (3953, '-', 711, 511662.03, 755300.00, 22.57);
insert into STATION values (3954, '-', 711, 511663.43, 755299.90, 22.64);
insert into STATION values (3955, '-', 711, 511664.52, 755299.75, 22.86);
insert into STATION values (3956, '-', 711, 511664.34, 755299.82, 23.01);
insert into STATION values (3957, '-', 711, 511663.11, 755299.97, 22.91);
insert into STATION values (3958, '-', 711, 511662.67, 755300.01, 23.00);
insert into STATION values (3959, '-', 711, 511662.20, 755300.05, 22.93);
insert into STATION values (3960, '-', 711, 511665.36, 755301.59, 22.48);
insert into STATION values (3961, '-', 711, 511664.74, 755300.67, 22.62);
insert into STATION values (3962, '-', 711, 511664.87, 755301.03, 22.58);
insert into STATION values (3963, '-', 711, 511664.60, 755299.98, 22.81);
insert into STATION values (3964, '-', 711, 511664.55, 755299.54, 22.95);
insert into STATION values (3965, '-', 711, 511660.54, 755302.65, 22.21);
insert into STATION values (3966, '-', 711, 511664.11, 755299.07, 23.10);
insert into STATION values (3967, '-', 711, 511663.92, 755298.18, 23.30);
insert into STATION values (3968, '-', 711, 511663.73, 755297.39, 23.48);
insert into STATION values (3969, '-', 711, 511663.35, 755296.08, 23.84);
insert into STATION values (3970, '5.61', 711, 511662.50, 755299.01, 23.16);
insert into STATION values (3971, '-', 711, 511658.91, 755299.30, 23.31);
insert into STATION values (3972, '-', 711, 511661.04, 755299.62, 23.02);
insert into STATION values (3973, '-', 711, 511656.26, 755297.60, 23.67);
insert into STATION values (3974, '-', 711, 511660.16, 755298.04, 23.43);
insert into STATION values (3975, '-', 711, 511656.01, 755295.98, 24.10);
insert into STATION values (3976, '-', 711, 511659.56, 755297.47, 23.48);
insert into STATION values (3977, '-', 711, 511659.84, 755297.41, 23.40);
insert into STATION values (3978, '-', 711, 511660.34, 755299.42, 23.19);
insert into STATION values (3979, '-', 711, 511661.96, 755299.95, 22.83);
insert into STATION values (3980, '-', 711, 511661.90, 755299.84, 22.95);
insert into STATION values (3981, '-', 711, 511661.62, 755300.64, 22.49);
insert into STATION values (3982, '-', 711, 511660.43, 755297.01, 23.40);
insert into STATION values (3983, '-', 711, 511660.67, 755296.67, 23.50);
insert into STATION values (3984, '-', 711, 511664.93, 755300.62, 22.69);
insert into STATION values (3985, '-', 711, 511663.69, 755297.65, 23.38);
insert into STATION values (3986, '-', 711, 511663.33, 755296.56, 23.62);
insert into STATION values (3987, '5.62', 711, 511660.88, 755296.20, 23.65);
insert into STATION values (3988, '-', 711, 511663.54, 755296.29, 23.91);
insert into STATION values (3989, '-', 711, 511663.37, 755295.40, 24.13);
insert into STATION values (3990, '-', 711, 511662.97, 755294.36, 24.38);
insert into STATION values (3991, '-', 711, 511662.68, 755293.81, 24.50);
insert into STATION values (3992, '-', 711, 511660.46, 755295.61, 23.89);
insert into STATION values (3993, '-', 711, 511660.18, 755294.87, 24.07);
insert into STATION values (3994, '-', 711, 511660.06, 755294.55, 24.15);
insert into STATION values (3995, '-', 711, 511661.61, 755292.05, 24.80);
insert into STATION values (3996, '5.63', 711, 511660.83, 755294.27, 24.35);
insert into STATION values (3997, '-', 711, 511662.79, 755293.23, 24.58);
insert into STATION values (3998, '-', 711, 511662.20, 755292.80, 24.60);
insert into STATION values (3999, '-', 711, 511661.64, 755291.89, 24.69);
insert into STATION values (4000, '-', 711, 511661.06, 755291.12, 24.98);
insert into STATION values (4001, '-', 711, 511659.63, 755289.86, 25.20);
insert into STATION values (4002, '-', 711, 511658.87, 755289.76, 25.20);
insert into STATION values (4003, '-', 711, 511658.72, 755291.08, 24.91);
insert into STATION values (4004, '-', 711, 511658.29, 755291.39, 24.77);
insert into STATION values (4005, '-', 711, 511658.27, 755291.30, 24.66);
insert into STATION values (4006, '-', 711, 511657.34, 755291.27, 24.71);
insert into STATION values (4007, '-', 711, 511657.15, 755291.22, 24.77);
insert into STATION values (4008, '-', 711, 511654.12, 755289.86, 25.13);
insert into STATION values (4009, '5.64', 711, 511657.25, 755291.10, 24.92);
insert into STATION values (4010, '6.0', 836, 511669.49, 755307.37, 21.13);
insert into STATION values (4011, '-', 836, 511670.33, 755309.54, 20.88);
insert into STATION values (4012, '-', 836, 511670.92, 755310.47, 21.17);
insert into STATION values (4013, '-', 836, 511671.67, 755311.46, 21.64);
insert into STATION values (4014, '-', 836, 511671.57, 755309.06, 20.94);
insert into STATION values (4015, '-', 836, 511671.82, 755309.67, 21.11);
insert into STATION values (4016, '-', 836, 511672.23, 755310.41, 21.38);
insert into STATION values (4017, '6.1', 836, 511672.20, 755311.55, 22.61);
insert into STATION values (4018, '-', 836, 511673.39, 755311.36, 22.35);
insert into STATION values (4019, '-', 836, 511673.96, 755311.99, 22.12);
insert into STATION values (4020, '-', 836, 511674.54, 755312.93, 21.84);
insert into STATION values (4021, '-', 836, 511674.77, 755313.79, 21.64);
insert into STATION values (4022, '-', 836, 511674.94, 755314.41, 21.53);
insert into STATION values (4023, '-', 836, 511672.28, 755312.32, 21.87);
insert into STATION values (4024, '-', 836, 511672.82, 755313.26, 21.77);
insert into STATION values (4025, '-', 836, 511674.11, 755315.48, 21.50);
insert into STATION values (4026, '-', 836, 511673.36, 755314.11, 21.90);
insert into STATION values (4027, '6.2', 836, 511674.18, 755313.89, 22.37);
insert into STATION values (4028, '-', 836, 511674.19, 755315.50, 21.59);
insert into STATION values (4029, '-', 836, 511674.52, 755315.75, 22.36);
insert into STATION values (4030, '-', 836, 511675.09, 755315.53, 22.41);
insert into STATION values (4031, '-', 836, 511673.35, 755314.23, 22.35);
insert into STATION values (4032, '6.3', 836, 511674.87, 755316.53, 22.82);
insert into STATION values (4033, '-', 836, 511675.34, 755315.81, 21.27);
insert into STATION values (4034, '-', 836, 511675.65, 755316.41, 21.36);
insert into STATION values (4035, '-', 836, 511675.75, 755317.29, 21.65);
insert into STATION values (4036, '-', 836, 511676.07, 755318.52, 21.68);
insert into STATION values (4037, '-', 836, 511676.13, 755319.08, 21.78);
insert into STATION values (4038, '-', 836, 511674.72, 755316.14, 21.90);
insert into STATION values (4039, '-', 836, 511674.95, 755316.77, 21.64);
insert into STATION values (4040, '-', 836, 511675.32, 755317.96, 21.44);
insert into STATION values (4041, '6.4', 836, 511674.88, 755317.22, 22.37);
insert into STATION values (4042, '-', 836, 511672.50, 755313.00, 23.56);
insert into STATION values (4043, '-', 836, 511671.94, 755313.53, 23.50);
insert into STATION values (4044, '-', 836, 511670.92, 755313.46, 23.50);
insert into STATION values (4045, '-', 836, 511671.25, 755314.48, 23.27);
insert into STATION values (4046, '-', 836, 511670.54, 755314.91, 23.23);
insert into STATION values (4047, '-', 836, 511671.56, 755316.50, 22.88);
insert into STATION values (4048, '-', 836, 511671.25, 755316.00, 22.97);
insert into STATION values (4049, '-', 836, 511671.68, 755316.66, 22.85);
insert into STATION values (4050, '-', 836, 511671.84, 755317.42, 22.68);
insert into STATION values (4051, '-', 836, 511670.99, 755318.04, 22.51);
insert into STATION values (4052, '-', 836, 511670.37, 755318.99, 22.37);
insert into STATION values (4053, '-', 836, 511670.04, 755319.64, 22.27);
insert into STATION values (4054, '-', 836, 511669.20, 755320.33, 22.08);
insert into STATION values (4055, '-', 836, 511668.13, 755321.30, 21.98);
insert into STATION values (4056, '-', 836, 511668.31, 755321.60, 21.89);
insert into STATION values (4057, '-', 836, 511668.60, 755321.96, 21.74);
insert into STATION values (4058, '-', 836, 511670.09, 755321.34, 21.79);
insert into STATION values (4059, '-', 836, 511667.41, 755324.78, 21.12);
insert into STATION values (4060, '-', 836, 511667.28, 755325.67, 20.98);
insert into STATION values (4061, '-', 836, 511667.33, 755326.34, 20.77);
insert into STATION values (4062, '-', 836, 511669.92, 755324.50, 21.13);
insert into STATION values (4063, '-', 836, 511670.28, 755324.75, 21.10);
insert into STATION values (4064, '-', 836, 511671.79, 755322.72, 21.50);
insert into STATION values (4065, '-', 836, 511672.84, 755321.54, 21.64);
insert into STATION values (4066, '-', 836, 511673.45, 755321.02, 21.68);
insert into STATION values (4067, '-', 836, 511674.12, 755321.07, 21.66);
insert into STATION values (4068, '-', 836, 511674.42, 755320.78, 21.71);
insert into STATION values (4069, '6.5', 836, 511675.04, 755317.26, 22.76);
insert into STATION values (4070, '6.6', 836, 511676.03, 755318.92, 19.74);
insert into STATION values (4071, '6.7', 836, 511675.43, 755317.74, 19.86);
insert into STATION values (4072, '1.0', 869, 511771.00, 755408.00, 18.00);
insert into STATION_FLAG values(4072, 'ent');
insert into STATION_FLAG values(4072, 'fix');
insert into STATION values (4073, '-', 869, 511771.36, 755405.13, 15.93);
insert into STATION values (4074, '-', 869, 511772.06, 755405.51, 16.14);
insert into STATION values (4075, '-', 869, 511772.57, 755405.77, 15.95);
insert into STATION values (4076, '-', 869, 511772.61, 755406.49, 16.29);
insert into STATION values (4077, '-', 869, 511772.61, 755406.61, 16.32);
insert into STATION values (4078, '-', 869, 511772.57, 755406.97, 16.34);
insert into STATION values (4079, '-', 869, 511772.66, 755407.53, 16.87);
insert into STATION values (4080, '-', 869, 511772.96, 755407.73, 17.07);
insert into STATION values (4081, '-', 869, 511773.22, 755407.83, 17.05);
insert into STATION values (4082, '-', 869, 511773.39, 755407.93, 17.07);
insert into STATION values (4083, '-', 869, 511774.07, 755408.35, 16.99);
insert into STATION values (4084, '-', 869, 511774.32, 755408.99, 16.86);
insert into STATION values (4085, '-', 869, 511774.60, 755409.45, 16.82);
insert into STATION values (4086, '-', 869, 511775.11, 755409.87, 16.86);
insert into STATION values (4087, '-', 869, 511770.94, 755410.59, 16.93);
insert into STATION values (4088, '-', 869, 511771.86, 755410.66, 17.01);
insert into STATION values (4089, '-', 869, 511772.56, 755410.77, 17.18);
insert into STATION values (4090, '-', 869, 511773.40, 755411.21, 17.18);
insert into STATION values (4091, '-', 869, 511774.20, 755411.82, 17.05);
insert into STATION values (4092, '-', 869, 511775.00, 755412.12, 16.92);
insert into STATION values (4093, '1.1', 869, 511772.22, 755409.41, 17.71);
insert into STATION values (4094, '1.2', 869, 511773.03, 755409.29, 16.62);
insert into STATION values (4095, '-', 869, 511772.48, 755410.85, 16.40);
insert into STATION values (4096, '-', 869, 511772.47, 755410.80, 16.88);
insert into STATION values (4097, '-', 869, 511772.45, 755410.81, 17.48);
insert into STATION values (4098, '-', 869, 511772.39, 755410.90, 18.35);
insert into STATION values (4099, '-', 869, 511772.39, 755410.80, 18.64);
insert into STATION values (4100, '-', 869, 511772.48, 755410.50, 18.58);
insert into STATION values (4101, '-', 869, 511772.56, 755410.06, 18.61);
insert into STATION values (4102, '-', 869, 511772.61, 755409.85, 18.61);
insert into STATION values (4103, '-', 869, 511772.74, 755409.58, 18.14);
insert into STATION values (4104, '-', 869, 511772.80, 755409.33, 18.00);
insert into STATION values (4105, '-', 869, 511772.93, 755409.02, 17.99);
insert into STATION values (4106, '-', 869, 511773.09, 755408.55, 18.15);
insert into STATION values (4107, '-', 869, 511773.23, 755408.17, 18.05);
insert into STATION values (4108, '-', 869, 511773.27, 755408.13, 17.67);
insert into STATION values (4109, '-', 869, 511773.33, 755408.02, 17.35);
insert into STATION values (4110, '-', 869, 511773.35, 755407.95, 17.10);
insert into STATION values (4111, '-', 869, 511773.38, 755407.85, 16.93);
insert into STATION values (4112, '-', 869, 511773.29, 755408.14, 16.82);
insert into STATION values (4113, '-', 869, 511773.18, 755408.56, 16.71);
insert into STATION values (4114, '-', 869, 511773.71, 755407.96, 16.89);
insert into STATION values (4115, '-', 869, 511773.72, 755408.12, 16.88);
insert into STATION values (4116, '-', 869, 511773.70, 755408.56, 16.86);
insert into STATION values (4117, '-', 869, 511773.70, 755409.00, 16.80);
insert into STATION values (4118, '-', 869, 511773.85, 755409.27, 16.74);
insert into STATION values (4119, '-', 869, 511773.91, 755409.57, 16.12);
insert into STATION values (4120, '-', 869, 511774.09, 755409.66, 16.19);
insert into STATION values (4121, '-', 869, 511774.37, 755409.86, 16.27);
insert into STATION values (4122, '-', 869, 511774.59, 755410.05, 16.34);
insert into STATION values (4123, '-', 869, 511774.73, 755410.18, 16.39);
insert into STATION values (4124, '-', 869, 511774.94, 755410.25, 16.34);
insert into STATION values (4125, '-', 869, 511775.12, 755410.36, 16.31);
insert into STATION values (4126, '1.3', 869, 511773.58, 755411.38, 16.79);
insert into STATION values (4127, '-', 869, 511773.92, 755411.66, 16.85);
insert into STATION values (4128, '-', 869, 511774.57, 755412.06, 16.89);
insert into STATION values (4129, '-', 869, 511775.19, 755412.16, 16.83);
insert into STATION values (4130, '-', 869, 511776.45, 755412.72, 16.63);
insert into STATION values (4131, '-', 869, 511775.41, 755409.98, 16.97);
insert into STATION values (4132, '-', 869, 511775.54, 755409.97, 16.99);
insert into STATION values (4133, '-', 869, 511775.71, 755409.92, 17.04);
insert into STATION values (4134, '-', 869, 511775.93, 755409.88, 17.07);
insert into STATION values (4135, '-', 869, 511776.06, 755409.94, 17.07);
insert into STATION values (4136, '-', 869, 511776.16, 755409.99, 17.02);
insert into STATION values (4137, '-', 869, 511776.54, 755409.89, 17.05);
insert into STATION values (4138, '-', 869, 511775.32, 755409.99, 17.00);
insert into STATION values (4139, '-', 869, 511775.17, 755409.92, 16.93);
insert into STATION values (4140, '-', 869, 511774.90, 755409.73, 16.91);
insert into STATION values (4141, '-', 869, 511775.96, 755412.28, 16.46);
insert into STATION values (4142, '-', 869, 511775.56, 755412.01, 16.53);
insert into STATION values (4143, '-', 869, 511775.04, 755411.65, 16.67);
insert into STATION values (4144, '-', 869, 511774.63, 755411.43, 16.72);
insert into STATION values (4145, '-', 869, 511774.43, 755411.26, 16.74);
insert into STATION values (4146, '-', 869, 511774.46, 755411.12, 16.78);
insert into STATION values (4147, '-', 869, 511774.77, 755410.90, 16.82);
insert into STATION values (4148, '-', 869, 511775.07, 755410.70, 16.89);
insert into STATION values (4149, '-', 869, 511775.40, 755410.52, 16.92);
insert into STATION values (4150, '-', 869, 511775.69, 755410.36, 16.95);
insert into STATION values (4151, '-', 869, 511775.94, 755410.23, 17.02);
insert into STATION values (4152, '-', 869, 511776.55, 755409.91, 17.05);
insert into STATION values (4153, '1.4', 869, 511776.30, 755412.58, 16.41);
insert into STATION values (4154, '-', 869, 511776.49, 755412.39, 16.41);
insert into STATION values (4155, '-', 869, 511776.59, 755412.41, 16.45);
insert into STATION values (4156, '-', 869, 511777.01, 755412.51, 16.56);
insert into STATION values (4157, '-', 869, 511777.42, 755412.73, 16.60);
insert into STATION values (4158, '-', 869, 511777.72, 755413.01, 16.45);
insert into STATION values (4159, '-', 869, 511777.93, 755413.15, 16.43);
insert into STATION values (4160, '1.5', 869, 511777.92, 755413.21, 16.14);
insert into STATION values (4161, '-', 869, 511775.04, 755412.18, 16.13);
insert into STATION values (4162, '-', 869, 511775.57, 755412.42, 16.10);
insert into STATION values (4163, '-', 869, 511776.26, 755412.68, 16.09);
insert into STATION values (4164, '-', 869, 511776.60, 755412.81, 16.10);
insert into STATION values (4165, '-', 869, 511776.82, 755412.98, 16.08);
insert into STATION values (4166, '-', 869, 511776.97, 755413.14, 16.08);
insert into STATION values (4167, '-', 869, 511777.17, 755413.27, 16.05);
insert into STATION values (4168, '-', 869, 511777.49, 755413.41, 16.04);
insert into STATION values (4169, '-', 869, 511777.74, 755413.47, 16.03);
insert into STATION values (4170, '-', 869, 511777.94, 755413.51, 16.03);
insert into STATION values (4171, '-', 869, 511778.21, 755413.62, 15.96);
insert into STATION values (4172, '-', 869, 511778.49, 755413.63, 15.82);
insert into STATION values (4173, '-', 869, 511778.75, 755413.69, 15.74);
insert into STATION values (4174, '-', 869, 511779.03, 755413.75, 15.62);
insert into STATION values (4175, '-', 869, 511779.48, 755413.91, 15.43);
insert into STATION values (4176, '-', 869, 511776.33, 755412.46, 16.20);
insert into STATION values (4177, '-', 869, 511776.67, 755412.53, 16.15);
insert into STATION values (4178, '-', 869, 511777.02, 755412.65, 16.11);
insert into STATION values (4179, '-', 869, 511777.21, 755412.65, 16.08);
insert into STATION values (4180, '-', 869, 511777.40, 755412.52, 16.02);
insert into STATION values (4181, '-', 869, 511777.73, 755412.81, 15.98);
insert into STATION values (4182, '-', 869, 511777.95, 755412.94, 15.95);
insert into STATION values (4183, '-', 869, 511778.15, 755412.99, 15.87);
insert into STATION values (4184, '-', 869, 511778.37, 755413.08, 15.80);
insert into STATION values (4185, '-', 869, 511778.59, 755413.10, 15.67);
insert into STATION values (4186, '-', 869, 511778.66, 755413.07, 15.64);
insert into STATION values (4187, '-', 869, 511779.02, 755413.06, 15.48);
insert into STATION values (4188, '-', 869, 511779.46, 755413.14, 15.25);
insert into STATION values (4189, '-', 869, 511779.69, 755413.25, 15.10);
insert into STATION values (4190, '-', 869, 511779.94, 755413.42, 14.92);
insert into STATION values (4191, '-', 869, 511780.21, 755413.54, 14.75);
insert into STATION values (4192, '-', 869, 511780.56, 755413.62, 14.62);
insert into STATION values (4193, '1.6', 869, 511779.81, 755413.28, 15.35);
insert into STATION values (4194, '-', 869, 511779.98, 755414.28, 15.18);
insert into STATION values (4195, '-', 869, 511780.12, 755414.17, 15.20);
insert into STATION values (4196, '-', 869, 511780.60, 755414.10, 15.11);
insert into STATION values (4197, '-', 869, 511781.02, 755414.10, 14.98);
insert into STATION values (4198, '-', 869, 511781.41, 755414.06, 14.86);
insert into STATION values (4199, '-', 869, 511781.51, 755414.07, 14.82);
insert into STATION values (4200, '1.7', 869, 511780.68, 755413.16, 14.53);
insert into STATION values (4201, '-', 869, 511777.68, 755410.54, 14.93);
insert into STATION values (4202, '-', 869, 511778.01, 755410.94, 14.85);
insert into STATION values (4203, '-', 869, 511778.72, 755411.66, 14.69);
insert into STATION values (4204, '-', 869, 511779.58, 755412.41, 14.61);
insert into STATION values (4205, '-', 869, 511779.32, 755412.27, 14.81);
insert into STATION values (4206, '-', 869, 511779.02, 755412.02, 15.01);
insert into STATION values (4207, '-', 869, 511779.87, 755412.69, 14.60);
insert into STATION values (4208, '-', 869, 511778.84, 755409.20, 14.08);
insert into STATION values (4209, '-', 869, 511779.14, 755409.36, 14.09);
insert into STATION values (4210, '-', 869, 511779.60, 755409.60, 14.08);
insert into STATION values (4211, '-', 869, 511780.28, 755410.04, 14.07);
insert into STATION values (4212, '-', 869, 511780.73, 755410.35, 14.08);
insert into STATION values (4213, '-', 869, 511781.41, 755410.54, 14.07);
insert into STATION values (4214, '-', 869, 511781.94, 755410.72, 14.10);
insert into STATION values (4215, '-', 869, 511782.70, 755410.53, 14.10);
insert into STATION values (4216, '-', 869, 511782.87, 755410.81, 14.12);
insert into STATION values (4217, '-', 869, 511783.09, 755410.89, 14.10);
insert into STATION values (4218, '-', 869, 511783.33, 755410.96, 14.09);
insert into STATION values (4219, '-', 869, 511783.78, 755411.00, 14.07);
insert into STATION values (4220, '-', 869, 511783.90, 755411.13, 14.08);
insert into STATION values (4221, '-', 869, 511784.22, 755411.36, 14.08);
insert into STATION values (4222, '-', 869, 511784.60, 755411.54, 14.07);
insert into STATION values (4223, '1.8', 869, 511782.30, 755414.01, 14.21);
insert into STATION values (4224, '-', 869, 511781.57, 755415.91, 14.03);
insert into STATION values (4225, '-', 869, 511781.99, 755414.65, 14.40);
insert into STATION values (4226, '-', 869, 511782.04, 755414.57, 14.54);
insert into STATION values (4227, '-', 869, 511781.96, 755414.75, 14.81);
insert into STATION values (4228, '-', 869, 511782.10, 755414.45, 15.06);
insert into STATION values (4229, '-', 869, 511782.20, 755414.20, 15.20);
insert into STATION values (4230, '-', 869, 511782.26, 755414.01, 15.30);
insert into STATION values (4231, '-', 869, 511782.31, 755413.79, 15.19);
insert into STATION values (4232, '-', 869, 511782.42, 755413.51, 15.09);
insert into STATION values (4233, '-', 869, 511782.44, 755413.38, 14.82);
insert into STATION values (4234, '-', 869, 511782.55, 755412.90, 14.84);
insert into STATION values (4235, '-', 869, 511782.76, 755412.17, 14.80);
insert into STATION values (4236, '-', 869, 511782.86, 755411.79, 14.66);
insert into STATION values (4237, '-', 869, 511782.96, 755411.54, 14.43);
insert into STATION values (4238, '-', 869, 511783.02, 755411.48, 14.33);
insert into STATION values (4239, '-', 869, 511783.07, 755411.38, 14.21);
insert into STATION values (4240, '-', 869, 511781.74, 755416.39, 13.99);
insert into STATION values (4241, '-', 869, 511782.07, 755416.60, 14.01);
insert into STATION values (4242, '-', 869, 511782.65, 755416.67, 13.97);
insert into STATION values (4243, '-', 869, 511780.97, 755414.89, 14.14);
insert into STATION values (4244, '-', 869, 511780.72, 755414.83, 14.13);
insert into STATION values (4245, '-', 869, 511780.36, 755414.55, 14.12);
insert into STATION values (4246, '-', 869, 511782.50, 755416.64, 13.94);
insert into STATION values (4247, '-', 869, 511783.18, 755416.79, 13.93);
insert into STATION values (4248, '-', 869, 511783.87, 755416.87, 13.91);
insert into STATION values (4249, '-', 869, 511783.89, 755416.36, 13.96);
insert into STATION values (4250, '-', 869, 511784.32, 755416.38, 13.92);
insert into STATION values (4251, '-', 869, 511784.99, 755416.57, 13.88);
insert into STATION values (4252, '-', 869, 511785.56, 755416.75, 13.88);
insert into STATION values (4253, '-', 869, 511786.21, 755416.88, 13.86);
insert into STATION values (4254, '-', 869, 511786.44, 755416.87, 13.88);
insert into STATION values (4255, '-', 869, 511786.91, 755416.92, 13.88);
insert into STATION values (4256, '-', 869, 511787.21, 755416.93, 13.88);
insert into STATION values (4257, '-', 869, 511787.85, 755417.07, 13.89);
insert into STATION values (4258, '-', 869, 511788.68, 755417.23, 13.97);
insert into STATION values (4259, '-', 869, 511784.47, 755411.78, 14.15);
insert into STATION values (4260, '-', 869, 511784.67, 755411.86, 14.15);
insert into STATION values (4261, '-', 869, 511784.94, 755411.92, 14.15);
insert into STATION values (4262, '-', 869, 511785.24, 755412.08, 14.16);
insert into STATION values (4263, '-', 869, 511786.14, 755412.11, 14.11);
insert into STATION values (4264, '-', 869, 511786.38, 755412.18, 14.09);
insert into STATION values (4265, '-', 869, 511786.55, 755412.39, 14.10);
insert into STATION values (4266, '-', 869, 511786.82, 755412.69, 14.11);
insert into STATION values (4267, '-', 869, 511787.22, 755412.78, 14.11);
insert into STATION values (4268, '-', 869, 511788.75, 755412.72, 14.06);
insert into STATION values (4269, '-', 869, 511790.03, 755412.92, 14.07);
insert into STATION values (4270, '-', 869, 511790.76, 755413.08, 14.06);
insert into STATION values (4271, '-', 869, 511780.74, 755411.89, 14.06);
insert into STATION values (4272, '-', 869, 511781.25, 755412.24, 14.04);
insert into STATION values (4273, '-', 869, 511781.55, 755412.51, 14.06);
insert into STATION values (4274, '-', 869, 511781.89, 755412.59, 14.06);
insert into STATION values (4275, '-', 869, 511782.07, 755413.09, 14.06);
insert into STATION values (4276, '-', 869, 511782.14, 755413.19, 14.04);
insert into STATION values (4277, '-', 869, 511782.69, 755413.35, 14.02);
insert into STATION values (4278, '-', 869, 511782.94, 755413.81, 14.02);
insert into STATION values (4279, '-', 869, 511783.23, 755414.11, 13.99);
insert into STATION values (4280, '-', 869, 511783.10, 755414.32, 14.00);
insert into STATION values (4281, '-', 869, 511783.06, 755414.71, 14.01);
insert into STATION values (4282, '-', 869, 511783.18, 755415.12, 13.95);
insert into STATION values (4283, '-', 869, 511783.27, 755415.35, 13.93);
insert into STATION values (4284, '-', 869, 511783.86, 755415.59, 13.94);
insert into STATION values (4285, '-', 869, 511784.25, 755415.52, 13.96);
insert into STATION values (4286, '-', 869, 511784.77, 755415.52, 13.96);
insert into STATION values (4287, '-', 869, 511785.34, 755415.61, 13.97);
insert into STATION values (4288, '-', 869, 511777.28, 755409.95, 14.07);
insert into STATION values (4289, '-', 869, 511778.30, 755411.25, 14.10);
insert into STATION values (4290, '-', 869, 511778.93, 755411.97, 14.06);
insert into STATION values (4291, '-', 869, 511779.30, 755412.60, 14.09);
insert into STATION values (4292, '-', 869, 511779.99, 755412.97, 14.05);
insert into STATION values (4293, '-', 869, 511780.91, 755413.45, 14.06);
insert into STATION values (4294, '-', 869, 511780.73, 755413.36, 14.04);
insert into STATION values (4295, '-', 869, 511780.96, 755413.49, 14.03);
insert into STATION values (4296, '-', 869, 511781.12, 755413.75, 14.04);
insert into STATION values (4297, '-', 869, 511781.16, 755413.86, 14.03);
insert into STATION values (4298, '-', 869, 511781.37, 755414.01, 14.03);
insert into STATION values (4299, '-', 869, 511781.45, 755414.16, 14.07);
insert into STATION values (4300, '-', 869, 511781.55, 755414.56, 14.06);
insert into STATION values (4301, '-', 869, 511781.77, 755415.22, 13.98);
insert into STATION values (4302, '-', 869, 511782.19, 755416.04, 13.93);
insert into STATION values (4303, '-', 869, 511782.50, 755416.26, 13.86);
insert into STATION values (4304, '-', 869, 511782.52, 755416.67, 13.85);
insert into STATION values (4305, '1.9', 869, 511792.24, 755416.70, 13.89);
insert into STATION values (4306, '-', 869, 511787.13, 755412.79, 14.08);
insert into STATION values (4307, '-', 869, 511787.91, 755412.87, 14.10);
insert into STATION values (4308, '-', 869, 511788.83, 755412.87, 14.12);
insert into STATION values (4309, '-', 869, 511789.73, 755412.89, 14.09);
insert into STATION values (4310, '-', 869, 511790.67, 755413.14, 14.08);
insert into STATION values (4311, '-', 869, 511791.67, 755413.03, 14.10);
insert into STATION values (4312, '-', 869, 511793.56, 755414.78, 13.77);
insert into STATION values (4313, '-', 869, 511794.18, 755415.22, 13.73);
insert into STATION values (4314, '-', 869, 511795.10, 755415.94, 13.64);
insert into STATION values (4315, '-', 869, 511795.90, 755416.74, 13.64);
insert into STATION values (4316, '-', 869, 511796.57, 755417.75, 13.59);
insert into STATION values (4317, '-', 869, 511797.15, 755418.53, 13.59);
insert into STATION values (4318, '-', 869, 511797.62, 755418.91, 13.61);
insert into STATION values (4319, '-', 869, 511786.95, 755416.35, 14.07);
insert into STATION values (4320, '-', 869, 511787.72, 755416.55, 14.12);
insert into STATION values (4321, '-', 869, 511788.38, 755416.75, 14.13);
insert into STATION values (4322, '-', 869, 511788.76, 755416.95, 14.19);
insert into STATION values (4323, '-', 869, 511789.17, 755417.09, 14.23);
insert into STATION values (4324, '-', 869, 511789.74, 755417.15, 14.16);
insert into STATION values (4325, '-', 869, 511790.25, 755417.31, 14.13);
insert into STATION values (4326, '-', 869, 511790.79, 755417.41, 14.14);
insert into STATION values (4327, '-', 869, 511791.08, 755417.68, 14.22);
insert into STATION values (4328, '-', 869, 511791.30, 755417.83, 14.19);
insert into STATION values (4329, '-', 869, 511791.53, 755418.05, 14.19);
insert into STATION values (4330, '-', 869, 511791.85, 755418.18, 14.18);
insert into STATION values (4331, '-', 869, 511792.10, 755418.23, 14.19);
insert into STATION values (4332, '-', 869, 511787.40, 755415.79, 13.79);
insert into STATION values (4333, '-', 869, 511788.16, 755415.67, 13.73);
insert into STATION values (4334, '-', 869, 511789.45, 755415.57, 13.71);
insert into STATION values (4335, '-', 869, 511789.93, 755415.23, 13.67);
insert into STATION values (4336, '-', 869, 511790.61, 755415.21, 13.69);
insert into STATION values (4337, '-', 869, 511791.57, 755414.94, 13.64);
insert into STATION values (4338, '-', 869, 511792.20, 755414.69, 13.66);
insert into STATION values (4339, '-', 869, 511792.66, 755415.14, 13.62);
insert into STATION values (4340, '-', 869, 511792.97, 755415.33, 13.62);
insert into STATION values (4341, '-', 869, 511793.17, 755415.35, 13.63);
insert into STATION values (4342, '-', 869, 511793.66, 755415.57, 13.52);
insert into STATION values (4343, '-', 869, 511794.18, 755415.27, 13.44);
insert into STATION values (4344, '-', 869, 511790.17, 755416.37, 13.72);
insert into STATION values (4345, '-', 869, 511790.88, 755416.44, 13.70);
insert into STATION values (4346, '-', 869, 511791.66, 755416.10, 13.67);
insert into STATION values (4347, '-', 869, 511792.16, 755416.33, 13.63);
insert into STATION values (4348, '-', 869, 511792.44, 755416.62, 13.61);
insert into STATION values (4349, '-', 869, 511792.88, 755416.69, 13.66);
insert into STATION values (4350, '-', 869, 511793.72, 755416.90, 13.52);
insert into STATION values (4351, '-', 869, 511794.51, 755417.25, 13.44);
insert into STATION values (4352, '-', 869, 511795.16, 755417.61, 13.44);
insert into STATION values (4353, '-', 869, 511795.16, 755418.03, 13.45);
insert into STATION values (4354, '1.10', 869, 511796.15, 755421.35, 13.73);
insert into STATION values (4355, '-', 869, 511796.22, 755417.42, 13.42);
insert into STATION values (4356, '-', 869, 511796.59, 755418.00, 13.45);
insert into STATION values (4357, '-', 869, 511797.17, 755418.67, 13.45);
insert into STATION values (4358, '-', 869, 511797.78, 755419.04, 13.44);
insert into STATION values (4359, '-', 869, 511798.61, 755419.28, 13.44);
insert into STATION values (4360, '-', 869, 511799.47, 755418.68, 13.65);
insert into STATION values (4361, '-', 869, 511800.45, 755418.26, 13.70);
insert into STATION values (4362, '-', 869, 511800.91, 755418.44, 13.91);
insert into STATION values (4363, '-', 869, 511801.53, 755418.50, 13.97);
insert into STATION values (4364, '-', 869, 511804.38, 755420.83, 14.54);
insert into STATION values (4365, '-', 869, 511805.39, 755421.50, 14.43);
insert into STATION values (4366, '-', 869, 511805.33, 755422.05, 14.42);
insert into STATION values (4367, '-', 869, 511805.43, 755422.72, 14.31);
insert into STATION values (4368, '-', 869, 511805.53, 755423.36, 14.25);
insert into STATION values (4369, '-', 869, 511805.52, 755423.92, 14.15);
insert into STATION values (4370, '-', 869, 511805.44, 755424.56, 14.03);
insert into STATION values (4371, '-', 869, 511791.52, 755418.71, 14.61);
insert into STATION values (4372, '-', 869, 511791.16, 755419.25, 14.58);
insert into STATION values (4373, '-', 869, 511791.13, 755420.03, 14.49);
insert into STATION values (4374, '-', 869, 511791.99, 755421.51, 14.19);
insert into STATION values (4375, '-', 869, 511793.41, 755422.95, 14.12);
insert into STATION values (4376, '-', 869, 511795.11, 755423.67, 14.08);
insert into STATION values (4377, '-', 869, 511794.90, 755423.65, 14.07);
insert into STATION values (4378, '-', 869, 511795.71, 755423.78, 14.07);
insert into STATION values (4379, '-', 869, 511797.17, 755424.10, 14.24);
insert into STATION values (4380, '-', 869, 511798.28, 755423.54, 14.18);
insert into STATION values (4381, '-', 869, 511799.40, 755423.68, 13.98);
insert into STATION values (4382, '-', 869, 511793.40, 755417.09, 13.61);
insert into STATION values (4383, '-', 869, 511794.44, 755417.33, 13.49);
insert into STATION values (4384, '-', 869, 511795.20, 755417.85, 13.46);
insert into STATION values (4385, '-', 869, 511795.30, 755418.35, 13.40);
insert into STATION values (4386, '-', 869, 511795.14, 755419.41, 13.46);
insert into STATION values (4387, '-', 869, 511795.69, 755419.95, 13.46);
insert into STATION values (4388, '-', 869, 511796.13, 755420.39, 13.45);
insert into STATION values (4389, '-', 869, 511796.82, 755421.00, 13.43);
insert into STATION values (4390, '-', 869, 511797.30, 755421.54, 13.44);
insert into STATION values (4391, '-', 869, 511797.93, 755421.76, 13.47);
insert into STATION values (4392, '-', 869, 511798.48, 755421.73, 13.44);
insert into STATION values (4393, '-', 869, 511798.84, 755421.82, 13.45);
insert into STATION values (4394, '-', 869, 511799.09, 755419.12, 13.40);
insert into STATION values (4395, '-', 869, 511799.32, 755419.47, 13.39);
insert into STATION values (4396, '-', 869, 511799.67, 755419.93, 13.39);
insert into STATION values (4397, '-', 869, 511800.19, 755420.43, 13.40);
insert into STATION values (4398, '-', 869, 511800.38, 755420.81, 13.40);
insert into STATION values (4399, '-', 869, 511800.71, 755421.12, 13.40);
insert into STATION values (4400, '-', 869, 511800.74, 755421.23, 13.39);
insert into STATION values (4401, '-', 869, 511801.60, 755421.78, 13.38);
insert into STATION values (4402, '-', 869, 511802.60, 755422.29, 13.39);
insert into STATION values (4403, '-', 869, 511802.59, 755422.64, 13.45);
insert into STATION values (4404, '1.11', 869, 511790.96, 755418.09, 15.57);
insert into STATION values (4405, '-', 869, 511788.66, 755417.33, 16.46);
insert into STATION values (4406, '-', 869, 511789.12, 755417.07, 16.27);
insert into STATION values (4407, '-', 869, 511789.76, 755416.88, 15.93);
insert into STATION values (4408, '-', 869, 511790.71, 755417.68, 15.70);
insert into STATION values (4409, '-', 869, 511790.89, 755417.69, 15.65);
insert into STATION values (4410, '-', 869, 511791.10, 755417.74, 15.52);
insert into STATION values (4411, '-', 869, 511791.18, 755417.82, 15.55);
insert into STATION values (4412, '-', 869, 511791.37, 755417.87, 15.51);
insert into STATION values (4413, '-', 869, 511791.64, 755417.97, 15.51);
insert into STATION values (4414, '-', 869, 511792.59, 755418.10, 15.34);
insert into STATION values (4415, '-', 869, 511792.85, 755418.60, 15.32);
insert into STATION values (4416, '-', 869, 511793.18, 755418.74, 15.29);
insert into STATION values (4417, '-', 869, 511793.39, 755418.85, 15.24);
insert into STATION values (4418, '-', 869, 511790.28, 755417.90, 15.55);
insert into STATION values (4419, '-', 869, 511790.43, 755418.15, 15.46);
insert into STATION values (4420, '-', 869, 511790.88, 755418.19, 15.49);
insert into STATION values (4421, '-', 869, 511791.11, 755418.45, 15.43);
insert into STATION values (4422, '-', 869, 511791.47, 755418.54, 15.46);
insert into STATION values (4423, '-', 869, 511792.30, 755419.21, 15.47);
insert into STATION values (4424, '-', 869, 511793.08, 755419.58, 15.52);
insert into STATION values (4425, '-', 869, 511792.17, 755419.24, 15.36);
insert into STATION values (4426, '-', 869, 511792.21, 755416.64, 14.76);
insert into STATION values (4427, '-', 869, 511792.57, 755416.84, 13.80);
insert into STATION values (4428, '1.12', 869, 511772.63, 755406.75, 16.22);
insert into STATION values (4429, '-', 869, 511772.62, 755405.81, 15.99);
insert into STATION values (4430, '-', 869, 511776.94, 755404.42, 16.24);
insert into STATION values (4431, '-', 869, 511800.39, 755419.21, 13.77);
insert into STATION values (4432, '-', 869, 511800.64, 755419.69, 13.77);
insert into STATION values (4433, '-', 869, 511801.04, 755420.13, 13.75);
insert into STATION values (4434, '-', 869, 511801.77, 755420.42, 13.79);
insert into STATION values (4435, '-', 869, 511802.09, 755420.70, 13.89);
insert into STATION values (4436, '-', 869, 511802.38, 755421.26, 13.86);
insert into STATION values (4437, '-', 869, 511803.03, 755421.45, 13.99);
insert into STATION values (4438, '-', 869, 511802.63, 755421.57, 13.80);
insert into STATION values (4439, '-', 869, 511804.51, 755422.04, 14.03);
insert into STATION values (4440, '-', 869, 511804.32, 755421.53, 14.13);
insert into STATION values (4441, '1.13', 869, 511803.48, 755423.37, 13.79);
insert into STATION values (4442, '-', 869, 511804.32, 755420.71, 14.39);
insert into STATION values (4443, '-', 869, 511804.76, 755421.02, 14.36);
insert into STATION values (4444, '-', 869, 511805.33, 755421.76, 14.39);
insert into STATION values (4445, '-', 869, 511805.44, 755424.42, 13.72);
insert into STATION values (4446, '-', 869, 511805.39, 755425.09, 13.62);
insert into STATION values (4447, '-', 869, 511799.65, 755422.96, 13.85);
insert into STATION values (4448, '-', 869, 511799.85, 755423.39, 13.78);
insert into STATION values (4449, '-', 869, 511799.54, 755423.65, 13.68);
insert into STATION values (4450, '-', 869, 511799.88, 755424.25, 13.68);
insert into STATION values (4451, '-', 869, 511800.20, 755424.77, 13.66);
insert into STATION values (4452, '-', 869, 511800.15, 755425.38, 13.61);
insert into STATION values (4453, '-', 869, 511800.38, 755426.19, 13.58);
insert into STATION values (4454, '-', 869, 511801.11, 755426.83, 13.62);
insert into STATION values (4455, '-', 869, 511799.53, 755423.76, 13.63);
insert into STATION values (4456, '-', 869, 511799.95, 755424.44, 13.65);
insert into STATION values (4457, '-', 869, 511800.25, 755425.63, 13.63);
insert into STATION values (4458, '-', 869, 511799.74, 755423.92, 13.31);
insert into STATION values (4459, '-', 869, 511799.99, 755423.31, 13.30);
insert into STATION values (4460, '-', 869, 511800.23, 755422.72, 13.33);
insert into STATION values (4461, '-', 869, 511800.50, 755422.06, 13.33);
insert into STATION values (4462, '-', 869, 511800.41, 755421.85, 13.32);
insert into STATION values (4463, '-', 869, 511798.75, 755421.62, 13.29);
insert into STATION values (4464, '-', 869, 511802.58, 755422.70, 13.46);
insert into STATION values (4465, '-', 869, 511802.15, 755422.86, 13.41);
insert into STATION values (4466, '-', 869, 511801.74, 755423.16, 13.36);
insert into STATION values (4467, '-', 869, 511801.29, 755423.47, 13.32);
insert into STATION values (4468, '-', 869, 511800.55, 755424.04, 13.37);
insert into STATION values (4469, '1.14', 869, 511802.50, 755425.60, 13.85);
insert into STATION values (4470, '-', 869, 511799.70, 755424.30, 13.30);
insert into STATION values (4471, '-', 869, 511799.78, 755424.91, 13.32);
insert into STATION values (4472, '-', 869, 511799.93, 755425.51, 13.29);
insert into STATION values (4473, '-', 869, 511800.13, 755426.21, 13.28);
insert into STATION values (4474, '-', 869, 511800.65, 755426.96, 13.26);
insert into STATION values (4475, '-', 869, 511800.97, 755427.30, 13.27);
insert into STATION values (4476, '-', 869, 511801.49, 755427.76, 13.27);
insert into STATION values (4477, '-', 869, 511801.95, 755428.14, 13.27);
insert into STATION values (4478, '-', 869, 511802.34, 755428.48, 13.28);
insert into STATION values (4479, '-', 869, 511803.53, 755429.33, 13.34);
insert into STATION values (4480, '-', 869, 511804.31, 755429.80, 13.28);
insert into STATION values (4481, '-', 869, 511805.09, 755430.02, 13.30);
insert into STATION values (4482, '-', 869, 511805.68, 755430.15, 13.28);
insert into STATION values (4483, '-', 869, 511806.17, 755430.33, 13.27);
insert into STATION values (4484, '-', 869, 511806.61, 755430.57, 13.27);
insert into STATION values (4485, '-', 869, 511808.05, 755431.37, 13.28);
insert into STATION values (4486, '-', 869, 511808.83, 755431.55, 13.28);
insert into STATION values (4487, '-', 869, 511808.83, 755431.56, 13.27);
insert into STATION values (4488, '-', 869, 511809.77, 755432.21, 13.27);
insert into STATION values (4489, '1.14a', 869, 511812.59, 755432.03, 13.33);
insert into STATION values (4490, '-', 869, 511813.43, 755432.12, 13.25);
insert into STATION values (4491, '-', 869, 511812.74, 755431.21, 13.29);
insert into STATION values (4492, '-', 869, 511809.86, 755429.36, 13.29);
insert into STATION values (4493, '-', 869, 511809.31, 755428.43, 13.34);
insert into STATION values (4494, '-', 869, 511808.95, 755427.31, 13.35);
insert into STATION values (4495, '-', 869, 511808.90, 755427.00, 13.26);
insert into STATION values (4496, '-', 869, 511807.38, 755426.47, 13.32);
insert into STATION values (4497, '-', 869, 511807.06, 755426.29, 13.31);
insert into STATION values (4498, '-', 869, 511805.38, 755425.11, 13.37);
insert into STATION values (4499, '-', 869, 511809.96, 755429.43, 13.28);
insert into STATION values (4500, '-', 869, 511812.62, 755430.93, 13.26);
insert into STATION values (4501, '-', 869, 511800.47, 755423.69, 13.29);
insert into STATION values (4502, '-', 869, 511800.26, 755425.18, 13.37);
insert into STATION values (4503, '-', 869, 511800.39, 755425.97, 13.32);
insert into STATION values (4504, '-', 869, 511800.77, 755426.61, 13.29);
insert into STATION values (4505, '-', 869, 511801.57, 755427.88, 13.25);
insert into STATION values (4506, '-', 869, 511802.97, 755428.10, 13.68);
insert into STATION values (4507, '-', 869, 511803.43, 755427.82, 13.61);
insert into STATION values (4508, '-', 869, 511803.84, 755427.33, 13.59);
insert into STATION values (4509, '-', 869, 511804.32, 755426.70, 13.62);
insert into STATION values (4510, '-', 869, 511804.70, 755426.10, 13.62);
insert into STATION values (4511, '-', 869, 511804.55, 755425.43, 13.57);
insert into STATION values (4512, '-', 869, 511804.64, 755424.87, 13.63);
insert into STATION values (4513, '1.9', 957, 511792.18, 755416.97, 13.92);
insert into STATION values (4514, '4.0', 957, 511792.18, 755416.97, 13.92);
insert into STATION values (4515, '4.1', 957, 511793.58, 755414.22, 13.97);
insert into STATION values (4516, '-', 957, 511790.96, 755413.47, 14.16);
insert into STATION values (4517, '-', 957, 511791.17, 755413.37, 14.13);
insert into STATION values (4518, '-', 957, 511791.68, 755413.24, 14.11);
insert into STATION values (4519, '-', 957, 511792.25, 755412.66, 14.13);
insert into STATION values (4520, '-', 957, 511793.19, 755412.31, 14.19);
insert into STATION values (4521, '-', 957, 511794.20, 755412.45, 14.28);
insert into STATION values (4522, '-', 957, 511795.03, 755411.98, 14.37);
insert into STATION values (4523, '-', 957, 511795.76, 755411.70, 14.45);
insert into STATION values (4524, '-', 957, 511796.42, 755411.77, 14.57);
insert into STATION values (4525, '-', 957, 511796.85, 755411.65, 14.51);
insert into STATION values (4526, '-', 957, 511797.53, 755411.66, 14.56);
insert into STATION values (4527, '-', 957, 511797.93, 755411.78, 14.48);
insert into STATION values (4528, '-', 957, 511798.61, 755411.68, 14.49);
insert into STATION values (4529, '-', 957, 511798.98, 755411.66, 14.53);
insert into STATION values (4530, '-', 957, 511795.39, 755413.36, 14.31);
insert into STATION values (4531, '-', 957, 511795.15, 755413.55, 14.31);
insert into STATION values (4532, '-', 957, 511794.35, 755413.92, 14.22);
insert into STATION values (4533, '-', 957, 511794.24, 755414.11, 14.11);
insert into STATION values (4534, '-', 957, 511793.42, 755414.95, 13.77);
insert into STATION values (4535, '4.2', 957, 511796.19, 755412.18, 14.62);
insert into STATION values (4536, '-', 957, 511797.92, 755411.84, 14.52);
insert into STATION values (4537, '-', 957, 511797.64, 755411.67, 14.45);
insert into STATION values (4538, '-', 957, 511796.36, 755413.06, 14.33);
insert into STATION values (4539, '-', 957, 511796.30, 755412.86, 14.60);
insert into STATION values (4540, '-', 957, 511796.22, 755412.51, 14.74);
insert into STATION values (4541, '-', 957, 511796.20, 755412.25, 14.76);
insert into STATION values (4542, '-', 957, 511796.11, 755411.65, 14.39);
insert into STATION values (4543, '-', 957, 511796.11, 755411.79, 14.62);
insert into STATION values (4544, '-', 957, 511796.11, 755411.93, 14.73);
insert into STATION values (4545, '-', 957, 511796.17, 755411.79, 14.31);
insert into STATION values (4546, '-', 957, 511796.29, 755412.38, 14.23);
insert into STATION values (4547, '-', 957, 511796.32, 755412.92, 14.25);
insert into STATION values (4548, '-', 957, 511797.81, 755411.77, 14.51);
insert into STATION values (4549, '-', 957, 511797.52, 755411.59, 14.46);
insert into STATION values (4550, '-', 957, 511796.76, 755411.69, 14.45);
insert into STATION values (4551, '-', 957, 511796.55, 755411.68, 14.41);
insert into STATION values (4552, '-', 957, 511796.24, 755411.70, 14.43);
insert into STATION values (4553, '-', 957, 511799.77, 755412.96, 14.61);
insert into STATION values (4554, '-', 957, 511798.89, 755412.93, 14.63);
insert into STATION values (4555, '-', 957, 511797.72, 755412.71, 14.62);
insert into STATION values (4556, '-', 957, 511797.36, 755412.71, 14.62);
insert into STATION values (4557, '-', 957, 511796.95, 755412.86, 14.59);
insert into STATION values (4558, '-', 957, 511796.35, 755412.93, 14.50);
insert into STATION values (4559, '-', 957, 511795.86, 755413.16, 14.42);
insert into STATION values (4560, '-', 957, 511795.38, 755413.27, 14.45);
insert into STATION values (4561, '4.3', 957, 511799.77, 755411.59, 14.47);
insert into STATION values (4562, '-', 957, 511800.40, 755411.33, 14.60);
insert into STATION values (4563, '-', 957, 511801.38, 755411.38, 14.63);
insert into STATION values (4564, '-', 957, 511801.83, 755411.58, 14.64);
insert into STATION values (4565, '-', 957, 511802.00, 755412.81, 14.83);
insert into STATION values (4566, '-', 957, 511801.36, 755412.63, 14.74);
insert into STATION values (4567, '-', 957, 511800.88, 755412.66, 14.68);
insert into STATION values (4568, '-', 957, 511800.51, 755412.92, 14.67);
insert into STATION values (4569, '-', 957, 511799.97, 755412.90, 14.67);
insert into STATION values (4570, '-', 957, 511799.77, 755412.89, 14.68);
insert into STATION values (4571, '4.4', 957, 511804.13, 755412.13, 15.04);
insert into STATION values (4572, '-', 957, 511803.34, 755412.91, 14.77);
insert into STATION values (4573, '-', 957, 511802.84, 755412.86, 14.90);
insert into STATION values (4574, '-', 957, 511801.29, 755412.75, 14.73);
insert into STATION values (4575, '-', 957, 511802.85, 755411.62, 14.96);
insert into STATION values (4576, '-', 957, 511802.00, 755411.59, 14.63);
insert into STATION values (4577, '-', 957, 511806.70, 755412.15, 15.46);
insert into STATION values (4578, '-', 957, 511807.44, 755413.02, 15.41);
insert into STATION values (4579, '-', 957, 511805.92, 755411.44, 15.62);
insert into STATION values (4580, '-', 957, 511807.02, 755414.15, 15.46);
insert into STATION values (4581, '-', 957, 511807.17, 755415.40, 15.17);
insert into STATION values (4582, '-', 957, 511806.81, 755416.19, 15.01);
insert into STATION values (4583, '4.5', 957, 511805.81, 755410.41, 15.71);
insert into STATION values (4584, '-', 957, 511804.16, 755412.07, 15.53);
insert into STATION values (4585, '-', 957, 511804.53, 755412.57, 15.47);
insert into STATION values (4586, '-', 957, 511804.91, 755413.05, 15.43);
insert into STATION values (4587, '-', 957, 511805.17, 755413.60, 15.37);
insert into STATION values (4588, '-', 957, 511805.36, 755413.93, 15.27);
insert into STATION values (4589, '-', 957, 511805.39, 755414.26, 15.17);
insert into STATION values (4590, '-', 957, 511803.66, 755412.77, 14.60);
insert into STATION values (4591, '-', 957, 511804.02, 755412.51, 14.62);
insert into STATION values (4592, '-', 957, 511803.08, 755411.57, 15.07);
insert into STATION values (4593, '-', 957, 511803.16, 755411.19, 15.20);
insert into STATION values (4594, '-', 957, 511803.27, 755410.65, 15.27);
insert into STATION values (4595, '-', 957, 511803.93, 755410.31, 15.43);
insert into STATION values (4596, '-', 957, 511804.42, 755409.99, 15.55);
insert into STATION values (4597, '-', 957, 511804.82, 755409.43, 15.80);
insert into STATION values (4598, '-', 957, 511805.25, 755409.03, 16.10);
insert into STATION values (4599, '-', 957, 511805.16, 755407.66, 16.70);
insert into STATION values (4600, '-', 957, 511805.54, 755407.22, 16.97);
insert into STATION values (4601, '-', 957, 511806.01, 755407.36, 17.02);
insert into STATION values (4602, '-', 957, 511806.25, 755407.64, 16.86);
insert into STATION values (4603, '-', 957, 511806.25, 755408.19, 16.61);
insert into STATION values (4604, '-', 957, 511806.51, 755408.53, 16.44);
insert into STATION values (4605, '-', 957, 511806.57, 755408.93, 16.30);
insert into STATION values (4606, '-', 957, 511806.60, 755409.27, 16.10);
insert into STATION values (4607, '-', 957, 511806.41, 755409.71, 15.93);
insert into STATION values (4608, '-', 957, 511806.28, 755409.82, 15.77);
insert into STATION values (4609, '-', 957, 511805.86, 755410.97, 15.57);
insert into STATION values (4610, '-', 957, 511805.82, 755411.15, 15.47);
insert into STATION values (4611, '-', 957, 511806.30, 755410.05, 15.91);
insert into STATION values (4612, '-', 957, 511806.18, 755410.23, 15.89);
insert into STATION values (4613, '4.6', 957, 511805.58, 755414.22, 15.25);
insert into STATION values (4614, '-', 957, 511807.63, 755413.51, 15.17);
insert into STATION values (4615, '-', 957, 511807.57, 755414.63, 15.04);
insert into STATION values (4616, '-', 957, 511806.96, 755416.29, 14.91);
insert into STATION values (4617, '-', 957, 511806.77, 755416.77, 14.87);
insert into STATION values (4618, '-', 957, 511806.63, 755416.86, 14.92);
insert into STATION values (4619, '-', 957, 511806.37, 755417.28, 14.83);
insert into STATION values (4620, '-', 957, 511806.04, 755417.91, 14.85);
insert into STATION values (4621, '-', 957, 511805.98, 755418.02, 14.86);
insert into STATION values (4622, '-', 957, 511805.94, 755418.15, 14.85);
insert into STATION values (4623, '-', 957, 511805.42, 755414.51, 15.17);
insert into STATION values (4624, '4.7', 957, 511805.94, 755417.43, 15.08);
insert into STATION values (4625, '-', 957, 511805.32, 755414.78, 15.13);
insert into STATION values (4626, '-', 957, 511805.28, 755415.50, 15.18);
insert into STATION values (4627, '-', 957, 511805.10, 755415.99, 15.23);
insert into STATION values (4628, '-', 957, 511804.92, 755416.18, 15.29);
insert into STATION values (4629, '-', 957, 511804.82, 755416.14, 15.20);
insert into STATION values (4630, '-', 957, 511804.56, 755416.44, 15.15);
insert into STATION values (4631, '-', 957, 511803.99, 755416.98, 15.12);
insert into STATION values (4632, '-', 957, 511803.72, 755417.45, 15.20);
insert into STATION values (4633, '-', 957, 511803.33, 755417.93, 15.18);
insert into STATION values (4634, '-', 957, 511804.05, 755419.58, 14.85);
insert into STATION values (4635, '-', 957, 511804.62, 755419.49, 14.84);
insert into STATION values (4636, '-', 957, 511805.13, 755419.13, 14.91);
insert into STATION values (4637, '-', 957, 511806.12, 755418.04, 14.80);
insert into STATION values (4638, '-', 957, 511805.16, 755419.79, 14.66);
insert into STATION values (4639, '-', 957, 511805.35, 755420.32, 14.64);
insert into STATION values (4640, '-', 957, 511805.51, 755420.79, 14.56);
insert into STATION values (4641, '-', 957, 511805.74, 755420.96, 14.65);
insert into STATION values (4642, '4.8', 957, 511799.49, 755422.83, 14.16);
insert into STATION values (4643, '4.9', 957, 511796.15, 755421.35, 13.73);
insert into STATION values (4644, '-', 957, 511805.88, 755418.07, 14.96);
insert into STATION values (4645, '-', 957, 511806.01, 755417.32, 15.03);
insert into STATION values (4646, '-', 957, 511802.42, 755418.57, 14.67);
insert into STATION values (4647, '-', 957, 511802.23, 755418.69, 14.50);
insert into STATION values (4648, '-', 957, 511801.95, 755418.90, 14.37);
insert into STATION values (4649, '-', 957, 511803.93, 755419.89, 14.72);
insert into STATION values (4650, '-', 957, 511804.52, 755419.86, 14.90);
insert into STATION values (4651, '-', 957, 511804.80, 755420.18, 14.95);
insert into STATION values (4652, '4.10', 957, 511803.52, 755425.06, 13.84);
insert into STATION values (4653, '4.11', 957, 511805.93, 755426.08, 14.70);
insert into STATION values (4654, '-', 957, 511805.31, 755425.17, 15.58);
insert into STATION values (4655, '-', 957, 511805.59, 755425.14, 15.60);
insert into STATION values (4656, '-', 957, 511806.13, 755425.10, 15.67);
insert into STATION values (4657, '-', 957, 511806.56, 755425.01, 15.70);
insert into STATION values (4658, '-', 957, 511808.29, 755424.19, 15.77);
insert into STATION values (4659, '-', 957, 511809.06, 755424.16, 15.75);
insert into STATION values (4660, '-', 957, 511809.66, 755424.35, 15.70);
insert into STATION values (4661, '-', 957, 511810.41, 755424.54, 15.72);
insert into STATION values (4662, '-', 957, 511810.84, 755424.78, 15.66);
insert into STATION values (4663, '-', 957, 511811.10, 755424.89, 15.68);
insert into STATION values (4664, '-', 957, 511803.92, 755425.17, 15.79);
insert into STATION values (4665, '-', 957, 511803.96, 755425.55, 15.72);
insert into STATION values (4666, '-', 957, 511804.14, 755426.01, 15.66);
insert into STATION values (4667, '-', 957, 511804.38, 755426.26, 15.64);
insert into STATION values (4668, '-', 957, 511804.52, 755426.37, 15.70);
insert into STATION values (4669, '4.12', 957, 511807.60, 755425.67, 14.76);
insert into STATION values (4670, '-', 957, 511807.99, 755425.31, 14.49);
insert into STATION values (4671, '-', 957, 511807.42, 755425.54, 14.37);
insert into STATION values (4672, '-', 957, 511803.68, 755425.18, 16.06);
insert into STATION values (4673, '-', 957, 511803.73, 755425.60, 15.99);
insert into STATION values (4674, '-', 957, 511805.49, 755426.52, 15.68);
insert into STATION values (4675, '-', 957, 511805.86, 755426.47, 15.55);
insert into STATION values (4676, '-', 957, 511806.15, 755426.52, 15.51);
insert into STATION values (4677, '-', 957, 511806.77, 755426.42, 15.45);
insert into STATION values (4678, '-', 957, 511807.36, 755426.31, 15.27);
insert into STATION values (4679, '-', 957, 511807.84, 755426.21, 15.30);
insert into STATION values (4680, '-', 957, 511808.06, 755426.14, 15.30);
insert into STATION values (4681, '-', 957, 511808.29, 755426.07, 15.25);
insert into STATION values (4682, '-', 957, 511808.52, 755425.87, 15.29);
insert into STATION values (4683, '-', 957, 511808.97, 755425.64, 15.30);
insert into STATION values (4684, '-', 957, 511809.13, 755425.60, 15.31);
insert into STATION values (4685, '-', 957, 511809.34, 755425.52, 15.33);
insert into STATION values (4686, '-', 957, 511809.32, 755425.09, 14.69);
insert into STATION values (4687, '-', 957, 511808.11, 755425.37, 14.68);
insert into STATION values (4688, '-', 957, 511806.80, 755426.02, 14.81);
insert into STATION values (4689, '-', 957, 511805.99, 755426.15, 15.01);
insert into STATION values (4690, '-', 957, 511804.93, 755426.30, 15.19);
insert into STATION values (4691, '-', 957, 511809.07, 755424.48, 14.79);
insert into STATION values (4692, '-', 957, 511808.46, 755424.56, 14.78);
insert into STATION values (4693, '-', 957, 511807.78, 755424.73, 14.66);
insert into STATION values (4694, '-', 957, 511807.32, 755425.10, 14.64);
insert into STATION values (4695, '-', 957, 511806.98, 755425.31, 14.75);
insert into STATION values (4696, '-', 957, 511805.77, 755425.53, 14.97);
insert into STATION values (4697, '-', 957, 511805.55, 755425.55, 15.01);
insert into STATION values (4698, '-', 957, 511805.53, 755425.59, 14.97);
insert into STATION values (4699, '-', 957, 511807.63, 755424.12, 14.82);
insert into STATION values (4700, '-', 957, 511807.31, 755423.12, 14.87);
insert into STATION values (4701, '-', 957, 511806.87, 755421.56, 14.81);
insert into STATION values (4702, '-', 957, 511805.86, 755421.11, 14.77);
insert into STATION values (4703, '-', 957, 511805.88, 755421.58, 14.66);
insert into STATION values (4704, '-', 957, 511806.36, 755422.83, 14.82);
insert into STATION values (4705, '-', 957, 511806.44, 755423.42, 14.73);
insert into STATION values (4706, '-', 957, 511806.62, 755423.97, 14.76);
insert into STATION values (4707, '-', 957, 511806.67, 755424.26, 14.81);
insert into STATION values (4708, '-', 957, 511806.91, 755424.84, 14.80);
insert into STATION values (4709, '4.13', 957, 511805.93, 755420.64, 15.19);
insert into STATION values (4710, '-', 957, 511805.47, 755420.36, 14.84);
insert into STATION values (4711, '-', 957, 511805.11, 755420.28, 14.87);
insert into STATION values (4712, '-', 957, 511804.85, 755420.20, 14.91);
insert into STATION values (4713, '-', 957, 511804.09, 755419.92, 14.76);
insert into STATION values (4714, '-', 957, 511803.83, 755419.92, 14.71);
insert into STATION values (4715, '4.14', 957, 511805.22, 755421.17, 16.17);
insert into STATION values (4716, '-', 957, 511805.64, 755421.59, 14.94);
insert into STATION values (4717, '-', 957, 511805.41, 755422.05, 14.88);
insert into STATION values (4718, '-', 957, 511805.28, 755422.52, 15.07);
insert into STATION values (4719, '-', 957, 511805.16, 755424.62, 14.47);
insert into STATION values (4720, '-', 957, 511804.99, 755424.96, 14.47);
insert into STATION values (4721, '-', 957, 511805.04, 755421.35, 15.08);
insert into STATION values (4722, '-', 957, 511805.01, 755421.65, 15.12);
insert into STATION values (4723, '-', 957, 511804.81, 755422.51, 14.81);
insert into STATION values (4724, '-', 957, 511804.91, 755423.23, 15.00);
insert into STATION values (4725, '-', 957, 511804.98, 755423.64, 15.02);
insert into STATION values (4726, '-', 957, 511804.90, 755423.84, 15.19);
insert into STATION values (4727, '-', 957, 511805.04, 755423.69, 14.90);
insert into STATION values (4728, '4.15', 957, 511805.01, 755423.82, 14.82);
insert into STATION values (4729, '-', 957, 511804.82, 755426.49, 13.48);
insert into STATION values (4730, '-', 957, 511804.23, 755424.94, 14.74);
insert into STATION values (4731, '-', 957, 511804.25, 755425.39, 14.71);
insert into STATION values (4732, '-', 957, 511804.41, 755425.74, 14.64);
insert into STATION values (4733, '-', 957, 511804.58, 755426.11, 14.53);
insert into STATION values (4734, '-', 957, 511804.83, 755424.04, 14.80);
insert into STATION values (4735, '-', 957, 511804.77, 755424.20, 14.85);
insert into STATION values (4736, '4.16', 957, 511810.41, 755424.75, 15.48);
insert into STATION values (4737, '-', 957, 511811.64, 755428.62, 14.69);
insert into STATION values (4738, '-', 957, 511811.73, 755427.97, 14.89);
insert into STATION values (4739, '-', 957, 511811.16, 755426.46, 15.16);
insert into STATION values (4740, '-', 957, 511811.14, 755426.32, 15.18);
insert into STATION values (4741, '-', 957, 511811.12, 755426.01, 15.24);
insert into STATION values (4742, '-', 957, 511811.14, 755425.69, 15.26);
insert into STATION values (4743, '-', 957, 511811.06, 755425.23, 15.31);
insert into STATION values (4744, '-', 957, 511809.77, 755429.49, 14.60);
insert into STATION values (4745, '-', 957, 511809.71, 755427.96, 14.96);
insert into STATION values (4746, '-', 957, 511809.65, 755427.22, 15.08);
insert into STATION values (4747, '-', 957, 511809.57, 755426.75, 15.11);
insert into STATION values (4748, '-', 957, 511809.46, 755425.99, 15.32);
insert into STATION values (4749, '-', 957, 511809.44, 755425.58, 15.38);
insert into STATION values (4750, '-', 957, 511809.98, 755426.41, 14.78);
insert into STATION values (4751, '-', 957, 511810.04, 755426.16, 14.74);
insert into STATION values (4752, '-', 957, 511810.28, 755425.92, 14.73);
insert into STATION values (4753, '-', 957, 511810.47, 755426.01, 14.69);
insert into STATION values (4754, '-', 957, 511810.73, 755426.70, 14.61);
insert into STATION values (4755, '-', 957, 511810.68, 755427.29, 14.58);
insert into STATION values (4756, '-', 957, 511810.68, 755427.56, 14.61);
insert into STATION values (4757, '-', 957, 511809.95, 755426.94, 14.71);
insert into STATION values (4758, '4.17', 957, 511810.67, 755427.94, 14.48);
insert into STATION values (4759, '-', 957, 511811.69, 755428.85, 14.50);
insert into STATION values (4760, '-', 957, 511809.94, 755427.23, 13.31);
insert into STATION values (4761, '-', 957, 511810.22, 755427.29, 13.31);
insert into STATION values (4762, '-', 957, 511810.09, 755427.31, 13.30);
insert into STATION values (4763, '-', 957, 511809.86, 755427.59, 13.31);
insert into STATION values (4764, '-', 957, 511809.92, 755428.99, 13.33);
insert into STATION values (4765, '-', 957, 511810.32, 755429.52, 13.32);
insert into STATION values (4766, '-', 957, 511810.35, 755429.76, 13.33);
insert into STATION values (4767, '2.1', 991, 511775.44, 755407.76, 15.38);
insert into STATION values (4768, '-', 991, 511774.14, 755406.29, 15.80);
insert into STATION values (4769, '-', 991, 511774.39, 755406.15, 15.78);
insert into STATION values (4770, '-', 991, 511774.86, 755406.40, 15.72);
insert into STATION values (4771, '-', 991, 511775.23, 755406.68, 15.66);
insert into STATION values (4772, '-', 991, 511775.64, 755406.89, 15.60);
insert into STATION values (4773, '-', 991, 511775.82, 755408.12, 15.48);
insert into STATION values (4774, '-', 991, 511775.78, 755408.59, 15.58);
insert into STATION values (4775, '-', 991, 511775.73, 755408.80, 15.58);
insert into STATION values (4776, '-', 991, 511775.73, 755409.19, 15.61);
insert into STATION values (4777, '-', 991, 511775.66, 755409.54, 15.60);
insert into STATION values (4778, '-', 991, 511775.00, 755408.07, 15.85);
insert into STATION values (4779, '-', 991, 511775.67, 755409.03, 15.36);
insert into STATION values (4780, '2.2', 991, 511776.50, 755408.54, 14.29);
insert into STATION values (4781, '-', 991, 511775.10, 755410.27, 15.93);
insert into STATION values (4782, '-', 991, 511775.31, 755410.41, 15.88);
insert into STATION values (4783, '-', 991, 511775.71, 755410.19, 15.68);
insert into STATION values (4784, '-', 991, 511775.94, 755409.97, 15.49);
insert into STATION values (4785, '-', 991, 511776.10, 755409.88, 15.48);
insert into STATION values (4786, '-', 991, 511776.39, 755409.92, 15.58);
insert into STATION values (4787, '-', 991, 511775.41, 755411.29, 14.98);
insert into STATION values (4788, '-', 991, 511775.60, 755411.42, 14.96);
insert into STATION values (4789, '-', 991, 511776.04, 755411.58, 14.94);
insert into STATION values (4790, '-', 991, 511776.41, 755411.85, 14.93);
insert into STATION values (4791, '-', 991, 511776.82, 755412.05, 14.86);
insert into STATION values (4792, '-', 991, 511777.22, 755411.98, 14.87);
insert into STATION values (4793, '-', 991, 511779.89, 755406.26, 14.58);
insert into STATION values (4794, '-', 991, 511779.90, 755406.74, 14.57);
insert into STATION values (4795, '-', 991, 511779.96, 755407.01, 14.46);
insert into STATION values (4796, '-', 991, 511780.07, 755407.54, 14.34);
insert into STATION values (4797, '-', 991, 511780.21, 755407.95, 14.23);
insert into STATION values (4798, '-', 991, 511780.19, 755408.22, 14.16);
insert into STATION values (4799, '-', 991, 511780.22, 755408.31, 14.13);
insert into STATION values (4800, '-', 991, 511779.43, 755406.17, 14.51);
insert into STATION values (4801, '-', 991, 511778.47, 755406.08, 14.50);
insert into STATION values (4802, '-', 991, 511777.62, 755405.88, 14.46);
insert into STATION values (4803, '-', 991, 511777.31, 755405.67, 14.56);
insert into STATION values (4804, '-', 991, 511776.92, 755405.47, 14.62);
insert into STATION values (4805, '-', 991, 511776.34, 755405.19, 14.66);
insert into STATION values (4806, '-', 991, 511775.97, 755405.02, 14.70);
insert into STATION values (4807, '-', 991, 511775.64, 755404.73, 14.81);
insert into STATION values (4808, '-', 991, 511774.76, 755404.66, 15.23);
insert into STATION values (4809, '-', 991, 511775.63, 755406.82, 14.78);
insert into STATION values (4810, '-', 991, 511775.60, 755407.07, 14.78);
insert into STATION values (4811, '-', 991, 511775.86, 755407.44, 14.23);
insert into STATION values (4812, '-', 991, 511776.05, 755407.67, 14.16);
insert into STATION values (4813, '-', 991, 511776.24, 755407.70, 14.12);
insert into STATION values (4814, '-', 991, 511776.47, 755408.03, 14.12);
insert into STATION values (4815, '-', 991, 511776.54, 755408.23, 14.12);
insert into STATION values (4816, '-', 991, 511776.80, 755406.95, 14.28);
insert into STATION values (4817, '-', 991, 511777.08, 755407.24, 14.19);
insert into STATION values (4818, '-', 991, 511777.01, 755407.87, 14.22);
insert into STATION values (4819, '-', 991, 511777.22, 755408.17, 14.09);
insert into STATION values (4820, '-', 991, 511777.15, 755408.55, 14.24);
insert into STATION values (4821, '-', 991, 511777.29, 755406.22, 14.16);
insert into STATION values (4822, '-', 991, 511777.75, 755406.18, 14.14);
insert into STATION values (4823, '-', 991, 511778.17, 755406.37, 14.11);
insert into STATION values (4824, '-', 991, 511778.54, 755406.69, 14.10);
insert into STATION values (4825, '-', 991, 511778.91, 755407.16, 14.10);
insert into STATION values (4826, '-', 991, 511779.23, 755407.49, 14.10);
insert into STATION values (4827, '-', 991, 511779.41, 755407.63, 14.10);
insert into STATION values (4828, '-', 991, 511780.05, 755408.32, 14.08);
insert into STATION values (4829, '2.3', 991, 511777.86, 755408.74, 14.65);
insert into STATION values (4830, '2.4', 991, 511779.57, 755410.97, 14.13);
insert into STATION values (4831, '-', 991, 511778.75, 755409.15, 14.16);
insert into STATION values (4832, '-', 991, 511779.55, 755409.60, 14.12);
insert into STATION values (4833, '-', 991, 511780.16, 755409.93, 14.14);
insert into STATION values (4834, '-', 991, 511780.34, 755410.09, 14.13);
insert into STATION values (4835, '-', 991, 511780.81, 755410.41, 14.12);
insert into STATION values (4836, '-', 991, 511781.37, 755410.47, 14.11);
insert into STATION values (4837, '-', 991, 511781.63, 755410.63, 14.19);
insert into STATION values (4838, '-', 991, 511782.40, 755410.77, 14.18);
insert into STATION values (4839, '-', 991, 511782.39, 755411.08, 14.16);
insert into STATION values (4840, '-', 991, 511776.59, 755411.87, 14.76);
insert into STATION values (4841, '-', 991, 511776.85, 755412.05, 14.72);
insert into STATION values (4842, '-', 991, 511777.75, 755412.10, 14.61);
insert into STATION values (4843, '-', 991, 511778.02, 755412.43, 14.60);
insert into STATION values (4844, '-', 991, 511778.57, 755412.76, 14.54);
insert into STATION values (4845, '-', 991, 511778.87, 755413.15, 14.47);
insert into STATION values (4846, '-', 991, 511779.06, 755414.17, 14.44);
insert into STATION values (4847, '-', 991, 511779.60, 755414.19, 14.33);
insert into STATION values (4848, '-', 991, 511780.26, 755414.22, 14.30);
insert into STATION values (4849, '-', 991, 511777.66, 755410.38, 14.06);
insert into STATION values (4850, '-', 991, 511777.90, 755410.71, 14.06);
insert into STATION values (4851, '-', 991, 511778.25, 755411.13, 14.06);
insert into STATION values (4852, '-', 991, 511778.61, 755411.55, 14.08);
insert into STATION values (4853, '-', 991, 511779.03, 755412.05, 14.13);
insert into STATION values (4854, '-', 991, 511779.47, 755412.67, 14.10);
insert into STATION values (4855, '-', 991, 511780.70, 755412.99, 14.06);
insert into STATION values (4856, '-', 991, 511781.50, 755414.10, 14.06);
insert into STATION values (4857, '-', 991, 511777.68, 755409.79, 14.09);
insert into STATION values (4858, '-', 991, 511777.84, 755409.38, 14.04);
insert into STATION values (4859, '-', 991, 511777.70, 755408.93, 14.04);
insert into STATION values (4860, '-', 991, 511777.69, 755408.69, 14.06);
insert into STATION values (4861, '-', 991, 511780.20, 755410.02, 14.08);
insert into STATION values (4862, '-', 991, 511780.14, 755410.12, 14.24);
insert into STATION values (4863, '-', 991, 511780.12, 755410.16, 14.29);
insert into STATION values (4864, '-', 991, 511779.89, 755410.51, 14.38);
insert into STATION values (4865, '-', 991, 511779.82, 755410.64, 14.45);
insert into STATION values (4866, '-', 991, 511779.72, 755410.89, 14.70);
insert into STATION values (4867, '-', 991, 511779.58, 755411.23, 14.85);
insert into STATION values (4868, '-', 991, 511779.43, 755411.50, 14.94);
insert into STATION values (4869, '-', 991, 511779.10, 755412.05, 15.29);
insert into STATION values (4870, '-', 991, 511779.20, 755412.10, 14.79);
insert into STATION values (4871, '-', 991, 511779.17, 755412.05, 14.62);
insert into STATION values (4872, '-', 991, 511778.86, 755412.70, 14.57);
insert into STATION values (4873, '-', 991, 511778.86, 755412.59, 14.44);
insert into STATION values (4874, '-', 991, 511779.04, 755412.22, 14.31);
insert into STATION values (4875, '-', 991, 511779.05, 755412.22, 14.18);
insert into STATION values (4876, '2.5', 991, 511780.68, 755413.16, 14.53);
insert into STATION values (4877, '2.6', 991, 511773.76, 755407.98, 16.95);
insert into STATION values (4878, '2.7', 991, 511772.19, 755409.38, 17.73);
insert into STATION values (4879, '3.0', 991, 511779.81, 755413.28, 15.35);
insert into STATION values (4880, '3.1', 991, 511779.57, 755415.12, 15.53);
insert into STATION values (4881, '-', 991, 511779.84, 755414.69, 15.55);
insert into STATION values (4882, '-', 991, 511779.29, 755414.13, 15.50);
insert into STATION values (4883, '-', 991, 511779.28, 755414.33, 15.53);
insert into STATION values (4884, '-', 991, 511779.14, 755414.74, 15.51);
insert into STATION values (4885, '-', 991, 511779.04, 755415.06, 15.35);
insert into STATION values (4886, '-', 991, 511779.28, 755415.15, 15.42);
insert into STATION values (4887, '-', 991, 511779.41, 755415.29, 15.32);
insert into STATION values (4888, '-', 991, 511779.65, 755415.31, 15.34);
insert into STATION values (4889, '-', 991, 511779.87, 755415.33, 15.22);
insert into STATION values (4890, '-', 991, 511779.82, 755414.33, 15.21);
insert into STATION values (4891, '-', 991, 511779.83, 755414.54, 15.29);
insert into STATION values (4892, '-', 991, 511779.85, 755414.70, 15.38);
insert into STATION values (4893, '-', 991, 511780.11, 755414.80, 15.46);
insert into STATION values (4894, '-', 991, 511780.33, 755414.90, 15.44);
insert into STATION values (4895, '-', 991, 511780.55, 755415.06, 15.43);
insert into STATION values (4896, '-', 991, 511780.80, 755415.34, 15.30);
insert into STATION values (4897, '-', 991, 511780.86, 755415.67, 15.27);
insert into STATION values (4898, '-', 991, 511780.83, 755415.83, 15.27);
insert into STATION values (4899, '3.1', 1014, 511779.57, 755415.12, 15.53);
insert into STATION values (4900, '3.2', 1014, 511780.73, 755415.42, 15.21);
insert into STATION values (4901, '-', 1014, 511780.31, 755415.69, 15.28);
insert into STATION values (4902, '-', 1014, 511780.22, 755416.08, 15.23);
insert into STATION values (4903, '-', 1014, 511780.30, 755416.31, 15.24);
insert into STATION values (4904, '-', 1014, 511780.44, 755416.70, 15.24);
insert into STATION values (4905, '-', 1014, 511780.66, 755417.03, 15.26);
insert into STATION values (4906, '-', 1014, 511780.80, 755417.09, 15.32);
insert into STATION values (4907, '-', 1014, 511780.18, 755415.50, 15.43);
insert into STATION values (4908, '-', 1014, 511780.02, 755415.43, 15.49);
insert into STATION values (4909, '-', 1014, 511779.90, 755415.35, 15.53);
insert into STATION values (4910, '-', 1014, 511780.84, 755415.70, 15.14);
insert into STATION values (4911, '-', 1014, 511780.80, 755415.94, 15.14);
insert into STATION values (4912, '-', 1014, 511780.78, 755416.02, 15.22);
insert into STATION values (4913, '3.3', 1014, 511780.59, 755416.84, 15.57);
insert into STATION values (4914, '-', 1014, 511780.83, 755417.06, 15.59);
insert into STATION values (4915, '-', 1014, 511781.33, 755417.30, 15.69);
insert into STATION values (4916, '-', 1014, 511781.61, 755417.36, 15.81);
insert into STATION values (4917, '-', 1014, 511781.83, 755417.45, 15.80);
insert into STATION values (4918, '-', 1014, 511781.99, 755417.49, 15.80);
insert into STATION values (4919, '-', 1014, 511782.62, 755417.70, 16.03);
insert into STATION values (4920, '-', 1014, 511782.34, 755417.37, 15.92);
insert into STATION values (4921, '-', 1014, 511781.76, 755416.90, 15.81);
insert into STATION values (4922, '-', 1014, 511781.16, 755416.72, 15.73);
insert into STATION values (4923, '-', 1014, 511781.06, 755416.64, 15.77);
insert into STATION values (4924, '-', 1014, 511780.92, 755416.45, 15.76);
insert into STATION values (4925, '-', 1014, 511780.83, 755416.20, 15.62);
insert into STATION values (4926, '-', 1014, 511780.63, 755415.24, 15.38);
insert into STATION values (4927, '-', 1014, 511780.72, 755415.16, 14.72);
insert into STATION values (4928, '-', 1014, 511781.85, 755416.66, 14.37);
insert into STATION values (4929, '-', 1014, 511780.70, 755416.75, 16.10);
insert into STATION values (4930, '-', 1014, 511780.88, 755416.64, 16.10);
insert into STATION values (4931, '-', 1014, 511781.10, 755416.38, 15.98);
insert into STATION values (4932, '-', 1014, 511781.00, 755416.57, 15.75);
insert into STATION values (4933, '-', 1014, 511780.98, 755416.61, 15.53);
insert into STATION values (4934, '-', 1014, 511781.03, 755416.60, 15.26);
insert into STATION values (4935, '-', 1014, 511781.04, 755416.46, 14.70);
insert into STATION values (4936, '-', 1014, 511781.01, 755416.41, 14.44);
insert into STATION values (4937, '-', 1014, 511780.92, 755416.55, 14.31);
insert into STATION values (4938, '-', 1014, 511780.65, 755416.84, 14.36);
insert into STATION values (4939, '-', 1014, 511780.57, 755416.89, 15.08);
insert into STATION values (4940, '-', 1014, 511780.54, 755416.93, 15.25);
insert into STATION values (4941, '-', 1014, 511780.55, 755416.93, 15.35);
insert into STATION values (4942, '3.4', 1014, 511782.43, 755417.63, 15.47);
insert into STATION values (4943, '-', 1014, 511781.67, 755417.40, 15.37);
insert into STATION values (4944, '-', 1014, 511782.04, 755417.62, 15.43);
insert into STATION values (4945, '-', 1014, 511782.16, 755417.78, 15.45);
insert into STATION values (4946, '-', 1014, 511782.23, 755418.00, 15.46);
insert into STATION values (4947, '-', 1014, 511782.38, 755418.46, 15.54);
insert into STATION values (4948, '-', 1014, 511782.72, 755418.95, 15.80);
insert into STATION values (4949, '-', 1014, 511783.02, 755419.20, 15.87);
insert into STATION values (4950, '-', 1014, 511783.18, 755419.29, 15.89);
insert into STATION values (4951, '-', 1014, 511783.27, 755419.36, 15.91);
insert into STATION values (4952, '-', 1014, 511782.77, 755418.41, 15.92);
insert into STATION values (4953, '-', 1014, 511782.71, 755418.10, 15.84);
insert into STATION values (4954, '-', 1014, 511782.26, 755417.18, 15.29);
insert into STATION values (4955, '-', 1014, 511782.17, 755417.10, 15.26);
insert into STATION values (4956, '3.5', 1014, 511782.67, 755418.90, 16.06);
insert into STATION values (4957, '-', 1014, 511783.88, 755419.79, 16.04);
insert into STATION values (4958, '-', 1014, 511784.50, 755419.91, 16.05);
insert into STATION values (4959, '-', 1014, 511784.97, 755419.87, 16.11);
insert into STATION values (4960, '-', 1014, 511785.36, 755419.86, 16.11);
insert into STATION values (4961, '-', 1014, 511783.45, 755419.02, 16.00);
insert into STATION values (4962, '-', 1014, 511783.20, 755418.88, 16.01);
insert into STATION values (4963, '-', 1014, 511782.94, 755418.71, 16.02);
insert into STATION values (4964, '-', 1014, 511782.84, 755418.55, 16.02);
insert into STATION values (4965, '-', 1014, 511782.78, 755418.39, 16.03);
insert into STATION values (4966, 'A1', 1033, 511812.59, 755432.03, 13.33);
insert into STATION values (4967, 'A2', 1033, 511832.09, 755443.40, 12.33);
insert into STATION values (4968, 'A3', 1033, 511836.09, 755447.22, 11.33);
insert into STATION values (4969, 'A4', 1033, 511854.43, 755456.39, 12.33);
insert into STATION values (4970, 'A5', 1033, 511855.71, 755457.51, 13.33);
insert into STATION values (4971, 'A6', 1033, 511852.84, 755462.78, 14.33);
insert into STATION values (4972, 'A7', 1033, 511866.04, 755446.54, 14.33);
insert into STATION values (4973, 'A8', 1033, 511866.86, 755446.23, 12.33);
insert into STATION values (4974, 'A9', 1033, 511868.83, 755447.22, 11.33);
insert into STATION values (4975, 'A10', 1033, 511875.54, 755438.64, 12.33);
insert into STATION values (4976, 'A11', 1033, 511889.89, 755439.06, 13.33);
insert into STATION values (4977, 'A12', 1033, 511891.88, 755439.32, 14.33);
insert into STATION values (4978, 'A13', 1033, 511883.32, 755445.95, 14.33);
insert into STATION values (4979, 'A14', 1033, 511900.10, 755439.15, 14.33);
insert into STATION values (4980, 'A15', 1033, 511906.23, 755441.99, 14.33);
insert into STATION values (4981, 'A16', 1033, 511917.98, 755442.34, 14.33);
insert into STATION values (4982, 'A19', 1033, 511901.27, 755434.33, 15.33);
insert into STATION values (4983, 'A17', 1033, 511917.70, 755437.41, 15.33);
insert into STATION values (4984, 'A18', 1033, 511908.12, 755434.71, 15.33);
insert into STATION values (4985, 'A20', 1033, 511888.76, 755428.23, 15.33);
insert into STATION values (4986, 'A21', 1033, 511899.55, 755420.18, 15.33);
insert into STATION values (4987, 'A22', 1033, 511897.68, 755417.00, 15.33);
insert into STATION values (4988, 'A23', 1033, 511884.63, 755425.14, 15.33);
insert into STATION values (4989, 'A24', 1033, 511881.77, 755433.26, 15.33);
insert into STATION values (4990, 'A25', 1033, 511923.83, 755443.71, 14.33);
insert into STATION values (4991, 'A26', 1033, 511923.79, 755449.52, 14.33);
insert into STATION values (4992, 'A27', 1033, 511927.61, 755444.50, 13.33);
insert into STATION values (4993, 'A28', 1033, 511934.74, 755451.39, 11.33);
insert into STATION values (4994, 'A29', 1033, 511951.06, 755442.49, 13.33);
insert into STATION values (4995, 'A30', 1033, 511975.00, 755444.29, 13.33);
insert into STATION values (4996, 'A31', 1033, 511998.55, 755462.82, 11.33);
insert into STATION values (4997, 'A32', 1033, 512004.12, 755457.42, 11.33);
insert into STATION values (4998, 'A33', 1033, 512012.80, 755464.98, 13.33);
insert into STATION values (4999, 'A34', 1033, 512020.56, 755466.48, 14.33);
insert into STATION values (5000, 'A35', 1033, 512027.65, 755462.94, 13.33);
insert into STATION values (5001, 'A36', 1033, 512051.36, 755444.26, 11.33);
insert into STATION values (5002, 'A37', 1033, 512075.83, 755424.19, 13.33);
insert into STATION values (5003, 'A38', 1033, 512077.97, 755423.25, 14.33);
insert into STATION values (5004, 'A39', 1033, 512075.99, 755426.68, 14.33);
insert into STATION values (5005, 'A40', 1033, 512081.44, 755419.28, 14.33);
insert into STATION values (5006, 'A41', 1033, 512097.90, 755421.70, 13.33);
insert into STATION values (5007, 'A42', 1033, 512114.20, 755431.51, 12.33);
insert into STATION values (5008, 'A43', 1033, 512121.94, 755421.55, 13.33);
insert into STATION values (5009, 'A44', 1033, 512137.11, 755447.88, 10.33);
insert into STATION values (5010, 'A45', 1033, 512141.87, 755457.20, 8.33);
insert into STATION values (5011, 'A46', 1033, 512154.39, 755462.41, 5.33);
insert into STATION values (5012, 'A47', 1033, 512174.21, 755456.56, 2.33);
insert into STATION values (5013, 'A48', 1033, 512197.62, 755473.36, 0.33);
insert into STATION values (5014, 'A49', 1033, 512215.64, 755452.09, 6.33);
insert into STATION values (5015, 'A50', 1033, 512225.20, 755443.98, 10.33);
insert into STATION values (5016, 'A51', 1033, 512238.56, 755426.64, 13.33);
insert into STATION values (5017, 'A52', 1033, 512255.19, 755402.24, 14.33);
insert into STATION values (5018, 'A53', 1033, 512267.62, 755400.01, 13.33);
insert into STATION values (5019, 'A54', 1033, 512270.79, 755399.87, 12.33);
insert into STATION values (5020, '1.0', 1148, 514523.00, 755571.00, 44.00);
insert into STATION_FLAG values(5020, 'ent');
insert into STATION_FLAG values(5020, 'fix');
insert into STATION values (5021, '-', 1148, 514524.34, 755570.18, 43.93);
insert into STATION values (5022, '-', 1148, 514521.83, 755571.72, 43.55);
insert into STATION values (5023, '-', 1148, 514522.30, 755572.15, 43.43);
insert into STATION values (5024, '-', 1148, 514522.58, 755572.64, 43.34);
insert into STATION values (5025, '-', 1148, 514522.73, 755573.08, 43.34);
insert into STATION values (5026, '-', 1148, 514523.48, 755575.26, 42.96);
insert into STATION values (5027, '-', 1148, 514523.78, 755574.90, 43.03);
insert into STATION values (5028, '-', 1148, 514523.64, 755573.80, 43.26);
insert into STATION values (5029, '-', 1148, 514523.55, 755572.93, 43.41);
insert into STATION values (5030, '-', 1148, 514523.58, 755572.59, 43.47);
insert into STATION values (5031, '-', 1148, 514523.61, 755571.97, 43.50);
insert into STATION values (5032, '-', 1148, 514523.62, 755571.54, 43.54);
insert into STATION values (5033, '-', 1148, 514526.56, 755569.50, 43.38);
insert into STATION values (5034, '1.1', 1148, 514523.64, 755571.56, 43.60);
insert into STATION values (5035, '-', 1148, 514527.43, 755567.72, 43.19);
insert into STATION values (5036, '-', 1148, 514527.28, 755568.36, 43.15);
insert into STATION values (5037, '-', 1148, 514526.97, 755568.94, 43.15);
insert into STATION values (5038, '-', 1148, 514526.07, 755568.96, 43.34);
insert into STATION values (5039, '-', 1148, 514525.85, 755569.10, 43.34);
insert into STATION values (5040, '-', 1148, 514525.15, 755569.30, 43.75);
insert into STATION values (5041, '1.2', 1148, 514523.53, 755575.16, 42.93);
insert into STATION values (5042, '-', 1148, 514523.16, 755576.00, 43.09);
insert into STATION values (5043, '-', 1148, 514522.96, 755576.07, 43.08);
insert into STATION values (5044, '-', 1148, 514522.33, 755576.53, 43.06);
insert into STATION values (5045, '-', 1148, 514521.77, 755576.95, 43.04);
insert into STATION values (5046, '-', 1148, 514518.71, 755577.06, 43.06);
insert into STATION values (5047, '-', 1148, 514519.31, 755576.59, 42.97);
insert into STATION values (5048, '-', 1148, 514519.64, 755576.25, 42.96);
insert into STATION values (5049, '-', 1148, 514520.01, 755575.95, 42.95);
insert into STATION values (5050, '-', 1148, 514520.44, 755575.71, 42.90);
insert into STATION values (5051, '-', 1148, 514521.21, 755575.28, 42.96);
insert into STATION values (5052, '-', 1148, 514521.59, 755574.89, 42.97);
insert into STATION values (5053, '-', 1148, 514521.85, 755574.47, 43.02);
insert into STATION values (5054, '-', 1148, 514522.03, 755574.12, 43.05);
insert into STATION values (5055, '-', 1148, 514522.68, 755574.07, 43.13);
insert into STATION values (5056, '-', 1148, 514522.79, 755573.87, 43.17);
insert into STATION values (5057, '-', 1148, 514522.88, 755573.79, 43.20);
insert into STATION values (5058, '-', 1148, 514522.82, 755573.49, 43.21);
insert into STATION values (5059, '-', 1148, 514523.62, 755575.25, 43.16);
insert into STATION values (5060, '-', 1148, 514523.55, 755575.17, 43.35);
insert into STATION values (5061, '-', 1148, 514523.43, 755575.06, 43.71);
insert into STATION values (5062, '-', 1148, 514523.05, 755574.77, 43.89);
insert into STATION values (5063, '-', 1148, 514522.77, 755574.57, 43.74);
insert into STATION values (5064, '-', 1148, 514522.66, 755574.49, 43.54);
insert into STATION values (5065, '-', 1148, 514522.39, 755574.36, 43.44);
insert into STATION values (5066, '-', 1148, 514522.01, 755574.20, 43.31);
insert into STATION values (5067, '-', 1148, 514521.88, 755574.11, 43.01);
insert into STATION values (5068, '-', 1148, 514522.31, 755574.37, 42.83);
insert into STATION values (5069, '-', 1148, 514522.55, 755574.50, 42.80);
insert into STATION values (5070, '-', 1148, 514522.75, 755574.67, 42.72);
insert into STATION values (5071, '-', 1148, 514523.11, 755574.97, 42.71);
insert into STATION values (5072, '-', 1148, 514523.31, 755575.06, 42.73);
insert into STATION values (5073, '1.3', 1148, 514519.47, 755576.64, 42.86);
insert into STATION values (5074, '-', 1148, 514518.79, 755576.96, 43.00);
insert into STATION values (5075, '-', 1148, 514518.50, 755577.33, 43.14);
insert into STATION values (5076, '-', 1148, 514522.16, 755576.53, 43.08);
insert into STATION values (5077, '-', 1148, 514521.51, 755577.12, 43.04);
insert into STATION values (5078, '-', 1148, 514521.31, 755577.88, 43.04);
insert into STATION values (5079, '-', 1148, 514521.24, 755579.10, 43.08);
insert into STATION values (5080, '-', 1148, 514520.47, 755579.93, 43.15);
insert into STATION values (5081, '-', 1148, 514519.94, 755580.43, 43.27);
insert into STATION values (5082, '-', 1148, 514519.34, 755580.75, 43.20);
insert into STATION values (5083, '-', 1148, 514518.55, 755581.20, 43.29);
insert into STATION values (5084, '-', 1148, 514517.75, 755581.64, 43.39);
insert into STATION values (5085, '-', 1148, 514516.82, 755582.13, 43.37);
insert into STATION values (5086, '-', 1148, 514516.03, 755582.06, 43.25);
insert into STATION values (5087, '-', 1148, 514514.29, 755583.55, 43.45);
insert into STATION values (5088, '1.4', 1148, 514515.20, 755580.52, 43.03);
insert into STATION values (5089, '-', 1148, 514518.14, 755577.52, 42.95);
insert into STATION values (5090, '-', 1148, 514516.97, 755578.18, 42.96);
insert into STATION values (5091, '-', 1148, 514516.33, 755578.50, 42.94);
insert into STATION values (5092, '-', 1148, 514515.55, 755579.13, 43.00);
insert into STATION values (5093, '-', 1148, 514514.68, 755579.33, 42.94);
insert into STATION values (5094, '-', 1148, 514514.09, 755579.84, 42.88);
insert into STATION values (5095, '-', 1148, 514513.75, 755580.47, 42.97);
insert into STATION values (5096, '-', 1148, 514513.19, 755581.11, 42.85);
insert into STATION values (5097, '-', 1148, 514511.20, 755582.47, 42.00);
insert into STATION values (5098, '-', 1148, 514512.27, 755584.00, 42.15);
insert into STATION values (5099, '-', 1148, 514513.27, 755584.52, 42.86);
insert into STATION values (5100, '-', 1148, 514515.00, 755582.95, 43.59);
insert into STATION values (5101, '-', 1148, 514515.09, 755582.82, 43.55);
insert into STATION values (5102, '-', 1148, 514515.18, 755582.63, 43.49);
insert into STATION values (5103, '-', 1148, 514515.30, 755582.58, 43.43);
insert into STATION values (5104, '-', 1148, 514515.57, 755581.96, 43.53);
insert into STATION values (5105, '1.5', 1148, 514514.60, 755584.33, 44.42);
insert into STATION values (5106, '-', 1148, 514514.25, 755583.57, 44.42);
insert into STATION values (5107, '-', 1148, 514514.97, 755583.42, 43.87);
insert into STATION values (5108, '-', 1148, 514515.12, 755583.86, 44.07);
insert into STATION values (5109, '-', 1148, 514515.39, 755584.36, 44.26);
insert into STATION values (5110, '-', 1148, 514515.77, 755585.11, 44.40);
insert into STATION values (5111, '-', 1148, 514516.29, 755586.34, 44.73);
insert into STATION values (5112, '-', 1148, 514516.39, 755586.83, 44.89);
insert into STATION values (5113, '-', 1148, 514516.80, 755587.75, 45.15);
insert into STATION values (5114, '-', 1148, 514516.86, 755588.10, 45.35);
insert into STATION values (5115, '-', 1148, 514514.61, 755584.59, 44.33);
insert into STATION values (5116, '-', 1148, 514514.82, 755585.16, 44.41);
insert into STATION values (5117, '-', 1148, 514515.30, 755585.87, 44.56);
insert into STATION values (5118, '-', 1148, 514515.51, 755586.07, 44.75);
insert into STATION values (5119, '1.6', 1148, 514516.55, 755587.24, 45.02);
insert into STATION values (5120, '-', 1148, 514514.75, 755584.79, 43.89);
insert into STATION values (5121, '-', 1148, 514515.30, 755585.80, 44.34);
insert into STATION values (5122, '-', 1148, 514515.84, 755586.80, 44.83);
insert into STATION values (5123, '-', 1148, 514515.89, 755587.30, 45.03);
insert into STATION values (5124, '-', 1148, 514515.95, 755587.66, 45.16);
insert into STATION values (5125, '-', 1148, 514516.00, 755587.86, 45.17);
insert into STATION values (5126, '-', 1148, 514516.01, 755588.12, 45.20);
insert into STATION values (5127, '-', 1148, 514515.92, 755588.42, 45.29);
insert into STATION values (5128, '-', 1148, 514515.90, 755588.51, 45.31);
insert into STATION values (5129, '-', 1148, 514516.83, 755588.49, 45.24);
insert into STATION values (5130, '-', 1148, 514516.79, 755587.91, 45.12);
insert into STATION values (5131, '-', 1148, 514516.66, 755589.06, 45.43);
insert into STATION values (5132, '1.7', 1148, 514516.09, 755589.18, 45.47);
insert into STATION values (5133, '-', 1148, 514515.80, 755588.80, 45.40);
insert into STATION values (5134, '-', 1148, 514515.58, 755589.12, 45.50);
insert into STATION values (5135, '-', 1148, 514515.49, 755589.48, 45.66);
insert into STATION values (5136, '-', 1148, 514515.43, 755589.61, 45.82);
insert into STATION values (5137, '-', 1148, 514515.66, 755589.55, 45.92);
insert into STATION values (5138, '-', 1148, 514515.33, 755589.99, 45.99);
insert into STATION values (5139, '-', 1148, 514515.37, 755590.16, 46.13);
insert into STATION values (5140, '-', 1148, 514515.16, 755590.76, 46.50);
insert into STATION values (5141, '-', 1148, 514515.84, 755590.66, 46.48);
insert into STATION values (5142, '-', 1148, 514516.41, 755590.08, 46.17);
insert into STATION values (5143, '-', 1148, 514516.55, 755589.69, 45.90);
insert into STATION values (5144, '-', 1148, 514516.61, 755589.21, 45.66);
insert into STATION values (5145, '-', 1148, 514516.63, 755589.07, 45.60);
insert into STATION values (5146, '1.8', 1148, 514512.78, 755582.70, 42.35);
insert into STATION values (5147, '-', 1148, 514511.63, 755581.98, 42.09);
insert into STATION values (5148, '-', 1148, 514511.36, 755582.19, 41.94);
insert into STATION values (5149, '-', 1148, 514510.26, 755582.75, 41.58);
insert into STATION values (5150, '-', 1148, 514509.24, 755583.40, 41.28);
insert into STATION values (5151, '-', 1148, 514509.08, 755583.73, 41.22);
insert into STATION values (5152, '-', 1148, 514510.09, 755585.65, 41.43);
insert into STATION values (5153, '-', 1148, 514511.51, 755584.28, 41.87);
insert into STATION values (5154, '-', 1148, 514511.86, 755584.09, 41.98);
insert into STATION values (5155, '-', 1148, 514512.03, 755584.04, 42.00);
insert into STATION values (5156, '1.9', 1148, 514509.43, 755584.66, 40.88);
insert into STATION values (5157, '-', 1148, 514508.81, 755583.92, 41.08);
insert into STATION values (5158, '-', 1148, 514507.77, 755584.14, 40.88);
insert into STATION values (5159, '-', 1148, 514507.50, 755584.72, 40.82);
insert into STATION values (5160, '-', 1148, 514506.86, 755585.80, 40.43);
insert into STATION values (5161, '-', 1148, 514506.63, 755586.32, 40.43);
insert into STATION values (5162, '1.10', 1148, 514508.88, 755586.21, 41.27);
insert into STATION values (5163, '-', 1148, 514505.49, 755587.79, 40.23);
insert into STATION values (5164, '-', 1148, 514508.55, 755586.30, 41.13);
insert into STATION values (5165, '-', 1148, 514506.06, 755587.70, 40.32);
insert into STATION values (5166, '-', 1148, 514507.12, 755587.26, 40.67);
insert into STATION values (5167, '-', 1148, 514507.70, 755587.11, 40.77);
insert into STATION values (5168, '-', 1148, 514508.20, 755587.15, 41.19);
insert into STATION values (5169, '-', 1148, 514508.39, 755587.41, 41.37);
insert into STATION values (5170, '-', 1148, 514508.74, 755587.61, 41.53);
insert into STATION values (5171, '-', 1148, 514510.29, 755589.07, 42.19);
insert into STATION values (5172, '-', 1148, 514510.70, 755587.43, 41.82);
insert into STATION values (5173, '-', 1148, 514510.61, 755586.32, 41.65);
insert into STATION values (5174, '-', 1148, 514511.44, 755585.07, 41.88);
insert into STATION values (5175, '-', 1148, 514511.49, 755584.44, 41.90);
insert into STATION values (5176, '1.11', 1148, 514509.82, 755588.76, 41.76);
insert into STATION values (5177, '-', 1148, 514508.50, 755587.97, 41.65);
insert into STATION values (5178, '-', 1148, 514507.92, 755588.86, 41.63);
insert into STATION values (5179, '-', 1148, 514507.77, 755589.48, 41.68);
insert into STATION values (5180, '-', 1148, 514507.13, 755590.06, 41.80);
insert into STATION values (5181, '-', 1148, 514506.31, 755590.65, 41.80);
insert into STATION values (5182, '-', 1148, 514505.90, 755591.48, 41.58);
insert into STATION values (5183, '-', 1148, 514506.97, 755591.05, 41.78);
insert into STATION values (5184, '-', 1148, 514511.66, 755588.48, 42.61);
insert into STATION values (5185, '-', 1148, 514512.32, 755588.11, 42.68);
insert into STATION values (5186, '-', 1148, 514510.45, 755589.05, 42.36);
insert into STATION values (5187, '-', 1148, 514510.53, 755588.16, 42.11);
insert into STATION values (5188, '-', 1148, 514510.04, 755589.50, 42.01);
insert into STATION values (5189, '-', 1148, 514509.34, 755589.99, 41.97);
insert into STATION values (5190, '-', 1148, 514509.75, 755588.89, 41.77);
insert into STATION values (5191, '-', 1148, 514508.18, 755590.93, 41.93);
insert into STATION values (5192, '-', 1148, 514507.96, 755591.14, 41.94);
insert into STATION values (5193, '1.12', 1148, 514507.42, 755590.67, 41.84);
insert into STATION values (5194, '-', 1148, 514506.50, 755590.38, 41.64);
insert into STATION values (5195, '-', 1148, 514505.82, 755590.83, 41.58);
insert into STATION values (5196, '-', 1148, 514505.44, 755591.31, 41.59);
insert into STATION values (5197, '-', 1148, 514504.91, 755591.84, 41.63);
insert into STATION values (5198, '-', 1148, 514505.21, 755591.94, 41.72);
insert into STATION values (5199, '-', 1148, 514505.79, 755591.79, 41.76);
insert into STATION values (5200, '-', 1148, 514506.12, 755591.60, 41.80);
insert into STATION values (5201, '-', 1148, 514506.77, 755591.16, 41.81);
insert into STATION values (5202, '-', 1148, 514507.17, 755591.00, 41.79);
insert into STATION values (5203, '-', 1148, 514506.91, 755591.49, 42.08);
insert into STATION values (5204, '-', 1148, 514506.57, 755592.71, 42.74);
insert into STATION values (5205, '-', 1148, 514507.98, 755590.97, 41.83);
insert into STATION values (5206, '-', 1148, 514507.77, 755591.88, 42.27);
insert into STATION values (5207, '-', 1148, 514507.52, 755593.52, 43.13);
insert into STATION values (5208, '-', 1148, 514507.05, 755593.88, 43.37);
insert into STATION values (5209, '-', 1148, 514507.00, 755593.91, 43.28);
insert into STATION values (5210, '-', 1148, 514506.60, 755594.39, 43.54);
insert into STATION values (5211, '1.13', 1148, 514507.28, 755593.53, 43.13);
insert into STATION values (5212, '-', 1148, 514507.59, 755593.46, 43.11);
insert into STATION values (5213, '-', 1148, 514508.05, 755593.20, 43.15);
insert into STATION values (5214, '-', 1148, 514509.01, 755592.56, 43.57);
insert into STATION values (5215, '-', 1148, 514508.71, 755592.57, 43.51);
insert into STATION values (5216, '-', 1148, 514508.58, 755592.35, 43.35);
insert into STATION values (5217, '-', 1148, 514508.47, 755592.23, 43.24);
insert into STATION values (5218, '-', 1148, 514507.87, 755592.29, 42.93);
insert into STATION values (5219, '-', 1148, 514507.83, 755593.29, 43.15);
insert into STATION values (5220, '-', 1148, 514506.99, 755594.05, 43.18);
insert into STATION values (5221, '-', 1148, 514505.72, 755594.19, 43.46);
insert into STATION values (5222, '-', 1148, 514505.36, 755594.05, 43.60);
insert into STATION values (5223, '-', 1148, 514505.31, 755593.98, 43.62);
insert into STATION values (5224, '-', 1148, 514504.96, 755593.78, 43.54);
insert into STATION values (5225, '-', 1148, 514505.18, 755593.39, 43.56);
insert into STATION values (5226, '-', 1148, 514506.04, 755593.26, 43.40);
insert into STATION values (5227, '-', 1148, 514506.14, 755592.96, 43.26);
insert into STATION values (5228, '-', 1148, 514506.44, 755592.82, 43.06);
insert into STATION values (5229, '-', 1148, 514506.32, 755594.56, 43.95);
insert into STATION values (5230, '1.14', 1148, 514505.88, 755593.52, 43.20);
insert into STATION values (5231, '-', 1148, 514506.23, 755595.29, 44.28);
insert into STATION values (5232, '1.0', 1187, 511704.00, 755348.00, 25.00);
insert into STATION_FLAG values(5232, 'ent');
insert into STATION_FLAG values(5232, 'fix');
insert into STATION values (5233, '-', 1187, 511703.58, 755347.85, 24.82);
insert into STATION values (5234, '-', 1187, 511704.03, 755348.28, 24.67);
insert into STATION values (5235, '-', 1187, 511704.22, 755348.11, 24.26);
insert into STATION values (5236, '-', 1187, 511704.36, 755347.92, 24.09);
insert into STATION values (5237, '-', 1187, 511703.64, 755347.63, 24.51);
insert into STATION values (5238, '-', 1187, 511703.80, 755347.51, 24.42);
insert into STATION values (5239, '-', 1187, 511703.85, 755347.34, 24.15);
insert into STATION values (5240, '-', 1187, 511704.10, 755347.30, 24.17);
insert into STATION values (5241, '-', 1187, 511704.24, 755346.92, 23.62);
insert into STATION values (5242, '1.1', 1187, 511704.38, 755346.86, 23.65);
insert into STATION values (5243, '-', 1187, 511704.34, 755347.94, 24.35);
insert into STATION values (5244, '-', 1187, 511704.57, 755347.79, 24.17);
insert into STATION values (5245, '-', 1187, 511705.00, 755348.14, 24.27);
insert into STATION values (5246, '-', 1187, 511704.68, 755347.30, 23.74);
insert into STATION values (5247, '-', 1187, 511705.34, 755347.55, 23.94);
insert into STATION values (5248, '-', 1187, 511705.13, 755347.03, 23.52);
insert into STATION values (5249, '-', 1187, 511705.25, 755346.74, 22.86);
insert into STATION values (5250, '-', 1187, 511705.38, 755346.45, 22.38);
insert into STATION values (5251, '-', 1187, 511705.06, 755345.80, 22.38);
insert into STATION values (5252, '-', 1187, 511704.63, 755346.33, 23.06);
insert into STATION values (5253, '-', 1187, 511704.54, 755346.63, 23.55);
insert into STATION values (5254, '1.2', 1187, 511705.59, 755346.06, 21.23);
insert into STATION values (5255, '-', 1187, 511704.69, 755346.46, 23.33);
insert into STATION values (5256, '-', 1187, 511704.82, 755346.00, 22.68);
insert into STATION values (5257, '-', 1187, 511704.81, 755345.68, 22.10);
insert into STATION values (5258, '-', 1187, 511706.21, 755344.59, 21.79);
insert into STATION values (5259, '-', 1187, 511705.54, 755344.42, 21.58);
insert into STATION values (5260, '-', 1187, 511704.33, 755344.06, 21.67);
insert into STATION values (5261, '-', 1187, 511703.08, 755343.70, 21.88);
insert into STATION values (5262, '-', 1187, 511701.34, 755343.88, 21.92);
insert into STATION values (5263, '1.3', 1187, 511703.14, 755344.42, 21.56);
insert into STATION values (5264, '-', 1187, 511702.65, 755343.83, 21.75);
insert into STATION values (5265, '-', 1187, 511701.49, 755343.09, 22.02);
insert into STATION values (5266, '-', 1187, 511701.02, 755343.27, 22.03);
insert into STATION values (5267, '-', 1187, 511700.90, 755343.50, 22.01);
insert into STATION values (5268, '-', 1187, 511701.00, 755344.20, 21.68);
insert into STATION values (5269, '-', 1187, 511701.11, 755344.69, 21.51);
insert into STATION values (5270, '-', 1187, 511700.68, 755344.87, 21.39);
insert into STATION values (5271, '-', 1187, 511699.20, 755345.21, 21.18);
insert into STATION values (5272, '-', 1187, 511698.24, 755346.56, 20.89);
insert into STATION values (5273, '-', 1187, 511698.33, 755347.08, 20.92);
insert into STATION values (5274, '-', 1187, 511698.56, 755347.79, 20.83);
insert into STATION values (5275, '-', 1187, 511699.12, 755348.19, 21.07);
insert into STATION values (5276, '-', 1187, 511699.80, 755348.21, 21.26);
insert into STATION values (5277, '-', 1187, 511701.90, 755346.58, 21.55);
insert into STATION values (5278, '-', 1187, 511702.77, 755346.27, 21.41);
insert into STATION values (5279, '-', 1187, 511703.11, 755346.31, 21.51);
insert into STATION values (5280, '-', 1187, 511703.87, 755346.22, 21.56);
insert into STATION values (5281, '-', 1187, 511704.07, 755346.16, 21.67);
insert into STATION values (5282, '-', 1187, 511704.14, 755346.25, 21.70);
insert into STATION values (5283, '-', 1187, 511700.34, 755348.05, 21.51);
insert into STATION values (5284, '-', 1187, 511701.33, 755344.33, 21.35);
insert into STATION values (5285, '-', 1187, 511701.37, 755344.64, 21.26);
insert into STATION values (5286, '-', 1187, 511701.69, 755345.06, 20.92);
insert into STATION values (5287, '-', 1187, 511701.86, 755345.13, 20.93);
insert into STATION values (5288, '-', 1187, 511701.72, 755345.09, 20.92);
insert into STATION values (5289, '-', 1187, 511701.67, 755345.04, 20.93);
insert into STATION values (5290, '1.4', 1187, 511700.73, 755346.78, 20.88);
insert into STATION values (5291, '-', 1187, 511698.87, 755345.89, 20.32);
insert into STATION values (5292, '-', 1187, 511699.68, 755346.33, 20.45);
insert into STATION values (5293, '-', 1187, 511699.85, 755346.40, 20.44);
insert into STATION values (5294, '-', 1187, 511700.53, 755346.51, 20.63);
insert into STATION values (5295, '-', 1187, 511700.73, 755346.48, 20.68);
insert into STATION values (5296, '-', 1187, 511700.79, 755346.45, 20.74);
insert into STATION values (5297, '-', 1187, 511701.13, 755346.02, 20.64);
insert into STATION values (5298, '-', 1187, 511700.92, 755345.88, 20.68);
insert into STATION values (5299, '-', 1187, 511700.90, 755345.56, 20.67);
insert into STATION values (5300, '-', 1187, 511700.96, 755345.55, 20.68);
insert into STATION values (5301, '-', 1187, 511700.58, 755345.44, 20.66);
insert into STATION values (5302, '-', 1187, 511700.19, 755345.39, 20.71);
insert into STATION values (5303, '-', 1187, 511699.68, 755345.35, 20.78);
insert into STATION values (5304, '1.5', 1187, 511698.91, 755345.65, 20.30);
insert into STATION values (5305, '-', 1187, 511700.31, 755345.23, 20.35);
insert into STATION values (5306, '-', 1187, 511699.47, 755344.54, 20.30);
insert into STATION values (5307, '-', 1187, 511698.95, 755344.43, 20.30);
insert into STATION values (5308, '-', 1187, 511698.36, 755344.39, 20.29);
insert into STATION values (5309, '-', 1187, 511697.55, 755345.37, 20.25);
insert into STATION values (5310, '-', 1187, 511698.84, 755345.98, 20.31);
insert into STATION values (5311, '-', 1187, 511699.12, 755346.16, 20.25);
insert into STATION values (5312, '-', 1187, 511699.79, 755346.36, 20.31);
insert into STATION values (5313, '-', 1187, 511700.10, 755346.43, 20.28);
insert into STATION values (5314, '-', 1187, 511696.60, 755343.83, 20.32);
insert into STATION values (5315, '-', 1187, 511699.77, 755347.34, 20.47);
insert into STATION values (5316, '-', 1187, 511700.79, 755347.22, 20.51);
insert into STATION values (5317, '-', 1187, 511708.29, 755347.61, 21.40);
insert into STATION values (5318, '-', 1187, 511710.13, 755347.77, 21.39);
insert into STATION values (5319, '-', 1187, 511711.72, 755347.60, 21.44);
insert into STATION values (5320, '-', 1187, 511712.70, 755347.37, 21.51);
insert into STATION values (5321, '-', 1187, 511714.52, 755347.05, 21.56);
insert into STATION values (5322, '-', 1187, 511715.14, 755346.78, 20.69);
insert into STATION values (5323, '-', 1187, 511715.02, 755344.26, 21.33);
insert into STATION values (5324, '-', 1187, 511714.70, 755343.78, 21.58);
insert into STATION values (5325, '-', 1187, 511714.56, 755342.96, 21.74);
insert into STATION values (5326, '-', 1187, 511714.47, 755342.43, 21.75);
insert into STATION values (5327, '-', 1187, 511714.96, 755341.53, 21.84);
insert into STATION values (5328, '-', 1187, 511714.38, 755341.01, 21.72);
insert into STATION values (5329, '-', 1187, 511714.50, 755341.92, 21.85);
insert into STATION values (5330, '-', 1187, 511714.41, 755341.07, 21.79);
insert into STATION values (5331, '-', 1187, 511714.36, 755341.01, 21.70);
insert into STATION values (5332, '-', 1187, 511714.21, 755340.76, 21.81);
insert into STATION values (5333, '-', 1187, 511713.35, 755340.84, 21.37);
insert into STATION values (5334, '-', 1187, 511712.62, 755340.97, 21.21);
insert into STATION values (5335, '-', 1187, 511711.52, 755341.46, 20.86);
insert into STATION values (5336, '-', 1187, 511710.76, 755341.33, 20.72);
insert into STATION values (5337, '-', 1187, 511709.21, 755342.26, 20.74);
insert into STATION values (5338, '-', 1187, 511707.48, 755343.38, 20.92);
insert into STATION values (5339, '-', 1187, 511706.77, 755343.98, 20.95);
insert into STATION values (5340, '-', 1187, 511705.96, 755344.42, 20.94);
insert into STATION values (5341, '-', 1187, 511712.20, 755342.29, 21.81);
insert into STATION values (5342, '-', 1187, 511712.00, 755342.17, 21.82);
insert into STATION values (5343, '-', 1187, 511712.05, 755341.88, 21.96);
insert into STATION values (5344, '-', 1187, 511710.79, 755342.42, 21.77);
insert into STATION values (5345, '-', 1187, 511709.95, 755342.78, 21.58);
insert into STATION values (5346, '-', 1187, 511708.89, 755343.17, 21.48);
insert into STATION values (5347, '-', 1187, 511710.81, 755341.25, 20.49);
insert into STATION values (5348, '-', 1187, 511710.87, 755341.70, 20.48);
insert into STATION values (5349, '-', 1187, 511710.85, 755342.43, 20.47);
insert into STATION values (5350, '-', 1187, 511710.43, 755343.39, 20.48);
insert into STATION values (5351, '-', 1187, 511709.94, 755344.24, 20.48);
insert into STATION values (5352, '-', 1187, 511710.25, 755344.48, 20.47);
insert into STATION values (5353, '-', 1187, 511709.67, 755344.95, 20.50);
insert into STATION values (5354, '-', 1187, 511709.27, 755345.34, 20.49);
insert into STATION values (5355, '-', 1187, 511710.56, 755345.79, 20.46);
insert into STATION values (5356, '-', 1187, 511712.14, 755346.10, 20.48);
insert into STATION values (5357, '-', 1187, 511714.35, 755346.17, 20.49);
insert into STATION values (5358, '-', 1187, 511707.23, 755347.64, 20.62);
insert into STATION values (5359, '-', 1187, 511708.44, 755347.76, 20.51);
insert into STATION values (5360, '-', 1187, 511708.93, 755347.50, 20.55);
insert into STATION values (5361, '-', 1187, 511709.59, 755347.19, 20.55);
insert into STATION values (5362, '-', 1187, 511710.40, 755346.81, 20.54);
insert into STATION values (5363, '-', 1187, 511712.38, 755347.08, 20.58);
insert into STATION values (5364, '-', 1187, 511706.90, 755346.44, 20.56);
insert into STATION values (5365, '-', 1187, 511706.90, 755346.28, 20.50);
insert into STATION values (5366, '-', 1187, 511706.34, 755345.80, 20.53);
insert into STATION values (5367, '-', 1187, 511705.94, 755345.49, 20.56);
insert into STATION values (5368, '-', 1187, 511705.62, 755345.01, 20.50);
insert into STATION values (5369, '1.6', 1187, 511714.45, 755341.72, 22.85);
insert into STATION values (5370, '-', 1187, 511714.46, 755341.23, 23.01);
insert into STATION values (5371, '-', 1187, 511714.44, 755342.30, 22.62);
insert into STATION values (5372, '-', 1187, 511714.80, 755342.11, 22.78);
insert into STATION values (5373, '-', 1187, 511715.22, 755341.94, 23.05);
insert into STATION values (5374, '-', 1187, 511715.74, 755341.88, 23.52);
insert into STATION values (5375, '-', 1187, 511716.47, 755341.60, 24.00);
insert into STATION values (5376, '-', 1187, 511717.28, 755341.45, 24.69);
insert into STATION values (5377, '-', 1187, 511717.85, 755341.34, 25.45);
insert into STATION values (5378, '-', 1187, 511718.14, 755341.34, 25.99);
insert into STATION values (5379, '-', 1187, 511718.79, 755341.17, 26.53);
insert into STATION values (5380, '-', 1187, 511714.93, 755341.32, 23.20);
insert into STATION values (5381, '-', 1187, 511715.52, 755341.09, 23.58);
insert into STATION values (5382, '-', 1187, 511716.28, 755340.99, 24.02);
insert into STATION values (5383, '-', 1187, 511716.80, 755341.06, 24.48);
insert into STATION values (5384, '-', 1187, 511717.41, 755341.07, 25.12);
insert into STATION values (5385, '-', 1187, 511718.60, 755340.94, 26.18);
insert into STATION values (5386, '1.7', 1187, 511713.46, 755343.93, 21.36);
insert into STATION values (5387, '-', 1187, 511714.96, 755346.17, 21.38);
insert into STATION values (5388, '-', 1187, 511715.02, 755345.94, 21.19);
insert into STATION values (5389, '-', 1187, 511715.10, 755345.19, 21.10);
insert into STATION values (5390, '-', 1187, 511715.13, 755344.62, 21.07);
insert into STATION values (5391, '-', 1187, 511715.06, 755344.32, 21.16);
insert into STATION values (5392, '-', 1187, 511715.05, 755346.41, 21.09);
insert into STATION values (5393, '1.8', 1187, 511714.78, 755345.35, 20.69);
insert into STATION values (5394, '-', 1187, 511715.29, 755344.57, 20.32);
insert into STATION values (5395, '-', 1187, 511716.01, 755344.63, 20.34);
insert into STATION values (5396, '-', 1187, 511717.02, 755344.71, 20.34);
insert into STATION values (5397, '-', 1187, 511717.72, 755344.87, 20.35);
insert into STATION values (5398, '-', 1187, 511718.22, 755344.99, 20.37);
insert into STATION values (5399, '-', 1187, 511718.09, 755345.61, 20.39);
insert into STATION values (5400, '-', 1187, 511718.30, 755345.93, 20.38);
insert into STATION values (5401, '-', 1187, 511718.37, 755346.29, 20.42);
insert into STATION values (5402, '-', 1187, 511717.68, 755346.88, 20.45);
insert into STATION values (5403, '-', 1187, 511715.79, 755346.65, 20.52);
insert into STATION values (5404, '-', 1187, 511715.27, 755346.91, 20.45);
insert into STATION values (5405, '-', 1187, 511714.69, 755347.09, 20.40);
insert into STATION values (5406, '-', 1187, 511714.43, 755347.14, 20.39);
insert into STATION values (5407, 'Ballinchallasink', 19, 514673.00, 761528.00, 20.00);
insert into STATION_FLAG values(5407, 'ent');
insert into STATION_FLAG values(5407, 'fix');
insert into STATION values (5408, 'Congbridgehole', 19, 514406.00, 755601.00, 15.00);
insert into STATION_FLAG values(5408, 'ent');
insert into STATION_FLAG values(5408, 'fix');
insert into STATION values (5409, 'Dogscave', 19, 513847.00, 755423.00, 15.00);
insert into STATION_FLAG values(5409, 'ent');
insert into STATION_FLAG values(5409, 'fix');
insert into STATION values (5410, 'Dringeensink', 19, 511815.00, 757619.00, 20.00);
insert into STATION_FLAG values(5410, 'ent');
insert into STATION_FLAG values(5410, 'fix');
insert into STATION values (5411, 'Ellechrissaun', 19, 514140.00, 755499.00, 12.00);
insert into STATION_FLAG values(5411, 'ent');
insert into STATION_FLAG values(5411, 'fix');
insert into STATION values (5412, 'Quealeys2', 19, 510091.00, 756346.00, 24.00);
insert into STATION_FLAG values(5412, 'ent');
insert into STATION_FLAG values(5412, 'fix');
insert into STATION values (5413, 'Quealeys3', 19, 510091.00, 756226.00, 24.00);
insert into STATION_FLAG values(5413, 'ent');
insert into STATION_FLAG values(5413, 'fix');
insert into STATION values (5414, 'Teachaille', 19, 514277.00, 755072.00, 15.00);
insert into STATION_FLAG values(5414, 'ent');
insert into STATION_FLAG values(5414, 'fix');
insert into STATION values (5415, '1.0', 1231, 513386.74, 755500.12, 12.14);
insert into STATION values (5416, '-', 1231, 513383.79, 755496.36, 15.68);
insert into STATION values (5417, '-', 1231, 513382.42, 755496.60, 15.67);
insert into STATION values (5418, '-', 1231, 513385.23, 755497.31, 13.57);
insert into STATION values (5419, '-', 1231, 513381.70, 755497.73, 13.77);
insert into STATION values (5420, '-', 1231, 513386.61, 755499.26, 12.03);
insert into STATION values (5421, '-', 1231, 513386.43, 755498.77, 12.65);
insert into STATION values (5422, '-', 1231, 513385.84, 755496.17, 14.26);
insert into STATION values (5423, '-', 1231, 513385.49, 755495.04, 15.24);
insert into STATION values (5424, '-', 1231, 513385.56, 755495.39, 16.04);
insert into STATION values (5425, '-', 1231, 513385.59, 755496.06, 16.59);
insert into STATION values (5426, '-', 1231, 513385.65, 755496.91, 17.66);
insert into STATION values (5427, '-', 1231, 513386.22, 755498.53, 17.70);
insert into STATION values (5428, '-', 1231, 513386.60, 755499.93, 17.04);
insert into STATION values (5429, '-', 1231, 513386.71, 755499.97, 16.96);
insert into STATION values (5430, '-', 1231, 513387.19, 755501.23, 16.77);
insert into STATION values (5431, '-', 1231, 513387.75, 755501.68, 15.36);
insert into STATION values (5432, '-', 1231, 513388.08, 755501.88, 14.18);
insert into STATION values (5433, '-', 1231, 513388.78, 755502.52, 13.20);
insert into STATION values (5434, '-', 1231, 513389.92, 755503.85, 12.91);
insert into STATION values (5435, '-', 1231, 513389.98, 755504.19, 12.10);
insert into STATION values (5436, '-', 1231, 513389.25, 755503.20, 11.12);
insert into STATION values (5437, '-', 1231, 513391.63, 755502.89, 12.59);
insert into STATION values (5438, '-', 1231, 513393.07, 755501.75, 12.63);
insert into STATION values (5439, '-', 1231, 513394.41, 755500.69, 12.57);
insert into STATION values (5440, '-', 1231, 513395.71, 755499.41, 12.40);
insert into STATION values (5441, '-', 1231, 513396.46, 755498.11, 12.54);
insert into STATION values (5442, '-', 1231, 513398.59, 755496.06, 12.43);
insert into STATION values (5443, '-', 1231, 513394.53, 755496.93, 12.82);
insert into STATION values (5444, '-', 1231, 513392.74, 755498.31, 13.17);
insert into STATION values (5445, '-', 1231, 513391.79, 755499.37, 13.27);
insert into STATION values (5446, '-', 1231, 513390.25, 755500.73, 13.28);
insert into STATION values (5447, '-', 1231, 513389.45, 755501.27, 13.26);
insert into STATION values (5448, '-', 1231, 513388.78, 755501.70, 13.30);
insert into STATION values (5449, '-', 1231, 513388.28, 755502.77, 13.51);
insert into STATION values (5450, '-', 1231, 513387.74, 755504.56, 13.36);
insert into STATION values (5451, '-', 1231, 513385.07, 755495.50, 15.93);
insert into STATION values (5452, '-', 1231, 513385.81, 755495.15, 15.91);
insert into STATION values (5453, '-', 1231, 513386.68, 755492.18, 16.65);
insert into STATION values (5454, '-', 1231, 513388.09, 755490.39, 16.83);
insert into STATION values (5455, '-', 1231, 513389.28, 755486.29, 18.13);
insert into STATION values (5456, '-', 1231, 513391.24, 755483.71, 18.42);
insert into STATION values (5457, '-', 1231, 513392.60, 755483.12, 18.29);
insert into STATION values (5458, '-', 1231, 513394.17, 755482.01, 18.46);
insert into STATION values (5459, '-', 1231, 513385.36, 755496.16, 14.03);
insert into STATION values (5460, '-', 1231, 513384.75, 755496.67, 13.99);
insert into STATION values (5461, '1.1', 1231, 513389.66, 755497.45, 12.70);
insert into STATION values (5462, '-', 1231, 513388.66, 755496.51, 13.03);
insert into STATION values (5463, '-', 1231, 513387.71, 755495.66, 13.64);
insert into STATION values (5464, '-', 1231, 513386.62, 755494.67, 14.63);
insert into STATION values (5465, '-', 1231, 513386.33, 755494.36, 15.80);
insert into STATION values (5466, '-', 1231, 513387.15, 755494.14, 16.82);
insert into STATION values (5467, '-', 1231, 513386.49, 755492.61, 17.08);
insert into STATION values (5468, '-', 1231, 513385.72, 755491.26, 16.20);
insert into STATION values (5469, '-', 1231, 513387.34, 755493.48, 14.40);
insert into STATION values (5470, '-', 1231, 513387.70, 755493.05, 13.73);
insert into STATION values (5471, '-', 1231, 513389.28, 755496.32, 12.84);
insert into STATION values (5472, '-', 1231, 513388.28, 755491.60, 13.94);
insert into STATION values (5473, '-', 1231, 513387.82, 755488.66, 16.00);
insert into STATION values (5474, '-', 1231, 513387.84, 755488.13, 16.65);
insert into STATION values (5475, '-', 1231, 513388.11, 755489.36, 16.63);
insert into STATION values (5476, '-', 1231, 513389.07, 755490.80, 17.61);
insert into STATION values (5477, '-', 1231, 513388.96, 755493.90, 17.72);
insert into STATION values (5478, '-', 1231, 513389.18, 755496.39, 16.76);
insert into STATION values (5479, '-', 1231, 513390.68, 755494.36, 17.28);
insert into STATION values (5480, '-', 1231, 513390.65, 755496.31, 16.75);
insert into STATION values (5481, '-', 1231, 513392.39, 755495.98, 16.74);
insert into STATION values (5482, '-', 1231, 513392.67, 755496.84, 15.41);
insert into STATION values (5483, '-', 1231, 513390.53, 755498.40, 15.48);
insert into STATION values (5484, '-', 1231, 513389.85, 755498.38, 16.91);
insert into STATION values (5485, '-', 1231, 513391.48, 755498.58, 13.95);
insert into STATION values (5486, '-', 1231, 513392.93, 755496.95, 14.07);
insert into STATION values (5487, '-', 1231, 513384.90, 755495.62, 15.83);
insert into STATION values (5488, '-', 1231, 513385.65, 755496.14, 16.58);
insert into STATION values (5489, '-', 1231, 513384.86, 755496.86, 18.06);
insert into STATION values (5490, '-', 1231, 513385.24, 755498.08, 18.34);
insert into STATION values (5491, '-', 1231, 513386.83, 755498.68, 16.76);
insert into STATION values (5492, '-', 1231, 513386.81, 755499.53, 16.40);
insert into STATION values (5493, '-', 1231, 513387.37, 755500.33, 16.68);
insert into STATION values (5494, '-', 1231, 513387.26, 755501.31, 18.06);
insert into STATION values (5495, '-', 1231, 513388.36, 755505.37, 12.37);
insert into STATION values (5496, '-', 1231, 513390.39, 755503.72, 12.60);
insert into STATION values (5497, '-', 1231, 513392.10, 755502.51, 12.64);
insert into STATION values (5498, '-', 1231, 513393.84, 755501.16, 12.52);
insert into STATION values (5499, '-', 1231, 513392.10, 755497.76, 14.41);
insert into STATION values (5500, '-', 1231, 513394.02, 755495.97, 15.08);
insert into STATION values (5501, '-', 1231, 513394.06, 755497.94, 12.84);
insert into STATION values (5502, '-', 1231, 513394.40, 755495.17, 16.70);
insert into STATION values (5503, '-', 1231, 513393.67, 755494.34, 16.97);
insert into STATION values (5504, '-', 1231, 513398.48, 755491.78, 17.62);
insert into STATION values (5505, '-', 1231, 513401.74, 755486.79, 15.21);
insert into STATION values (5506, '-', 1231, 513405.44, 755485.43, 13.86);
insert into STATION values (5507, '-', 1231, 513403.30, 755481.40, 18.77);
insert into STATION values (5508, '-', 1231, 513398.60, 755486.83, 18.37);
insert into STATION values (5509, '-', 1231, 513395.32, 755487.65, 18.66);
insert into STATION values (5510, '-', 1231, 513397.18, 755484.22, 18.22);
insert into STATION values (5511, '-', 1231, 513396.97, 755483.62, 17.40);
insert into STATION values (5512, '-', 1231, 513401.10, 755478.27, 18.81);
insert into STATION values (5513, '-', 1231, 513395.85, 755483.31, 17.87);
insert into STATION values (5514, '-', 1231, 513397.53, 755480.71, 17.37);
insert into STATION values (5515, '-', 1231, 513394.93, 755487.28, 14.94);
insert into STATION values (5516, '-', 1231, 513392.67, 755488.32, 14.73);
insert into STATION values (5517, '-', 1231, 513393.73, 755488.71, 14.04);
insert into STATION values (5518, '-', 1231, 513399.28, 755482.09, 15.34);
insert into STATION values (5519, '-', 1231, 513394.59, 755489.42, 13.45);
insert into STATION values (5520, '1.2', 1231, 513391.15, 755493.21, 13.54);
insert into STATION values (5521, '-', 1231, 513394.92, 755497.79, 9.83);
insert into STATION values (5522, '-', 1231, 513395.55, 755498.70, 10.81);
insert into STATION values (5523, '-', 1231, 513394.77, 755498.55, 12.17);
insert into STATION values (5524, '-', 1231, 513395.01, 755500.24, 12.07);
insert into STATION values (5525, '-', 1231, 513394.86, 755500.81, 10.63);
insert into STATION values (5526, '-', 1231, 513391.72, 755495.04, 12.77);
insert into STATION values (5527, '-', 1231, 513392.05, 755494.80, 12.36);
insert into STATION values (5528, '-', 1231, 513394.55, 755495.27, 11.53);
insert into STATION values (5529, '-', 1231, 513395.10, 755495.24, 12.85);
insert into STATION values (5530, '-', 1231, 513395.34, 755494.53, 15.01);
insert into STATION values (5531, '-', 1231, 513397.45, 755493.92, 11.54);
insert into STATION values (5532, '-', 1231, 513398.94, 755492.52, 11.41);
insert into STATION values (5533, '-', 1231, 513400.22, 755491.37, 12.03);
insert into STATION values (5534, '-', 1231, 513395.33, 755491.85, 12.87);
insert into STATION values (5535, '-', 1231, 513396.19, 755490.34, 12.69);
insert into STATION values (5536, '-', 1231, 513403.54, 755487.56, 11.10);
insert into STATION values (5537, '-', 1231, 513402.72, 755488.47, 13.51);
insert into STATION values (5538, '-', 1231, 513394.60, 755489.31, 13.49);
insert into STATION values (5539, '-', 1231, 513402.95, 755487.78, 14.16);
insert into STATION values (5540, '-', 1231, 513403.16, 755486.70, 14.32);
insert into STATION values (5541, '-', 1231, 513405.09, 755485.74, 13.65);
insert into STATION values (5542, '-', 1231, 513408.19, 755482.21, 13.41);
insert into STATION values (5543, '-', 1231, 513403.68, 755484.57, 14.00);
insert into STATION values (5544, '-', 1231, 513402.89, 755483.92, 13.76);
insert into STATION values (5545, '-', 1231, 513395.41, 755491.61, 13.04);
insert into STATION values (5546, '-', 1231, 513395.55, 755492.09, 12.83);
insert into STATION values (5547, '-', 1231, 513395.12, 755491.93, 12.69);
insert into STATION values (5548, '-', 1231, 513395.77, 755491.17, 12.80);
insert into STATION values (5549, '-', 1231, 513392.63, 755489.05, 14.08);
insert into STATION values (5550, '-', 1231, 513392.48, 755487.64, 15.18);
insert into STATION values (5551, '-', 1231, 513394.23, 755488.74, 13.98);
insert into STATION values (5552, '-', 1231, 513394.89, 755487.16, 15.04);
insert into STATION values (5553, '-', 1231, 513391.96, 755487.83, 14.75);
insert into STATION values (5554, '-', 1231, 513390.97, 755488.39, 14.31);
insert into STATION values (5555, '-', 1231, 513390.07, 755487.90, 15.21);
insert into STATION values (5556, '-', 1231, 513392.08, 755490.84, 12.74);
insert into STATION values (5557, '-', 1231, 513393.48, 755490.75, 12.03);
insert into STATION values (5558, '-', 1231, 513394.18, 755489.59, 12.45);
insert into STATION values (5559, '-', 1231, 513392.51, 755486.78, 13.79);
insert into STATION values (5560, '-', 1231, 513390.27, 755488.17, 13.71);
insert into STATION values (5561, '-', 1231, 513390.27, 755492.02, 13.74);
insert into STATION values (5562, '-', 1231, 513388.41, 755489.78, 15.01);
insert into STATION values (5563, '-', 1231, 513387.32, 755488.46, 16.62);
insert into STATION values (5564, '-', 1231, 513386.02, 755488.64, 16.88);
insert into STATION values (5565, '-', 1231, 513384.72, 755489.14, 16.95);
insert into STATION values (5566, '-', 1231, 513388.00, 755486.01, 17.57);
insert into STATION values (5567, '-', 1231, 513388.35, 755487.31, 16.43);
insert into STATION values (5568, '-', 1231, 513387.89, 755488.70, 16.08);
insert into STATION values (5569, '-', 1231, 513388.23, 755488.79, 16.51);
insert into STATION values (5570, '-', 1231, 513387.25, 755490.27, 16.27);
insert into STATION values (5571, '-', 1231, 513387.62, 755491.93, 16.68);
insert into STATION values (5572, '-', 1231, 513386.10, 755492.41, 16.10);
insert into STATION values (5573, '-', 1231, 513389.25, 755486.12, 17.80);
insert into STATION values (5574, '-', 1231, 513389.82, 755483.15, 16.80);
insert into STATION values (5575, '-', 1231, 513391.50, 755481.85, 16.98);
insert into STATION values (5576, '-', 1231, 513392.49, 755482.72, 17.79);
insert into STATION values (5577, '-', 1231, 513394.12, 755481.67, 18.43);
insert into STATION values (5578, '-', 1231, 513395.61, 755479.21, 19.15);
insert into STATION values (5579, '-', 1231, 513399.19, 755482.62, 18.51);
insert into STATION values (5580, '-', 1231, 513398.60, 755482.56, 17.93);
insert into STATION values (5581, '-', 1231, 513397.13, 755483.20, 17.28);
insert into STATION values (5582, '-', 1231, 513396.85, 755483.86, 17.93);
insert into STATION values (5583, '-', 1231, 513395.78, 755483.46, 17.79);
insert into STATION values (5584, '-', 1231, 513395.05, 755483.23, 18.42);
insert into STATION values (5585, '-', 1231, 513395.12, 755485.35, 18.28);
insert into STATION values (5586, '-', 1231, 513394.05, 755483.91, 19.06);
insert into STATION values (5587, '-', 1231, 513396.52, 755479.51, 19.42);
insert into STATION values (5588, '-', 1231, 513396.49, 755481.01, 17.98);
insert into STATION values (5589, '-', 1231, 513397.42, 755480.85, 17.58);
insert into STATION values (5590, '-', 1231, 513394.54, 755495.44, 13.86);
insert into STATION values (5591, '-', 1231, 513395.98, 755494.54, 13.83);
insert into STATION values (5592, '-', 1231, 513398.07, 755492.43, 13.82);
insert into STATION values (5593, '-', 1231, 513401.37, 755489.96, 13.70);
insert into STATION values (5594, '-', 1231, 513404.68, 755486.52, 13.57);
insert into STATION values (5595, '-', 1231, 513405.60, 755484.64, 13.84);
insert into STATION values (5596, '-', 1231, 513409.65, 755480.25, 14.66);
insert into STATION values (5597, '-', 1231, 513409.55, 755478.59, 15.44);
insert into STATION values (5598, '-', 1231, 513410.26, 755476.37, 16.53);
insert into STATION values (5599, '-', 1231, 513410.24, 755475.36, 16.73);
insert into STATION values (5600, '1.3', 1231, 513390.22, 755485.11, 16.86);
insert into STATION values (5601, '-', 1231, 513392.24, 755483.11, 16.09);
insert into STATION values (5602, '-', 1231, 513393.28, 755479.84, 15.24);
insert into STATION values (5603, '-', 1231, 513392.40, 755480.42, 14.61);
insert into STATION values (5604, '-', 1231, 513392.50, 755482.33, 15.04);
insert into STATION values (5605, '-', 1231, 513394.89, 755479.99, 16.39);
insert into STATION values (5606, '-', 1231, 513395.57, 755480.31, 17.74);
insert into STATION values (5607, '-', 1231, 513396.91, 755480.62, 17.49);
insert into STATION values (5608, '-', 1231, 513398.51, 755480.50, 17.02);
insert into STATION values (5609, '-', 1231, 513396.22, 755480.40, 18.85);
insert into STATION values (5610, '-', 1231, 513393.96, 755481.63, 16.55);
insert into STATION values (5611, '-', 1231, 513391.89, 755484.41, 15.93);
insert into STATION values (5612, '-', 1231, 513392.18, 755485.28, 15.46);
insert into STATION values (5613, '-', 1231, 513393.73, 755484.82, 16.13);
insert into STATION values (5614, '-', 1231, 513393.97, 755483.87, 17.11);
insert into STATION values (5615, '-', 1231, 513391.57, 755486.94, 14.86);
insert into STATION values (5616, '-', 1231, 513390.22, 755487.46, 15.26);
insert into STATION values (5617, '-', 1231, 513392.45, 755487.57, 14.99);
insert into STATION values (5618, '-', 1231, 513393.12, 755486.70, 15.15);
insert into STATION values (5619, '-', 1231, 513394.07, 755485.90, 15.20);
insert into STATION values (5620, '-', 1231, 513394.21, 755486.52, 15.42);
insert into STATION values (5621, '-', 1231, 513392.81, 755487.40, 13.97);
insert into STATION values (5622, '-', 1231, 513393.57, 755486.59, 14.25);
insert into STATION values (5623, '-', 1231, 513394.43, 755486.00, 13.81);
insert into STATION values (5624, '-', 1231, 513393.69, 755486.58, 13.41);
insert into STATION values (5625, '-', 1231, 513391.91, 755486.20, 14.77);
insert into STATION values (5626, '-', 1231, 513391.59, 755485.36, 15.24);
insert into STATION values (5627, '-', 1231, 513391.40, 755484.20, 15.61);
insert into STATION values (5628, '-', 1231, 513390.47, 755484.87, 15.47);
insert into STATION values (5629, '-', 1231, 513389.70, 755485.22, 15.50);
insert into STATION values (5630, '-', 1231, 513389.38, 755484.71, 15.11);
insert into STATION values (5631, '-', 1231, 513389.68, 755483.90, 14.23);
insert into STATION values (5632, '-', 1231, 513390.40, 755483.25, 14.41);
insert into STATION values (5633, '-', 1231, 513390.34, 755483.52, 15.29);
insert into STATION values (5634, '-', 1231, 513390.32, 755483.15, 15.82);
insert into STATION values (5635, '-', 1231, 513390.96, 755483.67, 15.79);
insert into STATION values (5636, '-', 1231, 513389.68, 755482.64, 16.30);
insert into STATION values (5637, '-', 1231, 513388.72, 755483.96, 16.08);
insert into STATION values (5638, '-', 1231, 513390.11, 755485.19, 16.77);
insert into STATION values (5639, '-', 1231, 513388.43, 755486.97, 16.57);
insert into STATION values (5640, '-', 1231, 513388.52, 755488.55, 16.94);
insert into STATION values (5641, '-', 1231, 513388.82, 755490.14, 17.88);
insert into STATION values (5642, '-', 1231, 513389.96, 755488.99, 18.52);
insert into STATION values (5643, '-', 1231, 513390.65, 755486.71, 18.70);
insert into STATION values (5644, '-', 1231, 513391.08, 755485.36, 18.31);
insert into STATION values (5645, '-', 1231, 513390.54, 755484.94, 18.50);
insert into STATION values (5646, '-', 1231, 513387.24, 755486.79, 17.79);
insert into STATION values (5647, '-', 1231, 513388.42, 755486.14, 17.63);
insert into STATION values (5648, '-', 1231, 513388.42, 755484.95, 16.93);
insert into STATION values (5649, '-', 1231, 513388.40, 755484.48, 16.76);
insert into STATION values (5650, '-', 1231, 513395.01, 755494.43, 11.34);
insert into STATION values (5651, '-', 1231, 513392.97, 755493.99, 12.15);
insert into STATION values (5652, '-', 1231, 513391.41, 755492.65, 13.15);
insert into STATION values (5653, '-', 1231, 513391.19, 755493.11, 13.48);
insert into STATION values (5654, '-', 1231, 513391.02, 755494.47, 13.02);
insert into STATION values (5655, '-', 1231, 513393.21, 755502.46, 10.62);
insert into STATION values (5656, '-', 1231, 513393.97, 755501.56, 11.93);
insert into STATION values (5657, '-', 1231, 513392.20, 755502.53, 12.13);
insert into STATION values (5658, '-', 1231, 513399.47, 755492.25, 12.44);
insert into STATION values (5659, '-', 1231, 513400.56, 755490.87, 13.02);
insert into STATION values (5660, '-', 1231, 513403.32, 755488.39, 12.81);
insert into STATION values (5661, '-', 1231, 513399.98, 755485.91, 12.10);
insert into STATION values (5662, '-', 1231, 513405.29, 755485.94, 11.84);
insert into STATION values (5663, '-', 1231, 513395.43, 755484.44, 18.09);
insert into STATION values (5664, '-', 1231, 513395.13, 755483.23, 18.28);
insert into STATION values (5665, '-', 1231, 513396.01, 755481.39, 18.76);
insert into STATION values (5666, '-', 1231, 513395.72, 755482.10, 18.06);
insert into STATION values (5667, '-', 1231, 513395.68, 755483.23, 17.79);
insert into STATION values (5668, '-', 1231, 513396.03, 755483.38, 17.35);
insert into STATION values (5669, '-', 1231, 513396.36, 755481.35, 18.09);
insert into STATION values (5670, '-', 1231, 513394.17, 755483.42, 18.60);
insert into STATION values (5671, '-', 1231, 513394.87, 755485.01, 18.41);
insert into STATION values (5672, '-', 1231, 513393.74, 755485.10, 19.09);
insert into STATION values (5673, '-', 1231, 513393.17, 755484.11, 19.32);
insert into STATION values (5674, '1.4', 1231, 513394.76, 755486.15, 15.40);
insert into STATION values (5675, '-', 1231, 513394.72, 755483.76, 15.96);
insert into STATION values (5676, '-', 1231, 513394.00, 755482.22, 18.71);
insert into STATION values (5677, '-', 1231, 513394.81, 755480.75, 19.10);
insert into STATION values (5678, '-', 1231, 513396.02, 755479.38, 19.34);
insert into STATION values (5679, '-', 1231, 513400.82, 755489.92, 16.45);
insert into STATION values (5680, '-', 1231, 513400.66, 755488.13, 16.86);
insert into STATION values (5681, '-', 1231, 513400.71, 755486.72, 17.21);
insert into STATION values (5682, '-', 1231, 513401.54, 755485.56, 17.59);
insert into STATION values (5683, '-', 1231, 513403.14, 755483.72, 18.00);
insert into STATION values (5684, '-', 1231, 513403.13, 755481.07, 18.33);
insert into STATION values (5685, '-', 1231, 513403.13, 755480.14, 18.49);
insert into STATION values (5686, '-', 1231, 513402.55, 755478.37, 18.70);
insert into STATION values (5687, '-', 1231, 513401.52, 755477.61, 18.35);
insert into STATION values (5688, '-', 1231, 513405.13, 755485.30, 14.06);
insert into STATION values (5689, '-', 1231, 513405.84, 755483.30, 14.30);
insert into STATION values (5690, '-', 1231, 513409.60, 755480.91, 14.82);
insert into STATION values (5691, '-', 1231, 513409.66, 755477.99, 16.08);
insert into STATION values (5692, '-', 1231, 513410.42, 755475.17, 16.67);
insert into STATION values (5693, '-', 1231, 513404.97, 755480.92, 16.80);
insert into STATION values (5694, '-', 1231, 513404.40, 755480.31, 17.25);
insert into STATION values (5695, '-', 1231, 513405.25, 755478.54, 17.77);
insert into STATION values (5696, '-', 1231, 513404.70, 755477.16, 17.56);
insert into STATION values (5697, '-', 1231, 513411.23, 755469.46, 18.12);
insert into STATION values (5698, '-', 1231, 513398.65, 755481.59, 15.36);
insert into STATION values (5699, '-', 1231, 513398.92, 755482.18, 13.79);
insert into STATION values (5700, '-', 1231, 513400.11, 755482.21, 14.67);
insert into STATION values (5701, '-', 1231, 513399.15, 755481.80, 15.45);
insert into STATION values (5702, '-', 1231, 513399.73, 755480.29, 13.72);
insert into STATION values (5703, '-', 1231, 513399.45, 755482.34, 13.69);
insert into STATION values (5704, '-', 1231, 513394.93, 755484.61, 14.77);
insert into STATION values (5705, '-', 1231, 513394.98, 755483.99, 15.46);
insert into STATION values (5706, '-', 1231, 513394.80, 755483.54, 16.16);
insert into STATION values (5707, '-', 1231, 513394.47, 755483.42, 17.15);
insert into STATION values (5708, '-', 1231, 513396.35, 755480.96, 15.12);
insert into STATION values (5709, '-', 1231, 513395.40, 755480.40, 16.22);
insert into STATION values (5710, '-', 1231, 513395.09, 755480.16, 17.65);
insert into STATION values (5711, '-', 1231, 513394.39, 755481.49, 18.39);
insert into STATION values (5712, '-', 1231, 513395.64, 755480.37, 17.94);
insert into STATION values (5713, '-', 1231, 513396.69, 755481.05, 17.91);
insert into STATION values (5714, '-', 1231, 513397.27, 755481.05, 17.97);
insert into STATION values (5715, '-', 1231, 513398.54, 755480.49, 17.03);
insert into STATION values (5716, '-', 1231, 513397.61, 755480.24, 16.99);
insert into STATION values (5717, '-', 1231, 513396.60, 755480.29, 17.11);
insert into STATION values (5718, '-', 1231, 513396.28, 755482.09, 17.91);
insert into STATION values (5719, '-', 1231, 513395.29, 755483.09, 18.22);
insert into STATION values (5720, '-', 1231, 513396.21, 755483.68, 17.32);
insert into STATION values (5721, '-', 1231, 513395.66, 755484.29, 17.72);
insert into STATION values (5722, '-', 1231, 513397.55, 755483.08, 17.56);
insert into STATION values (5723, '-', 1231, 513397.53, 755483.69, 18.21);
insert into STATION values (5724, '-', 1231, 513395.48, 755484.93, 18.27);
insert into STATION values (5725, '-', 1231, 513394.58, 755484.57, 18.92);
insert into STATION values (5726, '-', 1231, 513395.81, 755482.01, 14.05);
insert into STATION values (5727, '-', 1231, 513396.51, 755482.21, 13.21);
insert into STATION values (5728, '-', 1231, 513397.88, 755482.71, 13.25);
insert into STATION values (5729, '-', 1231, 513399.01, 755483.00, 13.47);
insert into STATION values (5730, '-', 1231, 513398.23, 755483.95, 13.04);
insert into STATION values (5731, '-', 1231, 513398.14, 755484.82, 12.58);
insert into STATION values (5732, '-', 1231, 513400.14, 755484.26, 12.32);
insert into STATION values (5733, '-', 1231, 513400.72, 755486.04, 12.29);
insert into STATION values (5734, '-', 1231, 513400.80, 755487.01, 11.75);
insert into STATION values (5735, '-', 1231, 513399.96, 755485.21, 12.06);
insert into STATION values (5736, '-', 1231, 513399.38, 755485.84, 11.92);
insert into STATION values (5737, '-', 1231, 513403.20, 755488.70, 10.93);
insert into STATION values (5738, '-', 1231, 513401.63, 755490.12, 10.29);
insert into STATION values (5739, '-', 1231, 513400.35, 755491.19, 10.84);
insert into STATION values (5740, '-', 1231, 513397.30, 755488.27, 12.87);
insert into STATION values (5741, '-', 1231, 513399.72, 755491.72, 11.70);
insert into STATION values (5742, '-', 1231, 513404.92, 755479.75, 14.38);
insert into STATION values (5743, '-', 1231, 513403.78, 755480.17, 15.06);
insert into STATION values (5744, '-', 1231, 513402.09, 755479.52, 15.59);
insert into STATION values (5745, '-', 1231, 513402.29, 755480.48, 14.76);
insert into STATION values (5746, '-', 1231, 513402.48, 755480.99, 14.32);
insert into STATION values (5747, '-', 1231, 513401.58, 755482.06, 13.58);
insert into STATION values (5748, '-', 1231, 513401.08, 755484.63, 12.72);
insert into STATION values (5749, '-', 1231, 513402.04, 755484.75, 13.16);
insert into STATION values (5750, '-', 1231, 513403.46, 755484.47, 13.77);
insert into STATION values (5751, '-', 1231, 513405.75, 755484.22, 13.16);
insert into STATION values (5752, '-', 1231, 513405.99, 755484.71, 12.15);
insert into STATION values (5753, '-', 1231, 513405.46, 755485.87, 12.31);
insert into STATION values (5754, '-', 1231, 513404.43, 755485.46, 11.88);
insert into STATION values (5755, '-', 1231, 513402.94, 755486.15, 11.63);
insert into STATION values (5756, '-', 1231, 513402.63, 755485.34, 11.40);
insert into STATION values (5757, '-', 1231, 513396.95, 755486.54, 13.42);
insert into STATION values (5758, '-', 1231, 513396.77, 755484.84, 12.76);
insert into STATION values (5759, '-', 1231, 513397.10, 755485.32, 12.48);
insert into STATION values (5760, '-', 1231, 513395.47, 755492.24, 17.68);
insert into STATION values (5761, '-', 1231, 513394.95, 755492.24, 17.76);
insert into STATION values (5762, '-', 1231, 513395.69, 755489.87, 18.23);
insert into STATION values (5763, '-', 1231, 513397.84, 755488.98, 18.16);
insert into STATION values (5764, '-', 1231, 513397.76, 755490.68, 17.82);
insert into STATION values (5765, '-', 1231, 513391.92, 755484.60, 19.19);
insert into STATION values (5766, '-', 1231, 513391.36, 755484.36, 18.60);
insert into STATION values (5767, '-', 1231, 513390.90, 755483.56, 18.13);
insert into STATION values (5768, '-', 1231, 513390.53, 755483.33, 17.56);
insert into STATION values (5769, '-', 1231, 513390.26, 755484.89, 17.23);
insert into STATION values (5770, '-', 1231, 513392.50, 755485.15, 15.81);
insert into STATION values (5771, '1.5', 1231, 513397.18, 755484.78, 13.12);
insert into STATION values (5772, '-', 1231, 513395.11, 755485.67, 13.62);
insert into STATION values (5773, '-', 1231, 513395.01, 755485.83, 14.91);
insert into STATION values (5774, '-', 1231, 513395.29, 755486.65, 13.91);
insert into STATION values (5775, '-', 1231, 513395.31, 755486.66, 14.65);
insert into STATION values (5776, '-', 1231, 513392.15, 755489.98, 17.82);
insert into STATION values (5777, '-', 1231, 513391.44, 755488.18, 18.67);
insert into STATION values (5778, '-', 1231, 513394.94, 755484.88, 14.30);
insert into STATION values (5779, '-', 1231, 513394.96, 755484.16, 15.17);
insert into STATION values (5780, '-', 1231, 513394.89, 755485.18, 13.67);
insert into STATION values (5781, '-', 1231, 513395.04, 755485.59, 13.56);
insert into STATION values (5782, '-', 1231, 513392.18, 755486.39, 14.51);
insert into STATION values (5783, '-', 1231, 513391.82, 755486.51, 14.10);
insert into STATION values (5784, '-', 1231, 513390.81, 755486.40, 13.66);
insert into STATION values (5785, '-', 1231, 513390.77, 755485.95, 13.15);
insert into STATION values (5786, '-', 1231, 513392.97, 755487.18, 12.52);
insert into STATION values (5787, '-', 1231, 513393.92, 755486.41, 12.24);
insert into STATION values (5788, '-', 1231, 513394.18, 755487.21, 12.70);
insert into STATION values (5789, '-', 1231, 513394.48, 755486.90, 12.17);
insert into STATION values (5790, '-', 1231, 513395.24, 755486.50, 11.85);
insert into STATION values (5791, '-', 1231, 513396.70, 755485.39, 12.75);
insert into STATION values (5792, '-', 1231, 513396.38, 755485.63, 13.04);
insert into STATION values (5793, '-', 1231, 513396.73, 755486.47, 13.39);
insert into STATION values (5794, '-', 1231, 513397.26, 755486.63, 13.33);
insert into STATION values (5795, '-', 1231, 513397.60, 755486.50, 13.01);
insert into STATION values (5796, '-', 1231, 513397.84, 755486.08, 12.54);
insert into STATION values (5797, '-', 1231, 513397.02, 755485.88, 12.90);
insert into STATION values (5798, '-', 1231, 513398.12, 755492.25, 13.64);
insert into STATION values (5799, '-', 1231, 513399.94, 755491.57, 11.87);
insert into STATION values (5800, '-', 1231, 513401.81, 755489.83, 10.75);
insert into STATION values (5801, '-', 1231, 513398.99, 755486.84, 11.73);
insert into STATION values (5802, '-', 1231, 513399.44, 755488.18, 11.33);
insert into STATION values (5803, '-', 1231, 513399.21, 755485.95, 11.87);
insert into STATION values (5804, '-', 1231, 513400.65, 755487.01, 11.73);
insert into STATION values (5805, '-', 1231, 513402.94, 755489.01, 10.25);
insert into STATION values (5806, '-', 1231, 513400.66, 755486.22, 12.17);
insert into STATION values (5807, '-', 1231, 513402.95, 755487.96, 14.00);
insert into STATION values (5808, '-', 1231, 513401.54, 755487.29, 14.52);
insert into STATION values (5809, '-', 1231, 513401.17, 755487.58, 16.01);
insert into STATION values (5810, '-', 1231, 513400.17, 755487.81, 17.94);
insert into STATION values (5811, '-', 1231, 513394.77, 755483.28, 16.49);
insert into STATION values (5812, '-', 1231, 513393.87, 755484.67, 16.58);
insert into STATION values (5813, '-', 1231, 513392.53, 755483.83, 18.99);
insert into STATION values (5814, '-', 1231, 513393.37, 755482.62, 18.59);
insert into STATION values (5815, '-', 1231, 513395.98, 755480.57, 17.54);
insert into STATION values (5816, '-', 1231, 513394.52, 755479.67, 17.67);
insert into STATION values (5817, '-', 1231, 513394.18, 755481.06, 18.00);
insert into STATION values (5818, '-', 1231, 513394.95, 755480.55, 18.80);
insert into STATION values (5819, '-', 1231, 513395.17, 755481.05, 19.37);
insert into STATION values (5820, '-', 1231, 513396.72, 755481.03, 18.34);
insert into STATION values (5821, '-', 1231, 513397.09, 755480.48, 19.40);
insert into STATION values (5822, '-', 1231, 513396.22, 755480.06, 19.47);
insert into STATION values (5823, '-', 1231, 513396.49, 755481.35, 17.99);
insert into STATION values (5824, '-', 1231, 513397.20, 755481.99, 17.83);
insert into STATION values (5825, '-', 1231, 513396.55, 755482.60, 17.77);
insert into STATION values (5826, '-', 1231, 513396.90, 755483.09, 17.17);
insert into STATION values (5827, '-', 1231, 513397.65, 755482.68, 17.42);
insert into STATION values (5828, '-', 1231, 513398.78, 755482.18, 17.93);
insert into STATION values (5829, '-', 1231, 513398.37, 755482.95, 18.31);
insert into STATION values (5830, '-', 1231, 513397.07, 755484.11, 18.48);
insert into STATION values (5831, '-', 1231, 513395.49, 755485.00, 18.25);
insert into STATION values (5832, '-', 1231, 513394.97, 755483.69, 18.36);
insert into STATION values (5833, '-', 1231, 513393.39, 755483.39, 18.99);
insert into STATION values (5834, '-', 1231, 513392.61, 755485.62, 19.04);
insert into STATION values (5835, '-', 1231, 513397.18, 755483.90, 11.30);
insert into STATION values (5836, '-', 1231, 513397.45, 755484.53, 11.41);
insert into STATION values (5837, '-', 1231, 513397.65, 755485.12, 11.67);
insert into STATION values (5838, '-', 1231, 513397.72, 755483.96, 11.05);
insert into STATION values (5839, '-', 1231, 513397.80, 755484.65, 11.59);
insert into STATION values (5840, '-', 1231, 513397.41, 755484.55, 12.58);
insert into STATION values (5841, '-', 1231, 513397.73, 755485.21, 12.43);
insert into STATION values (5842, '-', 1231, 513398.41, 755486.10, 11.12);
insert into STATION values (5843, '-', 1231, 513397.73, 755481.56, 14.18);
insert into STATION values (5844, '-', 1231, 513398.79, 755478.96, 15.32);
insert into STATION values (5845, '-', 1231, 513402.73, 755469.57, 19.48);
insert into STATION values (5846, '-', 1231, 513403.64, 755469.47, 17.74);
insert into STATION values (5847, '-', 1231, 513398.63, 755482.11, 13.89);
insert into STATION values (5848, '-', 1231, 513398.62, 755481.88, 14.81);
insert into STATION values (5849, '-', 1231, 513399.03, 755481.81, 15.34);
insert into STATION values (5850, '-', 1231, 513401.99, 755477.95, 18.72);
insert into STATION values (5851, '-', 1231, 513399.59, 755482.01, 14.83);
insert into STATION values (5852, '-', 1231, 513399.39, 755482.19, 14.05);
insert into STATION values (5853, '-', 1231, 513398.90, 755482.98, 13.39);
insert into STATION values (5854, '-', 1231, 513398.07, 755483.93, 12.98);
insert into STATION values (5855, '-', 1231, 513399.79, 755483.07, 13.20);
insert into STATION values (5856, '-', 1231, 513402.49, 755481.12, 13.94);
insert into STATION values (5857, '-', 1231, 513409.67, 755477.43, 16.72);
insert into STATION values (5858, '-', 1231, 513408.77, 755482.32, 14.90);
insert into STATION values (5859, '1.6', 1231, 513393.88, 755486.48, 12.01);
insert into STATION values (5860, '-', 1231, 513393.58, 755487.81, 10.46);
insert into STATION values (5861, '-', 1231, 513393.25, 755487.04, 11.19);
insert into STATION values (5862, '-', 1231, 513393.84, 755487.43, 11.62);
insert into STATION values (5863, '-', 1231, 513394.27, 755487.25, 11.36);
insert into STATION values (5864, '-', 1231, 513394.89, 755488.01, 10.05);
insert into STATION values (5865, '-', 1231, 513395.44, 755487.55, 9.90);
insert into STATION values (5866, '-', 1231, 513395.75, 755487.09, 9.95);
insert into STATION values (5867, '-', 1231, 513394.96, 755486.75, 11.22);
insert into STATION values (5868, '-', 1231, 513394.49, 755486.77, 11.80);
insert into STATION values (5869, '-', 1231, 513394.16, 755486.95, 11.95);
insert into STATION values (5870, '-', 1231, 513395.06, 755486.86, 13.15);
insert into STATION values (5871, '-', 1231, 513394.72, 755486.90, 12.48);
insert into STATION values (5872, '-', 1231, 513395.41, 755486.90, 12.39);
insert into STATION values (5873, '-', 1231, 513394.46, 755487.71, 12.62);
insert into STATION values (5874, '-', 1231, 513394.18, 755487.25, 12.49);
insert into STATION values (5875, '-', 1231, 513393.97, 755487.53, 12.30);
insert into STATION values (5876, '-', 1231, 513393.55, 755488.00, 12.22);
insert into STATION values (5877, '-', 1231, 513392.69, 755489.83, 12.16);
insert into STATION values (5878, '-', 1231, 513392.94, 755488.79, 12.04);
insert into STATION values (5879, '-', 1231, 513393.95, 755487.27, 12.40);
insert into STATION values (5880, '-', 1231, 513394.18, 755487.10, 12.58);
insert into STATION values (5881, '-', 1231, 513394.39, 755487.22, 12.98);
insert into STATION values (5882, '-', 1231, 513394.53, 755486.67, 12.93);
insert into STATION values (5883, '-', 1231, 513394.80, 755486.19, 13.02);
insert into STATION values (5884, '-', 1231, 513394.93, 755485.59, 13.42);
insert into STATION values (5885, '-', 1231, 513394.76, 755485.21, 13.42);
insert into STATION values (5886, '-', 1231, 513394.67, 755484.84, 13.09);
insert into STATION values (5887, '-', 1231, 513395.12, 755484.87, 13.10);
insert into STATION values (5888, '-', 1231, 513394.93, 755485.48, 12.59);
insert into STATION values (5889, '-', 1231, 513395.27, 755485.35, 11.76);
insert into STATION values (5890, '-', 1231, 513394.76, 755485.44, 11.78);
insert into STATION values (5891, '-', 1231, 513396.20, 755484.26, 10.85);
insert into STATION values (5892, '-', 1231, 513396.02, 755485.05, 10.99);
insert into STATION values (5893, '-', 1231, 513394.87, 755485.51, 11.02);
insert into STATION values (5894, '-', 1231, 513394.82, 755485.87, 10.97);
insert into STATION values (5895, '-', 1231, 513394.80, 755485.07, 10.70);
insert into STATION values (5896, '-', 1231, 513396.18, 755482.77, 9.34);
insert into STATION values (5897, '-', 1231, 513395.45, 755483.67, 10.14);
insert into STATION values (5898, '-', 1231, 513394.78, 755484.32, 10.58);
insert into STATION values (5899, '-', 1231, 513394.33, 755483.61, 11.66);
insert into STATION values (5900, '-', 1231, 513394.65, 755482.16, 12.77);
insert into STATION values (5901, '-', 1231, 513393.84, 755482.65, 12.63);
insert into STATION values (5902, '-', 1231, 513393.55, 755483.84, 11.49);
insert into STATION values (5903, '-', 1231, 513393.79, 755485.01, 10.98);
insert into STATION values (5904, '-', 1231, 513398.53, 755480.28, 16.59);
insert into STATION values (5905, '-', 1231, 513401.46, 755480.28, 19.20);
insert into STATION values (5906, '-', 1231, 513396.66, 755483.28, 17.16);
insert into STATION values (5907, '-', 1231, 513395.25, 755483.39, 18.14);
insert into STATION values (5908, '-', 1231, 513392.06, 755485.32, 11.08);
insert into STATION values (5909, '-', 1231, 513392.40, 755485.78, 11.92);
insert into STATION values (5910, '-', 1231, 513392.80, 755486.54, 11.78);
insert into STATION values (5911, '1.7', 1231, 513403.73, 755479.94, 15.34);
insert into STATION values (5912, '-', 1231, 513403.16, 755479.77, 14.62);
insert into STATION values (5913, '-', 1231, 513398.49, 755477.78, 17.10);
insert into STATION values (5914, '-', 1231, 513402.30, 755479.27, 15.84);
insert into STATION values (5915, '-', 1231, 513400.12, 755478.26, 16.85);
insert into STATION values (5916, '-', 1231, 513400.17, 755478.35, 17.72);
insert into STATION values (5917, '-', 1231, 513399.51, 755478.19, 19.41);
insert into STATION values (5918, '-', 1231, 513400.67, 755478.80, 19.62);
insert into STATION values (5919, '-', 1231, 513401.76, 755479.26, 19.48);
insert into STATION values (5920, '-', 1231, 513402.77, 755479.79, 19.37);
insert into STATION values (5921, '-', 1231, 513403.47, 755480.01, 17.56);
insert into STATION values (5922, '-', 1231, 513403.95, 755479.92, 17.47);
insert into STATION values (5923, '-', 1231, 513404.67, 755479.99, 17.08);
insert into STATION values (5924, '-', 1231, 513406.02, 755480.20, 16.76);
insert into STATION values (5925, '-', 1231, 513408.02, 755480.40, 16.67);
insert into STATION values (5926, '-', 1231, 513409.01, 755480.78, 16.10);
insert into STATION values (5927, '-', 1231, 513409.27, 755480.83, 15.04);
insert into STATION values (5928, '-', 1231, 513409.31, 755480.98, 14.28);
insert into STATION values (5929, '-', 1231, 513409.45, 755481.11, 13.31);
insert into STATION values (5930, '-', 1231, 513405.39, 755480.29, 14.38);
insert into STATION values (5931, '-', 1231, 513399.36, 755481.71, 15.34);
insert into STATION values (5932, '-', 1231, 513400.15, 755482.06, 14.76);
insert into STATION values (5933, '-', 1231, 513399.51, 755476.18, 16.91);
insert into STATION values (5934, '-', 1231, 513396.82, 755472.93, 17.90);
insert into STATION values (5935, '-', 1231, 513397.30, 755472.20, 18.05);
insert into STATION values (5936, '-', 1231, 513398.33, 755471.59, 18.00);
insert into STATION values (5937, '-', 1231, 513399.12, 755469.79, 18.18);
insert into STATION values (5938, '-', 1231, 513399.79, 755468.56, 18.27);
insert into STATION values (5939, '-', 1231, 513401.46, 755468.11, 18.84);
insert into STATION values (5940, '-', 1231, 513402.83, 755468.15, 18.97);
insert into STATION values (5941, '-', 1231, 513405.19, 755468.57, 19.55);
insert into STATION values (5942, '-', 1231, 513406.03, 755470.37, 18.81);
insert into STATION values (5943, '-', 1231, 513407.09, 755471.34, 18.18);
insert into STATION values (5944, '-', 1231, 513409.26, 755470.26, 18.43);
insert into STATION values (5945, '-', 1231, 513409.71, 755472.59, 17.97);
insert into STATION values (5946, '-', 1231, 513410.92, 755474.46, 17.25);
insert into STATION values (5947, '-', 1231, 513410.09, 755476.33, 16.47);
insert into STATION values (5948, '-', 1231, 513409.30, 755478.23, 15.94);
insert into STATION values (5949, '-', 1231, 513409.36, 755480.05, 15.72);
insert into STATION values (5950, '-', 1231, 513409.22, 755481.32, 14.94);
insert into STATION values (5951, '-', 1231, 513403.86, 755483.41, 13.32);
insert into STATION values (5952, '-', 1231, 513403.79, 755483.92, 14.07);
insert into STATION values (5953, '-', 1231, 513404.25, 755487.51, 12.19);
insert into STATION values (5954, '-', 1231, 513399.23, 755488.73, 11.28);
insert into STATION values (5955, '-', 1231, 513397.59, 755487.93, 11.65);
insert into STATION values (5956, '-', 1231, 513397.26, 755487.88, 12.79);
insert into STATION values (5957, '-', 1231, 513395.91, 755491.27, 12.79);
insert into STATION values (5958, '-', 1231, 513391.47, 755493.83, 12.56);
insert into STATION values (5959, '-', 1231, 513395.43, 755487.38, 14.05);
insert into STATION values (5960, '-', 1231, 513395.12, 755486.62, 15.14);
insert into STATION values (5961, '-', 1231, 513394.70, 755486.04, 15.03);
insert into STATION values (5962, '-', 1231, 513395.18, 755485.78, 14.03);
insert into STATION values (5963, '-', 1231, 513400.32, 755482.13, 14.50);
insert into STATION values (5964, '-', 1231, 513402.45, 755480.57, 14.81);
insert into STATION values (5965, '-', 1231, 513402.77, 755480.91, 14.37);
insert into STATION values (5966, '-', 1231, 513399.33, 755481.10, 14.95);
insert into STATION values (5967, '-', 1231, 513399.21, 755481.66, 15.39);
insert into STATION values (5968, '-', 1231, 513394.77, 755482.94, 16.13);
insert into STATION values (5969, '-', 1231, 513398.60, 755482.06, 17.91);
insert into STATION values (5970, '-', 1231, 513397.16, 755482.89, 17.15);
insert into STATION values (5971, '-', 1231, 513396.59, 755482.25, 17.74);
insert into STATION values (5972, '-', 1231, 513396.69, 755484.87, 18.32);
insert into STATION values (5973, '-', 1231, 513399.32, 755483.04, 18.62);
insert into STATION values (5974, '-', 1231, 513396.18, 755482.84, 17.68);
insert into STATION values (5975, '-', 1231, 513398.58, 755480.59, 17.28);
insert into STATION values (5976, '-', 1231, 513397.72, 755481.00, 18.13);
insert into STATION values (5977, '-', 1231, 513396.98, 755481.45, 18.28);
insert into STATION values (5978, '-', 1231, 513394.53, 755481.55, 18.56);
insert into STATION values (5979, '-', 1231, 513392.82, 755483.17, 18.55);
insert into STATION values (5980, '-', 1231, 513398.92, 755480.43, 16.74);
insert into STATION values (5981, '-', 1231, 513399.77, 755478.97, 16.84);
insert into STATION values (5982, '-', 1231, 513400.32, 755478.16, 17.04);
insert into STATION values (5983, '-', 1231, 513402.33, 755479.27, 15.80);
insert into STATION values (5984, '-', 1231, 513399.74, 755478.45, 17.88);
insert into STATION values (5985, '-', 1231, 513403.40, 755480.38, 17.44);
insert into STATION values (5986, '-', 1231, 513402.17, 755482.04, 19.23);
insert into STATION values (5987, '-', 1231, 513403.40, 755481.58, 17.16);
insert into STATION values (5988, '-', 1231, 513402.20, 755484.02, 18.51);
insert into STATION values (5989, '-', 1231, 513403.25, 755482.52, 16.94);
insert into STATION values (5990, '-', 1231, 513402.69, 755484.72, 17.26);
insert into STATION values (5991, '-', 1231, 513403.19, 755484.42, 16.57);
insert into STATION values (5992, '-', 1231, 513402.80, 755485.11, 16.14);
insert into STATION values (5993, '-', 1231, 513403.23, 755485.17, 15.37);
insert into STATION values (5994, '-', 1231, 513402.81, 755486.45, 14.89);
insert into STATION values (5995, '-', 1231, 513401.95, 755486.12, 15.06);
insert into STATION values (5996, '-', 1231, 513399.52, 755491.59, 15.38);
insert into STATION values (5997, '-', 1231, 513401.47, 755486.12, 16.03);
insert into STATION values (5998, '-', 1231, 513398.58, 755491.24, 17.78);
insert into STATION values (5999, '-', 1231, 513404.04, 755479.25, 12.16);
insert into STATION values (6000, '-', 1231, 513404.06, 755479.19, 11.89);
insert into STATION values (6001, '-', 1231, 513404.30, 755478.59, 9.13);
insert into STATION values (6002, '-', 1231, 513404.10, 755478.87, 10.56);
insert into STATION values (6003, '-', 1231, 513409.19, 755473.93, 15.76);
insert into STATION values (6004, '-', 1231, 513410.43, 755477.29, 15.71);
insert into STATION values (6005, '-', 1231, 513409.66, 755475.30, 15.73);
insert into STATION values (6006, '-', 1231, 513406.97, 755480.48, 15.51);
insert into STATION values (6007, '-', 1231, 513404.86, 755472.39, 15.73);
insert into STATION values (6008, '-', 1231, 513404.32, 755472.64, 15.72);
insert into STATION values (6009, '-', 1231, 513403.84, 755478.82, 10.58);
insert into STATION values (6010, '-', 1231, 513403.41, 755475.90, 15.55);
insert into STATION values (6011, '-', 1231, 513401.82, 755472.01, 15.76);
insert into STATION values (6012, '-', 1231, 513401.99, 755473.07, 15.71);
insert into STATION values (6013, '-', 1231, 513403.19, 755471.23, 15.79);
insert into STATION values (6014, '-', 1231, 513402.37, 755473.51, 15.68);
insert into STATION values (6015, '-', 1231, 513402.42, 755472.20, 15.75);
insert into STATION values (6016, '-', 1231, 513401.99, 755473.97, 15.66);
insert into STATION values (6017, '-', 1231, 513403.32, 755475.19, 15.59);
insert into STATION values (6018, '-', 1231, 513403.62, 755474.27, 15.63);
insert into STATION values (6019, '2.0', 1255, 513397.18, 755484.78, 13.12);
insert into STATION values (6020, '-', 1255, 513393.93, 755486.54, 12.01);
insert into STATION values (6021, '-', 1255, 513393.88, 755486.48, 12.03);
insert into STATION values (6022, '-', 1255, 513400.46, 755483.05, 14.23);
insert into STATION values (6023, '2.1', 1255, 513403.73, 755479.94, 15.34);
insert into STATION values (6024, '-', 1255, 513407.35, 755483.06, 14.63);
insert into STATION values (6025, '-', 1255, 513407.05, 755482.53, 15.83);
insert into STATION values (6026, '-', 1255, 513406.18, 755481.83, 16.25);
insert into STATION values (6027, '-', 1255, 513405.36, 755481.15, 16.47);
insert into STATION values (6028, '-', 1255, 513404.80, 755480.74, 16.91);
insert into STATION values (6029, '-', 1255, 513404.35, 755480.44, 17.25);
insert into STATION values (6030, '-', 1255, 513403.56, 755479.91, 17.78);
insert into STATION values (6031, '-', 1255, 513401.81, 755479.18, 19.49);
insert into STATION values (6032, '-', 1255, 513400.27, 755478.21, 19.57);
insert into STATION values (6033, '-', 1255, 513399.82, 755477.98, 19.03);
insert into STATION values (6034, '-', 1255, 513403.49, 755479.81, 15.49);
insert into STATION values (6035, '-', 1255, 513400.10, 755478.16, 16.81);
insert into STATION values (6036, '-', 1255, 513398.48, 755477.81, 17.00);
insert into STATION values (6037, '-', 1255, 513403.18, 755479.60, 14.69);
insert into STATION values (6038, '-', 1255, 513402.29, 755479.29, 15.81);
insert into STATION values (6039, '-', 1255, 513406.91, 755483.02, 12.80);
insert into STATION values (6040, '-', 1255, 513407.32, 755483.06, 14.83);
insert into STATION values (6041, '-', 1255, 513408.99, 755482.01, 14.73);
insert into STATION values (6042, '-', 1255, 513409.39, 755480.65, 15.56);
insert into STATION values (6043, '-', 1255, 513409.46, 755478.82, 15.41);
insert into STATION values (6044, '-', 1255, 513410.15, 755476.47, 16.31);
insert into STATION values (6045, '-', 1255, 513409.96, 755474.90, 16.65);
insert into STATION values (6046, '-', 1255, 513411.21, 755472.30, 17.47);
insert into STATION values (6047, '-', 1255, 513409.82, 755472.50, 17.51);
insert into STATION values (6048, '-', 1255, 513408.65, 755472.92, 17.25);
insert into STATION values (6049, '-', 1255, 513409.31, 755470.59, 18.19);
insert into STATION values (6050, '-', 1255, 513409.22, 755469.01, 18.42);
insert into STATION values (6051, '-', 1255, 513408.34, 755468.84, 18.28);
insert into STATION values (6052, '-', 1255, 513407.74, 755468.74, 18.30);
insert into STATION values (6053, '-', 1255, 513407.38, 755468.43, 18.28);
insert into STATION values (6054, '-', 1255, 513406.87, 755467.91, 18.34);
insert into STATION values (6055, '-', 1255, 513405.81, 755469.19, 19.09);
insert into STATION values (6056, '-', 1255, 513405.17, 755468.94, 19.39);
insert into STATION values (6057, '-', 1255, 513402.97, 755468.38, 19.19);
insert into STATION values (6058, '-', 1255, 513402.25, 755468.38, 19.41);
insert into STATION values (6059, '-', 1255, 513401.57, 755469.02, 19.37);
insert into STATION values (6060, '-', 1255, 513400.77, 755469.76, 18.77);
insert into STATION values (6061, '-', 1255, 513399.96, 755470.47, 18.39);
insert into STATION values (6062, '-', 1255, 513398.70, 755470.74, 18.03);
insert into STATION values (6063, '-', 1255, 513398.12, 755471.81, 17.84);
insert into STATION values (6064, '-', 1255, 513397.07, 755472.28, 18.02);
insert into STATION values (6065, '-', 1255, 513396.61, 755473.09, 17.96);
insert into STATION values (6066, '-', 1255, 513399.44, 755476.24, 16.82);
insert into STATION values (6067, '2.2', 1255, 513403.08, 755471.35, 16.02);
insert into STATION values (6068, '-', 1255, 513396.23, 755473.87, 18.27);
insert into STATION values (6069, '-', 1255, 513394.75, 755475.16, 18.20);
insert into STATION values (6070, '-', 1255, 513394.92, 755475.77, 17.80);
insert into STATION values (6071, '-', 1255, 513394.72, 755476.60, 17.55);
insert into STATION values (6072, '-', 1255, 513395.85, 755476.33, 17.35);
insert into STATION values (6073, '-', 1255, 513396.97, 755476.06, 17.26);
insert into STATION values (6074, '-', 1255, 513397.82, 755475.92, 17.19);
insert into STATION values (6075, '-', 1255, 513398.53, 755475.96, 17.13);
insert into STATION values (6076, '-', 1255, 513399.16, 755476.01, 16.99);
insert into STATION values (6077, '-', 1255, 513399.16, 755476.93, 16.61);
insert into STATION values (6078, '2.3', 1255, 513402.44, 755471.10, 12.69);
insert into STATION values (6079, '2.4', 1255, 513400.87, 755474.33, 16.17);
insert into STATION values (6080, '2.5', 1255, 513395.13, 755475.33, 17.59);
insert into STATION values (6081, '-', 1255, 513404.97, 755486.01, 14.00);
insert into STATION values (6082, '-', 1255, 513399.59, 755481.83, 15.05);
insert into STATION values (6083, '-', 1255, 513400.56, 755483.11, 13.34);
insert into STATION values (6084, '-', 1255, 513397.71, 755486.49, 12.83);
insert into STATION values (6085, '-', 1255, 513395.50, 755486.79, 13.80);
insert into STATION values (6086, '-', 1255, 513394.73, 755483.09, 16.08);
insert into STATION values (6087, '-', 1255, 513397.34, 755482.83, 16.81);
insert into STATION values (6088, '2.6', 1255, 513410.23, 755478.35, 12.97);
insert into STATION values (6089, '-', 1255, 513408.94, 755481.83, 13.33);
insert into STATION values (6090, '-', 1255, 513409.96, 755480.55, 13.19);
insert into STATION values (6091, '-', 1255, 513410.48, 755479.75, 13.04);
insert into STATION values (6092, '-', 1255, 513410.88, 755479.11, 13.01);
insert into STATION values (6093, '-', 1255, 513411.02, 755478.85, 13.04);
insert into STATION values (6094, '-', 1255, 513411.33, 755478.19, 13.04);
insert into STATION values (6095, '-', 1255, 513411.59, 755477.10, 12.96);
insert into STATION values (6096, '-', 1255, 513411.76, 755476.06, 13.36);
insert into STATION values (6097, '-', 1255, 513411.86, 755474.85, 13.75);
insert into STATION values (6098, '-', 1255, 513411.87, 755474.52, 12.35);
insert into STATION values (6099, '-', 1255, 513412.39, 755474.29, 12.06);
insert into STATION values (6100, '-', 1255, 513413.43, 755473.10, 12.07);
insert into STATION values (6101, '-', 1255, 513414.07, 755472.45, 11.70);
insert into STATION values (6102, '2.7', 1255, 513412.54, 755474.46, 11.34);
insert into STATION values (6103, '-', 1255, 513411.42, 755478.00, 11.94);
insert into STATION values (6104, '-', 1255, 513412.05, 755477.23, 11.79);
insert into STATION values (6105, '-', 1255, 513412.56, 755476.33, 11.57);
insert into STATION values (6106, '-', 1255, 513413.23, 755476.24, 11.16);
insert into STATION values (6107, '-', 1255, 513413.75, 755476.05, 10.95);
insert into STATION values (6108, '-', 1255, 513414.11, 755475.60, 10.91);
insert into STATION values (6109, '-', 1255, 513414.59, 755474.87, 10.66);
insert into STATION values (6110, '-', 1255, 513415.00, 755474.14, 10.46);
insert into STATION values (6111, '2.8', 1255, 513414.50, 755472.75, 11.18);
insert into STATION values (6112, '-', 1255, 513412.57, 755474.47, 11.29);
insert into STATION values (6113, '-', 1255, 513414.87, 755473.72, 10.82);
insert into STATION values (6114, '-', 1255, 513415.53, 755473.76, 10.70);
insert into STATION values (6115, '-', 1255, 513416.34, 755473.62, 10.28);
insert into STATION values (6116, '-', 1255, 513416.99, 755473.20, 10.22);
insert into STATION values (6117, '-', 1255, 513418.46, 755472.22, 9.69);
insert into STATION values (6118, '-', 1255, 513418.75, 755471.34, 9.75);
insert into STATION values (6119, '-', 1255, 513419.28, 755470.55, 9.73);
insert into STATION values (6120, '-', 1255, 513414.21, 755471.83, 11.81);
insert into STATION values (6121, '-', 1255, 513415.08, 755471.14, 12.01);
insert into STATION values (6122, '-', 1255, 513415.67, 755471.24, 12.09);
insert into STATION values (6123, '-', 1255, 513416.37, 755470.89, 12.18);
insert into STATION values (6124, '-', 1255, 513417.43, 755470.00, 12.60);
insert into STATION values (6125, '-', 1255, 513413.93, 755476.17, 9.91);
insert into STATION values (6126, '-', 1255, 513414.40, 755474.91, 10.12);
insert into STATION values (6127, '-', 1255, 513414.82, 755473.79, 10.79);
insert into STATION values (6128, '-', 1255, 513415.72, 755473.24, 10.65);
insert into STATION values (6129, '-', 1255, 513416.42, 755472.25, 9.85);
insert into STATION values (6130, '-', 1255, 513415.89, 755471.75, 10.72);
insert into STATION values (6131, '6.0', 1293, 513397.18, 755484.78, 13.12);
insert into STATION values (6132, '6.1', 1293, 513403.73, 755479.94, 15.34);
insert into STATION values (6133, '6.2', 1293, 513399.11, 755479.57, 14.71);
insert into STATION values (6134, '-', 1293, 513399.84, 755479.31, 13.97);
insert into STATION values (6135, '-', 1293, 513399.61, 755479.87, 13.77);
insert into STATION values (6136, '-', 1293, 513398.94, 755479.82, 14.28);
insert into STATION values (6137, '-', 1293, 513399.06, 755479.32, 14.55);
insert into STATION values (6138, '6.3', 1293, 513400.44, 755479.41, 12.45);
insert into STATION values (6139, '-', 1293, 513400.10, 755479.63, 12.49);
insert into STATION values (6140, '-', 1293, 513399.66, 755479.56, 12.50);
insert into STATION values (6141, '-', 1293, 513398.79, 755479.51, 12.54);
insert into STATION values (6142, '-', 1293, 513398.14, 755479.52, 12.46);
insert into STATION values (6143, '-', 1293, 513395.13, 755479.58, 12.41);
insert into STATION values (6144, '-', 1293, 513395.67, 755479.60, 12.20);
insert into STATION values (6145, '-', 1293, 513394.35, 755479.60, 13.55);
insert into STATION values (6146, '-', 1293, 513396.13, 755479.30, 12.95);
insert into STATION values (6147, '-', 1293, 513398.34, 755479.16, 12.63);
insert into STATION values (6148, '-', 1293, 513399.34, 755479.05, 12.52);
insert into STATION values (6149, '-', 1293, 513400.01, 755479.01, 12.49);
insert into STATION values (6150, '-', 1293, 513400.26, 755479.03, 12.57);
insert into STATION values (6151, '-', 1293, 513400.44, 755479.02, 12.60);
insert into STATION values (6152, '-', 1293, 513398.96, 755478.71, 11.52);
insert into STATION values (6153, '-', 1293, 513394.84, 755479.46, 13.07);
insert into STATION values (6154, '-', 1293, 513397.72, 755479.21, 12.64);
insert into STATION values (6155, '-', 1293, 513398.98, 755479.07, 12.45);
insert into STATION values (6156, '-', 1293, 513399.83, 755479.00, 12.45);
insert into STATION values (6157, '-', 1293, 513400.27, 755479.00, 12.51);
insert into STATION values (6158, '-', 1293, 513400.49, 755479.01, 12.60);
insert into STATION values (6159, '-', 1293, 513398.40, 755477.99, 10.90);
insert into STATION values (6160, '-', 1293, 513397.99, 755478.35, 10.68);
insert into STATION values (6161, '-', 1293, 513397.98, 755478.45, 10.86);
insert into STATION values (6162, '-', 1293, 513396.98, 755478.72, 11.35);
insert into STATION values (6163, '-', 1293, 513397.80, 755478.83, 11.60);
insert into STATION values (6164, '-', 1293, 513399.67, 755478.87, 12.14);
insert into STATION values (6165, '-', 1293, 513397.18, 755478.93, 11.43);
insert into STATION values (6166, '-', 1293, 513398.56, 755477.76, 10.98);
insert into STATION values (6167, '-', 1293, 513398.85, 755477.25, 11.08);
insert into STATION values (6168, '-', 1293, 513399.08, 755476.79, 11.10);
insert into STATION values (6169, '-', 1293, 513399.22, 755476.48, 11.13);
insert into STATION values (6170, '-', 1293, 513399.49, 755475.86, 11.06);
insert into STATION values (6171, '-', 1293, 513400.55, 755475.84, 11.66);
insert into STATION values (6172, '-', 1293, 513401.20, 755475.89, 11.90);
insert into STATION values (6173, '-', 1293, 513401.31, 755477.28, 12.14);
insert into STATION values (6174, '-', 1293, 513401.29, 755478.24, 12.36);
insert into STATION values (6175, '-', 1293, 513400.78, 755479.02, 12.46);
insert into STATION values (6176, '3.0', 1308, 513402.44, 755471.10, 12.69);
insert into STATION values (6177, '-', 1308, 513402.95, 755471.67, 12.66);
insert into STATION values (6178, '-', 1308, 513403.28, 755471.71, 12.71);
insert into STATION values (6179, '-', 1308, 513403.73, 755471.72, 12.61);
insert into STATION values (6180, '-', 1308, 513404.04, 755471.70, 12.54);
insert into STATION values (6181, '-', 1308, 513405.41, 755472.12, 12.63);
insert into STATION values (6182, '-', 1308, 513405.67, 755472.05, 12.84);
insert into STATION values (6183, '-', 1308, 513406.68, 755471.91, 13.00);
insert into STATION values (6184, '-', 1308, 513407.08, 755471.61, 12.75);
insert into STATION values (6185, '-', 1308, 513407.40, 755471.25, 12.63);
insert into STATION values (6186, '-', 1308, 513406.38, 755470.94, 12.52);
insert into STATION values (6187, '-', 1308, 513406.35, 755470.57, 12.29);
insert into STATION values (6188, '-', 1308, 513406.44, 755469.98, 12.05);
insert into STATION values (6189, '-', 1308, 513406.26, 755469.51, 11.99);
insert into STATION values (6190, '-', 1308, 513406.03, 755469.13, 11.91);
insert into STATION values (6191, '-', 1308, 513406.11, 755468.61, 12.11);
insert into STATION values (6192, '-', 1308, 513405.88, 755466.05, 12.08);
insert into STATION values (6193, '-', 1308, 513405.83, 755466.51, 12.06);
insert into STATION values (6194, '-', 1308, 513405.64, 755467.28, 12.17);
insert into STATION values (6195, '-', 1308, 513405.91, 755467.54, 12.17);
insert into STATION values (6196, '-', 1308, 513406.32, 755467.85, 12.10);
insert into STATION values (6197, '-', 1308, 513406.01, 755468.56, 12.24);
insert into STATION values (6198, '-', 1308, 513404.52, 755469.81, 13.92);
insert into STATION values (6199, '-', 1308, 513403.37, 755470.32, 13.83);
insert into STATION values (6200, '-', 1308, 513402.51, 755470.97, 13.85);
insert into STATION values (6201, '-', 1308, 513405.74, 755468.60, 13.87);
insert into STATION values (6202, '-', 1308, 513404.68, 755469.14, 11.18);
insert into STATION values (6203, '-', 1308, 513404.87, 755467.74, 10.25);
insert into STATION values (6204, '-', 1308, 513403.82, 755469.46, 10.68);
insert into STATION values (6205, '-', 1308, 513403.32, 755470.59, 11.64);
insert into STATION values (6206, '3.1', 1308, 513405.72, 755466.61, 12.49);
insert into STATION values (6207, '-', 1308, 513406.33, 755465.91, 12.09);
insert into STATION values (6208, '-', 1308, 513406.09, 755465.52, 11.92);
insert into STATION values (6209, '-', 1308, 513406.05, 755465.31, 12.22);
insert into STATION values (6210, '-', 1308, 513405.98, 755464.93, 12.28);
insert into STATION values (6211, '-', 1308, 513405.94, 755464.61, 12.36);
insert into STATION values (6212, '-', 1308, 513405.87, 755463.99, 12.45);
insert into STATION values (6213, '-', 1308, 513405.86, 755460.78, 12.36);
insert into STATION values (6214, '-', 1308, 513405.71, 755460.77, 12.59);
insert into STATION values (6215, '-', 1308, 513405.33, 755460.92, 12.57);
insert into STATION values (6216, '-', 1308, 513405.02, 755460.64, 12.47);
insert into STATION values (6217, '-', 1308, 513405.21, 755463.46, 12.43);
insert into STATION values (6218, '-', 1308, 513405.25, 755464.43, 12.42);
insert into STATION values (6219, '-', 1308, 513405.14, 755465.21, 12.43);
insert into STATION values (6220, '-', 1308, 513405.10, 755465.81, 12.53);
insert into STATION values (6221, '-', 1308, 513404.94, 755466.25, 12.59);
insert into STATION values (6222, '-', 1308, 513404.95, 755466.27, 12.36);
insert into STATION values (6223, '-', 1308, 513404.45, 755466.55, 12.18);
insert into STATION values (6224, '-', 1308, 513403.92, 755466.87, 11.99);
insert into STATION values (6225, '-', 1308, 513403.38, 755467.41, 11.71);
insert into STATION values (6226, '3.2', 1308, 513402.12, 755469.08, 11.07);
insert into STATION values (6227, '-', 1308, 513403.25, 755466.16, 12.57);
insert into STATION values (6228, '-', 1308, 513403.59, 755466.26, 12.54);
insert into STATION values (6229, '-', 1308, 513402.81, 755465.85, 12.58);
insert into STATION values (6230, '-', 1308, 513402.34, 755465.62, 12.52);
insert into STATION values (6231, '-', 1308, 513401.98, 755465.42, 12.41);
insert into STATION values (6232, '-', 1308, 513401.36, 755466.68, 11.88);
insert into STATION values (6233, '-', 1308, 513401.37, 755467.47, 11.76);
insert into STATION values (6234, '-', 1308, 513401.16, 755468.00, 11.61);
insert into STATION values (6235, '-', 1308, 513400.85, 755468.35, 11.63);
insert into STATION values (6236, '-', 1308, 513400.95, 755468.65, 11.64);
insert into STATION values (6237, '-', 1308, 513401.15, 755469.01, 11.53);
insert into STATION values (6238, '-', 1308, 513400.77, 755469.33, 11.49);
insert into STATION values (6239, '-', 1308, 513400.60, 755469.71, 11.43);
insert into STATION values (6240, '-', 1308, 513400.35, 755470.31, 11.35);
insert into STATION values (6241, '-', 1308, 513400.52, 755471.70, 11.21);
insert into STATION values (6242, '-', 1308, 513400.99, 755471.55, 11.38);
insert into STATION values (6243, '-', 1308, 513401.54, 755471.03, 11.81);
insert into STATION values (6244, '-', 1308, 513401.98, 755470.62, 12.05);
insert into STATION values (6245, '-', 1308, 513402.40, 755470.31, 12.25);
insert into STATION values (6246, '-', 1308, 513402.38, 755470.21, 12.22);
insert into STATION values (6247, '3.3', 1308, 513398.03, 755473.68, 11.83);
insert into STATION values (6248, '-', 1308, 513402.09, 755469.91, 11.17);
insert into STATION values (6249, '-', 1308, 513401.47, 755470.66, 11.10);
insert into STATION values (6250, '-', 1308, 513401.02, 755471.16, 11.07);
insert into STATION values (6251, '-', 1308, 513400.12, 755471.87, 11.47);
insert into STATION values (6252, '-', 1308, 513399.87, 755472.30, 11.34);
insert into STATION values (6253, '-', 1308, 513399.29, 755472.92, 11.45);
insert into STATION values (6254, '-', 1308, 513399.05, 755473.35, 11.39);
insert into STATION values (6255, '-', 1308, 513398.71, 755473.78, 11.51);
insert into STATION values (6256, '-', 1308, 513398.95, 755474.45, 11.28);
insert into STATION values (6257, '-', 1308, 513398.75, 755475.30, 11.93);
insert into STATION values (6258, '-', 1308, 513398.38, 755475.55, 12.17);
insert into STATION values (6259, '-', 1308, 513397.99, 755475.34, 12.17);
insert into STATION values (6260, '-', 1308, 513397.43, 755476.12, 12.65);
insert into STATION values (6261, '-', 1308, 513396.95, 755476.00, 12.79);
insert into STATION values (6262, '-', 1308, 513396.02, 755476.22, 13.30);
insert into STATION values (6263, '-', 1308, 513395.58, 755476.05, 13.66);
insert into STATION values (6264, '-', 1308, 513395.21, 755475.83, 14.08);
insert into STATION values (6265, '-', 1308, 513395.29, 755475.37, 13.86);
insert into STATION values (6266, '-', 1308, 513395.80, 755474.83, 13.43);
insert into STATION values (6267, '-', 1308, 513396.25, 755474.05, 13.29);
insert into STATION values (6268, '-', 1308, 513396.57, 755473.68, 12.91);
insert into STATION values (6269, '-', 1308, 513396.88, 755473.39, 12.68);
insert into STATION values (6270, '-', 1308, 513397.27, 755473.08, 12.47);
insert into STATION values (6271, '-', 1308, 513397.48, 755472.93, 12.25);
insert into STATION values (6272, '-', 1308, 513397.68, 755472.76, 12.07);
insert into STATION values (6273, '-', 1308, 513397.82, 755472.58, 12.03);
insert into STATION values (6274, '-', 1308, 513398.02, 755472.40, 11.97);
insert into STATION values (6275, '-', 1308, 513398.27, 755471.53, 12.10);
insert into STATION values (6276, '-', 1308, 513398.62, 755471.52, 12.05);
insert into STATION values (6277, '-', 1308, 513398.84, 755471.43, 12.07);
insert into STATION values (6278, '-', 1308, 513399.74, 755470.74, 12.00);
insert into STATION values (6279, '3.4', 1308, 513397.36, 755473.02, 12.91);
insert into STATION values (6280, '-', 1308, 513395.50, 755474.65, 12.42);
insert into STATION values (6281, '-', 1308, 513395.18, 755475.19, 12.26);
insert into STATION values (6282, '-', 1308, 513394.54, 755475.99, 12.03);
insert into STATION values (6283, '-', 1308, 513393.85, 755476.85, 11.86);
insert into STATION values (6284, '-', 1308, 513396.03, 755474.55, 12.71);
insert into STATION values (6285, '-', 1308, 513399.16, 755471.25, 15.76);
insert into STATION values (6286, '-', 1308, 513397.46, 755472.86, 15.58);
insert into STATION values (6287, '-', 1308, 513396.78, 755473.88, 15.43);
insert into STATION values (6288, '-', 1308, 513400.36, 755471.76, 10.99);
insert into STATION values (6289, '-', 1308, 513398.95, 755472.92, 11.08);
insert into STATION values (6290, '-', 1308, 513396.18, 755474.18, 12.31);
insert into STATION values (6291, '-', 1308, 513394.30, 755476.53, 11.24);
insert into STATION values (6292, '-', 1308, 513396.23, 755474.12, 15.52);
insert into STATION values (6293, '-', 1308, 513396.27, 755474.51, 15.49);
insert into STATION values (6294, '3.5', 1308, 513395.13, 755475.33, 17.59);
insert into STATION values (6295, '3.6', 1308, 513401.46, 755465.48, 12.26);
insert into STATION values (6296, '-', 1308, 513402.28, 755465.42, 12.30);
insert into STATION values (6297, '-', 1308, 513401.92, 755465.34, 12.32);
insert into STATION values (6298, '-', 1308, 513401.92, 755465.08, 12.43);
insert into STATION values (6299, '-', 1308, 513401.96, 755464.59, 12.42);
insert into STATION values (6300, '-', 1308, 513401.95, 755464.14, 12.53);
insert into STATION values (6301, '-', 1308, 513401.67, 755464.18, 12.68);
insert into STATION values (6302, '-', 1308, 513401.43, 755464.39, 12.71);
insert into STATION values (6303, '-', 1308, 513401.10, 755464.38, 12.82);
insert into STATION values (6304, '-', 1308, 513400.75, 755464.34, 12.94);
insert into STATION values (6305, '-', 1308, 513400.30, 755464.18, 12.97);
insert into STATION values (6306, '-', 1308, 513397.99, 755462.65, 12.65);
insert into STATION values (6307, '-', 1308, 513397.76, 755462.75, 12.57);
insert into STATION values (6308, '-', 1308, 513399.12, 755463.82, 12.48);
insert into STATION values (6309, '-', 1308, 513399.69, 755464.53, 12.43);
insert into STATION values (6310, '-', 1308, 513400.33, 755465.33, 12.60);
insert into STATION values (6311, '-', 1308, 513400.97, 755465.55, 12.42);
insert into STATION values (6312, '-', 1308, 513401.17, 755465.80, 12.33);
insert into STATION values (6313, '-', 1308, 513401.25, 755466.14, 12.12);
insert into STATION values (6314, '-', 1308, 513401.39, 755467.28, 11.65);
insert into STATION values (6315, '4.0', 1330, 513405.72, 755466.61, 12.49);
insert into STATION values (6316, '4.1', 1330, 513407.22, 755464.06, 11.06);
insert into STATION values (6317, '-', 1330, 513406.88, 755465.57, 10.50);
insert into STATION values (6318, '-', 1330, 513407.13, 755465.20, 10.79);
insert into STATION values (6319, '-', 1330, 513407.38, 755464.86, 11.03);
insert into STATION values (6320, '-', 1330, 513407.59, 755464.54, 11.27);
insert into STATION values (6321, '-', 1330, 513407.76, 755464.33, 11.51);
insert into STATION values (6322, '-', 1330, 513407.84, 755464.14, 11.76);
insert into STATION values (6323, '-', 1330, 513407.82, 755463.93, 12.36);
insert into STATION values (6324, '-', 1330, 513407.24, 755463.81, 12.19);
insert into STATION values (6325, '-', 1330, 513406.50, 755463.38, 11.64);
insert into STATION values (6326, '-', 1330, 513406.24, 755463.85, 11.55);
insert into STATION values (6327, '-', 1330, 513406.24, 755464.32, 11.45);
insert into STATION values (6328, '-', 1330, 513406.20, 755464.98, 11.03);
insert into STATION values (6329, '-', 1330, 513406.03, 755465.61, 10.25);
insert into STATION values (6330, '-', 1330, 513406.19, 755466.05, 9.89);
insert into STATION values (6331, '-', 1330, 513406.44, 755465.91, 11.93);
insert into STATION values (6332, '-', 1330, 513407.01, 755464.38, 11.27);
insert into STATION values (6333, '-', 1330, 513406.15, 755465.54, 11.41);
insert into STATION values (6334, '-', 1330, 513406.26, 755465.75, 11.73);
insert into STATION values (6335, '4.2', 1330, 513405.88, 755467.42, 9.97);
insert into STATION values (6336, '-', 1330, 513406.39, 755464.80, 10.39);
insert into STATION values (6337, '-', 1330, 513406.20, 755465.01, 10.33);
insert into STATION values (6338, '-', 1330, 513406.04, 755465.82, 10.22);
insert into STATION values (6339, '-', 1330, 513405.93, 755466.25, 10.15);
insert into STATION values (6340, '-', 1330, 513405.70, 755466.59, 10.14);
insert into STATION values (6341, '-', 1330, 513405.56, 755466.88, 10.11);
insert into STATION values (6342, '-', 1330, 513405.20, 755466.99, 10.02);
insert into STATION values (6343, '-', 1330, 513404.89, 755466.90, 10.06);
insert into STATION values (6344, '-', 1330, 513404.42, 755466.65, 10.20);
insert into STATION values (6345, '-', 1330, 513403.65, 755466.39, 10.20);
insert into STATION values (6346, '-', 1330, 513403.29, 755466.42, 10.11);
insert into STATION values (6347, '-', 1330, 513403.71, 755466.71, 9.91);
insert into STATION values (6348, '-', 1330, 513404.01, 755466.97, 9.91);
insert into STATION values (6349, '-', 1330, 513404.04, 755467.22, 9.88);
insert into STATION values (6350, '-', 1330, 513404.05, 755467.53, 9.88);
insert into STATION values (6351, '-', 1330, 513404.79, 755467.55, 9.94);
insert into STATION values (6352, '-', 1330, 513405.22, 755467.65, 9.99);
insert into STATION values (6353, '-', 1330, 513405.26, 755467.93, 10.00);
insert into STATION values (6354, '-', 1330, 513405.56, 755468.02, 10.17);
insert into STATION values (6355, '-', 1330, 513405.59, 755468.33, 10.33);
insert into STATION values (6356, '-', 1330, 513405.49, 755468.99, 10.33);
insert into STATION values (6357, '-', 1330, 513405.53, 755469.85, 10.51);
insert into STATION values (6358, '-', 1330, 513405.81, 755470.67, 10.25);
insert into STATION values (6359, '-', 1330, 513406.09, 755470.84, 10.07);
insert into STATION values (6360, '-', 1330, 513406.30, 755470.41, 9.97);
insert into STATION values (6361, '-', 1330, 513406.17, 755469.08, 10.06);
insert into STATION values (6362, '-', 1330, 513406.42, 755468.42, 10.12);
insert into STATION values (6363, '-', 1330, 513406.62, 755468.06, 10.12);
insert into STATION values (6364, '-', 1330, 513406.69, 755467.58, 10.19);
insert into STATION values (6365, '-', 1330, 513406.91, 755467.17, 10.18);
insert into STATION values (6366, '-', 1330, 513407.04, 755466.67, 10.18);
insert into STATION values (6367, '-', 1330, 513406.90, 755465.94, 10.37);
insert into STATION values (6368, '-', 1330, 513407.08, 755465.20, 10.19);
insert into STATION values (6369, '-', 1330, 513406.78, 755465.43, 10.16);
insert into STATION values (6370, '-', 1330, 513406.68, 755465.01, 10.06);
insert into STATION values (6371, '-', 1330, 513406.46, 755464.75, 10.00);
insert into STATION values (6372, '-', 1330, 513406.14, 755466.90, 10.84);
insert into STATION values (6373, '-', 1330, 513405.80, 755467.82, 11.24);
insert into STATION values (6374, '-', 1330, 513405.69, 755468.60, 10.77);
insert into STATION values (6375, '-', 1330, 513405.56, 755467.70, 9.74);
insert into STATION values (6376, '-', 1330, 513406.15, 755468.02, 9.70);
insert into STATION values (6377, '5.0', 1343, 513402.44, 755471.10, 12.69);
insert into STATION values (6378, '5.1', 1343, 513406.06, 755468.53, 12.00);
insert into STATION values (6379, '-', 1343, 513406.20, 755468.97, 11.84);
insert into STATION values (6380, '-', 1343, 513406.44, 755469.25, 11.80);
insert into STATION values (6381, '-', 1343, 513406.71, 755469.76, 11.86);
insert into STATION values (6382, '-', 1343, 513406.88, 755469.98, 11.94);
insert into STATION values (6383, '-', 1343, 513407.28, 755470.57, 11.95);
insert into STATION values (6384, '-', 1343, 513407.48, 755469.70, 11.89);
insert into STATION values (6385, '-', 1343, 513407.11, 755469.35, 11.89);
insert into STATION values (6386, '-', 1343, 513406.83, 755469.10, 11.88);
insert into STATION values (6387, '-', 1343, 513406.62, 755468.91, 11.88);
insert into STATION values (6388, '-', 1343, 513406.27, 755468.62, 11.95);
insert into STATION values (6389, '-', 1343, 513406.12, 755468.88, 11.86);
insert into STATION values (6390, '-', 1343, 513407.86, 755470.55, 11.23);
insert into STATION values (6391, '5.2', 1343, 513407.36, 755470.60, 11.25);
insert into STATION values (6392, '-', 1343, 513407.50, 755473.96, 9.87);
insert into STATION values (6393, '-', 1343, 513407.57, 755473.22, 10.17);
insert into STATION values (6394, '-', 1343, 513407.60, 755472.05, 10.73);
insert into STATION values (6395, '-', 1343, 513407.70, 755471.54, 11.01);
insert into STATION values (6396, '-', 1343, 513407.73, 755470.97, 11.23);
insert into STATION values (6397, '-', 1343, 513407.82, 755470.46, 11.33);
insert into STATION values (6398, '-', 1343, 513407.99, 755470.07, 11.36);
insert into STATION values (6399, '-', 1343, 513407.26, 755472.32, 10.54);
insert into STATION values (6400, '-', 1343, 513406.91, 755471.98, 10.37);
insert into STATION values (6401, '-', 1343, 513407.02, 755471.22, 10.63);
insert into STATION values (6402, '-', 1343, 513407.78, 755470.13, 11.10);
insert into STATION values (6403, '-', 1343, 513408.71, 755468.99, 10.99);
insert into STATION values (6404, '-', 1343, 513409.35, 755468.14, 11.00);
insert into STATION values (6405, '-', 1343, 513409.48, 755467.85, 11.02);
insert into STATION values (6406, '-', 1343, 513409.52, 755467.72, 11.24);
insert into STATION values (6407, '-', 1343, 513410.18, 755466.61, 11.10);
insert into STATION values (6408, '-', 1343, 513410.38, 755465.92, 10.90);
insert into STATION values (6409, '-', 1343, 513410.95, 755464.54, 9.96);
insert into STATION values (6410, '-', 1343, 513414.35, 755458.24, 8.58);
insert into STATION values (6411, '-', 1343, 513408.39, 755468.65, 10.66);
insert into STATION values (6412, '-', 1343, 513407.94, 755469.17, 10.64);
insert into STATION values (6413, '-', 1343, 513407.60, 755469.56, 10.59);
insert into STATION values (6414, '-', 1343, 513407.45, 755469.79, 10.57);
insert into STATION values (6415, '7.0', 1355, 513414.50, 755472.75, 11.18);
insert into STATION values (6416, '7.1', 1355, 513412.05, 755474.32, 14.52);
insert into STATION values (6417, '-', 1355, 513414.53, 755472.86, 11.20);
insert into STATION values (6418, '-', 1355, 513414.53, 755472.86, 11.18);
insert into STATION values (6419, '7.2', 1355, 513413.47, 755470.51, 14.16);
insert into STATION values (6420, '-', 1355, 513411.56, 755474.57, 14.30);
insert into STATION values (6421, '-', 1355, 513411.60, 755474.21, 14.19);
insert into STATION values (6422, '-', 1355, 513411.64, 755473.51, 14.21);
insert into STATION values (6423, '-', 1355, 513411.69, 755472.76, 14.18);
insert into STATION values (6424, '-', 1355, 513411.71, 755472.07, 14.13);
insert into STATION values (6425, '-', 1355, 513411.72, 755471.33, 14.20);
insert into STATION values (6426, '-', 1355, 513411.69, 755470.84, 14.34);
insert into STATION values (6427, '-', 1355, 513411.73, 755469.89, 14.57);
insert into STATION values (6428, '-', 1355, 513412.03, 755469.36, 14.85);
insert into STATION values (6429, '-', 1355, 513412.49, 755469.11, 14.83);
insert into STATION values (6430, '-', 1355, 513412.87, 755468.64, 14.96);
insert into STATION values (6431, '-', 1355, 513413.61, 755467.84, 14.97);
insert into STATION values (6432, '-', 1355, 513414.07, 755467.49, 15.10);
insert into STATION values (6433, '-', 1355, 513414.47, 755467.51, 14.92);
insert into STATION values (6434, '-', 1355, 513415.08, 755465.94, 15.26);
insert into STATION values (6435, '-', 1355, 513415.33, 755465.83, 15.19);
insert into STATION values (6436, '-', 1355, 513415.86, 755465.22, 15.13);
insert into STATION values (6437, '-', 1355, 513418.46, 755468.91, 14.82);
insert into STATION values (6438, '-', 1355, 513417.29, 755469.52, 14.59);
insert into STATION values (6439, '-', 1355, 513416.81, 755470.21, 14.24);
insert into STATION values (6440, '-', 1355, 513415.57, 755470.94, 14.33);
insert into STATION values (6441, '-', 1355, 513414.89, 755471.48, 14.36);
insert into STATION values (6442, '-', 1355, 513414.35, 755472.04, 14.36);
insert into STATION values (6443, '-', 1355, 513413.92, 755472.46, 14.26);
insert into STATION values (6444, '-', 1355, 513413.58, 755473.35, 14.50);
insert into STATION values (6445, '-', 1355, 513413.06, 755473.94, 14.46);
insert into STATION values (6446, '-', 1355, 513412.36, 755474.28, 14.43);
insert into STATION values (6447, '-', 1355, 513411.86, 755474.51, 14.39);
insert into STATION values (6448, '-', 1355, 513412.42, 755473.39, 13.46);
insert into STATION values (6449, '-', 1355, 513412.80, 755473.33, 13.49);
insert into STATION values (6450, '-', 1355, 513412.57, 755474.18, 13.26);
insert into STATION values (6451, '-', 1355, 513413.42, 755470.53, 14.84);
insert into STATION values (6452, '7.3', 1355, 513417.51, 755468.49, 14.91);
insert into STATION values (6453, '-', 1355, 513417.81, 755468.85, 14.94);
insert into STATION values (6454, '-', 1355, 513418.12, 755469.13, 14.79);
insert into STATION values (6455, '-', 1355, 513418.19, 755469.17, 14.38);
insert into STATION values (6456, '-', 1355, 513418.00, 755468.90, 14.19);
insert into STATION values (6457, '-', 1355, 513417.69, 755468.57, 14.04);
insert into STATION values (6458, '-', 1355, 513417.44, 755468.10, 14.12);
insert into STATION values (6459, '-', 1355, 513417.25, 755467.73, 14.10);
insert into STATION values (6460, '-', 1355, 513417.10, 755467.24, 14.18);
insert into STATION values (6461, '-', 1355, 513416.86, 755466.55, 14.17);
insert into STATION values (6462, '-', 1355, 513416.80, 755465.92, 14.75);
insert into STATION values (6463, '-', 1355, 513416.56, 755464.51, 15.01);
insert into STATION values (6464, '-', 1355, 513417.18, 755467.44, 14.96);
insert into STATION values (6465, '-', 1355, 513417.36, 755468.14, 15.01);
insert into STATION values (6466, '-', 1355, 513417.43, 755469.39, 14.65);
insert into STATION values (6467, '-', 1355, 513417.94, 755469.28, 14.70);
insert into STATION values (6468, '-', 1355, 513418.44, 755468.95, 14.71);
insert into STATION values (6469, '-', 1355, 513419.15, 755468.47, 14.74);
insert into STATION values (6470, '-', 1355, 513420.13, 755467.62, 14.78);
insert into STATION values (6471, '-', 1355, 513419.49, 755467.28, 14.83);
insert into STATION values (6472, '-', 1355, 513420.51, 755466.33, 14.78);
insert into STATION values (6473, '-', 1355, 513420.97, 755464.78, 15.03);
insert into STATION values (6474, '-', 1355, 513420.06, 755464.40, 15.01);
insert into STATION values (6475, '-', 1355, 513419.30, 755463.68, 15.12);
insert into STATION values (6476, '-', 1355, 513418.51, 755463.98, 15.04);
insert into STATION values (6477, '-', 1355, 513418.06, 755464.30, 15.09);
insert into STATION values (6478, '-', 1355, 513417.19, 755464.55, 15.13);
insert into STATION values (6479, '-', 1355, 513415.89, 755464.67, 15.09);
insert into STATION values (6480, '-', 1355, 513415.55, 755465.66, 14.97);
insert into STATION values (6481, '-', 1355, 513414.88, 755466.30, 14.96);
insert into STATION values (6482, '-', 1355, 513414.49, 755467.21, 14.98);
insert into STATION values (6483, '-', 1355, 513417.05, 755468.36, 14.91);
insert into STATION values (6484, '-', 1355, 513421.25, 755467.25, 13.69);
insert into STATION values (6485, '-', 1355, 513421.14, 755466.23, 13.90);
insert into STATION values (6486, '-', 1355, 513419.01, 755468.77, 14.53);
insert into STATION values (6487, '-', 1355, 513419.75, 755468.13, 14.61);
insert into STATION values (6488, '7.4', 1355, 513422.56, 755465.58, 13.41);
insert into STATION values (6489, '1.0', 1369, 513417.51, 755468.49, 14.91);
insert into STATION values (6490, '1.1', 1369, 513422.56, 755465.58, 13.41);
insert into STATION values (6491, '-', 1369, 513419.67, 755468.32, 14.06);
insert into STATION values (6492, '-', 1369, 513420.18, 755467.93, 13.89);
insert into STATION values (6493, '-', 1369, 513420.68, 755467.58, 13.77);
insert into STATION values (6494, '-', 1369, 513421.10, 755467.31, 13.65);
insert into STATION values (6495, '-', 1369, 513421.42, 755467.14, 13.59);
insert into STATION values (6496, '-', 1369, 513421.60, 755467.42, 13.52);
insert into STATION values (6497, '-', 1369, 513421.89, 755467.25, 13.42);
insert into STATION values (6498, '-', 1369, 513422.19, 755466.90, 13.41);
insert into STATION values (6499, '-', 1369, 513422.48, 755466.66, 13.36);
insert into STATION values (6500, '-', 1369, 513422.73, 755466.39, 13.29);
insert into STATION values (6501, '-', 1369, 513423.13, 755466.02, 13.10);
insert into STATION values (6502, '-', 1369, 513423.70, 755465.66, 12.85);
insert into STATION values (6503, '-', 1369, 513424.19, 755465.25, 12.67);
insert into STATION values (6504, '-', 1369, 513424.36, 755465.04, 12.73);
insert into STATION values (6505, '-', 1369, 513424.02, 755465.04, 12.72);
insert into STATION values (6506, '-', 1369, 513423.30, 755464.90, 12.77);
insert into STATION values (6507, '-', 1369, 513423.31, 755464.58, 12.67);
insert into STATION values (6508, '-', 1369, 513423.27, 755464.32, 12.58);
insert into STATION values (6509, '-', 1369, 513423.29, 755464.02, 12.44);
insert into STATION values (6510, '-', 1369, 513423.43, 755463.41, 12.24);
insert into STATION values (6511, '-', 1369, 513423.44, 755462.84, 11.87);
insert into STATION values (6512, '-', 1369, 513423.48, 755462.36, 11.63);
insert into STATION values (6513, '-', 1369, 513423.49, 755462.08, 11.47);
insert into STATION values (6514, '1.2', 1369, 513425.20, 755464.86, 11.24);
insert into STATION values (6515, '-', 1369, 513420.08, 755466.92, 13.88);
insert into STATION values (6516, '-', 1369, 513420.37, 755466.61, 13.69);
insert into STATION values (6517, '-', 1369, 513420.69, 755466.31, 13.60);
insert into STATION values (6518, '-', 1369, 513421.11, 755465.95, 13.47);
insert into STATION values (6519, '-', 1369, 513421.35, 755465.64, 13.35);
insert into STATION values (6520, '-', 1369, 513421.37, 755465.43, 13.27);
insert into STATION values (6521, '-', 1369, 513421.38, 755465.09, 13.19);
insert into STATION values (6522, '-', 1369, 513421.41, 755464.70, 13.04);
insert into STATION values (6523, '-', 1369, 513421.42, 755464.35, 13.05);
insert into STATION values (6524, '1.3', 1369, 513421.06, 755462.70, 12.38);
insert into STATION values (6525, '-', 1369, 513421.34, 755464.28, 12.88);
insert into STATION values (6526, '-', 1369, 513420.96, 755464.18, 12.89);
insert into STATION values (6527, '-', 1369, 513420.60, 755464.02, 12.94);
insert into STATION values (6528, '-', 1369, 513420.10, 755463.85, 13.07);
insert into STATION values (6529, '-', 1369, 513419.67, 755463.74, 13.23);
insert into STATION values (6530, '-', 1369, 513419.19, 755463.64, 13.22);
insert into STATION values (6531, '-', 1369, 513419.51, 755463.30, 13.07);
insert into STATION values (6532, '-', 1369, 513420.01, 755462.92, 12.95);
insert into STATION values (6533, '-', 1369, 513420.31, 755462.72, 12.93);
insert into STATION values (6534, '-', 1369, 513420.75, 755462.39, 12.77);
insert into STATION values (6535, '-', 1369, 513421.06, 755462.15, 12.89);
insert into STATION values (6536, '-', 1369, 513418.35, 755463.07, 12.22);
insert into STATION values (6537, '-', 1369, 513418.21, 755462.72, 12.07);
insert into STATION values (6538, '-', 1369, 513418.30, 755462.35, 11.92);
insert into STATION values (6539, '-', 1369, 513418.53, 755462.12, 11.86);
insert into STATION values (6540, '-', 1369, 513418.82, 755461.93, 11.80);
insert into STATION values (6541, '-', 1369, 513419.13, 755461.77, 11.77);
insert into STATION values (6542, '-', 1369, 513419.39, 755461.67, 11.78);
insert into STATION values (6543, '-', 1369, 513419.11, 755461.01, 11.53);
insert into STATION values (6544, '-', 1369, 513419.66, 755461.21, 11.68);
insert into STATION values (6545, '-', 1369, 513419.79, 755460.90, 11.58);
insert into STATION values (6546, '-', 1369, 513419.85, 755460.55, 11.45);
insert into STATION values (6547, '-', 1369, 513420.18, 755460.51, 11.36);
insert into STATION values (6548, '-', 1369, 513420.52, 755461.16, 11.76);
insert into STATION values (6549, '-', 1369, 513423.36, 755463.14, 11.46);
insert into STATION values (6550, '-', 1369, 513421.37, 755462.24, 12.10);
insert into STATION values (6551, '-', 1369, 513421.72, 755462.09, 11.97);
insert into STATION values (6552, '-', 1369, 513422.02, 755461.95, 11.86);
insert into STATION values (6553, '-', 1369, 513422.71, 755461.50, 11.42);
insert into STATION values (6554, '-', 1369, 513423.26, 755461.09, 11.34);
insert into STATION values (6555, '-', 1369, 513423.88, 755460.95, 11.12);
insert into STATION values (6556, '1.4', 1369, 513425.03, 755462.88, 10.63);
insert into STATION values (6557, '1.5', 1369, 513425.20, 755464.86, 11.24);
insert into STATION values (6558, '-', 1369, 513424.16, 755464.26, 11.66);
insert into STATION values (6559, '-', 1369, 513424.00, 755464.15, 11.61);
insert into STATION values (6560, '-', 1369, 513424.10, 755463.90, 11.56);
insert into STATION values (6561, '-', 1369, 513424.14, 755463.43, 11.45);
insert into STATION values (6562, '-', 1369, 513423.83, 755463.03, 11.37);
insert into STATION values (6563, '-', 1369, 513424.02, 755462.56, 11.24);
insert into STATION values (6564, '-', 1369, 513424.32, 755462.37, 11.11);
insert into STATION values (6565, '-', 1369, 513424.59, 755462.28, 11.03);
insert into STATION values (6566, '-', 1369, 513424.63, 755461.88, 11.13);
insert into STATION values (6567, '-', 1369, 513425.02, 755461.86, 11.16);
insert into STATION values (6568, '-', 1369, 513425.70, 755461.83, 11.11);
insert into STATION values (6569, '-', 1369, 513426.63, 755461.70, 11.05);
insert into STATION values (6570, '-', 1369, 513427.23, 755461.91, 11.11);
insert into STATION values (6571, '-', 1369, 513423.78, 755464.95, 12.17);
insert into STATION values (6572, '-', 1369, 513425.01, 755464.73, 10.69);
insert into STATION values (6573, '-', 1369, 513425.30, 755464.45, 10.62);
insert into STATION values (6574, '-', 1369, 513425.76, 755463.93, 10.58);
insert into STATION values (6575, '-', 1369, 513426.30, 755463.37, 10.48);
insert into STATION values (6576, '-', 1369, 513426.01, 755463.23, 10.51);
insert into STATION values (6577, '-', 1369, 513426.85, 755462.87, 10.54);
insert into STATION values (6578, '-', 1369, 513427.02, 755462.63, 10.69);
insert into STATION values (6579, '-', 1369, 513427.47, 755462.41, 10.76);
insert into STATION values (6580, '-', 1369, 513425.01, 755462.86, 10.62);
insert into STATION values (6581, '-', 1369, 513427.20, 755464.15, 9.94);
insert into STATION values (6582, '1.6', 1369, 513424.83, 755461.20, 11.32);
insert into STATION values (6583, '-', 1369, 513429.50, 755462.85, 11.81);
insert into STATION values (6584, '1.7', 1369, 513427.70, 755459.00, 10.54);
insert into STATION values (6585, '1.8', 1369, 513432.18, 755456.86, 13.75);
insert into STATION values (6586, '-', 1369, 513430.78, 755462.24, 11.50);
insert into STATION values (6587, '-', 1369, 513427.67, 755458.63, 10.25);
insert into STATION values (6588, '-', 1369, 513432.27, 755457.23, 15.35);
insert into STATION values (6589, '1.9', 1369, 513435.60, 755453.37, 14.32);
insert into STATION values (6590, '1.10', 1369, 513432.81, 755451.91, 15.60);
insert into STATION values (6591, '1.11', 1369, 513431.18, 755450.67, 13.69);
insert into STATION values (6592, '1.12', 1369, 513428.54, 755444.92, 13.02);
insert into STATION values (6593, '1.13', 1369, 513433.62, 755441.54, 13.26);
insert into STATION values (6594, '1.14', 1369, 513437.54, 755440.91, 13.12);
insert into STATION values (6595, '1.15', 1369, 513440.72, 755449.25, 12.71);
insert into STATION values (6596, '-', 1369, 513445.53, 755451.36, 12.43);
insert into STATION values (6597, '-', 1369, 513437.61, 755443.95, 14.48);
insert into STATION values (6598, '1.16', 1369, 513438.97, 755443.95, 14.40);
insert into STATION values (6599, '1.17', 1369, 513437.54, 755440.91, 13.12);
insert into STATION values (6600, '-', 1369, 513439.15, 755443.88, 14.37);
insert into STATION values (6601, '1.18', 1369, 513447.26, 755443.49, 12.42);
insert into STATION values (6602, '-', 1369, 513452.11, 755446.24, 11.36);
insert into STATION values (6603, '-', 1369, 513444.36, 755438.56, 12.97);
insert into STATION values (6604, '-', 1369, 513441.14, 755442.12, 13.71);
insert into STATION values (6605, '-', 1369, 513452.93, 755440.64, 12.49);
insert into STATION values (6606, '-', 1369, 513454.63, 755440.30, 12.70);
insert into STATION values (6607, '-', 1369, 513446.18, 755440.22, 12.63);
insert into STATION values (6608, '-', 1369, 513448.67, 755441.58, 12.30);
insert into STATION values (6609, '-', 1369, 513444.13, 755440.12, 12.76);
insert into STATION values (6610, '1.19', 1369, 513444.38, 755439.87, 12.61);
insert into STATION values (6611, '1.20', 1369, 513447.01, 755440.91, 10.63);
insert into STATION values (6612, '-', 1369, 513447.12, 755441.26, 12.86);
insert into STATION values (6613, '-', 1369, 513447.84, 755440.32, 10.80);
insert into STATION values (6614, '1.21', 1369, 513455.13, 755436.78, 11.04);
insert into STATION values (6615, '-', 1369, 513455.11, 755436.69, 10.60);
insert into STATION values (6616, '-', 1369, 513454.14, 755432.69, 11.69);
insert into STATION values (6617, '-', 1369, 513455.22, 755436.95, 11.01);
insert into STATION values (6618, '-', 1369, 513456.36, 755439.19, 10.15);
insert into STATION values (6619, '1.22', 1369, 513458.88, 755434.19, 11.31);
insert into STATION values (6620, '1.23', 1369, 513465.25, 755432.91, 11.06);
insert into STATION values (6621, '9.0', 1410, 513385.00, 755480.00, 27.00);
insert into STATION_FLAG values(6621, 'ent');
insert into STATION_FLAG values(6621, 'fix');
insert into STATION values (6622, '-', 1410, 513386.88, 755480.46, 26.99);
insert into STATION values (6623, '-', 1410, 513386.87, 755480.48, 26.99);
insert into STATION values (6624, '-', 1410, 513383.12, 755479.57, 26.98);
insert into STATION values (6625, '9.1', 1410, 513382.80, 755486.05, 25.00);
insert into STATION values (6626, '-', 1410, 513384.68, 755481.80, 26.50);
insert into STATION values (6627, '-', 1410, 513382.63, 755481.30, 26.62);
insert into STATION values (6628, '-', 1410, 513384.08, 755482.67, 25.74);
insert into STATION values (6629, '-', 1410, 513384.03, 755483.99, 25.14);
insert into STATION values (6630, '-', 1410, 513383.73, 755484.70, 24.62);
insert into STATION values (6631, '-', 1410, 513383.00, 755485.81, 24.94);
insert into STATION values (6632, '-', 1410, 513382.59, 755482.41, 25.82);
insert into STATION values (6633, '-', 1410, 513382.55, 755483.54, 25.47);
insert into STATION values (6634, '-', 1410, 513382.28, 755484.48, 25.06);
insert into STATION values (6635, '-', 1410, 513382.00, 755485.21, 24.73);
insert into STATION values (6636, '-', 1410, 513381.80, 755486.13, 24.18);
insert into STATION values (6637, '-', 1410, 513381.83, 755486.87, 23.69);
insert into STATION values (6638, '-', 1410, 513381.81, 755488.09, 22.67);
insert into STATION values (6639, '-', 1410, 513381.65, 755489.19, 21.62);
insert into STATION values (6640, '-', 1410, 513381.78, 755490.53, 20.58);
insert into STATION values (6641, '-', 1410, 513380.26, 755488.99, 24.79);
insert into STATION values (6642, '-', 1410, 513381.03, 755490.28, 24.91);
insert into STATION values (6643, '-', 1410, 513380.69, 755493.68, 24.86);
insert into STATION values (6644, '-', 1410, 513380.87, 755494.85, 24.86);
insert into STATION values (6645, '-', 1410, 513382.73, 755486.45, 24.99);
insert into STATION values (6646, '9.2', 1410, 513381.34, 755490.20, 22.16);
insert into STATION values (6647, '-', 1410, 513383.17, 755486.33, 24.48);
insert into STATION values (6648, '-', 1410, 513383.47, 755487.40, 24.23);
insert into STATION values (6649, '-', 1410, 513383.33, 755488.36, 23.81);
insert into STATION values (6650, '-', 1410, 513384.03, 755489.22, 24.06);
insert into STATION values (6651, '-', 1410, 513384.40, 755490.30, 24.78);
insert into STATION values (6652, '-', 1410, 513384.45, 755491.59, 24.31);
insert into STATION values (6653, '-', 1410, 513384.81, 755493.90, 24.17);
insert into STATION values (6654, '-', 1410, 513384.74, 755495.51, 23.68);
insert into STATION values (6655, '-', 1410, 513384.67, 755497.35, 23.20);
insert into STATION values (6656, '-', 1410, 513385.16, 755499.80, 23.13);
insert into STATION values (6657, '-', 1410, 513384.49, 755501.02, 22.87);
insert into STATION values (6658, '-', 1410, 513383.19, 755502.49, 22.63);
insert into STATION values (6659, '-', 1410, 513381.45, 755491.57, 22.19);
insert into STATION values (6660, '-', 1410, 513381.28, 755490.88, 22.14);
insert into STATION values (6661, '-', 1410, 513383.19, 755487.78, 22.04);
insert into STATION values (6662, '-', 1410, 513382.89, 755488.29, 21.60);
insert into STATION values (6663, '-', 1410, 513382.80, 755488.92, 20.92);
insert into STATION values (6664, '-', 1410, 513382.76, 755489.42, 20.45);
insert into STATION values (6665, '-', 1410, 513382.67, 755489.97, 19.90);
insert into STATION values (6666, '-', 1410, 513382.73, 755490.42, 19.36);
insert into STATION values (6667, '-', 1410, 513382.91, 755491.01, 18.67);
insert into STATION values (6668, '-', 1410, 513382.85, 755491.48, 18.40);
insert into STATION values (6669, '-', 1410, 513383.28, 755492.34, 17.45);
insert into STATION values (6670, '-', 1410, 513383.54, 755493.03, 17.05);
insert into STATION values (6671, '-', 1410, 513383.69, 755494.00, 16.10);
insert into STATION values (6672, '-', 1410, 513384.09, 755495.22, 14.89);
insert into STATION values (6673, '-', 1410, 513384.30, 755496.20, 14.23);
insert into STATION values (6674, '-', 1410, 513382.51, 755488.31, 21.34);
insert into STATION values (6675, '-', 1410, 513382.12, 755488.62, 21.06);
insert into STATION values (6676, '-', 1410, 513382.10, 755489.05, 20.73);
insert into STATION values (6677, '-', 1410, 513382.82, 755487.71, 23.03);
insert into STATION values (6678, '9.3', 1410, 513383.40, 755494.56, 17.17);
insert into STATION values (6679, '-', 1410, 513382.19, 755487.66, 22.10);
insert into STATION values (6680, '-', 1410, 513382.02, 755488.52, 21.26);
insert into STATION values (6681, '-', 1410, 513381.97, 755489.42, 20.36);
insert into STATION values (6682, '-', 1410, 513381.98, 755490.22, 19.50);
insert into STATION values (6683, '-', 1410, 513382.15, 755491.10, 18.61);
insert into STATION values (6684, '-', 1410, 513381.91, 755491.67, 18.06);
insert into STATION values (6685, '-', 1410, 513381.62, 755492.24, 17.58);
insert into STATION values (6686, '-', 1410, 513381.41, 755492.82, 17.08);
insert into STATION values (6687, '-', 1410, 513381.34, 755493.55, 16.49);
insert into STATION values (6688, '-', 1410, 513381.43, 755494.29, 16.09);
insert into STATION values (6689, '-', 1410, 513381.37, 755494.76, 15.74);
insert into STATION values (6690, '-', 1410, 513380.88, 755495.42, 15.18);
insert into STATION values (6691, '-', 1410, 513380.51, 755495.81, 14.72);
insert into STATION values (6692, '-', 1410, 513380.17, 755496.52, 14.18);
insert into STATION values (6693, '-', 1410, 513379.98, 755497.19, 13.78);
insert into STATION values (6694, '-', 1410, 513379.75, 755497.80, 13.31);
insert into STATION values (6695, '-', 1410, 513384.82, 755496.92, 13.52);
insert into STATION values (6696, '-', 1410, 513384.16, 755496.26, 14.25);
insert into STATION values (6697, '-', 1410, 513383.72, 755495.93, 14.70);
insert into STATION values (6698, '-', 1410, 513383.31, 755496.03, 14.69);
insert into STATION values (6699, '-', 1410, 513382.78, 755496.13, 14.78);
insert into STATION values (6700, '-', 1410, 513382.32, 755496.16, 14.73);
insert into STATION values (6701, '-', 1410, 513381.92, 755496.23, 14.78);
insert into STATION values (6702, '-', 1410, 513381.53, 755496.37, 14.59);
insert into STATION values (6703, '-', 1410, 513381.34, 755496.82, 14.16);
insert into STATION values (6704, '-', 1410, 513381.15, 755497.39, 13.72);
insert into STATION values (6705, '-', 1410, 513381.09, 755497.83, 13.42);
insert into STATION values (6706, '-', 1410, 513381.07, 755498.65, 12.87);
insert into STATION values (6707, '-', 1410, 513381.86, 755489.36, 20.55);
insert into STATION values (6708, '-', 1410, 513382.36, 755491.15, 19.48);
insert into STATION values (6709, '-', 1410, 513379.87, 755498.73, 13.06);
insert into STATION values (6710, '-', 1410, 513381.55, 755495.14, 16.14);
insert into STATION values (6711, '-', 1410, 513380.39, 755496.59, 15.05);
insert into STATION values (6712, '-', 1410, 513383.43, 755494.59, 16.98);
insert into STATION values (6713, '9.4', 1410, 513379.49, 755501.48, 13.81);
insert into STATION values (6714, '-', 1410, 513381.81, 755503.55, 11.86);
insert into STATION values (6715, '-', 1410, 513387.24, 755501.75, 16.12);
insert into STATION values (6716, '-', 1410, 513386.46, 755502.59, 16.01);
insert into STATION values (6717, '-', 1410, 513385.03, 755503.83, 15.80);
insert into STATION values (6718, '-', 1410, 513384.37, 755504.41, 15.67);
insert into STATION values (6719, '-', 1410, 513383.96, 755504.79, 15.64);
insert into STATION values (6720, '-', 1410, 513383.34, 755504.95, 15.61);
insert into STATION values (6721, '-', 1410, 513382.84, 755505.32, 15.32);
insert into STATION values (6722, '-', 1410, 513381.72, 755505.45, 14.63);
insert into STATION values (6723, '-', 1410, 513379.44, 755497.11, 13.51);
insert into STATION values (6724, '-', 1410, 513378.43, 755496.77, 13.51);
insert into STATION values (6725, '-', 1410, 513378.28, 755497.95, 13.32);
insert into STATION values (6726, '-', 1410, 513377.69, 755498.09, 12.96);
insert into STATION values (6727, '-', 1410, 513377.11, 755498.35, 12.75);
insert into STATION values (6728, '-', 1410, 513376.78, 755499.32, 12.52);
insert into STATION values (6729, '-', 1410, 513376.26, 755499.92, 12.13);
insert into STATION values (6730, '-', 1410, 513376.82, 755500.95, 12.26);
insert into STATION values (6731, '-', 1410, 513376.51, 755501.65, 11.99);
insert into STATION values (6732, '-', 1410, 513376.53, 755502.51, 11.87);
insert into STATION values (6733, '-', 1410, 513372.08, 755504.58, 10.01);
insert into STATION values (6734, '-', 1410, 513372.18, 755505.04, 9.98);
insert into STATION values (6735, '-', 1410, 513372.24, 755505.66, 9.92);
insert into STATION values (6736, '-', 1410, 513372.55, 755506.21, 10.01);
insert into STATION values (6737, '-', 1410, 513381.32, 755503.75, 11.51);
insert into STATION values (6738, '-', 1410, 513380.75, 755503.98, 11.36);
insert into STATION values (6739, '-', 1410, 513379.84, 755504.33, 11.25);
insert into STATION values (6740, '-', 1410, 513379.06, 755504.59, 11.25);
insert into STATION values (6741, '-', 1410, 513377.93, 755505.05, 11.13);
insert into STATION values (6742, '-', 1410, 513376.79, 755505.54, 11.07);
insert into STATION values (6743, '-', 1410, 513375.46, 755506.08, 10.95);
insert into STATION values (6744, '-', 1410, 513374.63, 755506.52, 9.88);
insert into STATION values (6745, '-', 1410, 513376.04, 755507.08, 11.01);
insert into STATION values (6746, '-', 1410, 513375.25, 755505.43, 10.90);
insert into STATION values (6747, '-', 1410, 513374.53, 755503.94, 10.97);
insert into STATION values (6748, '-', 1410, 513374.36, 755503.59, 10.96);
insert into STATION values (6749, '-', 1410, 513380.53, 755504.34, 11.25);
insert into STATION values (6750, '-', 1410, 513379.65, 755504.66, 11.20);
insert into STATION values (6751, '-', 1410, 513378.80, 755504.96, 11.14);
insert into STATION values (6752, '-', 1410, 513377.89, 755505.29, 11.10);
insert into STATION values (6753, '-', 1410, 513376.93, 755505.63, 11.03);
insert into STATION values (6754, '-', 1410, 513375.48, 755506.20, 10.96);
insert into STATION values (6755, '-', 1410, 513374.65, 755506.64, 9.91);
insert into STATION values (6756, '-', 1410, 513384.11, 755506.91, 12.10);
insert into STATION values (6757, '-', 1410, 513382.78, 755507.24, 12.24);
insert into STATION values (6758, '-', 1410, 513381.50, 755507.67, 12.31);
insert into STATION values (6759, '-', 1410, 513380.33, 755507.87, 12.29);
insert into STATION values (6760, '-', 1410, 513379.18, 755508.18, 12.38);
insert into STATION values (6761, '-', 1410, 513378.15, 755508.82, 12.28);
insert into STATION values (6762, '-', 1410, 513389.07, 755504.51, 11.55);
insert into STATION values (6763, '-', 1410, 513389.24, 755504.29, 11.43);
insert into STATION values (6764, '-', 1410, 513388.31, 755504.91, 11.52);
insert into STATION values (6765, '-', 1410, 513386.95, 755505.53, 11.60);
insert into STATION values (6766, '-', 1410, 513385.80, 755506.51, 11.45);
insert into STATION values (6767, '-', 1410, 513384.43, 755506.88, 11.48);
insert into STATION values (6768, '-', 1410, 513383.38, 755506.91, 11.41);
insert into STATION values (6769, '-', 1410, 513382.40, 755507.16, 11.40);
insert into STATION values (6770, '-', 1410, 513381.36, 755507.40, 11.46);
insert into STATION values (6771, '-', 1410, 513380.90, 755507.62, 11.69);
insert into STATION values (6772, '-', 1410, 513380.39, 755507.87, 12.05);
insert into STATION values (6773, '-', 1410, 513379.79, 755508.02, 12.20);
insert into STATION values (6774, '-', 1410, 513378.57, 755508.51, 12.32);
insert into STATION values (6775, '-', 1410, 513377.87, 755509.02, 12.34);
insert into STATION values (6776, '-', 1410, 513377.43, 755509.21, 12.36);
insert into STATION values (6777, '-', 1410, 513380.57, 755506.21, 11.95);
insert into STATION values (6778, '-', 1410, 513379.78, 755506.08, 12.02);
insert into STATION values (6779, '-', 1410, 513378.78, 755506.15, 12.02);
insert into STATION values (6780, '-', 1410, 513377.89, 755506.49, 11.35);
insert into STATION values (6781, '-', 1410, 513377.33, 755506.66, 11.61);
insert into STATION values (6782, '-', 1410, 513376.54, 755506.96, 11.52);
insert into STATION values (6783, '-', 1410, 513375.75, 755506.83, 11.28);
insert into STATION values (6784, '-', 1410, 513374.08, 755507.55, 10.49);
insert into STATION values (6785, '-', 1410, 513372.92, 755507.65, 10.03);
insert into STATION values (6786, '9.5', 1410, 513383.21, 755505.63, 11.30);
insert into STATION values (6787, '-', 1410, 513377.14, 755507.87, 12.26);
insert into STATION values (6788, '-', 1410, 513380.54, 755506.67, 11.84);
insert into STATION values (6789, '-', 1410, 513377.42, 755508.25, 12.01);
insert into STATION values (6790, '-', 1410, 513376.81, 755508.94, 11.91);
insert into STATION values (6791, '-', 1410, 513376.53, 755509.46, 11.81);
insert into STATION values (6792, '-', 1410, 513375.98, 755509.86, 11.88);
insert into STATION values (6793, '-', 1410, 513377.33, 755509.23, 11.87);
insert into STATION values (6794, '-', 1410, 513376.57, 755501.89, 11.89);
insert into STATION values (6795, '-', 1410, 513375.10, 755502.35, 11.34);
insert into STATION values (6796, '-', 1410, 513374.33, 755502.83, 11.19);
insert into STATION values (6797, '-', 1410, 513373.58, 755503.35, 11.28);
insert into STATION values (6798, '-', 1410, 513373.50, 755504.18, 11.03);
insert into STATION values (6799, '9.6', 1410, 513386.74, 755500.12, 12.14);
insert into STATION values (6800, '1.0', 1495, 513437.74, 755440.94, 13.91);
insert into STATION values (6801, '-', 1495, 513438.41, 755435.82, 14.35);
insert into STATION values (6802, '-', 1495, 513438.91, 755434.89, 14.53);
insert into STATION values (6803, '-', 1495, 513436.87, 755435.00, 14.51);
insert into STATION values (6804, '-', 1495, 513439.65, 755436.50, 14.33);
insert into STATION values (6805, '-', 1495, 513439.46, 755441.46, 12.48);
insert into STATION values (6806, '-', 1495, 513438.23, 755443.47, 12.93);
insert into STATION values (6807, '-', 1495, 513441.49, 755439.71, 12.05);
insert into STATION values (6808, '-', 1495, 513441.30, 755438.23, 12.23);
insert into STATION values (6809, '-', 1495, 513438.94, 755440.36, 13.09);
insert into STATION values (6810, '-', 1495, 513440.73, 755436.34, 12.68);
insert into STATION values (6811, '-', 1495, 513436.62, 755445.03, 13.92);
insert into STATION values (6812, '-', 1495, 513435.70, 755442.64, 13.62);
insert into STATION values (6813, '1.1', 1495, 513435.30, 755441.35, 12.40);
insert into STATION values (6814, '-', 1495, 513434.56, 755440.35, 12.68);
insert into STATION values (6815, '-', 1495, 513435.35, 755441.71, 12.44);
insert into STATION values (6816, '-', 1495, 513434.72, 755442.01, 12.53);
insert into STATION values (6817, '-', 1495, 513433.90, 755442.44, 12.39);
insert into STATION values (6818, '-', 1495, 513432.63, 755443.02, 12.37);
insert into STATION values (6819, '-', 1495, 513434.09, 755440.92, 12.72);
insert into STATION values (6820, '-', 1495, 513433.43, 755441.11, 12.76);
insert into STATION values (6821, '-', 1495, 513432.64, 755441.53, 12.81);
insert into STATION values (6822, '-', 1495, 513435.03, 755441.35, 12.97);
insert into STATION values (6823, '-', 1495, 513435.21, 755441.47, 12.07);
insert into STATION values (6824, '1.2', 1495, 513431.34, 755442.21, 13.02);
insert into STATION values (6825, '-', 1495, 513431.11, 755443.44, 12.48);
insert into STATION values (6826, '-', 1495, 513430.72, 755443.43, 12.51);
insert into STATION values (6827, '-', 1495, 513430.24, 755443.74, 12.41);
insert into STATION values (6828, '-', 1495, 513432.34, 755443.19, 12.47);
insert into STATION values (6829, '-', 1495, 513431.02, 755441.58, 13.09);
insert into STATION values (6830, '-', 1495, 513431.35, 755441.33, 13.14);
insert into STATION values (6831, '-', 1495, 513430.25, 755443.86, 12.16);
insert into STATION values (6832, '-', 1495, 513430.62, 755442.93, 12.49);
insert into STATION values (6833, '-', 1495, 513430.79, 755442.78, 13.67);
insert into STATION values (6834, '-', 1495, 513431.92, 755442.20, 11.40);
insert into STATION values (6835, '1.3', 1495, 513430.18, 755443.79, 12.40);
insert into STATION values (6836, '-', 1495, 513429.33, 755442.96, 12.56);
insert into STATION values (6837, '-', 1495, 513428.55, 755442.94, 12.57);
insert into STATION values (6838, '-', 1495, 513428.08, 755443.68, 12.52);
insert into STATION values (6839, '-', 1495, 513428.23, 755444.11, 12.51);
insert into STATION values (6840, '-', 1495, 513429.13, 755442.77, 14.66);
insert into STATION values (6841, '-', 1495, 513430.18, 755443.89, 11.46);
insert into STATION values (6842, '1.4', 1495, 513428.54, 755444.92, 13.02);
insert into STATION values (6843, '-', 1495, 513429.50, 755444.74, 12.60);
insert into STATION values (6844, '-', 1495, 513429.75, 755444.25, 12.49);
insert into STATION values (6845, '-', 1495, 513429.85, 755444.10, 12.56);
insert into STATION values (6846, '-', 1495, 513428.73, 755444.55, 15.06);
insert into STATION values (6847, '-', 1495, 513428.61, 755444.53, 11.46);
insert into STATION values (6848, '-', 1495, 513428.70, 755445.96, 12.69);
insert into STATION values (6849, '-', 1495, 513428.96, 755446.20, 12.78);
insert into STATION values (6850, '-', 1495, 513429.21, 755446.51, 12.84);
insert into STATION values (6851, '-', 1495, 513429.44, 755445.65, 12.71);
insert into STATION values (6852, '-', 1495, 513429.48, 755445.89, 12.86);
insert into STATION values (6853, '-', 1495, 513429.43, 755445.98, 13.04);
insert into STATION values (6854, '1.5', 1495, 513429.97, 755446.95, 13.26);
insert into STATION values (6855, '-', 1495, 513430.87, 755446.20, 13.15);
insert into STATION values (6856, '-', 1495, 513431.39, 755446.81, 13.17);
insert into STATION values (6857, '-', 1495, 513431.48, 755447.55, 13.09);
insert into STATION values (6858, '-', 1495, 513431.07, 755447.91, 13.10);
insert into STATION values (6859, '-', 1495, 513430.37, 755446.08, 13.12);
insert into STATION values (6860, '-', 1495, 513429.16, 755446.52, 13.06);
insert into STATION values (6861, '-', 1495, 513429.19, 755446.90, 13.00);
insert into STATION values (6862, '-', 1495, 513429.22, 755447.34, 13.02);
insert into STATION values (6863, '-', 1495, 513429.15, 755447.82, 12.94);
insert into STATION values (6864, '-', 1495, 513429.97, 755446.98, 13.44);
insert into STATION values (6865, '-', 1495, 513429.75, 755446.49, 11.81);
insert into STATION values (6866, '1.6', 1495, 513431.21, 755450.25, 13.40);
insert into STATION values (6867, '-', 1495, 513428.75, 755449.59, 13.26);
insert into STATION values (6868, '-', 1495, 513428.70, 755450.39, 13.22);
insert into STATION values (6869, '-', 1495, 513428.66, 755451.63, 13.04);
insert into STATION values (6870, '-', 1495, 513429.83, 755452.03, 12.89);
insert into STATION values (6871, '-', 1495, 513430.65, 755452.49, 12.93);
insert into STATION values (6872, '-', 1495, 513430.49, 755448.77, 13.01);
insert into STATION values (6873, '-', 1495, 513431.19, 755450.20, 13.72);
insert into STATION values (6874, '-', 1495, 513430.97, 755450.39, 12.83);
insert into STATION values (6875, '-', 1495, 513432.82, 755448.73, 12.41);
insert into STATION values (6876, '-', 1495, 513431.72, 755448.07, 12.69);
insert into STATION values (6877, '-', 1495, 513433.46, 755448.98, 12.15);
insert into STATION values (6878, '-', 1495, 513433.77, 755447.98, 11.75);
insert into STATION values (6879, '-', 1495, 513433.29, 755451.77, 13.86);
insert into STATION values (6880, '-', 1495, 513435.14, 755449.62, 13.28);
insert into STATION values (6881, '-', 1495, 513434.61, 755452.98, 14.77);
insert into STATION values (6882, '-', 1495, 513433.75, 755453.91, 15.04);
insert into STATION values (6883, '-', 1495, 513432.94, 755455.01, 15.44);
insert into STATION values (6884, '-', 1495, 513432.28, 755455.46, 15.66);
insert into STATION values (6885, '1.7', 1495, 513432.24, 755452.51, 14.34);
insert into STATION values (6886, '-', 1495, 513431.16, 755452.56, 14.85);
insert into STATION values (6887, '-', 1495, 513431.13, 755453.54, 14.99);
insert into STATION values (6888, '-', 1495, 513431.08, 755455.07, 15.50);
insert into STATION values (6889, '-', 1495, 513431.12, 755456.03, 15.85);
insert into STATION values (6890, '-', 1495, 513431.96, 755456.19, 15.32);
insert into STATION values (6891, '-', 1495, 513432.58, 755455.43, 15.18);
insert into STATION values (6892, '-', 1495, 513433.33, 755454.86, 15.04);
insert into STATION values (6893, '-', 1495, 513433.69, 755454.29, 15.02);
insert into STATION values (6894, '-', 1495, 513433.83, 755453.90, 14.96);
insert into STATION values (6895, '-', 1495, 513434.50, 755452.91, 14.84);
insert into STATION values (6896, '-', 1495, 513434.88, 755452.23, 14.99);
insert into STATION values (6897, '-', 1495, 513433.29, 755454.50, 15.60);
insert into STATION values (6898, '-', 1495, 513437.14, 755449.53, 14.27);
insert into STATION values (6899, '-', 1495, 513432.31, 755452.55, 15.77);
insert into STATION values (6900, '-', 1495, 513432.26, 755452.52, 14.17);
insert into STATION values (6901, '-', 1495, 513433.28, 755452.93, 14.48);
insert into STATION values (6902, '1.8', 1495, 513434.81, 755452.98, 14.31);
insert into STATION values (6903, '-', 1495, 513434.69, 755456.20, 13.44);
insert into STATION values (6904, '-', 1495, 513435.55, 755455.96, 13.42);
insert into STATION values (6905, '-', 1495, 513436.43, 755455.84, 13.19);
insert into STATION values (6906, '-', 1495, 513437.17, 755454.95, 13.04);
insert into STATION values (6907, '1.9', 1495, 513437.42, 755451.52, 12.82);
insert into STATION values (6908, '-', 1495, 513438.06, 755451.51, 13.35);
insert into STATION values (6909, '-', 1495, 513438.13, 755450.61, 13.44);
insert into STATION values (6910, '-', 1495, 513438.12, 755449.98, 13.48);
insert into STATION values (6911, '-', 1495, 513437.90, 755453.26, 12.92);
insert into STATION values (6912, '-', 1495, 513438.34, 755446.59, 14.11);
insert into STATION values (6913, '1.10', 1495, 513440.33, 755448.99, 12.13);
insert into STATION values (6914, '-', 1495, 513436.11, 755449.03, 13.84);
insert into STATION values (6915, '-', 1495, 513435.30, 755447.76, 14.30);
insert into STATION values (6916, '-', 1495, 513436.27, 755446.51, 14.37);
insert into STATION values (6917, '1.11', 1495, 513437.41, 755444.37, 13.63);
insert into STATION values (6918, '-', 1495, 513439.44, 755444.03, 13.26);
insert into STATION values (6919, '-', 1495, 513450.93, 755442.91, 11.02);
insert into STATION values (6920, '1.12', 1495, 513437.75, 755441.65, 12.62);
insert into STATION values (6921, '-', 1495, 513444.60, 755448.56, 11.84);
insert into STATION values (6922, '-', 1495, 513445.97, 755447.32, 11.79);
insert into STATION values (6923, '-', 1495, 513446.96, 755446.31, 11.79);
insert into STATION values (6924, '-', 1495, 513446.29, 755445.45, 11.89);
insert into STATION values (6925, '-', 1495, 513446.18, 755443.84, 12.22);
insert into STATION values (6926, '-', 1495, 513445.84, 755442.83, 12.44);
insert into STATION values (6927, '-', 1495, 513441.10, 755452.03, 11.97);
insert into STATION values (6928, '-', 1495, 513441.91, 755452.62, 11.82);
insert into STATION values (6929, '-', 1495, 513444.69, 755443.69, 11.72);
insert into STATION values (6930, '-', 1495, 513444.75, 755443.66, 11.71);
insert into STATION values (6931, '1.13', 1495, 513444.71, 755443.69, 11.70);
insert into STATION values (6932, '-', 1495, 513446.62, 755440.61, 12.02);
insert into STATION values (6933, '-', 1495, 513447.57, 755441.13, 11.92);
insert into STATION values (6934, '-', 1495, 513448.60, 755441.72, 11.76);
insert into STATION values (6935, '-', 1495, 513453.22, 755442.06, 11.45);
insert into STATION values (6936, '-', 1495, 513453.05, 755444.01, 11.16);
insert into STATION values (6937, '-', 1495, 513452.27, 755445.19, 11.10);
insert into STATION values (6938, '-', 1495, 513451.29, 755446.27, 11.09);
insert into STATION values (6939, '-', 1495, 513449.58, 755448.01, 11.03);
insert into STATION values (6940, '-', 1495, 513444.43, 755448.59, 11.78);
insert into STATION values (6941, '-', 1495, 513445.45, 755447.50, 11.91);
insert into STATION values (6942, '-', 1495, 513446.18, 755446.69, 12.04);
insert into STATION values (6943, '-', 1495, 513443.08, 755445.56, 11.96);
insert into STATION values (6944, '1.14', 1495, 513441.09, 755449.64, 11.93);
insert into STATION values (6945, '1.15', 1495, 513435.93, 755453.03, 12.78);
insert into STATION values (6946, '-', 1495, 513433.39, 755454.25, 13.44);
insert into STATION values (6947, '-', 1495, 513435.34, 755455.90, 13.54);
insert into STATION values (6948, '1.16', 1495, 513433.32, 755456.51, 13.69);
insert into STATION values (6949, '-', 1495, 513435.38, 755456.49, 14.40);
insert into STATION values (6950, '-', 1495, 513433.75, 755457.61, 14.01);
insert into STATION values (6951, '-', 1495, 513432.67, 755457.52, 13.86);
insert into STATION values (6952, '-', 1495, 513430.92, 755458.39, 13.05);
insert into STATION values (6953, '-', 1495, 513434.64, 755456.10, 14.16);
insert into STATION values (6954, '-', 1495, 513433.29, 755456.20, 13.88);
insert into STATION values (6955, '-', 1495, 513431.65, 755456.59, 13.79);
insert into STATION values (6956, '-', 1495, 513433.17, 755456.75, 14.60);
insert into STATION values (6957, '-', 1495, 513433.15, 755456.75, 13.31);
insert into STATION values (6958, '-', 1495, 513429.33, 755457.52, 13.13);
insert into STATION values (6959, '1.17', 1495, 513431.04, 755456.51, 13.22);
insert into STATION values (6960, '1.18', 1495, 513431.67, 755456.40, 12.96);
insert into STATION values (6961, '-', 1495, 513428.28, 755458.64, 13.19);
insert into STATION values (6962, '-', 1495, 513428.32, 755459.99, 12.19);
insert into STATION values (6963, '-', 1495, 513429.17, 755457.72, 11.17);
insert into STATION values (6964, '-', 1495, 513429.40, 755462.06, 10.96);
insert into STATION values (6965, '1.19', 1495, 513427.54, 755462.74, 11.50);
insert into STATION values (6966, '-', 1495, 513426.67, 755462.97, 11.63);
insert into STATION values (6967, '-', 1495, 513427.18, 755462.18, 11.44);
insert into STATION values (6968, '-', 1495, 513424.74, 755461.81, 11.16);
insert into STATION values (6969, '-', 1495, 513425.96, 755462.36, 11.36);
insert into STATION values (6970, '-', 1495, 513426.29, 755462.15, 11.59);
insert into STATION values (6971, '1.20', 1495, 513424.15, 755461.37, 11.10);
insert into STATION values (6972, '-', 1495, 513426.22, 755459.28, 10.83);
insert into STATION values (6973, '-', 1495, 513423.27, 755462.42, 11.27);
insert into STATION values (6974, '-', 1495, 513422.78, 755462.75, 11.09);
insert into STATION values (6975, '-', 1495, 513422.85, 755462.74, 11.16);
insert into STATION values (6976, '1.21', 1495, 513422.78, 755462.75, 11.09);
insert into STATION values (6977, '-', 1495, 513423.15, 755463.16, 11.27);
insert into STATION values (6978, '-', 1495, 513422.59, 755462.61, 11.32);
insert into STATION values (6979, '-', 1495, 513422.70, 755462.92, 11.58);
insert into STATION values (6980, '1.22', 1495, 513421.67, 755465.88, 12.42);
insert into STATION values (6981, '-', 1495, 513423.02, 755465.97, 12.28);
insert into STATION values (6982, '-', 1495, 513423.22, 755464.60, 11.62);
insert into STATION values (6983, '-', 1495, 513420.85, 755463.61, 12.63);
insert into STATION values (6984, '-', 1495, 513419.24, 755464.74, 12.87);
insert into STATION values (6985, '-', 1495, 513421.74, 755465.88, 12.68);
insert into STATION values (6986, '-', 1495, 513421.84, 755465.78, 11.73);
insert into STATION values (6987, '-', 1495, 513422.60, 755463.68, 10.67);
insert into STATION values (6988, '-', 1495, 513420.65, 755465.69, 12.86);
insert into STATION values (6989, '1.23', 1495, 513420.63, 755468.27, 13.42);
insert into STATION values (6990, '-', 1495, 513423.23, 755466.31, 12.60);
insert into STATION values (6991, '-', 1495, 513424.02, 755466.72, 12.39);
insert into STATION values (6992, '-', 1495, 513422.63, 755467.80, 12.87);
insert into STATION values (6993, '-', 1495, 513420.34, 755467.84, 13.35);
insert into STATION values (6994, '-', 1495, 513421.07, 755468.76, 13.29);
insert into STATION values (6995, '1.24', 1495, 513417.27, 755469.98, 14.50);
insert into STATION values (6996, '-', 1495, 513417.38, 755469.18, 14.65);
insert into STATION values (6997, '-', 1495, 513416.93, 755466.13, 14.68);
insert into STATION values (6998, '-', 1495, 513415.07, 755467.22, 14.57);
insert into STATION values (6999, '-', 1495, 513420.16, 755465.46, 14.51);
insert into STATION values (7000, '-', 1495, 513417.82, 755470.70, 14.38);
insert into STATION values (7001, '-', 1495, 513416.62, 755471.61, 14.21);
insert into STATION values (7002, '-', 1495, 513415.79, 755470.80, 14.43);
insert into STATION values (7003, '0', 1585, 513389.66, 755497.45, 12.70);
insert into STATION values (7004, '1', 1585, 513391.50, 755502.10, 12.70);
insert into STATION values (7005, '2', 1585, 513391.98, 755502.31, 10.00);
insert into STATION values (7006, '3', 1585, 513392.62, 755507.92, 6.40);
insert into STATION values (7007, '4', 1585, 513392.48, 755510.36, 3.90);
insert into STATION values (7008, '5', 1585, 513390.42, 755513.48, 3.60);
insert into STATION values (7009, '6', 1585, 513389.20, 755516.29, 3.10);
insert into STATION values (7010, '7', 1585, 513387.84, 755517.13, 3.00);
insert into STATION values (7011, '8', 1585, 513384.67, 755517.21, 3.10);
insert into STATION values (7012, '9', 1585, 513378.53, 755521.77, 2.20);
insert into STATION values (7013, '10', 1585, 513377.63, 755524.46, 1.60);
insert into STATION values (7014, '11', 1585, 513376.07, 755529.14, 0.50);
insert into STATION values (7015, '12', 1585, 513373.66, 755539.23, -0.90);
insert into STATION values (7016, '13', 1585, 513372.68, 755555.61, -3.50);
insert into STATION values (7017, '14', 1585, 513374.37, 755558.99, -4.50);
insert into STATION values (7018, '15', 1585, 513373.78, 755568.75, -7.10);
insert into STATION values (7019, '16', 1585, 513374.99, 755579.26, -8.70);
insert into STATION values (7020, '17', 1585, 513375.42, 755594.92, -11.40);
insert into STATION values (7021, '18', 1585, 513373.75, 755601.90, -13.20);
insert into STATION values (7022, '19', 1585, 513374.17, 755617.28, -15.10);
insert into STATION values (7023, '20', 1585, 513374.92, 755644.82, -20.10);
insert into STATION values (7024, '21', 1585, 513370.73, 755654.47, -21.40);
insert into STATION values (7025, '22', 1585, 513368.08, 755665.56, -18.00);
insert into STATION values (7026, '23', 1585, 513367.28, 755668.93, -16.20);
insert into STATION values (7027, '24', 1585, 513364.45, 755669.77, -15.70);
insert into STATION values (7028, '25', 1585, 513336.50, 755668.09, -15.70);
insert into STATION values (7029, '26', 1585, 513331.22, 755670.73, -13.10);
insert into STATION values (7030, '27', 1585, 513324.71, 755671.48, -8.50);
insert into STATION values (7031, '28', 1585, 513320.39, 755671.22, -9.30);
insert into STATION values (7032, '29', 1585, 513310.47, 755666.92, -11.30);
insert into STATION values (7033, '30', 1585, 513275.96, 755664.85, -10.00);
insert into STATION values (7034, '31', 1585, 513268.23, 755665.06, -9.70);
insert into STATION values (7035, '32', 1585, 513261.36, 755663.42, -8.60);
insert into STATION values (7036, '33', 1585, 513247.51, 755665.01, -8.30);
insert into STATION values (7037, '34', 1585, 513233.25, 755657.29, -8.00);
insert into STATION values (7038, '35', 1585, 513219.46, 755652.69, -7.30);
insert into STATION values (7039, '36', 1585, 513203.42, 755642.10, -6.60);
insert into STATION values (7040, '37', 1585, 513192.47, 755636.17, -5.40);
insert into STATION values (7041, '38', 1585, 513182.82, 755633.87, -4.20);
insert into STATION values (7042, '39', 1585, 513162.63, 755629.04, -3.60);
insert into STATION values (7043, '40', 1585, 513154.34, 755631.51, -2.60);
insert into STATION values (7044, '41', 1585, 513144.64, 755637.47, -3.20);
insert into STATION values (7045, '42', 1585, 513135.42, 755639.35, -1.90);
insert into STATION values (7046, '43', 1585, 513130.47, 755637.20, 0.60);
insert into STATION values (7047, '44', 1585, 513122.58, 755636.03, 1.20);
insert into STATION values (7048, '45', 1585, 513108.33, 755637.67, 1.70);
insert into STATION values (7049, '46', 1585, 513092.90, 755630.98, 2.60);
insert into STATION values (7050, '47', 1585, 513087.32, 755631.63, 3.20);
insert into STATION values (7051, '48', 1585, 513075.93, 755640.08, 5.00);
insert into STATION values (7052, '49', 1585, 513062.03, 755652.40, 6.90);
insert into STATION values (7053, '50', 1585, 513061.36, 755655.18, 7.00);
insert into STATION values (7054, '51', 1585, 513061.47, 755658.96, 6.90);
insert into STATION values (7055, '52', 1585, 513058.19, 755668.79, 6.00);
insert into STATION values (7056, '53', 1585, 513055.00, 755682.16, 7.70);
insert into STATION values (7057, '54', 1585, 513052.89, 755687.01, 9.20);
insert into STATION values (7058, '55', 1585, 513053.58, 755692.97, 11.70);
insert into STATION values (7059, '56', 1585, 513053.86, 755703.36, 13.20);
insert into STATION values (7060, 'A1', 1679, 513414.50, 755472.75, 11.18);
insert into STATION values (7061, 'A2', 1679, 513420.73, 755469.50, 9.18);
insert into STATION values (7062, 'A3', 1679, 513423.67, 755470.25, 9.18);
insert into STATION values (7063, 'A4', 1679, 513426.96, 755465.17, 7.18);
insert into STATION values (7064, 'A5', 1679, 513441.33, 755465.21, 11.18);
insert into STATION values (7065, 'A6', 1679, 513442.24, 755461.68, 8.18);
insert into STATION values (7066, 'A7', 1679, 513462.16, 755465.91, 7.18);
insert into STATION values (7067, 'A8', 1679, 513487.85, 755448.87, 9.18);
insert into STATION values (7068, 'A9', 1679, 513490.64, 755435.06, 11.18);
insert into STATION values (7069, 'A10', 1679, 513503.78, 755445.78, 9.34);
insert into STATION values (7070, 'A11', 1679, 513492.10, 755421.00, 11.26);
insert into STATION values (7071, 'A12', 1679, 513477.16, 755423.33, 11.18);
insert into STATION values (7072, 'A10a', 1679, 513503.77, 755445.79, -16.66);
insert into STATION values (7073, 'A0', 1729, 513492.10, 755421.00, 11.26);
insert into STATION values (7074, 'A1', 1729, 513492.11, 755420.99, -14.74);
insert into STATION values (7075, 'A2', 1729, 513496.31, 755420.44, -16.73);
insert into STATION values (7076, 'A3', 1729, 513504.05, 755418.10, -16.73);
insert into STATION values (7077, 'A4', 1729, 513494.18, 755429.86, -16.77);
insert into STATION values (7078, 'A5', 1729, 513487.58, 755452.61, -16.72);
insert into STATION values (7079, 'A6', 1729, 513491.47, 755456.82, -16.82);
insert into STATION values (7080, 'A7', 1729, 513503.77, 755445.79, -16.66);
insert into STATION values (7081, 'A8', 1729, 513490.27, 755471.55, -22.82);
insert into STATION values (7082, 'A9', 1729, 513492.96, 755482.28, -22.82);
insert into STATION values (7083, 'A10', 1729, 513489.64, 755491.90, -23.82);
insert into STATION values (7084, 'A11', 1729, 513492.09, 755502.03, -24.82);
insert into STATION values (7085, 'A12', 1729, 513492.58, 755519.50, -23.82);
insert into STATION values (7086, 'A13', 1729, 513510.01, 755532.39, -24.82);
insert into STATION values (7087, 'A14', 1729, 513535.97, 755534.34, -27.82);
insert into STATION values (7088, 'A15', 1729, 513573.21, 755529.98, -27.82);
insert into STATION values (7089, 'A16', 1729, 513592.58, 755486.52, -22.82);
insert into STATION values (7090, 'A17', 1729, 513600.29, 755474.03, -22.82);
insert into STATION values (7091, '1.0', 1774, 513459.00, 755411.00, 27.00);
insert into STATION_FLAG values(7091, 'ent');
insert into STATION_FLAG values(7091, 'fix');
insert into STATION values (7092, '-', 1774, 513459.47, 755411.51, 27.06);
insert into STATION values (7093, '-', 1774, 513459.82, 755411.72, 26.89);
insert into STATION values (7094, '-', 1774, 513459.91, 755411.72, 26.56);
insert into STATION values (7095, '-', 1774, 513460.34, 755411.97, 26.03);
insert into STATION values (7096, '-', 1774, 513459.88, 755411.66, 26.14);
insert into STATION values (7097, '-', 1774, 513459.38, 755411.41, 26.05);
insert into STATION values (7098, '-', 1774, 513459.01, 755411.34, 26.05);
insert into STATION values (7099, '-', 1774, 513458.60, 755411.28, 26.07);
insert into STATION values (7100, '-', 1774, 513458.25, 755411.25, 26.12);
insert into STATION values (7101, '-', 1774, 513457.91, 755411.23, 26.18);
insert into STATION values (7102, '-', 1774, 513457.84, 755411.18, 26.38);
insert into STATION values (7103, '-', 1774, 513457.85, 755411.26, 26.52);
insert into STATION values (7104, '-', 1774, 513457.88, 755411.18, 26.60);
insert into STATION values (7105, '-', 1774, 513458.05, 755411.11, 26.78);
insert into STATION values (7106, '-', 1774, 513459.80, 755411.70, 26.92);
insert into STATION values (7107, '-', 1774, 513459.53, 755411.62, 27.00);
insert into STATION values (7108, '-', 1774, 513459.30, 755411.54, 26.93);
insert into STATION values (7109, '-', 1774, 513459.13, 755411.47, 26.93);
insert into STATION values (7110, '-', 1774, 513458.98, 755411.51, 26.90);
insert into STATION values (7111, '-', 1774, 513458.74, 755411.69, 26.87);
insert into STATION values (7112, '-', 1774, 513457.87, 755410.93, 26.35);
insert into STATION values (7113, '-', 1774, 513457.83, 755411.40, 26.24);
insert into STATION values (7114, '-', 1774, 513457.81, 755411.98, 26.22);
insert into STATION values (7115, '-', 1774, 513457.57, 755412.40, 26.17);
insert into STATION values (7116, '-', 1774, 513460.10, 755411.44, 26.54);
insert into STATION values (7117, '-', 1774, 513460.15, 755412.20, 26.28);
insert into STATION values (7118, '-', 1774, 513460.11, 755413.27, 26.06);
insert into STATION values (7119, '-', 1774, 513459.90, 755413.95, 26.03);
insert into STATION values (7120, '-', 1774, 513459.48, 755414.14, 26.02);
insert into STATION values (7121, '-', 1774, 513459.09, 755414.69, 25.83);
insert into STATION values (7122, '1.1', 1774, 513457.53, 755415.29, 25.95);
insert into STATION values (7123, '-', 1774, 513459.03, 755414.40, 25.99);
insert into STATION values (7124, '-', 1774, 513458.25, 755414.97, 26.02);
insert into STATION values (7125, '-', 1774, 513458.82, 755414.74, 26.05);
insert into STATION values (7126, '-', 1774, 513458.90, 755415.06, 26.05);
insert into STATION values (7127, '-', 1774, 513458.95, 755415.39, 25.99);
insert into STATION values (7128, '-', 1774, 513458.87, 755415.71, 25.91);
insert into STATION values (7129, '-', 1774, 513457.51, 755416.77, 25.67);
insert into STATION values (7130, '-', 1774, 513457.16, 755416.61, 25.72);
insert into STATION values (7131, '-', 1774, 513456.86, 755416.41, 25.78);
insert into STATION values (7132, '-', 1774, 513456.62, 755416.18, 25.89);
insert into STATION values (7133, '-', 1774, 513456.14, 755415.95, 25.95);
insert into STATION values (7134, '-', 1774, 513455.35, 755415.15, 25.93);
insert into STATION values (7135, '-', 1774, 513455.42, 755414.71, 26.00);
insert into STATION values (7136, '-', 1774, 513455.69, 755414.15, 26.01);
insert into STATION values (7137, '-', 1774, 513456.23, 755413.86, 26.03);
insert into STATION values (7138, '-', 1774, 513456.56, 755413.51, 26.10);
insert into STATION values (7139, '-', 1774, 513456.86, 755413.05, 26.16);
insert into STATION values (7140, '-', 1774, 513457.09, 755412.62, 26.21);
insert into STATION values (7141, '-', 1774, 513457.28, 755412.21, 26.28);
insert into STATION values (7142, '-', 1774, 513457.39, 755411.59, 26.37);
insert into STATION values (7143, '-', 1774, 513457.62, 755411.48, 26.39);
insert into STATION values (7144, '-', 1774, 513457.72, 755411.15, 26.42);
insert into STATION values (7145, '1.2', 1774, 513459.70, 755418.31, 25.29);
insert into STATION values (7146, '-', 1774, 513459.30, 755418.43, 25.06);
insert into STATION values (7147, '-', 1774, 513458.71, 755418.69, 25.13);
insert into STATION values (7148, '-', 1774, 513458.93, 755418.60, 25.47);
insert into STATION values (7149, '-', 1774, 513459.16, 755418.54, 25.87);
insert into STATION values (7150, '-', 1774, 513459.19, 755418.56, 26.39);
insert into STATION values (7151, '-', 1774, 513459.44, 755418.43, 26.90);
insert into STATION values (7152, '-', 1774, 513459.62, 755418.41, 26.39);
insert into STATION values (7153, '-', 1774, 513459.78, 755418.37, 26.07);
insert into STATION values (7154, '-', 1774, 513459.92, 755418.31, 25.75);
insert into STATION values (7155, '-', 1774, 513459.95, 755418.27, 25.56);
insert into STATION values (7156, '-', 1774, 513459.94, 755418.25, 25.36);
insert into STATION values (7157, '-', 1774, 513459.90, 755418.21, 25.12);
insert into STATION values (7158, '-', 1774, 513458.48, 755417.67, 25.33);
insert into STATION values (7159, '-', 1774, 513458.56, 755417.92, 25.28);
insert into STATION values (7160, '-', 1774, 513458.53, 755418.16, 25.27);
insert into STATION values (7161, '-', 1774, 513458.74, 755418.54, 25.29);
insert into STATION values (7162, '-', 1774, 513458.88, 755418.73, 25.28);
insert into STATION values (7163, '-', 1774, 513459.11, 755418.99, 25.34);
insert into STATION values (7164, '-', 1774, 513459.25, 755419.50, 25.27);
insert into STATION values (7165, '-', 1774, 513459.53, 755419.47, 25.24);
insert into STATION values (7166, '-', 1774, 513459.73, 755419.32, 25.35);
insert into STATION values (7167, '-', 1774, 513459.82, 755418.93, 25.36);
insert into STATION values (7168, '-', 1774, 513459.85, 755418.65, 25.37);
insert into STATION values (7169, '-', 1774, 513459.95, 755418.48, 25.39);
insert into STATION values (7170, '-', 1774, 513459.92, 755418.30, 25.32);
insert into STATION values (7171, '-', 1774, 513459.93, 755418.18, 25.32);
insert into STATION values (7172, '-', 1774, 513459.97, 755417.88, 25.34);
insert into STATION values (7173, '-', 1774, 513459.90, 755417.52, 25.35);
insert into STATION values (7174, '-', 1774, 513459.77, 755416.96, 25.37);
insert into STATION values (7175, '-', 1774, 513459.52, 755416.83, 25.39);
insert into STATION values (7176, '-', 1774, 513459.05, 755415.79, 25.63);
insert into STATION values (7177, '-', 1774, 513458.60, 755417.64, 25.39);
insert into STATION values (7178, '-', 1774, 513457.37, 755416.90, 25.43);
insert into STATION values (7179, '-', 1774, 513458.62, 755417.77, 25.77);
insert into STATION values (7180, '-', 1774, 513459.00, 755417.88, 25.76);
insert into STATION values (7181, '-', 1774, 513459.01, 755417.65, 25.73);
insert into STATION values (7182, '-', 1774, 513459.00, 755417.30, 25.85);
insert into STATION values (7183, '-', 1774, 513459.06, 755416.97, 25.86);
insert into STATION values (7184, '-', 1774, 513459.15, 755417.53, 25.96);
insert into STATION values (7185, '-', 1774, 513459.15, 755417.68, 26.21);
insert into STATION values (7186, '-', 1774, 513459.27, 755417.98, 26.10);
insert into STATION values (7187, '-', 1774, 513459.21, 755418.19, 26.17);
insert into STATION values (7188, '-', 1774, 513459.22, 755418.61, 26.05);
insert into STATION values (7189, '-', 1774, 513459.29, 755419.02, 26.09);
insert into STATION values (7190, '-', 1774, 513459.33, 755419.67, 26.09);
insert into STATION values (7191, '-', 1774, 513459.35, 755419.40, 26.36);
insert into STATION values (7192, '-', 1774, 513459.40, 755419.04, 26.35);
insert into STATION values (7193, '-', 1774, 513459.64, 755418.81, 26.11);
insert into STATION values (7194, '-', 1774, 513459.77, 755418.58, 25.70);
insert into STATION values (7195, '-', 1774, 513459.72, 755418.87, 25.74);
insert into STATION values (7196, '-', 1774, 513459.96, 755418.63, 25.69);
insert into STATION values (7197, '-', 1774, 513459.82, 755418.39, 25.90);
insert into STATION values (7198, '-', 1774, 513459.71, 755418.31, 26.30);
insert into STATION values (7199, '-', 1774, 513459.40, 755418.43, 26.69);
insert into STATION values (7200, '-', 1774, 513459.47, 755418.04, 26.70);
insert into STATION values (7201, '-', 1774, 513459.44, 755417.99, 26.52);
insert into STATION values (7202, '-', 1774, 513459.80, 755418.15, 25.63);
insert into STATION values (7203, '-', 1774, 513459.97, 755418.09, 25.55);
insert into STATION values (7204, '-', 1774, 513459.50, 755419.63, 25.05);
insert into STATION values (7205, '-', 1774, 513459.18, 755419.30, 25.16);
insert into STATION values (7206, '-', 1774, 513459.81, 755419.37, 25.13);
insert into STATION values (7207, '-', 1774, 513459.18, 755418.26, 25.21);
insert into STATION values (7208, '-', 1774, 513459.63, 755418.85, 25.11);
insert into STATION values (7209, '-', 1774, 513459.82, 755417.54, 25.42);
insert into STATION values (7210, '-', 1774, 513459.84, 755417.52, 25.63);
insert into STATION values (7211, '-', 1774, 513459.83, 755417.51, 25.93);
insert into STATION values (7212, '-', 1774, 513459.76, 755417.63, 26.13);
insert into STATION values (7213, '-', 1774, 513459.68, 755417.72, 26.34);
insert into STATION values (7214, '-', 1774, 513459.58, 755417.80, 26.30);
insert into STATION values (7215, '-', 1774, 513459.65, 755418.22, 25.49);
insert into STATION values (7216, '-', 1774, 513459.38, 755417.54, 26.28);
insert into STATION values (7217, '-', 1774, 513459.40, 755417.33, 26.13);
insert into STATION values (7218, '-', 1774, 513459.21, 755417.68, 26.23);
insert into STATION values (7219, '-', 1774, 513459.11, 755417.57, 26.05);
insert into STATION values (7220, '-', 1774, 513459.52, 755417.03, 25.64);
insert into STATION values (7221, '-', 1774, 513457.36, 755415.21, 26.64);
insert into STATION values (7222, '-', 1774, 513457.13, 755415.24, 26.61);
insert into STATION values (7223, '-', 1774, 513456.85, 755415.17, 26.54);
insert into STATION values (7224, '-', 1774, 513456.52, 755415.02, 26.49);
insert into STATION values (7225, '-', 1774, 513456.05, 755414.90, 26.33);
insert into STATION values (7226, '-', 1774, 513455.52, 755414.73, 26.10);
insert into STATION values (7227, '-', 1774, 513455.43, 755414.69, 25.76);
insert into STATION values (7228, '-', 1774, 513456.10, 755414.80, 25.71);
insert into STATION values (7229, '-', 1774, 513456.42, 755414.89, 25.66);
insert into STATION values (7230, '-', 1774, 513457.32, 755415.09, 25.61);
insert into STATION values (7231, '-', 1774, 513457.66, 755415.17, 25.56);
insert into STATION values (7232, '-', 1774, 513457.99, 755415.18, 25.57);
insert into STATION values (7233, '-', 1774, 513458.45, 755415.14, 25.60);
insert into STATION values (7234, '-', 1774, 513458.93, 755415.17, 25.68);
insert into STATION values (7235, '-', 1774, 513458.99, 755415.24, 25.92);
insert into STATION values (7236, '-', 1774, 513458.76, 755415.21, 26.17);
insert into STATION values (7237, '-', 1774, 513458.46, 755415.25, 26.38);
insert into STATION values (7238, '-', 1774, 513458.06, 755415.19, 26.40);
insert into STATION values (7239, '-', 1774, 513457.86, 755415.24, 26.54);
insert into STATION values (7240, '-', 1774, 513457.64, 755415.23, 26.56);
insert into STATION values (7241, '-', 1774, 513457.51, 755415.22, 26.51);
insert into STATION values (7242, '-', 1774, 513457.62, 755417.43, 25.53);
insert into STATION values (7243, '-', 1774, 513457.86, 755417.56, 25.52);
insert into STATION values (7244, '-', 1774, 513458.16, 755417.72, 25.44);
insert into STATION values (7245, '-', 1774, 513458.42, 755417.58, 25.42);
insert into STATION values (7246, '-', 1774, 513459.52, 755416.02, 25.59);
insert into STATION values (7247, '-', 1774, 513459.47, 755416.19, 25.62);
insert into STATION values (7248, '-', 1774, 513459.42, 755416.50, 25.60);
insert into STATION values (7249, '-', 1774, 513459.33, 755416.69, 25.57);
insert into STATION values (7250, '-', 1774, 513459.83, 755417.24, 25.43);
insert into STATION values (7251, '-', 1774, 513459.81, 755417.41, 25.41);
insert into STATION values (7252, '-', 1774, 513457.64, 755416.27, 25.98);
insert into STATION values (7253, '-', 1774, 513457.74, 755415.87, 26.17);
insert into STATION values (7254, '-', 1774, 513457.91, 755415.47, 26.35);
insert into STATION values (7255, '-', 1774, 513458.25, 755415.00, 26.66);
insert into STATION values (7256, '-', 1774, 513458.34, 755415.18, 26.40);
insert into STATION values (7257, '-', 1774, 513458.82, 755414.84, 26.35);
insert into STATION values (7258, '-', 1774, 513458.78, 755414.95, 26.14);
insert into STATION values (7259, '-', 1774, 513458.96, 755415.31, 26.01);
insert into STATION values (7260, '-', 1774, 513458.96, 755415.61, 25.76);
insert into STATION values (7261, '-', 1774, 513458.09, 755415.99, 26.12);
insert into STATION values (7262, '-', 1774, 513458.47, 755416.26, 25.96);
insert into STATION values (7263, '-', 1774, 513458.98, 755416.70, 25.78);
insert into STATION values (7264, '-', 1774, 513458.33, 755416.74, 25.83);
insert into STATION values (7265, '-', 1774, 513458.10, 755417.29, 25.73);
insert into STATION values (7266, '-', 1774, 513458.13, 755417.66, 25.29);
insert into STATION values (7267, '-', 1774, 513459.12, 755417.42, 25.09);
insert into STATION values (7268, '-', 1774, 513458.38, 755415.26, 25.50);
insert into STATION values (7269, '-', 1774, 513458.50, 755414.75, 25.70);
insert into STATION values (7270, '-', 1774, 513459.92, 755413.12, 25.79);
insert into STATION values (7271, '-', 1774, 513459.86, 755413.14, 26.38);
insert into STATION values (7272, '-', 1774, 513458.37, 755414.46, 26.46);
insert into STATION values (7273, '-', 1774, 513458.10, 755414.41, 26.79);
insert into STATION values (7274, '-', 1774, 513458.18, 755414.03, 26.62);
insert into STATION values (7275, '-', 1774, 513458.45, 755413.77, 26.54);
insert into STATION values (7276, '-', 1774, 513459.84, 755411.99, 26.55);
insert into STATION values (7277, '-', 1774, 513459.78, 755411.75, 26.07);
insert into STATION values (7278, '-', 1774, 513459.25, 755411.74, 25.95);
insert into STATION values (7279, '-', 1774, 513458.71, 755412.89, 25.74);
insert into STATION values (7280, '-', 1774, 513458.08, 755414.34, 25.63);
insert into STATION values (7281, '-', 1774, 513456.85, 755416.29, 26.04);
insert into STATION values (7282, '-', 1774, 513456.88, 755415.83, 26.32);
insert into STATION values (7283, '-', 1774, 513457.19, 755415.70, 26.22);
insert into STATION values (7284, '-', 1774, 513456.96, 755415.53, 26.40);
insert into STATION values (7285, '-', 1774, 513457.09, 755415.40, 26.51);
insert into STATION values (7286, '-', 1774, 513456.77, 755415.02, 26.51);
insert into STATION values (7287, '-', 1774, 513456.79, 755414.73, 26.48);
insert into STATION values (7288, '-', 1774, 513456.48, 755414.60, 26.38);
insert into STATION values (7289, '-', 1774, 513456.10, 755414.67, 26.32);
insert into STATION values (7290, '-', 1774, 513455.65, 755414.62, 26.16);
insert into STATION values (7291, '-', 1774, 513455.70, 755414.35, 26.17);
insert into STATION values (7292, '-', 1774, 513455.79, 755414.31, 25.87);
insert into STATION values (7293, '-', 1774, 513456.08, 755415.05, 25.77);
insert into STATION values (7294, '-', 1774, 513455.50, 755414.60, 25.69);
insert into STATION values (7295, '-', 1774, 513456.20, 755414.26, 25.61);
insert into STATION values (7296, '-', 1774, 513456.66, 755413.89, 25.70);
insert into STATION values (7297, '-', 1774, 513456.45, 755413.62, 26.02);
insert into STATION values (7298, '-', 1774, 513456.77, 755414.18, 26.46);
insert into STATION values (7299, '-', 1774, 513457.11, 755413.93, 26.57);
insert into STATION values (7300, '-', 1774, 513457.22, 755414.35, 26.61);
insert into STATION values (7301, '-', 1774, 513457.33, 755414.63, 26.70);
insert into STATION values (7302, '-', 1774, 513457.66, 755414.90, 26.65);
insert into STATION values (7303, '-', 1774, 513457.15, 755413.39, 25.79);
insert into STATION values (7304, '-', 1774, 513457.58, 755412.43, 26.03);
insert into STATION values (7305, '-', 1774, 513457.62, 755412.88, 26.48);
insert into STATION values (7306, '-', 1774, 513457.95, 755412.60, 26.63);
insert into STATION values (7307, '-', 1774, 513457.61, 755414.01, 26.61);
insert into STATION values (7308, '-', 1774, 513457.57, 755414.44, 26.78);
insert into STATION values (7309, '0', 1811, 511551.00, 757264.00, 26.00);
insert into STATION_FLAG values(7309, 'ent');
insert into STATION_FLAG values(7309, 'fix');
insert into STATION values (7310, '1', 1811, 511553.26, 757263.35, 24.64);
insert into STATION values (7311, '2', 1811, 511553.69, 757266.39, 25.69);
insert into STATION_FLAG values(7311, 'ent');
insert into STATION values (7312, '3', 1811, 511553.38, 757264.38, 24.88);
insert into STATION values (7313, '4', 1811, 511556.69, 757261.77, 24.53);
insert into STATION values (7314, '5', 1811, 511559.63, 757263.14, 24.53);
insert into STATION values (7315, '6', 1811, 511556.93, 757263.43, 24.66);
insert into STATION values (7316, '7', 1811, 511557.94, 757265.05, 26.26);
insert into STATION_FLAG values(7316, 'ent');
insert into STATION values (7317, '8', 1811, 511559.26, 757263.63, 24.53);
insert into STATION values (7318, '9', 1811, 511563.49, 757263.19, 24.53);
insert into STATION values (7319, '10', 1811, 511563.16, 757267.03, 24.53);
insert into STATION values (7320, '11', 1811, 511565.16, 757270.24, 24.86);
insert into STATION values (7321, 'out', 1811, 511564.11, 757271.00, 25.61);
insert into STATION_FLAG values(7321, 'ent');
insert into STATION values (7322, '13', 1811, 511562.23, 757267.67, 24.69);
insert into STATION values (7323, '14', 1811, 511558.14, 757266.80, 26.13);
insert into STATION values (7324, '15', 1811, 511563.52, 757270.32, 24.69);
insert into STATION values (7325, '16', 1811, 511556.09, 757260.49, 24.53);
insert into STATION values (7326, '17', 1811, 511550.73, 757261.06, 24.72);
insert into STATION values (7327, '16a', 1811, 511556.09, 757260.49, 23.13);
insert into STATION values (7328, '18', 1811, 511548.53, 757260.51, 24.72);
insert into STATION values (7329, '19', 1811, 511541.24, 757253.21, 24.90);
insert into STATION values (7330, '20', 1811, 511533.18, 757238.04, 25.20);
insert into STATION values (7331, '21', 1811, 511550.77, 757265.08, 25.02);
insert into STATION_FLAG values(7331, 'ent');
insert into STATION values (7332, '22', 1811, 511546.45, 757262.67, 24.72);
insert into STATION values (7333, '23', 1811, 511537.77, 757256.81, 24.90);
insert into STATION values (7334, '24', 1811, 511537.45, 757258.78, 24.90);
insert into STATION values (7335, '25', 1811, 511531.87, 757235.35, 25.20);
insert into STATION values (7336, '26', 1811, 511529.17, 757236.66, 25.20);
insert into STATION values (7337, '27', 1811, 511526.98, 757232.16, 25.20);
insert into STATION values (7338, '28', 1811, 511520.85, 757219.58, 25.20);
insert into STATION values (7339, '1.0', 1866, 514277.00, 755072.00, 15.00);
insert into STATION_FLAG values(7339, 'ent');
insert into STATION_FLAG values(7339, 'fix');
insert into STATION values (7340, '-', 1866, 514276.38, 755065.60, 14.43);
insert into STATION values (7341, '-', 1866, 514276.24, 755065.62, 14.44);
insert into STATION values (7342, '-', 1866, 514277.98, 755078.35, 15.52);
insert into STATION values (7343, '-', 1866, 514276.37, 755073.91, 16.66);
insert into STATION values (7344, '-', 1866, 514275.24, 755073.87, 16.76);
insert into STATION values (7345, '-', 1866, 514273.75, 755073.84, 16.87);
insert into STATION values (7346, '-', 1866, 514272.46, 755073.56, 16.86);
insert into STATION values (7347, '-', 1866, 514271.38, 755073.22, 16.89);
insert into STATION values (7348, '-', 1866, 514270.56, 755072.79, 16.48);
insert into STATION values (7349, '-', 1866, 514270.55, 755072.56, 15.52);
insert into STATION values (7350, '-', 1866, 514270.48, 755072.62, 14.74);
insert into STATION values (7351, '-', 1866, 514271.50, 755072.83, 14.12);
insert into STATION values (7352, '-', 1866, 514273.01, 755072.79, 13.75);
insert into STATION values (7353, '-', 1866, 514274.22, 755072.99, 13.50);
insert into STATION values (7354, '-', 1866, 514275.29, 755073.03, 13.53);
insert into STATION values (7355, '-', 1866, 514275.93, 755073.16, 13.64);
insert into STATION values (7356, '-', 1866, 514276.60, 755073.34, 13.64);
insert into STATION values (7357, '-', 1866, 514277.67, 755073.05, 13.87);
insert into STATION values (7358, '-', 1866, 514278.58, 755072.97, 14.16);
insert into STATION values (7359, '-', 1866, 514279.32, 755072.98, 14.61);
insert into STATION values (7360, '-', 1866, 514279.47, 755073.01, 15.47);
insert into STATION values (7361, '-', 1866, 514279.44, 755073.10, 15.86);
insert into STATION values (7362, '-', 1866, 514278.80, 755073.13, 16.05);
insert into STATION values (7363, '-', 1866, 514278.25, 755073.38, 16.17);
insert into STATION values (7364, '-', 1866, 514277.49, 755073.85, 16.28);
insert into STATION values (7365, '-', 1866, 514276.54, 755074.15, 16.45);
insert into STATION values (7366, '-', 1866, 514270.84, 755072.83, 16.66);
insert into STATION values (7367, '-', 1866, 514273.28, 755073.78, 16.95);
insert into STATION values (7368, '-', 1866, 514275.64, 755073.96, 16.65);
insert into STATION values (7369, '-', 1866, 514278.01, 755073.55, 16.29);
insert into STATION values (7370, '-', 1866, 514279.13, 755073.04, 15.95);
insert into STATION values (7371, '-', 1866, 514270.57, 755072.46, 14.78);
insert into STATION values (7372, '-', 1866, 514270.42, 755073.51, 14.60);
insert into STATION values (7373, '-', 1866, 514270.42, 755074.26, 14.42);
insert into STATION values (7374, '-', 1866, 514271.03, 755075.17, 14.22);
insert into STATION values (7375, '-', 1866, 514271.97, 755076.27, 14.05);
insert into STATION values (7376, '-', 1866, 514273.06, 755076.88, 14.04);
insert into STATION values (7377, '-', 1866, 514274.06, 755077.35, 13.81);
insert into STATION values (7378, '-', 1866, 514274.81, 755077.44, 13.76);
insert into STATION values (7379, '-', 1866, 514275.90, 755077.48, 13.73);
insert into STATION values (7380, '-', 1866, 514276.90, 755077.20, 13.69);
insert into STATION values (7381, '-', 1866, 514277.82, 755076.45, 13.79);
insert into STATION values (7382, '-', 1866, 514278.78, 755075.54, 13.98);
insert into STATION values (7383, '-', 1866, 514279.19, 755074.45, 14.28);
insert into STATION values (7384, '-', 1866, 514279.31, 755073.81, 14.61);
insert into STATION values (7385, '-', 1866, 514279.43, 755073.08, 14.77);
insert into STATION values (7386, '-', 1866, 514271.12, 755073.41, 13.40);
insert into STATION values (7387, '-', 1866, 514271.00, 755074.24, 13.48);
insert into STATION values (7388, '-', 1866, 514270.88, 755075.05, 13.40);
insert into STATION values (7389, '-', 1866, 514271.11, 755075.98, 13.29);
insert into STATION values (7390, '-', 1866, 514272.19, 755076.67, 13.08);
insert into STATION values (7391, '-', 1866, 514273.18, 755077.01, 12.99);
insert into STATION values (7392, '-', 1866, 514274.14, 755077.13, 12.87);
insert into STATION values (7393, '-', 1866, 514274.94, 755076.81, 12.69);
insert into STATION values (7394, '-', 1866, 514275.46, 755076.55, 12.58);
insert into STATION values (7395, '-', 1866, 514276.15, 755076.25, 12.66);
insert into STATION values (7396, '-', 1866, 514276.66, 755075.76, 12.76);
insert into STATION values (7397, '-', 1866, 514277.11, 755075.23, 12.87);
insert into STATION values (7398, '-', 1866, 514276.90, 755074.70, 12.85);
insert into STATION values (7399, '-', 1866, 514276.53, 755073.89, 13.21);
insert into STATION values (7400, '-', 1866, 514275.85, 755073.20, 13.58);
insert into STATION values (7401, '-', 1866, 514275.12, 755073.04, 13.47);
insert into STATION values (7402, '-', 1866, 514274.32, 755072.95, 13.45);
insert into STATION values (7403, '-', 1866, 514273.41, 755072.93, 13.59);
insert into STATION values (7404, '-', 1866, 514272.12, 755072.92, 13.77);
insert into STATION values (7405, '-', 1866, 514270.70, 755075.71, 13.30);
insert into STATION values (7406, '-', 1866, 514270.93, 755074.95, 13.41);
insert into STATION values (7407, '-', 1866, 514270.96, 755074.20, 13.31);
insert into STATION values (7408, '-', 1866, 514270.93, 755073.87, 12.98);
insert into STATION values (7409, '-', 1866, 514275.91, 755073.16, 13.62);
insert into STATION values (7410, '-', 1866, 514276.56, 755073.31, 13.64);
insert into STATION values (7411, '-', 1866, 514275.84, 755073.54, 13.40);
insert into STATION values (7412, '-', 1866, 514276.44, 755073.76, 13.41);
insert into STATION values (7413, '-', 1866, 514275.73, 755074.13, 13.19);
insert into STATION values (7414, '-', 1866, 514276.30, 755074.22, 13.19);
insert into STATION values (7415, '-', 1866, 514275.40, 755074.06, 12.95);
insert into STATION values (7416, '-', 1866, 514275.10, 755074.01, 12.78);
insert into STATION values (7417, '-', 1866, 514276.14, 755071.74, 14.99);
insert into STATION values (7418, '-', 1866, 514278.23, 755072.34, 14.97);
insert into STATION values (7419, '-', 1866, 514274.93, 755071.30, 15.04);
insert into STATION values (7420, '-', 1866, 514273.72, 755070.82, 15.10);
insert into STATION values (7421, '-', 1866, 514272.49, 755070.23, 15.05);
insert into STATION values (7422, '1.1', 1866, 514273.01, 755075.57, 10.91);
insert into STATION values (7423, '-', 1866, 514277.00, 755071.93, 14.94);
insert into STATION values (7424, '-', 1866, 514278.05, 755076.45, 10.21);
insert into STATION values (7425, '-', 1866, 514281.80, 755076.88, 9.67);
insert into STATION values (7426, '-', 1866, 514282.66, 755076.65, 9.69);
insert into STATION values (7427, '-', 1866, 514281.97, 755076.83, 9.70);
insert into STATION values (7428, '-', 1866, 514281.86, 755076.85, 9.68);
insert into STATION values (7429, '-', 1866, 514281.92, 755076.83, 9.70);
insert into STATION values (7430, '1.2', 1866, 514282.30, 755076.71, 9.69);
insert into STATION values (7431, '-', 1866, 514277.97, 755075.84, 10.25);
insert into STATION values (7432, '-', 1866, 514277.28, 755075.70, 10.31);
insert into STATION values (7433, '-', 1866, 514276.35, 755075.52, 10.40);
insert into STATION values (7434, '-', 1866, 514276.05, 755076.22, 10.37);
insert into STATION values (7435, '-', 1866, 514277.98, 755076.55, 10.13);
insert into STATION values (7436, '-', 1866, 514278.67, 755076.60, 10.05);
insert into STATION values (7437, '-', 1866, 514275.40, 755075.70, 10.61);
insert into STATION values (7438, '-', 1866, 514274.88, 755076.21, 10.46);
insert into STATION values (7439, '-', 1866, 514273.56, 755076.30, 10.38);
insert into STATION values (7440, '-', 1866, 514273.02, 755076.41, 10.60);
insert into STATION values (7441, '-', 1866, 514271.46, 755076.07, 10.44);
insert into STATION values (7442, '-', 1866, 514269.35, 755075.90, 10.56);
insert into STATION values (7443, '-', 1866, 514268.03, 755075.85, 10.41);
insert into STATION values (7444, '-', 1866, 514272.86, 755076.71, 10.98);
insert into STATION values (7445, '-', 1866, 514271.91, 755076.80, 11.06);
insert into STATION values (7446, '-', 1866, 514270.64, 755076.61, 11.13);
insert into STATION values (7447, '-', 1866, 514269.60, 755076.30, 11.20);
insert into STATION values (7448, '-', 1866, 514267.50, 755076.05, 11.18);
insert into STATION values (7449, '-', 1866, 514272.58, 755072.58, 11.63);
insert into STATION values (7450, '-', 1866, 514271.69, 755073.39, 11.36);
insert into STATION values (7451, '-', 1866, 514270.47, 755073.45, 11.18);
insert into STATION values (7452, '-', 1866, 514269.11, 755073.53, 11.13);
insert into STATION values (7453, '-', 1866, 514266.20, 755072.79, 10.94);
insert into STATION values (7454, '-', 1866, 514263.88, 755072.33, 11.08);
insert into STATION values (7455, '-', 1866, 514274.64, 755073.94, 12.28);
insert into STATION values (7456, '-', 1866, 514274.21, 755073.94, 12.05);
insert into STATION values (7457, '-', 1866, 514273.93, 755073.94, 11.87);
insert into STATION values (7458, '-', 1866, 514273.62, 755073.97, 11.68);
insert into STATION values (7459, '-', 1866, 514273.31, 755074.01, 11.46);
insert into STATION values (7460, '-', 1866, 514273.01, 755074.08, 11.25);
insert into STATION values (7461, '-', 1866, 514272.66, 755074.12, 11.09);
insert into STATION values (7462, '-', 1866, 514272.33, 755074.10, 10.91);
insert into STATION values (7463, '-', 1866, 514270.88, 755075.27, 13.30);
insert into STATION values (7464, '-', 1866, 514270.18, 755075.21, 13.07);
insert into STATION values (7465, '-', 1866, 514269.39, 755075.16, 12.81);
insert into STATION values (7466, '-', 1866, 514267.80, 755074.89, 12.84);
insert into STATION values (7467, '-', 1866, 514266.83, 755074.71, 12.64);
insert into STATION values (7468, '-', 1866, 514265.75, 755074.74, 12.19);
insert into STATION values (7469, '-', 1866, 514264.24, 755074.47, 11.94);
insert into STATION values (7470, '-', 1866, 514264.29, 755074.35, 11.57);
insert into STATION values (7471, '-', 1866, 514263.67, 755074.24, 11.40);
insert into STATION values (7472, '-', 1866, 514263.41, 755074.13, 11.13);
insert into STATION values (7473, '1.3', 1866, 514265.65, 755073.77, 10.66);
insert into STATION values (7474, '-', 1866, 514273.13, 755075.08, 10.87);
insert into STATION values (7475, '-', 1866, 514264.83, 755076.15, 10.67);
insert into STATION values (7476, '-', 1866, 514264.10, 755075.86, 10.76);
insert into STATION values (7477, '-', 1866, 514263.48, 755075.18, 10.92);
insert into STATION values (7478, '-', 1866, 514263.34, 755074.48, 11.04);
insert into STATION values (7479, '-', 1866, 514263.58, 755073.83, 11.15);
insert into STATION values (7480, '-', 1866, 514264.09, 755073.27, 11.23);
insert into STATION values (7481, '-', 1866, 514264.78, 755073.10, 11.36);
insert into STATION values (7482, '-', 1866, 514265.49, 755072.95, 11.26);
insert into STATION values (7483, '-', 1866, 514265.00, 755076.42, 10.48);
insert into STATION values (7484, '-', 1866, 514264.23, 755076.42, 10.54);
insert into STATION values (7485, '-', 1866, 514263.34, 755076.23, 10.51);
insert into STATION values (7486, '-', 1866, 514262.22, 755076.18, 10.44);
insert into STATION values (7487, '-', 1866, 514261.39, 755076.16, 10.48);
insert into STATION values (7488, '-', 1866, 514265.78, 755072.82, 10.87);
insert into STATION values (7489, '-', 1866, 514265.24, 755072.72, 10.87);
insert into STATION values (7490, '-', 1866, 514264.14, 755072.46, 10.97);
insert into STATION values (7491, '-', 1866, 514263.60, 755072.36, 11.22);
insert into STATION values (7492, '-', 1866, 514262.71, 755072.20, 11.25);
insert into STATION values (7493, '-', 1866, 514267.00, 755075.60, 10.51);
insert into STATION values (7494, '-', 1866, 514265.90, 755075.73, 10.52);
insert into STATION values (7495, '-', 1866, 514265.04, 755075.22, 10.47);
insert into STATION values (7496, '-', 1866, 514264.70, 755074.74, 10.40);
insert into STATION values (7497, '-', 1866, 514264.22, 755074.16, 10.41);
insert into STATION values (7498, '-', 1866, 514263.51, 755073.96, 10.39);
insert into STATION values (7499, '-', 1866, 514261.07, 755074.08, 10.41);
insert into STATION values (7500, '-', 1866, 514259.89, 755074.18, 10.71);
insert into STATION values (7501, '-', 1866, 514260.59, 755074.77, 10.38);
insert into STATION values (7502, '-', 1866, 514260.67, 755075.05, 10.50);
insert into STATION values (7503, '-', 1866, 514260.89, 755075.32, 10.48);
insert into STATION values (7504, '-', 1866, 514261.01, 755075.70, 10.47);
insert into STATION values (7505, '-', 1866, 514261.34, 755076.04, 10.59);
insert into STATION values (7506, '-', 1866, 514260.56, 755074.74, 10.37);
insert into STATION values (7507, '2.0', 1914, 514273.01, 755075.57, 10.91);
insert into STATION values (7508, '2.1', 1914, 514265.65, 755073.77, 10.66);
insert into STATION values (7509, '-', 1914, 514265.91, 755072.82, 10.82);
insert into STATION values (7510, '-', 1914, 514265.20, 755072.71, 10.91);
insert into STATION values (7511, '-', 1914, 514264.31, 755072.55, 10.99);
insert into STATION values (7512, '-', 1914, 514263.80, 755072.48, 11.04);
insert into STATION values (7513, '-', 1914, 514262.89, 755072.13, 11.15);
insert into STATION values (7514, '-', 1914, 514265.15, 755076.45, 10.42);
insert into STATION values (7515, '-', 1914, 514264.65, 755076.31, 10.44);
insert into STATION values (7516, '-', 1914, 514263.84, 755076.38, 10.46);
insert into STATION values (7517, '-', 1914, 514262.96, 755076.15, 10.43);
insert into STATION values (7518, '-', 1914, 514261.75, 755076.31, 10.45);
insert into STATION values (7519, '2.2', 1914, 514262.04, 755073.20, 11.07);
insert into STATION values (7520, '-', 1914, 514263.90, 755072.37, 10.88);
insert into STATION values (7521, '-', 1914, 514263.40, 755072.18, 11.14);
insert into STATION values (7522, '-', 1914, 514263.14, 755071.89, 11.49);
insert into STATION values (7523, '-', 1914, 514262.81, 755072.16, 11.41);
insert into STATION values (7524, '-', 1914, 514262.45, 755072.44, 11.28);
insert into STATION values (7525, '-', 1914, 514262.14, 755072.72, 11.23);
insert into STATION values (7526, '-', 1914, 514261.82, 755072.70, 11.32);
insert into STATION values (7527, '-', 1914, 514261.63, 755072.80, 11.40);
insert into STATION values (7528, '-', 1914, 514261.54, 755072.97, 11.36);
insert into STATION values (7529, '-', 1914, 514261.55, 755073.32, 11.13);
insert into STATION values (7530, '-', 1914, 514263.82, 755072.26, 11.51);
insert into STATION values (7531, '-', 1914, 514263.51, 755072.79, 11.52);
insert into STATION values (7532, '-', 1914, 514263.35, 755073.16, 11.41);
insert into STATION values (7533, '-', 1914, 514262.91, 755073.56, 11.30);
insert into STATION values (7534, '-', 1914, 514262.39, 755073.81, 11.23);
insert into STATION values (7535, '-', 1914, 514261.97, 755073.83, 11.26);
insert into STATION values (7536, '-', 1914, 514261.38, 755073.85, 11.24);
insert into STATION values (7537, '-', 1914, 514260.89, 755073.95, 11.21);
insert into STATION values (7538, '-', 1914, 514260.47, 755073.96, 11.28);
insert into STATION values (7539, '-', 1914, 514260.11, 755073.93, 11.36);
insert into STATION values (7540, '-', 1914, 514264.17, 755076.29, 10.43);
insert into STATION values (7541, '-', 1914, 514263.44, 755076.20, 10.47);
insert into STATION values (7542, '-', 1914, 514262.65, 755076.18, 10.45);
insert into STATION values (7543, '-', 1914, 514261.89, 755076.24, 10.40);
insert into STATION values (7544, '-', 1914, 514261.41, 755076.18, 10.43);
insert into STATION values (7545, '-', 1914, 514261.29, 755075.94, 10.58);
insert into STATION values (7546, '-', 1914, 514261.04, 755075.70, 10.58);
insert into STATION values (7547, '-', 1914, 514260.93, 755075.33, 10.83);
insert into STATION values (7548, '-', 1914, 514260.58, 755074.77, 10.82);
insert into STATION values (7549, '-', 1914, 514260.23, 755074.48, 10.78);
insert into STATION values (7550, '-', 1914, 514259.94, 755073.91, 10.99);
insert into STATION values (7551, '-', 1914, 514264.30, 755074.01, 10.38);
insert into STATION values (7552, '-', 1914, 514263.64, 755074.08, 10.34);
insert into STATION values (7553, '-', 1914, 514262.72, 755074.06, 10.42);
insert into STATION values (7554, '-', 1914, 514262.22, 755074.03, 10.40);
insert into STATION values (7555, '-', 1914, 514261.97, 755074.05, 10.43);
insert into STATION values (7556, '-', 1914, 514259.96, 755073.92, 11.09);
insert into STATION values (7557, '-', 1914, 514262.74, 755072.15, 14.51);
insert into STATION values (7558, '-', 1914, 514262.27, 755072.37, 14.19);
insert into STATION values (7559, '-', 1914, 514263.16, 755071.94, 14.23);
insert into STATION values (7560, '-', 1914, 514261.28, 755072.39, 14.02);
insert into STATION values (7561, '-', 1914, 514262.47, 755072.85, 12.88);
insert into STATION values (7562, '-', 1914, 514262.49, 755073.03, 12.24);
insert into STATION values (7563, '-', 1914, 514262.47, 755073.15, 11.92);
insert into STATION values (7564, '-', 1914, 514262.68, 755073.40, 11.73);
insert into STATION values (7565, '-', 1914, 514262.86, 755073.55, 11.43);
insert into STATION values (7566, '-', 1914, 514262.08, 755073.95, 11.16);
insert into STATION values (7567, '-', 1914, 514262.96, 755073.70, 11.22);
insert into STATION values (7568, '-', 1914, 514263.29, 755073.81, 11.16);
insert into STATION values (7569, '2.3', 1914, 514260.75, 755074.02, 11.16);
insert into STATION values (7570, '-', 1914, 514260.88, 755073.88, 10.43);
insert into STATION values (7571, '-', 1914, 514260.37, 755073.88, 10.43);
insert into STATION values (7572, '-', 1914, 514261.16, 755073.06, 11.25);
insert into STATION values (7573, '-', 1914, 514260.76, 755072.95, 11.47);
insert into STATION values (7574, '-', 1914, 514260.37, 755072.98, 11.56);
insert into STATION values (7575, '-', 1914, 514260.07, 755072.83, 11.80);
insert into STATION values (7576, '-', 1914, 514259.68, 755072.42, 12.12);
insert into STATION values (7577, '-', 1914, 514259.42, 755072.49, 12.20);
insert into STATION values (7578, '-', 1914, 514259.07, 755072.67, 12.27);
insert into STATION values (7579, '-', 1914, 514259.13, 755072.92, 12.08);
insert into STATION values (7580, '-', 1914, 514259.32, 755073.25, 11.86);
insert into STATION values (7581, '-', 1914, 514259.42, 755073.40, 11.70);
insert into STATION values (7582, '-', 1914, 514259.58, 755073.46, 11.41);
insert into STATION values (7583, '-', 1914, 514259.64, 755073.70, 11.08);
insert into STATION values (7584, '-', 1914, 514259.90, 755073.90, 10.90);
insert into STATION values (7585, '1', 1933, 514260.75, 755074.02, 11.16);
insert into STATION values (7586, '2', 1933, 514253.98, 755075.31, 9.94);
insert into STATION values (7587, '1.0', 1941, 513581.28, 755356.45, 13.74);
insert into STATION values (7588, '-', 1941, 513581.14, 755356.45, 19.08);
insert into STATION values (7589, '-', 1941, 513580.56, 755355.99, 18.44);
insert into STATION values (7590, '-', 1941, 513580.05, 755355.45, 17.87);
insert into STATION values (7591, '-', 1941, 513579.47, 755354.95, 17.56);
insert into STATION values (7592, '-', 1941, 513579.12, 755354.67, 16.66);
insert into STATION values (7593, '-', 1941, 513578.84, 755354.55, 15.91);
insert into STATION values (7594, '-', 1941, 513578.68, 755354.48, 15.33);
insert into STATION values (7595, '-', 1941, 513578.71, 755354.60, 14.81);
insert into STATION values (7596, '-', 1941, 513578.76, 755354.76, 14.16);
insert into STATION values (7597, '-', 1941, 513578.64, 755354.65, 13.69);
insert into STATION values (7598, '-', 1941, 513578.65, 755354.74, 13.24);
insert into STATION values (7599, '-', 1941, 513578.81, 755355.02, 12.83);
insert into STATION values (7600, '-', 1941, 513580.21, 755355.94, 13.17);
insert into STATION values (7601, '-', 1941, 513580.73, 755356.21, 13.26);
insert into STATION values (7602, '-', 1941, 513581.28, 755356.46, 13.22);
insert into STATION values (7603, '-', 1941, 513581.45, 755356.64, 13.20);
insert into STATION values (7604, '-', 1941, 513581.91, 755356.98, 13.06);
insert into STATION values (7605, '-', 1941, 513582.54, 755357.41, 12.96);
insert into STATION values (7606, '-', 1941, 513585.60, 755359.83, 11.81);
insert into STATION values (7607, '-', 1941, 513587.16, 755361.28, 11.61);
insert into STATION values (7608, '-', 1941, 513586.88, 755361.38, 12.83);
insert into STATION values (7609, '-', 1941, 513586.77, 755361.33, 14.05);
insert into STATION values (7610, '-', 1941, 513586.21, 755360.84, 15.23);
insert into STATION values (7611, '-', 1941, 513586.06, 755360.56, 16.75);
insert into STATION values (7612, '-', 1941, 513586.02, 755360.53, 17.20);
insert into STATION values (7613, '-', 1941, 513585.11, 755359.66, 17.53);
insert into STATION values (7614, '-', 1941, 513584.39, 755359.09, 17.71);
insert into STATION values (7615, '-', 1941, 513584.28, 755358.93, 18.18);
insert into STATION values (7616, '-', 1941, 513583.77, 755358.46, 18.10);
insert into STATION values (7617, '-', 1941, 513583.59, 755358.25, 18.74);
insert into STATION values (7618, '-', 1941, 513582.85, 755357.71, 19.25);
insert into STATION values (7619, '-', 1941, 513582.24, 755357.11, 19.16);
insert into STATION values (7620, '-', 1941, 513581.48, 755356.68, 19.18);
insert into STATION values (7621, '-', 1941, 513575.50, 755367.40, 8.59);
insert into STATION values (7622, '-', 1941, 513577.49, 755366.89, 9.32);
insert into STATION values (7623, '-', 1941, 513579.03, 755367.32, 9.41);
insert into STATION values (7624, '-', 1941, 513580.60, 755365.50, 10.31);
insert into STATION values (7625, '-', 1941, 513582.38, 755364.94, 10.75);
insert into STATION values (7626, '-', 1941, 513584.09, 755363.75, 11.66);
insert into STATION values (7627, '-', 1941, 513585.18, 755362.02, 12.46);
insert into STATION values (7628, '-', 1941, 513586.73, 755361.63, 12.84);
insert into STATION values (7629, '-', 1941, 513587.27, 755360.44, 13.06);
insert into STATION values (7630, '-', 1941, 513588.02, 755358.92, 13.84);
insert into STATION values (7631, '-', 1941, 513587.87, 755359.21, 14.68);
insert into STATION values (7632, '-', 1941, 513586.77, 755352.78, 14.41);
insert into STATION values (7633, '-', 1941, 513584.63, 755353.28, 15.67);
insert into STATION values (7634, '-', 1941, 513584.23, 755351.03, 16.99);
insert into STATION values (7635, '-', 1941, 513582.63, 755349.80, 18.03);
insert into STATION values (7636, '-', 1941, 513582.15, 755349.85, 18.21);
insert into STATION values (7637, '-', 1941, 513580.62, 755351.89, 17.32);
insert into STATION values (7638, '-', 1941, 513579.48, 755354.10, 15.95);
insert into STATION values (7639, '-', 1941, 513578.52, 755354.81, 15.52);
insert into STATION values (7640, '-', 1941, 513578.06, 755356.11, 14.66);
insert into STATION values (7641, '-', 1941, 513578.20, 755356.96, 13.43);
insert into STATION values (7642, '-', 1941, 513577.74, 755357.94, 12.24);
insert into STATION values (7643, '-', 1941, 513575.72, 755361.00, 8.40);
insert into STATION values (7644, '-', 1941, 513574.02, 755365.64, 7.10);
insert into STATION values (7645, '-', 1941, 513574.86, 755367.27, 7.73);
insert into STATION values (7646, '-', 1941, 513577.85, 755363.66, 10.63);
insert into STATION values (7647, '-', 1941, 513578.41, 755363.86, 10.67);
insert into STATION values (7648, '-', 1941, 513578.21, 755363.64, 10.72);
insert into STATION values (7649, '-', 1941, 513584.11, 755360.69, 16.37);
insert into STATION values (7650, '-', 1941, 513582.97, 755362.00, 15.62);
insert into STATION values (7651, '-', 1941, 513582.10, 755361.62, 16.10);
insert into STATION values (7652, '-', 1941, 513581.25, 755360.90, 16.56);
insert into STATION values (7653, '-', 1941, 513583.38, 755352.91, 19.81);
insert into STATION values (7654, '-', 1941, 513583.52, 755354.00, 19.92);
insert into STATION values (7655, '-', 1941, 513582.84, 755355.39, 19.36);
insert into STATION values (7656, '-', 1941, 513582.02, 755355.85, 19.48);
insert into STATION values (7657, '-', 1941, 513581.26, 755355.91, 19.63);
insert into STATION values (7658, '-', 1941, 513581.02, 755354.95, 20.19);
insert into STATION values (7659, '-', 1941, 513581.27, 755353.84, 19.92);
insert into STATION values (7660, '-', 1941, 513581.88, 755353.42, 19.16);
insert into STATION values (7661, '-', 1941, 513582.79, 755352.80, 19.85);
insert into STATION values (7662, '-', 1941, 513588.36, 755353.49, 14.15);
insert into STATION values (7663, '-', 1941, 513588.38, 755354.74, 14.18);
insert into STATION values (7664, '-', 1941, 513588.04, 755354.48, 14.16);
insert into STATION values (7665, '-', 1941, 513588.37, 755354.09, 14.12);
insert into STATION values (7666, '-', 1941, 513588.36, 755353.78, 14.11);
insert into STATION values (7667, '1.1', 1941, 513588.06, 755356.15, 14.21);
insert into STATION values (7668, '-', 1941, 513576.90, 755368.22, 7.88);
insert into STATION values (7669, '-', 1941, 513574.82, 755367.27, 7.88);
insert into STATION values (7670, '-', 1941, 513576.04, 755368.21, 7.33);
insert into STATION values (7671, '-', 1941, 513587.96, 755359.33, 15.00);
insert into STATION values (7672, '-', 1941, 513588.21, 755359.22, 14.88);
insert into STATION values (7673, '-', 1941, 513588.91, 755359.70, 14.79);
insert into STATION values (7674, '-', 1941, 513589.42, 755359.40, 14.50);
insert into STATION values (7675, '-', 1941, 513590.64, 755358.66, 14.39);
insert into STATION values (7676, '-', 1941, 513592.07, 755358.19, 13.76);
insert into STATION values (7677, '-', 1941, 513585.54, 755352.76, 14.18);
insert into STATION values (7678, '-', 1941, 513586.41, 755352.56, 14.07);
insert into STATION values (7679, '-', 1941, 513587.37, 755352.50, 14.00);
insert into STATION values (7680, '-', 1941, 513587.85, 755352.48, 14.01);
insert into STATION values (7681, '-', 1941, 513588.46, 755354.88, 14.26);
insert into STATION values (7682, '-', 1941, 513589.55, 755353.35, 14.16);
insert into STATION values (7683, '-', 1941, 513590.95, 755353.14, 13.71);
insert into STATION values (7684, '-', 1941, 513591.81, 755353.15, 13.72);
insert into STATION values (7685, '-', 1941, 513589.74, 755358.77, 14.51);
insert into STATION values (7686, '-', 1941, 513589.59, 755357.86, 14.77);
insert into STATION values (7687, '-', 1941, 513588.93, 755356.42, 14.78);
insert into STATION values (7688, '-', 1941, 513588.59, 755355.85, 14.73);
insert into STATION values (7689, '-', 1941, 513588.33, 755355.32, 14.62);
insert into STATION values (7690, '-', 1941, 513587.63, 755354.53, 14.45);
insert into STATION values (7691, '-', 1941, 513587.11, 755353.79, 14.42);
insert into STATION values (7692, '-', 1941, 513586.51, 755353.61, 14.53);
insert into STATION values (7693, '-', 1941, 513585.82, 755353.00, 14.45);
insert into STATION values (7694, '1.2', 1941, 513590.71, 755353.57, 14.03);
insert into STATION values (7695, '-', 1941, 513592.34, 755358.20, 13.13);
insert into STATION values (7696, '-', 1941, 513593.09, 755357.86, 13.07);
insert into STATION values (7697, '-', 1941, 513594.53, 755357.44, 12.44);
insert into STATION values (7698, '-', 1941, 513595.31, 755357.06, 12.39);
insert into STATION values (7699, '-', 1941, 513596.18, 755356.34, 12.18);
insert into STATION values (7700, '-', 1941, 513597.67, 755356.21, 11.65);
insert into STATION values (7701, '-', 1941, 513598.68, 755356.14, 11.60);
insert into STATION values (7702, '-', 1941, 513599.68, 755355.90, 11.56);
insert into STATION values (7703, '-', 1941, 513600.80, 755355.72, 11.38);
insert into STATION values (7704, '-', 1941, 513588.50, 755357.16, 14.10);
insert into STATION values (7705, '-', 1941, 513589.38, 755356.53, 13.70);
insert into STATION values (7706, '-', 1941, 513590.24, 755355.80, 13.44);
insert into STATION values (7707, '-', 1941, 513591.28, 755355.53, 12.97);
insert into STATION values (7708, '-', 1941, 513592.85, 755355.15, 12.46);
insert into STATION values (7709, '-', 1941, 513594.99, 755354.63, 11.85);
insert into STATION values (7710, '-', 1941, 513597.48, 755353.76, 11.49);
insert into STATION values (7711, '-', 1941, 513601.07, 755353.32, 11.08);
insert into STATION values (7712, '-', 1941, 513590.12, 755354.24, 14.51);
insert into STATION values (7713, '-', 1941, 513590.89, 755354.49, 14.49);
insert into STATION values (7714, '-', 1941, 513593.40, 755355.60, 15.17);
insert into STATION values (7715, '-', 1941, 513592.18, 755355.07, 14.37);
insert into STATION values (7716, '-', 1941, 513592.68, 755355.29, 14.99);
insert into STATION values (7717, '-', 1941, 513592.77, 755354.80, 14.70);
insert into STATION values (7718, '-', 1941, 513594.05, 755354.55, 14.18);
insert into STATION values (7719, '-', 1941, 513594.73, 755354.06, 13.44);
insert into STATION values (7720, '-', 1941, 513595.29, 755353.90, 13.17);
insert into STATION values (7721, '1.3', 1941, 513594.52, 755357.46, 12.46);
insert into STATION values (7722, '-', 1941, 513595.26, 755357.90, 12.27);
insert into STATION values (7723, '-', 1941, 513596.14, 755357.95, 12.32);
insert into STATION values (7724, '-', 1941, 513595.57, 755357.49, 12.35);
insert into STATION values (7725, '-', 1941, 513595.29, 755357.13, 12.36);
insert into STATION values (7726, '-', 1941, 513592.36, 755351.66, 12.53);
insert into STATION values (7727, '-', 1941, 513593.80, 755351.64, 12.33);
insert into STATION values (7728, '-', 1941, 513596.08, 755351.65, 12.08);
insert into STATION values (7729, '-', 1941, 513597.80, 755351.72, 11.92);
insert into STATION values (7730, '-', 1941, 513597.59, 755352.31, 12.05);
insert into STATION values (7731, '-', 1941, 513597.87, 755351.89, 11.98);
insert into STATION values (7732, '-', 1941, 513598.72, 755351.79, 11.76);
insert into STATION values (7733, '-', 1941, 513600.07, 755351.77, 11.32);
insert into STATION values (7734, '1.4', 1941, 513598.79, 755353.60, 12.42);
insert into STATION values (7735, '-', 1941, 513595.28, 755356.82, 12.09);
insert into STATION values (7736, '-', 1941, 513596.62, 755356.09, 11.82);
insert into STATION values (7737, '-', 1941, 513597.72, 755356.21, 11.58);
insert into STATION values (7738, '-', 1941, 513599.11, 755356.45, 11.34);
insert into STATION values (7739, '-', 1941, 513600.39, 755355.98, 11.26);
insert into STATION values (7740, '-', 1941, 513601.27, 755355.64, 11.26);
insert into STATION values (7741, '-', 1941, 513602.58, 755355.99, 11.05);
insert into STATION values (7742, '-', 1941, 513603.25, 755355.48, 10.98);
insert into STATION values (7743, '-', 1941, 513603.77, 755355.30, 10.87);
insert into STATION values (7744, '-', 1941, 513599.91, 755351.85, 11.30);
insert into STATION values (7745, '-', 1941, 513599.07, 755356.38, 11.31);
insert into STATION values (7746, '-', 1941, 513598.99, 755355.49, 11.39);
insert into STATION values (7747, '-', 1941, 513598.93, 755354.73, 11.47);
insert into STATION values (7748, '-', 1941, 513598.89, 755354.30, 11.45);
insert into STATION values (7749, '-', 1941, 513598.87, 755353.63, 11.44);
insert into STATION values (7750, '-', 1941, 513598.75, 755353.30, 11.41);
insert into STATION values (7751, '-', 1941, 513598.70, 755352.68, 11.41);
insert into STATION values (7752, '-', 1941, 513598.69, 755351.60, 11.41);
insert into STATION values (7753, '-', 1941, 513598.75, 755351.73, 11.69);
insert into STATION values (7754, '-', 1941, 513598.75, 755352.14, 12.05);
insert into STATION values (7755, '-', 1941, 513598.83, 755352.46, 12.24);
insert into STATION values (7756, '-', 1941, 513598.96, 755354.85, 12.35);
insert into STATION values (7757, '-', 1941, 513598.96, 755355.23, 12.05);
insert into STATION values (7758, '-', 1941, 513598.86, 755356.15, 11.72);
insert into STATION values (7759, '-', 1941, 513598.95, 755356.28, 11.46);
insert into STATION values (7760, '1.5', 1941, 513601.99, 755353.46, 11.19);
insert into STATION values (7761, '-', 1941, 513600.33, 755351.75, 11.33);
insert into STATION values (7762, '-', 1941, 513600.53, 755351.32, 11.26);
insert into STATION values (7763, '-', 1941, 513600.80, 755351.24, 11.17);
insert into STATION values (7764, '-', 1941, 513601.19, 755351.30, 11.14);
insert into STATION values (7765, '-', 1941, 513600.95, 755350.11, 11.05);
insert into STATION values (7766, '-', 1941, 513601.44, 755350.14, 10.95);
insert into STATION values (7767, '-', 1941, 513602.26, 755349.29, 10.88);
insert into STATION values (7768, '-', 1941, 513603.21, 755349.36, 10.79);
insert into STATION values (7769, '-', 1941, 513603.79, 755349.35, 10.68);
insert into STATION values (7770, '-', 1941, 513604.61, 755349.44, 10.76);
insert into STATION values (7771, '-', 1941, 513605.56, 755349.08, 10.66);
insert into STATION values (7772, '-', 1941, 513606.40, 755349.07, 10.64);
insert into STATION values (7773, '-', 1941, 513607.29, 755349.33, 10.62);
insert into STATION values (7774, '-', 1941, 513608.16, 755349.63, 10.62);
insert into STATION values (7775, '-', 1941, 513608.91, 755350.09, 10.69);
insert into STATION values (7776, '-', 1941, 513610.60, 755351.68, 10.58);
insert into STATION values (7777, '-', 1941, 513610.76, 755352.53, 10.53);
insert into STATION values (7778, '-', 1941, 513610.87, 755353.17, 10.57);
insert into STATION values (7779, '-', 1941, 513608.01, 755349.63, 10.67);
insert into STATION values (7780, '-', 1941, 513608.97, 755350.20, 10.74);
insert into STATION values (7781, '-', 1941, 513609.51, 755350.73, 10.68);
insert into STATION values (7782, '-', 1941, 513610.51, 755351.41, 10.55);
insert into STATION values (7783, '-', 1941, 513610.62, 755352.05, 10.55);
insert into STATION values (7784, '-', 1941, 513610.88, 755352.92, 10.59);
insert into STATION values (7785, '-', 1941, 513610.85, 755353.46, 10.54);
insert into STATION values (7786, '-', 1941, 513611.65, 755353.98, 10.67);
insert into STATION values (7787, '-', 1941, 513611.59, 755354.59, 10.69);
insert into STATION values (7788, '-', 1941, 513611.59, 755355.46, 10.60);
insert into STATION values (7789, '-', 1941, 513602.76, 755355.83, 11.16);
insert into STATION values (7790, '-', 1941, 513603.26, 755355.48, 11.07);
insert into STATION values (7791, '-', 1941, 513603.77, 755355.19, 11.01);
insert into STATION values (7792, '-', 1941, 513605.19, 755355.54, 10.56);
insert into STATION values (7793, '-', 1941, 513606.16, 755355.26, 10.40);
insert into STATION values (7794, '-', 1941, 513606.25, 755355.27, 10.18);
insert into STATION values (7795, '-', 1941, 513597.25, 755354.48, 12.67);
insert into STATION values (7796, '-', 1941, 513598.93, 755354.15, 12.40);
insert into STATION values (7797, '-', 1941, 513599.44, 755354.06, 12.32);
insert into STATION values (7798, '-', 1941, 513600.99, 755353.73, 11.81);
insert into STATION values (7799, '-', 1941, 513601.47, 755353.76, 11.93);
insert into STATION values (7800, '-', 1941, 513602.39, 755353.71, 12.58);
insert into STATION values (7801, '-', 1941, 513602.99, 755353.50, 12.40);
insert into STATION values (7802, '-', 1941, 513604.25, 755352.99, 12.05);
insert into STATION values (7803, '-', 1941, 513605.07, 755352.57, 11.61);
insert into STATION values (7804, '-', 1941, 513606.07, 755351.93, 11.07);
insert into STATION values (7805, '-', 1941, 513606.64, 755351.97, 10.59);
insert into STATION values (7806, '-', 1941, 513605.36, 755352.45, 10.51);
insert into STATION values (7807, '-', 1941, 513604.38, 755352.70, 10.50);
insert into STATION values (7808, '-', 1941, 513602.63, 755353.33, 10.93);
insert into STATION values (7809, '-', 1941, 513600.27, 755353.70, 11.27);
insert into STATION values (7810, '-', 1941, 513595.73, 755354.30, 11.73);
insert into STATION values (7811, '-', 1941, 513599.65, 755353.78, 11.36);
insert into STATION values (7812, '1.6', 1941, 513608.39, 755354.41, 10.12);
insert into STATION values (7813, '-', 1941, 513601.10, 755350.86, 11.12);
insert into STATION values (7814, '-', 1941, 513600.93, 755350.48, 11.18);
insert into STATION values (7815, '-', 1941, 513601.35, 755350.38, 11.16);
insert into STATION values (7816, '-', 1941, 513601.69, 755350.11, 11.14);
insert into STATION values (7817, '-', 1941, 513602.65, 755349.75, 11.26);
insert into STATION values (7818, '-', 1941, 513602.90, 755349.75, 11.21);
insert into STATION values (7819, '-', 1941, 513606.35, 755355.34, 10.18);
insert into STATION values (7820, '-', 1941, 513606.45, 755355.69, 9.98);
insert into STATION values (7821, '-', 1941, 513606.75, 755356.26, 9.59);
insert into STATION values (7822, '-', 1941, 513607.41, 755356.46, 9.72);
insert into STATION values (7823, '-', 1941, 513608.28, 755356.76, 10.03);
insert into STATION values (7824, '-', 1941, 513609.05, 755356.86, 10.04);
insert into STATION values (7825, '-', 1941, 513609.52, 755356.66, 10.11);
insert into STATION values (7826, '-', 1941, 513608.31, 755354.41, 11.40);
insert into STATION values (7827, '-', 1941, 513608.04, 755354.53, 9.83);
insert into STATION values (7828, '-', 1941, 513606.85, 755356.71, 9.23);
insert into STATION values (7829, '-', 1941, 513607.46, 755355.76, 9.43);
insert into STATION values (7830, '-', 1941, 513608.28, 755353.42, 11.01);
insert into STATION values (7831, '-', 1941, 513608.64, 755352.34, 10.82);
insert into STATION values (7832, '-', 1941, 513609.29, 755352.33, 10.88);
insert into STATION values (7833, '-', 1941, 513608.60, 755353.07, 10.44);
insert into STATION values (7834, '-', 1941, 513587.78, 755359.01, 14.75);
insert into STATION values (7835, '-', 1941, 513587.84, 755357.95, 14.50);
insert into STATION values (7836, '-', 1941, 513588.10, 755357.38, 14.17);
insert into STATION values (7837, '-', 1941, 513587.90, 755356.77, 14.17);
insert into STATION values (7838, '-', 1941, 513587.88, 755356.11, 14.07);
insert into STATION values (7839, '-', 1941, 513588.64, 755355.86, 13.83);
insert into STATION values (7840, '-', 1941, 513588.19, 755354.96, 13.86);
insert into STATION values (7841, '-', 1941, 513588.43, 755353.81, 14.04);
insert into STATION values (7842, '-', 1941, 513587.42, 755353.66, 13.86);
insert into STATION values (7843, '-', 1941, 513586.66, 755353.17, 13.88);
insert into STATION values (7844, '-', 1941, 513586.87, 755352.25, 13.72);
insert into STATION values (7845, '-', 1941, 513576.06, 755362.26, 7.68);
insert into STATION values (7846, '-', 1941, 513575.94, 755363.90, 7.01);
insert into STATION values (7847, '-', 1941, 513576.50, 755364.73, 6.95);
insert into STATION values (7848, '-', 1941, 513575.97, 755365.56, 7.00);
insert into STATION values (7849, '-', 1941, 513575.26, 755366.38, 7.02);
insert into STATION values (7850, '-', 1941, 513574.80, 755366.82, 7.05);
insert into STATION values (7851, '-', 1941, 513574.57, 755366.38, 7.04);
insert into STATION values (7852, '-', 1941, 513574.28, 755365.87, 7.04);
insert into STATION values (7853, '-', 1941, 513573.68, 755365.41, 7.02);
insert into STATION values (7854, '2.0', 1995, 513581.28, 755356.45, 13.74);
insert into STATION values (7855, '2.1', 1995, 513588.06, 755356.15, 14.21);
insert into STATION values (7856, '2.2', 1995, 513583.63, 755351.53, 12.28);
insert into STATION values (7857, '-', 1995, 513587.89, 755356.34, 14.20);
insert into STATION values (7858, '-', 1995, 513582.96, 755351.03, 11.53);
insert into STATION values (7859, '-', 1995, 513582.43, 755351.27, 11.51);
insert into STATION values (7860, '-', 1995, 513582.18, 755351.57, 11.50);
insert into STATION values (7861, '-', 1995, 513582.40, 755351.97, 11.54);
insert into STATION values (7862, '-', 1995, 513582.96, 755351.81, 11.58);
insert into STATION values (7863, '-', 1995, 513583.18, 755351.43, 11.56);
insert into STATION values (7864, '-', 1995, 513583.14, 755350.99, 11.52);
insert into STATION values (7865, '2.3', 1995, 513581.67, 755351.45, 10.31);
insert into STATION values (7866, '-', 1995, 513581.50, 755351.47, 10.63);
insert into STATION values (7867, '-', 1995, 513581.57, 755351.28, 10.56);
insert into STATION values (7868, '-', 1995, 513581.68, 755351.04, 10.56);
insert into STATION values (7869, '-', 1995, 513581.58, 755351.23, 10.57);
insert into STATION values (7870, '-', 1995, 513581.75, 755350.87, 10.57);
insert into STATION values (7871, '-', 1995, 513581.84, 755351.00, 10.41);
insert into STATION values (7872, '-', 1995, 513582.24, 755350.51, 10.42);
insert into STATION values (7873, '-', 1995, 513581.83, 755350.74, 10.55);
insert into STATION values (7874, '-', 1995, 513582.02, 755350.56, 10.54);
insert into STATION values (7875, '-', 1995, 513581.86, 755351.05, 10.37);
insert into STATION values (7876, '-', 1995, 513581.57, 755351.86, 10.33);
insert into STATION values (7877, '-', 1995, 513581.31, 755352.04, 10.59);
insert into STATION values (7878, '-', 1995, 513581.41, 755351.69, 10.56);
insert into STATION values (7879, '-', 1995, 513581.45, 755351.54, 10.54);
insert into STATION values (7880, '-', 1995, 513582.61, 755351.07, 11.40);
insert into STATION values (7881, '-', 1995, 513582.43, 755350.91, 11.13);
insert into STATION values (7882, '-', 1995, 513582.21, 755350.71, 10.80);
insert into STATION values (7883, '-', 1995, 513581.53, 755350.84, 10.09);
insert into STATION values (7884, '-', 1995, 513581.28, 755349.99, 9.76);
insert into STATION values (7885, '-', 1995, 513581.08, 755349.99, 9.65);
insert into STATION values (7886, '-', 1995, 513581.12, 755350.67, 9.86);
insert into STATION values (7887, '-', 1995, 513580.65, 755350.77, 9.60);
insert into STATION values (7888, '-', 1995, 513582.25, 755351.96, 11.43);
insert into STATION values (7889, '-', 1995, 513581.92, 755352.09, 11.37);
insert into STATION values (7890, '-', 1995, 513581.69, 755351.92, 10.92);
insert into STATION values (7891, '-', 1995, 513581.49, 755351.89, 10.78);
insert into STATION values (7892, '-', 1995, 513581.21, 755351.99, 10.56);
insert into STATION values (7893, '-', 1995, 513581.10, 755351.95, 10.43);
insert into STATION values (7894, '-', 1995, 513580.61, 755352.17, 10.29);
insert into STATION values (7895, '-', 1995, 513579.14, 755352.85, 9.87);
insert into STATION values (7896, '-', 1995, 513579.26, 755352.56, 9.51);
insert into STATION values (7897, '2.4', 1995, 513578.91, 755352.26, 8.98);
insert into STATION values (7898, '-', 1995, 513579.38, 755352.77, 9.57);
insert into STATION values (7899, '-', 1995, 513578.97, 755352.93, 9.60);
insert into STATION values (7900, '-', 1995, 513576.97, 755355.12, 8.98);
insert into STATION values (7901, '-', 1995, 513577.28, 755354.81, 9.05);
insert into STATION values (7902, '-', 1995, 513576.81, 755353.28, 8.03);
insert into STATION values (7903, '-', 1995, 513576.72, 755353.69, 8.11);
insert into STATION values (7904, '-', 1995, 513576.61, 755354.19, 8.23);
insert into STATION values (7905, '-', 1995, 513576.65, 755354.52, 8.39);
insert into STATION values (7906, '-', 1995, 513576.91, 755354.35, 8.56);
insert into STATION values (7907, '-', 1995, 513576.77, 755354.72, 8.62);
insert into STATION values (7908, '-', 1995, 513574.44, 755354.21, 7.22);
insert into STATION values (7909, '-', 1995, 513575.55, 755353.11, 7.32);
insert into STATION values (7910, '-', 1995, 513575.92, 755352.78, 7.32);
insert into STATION values (7911, '-', 1995, 513576.35, 755352.08, 7.26);
insert into STATION values (7912, '-', 1995, 513576.51, 755351.83, 7.25);
insert into STATION values (7913, '-', 1995, 513576.59, 755351.52, 7.18);
insert into STATION values (7914, '-', 1995, 513577.02, 755351.29, 7.21);
insert into STATION values (7915, '-', 1995, 513577.28, 755350.82, 7.20);
insert into STATION values (7916, '-', 1995, 513577.58, 755350.41, 7.19);
insert into STATION values (7917, '-', 1995, 513577.63, 755351.16, 7.29);
insert into STATION values (7918, '-', 1995, 513577.53, 755351.58, 7.29);
insert into STATION values (7919, '-', 1995, 513577.37, 755351.82, 7.14);
insert into STATION values (7920, '-', 1995, 513577.13, 755352.25, 7.12);
insert into STATION values (7921, '-', 1995, 513576.87, 755352.54, 7.25);
insert into STATION values (7922, '-', 1995, 513576.61, 755352.80, 7.27);
insert into STATION values (7923, '-', 1995, 513576.32, 755353.05, 7.10);
insert into STATION values (7924, '-', 1995, 513577.84, 755352.10, 8.78);
insert into STATION values (7925, '-', 1995, 513576.65, 755353.04, 7.40);
insert into STATION values (7926, '-', 1995, 513576.60, 755352.66, 7.20);
insert into STATION values (7927, '-', 1995, 513576.55, 755352.78, 7.26);
insert into STATION values (7928, '-', 1995, 513576.65, 755352.99, 7.31);
insert into STATION values (7929, '-', 1995, 513578.01, 755350.35, 7.67);
insert into STATION values (7930, '-', 1995, 513578.06, 755349.86, 7.42);
insert into STATION values (7931, '-', 1995, 513581.04, 755349.70, 9.20);
insert into STATION values (7932, '-', 1995, 513580.74, 755349.62, 9.06);
insert into STATION values (7933, '-', 1995, 513580.43, 755349.07, 8.33);
insert into STATION values (7934, '2.5', 1995, 513580.08, 755348.76, 7.75);
insert into STATION values (7935, '-', 1995, 513580.72, 755349.01, 8.22);
insert into STATION values (7936, '-', 1995, 513580.68, 755348.83, 7.95);
insert into STATION values (7937, '-', 1995, 513577.83, 755349.16, 7.14);
insert into STATION values (7938, '-', 1995, 513577.87, 755349.20, 7.15);
insert into STATION values (7939, '-', 1995, 513576.57, 755348.88, 7.13);
insert into STATION values (7940, '-', 1995, 513577.12, 755348.62, 7.14);
insert into STATION values (7941, '-', 1995, 513577.71, 755348.34, 7.13);
insert into STATION values (7942, '-', 1995, 513578.02, 755348.22, 7.13);
insert into STATION values (7943, '-', 1995, 513578.64, 755347.84, 7.14);
insert into STATION values (7944, '-', 1995, 513579.10, 755347.56, 7.12);
insert into STATION values (7945, '-', 1995, 513579.03, 755347.98, 7.18);
insert into STATION values (7946, '-', 1995, 513578.86, 755348.36, 7.16);
insert into STATION values (7947, '-', 1995, 513578.71, 755348.81, 7.25);
insert into STATION values (7948, '2.6', 1995, 513581.30, 755346.94, 8.22);
insert into STATION values (7949, '-', 1995, 513581.65, 755348.90, 8.04);
insert into STATION values (7950, '-', 1995, 513582.54, 755348.35, 7.90);
insert into STATION values (7951, '-', 1995, 513580.79, 755348.96, 8.07);
insert into STATION values (7952, '-', 1995, 513581.29, 755349.07, 8.02);
insert into STATION values (7953, '-', 1995, 513578.00, 755349.42, 7.19);
insert into STATION values (7954, '-', 1995, 513577.76, 755349.26, 7.20);
insert into STATION values (7955, '-', 1995, 513576.95, 755349.72, 7.18);
insert into STATION values (7956, '-', 1995, 513576.15, 755350.17, 7.22);
insert into STATION values (7957, '-', 1995, 513575.74, 755349.58, 7.21);
insert into STATION values (7958, '-', 1995, 513573.48, 755351.51, 7.26);
insert into STATION values (7959, '-', 1995, 513574.31, 755351.17, 7.26);
insert into STATION values (7960, '-', 1995, 513574.47, 755350.73, 7.28);
insert into STATION values (7961, '-', 1995, 513574.82, 755350.28, 7.28);
insert into STATION values (7962, '-', 1995, 513576.01, 755349.34, 7.29);
insert into STATION values (7963, '-', 1995, 513578.10, 755348.13, 7.17);
insert into STATION values (7964, '-', 1995, 513578.89, 755347.66, 7.17);
insert into STATION values (7965, '-', 1995, 513579.17, 755347.66, 7.19);
insert into STATION values (7966, '-', 1995, 513578.40, 755346.50, 7.18);
insert into STATION values (7967, '-', 1995, 513578.69, 755346.64, 7.17);
insert into STATION values (7968, '-', 1995, 513578.94, 755346.89, 7.16);
insert into STATION values (7969, '-', 1995, 513579.15, 755347.18, 7.22);
insert into STATION values (7970, '-', 1995, 513579.45, 755347.13, 7.20);
insert into STATION values (7971, '-', 1995, 513579.67, 755346.79, 7.18);
insert into STATION values (7972, '-', 1995, 513579.81, 755346.44, 7.18);
insert into STATION values (7973, '-', 1995, 513579.92, 755345.82, 7.16);
insert into STATION values (7974, '-', 1995, 513579.96, 755345.19, 7.16);
insert into STATION values (7975, '-', 1995, 513579.87, 755344.55, 7.17);
insert into STATION values (7976, '-', 1995, 513579.81, 755343.95, 7.17);
insert into STATION values (7977, '-', 1995, 513579.04, 755344.80, 7.15);
insert into STATION values (7978, '-', 1995, 513578.86, 755344.90, 7.16);
insert into STATION values (7979, '-', 1995, 513578.59, 755345.19, 7.16);
insert into STATION values (7980, '-', 1995, 513578.39, 755345.50, 7.17);
insert into STATION values (7981, '-', 1995, 513578.14, 755345.79, 7.17);
insert into STATION values (7982, '-', 1995, 513576.91, 755345.58, 7.19);
insert into STATION values (7983, '-', 1995, 513577.48, 755345.90, 7.19);
insert into STATION values (7984, '-', 1995, 513577.96, 755346.19, 7.17);
insert into STATION values (7985, '-', 1995, 513577.37, 755345.60, 7.17);
insert into STATION values (7986, '-', 1995, 513577.90, 755346.31, 7.17);
insert into STATION values (7987, '-', 1995, 513577.78, 755346.39, 7.18);
insert into STATION values (7988, '2.7', 1995, 513579.25, 755347.17, 7.28);
insert into STATION values (7989, '-', 1995, 513578.59, 755345.20, 7.14);
insert into STATION values (7990, '2.8', 1995, 513578.42, 755346.57, 7.41);
insert into STATION values (7991, '-', 1995, 513577.77, 755346.48, 7.17);
insert into STATION values (7992, '-', 1995, 513577.05, 755346.89, 7.12);
insert into STATION values (7993, '-', 1995, 513576.01, 755347.52, 7.12);
insert into STATION values (7994, '-', 1995, 513575.27, 755348.31, 7.13);
insert into STATION values (7995, '-', 1995, 513574.72, 755348.80, 7.12);
insert into STATION values (7996, '-', 1995, 513573.44, 755349.76, 7.12);
insert into STATION values (7997, '-', 1995, 513573.14, 755350.35, 7.13);
insert into STATION values (7998, '-', 1995, 513576.15, 755348.12, 7.13);
insert into STATION values (7999, '-', 1995, 513576.95, 755347.67, 7.14);
insert into STATION values (8000, '-', 1995, 513577.46, 755347.37, 7.14);
insert into STATION values (8001, '-', 1995, 513578.01, 755346.92, 7.27);
insert into STATION values (8002, '-', 1995, 513578.22, 755346.68, 7.20);
insert into STATION values (8003, '2.9', 1995, 513575.06, 755348.70, 7.71);
insert into STATION values (8004, '-', 1995, 513578.39, 755346.46, 7.34);
insert into STATION values (8005, '-', 1995, 513574.88, 755349.27, 7.09);
insert into STATION values (8006, '-', 1995, 513574.32, 755349.76, 7.07);
insert into STATION values (8007, '-', 1995, 513573.86, 755350.22, 7.09);
insert into STATION values (8008, '-', 1995, 513573.39, 755350.66, 7.05);
insert into STATION values (8009, '-', 1995, 513572.84, 755350.99, 7.04);
insert into STATION values (8010, '-', 1995, 513572.77, 755350.83, 7.06);
insert into STATION values (8011, '-', 1995, 513573.20, 755350.33, 7.08);
insert into STATION values (8012, '-', 1995, 513573.32, 755349.96, 7.06);
insert into STATION values (8013, '-', 1995, 513573.52, 755349.72, 7.06);
insert into STATION values (8014, '-', 1995, 513575.73, 755350.39, 7.84);
insert into STATION values (8015, '-', 1995, 513574.98, 755350.86, 7.85);
insert into STATION values (8016, '-', 1995, 513573.83, 755351.40, 7.85);
insert into STATION values (8017, '-', 1995, 513573.14, 755351.21, 7.84);
insert into STATION values (8018, '-', 1995, 513572.77, 755351.22, 7.67);
insert into STATION values (8019, '-', 1995, 513572.86, 755350.85, 7.37);
insert into STATION values (8020, '-', 1995, 513573.35, 755350.15, 7.39);
insert into STATION values (8021, '-', 1995, 513573.64, 755349.69, 7.36);
insert into STATION values (8022, '-', 1995, 513574.37, 755349.11, 7.49);
insert into STATION values (8023, '-', 1995, 513574.71, 755348.86, 7.53);
insert into STATION values (8024, '-', 1995, 513572.87, 755351.10, 7.57);
insert into STATION values (8025, '-', 1995, 513573.16, 755351.63, 7.73);
insert into STATION values (8026, '-', 1995, 513572.81, 755351.07, 7.48);
insert into STATION values (8027, '3.0', 2041, 513581.67, 755351.45, 10.31);
insert into STATION values (8028, '3.1', 2041, 513578.91, 755352.26, 8.98);
insert into STATION values (8029, '-', 2041, 513581.70, 755351.49, 10.27);
insert into STATION values (8030, '3.2', 2041, 513575.43, 755353.63, 7.59);
insert into STATION values (8031, '-', 2041, 513576.56, 755352.95, 7.04);
insert into STATION values (8032, '-', 2041, 513576.42, 755353.12, 7.04);
insert into STATION values (8033, '-', 2041, 513576.23, 755353.35, 7.03);
insert into STATION values (8034, '-', 2041, 513576.09, 755353.52, 7.02);
insert into STATION values (8035, '-', 2041, 513575.98, 755353.69, 7.04);
insert into STATION values (8036, '-', 2041, 513574.53, 755353.95, 7.06);
insert into STATION values (8037, '-', 2041, 513574.61, 755354.32, 7.06);
insert into STATION values (8038, '-', 2041, 513574.67, 755354.58, 7.07);
insert into STATION values (8039, '-', 2041, 513574.77, 755355.09, 7.06);
insert into STATION values (8040, '-', 2041, 513577.49, 755351.99, 7.09);
insert into STATION values (8041, '-', 2041, 513576.95, 755352.41, 7.11);
insert into STATION values (8042, '-', 2041, 513574.72, 755355.06, 7.20);
insert into STATION values (8043, '-', 2041, 513574.71, 755355.60, 7.19);
insert into STATION values (8044, '-', 2041, 513574.76, 755356.06, 7.19);
insert into STATION values (8045, '-', 2041, 513574.72, 755356.65, 7.20);
insert into STATION values (8046, '-', 2041, 513574.75, 755357.12, 7.21);
insert into STATION values (8047, '-', 2041, 513575.58, 755355.07, 7.20);
insert into STATION values (8048, '-', 2041, 513575.67, 755354.45, 7.19);
insert into STATION values (8049, '-', 2041, 513575.74, 755354.21, 7.20);
insert into STATION values (8050, '-', 2041, 513575.19, 755355.91, 7.24);
insert into STATION values (8051, '3.3', 2041, 513575.02, 755356.58, 7.57);
insert into STATION values (8052, '-', 2041, 513575.55, 755355.15, 8.41);
insert into STATION values (8053, '-', 2041, 513575.90, 755354.36, 8.97);
insert into STATION values (8054, '-', 2041, 513575.31, 755355.43, 7.06);
insert into STATION values (8055, '-', 2041, 513575.26, 755355.91, 7.07);
insert into STATION values (8056, '-', 2041, 513575.28, 755356.63, 7.09);
insert into STATION values (8057, '-', 2041, 513575.25, 755357.03, 7.07);
insert into STATION values (8058, '-', 2041, 513575.23, 755357.31, 7.06);
insert into STATION values (8059, '-', 2041, 513575.09, 755357.84, 7.04);
insert into STATION values (8060, '-', 2041, 513574.91, 755358.30, 7.07);
insert into STATION values (8061, '3.4', 2041, 513574.78, 755358.71, 7.25);
insert into STATION values (8062, '-', 2041, 513573.72, 755358.75, 7.07);
insert into STATION values (8063, '-', 2041, 513573.81, 755359.31, 7.07);
insert into STATION values (8064, '-', 2041, 513573.79, 755360.11, 7.07);
insert into STATION values (8065, '-', 2041, 513573.84, 755360.69, 7.07);
insert into STATION values (8066, '-', 2041, 513573.89, 755361.19, 7.07);
insert into STATION values (8067, '-', 2041, 513573.82, 755362.00, 7.08);
insert into STATION values (8068, '-', 2041, 513573.68, 755363.30, 7.11);
insert into STATION values (8069, '-', 2041, 513574.23, 755357.78, 7.02);
insert into STATION values (8070, '-', 2041, 513574.42, 755357.49, 7.04);
insert into STATION values (8071, '-', 2041, 513574.62, 755357.10, 7.03);
insert into STATION values (8072, '-', 2041, 513574.78, 755356.95, 7.03);
insert into STATION values (8073, '-', 2041, 513573.89, 755364.62, 7.10);
insert into STATION values (8074, '-', 2041, 513574.51, 755365.99, 7.09);
insert into STATION values (8075, '-', 2041, 513574.22, 755362.42, 7.26);
insert into STATION values (8076, '-', 2041, 513574.30, 755362.21, 7.22);
insert into STATION values (8077, '-', 2041, 513574.41, 755362.24, 7.19);
insert into STATION values (8078, '-', 2041, 513574.56, 755362.28, 7.18);
insert into STATION values (8079, '-', 2041, 513574.55, 755362.75, 7.21);
insert into STATION values (8080, '-', 2041, 513574.70, 755362.29, 7.20);
insert into STATION values (8081, '-', 2041, 513574.77, 755362.33, 7.18);
insert into STATION values (8082, '-', 2041, 513574.87, 755362.43, 7.14);
insert into STATION values (8083, '-', 2041, 513575.06, 755362.32, 7.17);
insert into STATION values (8084, '-', 2041, 513574.84, 755361.62, 7.48);
insert into STATION values (8085, '-', 2041, 513575.12, 755361.80, 7.36);
insert into STATION values (8086, '-', 2041, 513574.99, 755361.66, 7.43);
insert into STATION values (8087, '-', 2041, 513574.78, 755362.00, 7.33);
insert into STATION values (8088, '-', 2041, 513574.43, 755361.66, 7.55);
insert into STATION values (8089, '-', 2041, 513574.35, 755361.86, 7.40);
insert into STATION values (8090, '-', 2041, 513574.49, 755361.94, 7.38);
insert into STATION values (8091, '-', 2041, 513575.07, 755359.97, 7.08);
insert into STATION values (8092, '-', 2041, 513575.08, 755360.99, 7.06);
insert into STATION values (8093, '-', 2041, 513574.95, 755361.15, 7.09);
insert into STATION values (8094, '-', 2041, 513575.67, 755360.36, 7.88);
insert into STATION values (8095, '-', 2041, 513575.66, 755359.78, 7.96);
insert into STATION values (8096, '-', 2041, 513575.72, 755359.28, 8.13);
insert into STATION values (8097, '-', 2041, 513575.72, 755358.77, 8.16);
insert into STATION values (8098, '-', 2041, 513575.85, 755358.42, 8.16);
insert into STATION values (8099, '3.5', 2041, 513574.94, 755361.63, 7.53);
insert into STATION values (8100, '-', 2041, 513574.77, 755358.69, 7.27);
insert into STATION values (8101, '-', 2041, 513576.17, 755356.43, 8.27);
insert into STATION values (8102, '-', 2041, 513575.86, 755356.80, 8.15);
insert into STATION values (8103, '-', 2041, 513575.59, 755357.51, 7.88);
insert into STATION values (8104, '-', 2041, 513575.37, 755358.42, 7.69);
insert into STATION values (8105, '-', 2041, 513575.11, 755358.70, 7.41);
insert into STATION values (8106, '-', 2041, 513574.94, 755358.78, 7.30);
insert into STATION values (8107, '-', 2041, 513575.56, 755361.50, 7.06);
insert into STATION values (8108, '-', 2041, 513575.42, 755361.74, 7.06);
insert into STATION values (8109, '-', 2041, 513575.63, 755362.01, 7.11);
insert into STATION values (8110, '-', 2041, 513575.45, 755362.18, 7.15);
insert into STATION values (8111, '-', 2041, 513575.32, 755362.30, 7.11);
insert into STATION values (8112, '3.6', 2041, 513583.00, 755365.07, 10.11);
insert into STATION values (8113, '-', 2041, 513573.78, 755364.18, 7.21);
insert into STATION values (8114, '-', 2041, 513573.83, 755365.31, 7.18);
insert into STATION values (8115, '-', 2041, 513573.57, 755365.60, 7.19);
insert into STATION values (8116, '-', 2041, 513573.80, 755365.79, 7.17);
insert into STATION values (8117, '-', 2041, 513574.27, 755366.13, 7.19);
insert into STATION values (8118, '-', 2041, 513574.63, 755366.44, 7.18);
insert into STATION values (8119, '-', 2041, 513574.86, 755366.87, 7.19);
insert into STATION values (8120, '-', 2041, 513575.00, 755367.18, 7.17);
insert into STATION values (8121, '-', 2041, 513575.93, 755366.69, 7.29);
insert into STATION values (8122, '-', 2041, 513576.62, 755365.82, 7.30);
insert into STATION values (8123, '-', 2041, 513576.65, 755365.39, 7.21);
insert into STATION values (8124, '-', 2041, 513575.09, 755363.39, 7.27);
insert into STATION values (8125, '-', 2041, 513575.12, 755363.70, 7.18);
insert into STATION values (8126, '-', 2041, 513575.02, 755364.11, 7.16);
insert into STATION values (8127, '-', 2041, 513574.17, 755364.10, 7.21);
insert into STATION values (8128, '-', 2041, 513577.21, 755365.21, 7.28);
insert into STATION values (8129, '-', 2041, 513578.68, 755365.73, 7.66);
insert into STATION values (8130, '-', 2041, 513579.23, 755366.62, 7.62);
insert into STATION values (8131, '-', 2041, 513579.60, 755367.29, 7.69);
insert into STATION values (8132, '-', 2041, 513579.93, 755367.51, 7.70);
insert into STATION values (8133, '-', 2041, 513579.14, 755368.05, 7.56);
insert into STATION values (8134, '-', 2041, 513578.35, 755368.19, 7.55);
insert into STATION values (8135, '-', 2041, 513577.04, 755368.50, 7.37);
insert into STATION values (8136, '-', 2041, 513576.05, 755368.25, 7.37);
insert into STATION values (8137, '-', 2041, 513575.16, 755367.44, 7.26);
insert into STATION values (8138, '-', 2041, 513575.02, 755367.17, 7.11);
insert into STATION values (8139, '-', 2041, 513578.29, 755363.79, 10.72);
insert into STATION values (8140, '-', 2041, 513578.52, 755364.07, 10.66);
insert into STATION values (8141, '-', 2041, 513578.32, 755364.27, 10.58);
insert into STATION values (8142, '-', 2041, 513574.88, 755364.46, 8.30);
insert into STATION values (8143, '-', 2041, 513573.99, 755365.80, 8.03);
insert into STATION values (8144, '-', 2041, 513574.92, 755364.36, 8.28);
insert into STATION values (8145, '-', 2041, 513575.35, 755361.84, 8.54);
insert into STATION values (8146, '3.7', 2041, 513581.28, 755356.45, 13.74);
insert into STATION values (8147, '3.8', 2041, 513588.06, 755356.15, 14.21);
insert into STATION values (8148, '4.0', 2079, 513581.28, 755356.45, 13.74);
insert into STATION values (8149, '4.1', 2079, 513588.06, 755356.15, 14.21);
insert into STATION values (8150, '4.2', 2079, 513583.96, 755350.29, 24.93);
insert into STATION values (8151, '-', 2079, 513581.44, 755356.40, 13.67);
insert into STATION values (8152, '-', 2079, 513582.73, 755351.95, 25.78);
insert into STATION values (8153, '-', 2079, 513582.21, 755351.64, 25.62);
insert into STATION values (8154, '-', 2079, 513581.95, 755351.49, 24.98);
insert into STATION values (8155, '-', 2079, 513581.83, 755351.46, 24.32);
insert into STATION values (8156, '-', 2079, 513582.35, 755351.05, 23.68);
insert into STATION values (8157, '-', 2079, 513582.72, 755350.76, 23.19);
insert into STATION values (8158, '-', 2079, 513583.42, 755350.51, 23.29);
insert into STATION values (8159, '-', 2079, 513583.85, 755350.42, 23.06);
insert into STATION values (8160, '-', 2079, 513584.51, 755350.33, 23.01);
insert into STATION values (8161, '-', 2079, 513584.78, 755350.54, 23.69);
insert into STATION values (8162, '-', 2079, 513584.55, 755350.73, 24.40);
insert into STATION values (8163, '-', 2079, 513584.33, 755350.91, 24.80);
insert into STATION values (8164, '-', 2079, 513584.12, 755351.02, 25.20);
insert into STATION values (8165, '-', 2079, 513583.90, 755351.14, 25.55);
insert into STATION values (8166, '-', 2079, 513583.55, 755351.55, 25.79);
insert into STATION values (8167, '-', 2079, 513582.93, 755351.80, 25.74);
insert into STATION values (8168, '-', 2079, 513582.55, 755352.03, 25.61);
insert into STATION values (8169, '-', 2079, 513583.52, 755350.35, 24.97);
insert into STATION values (8170, '-', 2079, 513581.41, 755355.84, 19.90);
insert into STATION values (8171, '-', 2079, 513581.28, 755354.58, 20.41);
insert into STATION values (8172, '-', 2079, 513581.88, 755353.40, 20.92);
insert into STATION values (8173, '-', 2079, 513582.29, 755352.87, 20.89);
insert into STATION values (8174, '-', 2079, 513582.78, 755352.40, 21.18);
insert into STATION values (8175, '-', 2079, 513583.19, 755352.22, 21.21);
insert into STATION values (8176, '-', 2079, 513583.59, 755352.36, 21.31);
insert into STATION values (8177, '-', 2079, 513583.47, 755352.87, 21.13);
insert into STATION values (8178, '-', 2079, 513583.39, 755353.23, 21.05);
insert into STATION values (8179, '-', 2079, 513583.27, 755354.18, 20.98);
insert into STATION values (8180, '-', 2079, 513582.71, 755355.20, 20.52);
insert into STATION values (8181, '-', 2079, 513582.18, 755355.52, 20.39);
insert into STATION values (8182, '-', 2079, 513581.58, 755355.97, 19.85);
insert into STATION values (8183, '-', 2079, 513584.44, 755350.88, 24.20);
insert into STATION values (8184, '-', 2079, 513584.23, 755351.32, 23.87);
insert into STATION values (8185, '-', 2079, 513584.07, 755352.30, 23.02);
insert into STATION values (8186, '-', 2079, 513583.64, 755353.45, 22.89);
insert into STATION values (8187, '-', 2079, 513583.10, 755354.04, 22.72);
insert into STATION values (8188, '-', 2079, 513582.14, 755354.97, 22.08);
insert into STATION values (8189, '-', 2079, 513581.21, 755354.62, 21.72);
insert into STATION values (8190, '-', 2079, 513581.09, 755353.54, 22.18);
insert into STATION values (8191, '-', 2079, 513581.70, 755352.03, 23.56);
insert into STATION values (8192, '-', 2079, 513581.97, 755350.83, 24.32);
insert into STATION values (8193, '-', 2079, 513581.96, 755349.80, 25.38);
insert into STATION values (8194, '-', 2079, 513581.60, 755349.01, 26.19);
insert into STATION values (8195, '-', 2079, 513582.60, 755349.04, 25.89);
insert into STATION values (8196, '-', 2079, 513584.70, 755349.04, 25.30);
insert into STATION values (8197, '-', 2079, 513583.83, 755349.08, 25.34);
insert into STATION values (8198, '-', 2079, 513583.41, 755348.82, 25.48);
insert into STATION values (8199, '-', 2079, 513582.87, 755348.26, 25.86);
insert into STATION values (8200, '-', 2079, 513581.04, 755354.69, 22.68);
insert into STATION values (8201, '-', 2079, 513582.17, 755355.02, 22.30);
insert into STATION values (8202, '-', 2079, 513583.29, 755353.93, 22.70);
insert into STATION values (8203, '-', 2079, 513581.94, 755351.12, 25.55);
insert into STATION values (8204, '-', 2079, 513582.35, 755351.43, 25.68);
insert into STATION values (8205, '-', 2079, 513582.64, 755351.64, 25.77);
insert into STATION values (8206, '-', 2079, 513583.13, 755351.64, 25.81);
insert into STATION values (8207, '-', 2079, 513583.63, 755351.52, 25.77);
insert into STATION values (8208, '-', 2079, 513581.90, 755351.51, 25.33);
insert into STATION values (8209, '-', 2079, 513581.70, 755351.08, 25.40);
insert into STATION values (8210, '-', 2079, 513584.43, 755350.77, 24.85);
insert into STATION values (8211, '-', 2079, 513583.63, 755351.52, 25.74);
insert into STATION values (8212, '-', 2079, 513584.09, 755349.05, 25.99);
insert into STATION values (8213, '-', 2079, 513584.33, 755349.10, 26.23);
insert into STATION values (8214, '-', 2079, 513583.79, 755348.99, 26.17);
insert into STATION values (8215, '4.3', 2079, 513582.00, 755350.00, 27.00);
insert into STATION_FLAG values(8215, 'ent');
insert into STATION_FLAG values(8215, 'fix');
insert into STATION values (8216, '-', 2079, 513581.54, 755350.72, 26.91);
insert into STATION values (8217, '-', 2079, 513582.08, 755351.16, 26.93);
insert into STATION values (8218, '-', 2079, 513582.73, 755351.53, 27.12);
insert into STATION values (8219, '-', 2079, 513583.24, 755350.91, 27.18);
insert into STATION values (8220, '-', 2079, 513583.54, 755350.21, 27.16);
insert into STATION values (8221, '-', 2079, 513584.13, 755349.62, 26.65);
insert into STATION values (8222, '-', 2079, 513584.00, 755349.21, 26.33);
insert into STATION values (8223, '-', 2079, 513583.55, 755348.59, 26.29);
insert into STATION values (8224, '-', 2079, 513583.24, 755348.35, 26.22);
insert into STATION values (8225, '-', 2079, 513582.67, 755348.22, 26.31);
insert into STATION values (8226, '-', 2079, 513581.99, 755349.62, 26.83);
insert into STATION values (8227, '-', 2079, 513581.96, 755349.78, 26.89);
insert into STATION values (8228, '-', 2079, 513581.59, 755350.39, 26.77);
insert into STATION values (8229, '5.0', 2108, 513579.25, 755347.17, 7.28);
insert into STATION values (8230, '5.1', 2108, 513581.30, 755346.94, 8.22);
insert into STATION values (8231, '5.2', 2108, 513583.20, 755345.93, 7.55);
insert into STATION values (8232, '-', 2108, 513579.93, 755347.19, 8.43);
insert into STATION values (8233, '-', 2108, 513581.04, 755346.64, 9.40);
insert into STATION values (8234, '-', 2108, 513580.49, 755346.80, 9.11);
insert into STATION values (8235, '-', 2108, 513580.16, 755347.04, 8.81);
insert into STATION values (8236, '-', 2108, 513581.85, 755346.36, 9.20);
insert into STATION values (8237, '-', 2108, 513582.37, 755346.21, 9.42);
insert into STATION values (8238, '-', 2108, 513582.85, 755346.00, 9.81);
insert into STATION values (8239, '-', 2108, 513583.04, 755345.82, 9.81);
insert into STATION values (8240, '-', 2108, 513583.75, 755345.35, 9.92);
insert into STATION values (8241, '-', 2108, 513584.20, 755345.10, 9.72);
insert into STATION values (8242, '-', 2108, 513584.53, 755344.93, 9.61);
insert into STATION values (8243, '-', 2108, 513584.96, 755344.67, 9.49);
insert into STATION values (8244, '-', 2108, 513579.85, 755343.95, 7.19);
insert into STATION values (8245, '-', 2108, 513579.74, 755343.14, 7.38);
insert into STATION values (8246, '-', 2108, 513579.72, 755342.80, 7.51);
insert into STATION values (8247, '-', 2108, 513579.20, 755342.17, 7.56);
insert into STATION values (8248, '-', 2108, 513578.76, 755341.55, 7.58);
insert into STATION values (8249, '5.3', 2108, 513582.57, 755345.19, 7.88);
insert into STATION values (8250, '-', 2108, 513580.02, 755349.24, 7.95);
insert into STATION values (8251, '-', 2108, 513580.45, 755349.03, 8.14);
insert into STATION values (8252, '-', 2108, 513580.88, 755348.92, 8.04);
insert into STATION values (8253, '-', 2108, 513581.39, 755349.07, 8.02);
insert into STATION values (8254, '-', 2108, 513581.78, 755349.06, 8.10);
insert into STATION values (8255, '-', 2108, 513582.60, 755348.45, 7.95);
insert into STATION values (8256, '-', 2108, 513583.23, 755348.00, 7.92);
insert into STATION values (8257, '-', 2108, 513583.84, 755347.67, 8.06);
insert into STATION values (8258, '-', 2108, 513584.41, 755347.66, 8.23);
insert into STATION values (8259, '-', 2108, 513584.90, 755346.73, 8.40);
insert into STATION values (8260, '-', 2108, 513585.40, 755345.95, 8.53);
insert into STATION values (8261, '-', 2108, 513586.45, 755345.04, 8.43);
insert into STATION values (8262, '-', 2108, 513582.80, 755345.60, 7.37);
insert into STATION values (8263, '-', 2108, 513581.62, 755344.43, 7.31);
insert into STATION values (8264, '-', 2108, 513580.60, 755343.43, 7.27);
insert into STATION values (8265, '-', 2108, 513582.30, 755344.67, 7.69);
insert into STATION values (8266, '-', 2108, 513581.88, 755344.80, 7.73);
insert into STATION values (8267, '-', 2108, 513581.31, 755345.01, 7.75);
insert into STATION values (8268, '-', 2108, 513581.91, 755345.51, 8.01);
insert into STATION values (8269, '-', 2108, 513580.91, 755345.90, 8.08);
insert into STATION values (8270, '-', 2108, 513580.11, 755346.45, 8.19);
insert into STATION values (8271, '-', 2108, 513580.34, 755347.39, 8.16);
insert into STATION values (8272, '-', 2108, 513581.40, 755346.86, 8.20);
insert into STATION values (8273, '-', 2108, 513582.24, 755346.47, 8.34);
insert into STATION values (8274, '-', 2108, 513582.95, 755346.21, 8.40);
insert into STATION values (8275, '-', 2108, 513582.84, 755345.75, 8.38);
insert into STATION values (8276, '-', 2108, 513583.38, 755346.02, 8.46);
insert into STATION values (8277, '-', 2108, 513583.35, 755345.56, 8.33);
insert into STATION values (8278, '-', 2108, 513583.31, 755345.85, 7.70);
insert into STATION values (8279, '-', 2108, 513583.80, 755345.81, 8.52);
insert into STATION values (8280, '-', 2108, 513582.89, 755344.34, 7.81);
insert into STATION values (8281, '-', 2108, 513582.60, 755344.52, 7.69);
insert into STATION values (8282, '5.4', 2108, 513580.18, 755343.31, 7.38);
insert into STATION values (8283, '-', 2108, 513580.45, 755343.45, 8.21);
insert into STATION values (8284, '-', 2108, 513581.00, 755343.24, 8.32);
insert into STATION values (8285, '-', 2108, 513581.68, 755342.86, 8.31);
insert into STATION values (8286, '-', 2108, 513581.27, 755342.71, 7.94);
insert into STATION values (8287, '-', 2108, 513580.61, 755343.16, 7.90);
insert into STATION values (8288, '-', 2108, 513580.27, 755343.33, 7.86);
insert into STATION values (8289, '-', 2108, 513580.62, 755343.45, 7.72);
insert into STATION values (8290, '-', 2108, 513581.05, 755343.26, 7.90);
insert into STATION values (8291, '-', 2108, 513581.78, 755343.03, 7.99);
insert into STATION values (8292, '-', 2108, 513581.96, 755342.44, 8.00);
insert into STATION values (8293, '-', 2108, 513582.40, 755342.50, 8.37);
insert into STATION values (8294, '-', 2108, 513582.08, 755342.82, 7.97);
insert into STATION values (8295, '-', 2108, 513579.48, 755342.45, 7.76);
insert into STATION values (8296, '-', 2108, 513579.19, 755341.95, 7.82);
insert into STATION values (8297, '-', 2108, 513578.38, 755340.46, 8.07);
insert into STATION values (8298, '-', 2108, 513578.35, 755339.79, 8.13);
insert into STATION values (8299, '-', 2108, 513585.29, 755338.50, 8.32);
insert into STATION values (8300, '-', 2108, 513584.86, 755338.40, 8.36);
insert into STATION values (8301, '-', 2108, 513584.32, 755338.04, 8.40);
insert into STATION values (8302, '-', 2108, 513584.13, 755338.19, 8.38);
insert into STATION values (8303, '-', 2108, 513586.56, 755338.53, 8.20);
insert into STATION values (8304, '-', 2108, 513587.39, 755338.64, 8.13);
insert into STATION values (8305, '-', 2108, 513587.11, 755339.36, 8.01);
insert into STATION values (8306, '-', 2108, 513588.35, 755339.47, 7.98);
insert into STATION values (8307, '-', 2108, 513590.42, 755339.65, 7.79);
insert into STATION values (8308, '5.5', 2108, 513578.67, 755339.09, 8.30);
insert into STATION values (8309, '-', 2108, 513583.68, 755337.77, 8.19);
insert into STATION values (8310, '-', 2108, 513583.79, 755336.68, 8.25);
insert into STATION values (8311, '-', 2108, 513583.30, 755336.57, 8.39);
insert into STATION values (8312, '-', 2108, 513583.36, 755336.51, 8.30);
insert into STATION values (8313, '-', 2108, 513582.55, 755336.91, 8.25);
insert into STATION values (8314, '-', 2108, 513582.01, 755336.97, 8.37);
insert into STATION values (8315, '-', 2108, 513581.14, 755336.99, 8.32);
insert into STATION values (8316, '-', 2108, 513578.49, 755336.13, 8.34);
insert into STATION values (8317, '-', 2108, 513578.81, 755336.12, 8.30);
insert into STATION values (8318, '-', 2108, 513579.29, 755336.32, 8.35);
insert into STATION values (8319, '-', 2108, 513574.91, 755337.67, 7.75);
insert into STATION values (8320, '-', 2108, 513579.36, 755342.38, 7.70);
insert into STATION values (8321, '-', 2108, 513579.06, 755341.86, 7.77);
insert into STATION values (8322, '-', 2108, 513578.80, 755341.59, 7.73);
insert into STATION values (8323, '-', 2108, 513578.73, 755341.42, 7.74);
insert into STATION values (8324, '-', 2108, 513578.57, 755341.48, 7.70);
insert into STATION values (8325, '-', 2108, 513578.45, 755341.55, 7.69);
insert into STATION values (8326, '-', 2108, 513578.24, 755341.84, 7.60);
insert into STATION values (8327, '-', 2108, 513578.34, 755340.72, 7.80);
insert into STATION values (8328, '-', 2108, 513578.33, 755340.24, 7.91);
insert into STATION values (8329, '-', 2108, 513578.29, 755339.83, 8.00);
insert into STATION values (8330, '-', 2108, 513578.09, 755339.61, 7.98);
insert into STATION values (8331, '-', 2108, 513577.70, 755339.44, 7.97);
insert into STATION values (8332, '-', 2108, 513577.34, 755339.43, 7.72);
insert into STATION values (8333, '-', 2108, 513578.40, 755340.99, 7.19);
insert into STATION values (8334, '-', 2108, 513578.63, 755341.29, 7.18);
insert into STATION values (8335, '5.6', 2108, 513576.21, 755338.72, 7.62);
insert into STATION values (8336, '-', 2108, 513577.00, 755340.93, 7.19);
insert into STATION values (8337, '-', 2108, 513577.30, 755341.04, 7.14);
insert into STATION values (8338, '-', 2108, 513577.44, 755340.47, 7.14);
insert into STATION values (8339, '-', 2108, 513577.47, 755340.08, 7.14);
insert into STATION values (8340, '-', 2108, 513577.78, 755340.04, 7.15);
insert into STATION values (8341, '-', 2108, 513578.09, 755339.98, 7.31);
insert into STATION values (8342, '-', 2108, 513578.36, 755340.08, 7.34);
insert into STATION values (8343, '-', 2108, 513576.94, 755339.29, 7.16);
insert into STATION values (8344, '-', 2108, 513577.18, 755339.43, 7.12);
insert into STATION values (8345, '-', 2108, 513577.34, 755339.66, 7.12);
insert into STATION values (8346, '-', 2108, 513577.47, 755339.87, 7.11);
insert into STATION values (8347, '-', 2108, 513576.72, 755339.30, 7.16);
insert into STATION values (8348, '-', 2108, 513576.35, 755339.40, 7.12);
insert into STATION values (8349, '-', 2108, 513576.01, 755339.44, 7.13);
insert into STATION values (8350, '-', 2108, 513575.62, 755339.48, 7.13);
insert into STATION values (8351, '-', 2108, 513575.42, 755339.74, 7.13);
insert into STATION values (8352, '-', 2108, 513575.26, 755340.06, 7.12);
insert into STATION values (8353, '-', 2108, 513575.09, 755340.08, 7.16);
insert into STATION values (8354, '-', 2108, 513574.84, 755339.98, 7.18);
insert into STATION values (8355, '-', 2108, 513572.76, 755340.47, 7.55);
insert into STATION values (8356, '-', 2108, 513573.59, 755339.70, 7.68);
insert into STATION values (8357, '-', 2108, 513573.99, 755339.16, 7.82);
insert into STATION values (8358, '-', 2108, 513574.39, 755338.56, 7.93);
insert into STATION values (8359, '-', 2108, 513574.83, 755338.18, 7.96);
insert into STATION values (8360, '-', 2108, 513575.00, 755337.73, 7.99);
insert into STATION values (8361, '-', 2108, 513574.89, 755337.30, 8.06);
insert into STATION values (8362, '-', 2108, 513575.42, 755336.56, 8.07);
insert into STATION values (8363, '-', 2108, 513574.93, 755335.12, 8.18);
insert into STATION values (8364, '-', 2108, 513575.89, 755336.06, 8.18);
insert into STATION values (8365, '-', 2108, 513576.64, 755336.27, 8.07);
insert into STATION values (8366, '-', 2108, 513577.33, 755336.21, 8.20);
insert into STATION values (8367, '-', 2108, 513577.66, 755336.81, 8.03);
insert into STATION values (8368, '-', 2108, 513575.84, 755340.70, 7.15);
insert into STATION values (8369, '-', 2108, 513576.61, 755340.92, 7.16);
insert into STATION values (8370, '-', 2108, 513575.29, 755340.41, 7.42);
insert into STATION values (8371, '-', 2108, 513574.76, 755340.41, 7.29);
insert into STATION values (8372, '-', 2108, 513574.31, 755340.56, 7.36);
insert into STATION values (8373, '5.7', 2108, 513574.26, 755339.52, 7.52);
insert into STATION values (8374, '-', 2108, 513573.27, 755339.92, 7.59);
insert into STATION values (8375, '-', 2108, 513572.78, 755340.40, 7.51);
insert into STATION values (8376, '-', 2108, 513570.46, 755341.90, 7.53);
insert into STATION values (8377, '-', 2108, 513572.74, 755340.44, 7.52);
insert into STATION values (8378, '-', 2108, 513570.49, 755341.98, 7.57);
insert into STATION values (8379, '-', 2108, 513571.61, 755341.49, 7.56);
insert into STATION values (8380, '-', 2108, 513572.32, 755341.33, 7.59);
insert into STATION values (8381, '-', 2108, 513573.07, 755340.84, 7.54);
insert into STATION values (8382, '-', 2108, 513573.40, 755340.59, 7.37);
insert into STATION values (8383, '-', 2108, 513573.81, 755340.66, 7.32);
insert into STATION values (8384, '-', 2108, 513574.17, 755340.56, 7.35);
insert into STATION values (8385, '-', 2108, 513574.15, 755339.46, 7.10);
insert into STATION values (8386, '-', 2108, 513573.77, 755339.56, 7.11);
insert into STATION values (8387, '-', 2108, 513573.62, 755339.88, 7.10);
insert into STATION values (8388, '-', 2108, 513573.43, 755340.34, 7.10);
insert into STATION values (8389, '-', 2108, 513573.29, 755340.60, 7.11);
insert into STATION values (8390, '-', 2108, 513574.71, 755339.76, 7.12);
insert into STATION values (8391, '-', 2108, 513575.13, 755340.03, 7.13);
insert into STATION values (8392, '-', 2108, 513581.05, 755340.33, 8.14);
insert into STATION values (8393, '5.8', 2108, 513581.16, 755340.22, 8.15);
insert into STATION values (8394, '-', 2108, 513577.42, 755341.02, 7.18);
insert into STATION values (8395, '-', 2108, 513575.19, 755341.87, 7.15);
insert into STATION values (8396, '-', 2108, 513575.12, 755342.02, 7.17);
insert into STATION values (8397, '-', 2108, 513571.89, 755343.39, 7.16);
insert into STATION values (8398, '-', 2108, 513571.97, 755343.56, 7.17);
insert into STATION values (8399, '-', 2108, 513574.07, 755342.76, 7.16);
insert into STATION values (8400, '-', 2108, 513574.95, 755342.56, 7.16);
insert into STATION values (8401, '-', 2108, 513575.30, 755342.59, 7.15);
insert into STATION values (8402, '-', 2108, 513577.66, 755341.65, 7.21);
insert into STATION values (8403, '-', 2108, 513578.80, 755341.04, 7.21);
insert into STATION values (8404, '-', 2108, 513582.26, 755337.12, 8.13);
insert into STATION values (8405, '-', 2108, 513583.19, 755336.32, 8.11);
insert into STATION values (8406, '-', 2108, 513583.98, 755335.33, 8.08);
insert into STATION values (8407, '-', 2108, 513583.64, 755336.29, 8.10);
insert into STATION values (8408, '-', 2108, 513583.76, 755336.91, 8.06);
insert into STATION values (8409, '-', 2108, 513583.77, 755337.60, 8.15);
insert into STATION values (8410, '-', 2108, 513583.62, 755338.28, 8.07);
insert into STATION values (8411, '-', 2108, 513583.95, 755338.81, 8.02);
insert into STATION values (8412, '-', 2108, 513584.10, 755339.43, 7.87);
insert into STATION values (8413, '-', 2108, 513584.46, 755339.85, 7.74);
insert into STATION values (8414, '-', 2108, 513585.03, 755340.14, 7.57);
insert into STATION values (8415, '-', 2108, 513585.31, 755340.69, 7.45);
insert into STATION values (8416, '-', 2108, 513584.77, 755338.29, 8.33);
insert into STATION values (8417, '-', 2108, 513585.76, 755338.53, 8.29);
insert into STATION values (8418, '-', 2108, 513586.99, 755338.57, 8.16);
insert into STATION values (8419, '-', 2108, 513587.29, 755339.24, 8.04);
insert into STATION values (8420, '-', 2108, 513590.37, 755339.41, 7.85);
insert into STATION values (8421, '-', 2108, 513588.80, 755344.45, 7.69);
insert into STATION values (8422, '-', 2108, 513588.01, 755344.47, 7.62);
insert into STATION values (8423, '-', 2108, 513587.70, 755344.70, 7.65);
insert into STATION values (8424, '-', 2108, 513586.55, 755344.04, 7.64);
insert into STATION values (8425, '-', 2108, 513585.84, 755344.49, 7.63);
insert into STATION values (8426, '-', 2108, 513585.26, 755344.92, 7.59);
insert into STATION values (8427, '-', 2108, 513585.43, 755345.33, 7.47);
insert into STATION values (8428, '5.9', 2108, 513588.93, 755343.36, 7.62);
insert into STATION values (8429, '-', 2108, 513588.57, 755340.32, 7.33);
insert into STATION values (8430, '-', 2108, 513588.14, 755340.41, 7.35);
insert into STATION values (8431, '-', 2108, 513587.64, 755340.63, 7.34);
insert into STATION values (8432, '-', 2108, 513586.96, 755340.68, 7.36);
insert into STATION values (8433, '-', 2108, 513586.10, 755340.71, 7.39);
insert into STATION values (8434, '-', 2108, 513585.48, 755340.68, 7.42);
insert into STATION values (8435, '-', 2108, 513584.83, 755339.93, 7.58);
insert into STATION values (8436, '-', 2108, 513584.88, 755339.96, 7.54);
insert into STATION values (8437, '-', 2108, 513584.36, 755339.89, 7.61);
insert into STATION values (8438, '-', 2108, 513587.24, 755339.20, 7.78);
insert into STATION values (8439, '-', 2108, 513588.00, 755339.40, 7.62);
insert into STATION values (8440, '-', 2108, 513589.00, 755339.57, 7.58);
insert into STATION values (8441, '-', 2108, 513589.83, 755339.70, 7.65);
insert into STATION values (8442, '-', 2108, 513590.65, 755339.82, 7.70);
insert into STATION values (8443, '-', 2108, 513591.72, 755339.30, 7.73);
insert into STATION values (8444, '-', 2108, 513593.58, 755338.24, 7.86);
insert into STATION values (8445, '-', 2108, 513591.13, 755340.01, 7.43);
insert into STATION values (8446, '-', 2108, 513591.67, 755339.99, 7.46);
insert into STATION values (8447, '-', 2108, 513592.69, 755339.77, 7.57);
insert into STATION values (8448, '-', 2108, 513593.79, 755339.53, 7.72);
insert into STATION values (8449, '-', 2108, 513594.85, 755339.06, 7.50);
insert into STATION values (8450, '-', 2108, 513594.07, 755339.39, 7.49);
insert into STATION values (8451, '-', 2108, 513589.17, 755344.19, 7.79);
insert into STATION values (8452, '-', 2108, 513590.03, 755343.79, 7.84);
insert into STATION values (8453, '-', 2108, 513590.87, 755343.58, 7.81);
insert into STATION values (8454, '-', 2108, 513592.21, 755343.46, 7.63);
insert into STATION values (8455, '-', 2108, 513595.12, 755343.34, 7.62);
insert into STATION values (8456, '-', 2108, 513596.82, 755343.31, 7.51);
insert into STATION values (8457, '-', 2108, 513595.91, 755342.73, 7.48);
insert into STATION values (8458, '-', 2108, 513595.46, 755342.28, 7.58);
insert into STATION values (8459, '-', 2108, 513596.28, 755341.56, 7.43);
insert into STATION values (8460, '-', 2108, 513596.91, 755341.14, 7.35);
insert into STATION values (8461, '5.10', 2108, 513598.05, 755340.28, 7.44);
insert into STATION values (8462, '-', 2108, 513588.82, 755343.07, 7.61);
insert into STATION values (8463, '-', 2108, 513595.14, 755338.90, 7.38);
insert into STATION values (8464, '-', 2108, 513594.54, 755338.58, 7.45);
insert into STATION values (8465, '-', 2108, 513593.30, 755337.95, 7.48);
insert into STATION values (8466, '-', 2108, 513592.96, 755336.76, 7.20);
insert into STATION values (8467, '-', 2108, 513593.85, 755336.97, 7.21);
insert into STATION values (8468, '-', 2108, 513593.27, 755337.00, 7.36);
insert into STATION values (8469, '-', 2108, 513594.34, 755336.65, 7.27);
insert into STATION values (8470, '-', 2108, 513594.08, 755336.76, 7.28);
insert into STATION values (8471, '-', 2108, 513595.77, 755337.67, 7.30);
insert into STATION values (8472, '-', 2108, 513595.22, 755337.51, 7.35);
insert into STATION values (8473, '-', 2108, 513594.88, 755337.55, 7.35);
insert into STATION values (8474, '-', 2108, 513594.65, 755337.83, 7.48);
insert into STATION values (8475, '-', 2108, 513593.92, 755337.81, 7.35);
insert into STATION values (8476, '-', 2108, 513593.35, 755337.87, 7.40);
insert into STATION values (8477, '-', 2108, 513596.54, 755338.02, 7.55);
insert into STATION values (8478, '-', 2108, 513596.39, 755338.05, 7.54);
insert into STATION values (8479, '-', 2108, 513595.91, 755337.77, 7.40);
insert into STATION values (8480, '-', 2108, 513599.44, 755338.65, 7.26);
insert into STATION values (8481, '-', 2108, 513598.57, 755339.06, 7.27);
insert into STATION values (8482, '-', 2108, 513597.99, 755339.07, 7.26);
insert into STATION values (8483, '-', 2108, 513597.37, 755338.88, 7.26);
insert into STATION values (8484, '-', 2108, 513596.92, 755338.64, 7.27);
insert into STATION values (8485, '-', 2108, 513597.70, 755339.51, 7.20);
insert into STATION values (8486, '-', 2108, 513597.34, 755339.36, 7.23);
insert into STATION values (8487, '-', 2108, 513597.01, 755339.28, 7.25);
insert into STATION values (8488, '-', 2108, 513596.04, 755338.71, 7.20);
insert into STATION values (8489, '-', 2108, 513595.72, 755338.68, 7.25);
insert into STATION values (8490, '-', 2108, 513597.51, 755339.64, 7.20);
insert into STATION values (8491, '-', 2108, 513597.25, 755339.79, 7.20);
insert into STATION values (8492, '-', 2108, 513597.26, 755340.07, 7.18);
insert into STATION values (8493, '-', 2108, 513597.26, 755340.31, 7.18);
insert into STATION values (8494, '-', 2108, 513596.74, 755340.59, 7.19);
insert into STATION values (8495, '-', 2108, 513596.51, 755340.92, 7.20);
insert into STATION values (8496, '-', 2108, 513597.00, 755340.91, 7.50);
insert into STATION values (8497, '-', 2108, 513597.40, 755341.08, 7.35);
insert into STATION values (8498, '-', 2108, 513598.01, 755341.14, 7.49);
insert into STATION values (8499, '-', 2108, 513598.37, 755341.21, 7.40);
insert into STATION values (8500, '-', 2108, 513598.76, 755342.29, 7.58);
insert into STATION values (8501, '-', 2108, 513598.79, 755341.89, 7.58);
insert into STATION values (8502, '-', 2108, 513598.80, 755341.48, 7.69);
insert into STATION values (8503, '-', 2108, 513599.35, 755341.75, 7.61);
insert into STATION values (8504, '-', 2108, 513600.08, 755342.05, 7.56);
insert into STATION values (8505, '-', 2108, 513600.83, 755342.36, 7.51);
insert into STATION values (8506, '-', 2108, 513599.44, 755341.12, 7.53);
insert into STATION values (8507, '-', 2108, 513599.40, 755340.66, 7.55);
insert into STATION values (8508, '-', 2108, 513599.21, 755339.74, 7.94);
insert into STATION values (8509, '5.11', 2108, 513600.59, 755341.62, 8.38);
insert into STATION values (8510, '-', 2108, 513598.90, 755341.41, 7.79);
insert into STATION values (8511, '-', 2108, 513599.43, 755341.66, 7.85);
insert into STATION values (8512, '-', 2108, 513599.86, 755341.92, 7.93);
insert into STATION values (8513, '-', 2108, 513600.35, 755342.25, 8.03);
insert into STATION values (8514, '-', 2108, 513600.92, 755342.44, 7.98);
insert into STATION values (8515, '-', 2108, 513601.45, 755343.12, 7.82);
insert into STATION values (8516, '-', 2108, 513601.44, 755342.64, 7.88);
insert into STATION values (8517, '-', 2108, 513601.26, 755341.76, 8.40);
insert into STATION values (8518, '-', 2108, 513601.20, 755340.87, 8.56);
insert into STATION values (8519, '-', 2108, 513601.15, 755340.27, 8.62);
insert into STATION values (8520, '-', 2108, 513601.06, 755339.53, 8.55);
insert into STATION values (8521, '-', 2108, 513600.78, 755339.13, 8.93);
insert into STATION values (8522, '-', 2108, 513603.61, 755338.97, 9.26);
insert into STATION values (8523, '-', 2108, 513602.19, 755339.02, 9.21);
insert into STATION values (8524, '-', 2108, 513600.95, 755339.19, 9.15);
insert into STATION values (8525, '-', 2108, 513599.50, 755339.32, 8.97);
insert into STATION values (8526, '-', 2108, 513598.56, 755339.70, 8.10);
insert into STATION values (8527, '-', 2108, 513597.49, 755339.59, 8.10);
insert into STATION values (8528, '-', 2108, 513597.00, 755339.78, 8.38);
insert into STATION values (8529, '-', 2108, 513594.27, 755342.53, 8.57);
insert into STATION values (8530, '-', 2108, 513595.63, 755341.62, 8.56);
insert into STATION values (8531, '-', 2108, 513596.50, 755340.99, 8.57);
insert into STATION values (8532, '-', 2108, 513597.52, 755340.37, 8.52);
insert into STATION values (8533, '5.12', 2108, 513602.40, 755343.26, 8.47);
insert into STATION values (8534, '-', 2108, 513600.61, 755341.58, 8.39);
insert into STATION values (8535, '-', 2108, 513599.54, 755344.40, 7.97);
insert into STATION values (8536, '-', 2108, 513600.44, 755344.00, 7.98);
insert into STATION values (8537, '-', 2108, 513600.83, 755343.77, 7.88);
insert into STATION values (8538, '-', 2108, 513603.03, 755344.12, 7.82);
insert into STATION values (8539, '-', 2108, 513602.56, 755343.97, 7.88);
insert into STATION values (8540, '-', 2108, 513602.08, 755343.92, 7.80);
insert into STATION values (8541, '-', 2108, 513601.76, 755343.97, 7.73);
insert into STATION values (8542, '-', 2108, 513601.11, 755344.26, 7.72);
insert into STATION values (8543, '-', 2108, 513600.42, 755344.44, 7.85);
insert into STATION values (8544, '-', 2108, 513599.72, 755344.76, 7.78);
insert into STATION values (8545, '-', 2108, 513599.43, 755344.92, 7.82);
insert into STATION values (8546, '-', 2108, 513600.99, 755343.68, 7.21);
insert into STATION values (8547, '-', 2108, 513601.05, 755343.96, 7.19);
insert into STATION values (8548, '-', 2108, 513600.94, 755344.17, 7.20);
insert into STATION values (8549, '-', 2108, 513601.04, 755342.47, 8.35);
insert into STATION values (8550, '-', 2108, 513601.02, 755343.03, 8.23);
insert into STATION values (8551, '-', 2108, 513600.96, 755343.68, 8.03);
insert into STATION values (8552, '-', 2108, 513598.99, 755345.32, 7.87);
insert into STATION values (8553, '-', 2108, 513600.51, 755345.07, 8.06);
insert into STATION values (8554, '-', 2108, 513600.81, 755345.55, 8.04);
insert into STATION values (8555, '-', 2108, 513601.40, 755345.53, 8.03);
insert into STATION values (8556, '-', 2108, 513602.38, 755345.67, 7.98);
insert into STATION values (8557, '-', 2108, 513602.87, 755345.60, 7.98);
insert into STATION values (8558, '-', 2108, 513603.63, 755345.27, 8.01);
insert into STATION values (8559, '-', 2108, 513604.39, 755345.09, 8.03);
insert into STATION values (8560, '-', 2108, 513605.10, 755344.93, 8.02);
insert into STATION values (8561, '-', 2108, 513606.28, 755345.26, 7.93);
insert into STATION values (8562, '-', 2108, 513601.87, 755343.32, 7.67);
insert into STATION values (8563, '-', 2108, 513601.49, 755343.16, 7.98);
insert into STATION values (8564, '-', 2108, 513602.11, 755343.18, 7.90);
insert into STATION values (8565, '-', 2108, 513602.36, 755342.97, 8.19);
insert into STATION values (8566, '-', 2108, 513602.82, 755342.79, 8.12);
insert into STATION values (8567, '-', 2108, 513603.53, 755342.42, 8.18);
insert into STATION values (8568, '-', 2108, 513605.17, 755341.55, 8.27);
insert into STATION values (8569, '-', 2108, 513606.00, 755341.11, 8.23);
insert into STATION values (8570, '-', 2108, 513607.18, 755340.53, 8.05);
insert into STATION values (8571, '-', 2108, 513603.49, 755342.89, 7.50);
insert into STATION values (8572, '-', 2108, 513603.46, 755343.26, 7.55);
insert into STATION values (8573, '-', 2108, 513603.50, 755343.64, 7.52);
insert into STATION values (8574, '-', 2108, 513603.91, 755342.64, 7.69);
insert into STATION values (8575, '-', 2108, 513604.27, 755342.45, 7.70);
insert into STATION values (8576, '-', 2108, 513604.75, 755342.19, 7.75);
insert into STATION values (8577, '-', 2108, 513605.06, 755342.01, 7.81);
insert into STATION values (8578, '-', 2108, 513610.48, 755343.08, 8.25);
insert into STATION values (8579, '-', 2108, 513610.34, 755343.57, 8.09);
insert into STATION values (8580, '-', 2108, 513610.89, 755344.30, 7.93);
insert into STATION values (8581, '-', 2108, 513605.41, 755341.77, 7.85);
insert into STATION values (8582, '-', 2108, 513606.69, 755344.32, 7.88);
insert into STATION values (8583, '-', 2108, 513605.46, 755344.14, 7.75);
insert into STATION values (8584, '-', 2108, 513604.20, 755343.84, 7.80);
insert into STATION values (8585, '-', 2108, 513603.49, 755343.74, 7.77);
insert into STATION values (8586, '-', 2108, 513603.53, 755344.21, 7.80);
insert into STATION values (8587, '-', 2108, 513604.65, 755344.46, 7.80);
insert into STATION values (8588, '-', 2108, 513605.48, 755344.60, 7.77);
insert into STATION values (8589, '-', 2108, 513606.33, 755344.75, 7.72);
insert into STATION values (8590, '5.13', 2108, 513599.24, 755344.80, 7.83);
insert into STATION values (8591, '-', 2108, 513598.55, 755345.22, 7.96);
insert into STATION values (8592, '-', 2108, 513598.26, 755344.62, 7.86);
insert into STATION values (8593, '-', 2108, 513597.64, 755344.22, 7.81);
insert into STATION values (8594, '-', 2108, 513596.53, 755343.70, 7.76);
insert into STATION values (8595, '-', 2108, 513595.79, 755343.30, 7.73);
insert into STATION values (8596, '-', 2108, 513599.41, 755344.46, 7.96);
insert into STATION values (8597, '-', 2108, 513599.15, 755344.41, 7.86);
insert into STATION values (8598, '-', 2108, 513598.84, 755344.31, 7.80);
insert into STATION values (8599, '-', 2108, 513598.50, 755344.21, 7.73);
insert into STATION values (8600, '-', 2108, 513598.14, 755343.95, 7.74);
insert into STATION values (8601, '-', 2108, 513597.89, 755343.76, 7.72);
insert into STATION values (8602, '-', 2108, 513597.30, 755343.42, 7.67);
insert into STATION values (8603, '-', 2108, 513595.25, 755342.28, 7.61);
insert into STATION values (8604, '-', 2108, 513603.54, 755335.64, 8.24);
insert into STATION values (8605, '5.14', 2108, 513603.68, 755335.66, 8.25);
insert into STATION values (8606, '-', 2108, 513598.37, 755339.88, 7.48);
insert into STATION values (8607, '-', 2108, 513599.62, 755336.69, 7.49);
insert into STATION values (8608, '-', 2108, 513600.34, 755336.67, 7.49);
insert into STATION values (8609, '-', 2108, 513600.27, 755337.09, 7.49);
insert into STATION values (8610, '-', 2108, 513599.82, 755337.64, 7.38);
insert into STATION values (8611, '-', 2108, 513599.74, 755338.32, 7.33);
insert into STATION values (8612, '-', 2108, 513596.68, 755337.03, 7.20);
insert into STATION values (8613, '-', 2108, 513596.86, 755333.08, 8.06);
insert into STATION values (8614, '-', 2108, 513595.76, 755331.49, 8.13);
insert into STATION values (8615, '-', 2108, 513596.50, 755331.06, 8.35);
insert into STATION values (8616, '-', 2108, 513604.79, 755332.13, 8.77);
insert into STATION values (8617, '-', 2108, 513605.86, 755331.90, 8.14);
insert into STATION values (8618, '-', 2108, 513609.05, 755336.03, 7.45);
insert into STATION values (8619, '-', 2108, 513608.48, 755335.50, 7.59);
insert into STATION values (8620, '-', 2108, 513608.02, 755334.59, 7.63);
insert into STATION values (8621, '-', 2108, 513607.33, 755333.95, 7.79);
insert into STATION values (8622, '-', 2108, 513606.91, 755333.26, 7.89);
insert into STATION values (8623, '-', 2108, 513606.48, 755332.84, 8.04);
insert into STATION values (8624, '-', 2108, 513606.02, 755332.51, 8.14);
insert into STATION values (8625, '-', 2108, 513607.80, 755334.21, 7.21);
insert into STATION values (8626, '-', 2108, 513607.69, 755334.72, 7.22);
insert into STATION values (8627, '-', 2108, 513607.61, 755335.39, 7.22);
insert into STATION values (8628, '-', 2108, 513607.73, 755335.88, 7.22);
insert into STATION values (8629, '-', 2108, 513607.92, 755336.28, 7.22);
insert into STATION values (8630, '-', 2108, 513608.12, 755336.92, 7.23);
insert into STATION values (8631, '-', 2108, 513608.46, 755337.38, 7.23);
insert into STATION values (8632, '-', 2108, 513608.98, 755337.32, 7.22);
insert into STATION values (8633, '-', 2108, 513609.43, 755337.06, 7.23);
insert into STATION values (8634, '-', 2108, 513609.89, 755336.86, 7.25);
insert into STATION values (8635, '-', 2108, 513610.16, 755336.83, 7.26);
insert into STATION values (8636, '-', 2108, 513610.53, 755336.48, 7.25);
insert into STATION values (8637, '-', 2108, 513610.62, 755336.28, 7.24);
insert into STATION values (8638, '-', 2108, 513601.49, 755339.51, 7.54);
insert into STATION values (8639, '-', 2108, 513602.19, 755339.26, 7.51);
insert into STATION values (8640, '-', 2108, 513602.92, 755339.29, 7.51);
insert into STATION values (8641, '-', 2108, 513603.57, 755339.22, 7.55);
insert into STATION values (8642, '-', 2108, 513604.19, 755339.26, 7.59);
insert into STATION values (8643, '-', 2108, 513604.90, 755339.31, 7.62);
insert into STATION values (8644, '-', 2108, 513599.73, 755338.35, 7.23);
insert into STATION values (8645, '-', 2108, 513600.09, 755338.10, 7.25);
insert into STATION values (8646, '-', 2108, 513600.50, 755338.22, 7.26);
insert into STATION values (8647, '-', 2108, 513600.93, 755338.37, 7.24);
insert into STATION values (8648, '-', 2108, 513601.32, 755338.51, 7.25);
insert into STATION values (8649, '-', 2108, 513601.56, 755338.82, 7.25);
insert into STATION values (8650, '-', 2108, 513601.91, 755339.02, 7.26);
insert into STATION values (8651, '-', 2108, 513602.20, 755339.30, 7.24);
insert into STATION values (8652, '-', 2108, 513601.71, 755338.06, 7.66);
insert into STATION values (8653, '-', 2108, 513600.73, 755339.31, 7.44);
insert into STATION values (8654, '-', 2108, 513600.27, 755339.44, 7.43);
insert into STATION values (8655, '-', 2108, 513599.59, 755339.78, 7.32);
insert into STATION values (8656, '-', 2108, 513600.77, 755339.80, 7.45);
insert into STATION values (8657, '-', 2108, 513600.76, 755340.44, 7.34);
insert into STATION values (8658, '-', 2108, 513605.49, 755340.64, 7.41);
insert into STATION values (8659, '-', 2108, 513605.41, 755340.19, 7.48);
insert into STATION values (8660, '-', 2108, 513605.38, 755339.68, 7.55);
insert into STATION values (8661, '-', 2108, 513605.36, 755339.35, 7.60);
insert into STATION values (8662, '-', 2108, 513605.67, 755339.41, 7.60);
insert into STATION values (8663, '-', 2108, 513605.90, 755339.47, 7.60);
insert into STATION values (8664, '-', 2108, 513606.23, 755339.51, 7.59);
insert into STATION values (8665, '-', 2108, 513606.93, 755339.66, 7.57);
insert into STATION values (8666, '-', 2108, 513607.61, 755339.94, 7.56);
insert into STATION values (8667, '-', 2108, 513607.93, 755339.97, 7.54);
insert into STATION values (8668, '5.15', 2108, 513597.92, 755332.13, 8.27);
insert into STATION values (8669, '-', 2108, 513603.71, 755335.53, 8.26);
insert into STATION values (8670, '-', 2108, 513600.43, 755336.52, 7.52);
insert into STATION values (8671, '-', 2108, 513599.80, 755336.43, 7.52);
insert into STATION values (8672, '-', 2108, 513598.89, 755337.27, 7.21);
insert into STATION values (8673, '-', 2108, 513598.78, 755337.58, 7.18);
insert into STATION values (8674, '-', 2108, 513599.23, 755326.39, 7.18);
insert into STATION values (8675, '-', 2108, 513599.14, 755325.98, 7.19);
insert into STATION values (8676, '-', 2108, 513598.34, 755338.33, 7.20);
insert into STATION values (8677, '-', 2108, 513598.10, 755338.39, 7.19);
insert into STATION values (8678, '-', 2108, 513597.75, 755337.58, 7.30);
insert into STATION values (8679, '-', 2108, 513597.03, 755337.23, 7.35);
insert into STATION values (8680, '-', 2108, 513596.75, 755336.98, 7.43);
insert into STATION values (8681, '-', 2108, 513596.68, 755335.83, 7.63);
insert into STATION values (8682, '-', 2108, 513597.35, 755334.01, 7.95);
insert into STATION values (8683, '-', 2108, 513597.13, 755333.62, 8.00);
insert into STATION values (8684, '-', 2108, 513596.90, 755333.11, 8.10);
insert into STATION values (8685, '-', 2108, 513596.74, 755332.47, 8.10);
insert into STATION values (8686, '-', 2108, 513596.69, 755332.20, 8.07);
insert into STATION values (8687, '-', 2108, 513595.91, 755332.11, 7.98);
insert into STATION values (8688, '-', 2108, 513595.81, 755331.88, 8.06);
insert into STATION values (8689, '-', 2108, 513595.77, 755331.49, 8.15);
insert into STATION values (8690, '-', 2108, 513595.49, 755330.96, 8.08);
insert into STATION values (8691, '-', 2108, 513595.55, 755330.65, 8.07);
insert into STATION values (8692, '-', 2108, 513596.25, 755330.95, 8.11);
insert into STATION values (8693, '-', 2108, 513596.36, 755330.68, 8.15);
insert into STATION values (8694, '-', 2108, 513595.73, 755329.68, 8.25);
insert into STATION values (8695, '-', 2108, 513596.34, 755329.93, 8.29);
insert into STATION values (8696, '-', 2108, 513597.00, 755330.54, 8.31);
insert into STATION values (8697, '-', 2108, 513597.39, 755330.37, 8.50);
insert into STATION values (8698, '-', 2108, 513597.97, 755330.13, 8.81);
insert into STATION values (8699, '-', 2108, 513598.78, 755329.87, 9.35);
insert into STATION values (8700, '-', 2108, 513599.02, 755330.91, 9.06);
insert into STATION values (8701, '-', 2108, 513599.17, 755331.84, 8.72);
insert into STATION values (8702, '-', 2108, 513599.89, 755332.20, 8.72);
insert into STATION values (8703, '-', 2108, 513600.22, 755332.63, 8.52);
insert into STATION values (8704, '-', 2108, 513598.42, 755337.36, 8.54);
insert into STATION values (8705, '-', 2108, 513598.22, 755337.17, 8.53);
insert into STATION values (8706, '-', 2108, 513598.03, 755336.88, 8.51);
insert into STATION values (8707, '-', 2108, 513597.73, 755336.99, 8.52);
insert into STATION values (8708, '-', 2108, 513597.59, 755336.89, 8.51);
insert into STATION values (8709, '-', 2108, 513597.29, 755337.13, 8.53);
insert into STATION values (8710, '6.0', 2213, 513603.68, 755335.66, 8.25);
insert into STATION values (8711, '6.1', 2213, 513598.05, 755340.28, 7.44);
insert into STATION values (8712, '-', 2213, 513606.56, 755332.96, 8.03);
insert into STATION values (8713, '-', 2213, 513607.60, 755334.41, 7.71);
insert into STATION values (8714, '-', 2213, 513608.32, 755334.93, 7.61);
insert into STATION values (8715, '-', 2213, 513608.53, 755335.45, 7.54);
insert into STATION values (8716, '-', 2213, 513608.83, 755336.07, 7.43);
insert into STATION values (8717, '-', 2213, 513601.25, 755339.21, 7.74);
insert into STATION values (8718, '-', 2213, 513601.99, 755339.11, 7.65);
insert into STATION values (8719, '-', 2213, 513602.78, 755339.16, 7.61);
insert into STATION values (8720, '-', 2213, 513603.82, 755339.19, 7.54);
insert into STATION values (8721, '-', 2213, 513604.90, 755339.29, 7.61);
insert into STATION values (8722, '-', 2213, 513605.33, 755339.34, 7.61);
insert into STATION values (8723, '-', 2213, 513605.89, 755339.45, 7.59);
insert into STATION values (8724, '-', 2213, 513606.56, 755339.60, 7.61);
insert into STATION values (8725, '-', 2213, 513607.16, 755339.75, 7.54);
insert into STATION values (8726, '-', 2213, 513607.88, 755339.95, 7.46);
insert into STATION values (8727, '6.2', 2213, 513612.32, 755339.38, 7.56);
insert into STATION values (8728, '-', 2213, 513608.87, 755336.08, 7.39);
insert into STATION values (8729, '-', 2213, 513609.77, 755336.15, 7.37);
insert into STATION values (8730, '-', 2213, 513610.39, 755335.92, 7.31);
insert into STATION values (8731, '-', 2213, 513610.93, 755335.76, 7.35);
insert into STATION values (8732, '-', 2213, 513611.28, 755334.55, 7.41);
insert into STATION values (8733, '-', 2213, 513611.28, 755333.54, 7.61);
insert into STATION values (8734, '-', 2213, 513611.12, 755332.61, 7.72);
insert into STATION values (8735, '-', 2213, 513610.41, 755335.84, 7.15);
insert into STATION values (8736, '-', 2213, 513610.47, 755336.59, 7.19);
insert into STATION values (8737, '-', 2213, 513610.22, 755336.89, 7.21);
insert into STATION values (8738, '-', 2213, 513609.76, 755336.89, 7.20);
insert into STATION values (8739, '-', 2213, 513609.45, 755337.05, 7.19);
insert into STATION values (8740, '-', 2213, 513609.20, 755337.33, 7.18);
insert into STATION values (8741, '-', 2213, 513608.89, 755337.57, 7.19);
insert into STATION values (8742, '-', 2213, 513616.18, 755341.48, 8.17);
insert into STATION values (8743, '-', 2213, 513614.70, 755341.54, 8.35);
insert into STATION values (8744, '-', 2213, 513614.46, 755341.74, 8.38);
insert into STATION values (8745, '-', 2213, 513610.46, 755341.76, 8.67);
insert into STATION values (8746, '-', 2213, 513609.99, 755341.36, 8.71);
insert into STATION values (8747, '-', 2213, 513609.99, 755341.34, 8.72);
insert into STATION values (8748, '-', 2213, 513607.91, 755340.64, 8.29);
insert into STATION values (8749, '-', 2213, 513608.30, 755340.69, 8.24);
insert into STATION values (8750, '-', 2213, 513608.89, 755340.79, 8.20);
insert into STATION values (8751, '-', 2213, 513609.38, 755340.86, 8.14);
insert into STATION values (8752, '-', 2213, 513609.94, 755340.89, 8.07);
insert into STATION values (8753, '-', 2213, 513610.75, 755340.81, 7.94);
insert into STATION values (8754, '-', 2213, 513611.39, 755340.53, 7.87);
insert into STATION values (8755, '-', 2213, 513612.01, 755340.46, 7.85);
insert into STATION values (8756, '-', 2213, 513612.55, 755340.71, 8.02);
insert into STATION values (8757, '-', 2213, 513613.13, 755340.92, 8.12);
insert into STATION values (8758, '-', 2213, 513613.76, 755341.32, 8.27);
insert into STATION values (8759, '-', 2213, 513614.23, 755341.58, 8.49);
insert into STATION values (8760, '-', 2213, 513614.42, 755341.74, 8.54);
insert into STATION values (8761, '-', 2213, 513616.92, 755340.91, 8.13);
insert into STATION values (8762, '-', 2213, 513618.44, 755340.40, 8.20);
insert into STATION values (8763, '-', 2213, 513619.65, 755340.07, 8.23);
insert into STATION values (8764, '-', 2213, 513619.28, 755339.61, 7.91);
insert into STATION values (8765, '-', 2213, 513618.70, 755339.09, 7.74);
insert into STATION values (8766, '-', 2213, 513619.23, 755338.60, 7.84);
insert into STATION values (8767, '-', 2213, 513620.02, 755337.95, 7.87);
insert into STATION values (8768, '-', 2213, 513619.20, 755338.60, 7.83);
insert into STATION values (8769, '-', 2213, 513618.24, 755339.28, 7.73);
insert into STATION values (8770, '-', 2213, 513620.39, 755337.77, 7.86);
insert into STATION values (8771, '-', 2213, 513620.77, 755337.28, 7.93);
insert into STATION values (8772, '-', 2213, 513620.34, 755337.12, 7.98);
insert into STATION values (8773, '-', 2213, 513620.91, 755337.44, 7.91);
insert into STATION values (8774, '-', 2213, 513620.03, 755337.93, 7.85);
insert into STATION values (8775, '-', 2213, 513620.77, 755336.78, 8.00);
insert into STATION values (8776, '-', 2213, 513620.29, 755336.60, 8.02);
insert into STATION values (8777, '-', 2213, 513615.48, 755337.37, 7.38);
insert into STATION values (8778, '-', 2213, 513615.16, 755336.98, 7.73);
insert into STATION values (8779, '-', 2213, 513615.25, 755337.50, 7.75);
insert into STATION values (8780, '-', 2213, 513615.77, 755337.62, 7.73);
insert into STATION values (8781, '-', 2213, 513617.37, 755339.18, 7.52);
insert into STATION values (8782, '-', 2213, 513616.99, 755338.81, 7.50);
insert into STATION values (8783, '-', 2213, 513616.93, 755338.28, 7.57);
insert into STATION values (8784, '-', 2213, 513617.10, 755337.77, 7.46);
insert into STATION values (8785, '-', 2213, 513617.47, 755337.25, 7.41);
insert into STATION values (8786, '-', 2213, 513617.66, 755336.77, 7.37);
insert into STATION values (8787, '-', 2213, 513612.35, 755339.44, 8.27);
insert into STATION values (8788, '-', 2213, 513613.00, 755338.85, 8.08);
insert into STATION values (8789, '-', 2213, 513614.13, 755337.63, 7.79);
insert into STATION values (8790, '-', 2213, 513610.95, 755338.59, 8.17);
insert into STATION values (8791, '-', 2213, 513609.49, 755337.80, 7.94);
insert into STATION values (8792, '-', 2213, 513613.75, 755336.15, 7.28);
insert into STATION values (8793, '-', 2213, 513615.44, 755335.67, 7.20);
insert into STATION values (8794, '-', 2213, 513611.23, 755335.16, 7.24);
insert into STATION values (8795, '-', 2213, 513611.90, 755335.66, 7.22);
insert into STATION values (8796, '-', 2213, 513612.69, 755335.62, 7.24);
insert into STATION values (8797, '-', 2213, 513613.30, 755335.30, 7.25);
insert into STATION values (8798, '-', 2213, 513613.89, 755334.75, 7.26);
insert into STATION values (8799, '-', 2213, 513614.55, 755334.64, 7.20);
insert into STATION values (8800, '-', 2213, 513615.20, 755334.41, 7.18);
insert into STATION values (8801, '-', 2213, 513615.87, 755334.40, 7.19);
insert into STATION values (8802, '-', 2213, 513616.88, 755334.48, 7.14);
insert into STATION values (8803, '-', 2213, 513617.40, 755334.49, 7.10);
insert into STATION values (8804, '-', 2213, 513618.22, 755334.35, 7.08);
insert into STATION values (8805, '-', 2213, 513619.72, 755333.74, 7.10);
insert into STATION values (8806, '-', 2213, 513620.82, 755333.62, 7.10);
insert into STATION values (8807, '-', 2213, 513620.46, 755333.58, 7.09);
insert into STATION values (8808, '-', 2213, 513618.66, 755334.17, 7.09);
insert into STATION values (8809, '-', 2213, 513617.73, 755334.55, 7.11);
insert into STATION values (8810, '-', 2213, 513617.36, 755334.84, 7.14);
insert into STATION values (8811, '-', 2213, 513617.38, 755335.16, 7.16);
insert into STATION values (8812, '-', 2213, 513617.50, 755335.45, 7.15);
insert into STATION values (8813, '-', 2213, 513617.90, 755335.67, 7.13);
insert into STATION values (8814, '-', 2213, 513618.10, 755335.96, 7.14);
insert into STATION values (8815, '-', 2213, 513618.26, 755336.11, 7.14);
insert into STATION values (8816, '-', 2213, 513616.48, 755337.33, 7.28);
insert into STATION values (8817, '-', 2213, 513618.20, 755336.53, 7.16);
insert into STATION values (8818, '-', 2213, 513618.84, 755336.62, 7.18);
insert into STATION values (8819, '6.3', 2213, 513613.71, 755334.74, 7.69);
insert into STATION values (8820, '-', 2213, 513612.31, 755339.38, 7.54);
insert into STATION values (8821, '-', 2213, 513615.81, 755337.12, 7.53);
insert into STATION values (8822, '-', 2213, 513615.43, 755337.20, 7.51);
insert into STATION values (8823, '-', 2213, 513615.17, 755337.39, 7.70);
insert into STATION values (8824, '-', 2213, 513615.47, 755337.31, 7.40);
insert into STATION values (8825, '-', 2213, 513611.13, 755335.40, 7.37);
insert into STATION values (8826, '-', 2213, 513611.19, 755335.03, 7.47);
insert into STATION values (8827, '-', 2213, 513611.16, 755334.52, 7.57);
insert into STATION values (8828, '-', 2213, 513611.18, 755334.15, 7.62);
insert into STATION values (8829, '-', 2213, 513611.18, 755333.62, 7.68);
insert into STATION values (8830, '-', 2213, 513611.24, 755332.95, 7.87);
insert into STATION values (8831, '-', 2213, 513611.16, 755332.26, 8.05);
insert into STATION values (8832, '-', 2213, 513611.34, 755331.50, 8.18);
insert into STATION values (8833, '-', 2213, 513611.42, 755330.68, 8.27);
insert into STATION values (8834, '-', 2213, 513611.77, 755330.54, 8.29);
insert into STATION values (8835, '-', 2213, 513612.26, 755331.08, 8.24);
insert into STATION values (8836, '-', 2213, 513613.10, 755331.16, 8.24);
insert into STATION values (8837, '-', 2213, 513613.77, 755331.38, 8.21);
insert into STATION values (8838, '-', 2213, 513614.18, 755331.36, 8.22);
insert into STATION values (8839, '-', 2213, 513614.87, 755331.69, 8.12);
insert into STATION values (8840, '-', 2213, 513615.62, 755331.37, 8.15);
insert into STATION values (8841, '-', 2213, 513616.79, 755331.14, 8.14);
insert into STATION values (8842, '-', 2213, 513617.27, 755337.60, 7.43);
insert into STATION values (8843, '-', 2213, 513617.60, 755337.01, 7.39);
insert into STATION values (8844, '-', 2213, 513617.95, 755336.53, 7.43);
insert into STATION values (8845, '-', 2213, 513618.50, 755336.45, 7.36);
insert into STATION values (8846, '-', 2213, 513619.68, 755336.45, 7.31);
insert into STATION values (8847, '-', 2213, 513620.09, 755336.48, 7.14);
insert into STATION values (8848, '-', 2213, 513621.57, 755336.47, 7.14);
insert into STATION values (8849, '-', 2213, 513622.56, 755336.37, 7.14);
insert into STATION values (8850, '-', 2213, 513624.91, 755336.59, 7.19);
insert into STATION values (8851, '-', 2213, 513624.94, 755336.32, 7.19);
insert into STATION values (8852, '-', 2213, 513624.02, 755336.06, 7.16);
insert into STATION values (8853, '-', 2213, 513624.00, 755336.00, 7.14);
insert into STATION values (8854, '-', 2213, 513623.99, 755335.93, 7.14);
insert into STATION values (8855, '-', 2213, 513623.96, 755335.84, 7.17);
insert into STATION values (8856, '-', 2213, 513624.16, 755335.75, 7.16);
insert into STATION values (8857, '-', 2213, 513624.78, 755335.68, 7.15);
insert into STATION values (8858, '-', 2213, 513624.51, 755335.72, 7.20);
insert into STATION values (8859, '-', 2213, 513624.66, 755335.45, 7.15);
insert into STATION values (8860, '-', 2213, 513624.17, 755335.40, 7.17);
insert into STATION values (8861, '-', 2213, 513623.84, 755335.48, 7.21);
insert into STATION values (8862, '-', 2213, 513623.53, 755335.66, 7.15);
insert into STATION values (8863, '-', 2213, 513622.86, 755335.70, 7.16);
insert into STATION values (8864, '-', 2213, 513622.40, 755335.61, 7.15);
insert into STATION values (8865, '-', 2213, 513621.97, 755335.35, 7.16);
insert into STATION values (8866, '-', 2213, 513621.92, 755335.32, 7.15);
insert into STATION values (8867, '-', 2213, 513622.17, 755334.88, 7.14);
insert into STATION values (8868, '-', 2213, 513622.51, 755334.43, 7.15);
insert into STATION values (8869, '-', 2213, 513622.80, 755334.08, 7.16);
insert into STATION values (8870, '-', 2213, 513623.18, 755333.73, 7.16);
insert into STATION values (8871, '-', 2213, 513623.41, 755333.46, 7.15);
insert into STATION values (8872, '6.4', 2213, 513614.44, 755336.86, 7.66);
insert into STATION values (8873, '6.5', 2213, 513619.97, 755333.44, 7.33);
insert into STATION values (8874, '-', 2213, 513621.52, 755336.57, 7.11);
insert into STATION values (8875, '-', 2213, 513621.99, 755336.43, 7.12);
insert into STATION values (8876, '-', 2213, 513622.59, 755336.41, 7.10);
insert into STATION values (8877, '-', 2213, 513623.01, 755336.63, 7.09);
insert into STATION values (8878, '-', 2213, 513623.15, 755336.57, 7.10);
insert into STATION values (8879, '-', 2213, 513623.52, 755336.47, 7.11);
insert into STATION values (8880, '-', 2213, 513623.78, 755336.43, 7.09);
insert into STATION values (8881, '-', 2213, 513623.96, 755336.34, 7.10);
insert into STATION values (8882, '-', 2213, 513623.66, 755337.14, 7.13);
insert into STATION values (8883, '-', 2213, 513624.56, 755337.67, 7.19);
insert into STATION values (8884, '-', 2213, 513624.92, 755337.45, 7.25);
insert into STATION values (8885, '-', 2213, 513624.95, 755337.08, 7.17);
insert into STATION values (8886, '-', 2213, 513626.36, 755336.45, 7.32);
insert into STATION values (8887, '-', 2213, 513623.99, 755336.22, 7.15);
insert into STATION values (8888, '-', 2213, 513623.93, 755335.95, 7.15);
insert into STATION values (8889, '-', 2213, 513621.31, 755330.61, 8.22);
insert into STATION values (8890, '-', 2213, 513622.46, 755330.62, 8.17);
insert into STATION values (8891, '-', 2213, 513623.58, 755330.58, 8.14);
insert into STATION values (8892, '-', 2213, 513626.01, 755330.04, 8.17);
insert into STATION values (8893, '-', 2213, 513629.58, 755329.28, 8.20);
insert into STATION values (8894, '-', 2213, 513630.59, 755329.39, 8.19);
insert into STATION values (8895, '-', 2213, 513620.00, 755331.06, 8.00);
insert into STATION values (8896, '6.6', 2213, 513625.71, 755335.95, 7.25);
insert into STATION values (8897, '-', 2213, 513625.57, 755338.60, 7.69);
insert into STATION values (8898, '-', 2213, 513624.95, 755338.90, 7.67);
insert into STATION values (8899, '-', 2213, 513624.48, 755337.52, 7.21);
insert into STATION values (8900, '-', 2213, 513624.98, 755338.89, 7.68);
insert into STATION values (8901, '-', 2213, 513625.73, 755338.25, 7.68);
insert into STATION values (8902, '-', 2213, 513626.23, 755337.87, 7.71);
insert into STATION values (8903, '-', 2213, 513626.67, 755337.64, 7.74);
insert into STATION values (8904, '-', 2213, 513627.14, 755337.67, 7.73);
insert into STATION values (8905, '-', 2213, 513627.49, 755337.94, 7.81);
insert into STATION values (8906, '-', 2213, 513626.28, 755336.46, 7.34);
insert into STATION values (8907, '-', 2213, 513626.50, 755336.28, 7.31);
insert into STATION values (8908, '-', 2213, 513626.75, 755336.15, 7.30);
insert into STATION values (8909, '-', 2213, 513625.74, 755336.05, 7.56);
insert into STATION values (8910, '-', 2213, 513625.32, 755337.11, 7.41);
insert into STATION values (8911, '-', 2213, 513625.00, 755337.01, 7.23);
insert into STATION values (8912, '-', 2213, 513624.71, 755336.84, 7.37);
insert into STATION values (8913, '6.7', 2213, 513627.64, 755336.16, 7.48);
insert into STATION values (8914, '-', 2213, 513629.12, 755337.44, 7.92);
insert into STATION values (8915, '-', 2213, 513629.91, 755337.19, 7.91);
insert into STATION values (8916, '-', 2213, 513630.79, 755337.09, 7.96);
insert into STATION values (8917, '-', 2213, 513632.26, 755337.07, 8.06);
insert into STATION values (8918, '-', 2213, 513633.66, 755336.44, 8.03);
insert into STATION values (8919, '-', 2213, 513632.42, 755335.93, 7.83);
insert into STATION values (8920, '-', 2213, 513631.79, 755335.27, 7.57);
insert into STATION values (8921, '-', 2213, 513632.67, 755334.43, 7.43);
insert into STATION values (8922, '-', 2213, 513627.58, 755335.29, 7.27);
insert into STATION values (8923, '6.8', 2213, 513631.44, 755336.59, 7.99);
insert into STATION values (8924, '-', 2213, 513630.09, 755337.18, 7.88);
insert into STATION values (8925, '-', 2213, 513630.90, 755337.10, 7.97);
insert into STATION values (8926, '-', 2213, 513631.93, 755337.24, 7.96);
insert into STATION values (8927, '-', 2213, 513633.05, 755337.69, 7.88);
insert into STATION values (8928, '-', 2213, 513633.30, 755337.63, 8.00);
insert into STATION values (8929, '-', 2213, 513634.05, 755337.63, 8.01);
insert into STATION values (8930, '-', 2213, 513634.30, 755337.36, 7.98);
insert into STATION values (8931, '-', 2213, 513633.28, 755336.37, 8.04);
insert into STATION values (8932, '-', 2213, 513633.19, 755336.26, 8.01);
insert into STATION values (8933, '-', 2213, 513632.73, 755336.22, 7.95);
insert into STATION values (8934, '6.9', 2213, 513632.43, 755336.79, 8.23);
insert into STATION values (8935, '-', 2213, 513631.43, 755336.58, 8.02);
insert into STATION values (8936, '-', 2213, 513633.07, 755337.69, 8.02);
insert into STATION values (8937, '-', 2213, 513633.59, 755338.33, 7.90);
insert into STATION values (8938, '-', 2213, 513633.91, 755338.64, 7.82);
insert into STATION values (8939, '-', 2213, 513635.06, 755339.95, 7.62);
insert into STATION values (8940, '-', 2213, 513635.30, 755340.11, 7.59);
insert into STATION values (8941, '-', 2213, 513635.08, 755339.74, 7.64);
insert into STATION values (8942, '-', 2213, 513634.68, 755339.24, 7.72);
insert into STATION values (8943, '-', 2213, 513634.09, 755338.52, 7.81);
insert into STATION values (8944, '-', 2213, 513633.56, 755337.92, 7.91);
insert into STATION values (8945, '-', 2213, 513633.35, 755337.61, 7.98);
insert into STATION values (8946, '6.10', 2213, 513634.42, 755336.27, 8.24);
insert into STATION values (8947, '-', 2213, 513634.20, 755337.22, 8.16);
insert into STATION values (8948, '-', 2213, 513634.51, 755336.96, 8.20);
insert into STATION values (8949, '-', 2213, 513633.83, 755337.61, 8.07);
insert into STATION values (8950, '-', 2213, 513635.26, 755337.18, 8.09);
insert into STATION values (8951, '-', 2213, 513636.55, 755337.58, 7.95);
insert into STATION values (8952, '-', 2213, 513637.53, 755337.29, 8.00);
insert into STATION values (8953, '-', 2213, 513638.36, 755336.91, 8.01);
insert into STATION values (8954, '-', 2213, 513637.74, 755336.40, 7.85);
insert into STATION values (8955, '-', 2213, 513637.57, 755336.06, 7.76);
insert into STATION values (8956, '-', 2213, 513637.30, 755335.83, 7.65);
insert into STATION values (8957, '-', 2213, 513636.88, 755335.71, 7.56);
insert into STATION values (8958, '-', 2213, 513635.96, 755335.64, 7.59);
insert into STATION values (8959, '-', 2213, 513635.43, 755334.95, 7.26);
insert into STATION values (8960, '-', 2213, 513634.57, 755335.97, 7.99);
insert into STATION values (8961, '-', 2213, 513635.41, 755334.95, 7.28);
insert into STATION values (8962, '-', 2213, 513634.91, 755335.27, 7.45);
insert into STATION values (8963, '6.11', 2213, 513635.19, 755334.92, 7.21);
insert into STATION values (8964, '-', 2213, 513634.50, 755335.75, 7.96);
insert into STATION values (8965, '-', 2213, 513634.10, 755336.00, 8.24);
insert into STATION values (8966, '-', 2213, 513633.67, 755336.19, 8.19);
insert into STATION values (8967, '-', 2213, 513633.29, 755336.36, 8.11);
insert into STATION values (8968, '-', 2213, 513627.52, 755335.34, 7.31);
insert into STATION values (8969, '-', 2213, 513627.54, 755335.27, 7.29);
insert into STATION values (8970, '6.12', 2213, 513629.32, 755332.57, 7.69);
insert into STATION values (8971, '-', 2213, 513634.25, 755332.11, 7.04);
insert into STATION values (8972, '-', 2213, 513632.66, 755332.19, 7.09);
insert into STATION values (8973, '-', 2213, 513631.73, 755332.20, 7.09);
insert into STATION values (8974, '-', 2213, 513630.14, 755332.53, 7.11);
insert into STATION values (8975, '-', 2213, 513629.63, 755332.45, 7.10);
insert into STATION values (8976, '-', 2213, 513635.02, 755334.95, 7.13);
insert into STATION values (8977, '-', 2213, 513634.67, 755335.01, 7.12);
insert into STATION values (8978, '-', 2213, 513634.24, 755335.12, 7.11);
insert into STATION values (8979, '-', 2213, 513633.03, 755334.84, 7.16);
insert into STATION values (8980, '-', 2213, 513632.25, 755334.80, 7.23);
insert into STATION values (8981, '-', 2213, 513631.62, 755335.03, 7.29);
insert into STATION values (8982, '-', 2213, 513635.40, 755334.75, 7.15);
insert into STATION values (8983, '-', 2213, 513636.07, 755334.59, 7.07);
insert into STATION values (8984, '-', 2213, 513636.88, 755334.43, 6.99);
insert into STATION values (8985, '-', 2213, 513637.17, 755334.38, 7.01);
insert into STATION values (8986, '-', 2213, 513635.40, 755334.81, 7.16);
insert into STATION values (8987, '-', 2213, 513634.95, 755334.98, 7.18);
insert into STATION values (8988, '-', 2213, 513636.22, 755334.64, 7.03);
insert into STATION values (8989, '-', 2213, 513636.17, 755334.22, 7.01);
insert into STATION values (8990, '-', 2213, 513635.85, 755333.87, 7.04);
insert into STATION values (8991, '-', 2213, 513635.54, 755333.53, 7.02);
insert into STATION values (8992, '-', 2213, 513635.46, 755333.08, 7.00);
insert into STATION values (8993, '-', 2213, 513635.41, 755332.71, 7.02);
insert into STATION values (8994, '-', 2213, 513635.47, 755332.39, 7.03);
insert into STATION values (8995, '-', 2213, 513635.44, 755332.15, 7.04);
insert into STATION values (8996, '-', 2213, 513629.35, 755329.32, 8.21);
insert into STATION values (8997, '-', 2213, 513631.03, 755329.10, 8.19);
insert into STATION values (8998, '-', 2213, 513632.12, 755329.09, 8.21);
insert into STATION values (8999, '-', 2213, 513633.25, 755328.90, 8.19);
insert into STATION values (9000, '-', 2213, 513634.73, 755328.78, 8.20);
insert into STATION values (9001, '-', 2213, 513635.98, 755328.49, 8.23);
insert into STATION values (9002, '-', 2213, 513636.33, 755328.26, 8.25);
insert into STATION values (9003, '6.13', 2213, 513635.19, 755334.92, 7.21);
insert into STATION values (9004, '-', 2213, 513636.00, 755332.18, 6.99);
insert into STATION values (9005, '-', 2213, 513636.44, 755332.06, 7.03);
insert into STATION values (9006, '-', 2213, 513637.02, 755332.04, 7.01);
insert into STATION values (9007, '-', 2213, 513637.45, 755331.94, 7.04);
insert into STATION values (9008, '-', 2213, 513637.92, 755331.88, 7.03);
insert into STATION values (9009, '-', 2213, 513638.27, 755331.87, 7.05);
insert into STATION values (9010, '6.14', 2213, 513639.26, 755330.25, 7.68);
insert into STATION values (9011, '-', 2213, 513635.54, 755328.42, 8.18);
insert into STATION values (9012, '-', 2213, 513636.38, 755328.11, 8.28);
insert into STATION values (9013, '-', 2213, 513636.15, 755327.29, 8.43);
insert into STATION values (9014, '-', 2213, 513637.18, 755327.53, 8.36);
insert into STATION values (9015, '-', 2213, 513638.10, 755327.48, 8.29);
insert into STATION values (9016, '-', 2213, 513639.64, 755328.61, 8.22);
insert into STATION values (9017, '-', 2213, 513640.71, 755328.61, 8.23);
insert into STATION values (9018, '-', 2213, 513639.61, 755328.56, 8.20);
insert into STATION values (9019, '-', 2213, 513637.53, 755327.87, 8.31);
insert into STATION values (9020, '-', 2213, 513641.51, 755328.48, 8.29);
insert into STATION values (9021, '-', 2213, 513642.20, 755328.47, 8.26);
insert into STATION values (9022, '-', 2213, 513636.79, 755334.34, 6.97);
insert into STATION values (9023, '-', 2213, 513637.24, 755334.42, 6.96);
insert into STATION values (9024, '-', 2213, 513637.36, 755334.48, 6.95);
insert into STATION values (9025, '-', 2213, 513637.78, 755334.25, 6.96);
insert into STATION values (9026, '-', 2213, 513638.26, 755333.96, 6.96);
insert into STATION values (9027, '-', 2213, 513638.64, 755333.65, 7.00);
insert into STATION values (9028, '-', 2213, 513638.97, 755333.27, 6.98);
insert into STATION values (9029, '-', 2213, 513639.29, 755333.22, 6.99);
insert into STATION values (9030, '-', 2213, 513639.61, 755333.40, 6.97);
insert into STATION values (9031, '-', 2213, 513640.30, 755333.90, 6.97);
insert into STATION values (9032, '-', 2213, 513640.86, 755333.75, 6.95);
insert into STATION values (9033, '-', 2213, 513641.19, 755333.56, 6.96);
insert into STATION values (9034, '-', 2213, 513641.25, 755332.97, 6.98);
insert into STATION values (9035, '-', 2213, 513641.29, 755332.96, 7.02);
insert into STATION values (9036, '-', 2213, 513641.08, 755333.78, 6.95);
insert into STATION values (9037, '-', 2213, 513641.08, 755336.23, 7.59);
insert into STATION values (9038, '-', 2213, 513640.96, 755335.52, 7.44);
insert into STATION values (9039, '-', 2213, 513641.01, 755334.97, 7.28);
insert into STATION values (9040, '-', 2213, 513641.10, 755334.64, 7.16);
insert into STATION values (9041, '-', 2213, 513641.17, 755334.27, 7.04);
insert into STATION values (9042, '-', 2213, 513641.10, 755333.77, 6.94);
insert into STATION values (9043, '6.15', 2213, 513641.44, 755336.08, 7.58);
insert into STATION values (9044, '-', 2213, 513639.54, 755335.99, 8.14);
insert into STATION values (9045, '-', 2213, 513640.04, 755336.18, 8.04);
insert into STATION values (9046, '-', 2213, 513640.29, 755336.67, 8.20);
insert into STATION values (9047, '-', 2213, 513640.56, 755337.27, 8.23);
insert into STATION values (9048, '-', 2213, 513640.93, 755337.78, 8.20);
insert into STATION values (9049, '-', 2213, 513641.20, 755338.51, 8.09);
insert into STATION values (9050, '-', 2213, 513641.63, 755337.98, 7.79);
insert into STATION values (9051, '-', 2213, 513641.98, 755337.82, 7.58);
insert into STATION values (9052, '-', 2213, 513642.59, 755337.32, 7.74);
insert into STATION values (9053, '-', 2213, 513642.50, 755336.61, 7.88);
insert into STATION values (9054, '-', 2213, 513642.52, 755336.05, 7.95);
insert into STATION values (9055, '-', 2213, 513642.48, 755335.59, 8.04);
insert into STATION values (9056, '-', 2213, 513641.97, 755335.47, 7.86);
insert into STATION values (9057, '-', 2213, 513641.76, 755335.15, 7.70);
insert into STATION values (9058, '-', 2213, 513642.13, 755333.83, 7.78);
insert into STATION values (9059, '6.16', 2213, 513642.61, 755330.43, 7.62);
insert into STATION values (9060, '-', 2213, 513640.37, 755328.79, 8.16);
insert into STATION values (9061, '-', 2213, 513641.11, 755328.54, 8.18);
insert into STATION values (9062, '-', 2213, 513642.20, 755328.28, 8.23);
insert into STATION values (9063, '-', 2213, 513642.90, 755327.87, 8.39);
insert into STATION values (9064, '-', 2213, 513643.66, 755327.72, 8.47);
insert into STATION values (9065, '-', 2213, 513644.44, 755327.71, 8.44);
insert into STATION values (9066, '-', 2213, 513644.95, 755328.36, 8.30);
insert into STATION values (9067, '-', 2213, 513645.76, 755328.54, 8.25);
insert into STATION values (9068, '-', 2213, 513647.68, 755328.79, 8.03);
insert into STATION values (9069, '-', 2213, 513647.59, 755329.15, 7.95);
insert into STATION values (9070, '-', 2213, 513648.90, 755329.59, 7.98);
insert into STATION values (9071, '-', 2213, 513649.28, 755329.93, 7.80);
insert into STATION values (9072, '-', 2213, 513649.95, 755330.67, 7.65);
insert into STATION values (9073, '-', 2213, 513651.21, 755332.34, 7.29);
insert into STATION values (9074, '-', 2213, 513651.87, 755331.05, 7.57);
insert into STATION values (9075, '-', 2213, 513649.42, 755330.22, 7.73);
insert into STATION values (9076, '-', 2213, 513651.24, 755332.11, 7.34);
insert into STATION values (9077, '-', 2213, 513651.25, 755333.07, 7.18);
insert into STATION values (9078, '-', 2213, 513651.45, 755333.11, 7.20);
insert into STATION values (9079, '-', 2213, 513650.43, 755334.55, 7.01);
insert into STATION values (9080, '-', 2213, 513649.98, 755334.81, 7.00);
insert into STATION values (9081, '-', 2213, 513649.72, 755335.62, 6.96);
insert into STATION values (9082, '-', 2213, 513649.36, 755336.62, 6.98);
insert into STATION values (9083, '-', 2213, 513642.65, 755333.56, 7.86);
insert into STATION values (9084, '-', 2213, 513643.00, 755333.42, 7.91);
insert into STATION values (9085, '-', 2213, 513643.68, 755333.73, 7.69);
insert into STATION values (9086, '-', 2213, 513644.56, 755335.45, 7.66);
insert into STATION values (9087, '6.17', 2213, 513643.28, 755333.04, 7.77);
insert into STATION values (9088, '-', 2213, 513643.11, 755331.03, 7.94);
insert into STATION values (9089, '-', 2213, 513642.75, 755331.65, 7.87);
insert into STATION values (9090, '-', 2213, 513642.54, 755332.42, 8.05);
insert into STATION values (9091, '-', 2213, 513642.41, 755333.11, 8.13);
insert into STATION values (9092, '-', 2213, 513642.30, 755333.98, 8.27);
insert into STATION values (9093, '-', 2213, 513643.22, 755330.49, 8.06);
insert into STATION values (9094, '-', 2213, 513643.53, 755331.29, 7.94);
insert into STATION values (9095, '-', 2213, 513643.76, 755332.15, 8.02);
insert into STATION values (9096, '-', 2213, 513644.05, 755332.74, 8.00);
insert into STATION values (9097, '-', 2213, 513643.88, 755333.20, 8.05);
insert into STATION values (9098, '-', 2213, 513643.90, 755334.01, 8.00);
insert into STATION values (9099, '-', 2213, 513643.75, 755334.40, 8.05);
insert into STATION values (9100, '-', 2213, 513642.74, 755333.20, 12.20);
insert into STATION values (9101, '-', 2213, 513642.89, 755332.75, 10.46);
insert into STATION values (9102, '-', 2213, 513642.88, 755332.02, 10.15);
insert into STATION values (9103, '-', 2213, 513642.98, 755331.46, 9.44);
insert into STATION values (9104, '-', 2213, 513643.01, 755330.96, 8.99);
insert into STATION values (9105, '-', 2213, 513643.03, 755331.04, 8.42);
insert into STATION values (9106, '-', 2213, 513642.83, 755333.28, 12.26);
insert into STATION values (9107, '-', 2213, 513642.81, 755333.95, 12.13);
insert into STATION values (9108, '-', 2213, 513642.82, 755334.22, 11.29);
insert into STATION values (9109, '-', 2213, 513642.58, 755334.65, 11.03);
insert into STATION values (9110, '-', 2213, 513642.67, 755335.57, 10.97);
insert into STATION values (9111, '-', 2213, 513642.71, 755335.85, 10.50);
insert into STATION values (9112, '-', 2213, 513642.56, 755334.32, 9.31);
insert into STATION values (9113, '-', 2213, 513642.56, 755333.72, 10.16);
insert into STATION values (9114, '-', 2213, 513643.24, 755333.19, 9.67);
insert into STATION values (9115, '-', 2213, 513642.69, 755332.51, 9.47);
insert into STATION values (9116, '-', 2213, 513642.76, 755332.24, 9.15);
insert into STATION values (9117, '-', 2213, 513643.13, 755331.82, 9.02);
insert into STATION values (9118, '-', 2213, 513642.37, 755333.61, 8.61);
insert into STATION values (9119, '-', 2213, 513642.36, 755334.19, 9.09);
insert into STATION values (9120, '-', 2213, 513642.39, 755335.05, 9.82);
insert into STATION values (9121, '-', 2213, 513642.61, 755335.83, 10.69);
insert into STATION values (9122, '-', 2213, 513643.01, 755335.69, 10.34);
insert into STATION values (9123, '-', 2213, 513643.40, 755333.92, 8.79);
insert into STATION values (9124, '6.18', 2213, 513646.17, 755331.28, 7.17);
insert into STATION values (9125, '-', 2213, 513641.73, 755332.03, 7.65);
insert into STATION values (9126, '6.19', 2213, 513648.62, 755335.20, 7.08);
insert into STATION values (9127, '-', 2213, 513643.88, 755331.24, 6.81);
insert into STATION values (9128, '-', 2213, 513643.93, 755331.97, 6.82);
insert into STATION values (9129, '-', 2213, 513644.46, 755332.71, 6.91);
insert into STATION values (9130, '-', 2213, 513644.83, 755333.36, 6.82);
insert into STATION values (9131, '-', 2213, 513644.47, 755335.03, 6.81);
insert into STATION values (9132, '-', 2213, 513644.08, 755336.43, 6.92);
insert into STATION values (9133, '-', 2213, 513644.39, 755337.63, 6.87);
insert into STATION values (9134, '-', 2213, 513644.14, 755336.40, 6.89);
insert into STATION values (9135, '-', 2213, 513644.17, 755337.19, 6.79);
insert into STATION values (9136, '-', 2213, 513644.10, 755336.33, 6.91);
insert into STATION values (9137, '-', 2213, 513644.16, 755337.17, 6.80);
insert into STATION values (9138, '-', 2213, 513644.31, 755338.09, 6.80);
insert into STATION values (9139, '-', 2213, 513643.97, 755339.13, 6.77);
insert into STATION values (9140, '-', 2213, 513645.13, 755340.17, 6.79);
insert into STATION values (9141, '-', 2213, 513646.45, 755340.81, 6.77);
insert into STATION values (9142, '-', 2213, 513647.76, 755340.91, 6.81);
insert into STATION values (9143, '-', 2213, 513648.68, 755340.41, 6.86);
insert into STATION values (9144, '-', 2213, 513649.18, 755341.30, 6.79);
insert into STATION values (9145, '-', 2213, 513649.86, 755335.74, 6.81);
insert into STATION values (9146, '-', 2213, 513649.16, 755336.18, 6.91);
insert into STATION values (9147, '-', 2213, 513649.93, 755337.77, 6.88);
insert into STATION values (9148, '-', 2213, 513650.00, 755339.19, 6.79);
insert into STATION values (9149, '-', 2213, 513650.00, 755341.43, 6.83);
insert into STATION values (9150, '-', 2213, 513650.06, 755342.55, 6.81);
insert into STATION values (9151, '-', 2213, 513646.00, 755331.62, 6.81);
insert into STATION values (9152, '-', 2213, 513646.94, 755332.56, 6.79);
insert into STATION values (9153, '-', 2213, 513647.37, 755332.44, 6.80);
insert into STATION values (9154, '-', 2213, 513647.99, 755332.56, 6.81);
insert into STATION values (9155, '-', 2213, 513648.50, 755332.78, 6.81);
insert into STATION values (9156, '-', 2213, 513649.32, 755333.17, 6.79);
insert into STATION values (9157, '-', 2213, 513649.87, 755333.44, 6.80);
insert into STATION values (9158, '-', 2213, 513650.52, 755333.58, 6.80);
insert into STATION values (9159, '-', 2213, 513643.75, 755331.33, 6.82);
insert into STATION values (9160, '-', 2213, 513644.37, 755330.88, 6.82);
insert into STATION values (9161, '-', 2213, 513644.61, 755330.54, 6.83);
insert into STATION values (9162, '-', 2213, 513644.40, 755329.71, 6.77);
insert into STATION values (9163, 'A1', 2325, 513648.62, 755335.20, 7.08);
insert into STATION values (9164, 'A2', 2325, 513651.82, 755344.97, 5.08);
insert into STATION values (9165, 'A3', 2325, 513649.04, 755352.61, 4.08);
insert into STATION values (9166, 'A4', 2325, 513648.93, 755364.00, -1.42);
insert into STATION values (9167, 'A5', 2325, 513652.05, 755365.59, -1.42);
insert into STATION values (9168, 'A6', 2325, 513657.56, 755363.83, 3.08);
insert into STATION values (9169, 'A7', 2325, 513671.07, 755359.05, 7.08);
insert into STATION values (9170, 'A8', 2325, 513685.14, 755376.26, 7.08);
insert into STATION values (9171, 'A9', 2325, 513693.55, 755372.73, 7.08);
insert into STATION values (9172, 'A10', 2325, 513697.72, 755377.03, 7.08);
insert into STATION values (9173, 'A11', 2325, 513702.12, 755374.56, 7.08);
insert into STATION values (9174, 'A12', 2325, 513713.96, 755373.56, 7.08);
insert into STATION values (9175, 'A13', 2325, 513719.89, 755385.59, 7.08);
insert into STATION values (9176, 'A14', 2325, 513742.62, 755388.19, 1.08);
insert into STATION values (9177, 'A15', 2325, 513689.66, 755383.85, 7.08);
insert into STATION values (9178, 'A16', 2325, 513702.52, 755387.25, 7.08);
insert into STATION values (9179, 'A17', 2325, 513702.69, 755382.57, 7.08);
insert into STATION values (9180, 'A18', 2325, 513710.22, 755378.70, 7.08);
insert into STATION values (9181, 'A19', 2325, 513710.85, 755391.52, 5.08);
insert into STATION values (9182, 'A20', 2325, 513710.10, 755378.69, 7.08);
insert into STATION values (9183, 'A19a', 2325, 513710.85, 755391.52, 3.86);
insert into STATION values (9184, 'A1', 2370, 513648.62, 755335.20, 7.08);
insert into STATION values (9185, 'A2', 2370, 513645.89, 755331.89, 6.08);
insert into STATION values (9186, 'A3', 2370, 513651.13, 755327.09, 5.08);
insert into STATION values (9187, 'A4', 2370, 513659.19, 755320.69, 5.08);
insert into STATION values (9188, 'A5', 2370, 513665.84, 755313.36, 2.58);
insert into STATION values (9189, 'A6', 2370, 513676.46, 755303.33, 5.08);
insert into STATION values (9190, 'A7', 2370, 513681.91, 755295.28, 6.08);
insert into STATION values (9191, 'A8', 2370, 513697.26, 755286.08, 7.08);
insert into STATION values (9192, 'A9', 2370, 513718.82, 755276.17, 8.08);
insert into STATION values (9193, 'A10', 2370, 513737.94, 755271.36, 8.08);
insert into STATION values (9194, 'A11', 2370, 513741.55, 755267.79, 8.08);
insert into STATION values (9195, 'A12', 2370, 513738.00, 755276.16, 8.58);
insert into STATION values (9196, 'A13', 2370, 513746.14, 755276.95, 8.58);
insert into STATION values (9197, 'A14', 2370, 513759.87, 755283.50, 8.58);
